<?xml version="1.0" encoding="UTF-8"?>
<gpx xmlns:gpxdata="http://www.cluetrust.com/XML/GPXDATA/1/0" xmlns:xsi="http://www.w3.org/2001/XMLSchema-instance" xmlns="http://www.topografix.com/GPX/1/1" version="1.1" creator="http://ridewithgps.com/" xsi:schemaLocation="http://www.topografix.com/GPX/1/1 http://www.topografix.com/GPX/1/1/gpx.xsd http://www.cluetrust.com/XML/GPXDATA/1/0 http://www.cluetrust.com/Schemas/gpxdata10.xsd">
  <metadata>
    <name>Alps Divide ULTRA 2025 - Section 2</name>
    <link href="https://ridewithgps.com/routes/50701377">
      <text>Alps Divide ULTRA 2025 - Section 2</text>
    </link>
    <time>2025-05-10T17:55:31Z</time>
  </metadata>
  <trk>
    <name>Alps Divide ULTRA 2025 - Section 2</name>
    <trkseg>
      <trkpt lat="44.08258" lon="7.59329">
        <ele>813.8</ele>
      </trkpt>
      <trkpt lat="44.08255" lon="7.5933">
        <ele>813.7</ele>
      </trkpt>
      <trkpt lat="44.08253" lon="7.59333">
        <ele>812.8</ele>
      </trkpt>
      <trkpt lat="44.08253" lon="7.59337">
        <ele>811.8</ele>
      </trkpt>
      <trkpt lat="44.08254" lon="7.5934">
        <ele>811.1</ele>
      </trkpt>
      <trkpt lat="44.08257" lon="7.59342">
        <ele>810.3</ele>
      </trkpt>
      <trkpt lat="44.08251" lon="7.59347">
        <ele>809.8</ele>
      </trkpt>
      <trkpt lat="44.08245" lon="7.59353">
        <ele>810.7</ele>
      </trkpt>
      <trkpt lat="44.08237" lon="7.59373">
        <ele>809.4</ele>
      </trkpt>
      <trkpt lat="44.08226" lon="7.59396">
        <ele>808.5</ele>
      </trkpt>
      <trkpt lat="44.08219" lon="7.59413">
        <ele>807.2</ele>
      </trkpt>
      <trkpt lat="44.08212" lon="7.59429">
        <ele>807.1</ele>
      </trkpt>
      <trkpt lat="44.08202" lon="7.59464">
        <ele>804.3</ele>
      </trkpt>
      <trkpt lat="44.0818" lon="7.59525">
        <ele>798.2</ele>
      </trkpt>
      <trkpt lat="44.08175" lon="7.59543">
        <ele>796.1</ele>
      </trkpt>
      <trkpt lat="44.0817" lon="7.59556">
        <ele>794.4</ele>
      </trkpt>
      <trkpt lat="44.08148" lon="7.5959">
        <ele>794.6</ele>
      </trkpt>
      <trkpt lat="44.08124" lon="7.59616">
        <ele>797.5</ele>
      </trkpt>
      <trkpt lat="44.08091" lon="7.59635">
        <ele>797.5</ele>
      </trkpt>
      <trkpt lat="44.08056" lon="7.59661">
        <ele>797.7</ele>
      </trkpt>
      <trkpt lat="44.08028" lon="7.59684">
        <ele>799.7</ele>
      </trkpt>
      <trkpt lat="44.08003" lon="7.59709">
        <ele>797.7</ele>
      </trkpt>
      <trkpt lat="44.07975" lon="7.59728">
        <ele>796.1</ele>
      </trkpt>
      <trkpt lat="44.07932" lon="7.59753">
        <ele>791.8</ele>
      </trkpt>
      <trkpt lat="44.07894" lon="7.59762">
        <ele>792.9</ele>
      </trkpt>
      <trkpt lat="44.07837" lon="7.59768">
        <ele>795.7</ele>
      </trkpt>
      <trkpt lat="44.07822" lon="7.59778">
        <ele>793.7</ele>
      </trkpt>
      <trkpt lat="44.07809" lon="7.59787">
        <ele>791.7</ele>
      </trkpt>
      <trkpt lat="44.07803" lon="7.59789">
        <ele>791.3</ele>
      </trkpt>
      <trkpt lat="44.07784" lon="7.59786">
        <ele>792.1</ele>
      </trkpt>
      <trkpt lat="44.07766" lon="7.59792">
        <ele>790.8</ele>
      </trkpt>
      <trkpt lat="44.07743" lon="7.59789">
        <ele>791.5</ele>
      </trkpt>
      <trkpt lat="44.07694" lon="7.5979">
        <ele>790.1</ele>
      </trkpt>
      <trkpt lat="44.07622" lon="7.59789">
        <ele>789.1</ele>
      </trkpt>
      <trkpt lat="44.07596" lon="7.5979">
        <ele>788.6</ele>
      </trkpt>
      <trkpt lat="44.07568" lon="7.59788">
        <ele>788.1</ele>
      </trkpt>
      <trkpt lat="44.07556" lon="7.59791">
        <ele>786.7</ele>
      </trkpt>
      <trkpt lat="44.07511" lon="7.59783">
        <ele>785.7</ele>
      </trkpt>
      <trkpt lat="44.07446" lon="7.59781">
        <ele>784.5</ele>
      </trkpt>
      <trkpt lat="44.07438" lon="7.59768">
        <ele>786.9</ele>
      </trkpt>
      <trkpt lat="44.0743" lon="7.59761">
        <ele>788.1</ele>
      </trkpt>
      <trkpt lat="44.0743" lon="7.59761">
        <ele>788.1</ele>
      </trkpt>
      <trkpt lat="44.07415" lon="7.59761">
        <ele>787.7</ele>
      </trkpt>
      <trkpt lat="44.07407" lon="7.59765">
        <ele>786.0</ele>
      </trkpt>
      <trkpt lat="44.07378" lon="7.59792">
        <ele>778.9</ele>
      </trkpt>
      <trkpt lat="44.07366" lon="7.59798">
        <ele>777.3</ele>
      </trkpt>
      <trkpt lat="44.07358" lon="7.59798">
        <ele>776.8</ele>
      </trkpt>
      <trkpt lat="44.07352" lon="7.59795">
        <ele>776.7</ele>
      </trkpt>
      <trkpt lat="44.07347" lon="7.59788">
        <ele>776.9</ele>
      </trkpt>
      <trkpt lat="44.07326" lon="7.5975">
        <ele>778.9</ele>
      </trkpt>
      <trkpt lat="44.07321" lon="7.59747">
        <ele>780.1</ele>
      </trkpt>
      <trkpt lat="44.07316" lon="7.59747">
        <ele>780.6</ele>
      </trkpt>
      <trkpt lat="44.07307" lon="7.59713">
        <ele>786.3</ele>
      </trkpt>
      <trkpt lat="44.07295" lon="7.59652">
        <ele>791.6</ele>
      </trkpt>
      <trkpt lat="44.07287" lon="7.59631">
        <ele>790.9</ele>
      </trkpt>
      <trkpt lat="44.07279" lon="7.59616">
        <ele>788.8</ele>
      </trkpt>
      <trkpt lat="44.07263" lon="7.59588">
        <ele>781.8</ele>
      </trkpt>
      <trkpt lat="44.07235" lon="7.5955">
        <ele>783.4</ele>
      </trkpt>
      <trkpt lat="44.07188" lon="7.59492">
        <ele>784.7</ele>
      </trkpt>
      <trkpt lat="44.07135" lon="7.59448">
        <ele>785.8</ele>
      </trkpt>
      <trkpt lat="44.07105" lon="7.59417">
        <ele>778.5</ele>
      </trkpt>
      <trkpt lat="44.07091" lon="7.59395">
        <ele>775.4</ele>
      </trkpt>
      <trkpt lat="44.07086" lon="7.59379">
        <ele>774.0</ele>
      </trkpt>
      <trkpt lat="44.07084" lon="7.59361">
        <ele>773.3</ele>
      </trkpt>
      <trkpt lat="44.07076" lon="7.59275">
        <ele>777.7</ele>
      </trkpt>
      <trkpt lat="44.07068" lon="7.5919">
        <ele>782.0</ele>
      </trkpt>
      <trkpt lat="44.0706" lon="7.59104">
        <ele>779.6</ele>
      </trkpt>
      <trkpt lat="44.07058" lon="7.59039">
        <ele>773.3</ele>
      </trkpt>
      <trkpt lat="44.07066" lon="7.58987">
        <ele>769.2</ele>
      </trkpt>
      <trkpt lat="44.07071" lon="7.58941">
        <ele>768.3</ele>
      </trkpt>
      <trkpt lat="44.07071" lon="7.58922">
        <ele>767.7</ele>
      </trkpt>
      <trkpt lat="44.07066" lon="7.58905">
        <ele>770.6</ele>
      </trkpt>
      <trkpt lat="44.07061" lon="7.58893">
        <ele>773.7</ele>
      </trkpt>
      <trkpt lat="44.07053" lon="7.58882">
        <ele>775.6</ele>
      </trkpt>
      <trkpt lat="44.07044" lon="7.58874">
        <ele>776.2</ele>
      </trkpt>
      <trkpt lat="44.07029" lon="7.58869">
        <ele>774.0</ele>
      </trkpt>
      <trkpt lat="44.06953" lon="7.58863">
        <ele>770.8</ele>
      </trkpt>
      <trkpt lat="44.06948" lon="7.58864">
        <ele>770.8</ele>
      </trkpt>
      <trkpt lat="44.06948" lon="7.58864">
        <ele>770.8</ele>
      </trkpt>
      <trkpt lat="44.0694" lon="7.58866">
        <ele>770.5</ele>
      </trkpt>
      <trkpt lat="44.06928" lon="7.58873">
        <ele>768.7</ele>
      </trkpt>
      <trkpt lat="44.06901" lon="7.58894">
        <ele>767.9</ele>
      </trkpt>
      <trkpt lat="44.06848" lon="7.58951">
        <ele>769.0</ele>
      </trkpt>
      <trkpt lat="44.0683" lon="7.58968">
        <ele>766.1</ele>
      </trkpt>
      <trkpt lat="44.06822" lon="7.58974">
        <ele>764.4</ele>
      </trkpt>
      <trkpt lat="44.06808" lon="7.58979">
        <ele>763.1</ele>
      </trkpt>
      <trkpt lat="44.06775" lon="7.58988">
        <ele>760.1</ele>
      </trkpt>
      <trkpt lat="44.06761" lon="7.58988">
        <ele>760.2</ele>
      </trkpt>
      <trkpt lat="44.06749" lon="7.58985">
        <ele>761.6</ele>
      </trkpt>
      <trkpt lat="44.0669" lon="7.58961">
        <ele>761.7</ele>
      </trkpt>
      <trkpt lat="44.06631" lon="7.58937">
        <ele>760.0</ele>
      </trkpt>
      <trkpt lat="44.06617" lon="7.58932">
        <ele>759.8</ele>
      </trkpt>
      <trkpt lat="44.06617" lon="7.58932">
        <ele>759.8</ele>
      </trkpt>
      <trkpt lat="44.06599" lon="7.58926">
        <ele>759.4</ele>
      </trkpt>
      <trkpt lat="44.0657" lon="7.58919">
        <ele>757.6</ele>
      </trkpt>
      <trkpt lat="44.06532" lon="7.58919">
        <ele>754.0</ele>
      </trkpt>
      <trkpt lat="44.06498" lon="7.58916">
        <ele>751.1</ele>
      </trkpt>
      <trkpt lat="44.06472" lon="7.58921">
        <ele>748.3</ele>
      </trkpt>
      <trkpt lat="44.0646" lon="7.58925">
        <ele>747.3</ele>
      </trkpt>
      <trkpt lat="44.06449" lon="7.58925">
        <ele>746.4</ele>
      </trkpt>
      <trkpt lat="44.06437" lon="7.58923">
        <ele>745.3</ele>
      </trkpt>
      <trkpt lat="44.06426" lon="7.58919">
        <ele>744.1</ele>
      </trkpt>
      <trkpt lat="44.06392" lon="7.58903">
        <ele>744.7</ele>
      </trkpt>
      <trkpt lat="44.06379" lon="7.589">
        <ele>743.7</ele>
      </trkpt>
      <trkpt lat="44.06365" lon="7.58894">
        <ele>743.4</ele>
      </trkpt>
      <trkpt lat="44.06344" lon="7.5888">
        <ele>743.8</ele>
      </trkpt>
      <trkpt lat="44.06318" lon="7.58867">
        <ele>743.7</ele>
      </trkpt>
      <trkpt lat="44.06281" lon="7.58853">
        <ele>742.2</ele>
      </trkpt>
      <trkpt lat="44.06243" lon="7.58843">
        <ele>738.4</ele>
      </trkpt>
      <trkpt lat="44.06207" lon="7.58839">
        <ele>734.3</ele>
      </trkpt>
      <trkpt lat="44.06164" lon="7.5884">
        <ele>729.1</ele>
      </trkpt>
      <trkpt lat="44.06157" lon="7.58838">
        <ele>727.7</ele>
      </trkpt>
      <trkpt lat="44.0614" lon="7.58828">
        <ele>726.0</ele>
      </trkpt>
      <trkpt lat="44.06121" lon="7.58809">
        <ele>728.3</ele>
      </trkpt>
      <trkpt lat="44.06112" lon="7.58802">
        <ele>728.5</ele>
      </trkpt>
      <trkpt lat="44.061" lon="7.58796">
        <ele>727.6</ele>
      </trkpt>
      <trkpt lat="44.06089" lon="7.58793">
        <ele>725.9</ele>
      </trkpt>
      <trkpt lat="44.06057" lon="7.58791">
        <ele>721.5</ele>
      </trkpt>
      <trkpt lat="44.06038" lon="7.58791">
        <ele>718.9</ele>
      </trkpt>
      <trkpt lat="44.06014" lon="7.58794">
        <ele>714.8</ele>
      </trkpt>
      <trkpt lat="44.05999" lon="7.58791">
        <ele>713.5</ele>
      </trkpt>
      <trkpt lat="44.05978" lon="7.58784">
        <ele>710.5</ele>
      </trkpt>
      <trkpt lat="44.05962" lon="7.58776">
        <ele>708.6</ele>
      </trkpt>
      <trkpt lat="44.05943" lon="7.58762">
        <ele>706.7</ele>
      </trkpt>
      <trkpt lat="44.05935" lon="7.58754">
        <ele>706.1</ele>
      </trkpt>
      <trkpt lat="44.05927" lon="7.58743">
        <ele>706.2</ele>
      </trkpt>
      <trkpt lat="44.05878" lon="7.58668">
        <ele>708.6</ele>
      </trkpt>
      <trkpt lat="44.05863" lon="7.58648">
        <ele>709.4</ele>
      </trkpt>
      <trkpt lat="44.05854" lon="7.58637">
        <ele>709.2</ele>
      </trkpt>
      <trkpt lat="44.05844" lon="7.58629">
        <ele>707.7</ele>
      </trkpt>
      <trkpt lat="44.05833" lon="7.58623">
        <ele>705.3</ele>
      </trkpt>
      <trkpt lat="44.05824" lon="7.5862">
        <ele>704.8</ele>
      </trkpt>
      <trkpt lat="44.05769" lon="7.58618">
        <ele>698.4</ele>
      </trkpt>
      <trkpt lat="44.05731" lon="7.58611">
        <ele>696.6</ele>
      </trkpt>
      <trkpt lat="44.05721" lon="7.58612">
        <ele>696.5</ele>
      </trkpt>
      <trkpt lat="44.05714" lon="7.58616">
        <ele>696.2</ele>
      </trkpt>
      <trkpt lat="44.05705" lon="7.58622">
        <ele>695.8</ele>
      </trkpt>
      <trkpt lat="44.05694" lon="7.58633">
        <ele>695.3</ele>
      </trkpt>
      <trkpt lat="44.05649" lon="7.58676">
        <ele>693.5</ele>
      </trkpt>
      <trkpt lat="44.05639" lon="7.58687">
        <ele>693.0</ele>
      </trkpt>
      <trkpt lat="44.05628" lon="7.58705">
        <ele>692.5</ele>
      </trkpt>
      <trkpt lat="44.05618" lon="7.58727">
        <ele>691.3</ele>
      </trkpt>
      <trkpt lat="44.05605" lon="7.58763">
        <ele>689.1</ele>
      </trkpt>
      <trkpt lat="44.05583" lon="7.58816">
        <ele>684.5</ele>
      </trkpt>
      <trkpt lat="44.05571" lon="7.58835">
        <ele>682.8</ele>
      </trkpt>
      <trkpt lat="44.05559" lon="7.58849">
        <ele>682.6</ele>
      </trkpt>
      <trkpt lat="44.05549" lon="7.58857">
        <ele>682.4</ele>
      </trkpt>
      <trkpt lat="44.05532" lon="7.58864">
        <ele>682.4</ele>
      </trkpt>
      <trkpt lat="44.05488" lon="7.58878">
        <ele>681.6</ele>
      </trkpt>
      <trkpt lat="44.05471" lon="7.58881">
        <ele>681.2</ele>
      </trkpt>
      <trkpt lat="44.05394" lon="7.58884">
        <ele>679.5</ele>
      </trkpt>
      <trkpt lat="44.05347" lon="7.58889">
        <ele>676.6</ele>
      </trkpt>
      <trkpt lat="44.05307" lon="7.58896">
        <ele>673.4</ele>
      </trkpt>
      <trkpt lat="44.05286" lon="7.58897">
        <ele>671.9</ele>
      </trkpt>
      <trkpt lat="44.05209" lon="7.58891">
        <ele>666.5</ele>
      </trkpt>
      <trkpt lat="44.05167" lon="7.58877">
        <ele>663.5</ele>
      </trkpt>
      <trkpt lat="44.05083" lon="7.58845">
        <ele>658.0</ele>
      </trkpt>
      <trkpt lat="44.0507" lon="7.58838">
        <ele>657.3</ele>
      </trkpt>
      <trkpt lat="44.05064" lon="7.58832">
        <ele>658.0</ele>
      </trkpt>
      <trkpt lat="44.05053" lon="7.5882">
        <ele>659.5</ele>
      </trkpt>
      <trkpt lat="44.05025" lon="7.58786">
        <ele>663.4</ele>
      </trkpt>
      <trkpt lat="44.05015" lon="7.58776">
        <ele>664.7</ele>
      </trkpt>
      <trkpt lat="44.05006" lon="7.58772">
        <ele>665.8</ele>
      </trkpt>
      <trkpt lat="44.0499" lon="7.58766">
        <ele>666.0</ele>
      </trkpt>
      <trkpt lat="44.04943" lon="7.58757">
        <ele>663.2</ele>
      </trkpt>
      <trkpt lat="44.04943" lon="7.58757">
        <ele>663.2</ele>
      </trkpt>
      <trkpt lat="44.04922" lon="7.58752">
        <ele>661.5</ele>
      </trkpt>
      <trkpt lat="44.049" lon="7.58743">
        <ele>660.4</ele>
      </trkpt>
      <trkpt lat="44.04838" lon="7.58709">
        <ele>658.7</ele>
      </trkpt>
      <trkpt lat="44.04821" lon="7.58698">
        <ele>659.3</ele>
      </trkpt>
      <trkpt lat="44.04761" lon="7.58647">
        <ele>659.1</ele>
      </trkpt>
      <trkpt lat="44.0475" lon="7.5864">
        <ele>659.0</ele>
      </trkpt>
      <trkpt lat="44.04743" lon="7.58638">
        <ele>659.6</ele>
      </trkpt>
      <trkpt lat="44.04692" lon="7.58635">
        <ele>660.1</ele>
      </trkpt>
      <trkpt lat="44.04641" lon="7.58631">
        <ele>660.5</ele>
      </trkpt>
      <trkpt lat="44.04586" lon="7.58625">
        <ele>661.5</ele>
      </trkpt>
      <trkpt lat="44.04505" lon="7.58624">
        <ele>652.9</ele>
      </trkpt>
      <trkpt lat="44.04474" lon="7.58622">
        <ele>652.2</ele>
      </trkpt>
      <trkpt lat="44.04391" lon="7.58611">
        <ele>650.1</ele>
      </trkpt>
      <trkpt lat="44.04376" lon="7.58607">
        <ele>648.5</ele>
      </trkpt>
      <trkpt lat="44.0435" lon="7.58593">
        <ele>643.3</ele>
      </trkpt>
      <trkpt lat="44.04318" lon="7.58562">
        <ele>643.9</ele>
      </trkpt>
      <trkpt lat="44.04289" lon="7.5853">
        <ele>643.8</ele>
      </trkpt>
      <trkpt lat="44.04246" lon="7.58474">
        <ele>642.6</ele>
      </trkpt>
      <trkpt lat="44.04224" lon="7.58459">
        <ele>646.1</ele>
      </trkpt>
      <trkpt lat="44.04144" lon="7.58413">
        <ele>646.3</ele>
      </trkpt>
      <trkpt lat="44.0407" lon="7.58368">
        <ele>646.6</ele>
      </trkpt>
      <trkpt lat="44.04047" lon="7.58352">
        <ele>646.7</ele>
      </trkpt>
      <trkpt lat="44.04026" lon="7.58331">
        <ele>639.0</ele>
      </trkpt>
      <trkpt lat="44.04008" lon="7.58309">
        <ele>644.3</ele>
      </trkpt>
      <trkpt lat="44.0397" lon="7.5827">
        <ele>673.3</ele>
      </trkpt>
      <trkpt lat="44.03951" lon="7.58257">
        <ele>684.9</ele>
      </trkpt>
      <trkpt lat="44.03885" lon="7.58223">
        <ele>684.0</ele>
      </trkpt>
      <trkpt lat="44.03864" lon="7.58218">
        <ele>686.1</ele>
      </trkpt>
      <trkpt lat="44.0382" lon="7.58218">
        <ele>686.4</ele>
      </trkpt>
      <trkpt lat="44.03805" lon="7.58215">
        <ele>678.6</ele>
      </trkpt>
      <trkpt lat="44.03792" lon="7.58209">
        <ele>668.8</ele>
      </trkpt>
      <trkpt lat="44.03756" lon="7.58186">
        <ele>623.8</ele>
      </trkpt>
      <trkpt lat="44.03731" lon="7.58167">
        <ele>597.1</ele>
      </trkpt>
      <trkpt lat="44.0371" lon="7.58137">
        <ele>607.4</ele>
      </trkpt>
      <trkpt lat="44.03697" lon="7.58108">
        <ele>610.2</ele>
      </trkpt>
      <trkpt lat="44.03691" lon="7.58084">
        <ele>610.6</ele>
      </trkpt>
      <trkpt lat="44.03687" lon="7.5806">
        <ele>622.4</ele>
      </trkpt>
      <trkpt lat="44.03683" lon="7.58051">
        <ele>624.9</ele>
      </trkpt>
      <trkpt lat="44.03671" lon="7.5803">
        <ele>628.2</ele>
      </trkpt>
      <trkpt lat="44.03661" lon="7.58018">
        <ele>633.1</ele>
      </trkpt>
      <trkpt lat="44.03642" lon="7.58008">
        <ele>642.0</ele>
      </trkpt>
      <trkpt lat="44.03607" lon="7.57999">
        <ele>650.9</ele>
      </trkpt>
      <trkpt lat="44.03586" lon="7.57998">
        <ele>654.1</ele>
      </trkpt>
      <trkpt lat="44.03533" lon="7.58017">
        <ele>641.8</ele>
      </trkpt>
      <trkpt lat="44.03502" lon="7.58026">
        <ele>635.6</ele>
      </trkpt>
      <trkpt lat="44.03487" lon="7.58026">
        <ele>633.4</ele>
      </trkpt>
      <trkpt lat="44.03432" lon="7.58013">
        <ele>627.4</ele>
      </trkpt>
      <trkpt lat="44.03399" lon="7.57996">
        <ele>619.3</ele>
      </trkpt>
      <trkpt lat="44.03368" lon="7.57989">
        <ele>607.1</ele>
      </trkpt>
      <trkpt lat="44.0335" lon="7.57988">
        <ele>598.7</ele>
      </trkpt>
      <trkpt lat="44.03318" lon="7.57998">
        <ele>590.8</ele>
      </trkpt>
      <trkpt lat="44.03305" lon="7.58007">
        <ele>594.6</ele>
      </trkpt>
      <trkpt lat="44.03294" lon="7.5802">
        <ele>596.7</ele>
      </trkpt>
      <trkpt lat="44.03267" lon="7.5806">
        <ele>595.1</ele>
      </trkpt>
      <trkpt lat="44.0326" lon="7.58075">
        <ele>591.9</ele>
      </trkpt>
      <trkpt lat="44.03248" lon="7.58139">
        <ele>582.9</ele>
      </trkpt>
      <trkpt lat="44.03238" lon="7.58164">
        <ele>581.0</ele>
      </trkpt>
      <trkpt lat="44.03228" lon="7.58181">
        <ele>584.5</ele>
      </trkpt>
      <trkpt lat="44.03218" lon="7.58192">
        <ele>587.4</ele>
      </trkpt>
      <trkpt lat="44.03188" lon="7.58209">
        <ele>591.7</ele>
      </trkpt>
      <trkpt lat="44.03179" lon="7.5821">
        <ele>592.5</ele>
      </trkpt>
      <trkpt lat="44.03115" lon="7.58206">
        <ele>588.2</ele>
      </trkpt>
      <trkpt lat="44.03094" lon="7.58199">
        <ele>585.5</ele>
      </trkpt>
      <trkpt lat="44.03082" lon="7.58191">
        <ele>583.9</ele>
      </trkpt>
      <trkpt lat="44.03072" lon="7.58178">
        <ele>584.3</ele>
      </trkpt>
      <trkpt lat="44.0304" lon="7.58118">
        <ele>593.3</ele>
      </trkpt>
      <trkpt lat="44.03009" lon="7.58058">
        <ele>590.4</ele>
      </trkpt>
      <trkpt lat="44.03001" lon="7.58041">
        <ele>587.2</ele>
      </trkpt>
      <trkpt lat="44.02998" lon="7.58025">
        <ele>586.7</ele>
      </trkpt>
      <trkpt lat="44.02998" lon="7.58006">
        <ele>585.4</ele>
      </trkpt>
      <trkpt lat="44.03001" lon="7.57991">
        <ele>583.7</ele>
      </trkpt>
      <trkpt lat="44.03005" lon="7.57977">
        <ele>584.2</ele>
      </trkpt>
      <trkpt lat="44.03026" lon="7.57938">
        <ele>588.2</ele>
      </trkpt>
      <trkpt lat="44.03033" lon="7.57921">
        <ele>588.8</ele>
      </trkpt>
      <trkpt lat="44.03038" lon="7.579">
        <ele>587.3</ele>
      </trkpt>
      <trkpt lat="44.0304" lon="7.57878">
        <ele>584.2</ele>
      </trkpt>
      <trkpt lat="44.0304" lon="7.57835">
        <ele>577.2</ele>
      </trkpt>
      <trkpt lat="44.03034" lon="7.57796">
        <ele>568.2</ele>
      </trkpt>
      <trkpt lat="44.0302" lon="7.57721">
        <ele>561.2</ele>
      </trkpt>
      <trkpt lat="44.03016" lon="7.5771">
        <ele>561.6</ele>
      </trkpt>
      <trkpt lat="44.03009" lon="7.57698">
        <ele>559.4</ele>
      </trkpt>
      <trkpt lat="44.02987" lon="7.57676">
        <ele>557.8</ele>
      </trkpt>
      <trkpt lat="44.02976" lon="7.57669">
        <ele>560.9</ele>
      </trkpt>
      <trkpt lat="44.02967" lon="7.57667">
        <ele>563.1</ele>
      </trkpt>
      <trkpt lat="44.02959" lon="7.57668">
        <ele>564.6</ele>
      </trkpt>
      <trkpt lat="44.0293" lon="7.57683">
        <ele>567.4</ele>
      </trkpt>
      <trkpt lat="44.02894" lon="7.5771">
        <ele>558.8</ele>
      </trkpt>
      <trkpt lat="44.02882" lon="7.57716">
        <ele>555.2</ele>
      </trkpt>
      <trkpt lat="44.02873" lon="7.57717">
        <ele>553.4</ele>
      </trkpt>
      <trkpt lat="44.02864" lon="7.57715">
        <ele>552.1</ele>
      </trkpt>
      <trkpt lat="44.02851" lon="7.57708">
        <ele>551.0</ele>
      </trkpt>
      <trkpt lat="44.02837" lon="7.57691">
        <ele>551.0</ele>
      </trkpt>
      <trkpt lat="44.02804" lon="7.57636">
        <ele>561.7</ele>
      </trkpt>
      <trkpt lat="44.02755" lon="7.57564">
        <ele>548.0</ele>
      </trkpt>
      <trkpt lat="44.02718" lon="7.575">
        <ele>548.1</ele>
      </trkpt>
      <trkpt lat="44.02699" lon="7.57473">
        <ele>551.7</ele>
      </trkpt>
      <trkpt lat="44.02678" lon="7.57454">
        <ele>547.1</ele>
      </trkpt>
      <trkpt lat="44.02619" lon="7.57412">
        <ele>537.9</ele>
      </trkpt>
      <trkpt lat="44.0256" lon="7.5737">
        <ele>544.0</ele>
      </trkpt>
      <trkpt lat="44.02545" lon="7.57357">
        <ele>544.3</ele>
      </trkpt>
      <trkpt lat="44.02494" lon="7.57304">
        <ele>532.2</ele>
      </trkpt>
      <trkpt lat="44.02477" lon="7.57287">
        <ele>540.2</ele>
      </trkpt>
      <trkpt lat="44.02466" lon="7.57271">
        <ele>542.1</ele>
      </trkpt>
      <trkpt lat="44.0246" lon="7.57258">
        <ele>541.1</ele>
      </trkpt>
      <trkpt lat="44.02455" lon="7.57239">
        <ele>539.9</ele>
      </trkpt>
      <trkpt lat="44.02441" lon="7.57163">
        <ele>532.5</ele>
      </trkpt>
      <trkpt lat="44.0243" lon="7.57127">
        <ele>532.5</ele>
      </trkpt>
      <trkpt lat="44.02419" lon="7.57101">
        <ele>527.4</ele>
      </trkpt>
      <trkpt lat="44.02398" lon="7.57067">
        <ele>532.3</ele>
      </trkpt>
      <trkpt lat="44.02389" lon="7.57057">
        <ele>535.2</ele>
      </trkpt>
      <trkpt lat="44.02375" lon="7.57049">
        <ele>534.8</ele>
      </trkpt>
      <trkpt lat="44.02332" lon="7.57041">
        <ele>523.7</ele>
      </trkpt>
      <trkpt lat="44.02313" lon="7.57035">
        <ele>524.1</ele>
      </trkpt>
      <trkpt lat="44.02254" lon="7.57004">
        <ele>514.8</ele>
      </trkpt>
      <trkpt lat="44.02241" lon="7.56994">
        <ele>515.8</ele>
      </trkpt>
      <trkpt lat="44.022" lon="7.56949">
        <ele>523.3</ele>
      </trkpt>
      <trkpt lat="44.02159" lon="7.56916">
        <ele>510.6</ele>
      </trkpt>
      <trkpt lat="44.02118" lon="7.56883">
        <ele>511.5</ele>
      </trkpt>
      <trkpt lat="44.02108" lon="7.56869">
        <ele>510.3</ele>
      </trkpt>
      <trkpt lat="44.02099" lon="7.56848">
        <ele>508.5</ele>
      </trkpt>
      <trkpt lat="44.02092" lon="7.56824">
        <ele>505.3</ele>
      </trkpt>
      <trkpt lat="44.0209" lon="7.56805">
        <ele>503.5</ele>
      </trkpt>
      <trkpt lat="44.0209" lon="7.56788">
        <ele>502.6</ele>
      </trkpt>
      <trkpt lat="44.02108" lon="7.56699">
        <ele>503.5</ele>
      </trkpt>
      <trkpt lat="44.02109" lon="7.5668">
        <ele>502.4</ele>
      </trkpt>
      <trkpt lat="44.02109" lon="7.56647">
        <ele>501.3</ele>
      </trkpt>
      <trkpt lat="44.02106" lon="7.56608">
        <ele>500.0</ele>
      </trkpt>
      <trkpt lat="44.02097" lon="7.56573">
        <ele>499.4</ele>
      </trkpt>
      <trkpt lat="44.02092" lon="7.5656">
        <ele>501.1</ele>
      </trkpt>
      <trkpt lat="44.02072" lon="7.56523">
        <ele>506.0</ele>
      </trkpt>
      <trkpt lat="44.02057" lon="7.56505">
        <ele>505.5</ele>
      </trkpt>
      <trkpt lat="44.02035" lon="7.56488">
        <ele>505.5</ele>
      </trkpt>
      <trkpt lat="44.0201" lon="7.5648">
        <ele>500.5</ele>
      </trkpt>
      <trkpt lat="44.0201" lon="7.56479">
        <ele>501.0</ele>
      </trkpt>
      <trkpt lat="44.02003" lon="7.56477">
        <ele>499.2</ele>
      </trkpt>
      <trkpt lat="44.01937" lon="7.56469">
        <ele>498.5</ele>
      </trkpt>
      <trkpt lat="44.01913" lon="7.56463">
        <ele>499.4</ele>
      </trkpt>
      <trkpt lat="44.01888" lon="7.56454">
        <ele>498.7</ele>
      </trkpt>
      <trkpt lat="44.01874" lon="7.56452">
        <ele>496.9</ele>
      </trkpt>
      <trkpt lat="44.01832" lon="7.5644">
        <ele>492.0</ele>
      </trkpt>
      <trkpt lat="44.01806" lon="7.5643">
        <ele>493.7</ele>
      </trkpt>
      <trkpt lat="44.01747" lon="7.56409">
        <ele>493.8</ele>
      </trkpt>
      <trkpt lat="44.01701" lon="7.5639">
        <ele>495.2</ele>
      </trkpt>
      <trkpt lat="44.01655" lon="7.56371">
        <ele>491.3</ele>
      </trkpt>
      <trkpt lat="44.01646" lon="7.56365">
        <ele>490.4</ele>
      </trkpt>
      <trkpt lat="44.01636" lon="7.56358">
        <ele>488.8</ele>
      </trkpt>
      <trkpt lat="44.0157" lon="7.56299">
        <ele>482.7</ele>
      </trkpt>
      <trkpt lat="44.01524" lon="7.56254">
        <ele>479.0</ele>
      </trkpt>
      <trkpt lat="44.01478" lon="7.5621">
        <ele>481.4</ele>
      </trkpt>
      <trkpt lat="44.01454" lon="7.56183">
        <ele>477.3</ele>
      </trkpt>
      <trkpt lat="44.01417" lon="7.5615">
        <ele>462.4</ele>
      </trkpt>
      <trkpt lat="44.014" lon="7.56133">
        <ele>469.9</ele>
      </trkpt>
      <trkpt lat="44.01388" lon="7.56118">
        <ele>473.3</ele>
      </trkpt>
      <trkpt lat="44.01376" lon="7.56094">
        <ele>474.6</ele>
      </trkpt>
      <trkpt lat="44.01347" lon="7.56028">
        <ele>470.5</ele>
      </trkpt>
      <trkpt lat="44.01318" lon="7.55961">
        <ele>471.3</ele>
      </trkpt>
      <trkpt lat="44.01301" lon="7.55932">
        <ele>471.8</ele>
      </trkpt>
      <trkpt lat="44.0129" lon="7.55918">
        <ele>468.8</ele>
      </trkpt>
      <trkpt lat="44.01279" lon="7.55907">
        <ele>467.8</ele>
      </trkpt>
      <trkpt lat="44.01229" lon="7.55868">
        <ele>462.8</ele>
      </trkpt>
      <trkpt lat="44.01204" lon="7.55845">
        <ele>459.8</ele>
      </trkpt>
      <trkpt lat="44.0117" lon="7.55816">
        <ele>458.3</ele>
      </trkpt>
      <trkpt lat="44.01155" lon="7.55803">
        <ele>457.6</ele>
      </trkpt>
      <trkpt lat="44.01146" lon="7.55798">
        <ele>457.3</ele>
      </trkpt>
      <trkpt lat="44.01138" lon="7.55797">
        <ele>457.0</ele>
      </trkpt>
      <trkpt lat="44.01099" lon="7.55797">
        <ele>455.6</ele>
      </trkpt>
      <trkpt lat="44.01087" lon="7.55795">
        <ele>455.8</ele>
      </trkpt>
      <trkpt lat="44.01076" lon="7.5579">
        <ele>456.3</ele>
      </trkpt>
      <trkpt lat="44.01061" lon="7.55783">
        <ele>456.5</ele>
      </trkpt>
      <trkpt lat="44.01046" lon="7.55773">
        <ele>455.6</ele>
      </trkpt>
      <trkpt lat="44.01031" lon="7.55758">
        <ele>452.5</ele>
      </trkpt>
      <trkpt lat="44.01023" lon="7.55745">
        <ele>450.5</ele>
      </trkpt>
      <trkpt lat="44.01" lon="7.55685">
        <ele>449.3</ele>
      </trkpt>
      <trkpt lat="44.00987" lon="7.55656">
        <ele>453.5</ele>
      </trkpt>
      <trkpt lat="44.00969" lon="7.5562">
        <ele>463.6</ele>
      </trkpt>
      <trkpt lat="44.00957" lon="7.55601">
        <ele>465.8</ele>
      </trkpt>
      <trkpt lat="44.0093" lon="7.5558">
        <ele>461.5</ele>
      </trkpt>
      <trkpt lat="44.00907" lon="7.55571">
        <ele>458.5</ele>
      </trkpt>
      <trkpt lat="44.00863" lon="7.55548">
        <ele>456.1</ele>
      </trkpt>
      <trkpt lat="44.00851" lon="7.55539">
        <ele>455.2</ele>
      </trkpt>
      <trkpt lat="44.00834" lon="7.5553">
        <ele>451.6</ele>
      </trkpt>
      <trkpt lat="44.00796" lon="7.55505">
        <ele>450.1</ele>
      </trkpt>
      <trkpt lat="44.00772" lon="7.55495">
        <ele>448.0</ele>
      </trkpt>
      <trkpt lat="44.00756" lon="7.55491">
        <ele>446.6</ele>
      </trkpt>
      <trkpt lat="44.00717" lon="7.55483">
        <ele>449.8</ele>
      </trkpt>
      <trkpt lat="44.00693" lon="7.55477">
        <ele>453.2</ele>
      </trkpt>
      <trkpt lat="44.00674" lon="7.55478">
        <ele>452.5</ele>
      </trkpt>
      <trkpt lat="44.00665" lon="7.55481">
        <ele>450.4</ele>
      </trkpt>
      <trkpt lat="44.00646" lon="7.55495">
        <ele>440.1</ele>
      </trkpt>
      <trkpt lat="44.00638" lon="7.55498">
        <ele>437.7</ele>
      </trkpt>
      <trkpt lat="44.0063" lon="7.55498">
        <ele>437.0</ele>
      </trkpt>
      <trkpt lat="44.00551" lon="7.55474">
        <ele>437.9</ele>
      </trkpt>
      <trkpt lat="44.00501" lon="7.55459">
        <ele>433.1</ele>
      </trkpt>
      <trkpt lat="44.00452" lon="7.55444">
        <ele>430.9</ele>
      </trkpt>
      <trkpt lat="44.0042" lon="7.55438">
        <ele>428.1</ele>
      </trkpt>
      <trkpt lat="44.00407" lon="7.55435">
        <ele>427.7</ele>
      </trkpt>
      <trkpt lat="44.00343" lon="7.55409">
        <ele>427.1</ele>
      </trkpt>
      <trkpt lat="44.00334" lon="7.55404">
        <ele>427.2</ele>
      </trkpt>
      <trkpt lat="44.00282" lon="7.5537">
        <ele>427.6</ele>
      </trkpt>
      <trkpt lat="44.00208" lon="7.55321">
        <ele>427.1</ele>
      </trkpt>
      <trkpt lat="44.00162" lon="7.55294">
        <ele>428.7</ele>
      </trkpt>
      <trkpt lat="44.00096" lon="7.55262">
        <ele>427.0</ele>
      </trkpt>
      <trkpt lat="44.00065" lon="7.55244">
        <ele>427.2</ele>
      </trkpt>
      <trkpt lat="44.00013" lon="7.5521">
        <ele>428.0</ele>
      </trkpt>
      <trkpt lat="43.99993" lon="7.55196">
        <ele>427.5</ele>
      </trkpt>
      <trkpt lat="43.99939" lon="7.55148">
        <ele>425.2</ele>
      </trkpt>
      <trkpt lat="43.99926" lon="7.55132">
        <ele>425.0</ele>
      </trkpt>
      <trkpt lat="43.99905" lon="7.55099">
        <ele>426.4</ele>
      </trkpt>
      <trkpt lat="43.99896" lon="7.55088">
        <ele>426.5</ele>
      </trkpt>
      <trkpt lat="43.99884" lon="7.55078">
        <ele>428.2</ele>
      </trkpt>
      <trkpt lat="43.99831" lon="7.55046">
        <ele>433.2</ele>
      </trkpt>
      <trkpt lat="43.99778" lon="7.55013">
        <ele>432.2</ele>
      </trkpt>
      <trkpt lat="43.99763" lon="7.55006">
        <ele>428.7</ele>
      </trkpt>
      <trkpt lat="43.99712" lon="7.54989">
        <ele>426.6</ele>
      </trkpt>
      <trkpt lat="43.99661" lon="7.54972">
        <ele>428.9</ele>
      </trkpt>
      <trkpt lat="43.99646" lon="7.54968">
        <ele>429.1</ele>
      </trkpt>
      <trkpt lat="43.99596" lon="7.54962">
        <ele>425.5</ele>
      </trkpt>
      <trkpt lat="43.99569" lon="7.54961">
        <ele>423.0</ele>
      </trkpt>
      <trkpt lat="43.99542" lon="7.54964">
        <ele>420.2</ele>
      </trkpt>
      <trkpt lat="43.99454" lon="7.54981">
        <ele>410.0</ele>
      </trkpt>
      <trkpt lat="43.99428" lon="7.5498">
        <ele>407.8</ele>
      </trkpt>
      <trkpt lat="43.99404" lon="7.54958">
        <ele>408.9</ele>
      </trkpt>
      <trkpt lat="43.99357" lon="7.54893">
        <ele>411.6</ele>
      </trkpt>
      <trkpt lat="43.99343" lon="7.54874">
        <ele>412.5</ele>
      </trkpt>
      <trkpt lat="43.99327" lon="7.54848">
        <ele>410.5</ele>
      </trkpt>
      <trkpt lat="43.993" lon="7.54792">
        <ele>412.3</ele>
      </trkpt>
      <trkpt lat="43.99271" lon="7.54756">
        <ele>408.3</ele>
      </trkpt>
      <trkpt lat="43.99241" lon="7.54738">
        <ele>405.3</ele>
      </trkpt>
      <trkpt lat="43.99208" lon="7.54724">
        <ele>408.5</ele>
      </trkpt>
      <trkpt lat="43.99144" lon="7.54694">
        <ele>414.8</ele>
      </trkpt>
      <trkpt lat="43.99116" lon="7.54679">
        <ele>417.7</ele>
      </trkpt>
      <trkpt lat="43.99075" lon="7.54659">
        <ele>427.7</ele>
      </trkpt>
      <trkpt lat="43.99065" lon="7.54657">
        <ele>429.9</ele>
      </trkpt>
      <trkpt lat="43.99049" lon="7.5466">
        <ele>431.0</ele>
      </trkpt>
      <trkpt lat="43.99026" lon="7.54673">
        <ele>431.2</ele>
      </trkpt>
      <trkpt lat="43.99015" lon="7.5468">
        <ele>432.1</ele>
      </trkpt>
      <trkpt lat="43.99" lon="7.54695">
        <ele>432.3</ele>
      </trkpt>
      <trkpt lat="43.98976" lon="7.54715">
        <ele>424.4</ele>
      </trkpt>
      <trkpt lat="43.98935" lon="7.5474">
        <ele>407.2</ele>
      </trkpt>
      <trkpt lat="43.98922" lon="7.54743">
        <ele>402.1</ele>
      </trkpt>
      <trkpt lat="43.98906" lon="7.54745">
        <ele>398.3</ele>
      </trkpt>
      <trkpt lat="43.98883" lon="7.54744">
        <ele>395.4</ele>
      </trkpt>
      <trkpt lat="43.98798" lon="7.5474">
        <ele>385.8</ele>
      </trkpt>
      <trkpt lat="43.98785" lon="7.54737">
        <ele>385.0</ele>
      </trkpt>
      <trkpt lat="43.98772" lon="7.54733">
        <ele>384.4</ele>
      </trkpt>
      <trkpt lat="43.98734" lon="7.5471">
        <ele>387.9</ele>
      </trkpt>
      <trkpt lat="43.98707" lon="7.54692">
        <ele>391.0</ele>
      </trkpt>
      <trkpt lat="43.9869" lon="7.54683">
        <ele>391.3</ele>
      </trkpt>
      <trkpt lat="43.98656" lon="7.54671">
        <ele>396.0</ele>
      </trkpt>
      <trkpt lat="43.98609" lon="7.54657">
        <ele>394.5</ele>
      </trkpt>
      <trkpt lat="43.98541" lon="7.5464">
        <ele>392.4</ele>
      </trkpt>
      <trkpt lat="43.98489" lon="7.54626">
        <ele>390.8</ele>
      </trkpt>
      <trkpt lat="43.98421" lon="7.54613">
        <ele>388.8</ele>
      </trkpt>
      <trkpt lat="43.98348" lon="7.54601">
        <ele>386.5</ele>
      </trkpt>
      <trkpt lat="43.98292" lon="7.54595">
        <ele>384.9</ele>
      </trkpt>
      <trkpt lat="43.98259" lon="7.5459">
        <ele>383.9</ele>
      </trkpt>
      <trkpt lat="43.98231" lon="7.54582">
        <ele>375.7</ele>
      </trkpt>
      <trkpt lat="43.982" lon="7.54568">
        <ele>371.8</ele>
      </trkpt>
      <trkpt lat="43.9815" lon="7.54541">
        <ele>370.9</ele>
      </trkpt>
      <trkpt lat="43.9812" lon="7.54527">
        <ele>370.2</ele>
      </trkpt>
      <trkpt lat="43.98063" lon="7.54508">
        <ele>369.1</ele>
      </trkpt>
      <trkpt lat="43.98001" lon="7.54483">
        <ele>367.8</ele>
      </trkpt>
      <trkpt lat="43.97943" lon="7.54454">
        <ele>366.6</ele>
      </trkpt>
      <trkpt lat="43.97867" lon="7.54405">
        <ele>365.0</ele>
      </trkpt>
      <trkpt lat="43.97793" lon="7.54348">
        <ele>363.3</ele>
      </trkpt>
      <trkpt lat="43.97723" lon="7.54285">
        <ele>361.7</ele>
      </trkpt>
      <trkpt lat="43.97663" lon="7.54225">
        <ele>360.3</ele>
      </trkpt>
      <trkpt lat="43.97617" lon="7.54175">
        <ele>359.1</ele>
      </trkpt>
      <trkpt lat="43.97584" lon="7.54133">
        <ele>358.2</ele>
      </trkpt>
      <trkpt lat="43.97574" lon="7.54119">
        <ele>358.0</ele>
      </trkpt>
      <trkpt lat="43.97563" lon="7.54102">
        <ele>357.6</ele>
      </trkpt>
      <trkpt lat="43.97511" lon="7.54031">
        <ele>356.2</ele>
      </trkpt>
      <trkpt lat="43.97502" lon="7.5402">
        <ele>356.0</ele>
      </trkpt>
      <trkpt lat="43.97484" lon="7.54002">
        <ele>355.6</ele>
      </trkpt>
      <trkpt lat="43.97468" lon="7.53988">
        <ele>358.0</ele>
      </trkpt>
      <trkpt lat="43.97443" lon="7.53969">
        <ele>360.7</ele>
      </trkpt>
      <trkpt lat="43.97396" lon="7.53939">
        <ele>362.6</ele>
      </trkpt>
      <trkpt lat="43.97349" lon="7.53909">
        <ele>363.5</ele>
      </trkpt>
      <trkpt lat="43.9733" lon="7.53899">
        <ele>363.5</ele>
      </trkpt>
      <trkpt lat="43.97295" lon="7.53886">
        <ele>363.1</ele>
      </trkpt>
      <trkpt lat="43.97267" lon="7.53877">
        <ele>361.4</ele>
      </trkpt>
      <trkpt lat="43.97247" lon="7.5387">
        <ele>360.0</ele>
      </trkpt>
      <trkpt lat="43.97221" lon="7.53858">
        <ele>360.4</ele>
      </trkpt>
      <trkpt lat="43.97221" lon="7.53858">
        <ele>360.4</ele>
      </trkpt>
      <trkpt lat="43.9719" lon="7.53844">
        <ele>360.7</ele>
      </trkpt>
      <trkpt lat="43.97167" lon="7.53831">
        <ele>361.3</ele>
      </trkpt>
      <trkpt lat="43.97146" lon="7.53816">
        <ele>356.4</ele>
      </trkpt>
      <trkpt lat="43.97127" lon="7.53801">
        <ele>352.0</ele>
      </trkpt>
      <trkpt lat="43.97115" lon="7.53789">
        <ele>349.4</ele>
      </trkpt>
      <trkpt lat="43.97094" lon="7.53764">
        <ele>345.1</ele>
      </trkpt>
      <trkpt lat="43.97072" lon="7.53731">
        <ele>344.9</ele>
      </trkpt>
      <trkpt lat="43.97051" lon="7.53694">
        <ele>346.0</ele>
      </trkpt>
      <trkpt lat="43.97025" lon="7.53637">
        <ele>344.5</ele>
      </trkpt>
      <trkpt lat="43.96986" lon="7.53536">
        <ele>344.2</ele>
      </trkpt>
      <trkpt lat="43.96973" lon="7.53492">
        <ele>345.1</ele>
      </trkpt>
      <trkpt lat="43.96962" lon="7.53452">
        <ele>344.2</ele>
      </trkpt>
      <trkpt lat="43.96954" lon="7.5342">
        <ele>342.7</ele>
      </trkpt>
      <trkpt lat="43.96941" lon="7.5335">
        <ele>341.6</ele>
      </trkpt>
      <trkpt lat="43.96927" lon="7.5328">
        <ele>339.9</ele>
      </trkpt>
      <trkpt lat="43.96918" lon="7.53228">
        <ele>338.9</ele>
      </trkpt>
      <trkpt lat="43.96908" lon="7.53187">
        <ele>341.3</ele>
      </trkpt>
      <trkpt lat="43.96896" lon="7.53149">
        <ele>344.6</ele>
      </trkpt>
      <trkpt lat="43.96885" lon="7.53124">
        <ele>346.3</ele>
      </trkpt>
      <trkpt lat="43.96869" lon="7.53097">
        <ele>344.7</ele>
      </trkpt>
      <trkpt lat="43.9684" lon="7.5305">
        <ele>336.6</ele>
      </trkpt>
      <trkpt lat="43.96812" lon="7.53004">
        <ele>334.5</ele>
      </trkpt>
      <trkpt lat="43.96797" lon="7.52975">
        <ele>334.6</ele>
      </trkpt>
      <trkpt lat="43.96765" lon="7.52908">
        <ele>330.1</ele>
      </trkpt>
      <trkpt lat="43.96721" lon="7.52824">
        <ele>335.2</ele>
      </trkpt>
      <trkpt lat="43.96675" lon="7.5274">
        <ele>333.3</ele>
      </trkpt>
      <trkpt lat="43.9665" lon="7.52691">
        <ele>338.2</ele>
      </trkpt>
      <trkpt lat="43.96609" lon="7.52621">
        <ele>340.0</ele>
      </trkpt>
      <trkpt lat="43.96585" lon="7.52585">
        <ele>330.9</ele>
      </trkpt>
      <trkpt lat="43.96546" lon="7.52535">
        <ele>342.7</ele>
      </trkpt>
      <trkpt lat="43.96533" lon="7.52521">
        <ele>341.2</ele>
      </trkpt>
      <trkpt lat="43.96505" lon="7.52498">
        <ele>331.3</ele>
      </trkpt>
      <trkpt lat="43.96489" lon="7.52487">
        <ele>333.7</ele>
      </trkpt>
      <trkpt lat="43.96427" lon="7.52454">
        <ele>330.3</ele>
      </trkpt>
      <trkpt lat="43.96366" lon="7.52418">
        <ele>325.5</ele>
      </trkpt>
      <trkpt lat="43.96305" lon="7.52383">
        <ele>326.9</ele>
      </trkpt>
      <trkpt lat="43.96226" lon="7.52331">
        <ele>322.3</ele>
      </trkpt>
      <trkpt lat="43.96204" lon="7.52319">
        <ele>324.4</ele>
      </trkpt>
      <trkpt lat="43.96141" lon="7.52288">
        <ele>328.5</ele>
      </trkpt>
      <trkpt lat="43.96091" lon="7.52269">
        <ele>326.8</ele>
      </trkpt>
      <trkpt lat="43.96015" lon="7.52243">
        <ele>319.6</ele>
      </trkpt>
      <trkpt lat="43.95987" lon="7.52232">
        <ele>318.6</ele>
      </trkpt>
      <trkpt lat="43.95961" lon="7.5222">
        <ele>319.0</ele>
      </trkpt>
      <trkpt lat="43.95934" lon="7.52201">
        <ele>318.6</ele>
      </trkpt>
      <trkpt lat="43.95885" lon="7.52161">
        <ele>316.8</ele>
      </trkpt>
      <trkpt lat="43.95837" lon="7.52122">
        <ele>317.8</ele>
      </trkpt>
      <trkpt lat="43.95799" lon="7.52093">
        <ele>317.6</ele>
      </trkpt>
      <trkpt lat="43.95785" lon="7.52084">
        <ele>316.7</ele>
      </trkpt>
      <trkpt lat="43.95771" lon="7.5208">
        <ele>316.0</ele>
      </trkpt>
      <trkpt lat="43.95753" lon="7.52076">
        <ele>314.8</ele>
      </trkpt>
      <trkpt lat="43.95718" lon="7.52076">
        <ele>313.9</ele>
      </trkpt>
      <trkpt lat="43.95641" lon="7.52084">
        <ele>311.4</ele>
      </trkpt>
      <trkpt lat="43.95641" lon="7.52084">
        <ele>311.4</ele>
      </trkpt>
      <trkpt lat="43.95584" lon="7.5209">
        <ele>310.9</ele>
      </trkpt>
      <trkpt lat="43.95556" lon="7.52089">
        <ele>310.0</ele>
      </trkpt>
      <trkpt lat="43.95527" lon="7.52085">
        <ele>308.3</ele>
      </trkpt>
      <trkpt lat="43.95508" lon="7.52075">
        <ele>308.1</ele>
      </trkpt>
      <trkpt lat="43.95488" lon="7.52058">
        <ele>309.2</ele>
      </trkpt>
      <trkpt lat="43.95458" lon="7.52025">
        <ele>311.0</ele>
      </trkpt>
      <trkpt lat="43.95443" lon="7.52016">
        <ele>311.1</ele>
      </trkpt>
      <trkpt lat="43.95429" lon="7.5201">
        <ele>310.9</ele>
      </trkpt>
      <trkpt lat="43.9536" lon="7.51996">
        <ele>309.2</ele>
      </trkpt>
      <trkpt lat="43.95348" lon="7.51991">
        <ele>309.5</ele>
      </trkpt>
      <trkpt lat="43.95334" lon="7.51985">
        <ele>309.9</ele>
      </trkpt>
      <trkpt lat="43.953" lon="7.51966">
        <ele>310.8</ele>
      </trkpt>
      <trkpt lat="43.95284" lon="7.51956">
        <ele>311.3</ele>
      </trkpt>
      <trkpt lat="43.95245" lon="7.51929">
        <ele>312.5</ele>
      </trkpt>
      <trkpt lat="43.95223" lon="7.51916">
        <ele>313.1</ele>
      </trkpt>
      <trkpt lat="43.9517" lon="7.51888">
        <ele>316.2</ele>
      </trkpt>
      <trkpt lat="43.95143" lon="7.51876">
        <ele>317.2</ele>
      </trkpt>
      <trkpt lat="43.95106" lon="7.51867">
        <ele>317.0</ele>
      </trkpt>
      <trkpt lat="43.9509" lon="7.51865">
        <ele>320.4</ele>
      </trkpt>
      <trkpt lat="43.95089" lon="7.51847">
        <ele>323.1</ele>
      </trkpt>
      <trkpt lat="43.95088" lon="7.51828">
        <ele>326.1</ele>
      </trkpt>
      <trkpt lat="43.95087" lon="7.51812">
        <ele>328.5</ele>
      </trkpt>
      <trkpt lat="43.95083" lon="7.51798">
        <ele>330.9</ele>
      </trkpt>
      <trkpt lat="43.9508" lon="7.51793">
        <ele>332.0</ele>
      </trkpt>
      <trkpt lat="43.95066" lon="7.51782">
        <ele>333.9</ele>
      </trkpt>
      <trkpt lat="43.95033" lon="7.51762">
        <ele>336.6</ele>
      </trkpt>
      <trkpt lat="43.95017" lon="7.51758">
        <ele>336.4</ele>
      </trkpt>
      <trkpt lat="43.94989" lon="7.51754">
        <ele>335.6</ele>
      </trkpt>
      <trkpt lat="43.94985" lon="7.51752">
        <ele>335.9</ele>
      </trkpt>
      <trkpt lat="43.94983" lon="7.51747">
        <ele>337.0</ele>
      </trkpt>
      <trkpt lat="43.94984" lon="7.51745">
        <ele>337.7</ele>
      </trkpt>
      <trkpt lat="43.94985" lon="7.51742">
        <ele>338.6</ele>
      </trkpt>
      <trkpt lat="43.94989" lon="7.5174">
        <ele>339.4</ele>
      </trkpt>
      <trkpt lat="43.95012" lon="7.51737">
        <ele>341.8</ele>
      </trkpt>
      <trkpt lat="43.9503" lon="7.51739">
        <ele>342.5</ele>
      </trkpt>
      <trkpt lat="43.95088" lon="7.51753">
        <ele>342.1</ele>
      </trkpt>
      <trkpt lat="43.951" lon="7.51752">
        <ele>342.1</ele>
      </trkpt>
      <trkpt lat="43.95112" lon="7.5175">
        <ele>342.3</ele>
      </trkpt>
      <trkpt lat="43.95154" lon="7.51729">
        <ele>347.2</ele>
      </trkpt>
      <trkpt lat="43.952" lon="7.51713">
        <ele>350.9</ele>
      </trkpt>
      <trkpt lat="43.95216" lon="7.51712">
        <ele>350.9</ele>
      </trkpt>
      <trkpt lat="43.95253" lon="7.51712">
        <ele>349.9</ele>
      </trkpt>
      <trkpt lat="43.95271" lon="7.51707">
        <ele>347.1</ele>
      </trkpt>
      <trkpt lat="43.95284" lon="7.51693">
        <ele>346.8</ele>
      </trkpt>
      <trkpt lat="43.95296" lon="7.51673">
        <ele>347.1</ele>
      </trkpt>
      <trkpt lat="43.95308" lon="7.51646">
        <ele>350.2</ele>
      </trkpt>
      <trkpt lat="43.95324" lon="7.51598">
        <ele>358.7</ele>
      </trkpt>
      <trkpt lat="43.95332" lon="7.51577">
        <ele>363.2</ele>
      </trkpt>
      <trkpt lat="43.9534" lon="7.5156">
        <ele>367.6</ele>
      </trkpt>
      <trkpt lat="43.95351" lon="7.5154">
        <ele>371.3</ele>
      </trkpt>
      <trkpt lat="43.95361" lon="7.51524">
        <ele>373.2</ele>
      </trkpt>
      <trkpt lat="43.95388" lon="7.51499">
        <ele>369.1</ele>
      </trkpt>
      <trkpt lat="43.95407" lon="7.51473">
        <ele>368.6</ele>
      </trkpt>
      <trkpt lat="43.95436" lon="7.51429">
        <ele>370.1</ele>
      </trkpt>
      <trkpt lat="43.95448" lon="7.51417">
        <ele>367.9</ele>
      </trkpt>
      <trkpt lat="43.95449" lon="7.51411">
        <ele>369.1</ele>
      </trkpt>
      <trkpt lat="43.95447" lon="7.51405">
        <ele>371.7</ele>
      </trkpt>
      <trkpt lat="43.95443" lon="7.51404">
        <ele>374.0</ele>
      </trkpt>
      <trkpt lat="43.95433" lon="7.51415">
        <ele>375.6</ele>
      </trkpt>
      <trkpt lat="43.95411" lon="7.51444">
        <ele>376.6</ele>
      </trkpt>
      <trkpt lat="43.95389" lon="7.51466">
        <ele>380.8</ele>
      </trkpt>
      <trkpt lat="43.95364" lon="7.51484">
        <ele>387.3</ele>
      </trkpt>
      <trkpt lat="43.95345" lon="7.51499">
        <ele>391.4</ele>
      </trkpt>
      <trkpt lat="43.95327" lon="7.5152">
        <ele>389.6</ele>
      </trkpt>
      <trkpt lat="43.95299" lon="7.51554">
        <ele>382.0</ele>
      </trkpt>
      <trkpt lat="43.95282" lon="7.5157">
        <ele>380.1</ele>
      </trkpt>
      <trkpt lat="43.95276" lon="7.51575">
        <ele>379.8</ele>
      </trkpt>
      <trkpt lat="43.95265" lon="7.5158">
        <ele>381.0</ele>
      </trkpt>
      <trkpt lat="43.95252" lon="7.51581">
        <ele>384.3</ele>
      </trkpt>
      <trkpt lat="43.95235" lon="7.51579">
        <ele>386.7</ele>
      </trkpt>
      <trkpt lat="43.95213" lon="7.51572">
        <ele>390.8</ele>
      </trkpt>
      <trkpt lat="43.95186" lon="7.51562">
        <ele>396.1</ele>
      </trkpt>
      <trkpt lat="43.95174" lon="7.51561">
        <ele>397.3</ele>
      </trkpt>
      <trkpt lat="43.95164" lon="7.51564">
        <ele>396.9</ele>
      </trkpt>
      <trkpt lat="43.95164" lon="7.51564">
        <ele>396.9</ele>
      </trkpt>
      <trkpt lat="43.95164" lon="7.51564">
        <ele>396.9</ele>
      </trkpt>
      <trkpt lat="43.95139" lon="7.51568">
        <ele>397.0</ele>
      </trkpt>
      <trkpt lat="43.95118" lon="7.51565">
        <ele>399.2</ele>
      </trkpt>
      <trkpt lat="43.95087" lon="7.51564">
        <ele>401.4</ele>
      </trkpt>
      <trkpt lat="43.95048" lon="7.51568">
        <ele>398.9</ele>
      </trkpt>
      <trkpt lat="43.95041" lon="7.51566">
        <ele>399.3</ele>
      </trkpt>
      <trkpt lat="43.95014" lon="7.51543">
        <ele>406.7</ele>
      </trkpt>
      <trkpt lat="43.94983" lon="7.51526">
        <ele>410.7</ele>
      </trkpt>
      <trkpt lat="43.94967" lon="7.51522">
        <ele>409.9</ele>
      </trkpt>
      <trkpt lat="43.94935" lon="7.5153">
        <ele>403.1</ele>
      </trkpt>
      <trkpt lat="43.94917" lon="7.51532">
        <ele>400.2</ele>
      </trkpt>
      <trkpt lat="43.94909" lon="7.51527">
        <ele>399.3</ele>
      </trkpt>
      <trkpt lat="43.94905" lon="7.51522">
        <ele>399.4</ele>
      </trkpt>
      <trkpt lat="43.94902" lon="7.51508">
        <ele>401.9</ele>
      </trkpt>
      <trkpt lat="43.94919" lon="7.51447">
        <ele>412.2</ele>
      </trkpt>
      <trkpt lat="43.94929" lon="7.51399">
        <ele>420.5</ele>
      </trkpt>
      <trkpt lat="43.9493" lon="7.51388">
        <ele>422.8</ele>
      </trkpt>
      <trkpt lat="43.94928" lon="7.51374">
        <ele>424.3</ele>
      </trkpt>
      <trkpt lat="43.94915" lon="7.51334">
        <ele>425.4</ele>
      </trkpt>
      <trkpt lat="43.94903" lon="7.51284">
        <ele>435.6</ele>
      </trkpt>
      <trkpt lat="43.949" lon="7.51275">
        <ele>437.4</ele>
      </trkpt>
      <trkpt lat="43.94887" lon="7.51259">
        <ele>439.7</ele>
      </trkpt>
      <trkpt lat="43.94875" lon="7.51251">
        <ele>440.2</ele>
      </trkpt>
      <trkpt lat="43.94869" lon="7.51251">
        <ele>439.2</ele>
      </trkpt>
      <trkpt lat="43.94875" lon="7.51243">
        <ele>442.8</ele>
      </trkpt>
      <trkpt lat="43.9488" lon="7.51243">
        <ele>443.6</ele>
      </trkpt>
      <trkpt lat="43.94893" lon="7.51253">
        <ele>442.4</ele>
      </trkpt>
      <trkpt lat="43.94904" lon="7.51265">
        <ele>440.9</ele>
      </trkpt>
      <trkpt lat="43.94924" lon="7.51313">
        <ele>434.3</ele>
      </trkpt>
      <trkpt lat="43.94947" lon="7.51352">
        <ele>436.1</ele>
      </trkpt>
      <trkpt lat="43.94957" lon="7.51364">
        <ele>438.1</ele>
      </trkpt>
      <trkpt lat="43.94962" lon="7.51374">
        <ele>438.2</ele>
      </trkpt>
      <trkpt lat="43.94965" lon="7.51407">
        <ele>432.9</ele>
      </trkpt>
      <trkpt lat="43.94968" lon="7.51421">
        <ele>431.3</ele>
      </trkpt>
      <trkpt lat="43.94975" lon="7.51429">
        <ele>432.4</ele>
      </trkpt>
      <trkpt lat="43.95011" lon="7.51442">
        <ele>438.0</ele>
      </trkpt>
      <trkpt lat="43.95067" lon="7.5143">
        <ele>444.3</ele>
      </trkpt>
      <trkpt lat="43.95071" lon="7.51424">
        <ele>446.6</ele>
      </trkpt>
      <trkpt lat="43.95067" lon="7.51418">
        <ele>448.4</ele>
      </trkpt>
      <trkpt lat="43.95019" lon="7.51418">
        <ele>445.0</ele>
      </trkpt>
      <trkpt lat="43.95009" lon="7.51411">
        <ele>446.0</ele>
      </trkpt>
      <trkpt lat="43.95005" lon="7.51402">
        <ele>447.8</ele>
      </trkpt>
      <trkpt lat="43.95001" lon="7.51377">
        <ele>453.2</ele>
      </trkpt>
      <trkpt lat="43.94996" lon="7.51357">
        <ele>455.9</ele>
      </trkpt>
      <trkpt lat="43.94989" lon="7.51347">
        <ele>455.1</ele>
      </trkpt>
      <trkpt lat="43.94989" lon="7.51341">
        <ele>456.4</ele>
      </trkpt>
      <trkpt lat="43.94994" lon="7.51338">
        <ele>459.3</ele>
      </trkpt>
      <trkpt lat="43.94998" lon="7.51341">
        <ele>460.4</ele>
      </trkpt>
      <trkpt lat="43.95011" lon="7.51363">
        <ele>457.7</ele>
      </trkpt>
      <trkpt lat="43.95029" lon="7.51376">
        <ele>456.7</ele>
      </trkpt>
      <trkpt lat="43.95088" lon="7.51351">
        <ele>471.2</ele>
      </trkpt>
      <trkpt lat="43.95108" lon="7.51332">
        <ele>477.4</ele>
      </trkpt>
      <trkpt lat="43.95126" lon="7.51326">
        <ele>479.6</ele>
      </trkpt>
      <trkpt lat="43.95139" lon="7.51325">
        <ele>480.2</ele>
      </trkpt>
      <trkpt lat="43.95164" lon="7.51332">
        <ele>477.6</ele>
      </trkpt>
      <trkpt lat="43.95207" lon="7.51328">
        <ele>480.8</ele>
      </trkpt>
      <trkpt lat="43.95212" lon="7.5133">
        <ele>480.3</ele>
      </trkpt>
      <trkpt lat="43.95228" lon="7.51345">
        <ele>475.8</ele>
      </trkpt>
      <trkpt lat="43.9524" lon="7.51348">
        <ele>475.3</ele>
      </trkpt>
      <trkpt lat="43.95248" lon="7.51346">
        <ele>476.5</ele>
      </trkpt>
      <trkpt lat="43.95263" lon="7.51331">
        <ele>477.3</ele>
      </trkpt>
      <trkpt lat="43.95282" lon="7.51274">
        <ele>486.3</ele>
      </trkpt>
      <trkpt lat="43.95306" lon="7.51229">
        <ele>491.7</ele>
      </trkpt>
      <trkpt lat="43.95325" lon="7.51187">
        <ele>500.7</ele>
      </trkpt>
      <trkpt lat="43.95338" lon="7.51176">
        <ele>500.8</ele>
      </trkpt>
      <trkpt lat="43.95374" lon="7.51167">
        <ele>490.7</ele>
      </trkpt>
      <trkpt lat="43.95379" lon="7.51163">
        <ele>490.5</ele>
      </trkpt>
      <trkpt lat="43.95384" lon="7.5115">
        <ele>493.7</ele>
      </trkpt>
      <trkpt lat="43.95384" lon="7.5115">
        <ele>493.7</ele>
      </trkpt>
      <trkpt lat="43.95395" lon="7.51123">
        <ele>500.3</ele>
      </trkpt>
      <trkpt lat="43.95431" lon="7.51046">
        <ele>513.5</ele>
      </trkpt>
      <trkpt lat="43.95448" lon="7.51015">
        <ele>516.1</ele>
      </trkpt>
      <trkpt lat="43.9548" lon="7.50963">
        <ele>522.4</ele>
      </trkpt>
      <trkpt lat="43.95536" lon="7.50896">
        <ele>528.9</ele>
      </trkpt>
      <trkpt lat="43.95591" lon="7.50829">
        <ele>534.2</ele>
      </trkpt>
      <trkpt lat="43.95606" lon="7.50797">
        <ele>542.8</ele>
      </trkpt>
      <trkpt lat="43.95616" lon="7.50783">
        <ele>545.1</ele>
      </trkpt>
      <trkpt lat="43.9564" lon="7.50773">
        <ele>538.9</ele>
      </trkpt>
      <trkpt lat="43.95659" lon="7.50755">
        <ele>539.8</ele>
      </trkpt>
      <trkpt lat="43.95687" lon="7.50713">
        <ele>552.7</ele>
      </trkpt>
      <trkpt lat="43.95702" lon="7.50698">
        <ele>553.5</ele>
      </trkpt>
      <trkpt lat="43.95725" lon="7.50687">
        <ele>546.0</ele>
      </trkpt>
      <trkpt lat="43.95735" lon="7.50678">
        <ele>545.1</ele>
      </trkpt>
      <trkpt lat="43.95749" lon="7.50648">
        <ele>550.3</ele>
      </trkpt>
      <trkpt lat="43.95761" lon="7.50629">
        <ele>550.1</ele>
      </trkpt>
      <trkpt lat="43.95776" lon="7.50611">
        <ele>547.5</ele>
      </trkpt>
      <trkpt lat="43.95796" lon="7.50598">
        <ele>539.6</ele>
      </trkpt>
      <trkpt lat="43.95799" lon="7.50587">
        <ele>542.1</ele>
      </trkpt>
      <trkpt lat="43.95798" lon="7.50576">
        <ele>545.2</ele>
      </trkpt>
      <trkpt lat="43.95793" lon="7.50562">
        <ele>550.4</ele>
      </trkpt>
      <trkpt lat="43.95785" lon="7.50557">
        <ele>557.2</ele>
      </trkpt>
      <trkpt lat="43.95779" lon="7.50542">
        <ele>564.4</ele>
      </trkpt>
      <trkpt lat="43.95775" lon="7.50502">
        <ele>575.6</ele>
      </trkpt>
      <trkpt lat="43.95789" lon="7.50444">
        <ele>566.7</ele>
      </trkpt>
      <trkpt lat="43.95791" lon="7.50419">
        <ele>566.9</ele>
      </trkpt>
      <trkpt lat="43.95789" lon="7.50398">
        <ele>564.1</ele>
      </trkpt>
      <trkpt lat="43.9578" lon="7.50379">
        <ele>565.7</ele>
      </trkpt>
      <trkpt lat="43.95771" lon="7.50362">
        <ele>566.8</ele>
      </trkpt>
      <trkpt lat="43.9576" lon="7.50355">
        <ele>571.4</ele>
      </trkpt>
      <trkpt lat="43.95733" lon="7.50354">
        <ele>587.4</ele>
      </trkpt>
      <trkpt lat="43.95692" lon="7.50323">
        <ele>600.5</ele>
      </trkpt>
      <trkpt lat="43.95683" lon="7.5031">
        <ele>601.7</ele>
      </trkpt>
      <trkpt lat="43.95665" lon="7.50265">
        <ele>599.0</ele>
      </trkpt>
      <trkpt lat="43.95662" lon="7.50255">
        <ele>598.4</ele>
      </trkpt>
      <trkpt lat="43.9566" lon="7.50233">
        <ele>599.1</ele>
      </trkpt>
      <trkpt lat="43.95648" lon="7.50208">
        <ele>609.7</ele>
      </trkpt>
      <trkpt lat="43.95641" lon="7.50188">
        <ele>616.0</ele>
      </trkpt>
      <trkpt lat="43.95639" lon="7.50174">
        <ele>618.0</ele>
      </trkpt>
      <trkpt lat="43.95643" lon="7.50164">
        <ele>615.3</ele>
      </trkpt>
      <trkpt lat="43.95654" lon="7.50154">
        <ele>607.4</ele>
      </trkpt>
      <trkpt lat="43.95672" lon="7.50128">
        <ele>595.5</ele>
      </trkpt>
      <trkpt lat="43.95674" lon="7.50117">
        <ele>595.0</ele>
      </trkpt>
      <trkpt lat="43.95672" lon="7.50105">
        <ele>597.4</ele>
      </trkpt>
      <trkpt lat="43.95652" lon="7.50062">
        <ele>619.0</ele>
      </trkpt>
      <trkpt lat="43.95648" lon="7.50032">
        <ele>627.2</ele>
      </trkpt>
      <trkpt lat="43.9564" lon="7.50008">
        <ele>639.4</ele>
      </trkpt>
      <trkpt lat="43.95643" lon="7.49996">
        <ele>638.6</ele>
      </trkpt>
      <trkpt lat="43.95677" lon="7.49928">
        <ele>620.8</ele>
      </trkpt>
      <trkpt lat="43.95689" lon="7.49886">
        <ele>632.2</ele>
      </trkpt>
      <trkpt lat="43.95701" lon="7.49859">
        <ele>638.6</ele>
      </trkpt>
      <trkpt lat="43.95701" lon="7.49849">
        <ele>644.6</ele>
      </trkpt>
      <trkpt lat="43.95699" lon="7.49823">
        <ele>662.7</ele>
      </trkpt>
      <trkpt lat="43.95704" lon="7.49797">
        <ele>676.0</ele>
      </trkpt>
      <trkpt lat="43.95709" lon="7.49785">
        <ele>679.6</ele>
      </trkpt>
      <trkpt lat="43.9572" lon="7.49776">
        <ele>675.4</ele>
      </trkpt>
      <trkpt lat="43.9574" lon="7.49772">
        <ele>659.4</ele>
      </trkpt>
      <trkpt lat="43.95755" lon="7.49773">
        <ele>645.5</ele>
      </trkpt>
      <trkpt lat="43.95793" lon="7.49756">
        <ele>624.2</ele>
      </trkpt>
      <trkpt lat="43.95799" lon="7.49747">
        <ele>624.0</ele>
      </trkpt>
      <trkpt lat="43.95812" lon="7.49707">
        <ele>634.0</ele>
      </trkpt>
      <trkpt lat="43.95829" lon="7.49623">
        <ele>648.4</ele>
      </trkpt>
      <trkpt lat="43.95831" lon="7.49562">
        <ele>662.3</ele>
      </trkpt>
      <trkpt lat="43.95837" lon="7.49533">
        <ele>667.8</ele>
      </trkpt>
      <trkpt lat="43.9584" lon="7.49493">
        <ele>679.8</ele>
      </trkpt>
      <trkpt lat="43.95842" lon="7.49486">
        <ele>680.0</ele>
      </trkpt>
      <trkpt lat="43.95849" lon="7.49478">
        <ele>679.6</ele>
      </trkpt>
      <trkpt lat="43.95864" lon="7.49467">
        <ele>679.1</ele>
      </trkpt>
      <trkpt lat="43.95875" lon="7.4945">
        <ele>678.5</ele>
      </trkpt>
      <trkpt lat="43.95877" lon="7.49441">
        <ele>678.3</ele>
      </trkpt>
      <trkpt lat="43.95871" lon="7.49422">
        <ele>677.8</ele>
      </trkpt>
      <trkpt lat="43.9587" lon="7.49412">
        <ele>675.5</ele>
      </trkpt>
      <trkpt lat="43.95871" lon="7.49403">
        <ele>673.4</ele>
      </trkpt>
      <trkpt lat="43.95875" lon="7.49396">
        <ele>671.4</ele>
      </trkpt>
      <trkpt lat="43.95884" lon="7.49391">
        <ele>668.3</ele>
      </trkpt>
      <trkpt lat="43.9589" lon="7.49392">
        <ele>666.5</ele>
      </trkpt>
      <trkpt lat="43.95916" lon="7.49424">
        <ele>655.6</ele>
      </trkpt>
      <trkpt lat="43.95927" lon="7.49427">
        <ele>648.7</ele>
      </trkpt>
      <trkpt lat="43.95947" lon="7.49421">
        <ele>640.2</ele>
      </trkpt>
      <trkpt lat="43.95955" lon="7.49425">
        <ele>633.7</ele>
      </trkpt>
      <trkpt lat="43.95963" lon="7.49443">
        <ele>617.3</ele>
      </trkpt>
      <trkpt lat="43.9597" lon="7.49448">
        <ele>608.6</ele>
      </trkpt>
      <trkpt lat="43.96014" lon="7.4942">
        <ele>605.8</ele>
      </trkpt>
      <trkpt lat="43.96041" lon="7.49414">
        <ele>594.8</ele>
      </trkpt>
      <trkpt lat="43.9605" lon="7.4941">
        <ele>592.5</ele>
      </trkpt>
      <trkpt lat="43.96054" lon="7.49402">
        <ele>596.3</ele>
      </trkpt>
      <trkpt lat="43.96059" lon="7.49377">
        <ele>612.8</ele>
      </trkpt>
      <trkpt lat="43.96072" lon="7.49362">
        <ele>618.8</ele>
      </trkpt>
      <trkpt lat="43.96078" lon="7.4934">
        <ele>634.3</ele>
      </trkpt>
      <trkpt lat="43.96081" lon="7.49316">
        <ele>650.4</ele>
      </trkpt>
      <trkpt lat="43.96086" lon="7.49298">
        <ele>660.2</ele>
      </trkpt>
      <trkpt lat="43.96118" lon="7.4925">
        <ele>681.6</ele>
      </trkpt>
      <trkpt lat="43.96143" lon="7.49232">
        <ele>683.1</ele>
      </trkpt>
      <trkpt lat="43.96156" lon="7.49175">
        <ele>705.4</ele>
      </trkpt>
      <trkpt lat="43.96184" lon="7.49128">
        <ele>719.8</ele>
      </trkpt>
      <trkpt lat="43.96233" lon="7.49083">
        <ele>725.6</ele>
      </trkpt>
      <trkpt lat="43.96282" lon="7.49037">
        <ele>723.7</ele>
      </trkpt>
      <trkpt lat="43.96296" lon="7.49007">
        <ele>727.8</ele>
      </trkpt>
      <trkpt lat="43.9632" lon="7.48931">
        <ele>745.8</ele>
      </trkpt>
      <trkpt lat="43.96324" lon="7.48926">
        <ele>746.4</ele>
      </trkpt>
      <trkpt lat="43.96332" lon="7.48922">
        <ele>745.4</ele>
      </trkpt>
      <trkpt lat="43.96352" lon="7.48928">
        <ele>741.2</ele>
      </trkpt>
      <trkpt lat="43.96362" lon="7.48928">
        <ele>740.4</ele>
      </trkpt>
      <trkpt lat="43.96416" lon="7.48916">
        <ele>741.4</ele>
      </trkpt>
      <trkpt lat="43.96469" lon="7.48905">
        <ele>750.8</ele>
      </trkpt>
      <trkpt lat="43.96486" lon="7.48905">
        <ele>751.9</ele>
      </trkpt>
      <trkpt lat="43.9652" lon="7.48914">
        <ele>752.0</ele>
      </trkpt>
      <trkpt lat="43.96542" lon="7.48915">
        <ele>756.5</ele>
      </trkpt>
      <trkpt lat="43.96572" lon="7.48908">
        <ele>766.6</ele>
      </trkpt>
      <trkpt lat="43.96584" lon="7.4891">
        <ele>768.3</ele>
      </trkpt>
      <trkpt lat="43.96601" lon="7.48921">
        <ele>766.7</ele>
      </trkpt>
      <trkpt lat="43.96631" lon="7.48945">
        <ele>761.4</ele>
      </trkpt>
      <trkpt lat="43.96659" lon="7.48963">
        <ele>760.4</ele>
      </trkpt>
      <trkpt lat="43.96732" lon="7.48962">
        <ele>762.1</ele>
      </trkpt>
      <trkpt lat="43.96742" lon="7.48956">
        <ele>763.2</ele>
      </trkpt>
      <trkpt lat="43.96752" lon="7.4894">
        <ele>764.3</ele>
      </trkpt>
      <trkpt lat="43.96758" lon="7.48926">
        <ele>762.0</ele>
      </trkpt>
      <trkpt lat="43.9676" lon="7.48912">
        <ele>761.4</ele>
      </trkpt>
      <trkpt lat="43.9676" lon="7.4886">
        <ele>755.7</ele>
      </trkpt>
      <trkpt lat="43.96757" lon="7.48851">
        <ele>757.2</ele>
      </trkpt>
      <trkpt lat="43.96738" lon="7.48828">
        <ele>767.6</ele>
      </trkpt>
      <trkpt lat="43.96724" lon="7.48808">
        <ele>774.7</ele>
      </trkpt>
      <trkpt lat="43.96721" lon="7.48792">
        <ele>775.7</ele>
      </trkpt>
      <trkpt lat="43.9672" lon="7.48774">
        <ele>775.4</ele>
      </trkpt>
      <trkpt lat="43.96721" lon="7.48746">
        <ele>773.4</ele>
      </trkpt>
      <trkpt lat="43.96721" lon="7.48746">
        <ele>773.4</ele>
      </trkpt>
      <trkpt lat="43.96723" lon="7.48729">
        <ele>773.1</ele>
      </trkpt>
      <trkpt lat="43.96723" lon="7.48711">
        <ele>774.5</ele>
      </trkpt>
      <trkpt lat="43.96719" lon="7.48678">
        <ele>781.1</ele>
      </trkpt>
      <trkpt lat="43.96724" lon="7.48653">
        <ele>779.5</ele>
      </trkpt>
      <trkpt lat="43.96744" lon="7.486">
        <ele>768.3</ele>
      </trkpt>
      <trkpt lat="43.96748" lon="7.48566">
        <ele>769.6</ele>
      </trkpt>
      <trkpt lat="43.96755" lon="7.4853">
        <ele>770.6</ele>
      </trkpt>
      <trkpt lat="43.96762" lon="7.4851">
        <ele>770.1</ele>
      </trkpt>
      <trkpt lat="43.96792" lon="7.48464">
        <ele>764.1</ele>
      </trkpt>
      <trkpt lat="43.96805" lon="7.48431">
        <ele>765.6</ele>
      </trkpt>
      <trkpt lat="43.96817" lon="7.48396">
        <ele>766.4</ele>
      </trkpt>
      <trkpt lat="43.96833" lon="7.48329">
        <ele>768.5</ele>
      </trkpt>
      <trkpt lat="43.96851" lon="7.48296">
        <ele>766.6</ele>
      </trkpt>
      <trkpt lat="43.96853" lon="7.48287">
        <ele>766.9</ele>
      </trkpt>
      <trkpt lat="43.96855" lon="7.48263">
        <ele>768.9</ele>
      </trkpt>
      <trkpt lat="43.96865" lon="7.48228">
        <ele>771.4</ele>
      </trkpt>
      <trkpt lat="43.96893" lon="7.48181">
        <ele>769.2</ele>
      </trkpt>
      <trkpt lat="43.96905" lon="7.48152">
        <ele>766.9</ele>
      </trkpt>
      <trkpt lat="43.96906" lon="7.48137">
        <ele>766.8</ele>
      </trkpt>
      <trkpt lat="43.96902" lon="7.48117">
        <ele>769.3</ele>
      </trkpt>
      <trkpt lat="43.96898" lon="7.48071">
        <ele>773.2</ele>
      </trkpt>
      <trkpt lat="43.96898" lon="7.48021">
        <ele>774.8</ele>
      </trkpt>
      <trkpt lat="43.96904" lon="7.47958">
        <ele>775.1</ele>
      </trkpt>
      <trkpt lat="43.96904" lon="7.47945">
        <ele>776.1</ele>
      </trkpt>
      <trkpt lat="43.96906" lon="7.47935">
        <ele>776.0</ele>
      </trkpt>
      <trkpt lat="43.96912" lon="7.47922">
        <ele>775.0</ele>
      </trkpt>
      <trkpt lat="43.96922" lon="7.47912">
        <ele>775.5</ele>
      </trkpt>
      <trkpt lat="43.96943" lon="7.47875">
        <ele>784.1</ele>
      </trkpt>
      <trkpt lat="43.96962" lon="7.47848">
        <ele>789.1</ele>
      </trkpt>
      <trkpt lat="43.96971" lon="7.4784">
        <ele>788.2</ele>
      </trkpt>
      <trkpt lat="43.96976" lon="7.4784">
        <ele>787.8</ele>
      </trkpt>
      <trkpt lat="43.9698" lon="7.47842">
        <ele>787.4</ele>
      </trkpt>
      <trkpt lat="43.96985" lon="7.47852">
        <ele>786.7</ele>
      </trkpt>
      <trkpt lat="43.96987" lon="7.47861">
        <ele>786.1</ele>
      </trkpt>
      <trkpt lat="43.96986" lon="7.4787">
        <ele>785.6</ele>
      </trkpt>
      <trkpt lat="43.96981" lon="7.47882">
        <ele>784.8</ele>
      </trkpt>
      <trkpt lat="43.96978" lon="7.479">
        <ele>782.2</ele>
      </trkpt>
      <trkpt lat="43.96977" lon="7.47913">
        <ele>780.3</ele>
      </trkpt>
      <trkpt lat="43.96979" lon="7.47925">
        <ele>778.8</ele>
      </trkpt>
      <trkpt lat="43.96987" lon="7.47934">
        <ele>778.2</ele>
      </trkpt>
      <trkpt lat="43.97015" lon="7.47949">
        <ele>782.5</ele>
      </trkpt>
      <trkpt lat="43.97035" lon="7.47965">
        <ele>787.5</ele>
      </trkpt>
      <trkpt lat="43.97048" lon="7.47982">
        <ele>789.7</ele>
      </trkpt>
      <trkpt lat="43.9706" lon="7.48006">
        <ele>790.5</ele>
      </trkpt>
      <trkpt lat="43.97066" lon="7.48025">
        <ele>790.4</ele>
      </trkpt>
      <trkpt lat="43.97074" lon="7.48043">
        <ele>791.2</ele>
      </trkpt>
      <trkpt lat="43.97096" lon="7.48074">
        <ele>796.8</ele>
      </trkpt>
      <trkpt lat="43.97107" lon="7.48098">
        <ele>800.4</ele>
      </trkpt>
      <trkpt lat="43.97111" lon="7.48119">
        <ele>802.0</ele>
      </trkpt>
      <trkpt lat="43.97111" lon="7.48144">
        <ele>801.6</ele>
      </trkpt>
      <trkpt lat="43.97105" lon="7.482">
        <ele>798.7</ele>
      </trkpt>
      <trkpt lat="43.97108" lon="7.48253">
        <ele>802.5</ele>
      </trkpt>
      <trkpt lat="43.97106" lon="7.48294">
        <ele>802.7</ele>
      </trkpt>
      <trkpt lat="43.97107" lon="7.48308">
        <ele>803.8</ele>
      </trkpt>
      <trkpt lat="43.97115" lon="7.48338">
        <ele>809.0</ele>
      </trkpt>
      <trkpt lat="43.97135" lon="7.48394">
        <ele>816.8</ele>
      </trkpt>
      <trkpt lat="43.97141" lon="7.48418">
        <ele>818.4</ele>
      </trkpt>
      <trkpt lat="43.97149" lon="7.48499">
        <ele>818.7</ele>
      </trkpt>
      <trkpt lat="43.97157" lon="7.48579">
        <ele>823.6</ele>
      </trkpt>
      <trkpt lat="43.97155" lon="7.48704">
        <ele>825.2</ele>
      </trkpt>
      <trkpt lat="43.97158" lon="7.48747">
        <ele>826.8</ele>
      </trkpt>
      <trkpt lat="43.97166" lon="7.48807">
        <ele>831.2</ele>
      </trkpt>
      <trkpt lat="43.97165" lon="7.48868">
        <ele>830.6</ele>
      </trkpt>
      <trkpt lat="43.97169" lon="7.48918">
        <ele>834.6</ele>
      </trkpt>
      <trkpt lat="43.97176" lon="7.48952">
        <ele>839.0</ele>
      </trkpt>
      <trkpt lat="43.97183" lon="7.49036">
        <ele>839.4</ele>
      </trkpt>
      <trkpt lat="43.97188" lon="7.49054">
        <ele>840.6</ele>
      </trkpt>
      <trkpt lat="43.97207" lon="7.49094">
        <ele>845.0</ele>
      </trkpt>
      <trkpt lat="43.97236" lon="7.49138">
        <ele>848.1</ele>
      </trkpt>
      <trkpt lat="43.97265" lon="7.49179">
        <ele>845.8</ele>
      </trkpt>
      <trkpt lat="43.9728" lon="7.49196">
        <ele>841.9</ele>
      </trkpt>
      <trkpt lat="43.9729" lon="7.49203">
        <ele>840.9</ele>
      </trkpt>
      <trkpt lat="43.97299" lon="7.49206">
        <ele>841.4</ele>
      </trkpt>
      <trkpt lat="43.97315" lon="7.49203">
        <ele>846.4</ele>
      </trkpt>
      <trkpt lat="43.97349" lon="7.49188">
        <ele>857.5</ele>
      </trkpt>
      <trkpt lat="43.97375" lon="7.49184">
        <ele>857.7</ele>
      </trkpt>
      <trkpt lat="43.97406" lon="7.49183">
        <ele>855.9</ele>
      </trkpt>
      <trkpt lat="43.97418" lon="7.49178">
        <ele>857.3</ele>
      </trkpt>
      <trkpt lat="43.97449" lon="7.49158">
        <ele>866.9</ele>
      </trkpt>
      <trkpt lat="43.97467" lon="7.49153">
        <ele>869.5</ele>
      </trkpt>
      <trkpt lat="43.97505" lon="7.4915">
        <ele>872.6</ele>
      </trkpt>
      <trkpt lat="43.97525" lon="7.49154">
        <ele>878.7</ele>
      </trkpt>
      <trkpt lat="43.97533" lon="7.49159">
        <ele>879.7</ele>
      </trkpt>
      <trkpt lat="43.97535" lon="7.49167">
        <ele>877.1</ele>
      </trkpt>
      <trkpt lat="43.97533" lon="7.49177">
        <ele>876.3</ele>
      </trkpt>
      <trkpt lat="43.97521" lon="7.49203">
        <ele>870.1</ele>
      </trkpt>
      <trkpt lat="43.97511" lon="7.4924">
        <ele>862.8</ele>
      </trkpt>
      <trkpt lat="43.97499" lon="7.4929">
        <ele>861.7</ele>
      </trkpt>
      <trkpt lat="43.97489" lon="7.49319">
        <ele>861.3</ele>
      </trkpt>
      <trkpt lat="43.97468" lon="7.49352">
        <ele>851.3</ele>
      </trkpt>
      <trkpt lat="43.97466" lon="7.49362">
        <ele>850.3</ele>
      </trkpt>
      <trkpt lat="43.97479" lon="7.49401">
        <ele>860.0</ele>
      </trkpt>
      <trkpt lat="43.97481" lon="7.49418">
        <ele>861.8</ele>
      </trkpt>
      <trkpt lat="43.97498" lon="7.49451">
        <ele>868.0</ele>
      </trkpt>
      <trkpt lat="43.97506" lon="7.49473">
        <ele>870.1</ele>
      </trkpt>
      <trkpt lat="43.97508" lon="7.4949">
        <ele>868.9</ele>
      </trkpt>
      <trkpt lat="43.97507" lon="7.49521">
        <ele>864.7</ele>
      </trkpt>
      <trkpt lat="43.97503" lon="7.49563">
        <ele>858.5</ele>
      </trkpt>
      <trkpt lat="43.97504" lon="7.49581">
        <ele>857.7</ele>
      </trkpt>
      <trkpt lat="43.97507" lon="7.49591">
        <ele>858.7</ele>
      </trkpt>
      <trkpt lat="43.97514" lon="7.49605">
        <ele>861.4</ele>
      </trkpt>
      <trkpt lat="43.97561" lon="7.49645">
        <ele>876.4</ele>
      </trkpt>
      <trkpt lat="43.97601" lon="7.49683">
        <ele>886.1</ele>
      </trkpt>
      <trkpt lat="43.97607" lon="7.49691">
        <ele>889.3</ele>
      </trkpt>
      <trkpt lat="43.97606" lon="7.49701">
        <ele>890.0</ele>
      </trkpt>
      <trkpt lat="43.97599" lon="7.49712">
        <ele>887.9</ele>
      </trkpt>
      <trkpt lat="43.97567" lon="7.49751">
        <ele>878.7</ele>
      </trkpt>
      <trkpt lat="43.97541" lon="7.49779">
        <ele>879.6</ele>
      </trkpt>
      <trkpt lat="43.97523" lon="7.49793">
        <ele>876.8</ele>
      </trkpt>
      <trkpt lat="43.97494" lon="7.49805">
        <ele>868.4</ele>
      </trkpt>
      <trkpt lat="43.97485" lon="7.49815">
        <ele>867.3</ele>
      </trkpt>
      <trkpt lat="43.97482" lon="7.49829">
        <ele>868.3</ele>
      </trkpt>
      <trkpt lat="43.97482" lon="7.49849">
        <ele>868.9</ele>
      </trkpt>
      <trkpt lat="43.97487" lon="7.49905">
        <ele>871.0</ele>
      </trkpt>
      <trkpt lat="43.97495" lon="7.49924">
        <ele>874.9</ele>
      </trkpt>
      <trkpt lat="43.97517" lon="7.49963">
        <ele>886.1</ele>
      </trkpt>
      <trkpt lat="43.97537" lon="7.49984">
        <ele>895.5</ele>
      </trkpt>
      <trkpt lat="43.97537" lon="7.49993">
        <ele>895.1</ele>
      </trkpt>
      <trkpt lat="43.97524" lon="7.50013">
        <ele>894.5</ele>
      </trkpt>
      <trkpt lat="43.97513" lon="7.50018">
        <ele>892.0</ele>
      </trkpt>
      <trkpt lat="43.97495" lon="7.50017">
        <ele>885.1</ele>
      </trkpt>
      <trkpt lat="43.97447" lon="7.50007">
        <ele>871.7</ele>
      </trkpt>
      <trkpt lat="43.9744" lon="7.50009">
        <ele>871.1</ele>
      </trkpt>
      <trkpt lat="43.97411" lon="7.50044">
        <ele>875.6</ele>
      </trkpt>
      <trkpt lat="43.97397" lon="7.50056">
        <ele>875.0</ele>
      </trkpt>
      <trkpt lat="43.97378" lon="7.50063">
        <ele>871.0</ele>
      </trkpt>
      <trkpt lat="43.97363" lon="7.50074">
        <ele>868.9</ele>
      </trkpt>
      <trkpt lat="43.97351" lon="7.50087">
        <ele>867.7</ele>
      </trkpt>
      <trkpt lat="43.97344" lon="7.501">
        <ele>867.7</ele>
      </trkpt>
      <trkpt lat="43.97342" lon="7.50114">
        <ele>869.5</ele>
      </trkpt>
      <trkpt lat="43.97345" lon="7.50143">
        <ele>876.1</ele>
      </trkpt>
      <trkpt lat="43.97344" lon="7.50166">
        <ele>879.9</ele>
      </trkpt>
      <trkpt lat="43.97337" lon="7.50203">
        <ele>882.6</ele>
      </trkpt>
      <trkpt lat="43.97334" lon="7.5026">
        <ele>890.6</ele>
      </trkpt>
      <trkpt lat="43.97328" lon="7.50287">
        <ele>893.8</ele>
      </trkpt>
      <trkpt lat="43.97307" lon="7.50333">
        <ele>895.5</ele>
      </trkpt>
      <trkpt lat="43.97303" lon="7.50348">
        <ele>896.9</ele>
      </trkpt>
      <trkpt lat="43.97302" lon="7.50416">
        <ele>910.0</ele>
      </trkpt>
      <trkpt lat="43.97298" lon="7.50441">
        <ele>912.4</ele>
      </trkpt>
      <trkpt lat="43.97285" lon="7.50486">
        <ele>915.4</ele>
      </trkpt>
      <trkpt lat="43.97275" lon="7.50533">
        <ele>922.7</ele>
      </trkpt>
      <trkpt lat="43.97274" lon="7.50549">
        <ele>926.3</ele>
      </trkpt>
      <trkpt lat="43.9727" lon="7.50557">
        <ele>927.7</ele>
      </trkpt>
      <trkpt lat="43.97259" lon="7.50558">
        <ele>926.5</ele>
      </trkpt>
      <trkpt lat="43.97231" lon="7.50541">
        <ele>930.9</ele>
      </trkpt>
      <trkpt lat="43.97214" lon="7.50511">
        <ele>930.0</ele>
      </trkpt>
      <trkpt lat="43.97196" lon="7.5047">
        <ele>926.7</ele>
      </trkpt>
      <trkpt lat="43.97175" lon="7.50443">
        <ele>927.5</ele>
      </trkpt>
      <trkpt lat="43.97139" lon="7.50404">
        <ele>930.6</ele>
      </trkpt>
      <trkpt lat="43.97129" lon="7.50387">
        <ele>929.2</ele>
      </trkpt>
      <trkpt lat="43.97064" lon="7.50348">
        <ele>942.8</ele>
      </trkpt>
      <trkpt lat="43.9701" lon="7.503">
        <ele>945.9</ele>
      </trkpt>
      <trkpt lat="43.96955" lon="7.50252">
        <ele>949.1</ele>
      </trkpt>
      <trkpt lat="43.96901" lon="7.50204">
        <ele>953.9</ele>
      </trkpt>
      <trkpt lat="43.96833" lon="7.50179">
        <ele>965.7</ele>
      </trkpt>
      <trkpt lat="43.96778" lon="7.50139">
        <ele>967.1</ele>
      </trkpt>
      <trkpt lat="43.96736" lon="7.50093">
        <ele>958.2</ele>
      </trkpt>
      <trkpt lat="43.96695" lon="7.50047">
        <ele>950.1</ele>
      </trkpt>
      <trkpt lat="43.96681" lon="7.50047">
        <ele>951.9</ele>
      </trkpt>
      <trkpt lat="43.96675" lon="7.50058">
        <ele>954.5</ele>
      </trkpt>
      <trkpt lat="43.96659" lon="7.50109">
        <ele>959.2</ele>
      </trkpt>
      <trkpt lat="43.96653" lon="7.50173">
        <ele>967.8</ele>
      </trkpt>
      <trkpt lat="43.96653" lon="7.50209">
        <ele>976.2</ele>
      </trkpt>
      <trkpt lat="43.96649" lon="7.50242">
        <ele>981.5</ele>
      </trkpt>
      <trkpt lat="43.96641" lon="7.50263">
        <ele>979.5</ele>
      </trkpt>
      <trkpt lat="43.96626" lon="7.50291">
        <ele>972.8</ele>
      </trkpt>
      <trkpt lat="43.96625" lon="7.50301">
        <ele>973.0</ele>
      </trkpt>
      <trkpt lat="43.96656" lon="7.50366">
        <ele>988.9</ele>
      </trkpt>
      <trkpt lat="43.96681" lon="7.50423">
        <ele>994.7</ele>
      </trkpt>
      <trkpt lat="43.96707" lon="7.50481">
        <ele>994.6</ele>
      </trkpt>
      <trkpt lat="43.96727" lon="7.50507">
        <ele>998.0</ele>
      </trkpt>
      <trkpt lat="43.9675" lon="7.50526">
        <ele>1002.9</ele>
      </trkpt>
      <trkpt lat="43.968" lon="7.50552">
        <ele>1008.5</ele>
      </trkpt>
      <trkpt lat="43.9686" lon="7.50598">
        <ele>1010.1</ele>
      </trkpt>
      <trkpt lat="43.96904" lon="7.50642">
        <ele>1011.9</ele>
      </trkpt>
      <trkpt lat="43.9694" lon="7.50685">
        <ele>1014.0</ele>
      </trkpt>
      <trkpt lat="43.9697" lon="7.50718">
        <ele>1016.9</ele>
      </trkpt>
      <trkpt lat="43.96992" lon="7.50732">
        <ele>1022.4</ele>
      </trkpt>
      <trkpt lat="43.97009" lon="7.50749">
        <ele>1027.0</ele>
      </trkpt>
      <trkpt lat="43.97027" lon="7.50777">
        <ele>1031.7</ele>
      </trkpt>
      <trkpt lat="43.97034" lon="7.50797">
        <ele>1032.9</ele>
      </trkpt>
      <trkpt lat="43.97035" lon="7.50839">
        <ele>1029.4</ele>
      </trkpt>
      <trkpt lat="43.97042" lon="7.50868">
        <ele>1031.9</ele>
      </trkpt>
      <trkpt lat="43.97054" lon="7.50895">
        <ele>1037.0</ele>
      </trkpt>
      <trkpt lat="43.97064" lon="7.50931">
        <ele>1042.0</ele>
      </trkpt>
      <trkpt lat="43.97063" lon="7.50971">
        <ele>1043.5</ele>
      </trkpt>
      <trkpt lat="43.9706" lon="7.51011">
        <ele>1045.2</ele>
      </trkpt>
      <trkpt lat="43.97053" lon="7.51049">
        <ele>1047.7</ele>
      </trkpt>
      <trkpt lat="43.97009" lon="7.51149">
        <ele>1045.2</ele>
      </trkpt>
      <trkpt lat="43.97006" lon="7.51169">
        <ele>1047.2</ele>
      </trkpt>
      <trkpt lat="43.97009" lon="7.5118">
        <ele>1047.0</ele>
      </trkpt>
      <trkpt lat="43.97016" lon="7.5119">
        <ele>1047.5</ele>
      </trkpt>
      <trkpt lat="43.97033" lon="7.51195">
        <ele>1050.4</ele>
      </trkpt>
      <trkpt lat="43.97077" lon="7.51194">
        <ele>1059.2</ele>
      </trkpt>
      <trkpt lat="43.97137" lon="7.51189">
        <ele>1068.7</ele>
      </trkpt>
      <trkpt lat="43.97177" lon="7.51191">
        <ele>1073.1</ele>
      </trkpt>
      <trkpt lat="43.97201" lon="7.51186">
        <ele>1074.0</ele>
      </trkpt>
      <trkpt lat="43.97252" lon="7.51166">
        <ele>1073.2</ele>
      </trkpt>
      <trkpt lat="43.97262" lon="7.51164">
        <ele>1074.0</ele>
      </trkpt>
      <trkpt lat="43.97272" lon="7.51169">
        <ele>1075.1</ele>
      </trkpt>
      <trkpt lat="43.97289" lon="7.51174">
        <ele>1076.9</ele>
      </trkpt>
      <trkpt lat="43.97306" lon="7.51172">
        <ele>1078.0</ele>
      </trkpt>
      <trkpt lat="43.97321" lon="7.51166">
        <ele>1078.9</ele>
      </trkpt>
      <trkpt lat="43.97333" lon="7.51157">
        <ele>1078.9</ele>
      </trkpt>
      <trkpt lat="43.9734" lon="7.51141">
        <ele>1078.8</ele>
      </trkpt>
      <trkpt lat="43.97346" lon="7.51118">
        <ele>1077.5</ele>
      </trkpt>
      <trkpt lat="43.9735" lon="7.51114">
        <ele>1077.9</ele>
      </trkpt>
      <trkpt lat="43.97356" lon="7.51113">
        <ele>1079.0</ele>
      </trkpt>
      <trkpt lat="43.97362" lon="7.51119">
        <ele>1081.1</ele>
      </trkpt>
      <trkpt lat="43.97365" lon="7.51156">
        <ele>1086.6</ele>
      </trkpt>
      <trkpt lat="43.97367" lon="7.51173">
        <ele>1088.3</ele>
      </trkpt>
      <trkpt lat="43.97376" lon="7.51198">
        <ele>1089.6</ele>
      </trkpt>
      <trkpt lat="43.97395" lon="7.51229">
        <ele>1091.1</ele>
      </trkpt>
      <trkpt lat="43.97402" lon="7.51247">
        <ele>1090.7</ele>
      </trkpt>
      <trkpt lat="43.97409" lon="7.51272">
        <ele>1089.4</ele>
      </trkpt>
      <trkpt lat="43.97414" lon="7.5128">
        <ele>1088.8</ele>
      </trkpt>
      <trkpt lat="43.9742" lon="7.5128">
        <ele>1088.4</ele>
      </trkpt>
      <trkpt lat="43.97423" lon="7.51273">
        <ele>1089.0</ele>
      </trkpt>
      <trkpt lat="43.97416" lon="7.51236">
        <ele>1093.4</ele>
      </trkpt>
      <trkpt lat="43.97411" lon="7.51198">
        <ele>1096.5</ele>
      </trkpt>
      <trkpt lat="43.97401" lon="7.5114">
        <ele>1092.9</ele>
      </trkpt>
      <trkpt lat="43.97402" lon="7.51128">
        <ele>1091.2</ele>
      </trkpt>
      <trkpt lat="43.97406" lon="7.51126">
        <ele>1091.8</ele>
      </trkpt>
      <trkpt lat="43.97411" lon="7.51129">
        <ele>1093.4</ele>
      </trkpt>
      <trkpt lat="43.97416" lon="7.51153">
        <ele>1098.5</ele>
      </trkpt>
      <trkpt lat="43.97423" lon="7.51167">
        <ele>1102.0</ele>
      </trkpt>
      <trkpt lat="43.97461" lon="7.51208">
        <ele>1099.8</ele>
      </trkpt>
      <trkpt lat="43.97467" lon="7.51209">
        <ele>1100.0</ele>
      </trkpt>
      <trkpt lat="43.97505" lon="7.51175">
        <ele>1113.6</ele>
      </trkpt>
      <trkpt lat="43.97523" lon="7.51162">
        <ele>1120.0</ele>
      </trkpt>
      <trkpt lat="43.97533" lon="7.51158">
        <ele>1122.4</ele>
      </trkpt>
      <trkpt lat="43.97542" lon="7.51158">
        <ele>1124.4</ele>
      </trkpt>
      <trkpt lat="43.97549" lon="7.51168">
        <ele>1125.2</ele>
      </trkpt>
      <trkpt lat="43.97554" lon="7.51187">
        <ele>1120.9</ele>
      </trkpt>
      <trkpt lat="43.97569" lon="7.51214">
        <ele>1116.6</ele>
      </trkpt>
      <trkpt lat="43.97575" lon="7.51217">
        <ele>1117.2</ele>
      </trkpt>
      <trkpt lat="43.97579" lon="7.51214">
        <ele>1118.9</ele>
      </trkpt>
      <trkpt lat="43.9758" lon="7.51206">
        <ele>1121.4</ele>
      </trkpt>
      <trkpt lat="43.97568" lon="7.51182">
        <ele>1125.4</ele>
      </trkpt>
      <trkpt lat="43.97559" lon="7.51157">
        <ele>1128.5</ele>
      </trkpt>
      <trkpt lat="43.97552" lon="7.51143">
        <ele>1127.7</ele>
      </trkpt>
      <trkpt lat="43.97544" lon="7.51138">
        <ele>1125.8</ele>
      </trkpt>
      <trkpt lat="43.97511" lon="7.51141">
        <ele>1117.0</ele>
      </trkpt>
      <trkpt lat="43.97503" lon="7.51135">
        <ele>1114.7</ele>
      </trkpt>
      <trkpt lat="43.975" lon="7.51126">
        <ele>1113.5</ele>
      </trkpt>
      <trkpt lat="43.975" lon="7.5111">
        <ele>1113.0</ele>
      </trkpt>
      <trkpt lat="43.97504" lon="7.511">
        <ele>1114.0</ele>
      </trkpt>
      <trkpt lat="43.9751" lon="7.51093">
        <ele>1115.9</ele>
      </trkpt>
      <trkpt lat="43.97541" lon="7.51085">
        <ele>1127.2</ele>
      </trkpt>
      <trkpt lat="43.97551" lon="7.51081">
        <ele>1130.9</ele>
      </trkpt>
      <trkpt lat="43.97558" lon="7.51081">
        <ele>1133.5</ele>
      </trkpt>
      <trkpt lat="43.97568" lon="7.51088">
        <ele>1136.9</ele>
      </trkpt>
      <trkpt lat="43.97605" lon="7.51152">
        <ele>1144.7</ele>
      </trkpt>
      <trkpt lat="43.97618" lon="7.51172">
        <ele>1147.3</ele>
      </trkpt>
      <trkpt lat="43.97653" lon="7.51208">
        <ele>1152.9</ele>
      </trkpt>
      <trkpt lat="43.97701" lon="7.51251">
        <ele>1158.5</ele>
      </trkpt>
      <trkpt lat="43.97716" lon="7.51267">
        <ele>1157.2</ele>
      </trkpt>
      <trkpt lat="43.97757" lon="7.51297">
        <ele>1159.8</ele>
      </trkpt>
      <trkpt lat="43.97798" lon="7.51326">
        <ele>1163.6</ele>
      </trkpt>
      <trkpt lat="43.97822" lon="7.51333">
        <ele>1169.9</ele>
      </trkpt>
      <trkpt lat="43.97892" lon="7.51396">
        <ele>1171.5</ele>
      </trkpt>
      <trkpt lat="43.97897" lon="7.51394">
        <ele>1173.8</ele>
      </trkpt>
      <trkpt lat="43.97899" lon="7.51386">
        <ele>1177.7</ele>
      </trkpt>
      <trkpt lat="43.97877" lon="7.51368">
        <ele>1177.6</ele>
      </trkpt>
      <trkpt lat="43.97841" lon="7.51327">
        <ele>1179.2</ele>
      </trkpt>
      <trkpt lat="43.97806" lon="7.51286">
        <ele>1181.1</ele>
      </trkpt>
      <trkpt lat="43.97772" lon="7.51244">
        <ele>1185.3</ele>
      </trkpt>
      <trkpt lat="43.97738" lon="7.51202">
        <ele>1188.6</ele>
      </trkpt>
      <trkpt lat="43.97706" lon="7.51145">
        <ele>1191.6</ele>
      </trkpt>
      <trkpt lat="43.97694" lon="7.5111">
        <ele>1192.2</ele>
      </trkpt>
      <trkpt lat="43.97687" lon="7.51069">
        <ele>1194.5</ele>
      </trkpt>
      <trkpt lat="43.97687" lon="7.51057">
        <ele>1195.8</ele>
      </trkpt>
      <trkpt lat="43.97692" lon="7.51053">
        <ele>1199.0</ele>
      </trkpt>
      <trkpt lat="43.97696" lon="7.5106">
        <ele>1200.5</ele>
      </trkpt>
      <trkpt lat="43.97696" lon="7.51077">
        <ele>1198.6</ele>
      </trkpt>
      <trkpt lat="43.97701" lon="7.51099">
        <ele>1197.7</ele>
      </trkpt>
      <trkpt lat="43.97709" lon="7.51114">
        <ele>1198.9</ele>
      </trkpt>
      <trkpt lat="43.97734" lon="7.51143">
        <ele>1204.7</ele>
      </trkpt>
      <trkpt lat="43.97771" lon="7.51177">
        <ele>1209.3</ele>
      </trkpt>
      <trkpt lat="43.97851" lon="7.51226">
        <ele>1218.5</ele>
      </trkpt>
      <trkpt lat="43.97884" lon="7.51244">
        <ele>1224.6</ele>
      </trkpt>
      <trkpt lat="43.97928" lon="7.51281">
        <ele>1226.8</ele>
      </trkpt>
      <trkpt lat="43.97946" lon="7.51291">
        <ele>1227.3</ele>
      </trkpt>
      <trkpt lat="43.97983" lon="7.51303">
        <ele>1230.7</ele>
      </trkpt>
      <trkpt lat="43.9801" lon="7.51299">
        <ele>1236.1</ele>
      </trkpt>
      <trkpt lat="43.98049" lon="7.51274">
        <ele>1246.6</ele>
      </trkpt>
      <trkpt lat="43.98066" lon="7.51269">
        <ele>1248.9</ele>
      </trkpt>
      <trkpt lat="43.98127" lon="7.51263">
        <ele>1259.6</ele>
      </trkpt>
      <trkpt lat="43.98134" lon="7.51264">
        <ele>1260.7</ele>
      </trkpt>
      <trkpt lat="43.98141" lon="7.5127">
        <ele>1260.6</ele>
      </trkpt>
      <trkpt lat="43.98144" lon="7.51294">
        <ele>1255.7</ele>
      </trkpt>
      <trkpt lat="43.98153" lon="7.51329">
        <ele>1251.3</ele>
      </trkpt>
      <trkpt lat="43.98165" lon="7.51369">
        <ele>1250.0</ele>
      </trkpt>
      <trkpt lat="43.98187" lon="7.51426">
        <ele>1250.7</ele>
      </trkpt>
      <trkpt lat="43.98223" lon="7.51473">
        <ele>1255.2</ele>
      </trkpt>
      <trkpt lat="43.98268" lon="7.5152">
        <ele>1260.8</ele>
      </trkpt>
      <trkpt lat="43.98306" lon="7.51576">
        <ele>1262.6</ele>
      </trkpt>
      <trkpt lat="43.98342" lon="7.51614">
        <ele>1269.1</ele>
      </trkpt>
      <trkpt lat="43.98366" lon="7.51666">
        <ele>1268.7</ele>
      </trkpt>
      <trkpt lat="43.98379" lon="7.5168">
        <ele>1271.0</ele>
      </trkpt>
      <trkpt lat="43.98391" lon="7.51686">
        <ele>1274.0</ele>
      </trkpt>
      <trkpt lat="43.98397" lon="7.51681">
        <ele>1276.6</ele>
      </trkpt>
      <trkpt lat="43.98399" lon="7.51668">
        <ele>1279.1</ele>
      </trkpt>
      <trkpt lat="43.98382" lon="7.51638">
        <ele>1278.4</ele>
      </trkpt>
      <trkpt lat="43.98376" lon="7.51596">
        <ele>1283.3</ele>
      </trkpt>
      <trkpt lat="43.98357" lon="7.51525">
        <ele>1290.4</ele>
      </trkpt>
      <trkpt lat="43.9831" lon="7.51475">
        <ele>1285.8</ele>
      </trkpt>
      <trkpt lat="43.98285" lon="7.51423">
        <ele>1290.4</ele>
      </trkpt>
      <trkpt lat="43.98263" lon="7.51368">
        <ele>1292.0</ele>
      </trkpt>
      <trkpt lat="43.98259" lon="7.51257">
        <ele>1303.0</ele>
      </trkpt>
      <trkpt lat="43.98255" lon="7.51146">
        <ele>1316.3</ele>
      </trkpt>
      <trkpt lat="43.98238" lon="7.51123">
        <ele>1319.8</ele>
      </trkpt>
      <trkpt lat="43.98206" lon="7.51113">
        <ele>1319.7</ele>
      </trkpt>
      <trkpt lat="43.98161" lon="7.5111">
        <ele>1316.5</ele>
      </trkpt>
      <trkpt lat="43.98106" lon="7.51081">
        <ele>1321.6</ele>
      </trkpt>
      <trkpt lat="43.98068" lon="7.51036">
        <ele>1330.1</ele>
      </trkpt>
      <trkpt lat="43.98011" lon="7.50998">
        <ele>1331.1</ele>
      </trkpt>
      <trkpt lat="43.97955" lon="7.50932">
        <ele>1329.9</ele>
      </trkpt>
      <trkpt lat="43.97943" lon="7.50899">
        <ele>1329.3</ele>
      </trkpt>
      <trkpt lat="43.97944" lon="7.50849">
        <ele>1330.8</ele>
      </trkpt>
      <trkpt lat="43.97945" lon="7.50833">
        <ele>1331.6</ele>
      </trkpt>
      <trkpt lat="43.97971" lon="7.50769">
        <ele>1340.5</ele>
      </trkpt>
      <trkpt lat="43.97998" lon="7.50705">
        <ele>1344.4</ele>
      </trkpt>
      <trkpt lat="43.98048" lon="7.50657">
        <ele>1348.1</ele>
      </trkpt>
      <trkpt lat="43.98097" lon="7.50609">
        <ele>1349.3</ele>
      </trkpt>
      <trkpt lat="43.98111" lon="7.50593">
        <ele>1351.1</ele>
      </trkpt>
      <trkpt lat="43.98132" lon="7.50557">
        <ele>1350.8</ele>
      </trkpt>
      <trkpt lat="43.98163" lon="7.50486">
        <ele>1348.3</ele>
      </trkpt>
      <trkpt lat="43.9818" lon="7.50465">
        <ele>1348.7</ele>
      </trkpt>
      <trkpt lat="43.98247" lon="7.50413">
        <ele>1357.6</ele>
      </trkpt>
      <trkpt lat="43.9828" lon="7.50379">
        <ele>1355.4</ele>
      </trkpt>
      <trkpt lat="43.98293" lon="7.50357">
        <ele>1353.8</ele>
      </trkpt>
      <trkpt lat="43.98302" lon="7.50329">
        <ele>1350.9</ele>
      </trkpt>
      <trkpt lat="43.98309" lon="7.50292">
        <ele>1348.3</ele>
      </trkpt>
      <trkpt lat="43.9831" lon="7.50254">
        <ele>1343.1</ele>
      </trkpt>
      <trkpt lat="43.98312" lon="7.50243">
        <ele>1342.3</ele>
      </trkpt>
      <trkpt lat="43.98327" lon="7.50217">
        <ele>1345.0</ele>
      </trkpt>
      <trkpt lat="43.98339" lon="7.50191">
        <ele>1342.9</ele>
      </trkpt>
      <trkpt lat="43.98346" lon="7.50158">
        <ele>1339.0</ele>
      </trkpt>
      <trkpt lat="43.98353" lon="7.5014">
        <ele>1340.1</ele>
      </trkpt>
      <trkpt lat="43.98343" lon="7.50126">
        <ele>1341.9</ele>
      </trkpt>
      <trkpt lat="43.9833" lon="7.50085">
        <ele>1344.1</ele>
      </trkpt>
      <trkpt lat="43.98312" lon="7.50014">
        <ele>1349.2</ele>
      </trkpt>
      <trkpt lat="43.98289" lon="7.4996">
        <ele>1346.7</ele>
      </trkpt>
      <trkpt lat="43.98273" lon="7.49914">
        <ele>1345.4</ele>
      </trkpt>
      <trkpt lat="43.98281" lon="7.49894">
        <ele>1347.5</ele>
      </trkpt>
      <trkpt lat="43.98308" lon="7.49854">
        <ele>1359.1</ele>
      </trkpt>
      <trkpt lat="43.98322" lon="7.49811">
        <ele>1360.8</ele>
      </trkpt>
      <trkpt lat="43.98333" lon="7.49798">
        <ele>1364.7</ele>
      </trkpt>
      <trkpt lat="43.9837" lon="7.49728">
        <ele>1365.4</ele>
      </trkpt>
      <trkpt lat="43.98375" lon="7.49659">
        <ele>1363.8</ele>
      </trkpt>
      <trkpt lat="43.98387" lon="7.49624">
        <ele>1371.6</ele>
      </trkpt>
      <trkpt lat="43.98386" lon="7.49589">
        <ele>1370.3</ele>
      </trkpt>
      <trkpt lat="43.98394" lon="7.49556">
        <ele>1376.3</ele>
      </trkpt>
      <trkpt lat="43.98414" lon="7.49509">
        <ele>1391.1</ele>
      </trkpt>
      <trkpt lat="43.98414" lon="7.49485">
        <ele>1394.0</ele>
      </trkpt>
      <trkpt lat="43.98407" lon="7.49415">
        <ele>1402.4</ele>
      </trkpt>
      <trkpt lat="43.98398" lon="7.4939">
        <ele>1400.2</ele>
      </trkpt>
      <trkpt lat="43.98385" lon="7.49366">
        <ele>1395.2</ele>
      </trkpt>
      <trkpt lat="43.98372" lon="7.49344">
        <ele>1390.1</ele>
      </trkpt>
      <trkpt lat="43.98373" lon="7.49332">
        <ele>1392.9</ele>
      </trkpt>
      <trkpt lat="43.9839" lon="7.4929">
        <ele>1409.6</ele>
      </trkpt>
      <trkpt lat="43.98386" lon="7.4927">
        <ele>1409.7</ele>
      </trkpt>
      <trkpt lat="43.9837" lon="7.49243">
        <ele>1405.2</ele>
      </trkpt>
      <trkpt lat="43.9836" lon="7.49201">
        <ele>1412.1</ele>
      </trkpt>
      <trkpt lat="43.98357" lon="7.49182">
        <ele>1416.2</ele>
      </trkpt>
      <trkpt lat="43.9836" lon="7.49155">
        <ele>1425.0</ele>
      </trkpt>
      <trkpt lat="43.98359" lon="7.49125">
        <ele>1431.2</ele>
      </trkpt>
      <trkpt lat="43.98349" lon="7.49098">
        <ele>1431.6</ele>
      </trkpt>
      <trkpt lat="43.98326" lon="7.49074">
        <ele>1421.5</ele>
      </trkpt>
      <trkpt lat="43.9832" lon="7.49057">
        <ele>1418.0</ele>
      </trkpt>
      <trkpt lat="43.98319" lon="7.49039">
        <ele>1417.5</ele>
      </trkpt>
      <trkpt lat="43.98346" lon="7.4896">
        <ele>1435.7</ele>
      </trkpt>
      <trkpt lat="43.98345" lon="7.48918">
        <ele>1435.7</ele>
      </trkpt>
      <trkpt lat="43.98347" lon="7.48882">
        <ele>1436.0</ele>
      </trkpt>
      <trkpt lat="43.98361" lon="7.48807">
        <ele>1444.4</ele>
      </trkpt>
      <trkpt lat="43.98362" lon="7.4871">
        <ele>1446.7</ele>
      </trkpt>
      <trkpt lat="43.98367" lon="7.48668">
        <ele>1451.6</ele>
      </trkpt>
      <trkpt lat="43.98381" lon="7.48618">
        <ele>1468.0</ele>
      </trkpt>
      <trkpt lat="43.98378" lon="7.48599">
        <ele>1468.9</ele>
      </trkpt>
      <trkpt lat="43.98339" lon="7.48534">
        <ele>1463.4</ele>
      </trkpt>
      <trkpt lat="43.98317" lon="7.48482">
        <ele>1465.9</ele>
      </trkpt>
      <trkpt lat="43.98293" lon="7.48438">
        <ele>1463.0</ele>
      </trkpt>
      <trkpt lat="43.9829" lon="7.48419">
        <ele>1465.2</ele>
      </trkpt>
      <trkpt lat="43.98298" lon="7.4839">
        <ele>1463.6</ele>
      </trkpt>
      <trkpt lat="43.98315" lon="7.48363">
        <ele>1466.5</ele>
      </trkpt>
      <trkpt lat="43.98349" lon="7.48334">
        <ele>1478.4</ele>
      </trkpt>
      <trkpt lat="43.98362" lon="7.48327">
        <ele>1482.2</ele>
      </trkpt>
      <trkpt lat="43.98383" lon="7.48327">
        <ele>1493.3</ele>
      </trkpt>
      <trkpt lat="43.98397" lon="7.48321">
        <ele>1498.0</ele>
      </trkpt>
      <trkpt lat="43.98405" lon="7.48306">
        <ele>1495.6</ele>
      </trkpt>
      <trkpt lat="43.98411" lon="7.48274">
        <ele>1484.5</ele>
      </trkpt>
      <trkpt lat="43.98416" lon="7.48263">
        <ele>1482.4</ele>
      </trkpt>
      <trkpt lat="43.9844" lon="7.48254">
        <ele>1494.1</ele>
      </trkpt>
      <trkpt lat="43.98454" lon="7.48246">
        <ele>1501.3</ele>
      </trkpt>
      <trkpt lat="43.98466" lon="7.48226">
        <ele>1508.1</ele>
      </trkpt>
      <trkpt lat="43.98472" lon="7.48211">
        <ele>1511.3</ele>
      </trkpt>
      <trkpt lat="43.98472" lon="7.482">
        <ele>1510.7</ele>
      </trkpt>
      <trkpt lat="43.98444" lon="7.48149">
        <ele>1488.3</ele>
      </trkpt>
      <trkpt lat="43.98446" lon="7.48135">
        <ele>1490.4</ele>
      </trkpt>
      <trkpt lat="43.98457" lon="7.48118">
        <ele>1500.0</ele>
      </trkpt>
      <trkpt lat="43.98459" lon="7.48096">
        <ele>1502.9</ele>
      </trkpt>
      <trkpt lat="43.98456" lon="7.48067">
        <ele>1500.1</ele>
      </trkpt>
      <trkpt lat="43.98467" lon="7.4803">
        <ele>1507.8</ele>
      </trkpt>
      <trkpt lat="43.9847" lon="7.48009">
        <ele>1509.5</ele>
      </trkpt>
      <trkpt lat="43.98481" lon="7.47984">
        <ele>1519.7</ele>
      </trkpt>
      <trkpt lat="43.98479" lon="7.4796">
        <ele>1519.2</ele>
      </trkpt>
      <trkpt lat="43.98467" lon="7.47911">
        <ele>1511.7</ele>
      </trkpt>
      <trkpt lat="43.98463" lon="7.47891">
        <ele>1508.2</ele>
      </trkpt>
      <trkpt lat="43.98469" lon="7.47867">
        <ele>1512.2</ele>
      </trkpt>
      <trkpt lat="43.98487" lon="7.47831">
        <ele>1524.3</ele>
      </trkpt>
      <trkpt lat="43.985" lon="7.47777">
        <ele>1530.0</ele>
      </trkpt>
      <trkpt lat="43.98508" lon="7.47717">
        <ele>1528.0</ele>
      </trkpt>
      <trkpt lat="43.98514" lon="7.47704">
        <ele>1528.8</ele>
      </trkpt>
      <trkpt lat="43.98526" lon="7.47698">
        <ele>1532.4</ele>
      </trkpt>
      <trkpt lat="43.98553" lon="7.47694">
        <ele>1541.5</ele>
      </trkpt>
      <trkpt lat="43.98567" lon="7.47686">
        <ele>1544.8</ele>
      </trkpt>
      <trkpt lat="43.98583" lon="7.47663">
        <ele>1544.7</ele>
      </trkpt>
      <trkpt lat="43.9861" lon="7.47644">
        <ele>1545.6</ele>
      </trkpt>
      <trkpt lat="43.98653" lon="7.47633">
        <ele>1554.5</ele>
      </trkpt>
      <trkpt lat="43.98692" lon="7.47638">
        <ele>1567.1</ele>
      </trkpt>
      <trkpt lat="43.98715" lon="7.47639">
        <ele>1574.2</ele>
      </trkpt>
      <trkpt lat="43.98727" lon="7.47633">
        <ele>1577.2</ele>
      </trkpt>
      <trkpt lat="43.98729" lon="7.47614">
        <ele>1576.0</ele>
      </trkpt>
      <trkpt lat="43.98723" lon="7.4758">
        <ele>1570.7</ele>
      </trkpt>
      <trkpt lat="43.98707" lon="7.47544">
        <ele>1563.4</ele>
      </trkpt>
      <trkpt lat="43.98709" lon="7.4753">
        <ele>1564.2</ele>
      </trkpt>
      <trkpt lat="43.98725" lon="7.47506">
        <ele>1572.4</ele>
      </trkpt>
      <trkpt lat="43.98729" lon="7.4749">
        <ele>1574.2</ele>
      </trkpt>
      <trkpt lat="43.98724" lon="7.47453">
        <ele>1569.8</ele>
      </trkpt>
      <trkpt lat="43.98726" lon="7.47432">
        <ele>1569.8</ele>
      </trkpt>
      <trkpt lat="43.98726" lon="7.47432">
        <ele>1569.8</ele>
      </trkpt>
      <trkpt lat="43.98729" lon="7.47409">
        <ele>1568.8</ele>
      </trkpt>
      <trkpt lat="43.98734" lon="7.47389">
        <ele>1566.4</ele>
      </trkpt>
      <trkpt lat="43.98744" lon="7.47387">
        <ele>1570.1</ele>
      </trkpt>
      <trkpt lat="43.98768" lon="7.47397">
        <ele>1578.4</ele>
      </trkpt>
      <trkpt lat="43.98783" lon="7.47395">
        <ele>1580.6</ele>
      </trkpt>
      <trkpt lat="43.98834" lon="7.47379">
        <ele>1583.4</ele>
      </trkpt>
      <trkpt lat="43.98885" lon="7.47362">
        <ele>1589.5</ele>
      </trkpt>
      <trkpt lat="43.98924" lon="7.47327">
        <ele>1585.4</ele>
      </trkpt>
      <trkpt lat="43.98972" lon="7.47274">
        <ele>1581.9</ele>
      </trkpt>
      <trkpt lat="43.98976" lon="7.47258">
        <ele>1578.6</ele>
      </trkpt>
      <trkpt lat="43.98974" lon="7.47222">
        <ele>1570.5</ele>
      </trkpt>
      <trkpt lat="43.9898" lon="7.47211">
        <ele>1571.6</ele>
      </trkpt>
      <trkpt lat="43.99024" lon="7.4718">
        <ele>1587.8</ele>
      </trkpt>
      <trkpt lat="43.9908" lon="7.47135">
        <ele>1604.3</ele>
      </trkpt>
      <trkpt lat="43.99087" lon="7.4712">
        <ele>1605.1</ele>
      </trkpt>
      <trkpt lat="43.99091" lon="7.47069">
        <ele>1603.6</ele>
      </trkpt>
      <trkpt lat="43.9909" lon="7.47049">
        <ele>1605.3</ele>
      </trkpt>
      <trkpt lat="43.99083" lon="7.47025">
        <ele>1605.1</ele>
      </trkpt>
      <trkpt lat="43.99064" lon="7.46984">
        <ele>1598.3</ele>
      </trkpt>
      <trkpt lat="43.99057" lon="7.4696">
        <ele>1596.9</ele>
      </trkpt>
      <trkpt lat="43.99044" lon="7.46902">
        <ele>1593.3</ele>
      </trkpt>
      <trkpt lat="43.99041" lon="7.4688">
        <ele>1589.1</ele>
      </trkpt>
      <trkpt lat="43.99049" lon="7.46865">
        <ele>1590.7</ele>
      </trkpt>
      <trkpt lat="43.99092" lon="7.46839">
        <ele>1604.7</ele>
      </trkpt>
      <trkpt lat="43.99132" lon="7.46789">
        <ele>1605.7</ele>
      </trkpt>
      <trkpt lat="43.99184" lon="7.46738">
        <ele>1608.6</ele>
      </trkpt>
      <trkpt lat="43.99195" lon="7.46722">
        <ele>1607.6</ele>
      </trkpt>
      <trkpt lat="43.99204" lon="7.46701">
        <ele>1605.6</ele>
      </trkpt>
      <trkpt lat="43.99207" lon="7.46678">
        <ele>1601.8</ele>
      </trkpt>
      <trkpt lat="43.99208" lon="7.46651">
        <ele>1596.5</ele>
      </trkpt>
      <trkpt lat="43.99218" lon="7.46624">
        <ele>1595.2</ele>
      </trkpt>
      <trkpt lat="43.99228" lon="7.46605">
        <ele>1596.1</ele>
      </trkpt>
      <trkpt lat="43.99246" lon="7.46596">
        <ele>1603.2</ele>
      </trkpt>
      <trkpt lat="43.99265" lon="7.46591">
        <ele>1606.9</ele>
      </trkpt>
      <trkpt lat="43.9929" lon="7.46578">
        <ele>1609.7</ele>
      </trkpt>
      <trkpt lat="43.99336" lon="7.46532">
        <ele>1615.9</ele>
      </trkpt>
      <trkpt lat="43.99358" lon="7.46504">
        <ele>1615.5</ele>
      </trkpt>
      <trkpt lat="43.99373" lon="7.46461">
        <ele>1613.0</ele>
      </trkpt>
      <trkpt lat="43.99381" lon="7.46403">
        <ele>1611.1</ele>
      </trkpt>
      <trkpt lat="43.99391" lon="7.4637">
        <ele>1613.0</ele>
      </trkpt>
      <trkpt lat="43.99423" lon="7.46326">
        <ele>1625.7</ele>
      </trkpt>
      <trkpt lat="43.99439" lon="7.4628">
        <ele>1625.8</ele>
      </trkpt>
      <trkpt lat="43.99443" lon="7.46249">
        <ele>1626.6</ele>
      </trkpt>
      <trkpt lat="43.99442" lon="7.46178">
        <ele>1628.5</ele>
      </trkpt>
      <trkpt lat="43.99452" lon="7.46114">
        <ele>1628.5</ele>
      </trkpt>
      <trkpt lat="43.9947" lon="7.46078">
        <ele>1633.5</ele>
      </trkpt>
      <trkpt lat="43.99533" lon="7.46036">
        <ele>1645.8</ele>
      </trkpt>
      <trkpt lat="43.99554" lon="7.46014">
        <ele>1649.7</ele>
      </trkpt>
      <trkpt lat="43.99586" lon="7.45971">
        <ele>1654.0</ele>
      </trkpt>
      <trkpt lat="43.99613" lon="7.45927">
        <ele>1655.6</ele>
      </trkpt>
      <trkpt lat="43.99644" lon="7.45867">
        <ele>1659.7</ele>
      </trkpt>
      <trkpt lat="43.9966" lon="7.45825">
        <ele>1661.1</ele>
      </trkpt>
      <trkpt lat="43.99687" lon="7.45771">
        <ele>1671.9</ele>
      </trkpt>
      <trkpt lat="43.9969" lon="7.45752">
        <ele>1671.4</ele>
      </trkpt>
      <trkpt lat="43.99694" lon="7.45704">
        <ele>1676.2</ele>
      </trkpt>
      <trkpt lat="43.99692" lon="7.45693">
        <ele>1675.4</ele>
      </trkpt>
      <trkpt lat="43.99682" lon="7.45664">
        <ele>1669.6</ele>
      </trkpt>
      <trkpt lat="43.99683" lon="7.45646">
        <ele>1669.7</ele>
      </trkpt>
      <trkpt lat="43.99699" lon="7.45586">
        <ele>1679.4</ele>
      </trkpt>
      <trkpt lat="43.99699" lon="7.45571">
        <ele>1678.4</ele>
      </trkpt>
      <trkpt lat="43.99693" lon="7.45538">
        <ele>1671.9</ele>
      </trkpt>
      <trkpt lat="43.99696" lon="7.45525">
        <ele>1673.1</ele>
      </trkpt>
      <trkpt lat="43.99717" lon="7.45478">
        <ele>1681.9</ele>
      </trkpt>
      <trkpt lat="43.9974" lon="7.45413">
        <ele>1685.2</ele>
      </trkpt>
      <trkpt lat="43.99747" lon="7.45386">
        <ele>1688.5</ele>
      </trkpt>
      <trkpt lat="43.99753" lon="7.45342">
        <ele>1688.9</ele>
      </trkpt>
      <trkpt lat="43.99759" lon="7.45317">
        <ele>1688.1</ele>
      </trkpt>
      <trkpt lat="43.99788" lon="7.45247">
        <ele>1690.3</ele>
      </trkpt>
      <trkpt lat="43.99797" lon="7.45218">
        <ele>1695.4</ele>
      </trkpt>
      <trkpt lat="43.99795" lon="7.45167">
        <ele>1699.5</ele>
      </trkpt>
      <trkpt lat="43.99787" lon="7.45103">
        <ele>1700.5</ele>
      </trkpt>
      <trkpt lat="43.99781" lon="7.45069">
        <ele>1699.2</ele>
      </trkpt>
      <trkpt lat="43.99789" lon="7.44978">
        <ele>1708.2</ele>
      </trkpt>
      <trkpt lat="43.99785" lon="7.44928">
        <ele>1712.0</ele>
      </trkpt>
      <trkpt lat="43.99761" lon="7.44852">
        <ele>1716.9</ele>
      </trkpt>
      <trkpt lat="43.99727" lon="7.44798">
        <ele>1720.7</ele>
      </trkpt>
      <trkpt lat="43.9966" lon="7.44739">
        <ele>1716.5</ele>
      </trkpt>
      <trkpt lat="43.9965" lon="7.44715">
        <ele>1725.3</ele>
      </trkpt>
      <trkpt lat="43.99643" lon="7.44704">
        <ele>1729.6</ele>
      </trkpt>
      <trkpt lat="43.99635" lon="7.44702">
        <ele>1730.5</ele>
      </trkpt>
      <trkpt lat="43.99569" lon="7.44718">
        <ele>1726.5</ele>
      </trkpt>
      <trkpt lat="43.99515" lon="7.44748">
        <ele>1728.1</ele>
      </trkpt>
      <trkpt lat="43.99461" lon="7.44778">
        <ele>1721.1</ele>
      </trkpt>
      <trkpt lat="43.99418" lon="7.44794">
        <ele>1719.4</ele>
      </trkpt>
      <trkpt lat="43.99409" lon="7.44789">
        <ele>1719.2</ele>
      </trkpt>
      <trkpt lat="43.99383" lon="7.44753">
        <ele>1726.8</ele>
      </trkpt>
      <trkpt lat="43.99372" lon="7.44729">
        <ele>1736.8</ele>
      </trkpt>
      <trkpt lat="43.99366" lon="7.44724">
        <ele>1738.1</ele>
      </trkpt>
      <trkpt lat="43.99347" lon="7.44725">
        <ele>1733.2</ele>
      </trkpt>
      <trkpt lat="43.9934" lon="7.4472">
        <ele>1734.5</ele>
      </trkpt>
      <trkpt lat="43.99333" lon="7.4471">
        <ele>1739.1</ele>
      </trkpt>
      <trkpt lat="43.99326" lon="7.44707">
        <ele>1742.2</ele>
      </trkpt>
      <trkpt lat="43.99322" lon="7.44707">
        <ele>1743.0</ele>
      </trkpt>
      <trkpt lat="43.99302" lon="7.44725">
        <ele>1736.6</ele>
      </trkpt>
      <trkpt lat="43.99277" lon="7.44736">
        <ele>1735.7</ele>
      </trkpt>
      <trkpt lat="43.99264" lon="7.44736">
        <ele>1738.5</ele>
      </trkpt>
      <trkpt lat="43.99255" lon="7.44744">
        <ele>1736.1</ele>
      </trkpt>
      <trkpt lat="43.99249" lon="7.44753">
        <ele>1732.8</ele>
      </trkpt>
      <trkpt lat="43.9924" lon="7.44756">
        <ele>1734.2</ele>
      </trkpt>
      <trkpt lat="43.99227" lon="7.44752">
        <ele>1740.5</ele>
      </trkpt>
      <trkpt lat="43.99209" lon="7.44757">
        <ele>1744.0</ele>
      </trkpt>
      <trkpt lat="43.99195" lon="7.44773">
        <ele>1741.6</ele>
      </trkpt>
      <trkpt lat="43.99164" lon="7.44814">
        <ele>1736.2</ele>
      </trkpt>
      <trkpt lat="43.99154" lon="7.44813">
        <ele>1741.4</ele>
      </trkpt>
      <trkpt lat="43.99147" lon="7.4481">
        <ele>1746.1</ele>
      </trkpt>
      <trkpt lat="43.99147" lon="7.4481">
        <ele>1746.1</ele>
      </trkpt>
      <trkpt lat="43.99134" lon="7.44803">
        <ele>1755.3</ele>
      </trkpt>
      <trkpt lat="43.9912" lon="7.44807">
        <ele>1760.5</ele>
      </trkpt>
      <trkpt lat="43.99084" lon="7.44847">
        <ele>1761.9</ele>
      </trkpt>
      <trkpt lat="43.99036" lon="7.44931">
        <ele>1751.9</ele>
      </trkpt>
      <trkpt lat="43.99018" lon="7.44955">
        <ele>1749.9</ele>
      </trkpt>
      <trkpt lat="43.99" lon="7.44967">
        <ele>1752.1</ele>
      </trkpt>
      <trkpt lat="43.98987" lon="7.44965">
        <ele>1750.4</ele>
      </trkpt>
      <trkpt lat="43.98976" lon="7.44958">
        <ele>1750.7</ele>
      </trkpt>
      <trkpt lat="43.98949" lon="7.44908">
        <ele>1758.9</ele>
      </trkpt>
      <trkpt lat="43.98928" lon="7.44849">
        <ele>1767.0</ele>
      </trkpt>
      <trkpt lat="43.98906" lon="7.44789">
        <ele>1772.7</ele>
      </trkpt>
      <trkpt lat="43.98892" lon="7.44772">
        <ele>1768.8</ele>
      </trkpt>
      <trkpt lat="43.98885" lon="7.44759">
        <ele>1768.1</ele>
      </trkpt>
      <trkpt lat="43.98874" lon="7.44716">
        <ele>1770.2</ele>
      </trkpt>
      <trkpt lat="43.9887" lon="7.44688">
        <ele>1772.7</ele>
      </trkpt>
      <trkpt lat="43.9887" lon="7.44588">
        <ele>1787.1</ele>
      </trkpt>
      <trkpt lat="43.98863" lon="7.44556">
        <ele>1789.4</ele>
      </trkpt>
      <trkpt lat="43.98845" lon="7.44512">
        <ele>1790.9</ele>
      </trkpt>
      <trkpt lat="43.98828" lon="7.44484">
        <ele>1789.9</ele>
      </trkpt>
      <trkpt lat="43.98819" lon="7.44463">
        <ele>1791.0</ele>
      </trkpt>
      <trkpt lat="43.98811" lon="7.44449">
        <ele>1791.6</ele>
      </trkpt>
      <trkpt lat="43.98799" lon="7.44444">
        <ele>1789.5</ele>
      </trkpt>
      <trkpt lat="43.98786" lon="7.44446">
        <ele>1785.6</ele>
      </trkpt>
      <trkpt lat="43.98775" lon="7.44441">
        <ele>1784.2</ele>
      </trkpt>
      <trkpt lat="43.98733" lon="7.44394">
        <ele>1782.8</ele>
      </trkpt>
      <trkpt lat="43.98707" lon="7.44368">
        <ele>1782.2</ele>
      </trkpt>
      <trkpt lat="43.98705" lon="7.44358">
        <ele>1783.3</ele>
      </trkpt>
      <trkpt lat="43.98725" lon="7.44366">
        <ele>1783.2</ele>
      </trkpt>
      <trkpt lat="43.988" lon="7.44413">
        <ele>1795.8</ele>
      </trkpt>
      <trkpt lat="43.98845" lon="7.44423">
        <ele>1804.1</ele>
      </trkpt>
      <trkpt lat="43.98861" lon="7.4442">
        <ele>1807.4</ele>
      </trkpt>
      <trkpt lat="43.98908" lon="7.44422">
        <ele>1816.0</ele>
      </trkpt>
      <trkpt lat="43.98959" lon="7.4442">
        <ele>1820.8</ele>
      </trkpt>
      <trkpt lat="43.99017" lon="7.44424">
        <ele>1825.9</ele>
      </trkpt>
      <trkpt lat="43.99033" lon="7.44428">
        <ele>1827.8</ele>
      </trkpt>
      <trkpt lat="43.99067" lon="7.44444">
        <ele>1834.5</ele>
      </trkpt>
      <trkpt lat="43.99102" lon="7.44467">
        <ele>1844.4</ele>
      </trkpt>
      <trkpt lat="43.99112" lon="7.44469">
        <ele>1845.8</ele>
      </trkpt>
      <trkpt lat="43.99193" lon="7.44433">
        <ele>1843.7</ele>
      </trkpt>
      <trkpt lat="43.99222" lon="7.44423">
        <ele>1846.6</ele>
      </trkpt>
      <trkpt lat="43.99246" lon="7.44422">
        <ele>1850.7</ele>
      </trkpt>
      <trkpt lat="43.99288" lon="7.44425">
        <ele>1853.7</ele>
      </trkpt>
      <trkpt lat="43.9933" lon="7.44441">
        <ele>1854.3</ele>
      </trkpt>
      <trkpt lat="43.99353" lon="7.44443">
        <ele>1856.4</ele>
      </trkpt>
      <trkpt lat="43.99383" lon="7.44438">
        <ele>1860.4</ele>
      </trkpt>
      <trkpt lat="43.9944" lon="7.44418">
        <ele>1868.9</ele>
      </trkpt>
      <trkpt lat="43.99496" lon="7.44398">
        <ele>1873.5</ele>
      </trkpt>
      <trkpt lat="43.99536" lon="7.44374">
        <ele>1874.3</ele>
      </trkpt>
      <trkpt lat="43.99565" lon="7.44362">
        <ele>1878.2</ele>
      </trkpt>
      <trkpt lat="43.99605" lon="7.44349">
        <ele>1884.0</ele>
      </trkpt>
      <trkpt lat="43.99647" lon="7.44289">
        <ele>1891.2</ele>
      </trkpt>
      <trkpt lat="43.99672" lon="7.44244">
        <ele>1897.8</ele>
      </trkpt>
      <trkpt lat="43.99678" lon="7.44229">
        <ele>1898.6</ele>
      </trkpt>
      <trkpt lat="43.99681" lon="7.44219">
        <ele>1899.0</ele>
      </trkpt>
      <trkpt lat="43.99681" lon="7.44204">
        <ele>1898.5</ele>
      </trkpt>
      <trkpt lat="43.99679" lon="7.44186">
        <ele>1897.4</ele>
      </trkpt>
      <trkpt lat="43.9968" lon="7.44172">
        <ele>1897.2</ele>
      </trkpt>
      <trkpt lat="43.99686" lon="7.44146">
        <ele>1898.1</ele>
      </trkpt>
      <trkpt lat="43.99694" lon="7.44118">
        <ele>1900.0</ele>
      </trkpt>
      <trkpt lat="43.99702" lon="7.44102">
        <ele>1902.7</ele>
      </trkpt>
      <trkpt lat="43.99748" lon="7.44032">
        <ele>1915.0</ele>
      </trkpt>
      <trkpt lat="43.99795" lon="7.43962">
        <ele>1916.1</ele>
      </trkpt>
      <trkpt lat="43.99808" lon="7.43948">
        <ele>1917.3</ele>
      </trkpt>
      <trkpt lat="43.99848" lon="7.43932">
        <ele>1921.5</ele>
      </trkpt>
      <trkpt lat="43.99864" lon="7.43922">
        <ele>1920.9</ele>
      </trkpt>
      <trkpt lat="43.9988" lon="7.43902">
        <ele>1921.5</ele>
      </trkpt>
      <trkpt lat="43.99886" lon="7.43888">
        <ele>1922.6</ele>
      </trkpt>
      <trkpt lat="43.9989" lon="7.43836">
        <ele>1926.2</ele>
      </trkpt>
      <trkpt lat="43.99921" lon="7.43721">
        <ele>1939.8</ele>
      </trkpt>
      <trkpt lat="43.99922" lon="7.43706">
        <ele>1940.4</ele>
      </trkpt>
      <trkpt lat="43.99919" lon="7.43679">
        <ele>1939.8</ele>
      </trkpt>
      <trkpt lat="43.99922" lon="7.43661">
        <ele>1941.9</ele>
      </trkpt>
      <trkpt lat="43.99933" lon="7.43612">
        <ele>1951.4</ele>
      </trkpt>
      <trkpt lat="43.99937" lon="7.436">
        <ele>1954.4</ele>
      </trkpt>
      <trkpt lat="43.99949" lon="7.43578">
        <ele>1962.5</ele>
      </trkpt>
      <trkpt lat="43.99949" lon="7.43572">
        <ele>1963.7</ele>
      </trkpt>
      <trkpt lat="43.99949" lon="7.43565">
        <ele>1965.1</ele>
      </trkpt>
      <trkpt lat="43.99944" lon="7.43556">
        <ele>1965.0</ele>
      </trkpt>
      <trkpt lat="43.99923" lon="7.43539">
        <ele>1960.6</ele>
      </trkpt>
      <trkpt lat="43.99889" lon="7.43501">
        <ele>1958.1</ele>
      </trkpt>
      <trkpt lat="43.99874" lon="7.43479">
        <ele>1957.3</ele>
      </trkpt>
      <trkpt lat="43.99868" lon="7.43464">
        <ele>1957.8</ele>
      </trkpt>
      <trkpt lat="43.99865" lon="7.43449">
        <ele>1959.3</ele>
      </trkpt>
      <trkpt lat="43.99865" lon="7.43438">
        <ele>1961.3</ele>
      </trkpt>
      <trkpt lat="43.99878" lon="7.43354">
        <ele>1976.6</ele>
      </trkpt>
      <trkpt lat="43.99878" lon="7.43354">
        <ele>1976.6</ele>
      </trkpt>
      <trkpt lat="43.99888" lon="7.43276">
        <ele>1984.2</ele>
      </trkpt>
      <trkpt lat="43.99898" lon="7.43199">
        <ele>1991.2</ele>
      </trkpt>
      <trkpt lat="43.99902" lon="7.43117">
        <ele>2001.3</ele>
      </trkpt>
      <trkpt lat="43.999" lon="7.43087">
        <ele>2004.7</ele>
      </trkpt>
      <trkpt lat="43.99888" lon="7.43051">
        <ele>2008.1</ele>
      </trkpt>
      <trkpt lat="43.99864" lon="7.43003">
        <ele>2010.4</ele>
      </trkpt>
      <trkpt lat="43.99857" lon="7.42995">
        <ele>2009.3</ele>
      </trkpt>
      <trkpt lat="43.99841" lon="7.42983">
        <ele>2005.3</ele>
      </trkpt>
      <trkpt lat="43.99833" lon="7.42969">
        <ele>2005.5</ele>
      </trkpt>
      <trkpt lat="43.99829" lon="7.42955">
        <ele>2009.0</ele>
      </trkpt>
      <trkpt lat="43.99825" lon="7.4292">
        <ele>2017.5</ele>
      </trkpt>
      <trkpt lat="43.99813" lon="7.4289">
        <ele>2021.3</ele>
      </trkpt>
      <trkpt lat="43.9981" lon="7.42877">
        <ele>2022.6</ele>
      </trkpt>
      <trkpt lat="43.9981" lon="7.42847">
        <ele>2025.4</ele>
      </trkpt>
      <trkpt lat="43.99818" lon="7.42802">
        <ele>2029.7</ele>
      </trkpt>
      <trkpt lat="43.99817" lon="7.4279">
        <ele>2030.7</ele>
      </trkpt>
      <trkpt lat="43.99812" lon="7.42782">
        <ele>2031.5</ele>
      </trkpt>
      <trkpt lat="43.99806" lon="7.42781">
        <ele>2031.7</ele>
      </trkpt>
      <trkpt lat="43.99799" lon="7.42786">
        <ele>2031.3</ele>
      </trkpt>
      <trkpt lat="43.99773" lon="7.42838">
        <ele>2025.9</ele>
      </trkpt>
      <trkpt lat="43.99764" lon="7.42862">
        <ele>2024.2</ele>
      </trkpt>
      <trkpt lat="43.99749" lon="7.4291">
        <ele>2021.7</ele>
      </trkpt>
      <trkpt lat="43.99728" lon="7.43016">
        <ele>2009.8</ele>
      </trkpt>
      <trkpt lat="43.997" lon="7.43096">
        <ele>2005.0</ele>
      </trkpt>
      <trkpt lat="43.99686" lon="7.4312">
        <ele>2003.6</ele>
      </trkpt>
      <trkpt lat="43.99675" lon="7.43134">
        <ele>2003.6</ele>
      </trkpt>
      <trkpt lat="43.99616" lon="7.4319">
        <ele>1996.7</ele>
      </trkpt>
      <trkpt lat="43.99604" lon="7.43196">
        <ele>1996.4</ele>
      </trkpt>
      <trkpt lat="43.99588" lon="7.43196">
        <ele>1999.2</ele>
      </trkpt>
      <trkpt lat="43.99551" lon="7.43191">
        <ele>2000.4</ele>
      </trkpt>
      <trkpt lat="43.99531" lon="7.43184">
        <ele>2002.0</ele>
      </trkpt>
      <trkpt lat="43.99511" lon="7.43181">
        <ele>2001.8</ele>
      </trkpt>
      <trkpt lat="43.99502" lon="7.43182">
        <ele>2000.8</ele>
      </trkpt>
      <trkpt lat="43.99456" lon="7.43201">
        <ele>1994.1</ele>
      </trkpt>
      <trkpt lat="43.9941" lon="7.43214">
        <ele>1990.6</ele>
      </trkpt>
      <trkpt lat="43.99392" lon="7.43216">
        <ele>1988.9</ele>
      </trkpt>
      <trkpt lat="43.99387" lon="7.43215">
        <ele>1988.6</ele>
      </trkpt>
      <trkpt lat="43.99372" lon="7.43196">
        <ele>1988.3</ele>
      </trkpt>
      <trkpt lat="43.99363" lon="7.43182">
        <ele>1987.0</ele>
      </trkpt>
      <trkpt lat="43.99355" lon="7.43172">
        <ele>1985.1</ele>
      </trkpt>
      <trkpt lat="43.99346" lon="7.4315">
        <ele>1982.8</ele>
      </trkpt>
      <trkpt lat="43.99342" lon="7.43126">
        <ele>1982.0</ele>
      </trkpt>
      <trkpt lat="43.99343" lon="7.43105">
        <ele>1982.6</ele>
      </trkpt>
      <trkpt lat="43.99349" lon="7.43027">
        <ele>1984.6</ele>
      </trkpt>
      <trkpt lat="43.99347" lon="7.42964">
        <ele>1977.1</ele>
      </trkpt>
      <trkpt lat="43.99354" lon="7.42941">
        <ele>1975.7</ele>
      </trkpt>
      <trkpt lat="43.99368" lon="7.42928">
        <ele>1977.8</ele>
      </trkpt>
      <trkpt lat="43.9938" lon="7.42924">
        <ele>1980.7</ele>
      </trkpt>
      <trkpt lat="43.99403" lon="7.42925">
        <ele>1988.2</ele>
      </trkpt>
      <trkpt lat="43.99412" lon="7.42918">
        <ele>1989.0</ele>
      </trkpt>
      <trkpt lat="43.99434" lon="7.42873">
        <ele>1984.6</ele>
      </trkpt>
      <trkpt lat="43.99465" lon="7.42817">
        <ele>1981.7</ele>
      </trkpt>
      <trkpt lat="43.99481" lon="7.428">
        <ele>1984.6</ele>
      </trkpt>
      <trkpt lat="43.99492" lon="7.42776">
        <ele>1983.2</ele>
      </trkpt>
      <trkpt lat="43.99513" lon="7.42714">
        <ele>1977.9</ele>
      </trkpt>
      <trkpt lat="43.9952" lon="7.42702">
        <ele>1978.2</ele>
      </trkpt>
      <trkpt lat="43.9952" lon="7.42702">
        <ele>1978.2</ele>
      </trkpt>
      <trkpt lat="43.99528" lon="7.42686">
        <ele>1977.7</ele>
      </trkpt>
      <trkpt lat="43.99564" lon="7.42636">
        <ele>1980.4</ele>
      </trkpt>
      <trkpt lat="43.99569" lon="7.42624">
        <ele>1979.7</ele>
      </trkpt>
      <trkpt lat="43.99574" lon="7.42602">
        <ele>1976.7</ele>
      </trkpt>
      <trkpt lat="43.99575" lon="7.42575">
        <ele>1972.0</ele>
      </trkpt>
      <trkpt lat="43.99575" lon="7.42527">
        <ele>1968.9</ele>
      </trkpt>
      <trkpt lat="43.99581" lon="7.42489">
        <ele>1971.8</ele>
      </trkpt>
      <trkpt lat="43.99581" lon="7.42475">
        <ele>1972.3</ele>
      </trkpt>
      <trkpt lat="43.99574" lon="7.42445">
        <ele>1968.7</ele>
      </trkpt>
      <trkpt lat="43.99569" lon="7.4243">
        <ele>1966.0</ele>
      </trkpt>
      <trkpt lat="43.99543" lon="7.42372">
        <ele>1958.5</ele>
      </trkpt>
      <trkpt lat="43.99518" lon="7.42298">
        <ele>1954.7</ele>
      </trkpt>
      <trkpt lat="43.99498" lon="7.42267">
        <ele>1946.2</ele>
      </trkpt>
      <trkpt lat="43.9949" lon="7.4225">
        <ele>1943.5</ele>
      </trkpt>
      <trkpt lat="43.99484" lon="7.42223">
        <ele>1939.5</ele>
      </trkpt>
      <trkpt lat="43.99484" lon="7.42203">
        <ele>1939.4</ele>
      </trkpt>
      <trkpt lat="43.99491" lon="7.4215">
        <ele>1939.0</ele>
      </trkpt>
      <trkpt lat="43.99499" lon="7.42123">
        <ele>1937.1</ele>
      </trkpt>
      <trkpt lat="43.9953" lon="7.42066">
        <ele>1939.3</ele>
      </trkpt>
      <trkpt lat="43.9955" lon="7.42002">
        <ele>1929.9</ele>
      </trkpt>
      <trkpt lat="43.9959" lon="7.41891">
        <ele>1922.6</ele>
      </trkpt>
      <trkpt lat="43.99601" lon="7.41849">
        <ele>1919.6</ele>
      </trkpt>
      <trkpt lat="43.99613" lon="7.41759">
        <ele>1912.9</ele>
      </trkpt>
      <trkpt lat="43.99613" lon="7.41727">
        <ele>1911.0</ele>
      </trkpt>
      <trkpt lat="43.99611" lon="7.41705">
        <ele>1909.2</ele>
      </trkpt>
      <trkpt lat="43.99603" lon="7.41662">
        <ele>1903.6</ele>
      </trkpt>
      <trkpt lat="43.99581" lon="7.41587">
        <ele>1897.2</ele>
      </trkpt>
      <trkpt lat="43.99574" lon="7.41555">
        <ele>1893.2</ele>
      </trkpt>
      <trkpt lat="43.99575" lon="7.41522">
        <ele>1893.8</ele>
      </trkpt>
      <trkpt lat="43.99581" lon="7.41482">
        <ele>1896.5</ele>
      </trkpt>
      <trkpt lat="43.99582" lon="7.41465">
        <ele>1896.1</ele>
      </trkpt>
      <trkpt lat="43.99579" lon="7.41423">
        <ele>1891.8</ele>
      </trkpt>
      <trkpt lat="43.99559" lon="7.41335">
        <ele>1876.9</ele>
      </trkpt>
      <trkpt lat="43.9955" lon="7.41314">
        <ele>1872.9</ele>
      </trkpt>
      <trkpt lat="43.99536" lon="7.41286">
        <ele>1869.2</ele>
      </trkpt>
      <trkpt lat="43.99529" lon="7.41266">
        <ele>1868.6</ele>
      </trkpt>
      <trkpt lat="43.99515" lon="7.41217">
        <ele>1871.7</ele>
      </trkpt>
      <trkpt lat="43.99486" lon="7.4116">
        <ele>1876.9</ele>
      </trkpt>
      <trkpt lat="43.99468" lon="7.41133">
        <ele>1874.6</ele>
      </trkpt>
      <trkpt lat="43.99456" lon="7.4112">
        <ele>1873.7</ele>
      </trkpt>
      <trkpt lat="43.99431" lon="7.41102">
        <ele>1872.5</ele>
      </trkpt>
      <trkpt lat="43.99418" lon="7.41093">
        <ele>1872.9</ele>
      </trkpt>
      <trkpt lat="43.99381" lon="7.41077">
        <ele>1871.6</ele>
      </trkpt>
      <trkpt lat="43.99297" lon="7.41066">
        <ele>1856.5</ele>
      </trkpt>
      <trkpt lat="43.99284" lon="7.41063">
        <ele>1853.5</ele>
      </trkpt>
      <trkpt lat="43.99272" lon="7.41055">
        <ele>1852.4</ele>
      </trkpt>
      <trkpt lat="43.9924" lon="7.41003">
        <ele>1854.9</ele>
      </trkpt>
      <trkpt lat="43.99207" lon="7.40952">
        <ele>1851.4</ele>
      </trkpt>
      <trkpt lat="43.99189" lon="7.4093">
        <ele>1851.0</ele>
      </trkpt>
      <trkpt lat="43.99144" lon="7.40885">
        <ele>1845.6</ele>
      </trkpt>
      <trkpt lat="43.99081" lon="7.40829">
        <ele>1841.4</ele>
      </trkpt>
      <trkpt lat="43.99049" lon="7.40809">
        <ele>1831.8</ele>
      </trkpt>
      <trkpt lat="43.99034" lon="7.40802">
        <ele>1827.5</ele>
      </trkpt>
      <trkpt lat="43.99027" lon="7.40796">
        <ele>1826.1</ele>
      </trkpt>
      <trkpt lat="43.99019" lon="7.40784">
        <ele>1825.4</ele>
      </trkpt>
      <trkpt lat="43.99005" lon="7.4074">
        <ele>1827.3</ele>
      </trkpt>
      <trkpt lat="43.98998" lon="7.40727">
        <ele>1825.5</ele>
      </trkpt>
      <trkpt lat="43.98956" lon="7.40662">
        <ele>1816.9</ele>
      </trkpt>
      <trkpt lat="43.98942" lon="7.40644">
        <ele>1814.5</ele>
      </trkpt>
      <trkpt lat="43.98926" lon="7.40628">
        <ele>1812.9</ele>
      </trkpt>
      <trkpt lat="43.98895" lon="7.40606">
        <ele>1807.9</ele>
      </trkpt>
      <trkpt lat="43.98844" lon="7.40583">
        <ele>1797.7</ele>
      </trkpt>
      <trkpt lat="43.9884" lon="7.40579">
        <ele>1796.6</ele>
      </trkpt>
      <trkpt lat="43.98836" lon="7.40562">
        <ele>1795.4</ele>
      </trkpt>
      <trkpt lat="43.98837" lon="7.40551">
        <ele>1795.4</ele>
      </trkpt>
      <trkpt lat="43.98844" lon="7.40526">
        <ele>1796.3</ele>
      </trkpt>
      <trkpt lat="43.98842" lon="7.4052">
        <ele>1795.8</ele>
      </trkpt>
      <trkpt lat="43.98838" lon="7.4052">
        <ele>1795.1</ele>
      </trkpt>
      <trkpt lat="43.98834" lon="7.40525">
        <ele>1794.4</ele>
      </trkpt>
      <trkpt lat="43.98825" lon="7.40552">
        <ele>1791.2</ele>
      </trkpt>
      <trkpt lat="43.98822" lon="7.40569">
        <ele>1790.3</ele>
      </trkpt>
      <trkpt lat="43.98823" lon="7.40581">
        <ele>1791.0</ele>
      </trkpt>
      <trkpt lat="43.98828" lon="7.40593">
        <ele>1791.4</ele>
      </trkpt>
      <trkpt lat="43.98839" lon="7.40608">
        <ele>1792.4</ele>
      </trkpt>
      <trkpt lat="43.98892" lon="7.40669">
        <ele>1799.5</ele>
      </trkpt>
      <trkpt lat="43.98893" lon="7.40677">
        <ele>1798.1</ele>
      </trkpt>
      <trkpt lat="43.98891" lon="7.40682">
        <ele>1796.3</ele>
      </trkpt>
      <trkpt lat="43.98887" lon="7.40683">
        <ele>1794.7</ele>
      </trkpt>
      <trkpt lat="43.98883" lon="7.40682">
        <ele>1793.6</ele>
      </trkpt>
      <trkpt lat="43.98864" lon="7.40649">
        <ele>1793.4</ele>
      </trkpt>
      <trkpt lat="43.98841" lon="7.40625">
        <ele>1790.2</ele>
      </trkpt>
      <trkpt lat="43.98816" lon="7.40608">
        <ele>1784.5</ele>
      </trkpt>
      <trkpt lat="43.98804" lon="7.4059">
        <ele>1782.8</ele>
      </trkpt>
      <trkpt lat="43.98802" lon="7.40576">
        <ele>1782.7</ele>
      </trkpt>
      <trkpt lat="43.98803" lon="7.40537">
        <ele>1781.6</ele>
      </trkpt>
      <trkpt lat="43.98797" lon="7.40492">
        <ele>1776.5</ele>
      </trkpt>
      <trkpt lat="43.98797" lon="7.40492">
        <ele>1776.5</ele>
      </trkpt>
      <trkpt lat="43.98795" lon="7.40471">
        <ele>1773.0</ele>
      </trkpt>
      <trkpt lat="43.98797" lon="7.40452">
        <ele>1771.5</ele>
      </trkpt>
      <trkpt lat="43.98801" lon="7.40435">
        <ele>1771.1</ele>
      </trkpt>
      <trkpt lat="43.98827" lon="7.40379">
        <ele>1772.3</ele>
      </trkpt>
      <trkpt lat="43.98853" lon="7.40322">
        <ele>1765.2</ele>
      </trkpt>
      <trkpt lat="43.98884" lon="7.40269">
        <ele>1758.6</ele>
      </trkpt>
      <trkpt lat="43.98889" lon="7.40258">
        <ele>1757.4</ele>
      </trkpt>
      <trkpt lat="43.98893" lon="7.40233">
        <ele>1754.8</ele>
      </trkpt>
      <trkpt lat="43.9889" lon="7.40192">
        <ele>1750.2</ele>
      </trkpt>
      <trkpt lat="43.98887" lon="7.40171">
        <ele>1747.5</ele>
      </trkpt>
      <trkpt lat="43.98883" lon="7.40149">
        <ele>1745.8</ele>
      </trkpt>
      <trkpt lat="43.98874" lon="7.40123">
        <ele>1743.8</ele>
      </trkpt>
      <trkpt lat="43.98862" lon="7.40097">
        <ele>1741.9</ele>
      </trkpt>
      <trkpt lat="43.98842" lon="7.40067">
        <ele>1739.5</ele>
      </trkpt>
      <trkpt lat="43.98808" lon="7.40032">
        <ele>1735.4</ele>
      </trkpt>
      <trkpt lat="43.98792" lon="7.40005">
        <ele>1735.6</ele>
      </trkpt>
      <trkpt lat="43.98746" lon="7.39933">
        <ele>1734.7</ele>
      </trkpt>
      <trkpt lat="43.9872" lon="7.39902">
        <ele>1733.0</ele>
      </trkpt>
      <trkpt lat="43.98686" lon="7.39872">
        <ele>1736.8</ele>
      </trkpt>
      <trkpt lat="43.98668" lon="7.39859">
        <ele>1741.5</ele>
      </trkpt>
      <trkpt lat="43.98642" lon="7.3985">
        <ele>1741.5</ele>
      </trkpt>
      <trkpt lat="43.98566" lon="7.39844">
        <ele>1737.1</ele>
      </trkpt>
      <trkpt lat="43.98557" lon="7.3984">
        <ele>1738.6</ele>
      </trkpt>
      <trkpt lat="43.9854" lon="7.39825">
        <ele>1744.3</ele>
      </trkpt>
      <trkpt lat="43.98531" lon="7.39822">
        <ele>1745.1</ele>
      </trkpt>
      <trkpt lat="43.9852" lon="7.39824">
        <ele>1743.8</ele>
      </trkpt>
      <trkpt lat="43.98481" lon="7.39841">
        <ele>1735.2</ele>
      </trkpt>
      <trkpt lat="43.98438" lon="7.39871">
        <ele>1720.1</ele>
      </trkpt>
      <trkpt lat="43.98426" lon="7.39875">
        <ele>1718.1</ele>
      </trkpt>
      <trkpt lat="43.98415" lon="7.39872">
        <ele>1718.9</ele>
      </trkpt>
      <trkpt lat="43.98399" lon="7.39862">
        <ele>1717.8</ele>
      </trkpt>
      <trkpt lat="43.9838" lon="7.39846">
        <ele>1718.6</ele>
      </trkpt>
      <trkpt lat="43.98341" lon="7.39798">
        <ele>1723.1</ele>
      </trkpt>
      <trkpt lat="43.98326" lon="7.39786">
        <ele>1721.2</ele>
      </trkpt>
      <trkpt lat="43.98291" lon="7.39769">
        <ele>1709.4</ele>
      </trkpt>
      <trkpt lat="43.98284" lon="7.39759">
        <ele>1708.4</ele>
      </trkpt>
      <trkpt lat="43.98269" lon="7.3973">
        <ele>1705.1</ele>
      </trkpt>
      <trkpt lat="43.98259" lon="7.39701">
        <ele>1702.8</ele>
      </trkpt>
      <trkpt lat="43.98256" lon="7.39679">
        <ele>1703.5</ele>
      </trkpt>
      <trkpt lat="43.98256" lon="7.39654">
        <ele>1705.8</ele>
      </trkpt>
      <trkpt lat="43.98261" lon="7.39616">
        <ele>1711.5</ele>
      </trkpt>
      <trkpt lat="43.98261" lon="7.39604">
        <ele>1712.4</ele>
      </trkpt>
      <trkpt lat="43.98258" lon="7.3959">
        <ele>1711.4</ele>
      </trkpt>
      <trkpt lat="43.98238" lon="7.39553">
        <ele>1708.4</ele>
      </trkpt>
      <trkpt lat="43.98229" lon="7.39527">
        <ele>1711.0</ele>
      </trkpt>
      <trkpt lat="43.98222" lon="7.39517">
        <ele>1710.7</ele>
      </trkpt>
      <trkpt lat="43.98194" lon="7.39504">
        <ele>1703.3</ele>
      </trkpt>
      <trkpt lat="43.98128" lon="7.3949">
        <ele>1688.0</ele>
      </trkpt>
      <trkpt lat="43.98093" lon="7.39468">
        <ele>1684.0</ele>
      </trkpt>
      <trkpt lat="43.98079" lon="7.39445">
        <ele>1683.6</ele>
      </trkpt>
      <trkpt lat="43.98076" lon="7.39433">
        <ele>1684.4</ele>
      </trkpt>
      <trkpt lat="43.98073" lon="7.39402">
        <ele>1688.3</ele>
      </trkpt>
      <trkpt lat="43.9807" lon="7.39394">
        <ele>1687.8</ele>
      </trkpt>
      <trkpt lat="43.98053" lon="7.39364">
        <ele>1681.7</ele>
      </trkpt>
      <trkpt lat="43.9805" lon="7.3935">
        <ele>1681.8</ele>
      </trkpt>
      <trkpt lat="43.9805" lon="7.39339">
        <ele>1683.4</ele>
      </trkpt>
      <trkpt lat="43.98054" lon="7.39318">
        <ele>1688.2</ele>
      </trkpt>
      <trkpt lat="43.98054" lon="7.39306">
        <ele>1689.3</ele>
      </trkpt>
      <trkpt lat="43.98051" lon="7.39288">
        <ele>1688.8</ele>
      </trkpt>
      <trkpt lat="43.98036" lon="7.3926">
        <ele>1681.4</ele>
      </trkpt>
      <trkpt lat="43.9803" lon="7.39235">
        <ele>1680.7</ele>
      </trkpt>
      <trkpt lat="43.98025" lon="7.39224">
        <ele>1679.4</ele>
      </trkpt>
      <trkpt lat="43.98" lon="7.39199">
        <ele>1668.8</ele>
      </trkpt>
      <trkpt lat="43.97991" lon="7.39189">
        <ele>1666.0</ele>
      </trkpt>
      <trkpt lat="43.97986" lon="7.3918">
        <ele>1665.1</ele>
      </trkpt>
      <trkpt lat="43.97977" lon="7.39143">
        <ele>1663.0</ele>
      </trkpt>
      <trkpt lat="43.97972" lon="7.39107">
        <ele>1660.7</ele>
      </trkpt>
      <trkpt lat="43.9797" lon="7.39075">
        <ele>1657.7</ele>
      </trkpt>
      <trkpt lat="43.97973" lon="7.39061">
        <ele>1655.6</ele>
      </trkpt>
      <trkpt lat="43.97979" lon="7.39039">
        <ele>1652.6</ele>
      </trkpt>
      <trkpt lat="43.97986" lon="7.38977">
        <ele>1639.9</ele>
      </trkpt>
      <trkpt lat="43.97993" lon="7.38978">
        <ele>1642.8</ele>
      </trkpt>
      <trkpt lat="43.98001" lon="7.38981">
        <ele>1646.4</ele>
      </trkpt>
      <trkpt lat="43.9802" lon="7.39">
        <ele>1655.8</ele>
      </trkpt>
      <trkpt lat="43.98037" lon="7.39001">
        <ele>1660.2</ele>
      </trkpt>
      <trkpt lat="43.98049" lon="7.39007">
        <ele>1665.5</ele>
      </trkpt>
      <trkpt lat="43.98066" lon="7.39006">
        <ele>1669.4</ele>
      </trkpt>
      <trkpt lat="43.98072" lon="7.39003">
        <ele>1669.6</ele>
      </trkpt>
      <trkpt lat="43.98084" lon="7.3897">
        <ele>1659.0</ele>
      </trkpt>
      <trkpt lat="43.98099" lon="7.38961">
        <ele>1659.7</ele>
      </trkpt>
      <trkpt lat="43.98113" lon="7.3896">
        <ele>1663.4</ele>
      </trkpt>
      <trkpt lat="43.98113" lon="7.3896">
        <ele>1663.4</ele>
      </trkpt>
      <trkpt lat="43.98133" lon="7.38967">
        <ele>1672.1</ele>
      </trkpt>
      <trkpt lat="43.98142" lon="7.38977">
        <ele>1678.7</ele>
      </trkpt>
      <trkpt lat="43.98151" lon="7.38978">
        <ele>1681.7</ele>
      </trkpt>
      <trkpt lat="43.98161" lon="7.38968">
        <ele>1680.7</ele>
      </trkpt>
      <trkpt lat="43.98177" lon="7.38938">
        <ele>1673.1</ele>
      </trkpt>
      <trkpt lat="43.9819" lon="7.38928">
        <ele>1672.6</ele>
      </trkpt>
      <trkpt lat="43.98204" lon="7.38922">
        <ele>1674.2</ele>
      </trkpt>
      <trkpt lat="43.98221" lon="7.3891">
        <ele>1675.9</ele>
      </trkpt>
      <trkpt lat="43.98231" lon="7.38891">
        <ele>1676.3</ele>
      </trkpt>
      <trkpt lat="43.9825" lon="7.38824">
        <ele>1677.2</ele>
      </trkpt>
      <trkpt lat="43.98253" lon="7.38797">
        <ele>1674.6</ele>
      </trkpt>
      <trkpt lat="43.98258" lon="7.38784">
        <ele>1673.0</ele>
      </trkpt>
      <trkpt lat="43.98267" lon="7.38773">
        <ele>1671.1</ele>
      </trkpt>
      <trkpt lat="43.9828" lon="7.38783">
        <ele>1670.5</ele>
      </trkpt>
      <trkpt lat="43.9829" lon="7.38813">
        <ele>1672.0</ele>
      </trkpt>
      <trkpt lat="43.98289" lon="7.38836">
        <ele>1674.0</ele>
      </trkpt>
      <trkpt lat="43.98287" lon="7.38859">
        <ele>1675.7</ele>
      </trkpt>
      <trkpt lat="43.98288" lon="7.38878">
        <ele>1676.9</ele>
      </trkpt>
      <trkpt lat="43.9829" lon="7.38909">
        <ele>1678.7</ele>
      </trkpt>
      <trkpt lat="43.98299" lon="7.38954">
        <ele>1684.4</ele>
      </trkpt>
      <trkpt lat="43.98307" lon="7.38973">
        <ele>1685.4</ele>
      </trkpt>
      <trkpt lat="43.98325" lon="7.39006">
        <ele>1683.9</ele>
      </trkpt>
      <trkpt lat="43.98334" lon="7.39034">
        <ele>1684.6</ele>
      </trkpt>
      <trkpt lat="43.98339" lon="7.39058">
        <ele>1685.7</ele>
      </trkpt>
      <trkpt lat="43.98347" lon="7.3911">
        <ele>1688.3</ele>
      </trkpt>
      <trkpt lat="43.98361" lon="7.39149">
        <ele>1686.5</ele>
      </trkpt>
      <trkpt lat="43.98388" lon="7.39194">
        <ele>1685.2</ele>
      </trkpt>
      <trkpt lat="43.98404" lon="7.39213">
        <ele>1684.3</ele>
      </trkpt>
      <trkpt lat="43.98429" lon="7.39216">
        <ele>1678.1</ele>
      </trkpt>
      <trkpt lat="43.98447" lon="7.39222">
        <ele>1675.7</ele>
      </trkpt>
      <trkpt lat="43.98482" lon="7.39229">
        <ele>1670.0</ele>
      </trkpt>
      <trkpt lat="43.98499" lon="7.39242">
        <ele>1670.0</ele>
      </trkpt>
      <trkpt lat="43.98533" lon="7.39255">
        <ele>1666.8</ele>
      </trkpt>
      <trkpt lat="43.98563" lon="7.39257">
        <ele>1661.4</ele>
      </trkpt>
      <trkpt lat="43.98593" lon="7.39269">
        <ele>1659.0</ele>
      </trkpt>
      <trkpt lat="43.98615" lon="7.39273">
        <ele>1657.3</ele>
      </trkpt>
      <trkpt lat="43.98661" lon="7.39289">
        <ele>1655.5</ele>
      </trkpt>
      <trkpt lat="43.98676" lon="7.3929">
        <ele>1656.5</ele>
      </trkpt>
      <trkpt lat="43.98691" lon="7.39281">
        <ele>1656.1</ele>
      </trkpt>
      <trkpt lat="43.98698" lon="7.39274">
        <ele>1654.8</ele>
      </trkpt>
      <trkpt lat="43.98699" lon="7.39269">
        <ele>1653.4</ele>
      </trkpt>
      <trkpt lat="43.98695" lon="7.39265">
        <ele>1651.8</ele>
      </trkpt>
      <trkpt lat="43.98672" lon="7.39267">
        <ele>1650.4</ele>
      </trkpt>
      <trkpt lat="43.98657" lon="7.39249">
        <ele>1646.9</ele>
      </trkpt>
      <trkpt lat="43.9864" lon="7.39239">
        <ele>1646.7</ele>
      </trkpt>
      <trkpt lat="43.986" lon="7.39209">
        <ele>1644.3</ele>
      </trkpt>
      <trkpt lat="43.98581" lon="7.39192">
        <ele>1642.5</ele>
      </trkpt>
      <trkpt lat="43.98561" lon="7.39182">
        <ele>1643.3</ele>
      </trkpt>
      <trkpt lat="43.9854" lon="7.39185">
        <ele>1647.5</ele>
      </trkpt>
      <trkpt lat="43.98528" lon="7.39183">
        <ele>1648.9</ele>
      </trkpt>
      <trkpt lat="43.98519" lon="7.39173">
        <ele>1647.7</ele>
      </trkpt>
      <trkpt lat="43.98512" lon="7.39158">
        <ele>1644.5</ele>
      </trkpt>
      <trkpt lat="43.98508" lon="7.39128">
        <ele>1636.2</ele>
      </trkpt>
      <trkpt lat="43.98502" lon="7.39102">
        <ele>1629.9</ele>
      </trkpt>
      <trkpt lat="43.98489" lon="7.39065">
        <ele>1623.6</ele>
      </trkpt>
      <trkpt lat="43.98472" lon="7.39035">
        <ele>1621.7</ele>
      </trkpt>
      <trkpt lat="43.98435" lon="7.38999">
        <ele>1627.8</ele>
      </trkpt>
      <trkpt lat="43.98421" lon="7.3896">
        <ele>1624.2</ele>
      </trkpt>
      <trkpt lat="43.98409" lon="7.38936">
        <ele>1625.6</ele>
      </trkpt>
      <trkpt lat="43.98406" lon="7.3892">
        <ele>1624.0</ele>
      </trkpt>
      <trkpt lat="43.98406" lon="7.38905">
        <ele>1622.1</ele>
      </trkpt>
      <trkpt lat="43.98415" lon="7.38853">
        <ele>1610.3</ele>
      </trkpt>
      <trkpt lat="43.98412" lon="7.38815">
        <ele>1610.6</ele>
      </trkpt>
      <trkpt lat="43.98414" lon="7.38758">
        <ele>1609.6</ele>
      </trkpt>
      <trkpt lat="43.98423" lon="7.3873">
        <ele>1605.4</ele>
      </trkpt>
      <trkpt lat="43.9843" lon="7.38699">
        <ele>1603.3</ele>
      </trkpt>
      <trkpt lat="43.98441" lon="7.38662">
        <ele>1599.8</ele>
      </trkpt>
      <trkpt lat="43.9846" lon="7.38638">
        <ele>1592.2</ele>
      </trkpt>
      <trkpt lat="43.98471" lon="7.38598">
        <ele>1591.1</ele>
      </trkpt>
      <trkpt lat="43.98481" lon="7.38571">
        <ele>1590.2</ele>
      </trkpt>
      <trkpt lat="43.98488" lon="7.38558">
        <ele>1589.4</ele>
      </trkpt>
      <trkpt lat="43.98501" lon="7.38539">
        <ele>1587.1</ele>
      </trkpt>
      <trkpt lat="43.98522" lon="7.3852">
        <ele>1580.9</ele>
      </trkpt>
      <trkpt lat="43.98539" lon="7.38498">
        <ele>1577.1</ele>
      </trkpt>
      <trkpt lat="43.98547" lon="7.38482">
        <ele>1574.4</ele>
      </trkpt>
      <trkpt lat="43.98554" lon="7.38465">
        <ele>1572.1</ele>
      </trkpt>
      <trkpt lat="43.98552" lon="7.384">
        <ele>1576.9</ele>
      </trkpt>
      <trkpt lat="43.98554" lon="7.38336">
        <ele>1573.5</ele>
      </trkpt>
      <trkpt lat="43.98556" lon="7.38272">
        <ele>1573.0</ele>
      </trkpt>
      <trkpt lat="43.98563" lon="7.38252">
        <ele>1568.1</ele>
      </trkpt>
      <trkpt lat="43.98577" lon="7.38224">
        <ele>1560.7</ele>
      </trkpt>
      <trkpt lat="43.98592" lon="7.38174">
        <ele>1557.7</ele>
      </trkpt>
      <trkpt lat="43.98605" lon="7.38145">
        <ele>1554.4</ele>
      </trkpt>
      <trkpt lat="43.98595" lon="7.38112">
        <ele>1563.0</ele>
      </trkpt>
      <trkpt lat="43.98599" lon="7.38093">
        <ele>1563.1</ele>
      </trkpt>
      <trkpt lat="43.98634" lon="7.38056">
        <ele>1553.5</ele>
      </trkpt>
      <trkpt lat="43.98644" lon="7.38049">
        <ele>1549.9</ele>
      </trkpt>
      <trkpt lat="43.98644" lon="7.38058">
        <ele>1547.7</ele>
      </trkpt>
      <trkpt lat="43.98639" lon="7.38066">
        <ele>1548.3</ele>
      </trkpt>
      <trkpt lat="43.98621" lon="7.38084">
        <ele>1552.9</ele>
      </trkpt>
      <trkpt lat="43.98616" lon="7.38098">
        <ele>1553.9</ele>
      </trkpt>
      <trkpt lat="43.98619" lon="7.38115">
        <ele>1550.6</ele>
      </trkpt>
      <trkpt lat="43.98634" lon="7.38135">
        <ele>1540.9</ele>
      </trkpt>
      <trkpt lat="43.98635" lon="7.38153">
        <ele>1538.4</ele>
      </trkpt>
      <trkpt lat="43.9863" lon="7.38194">
        <ele>1536.0</ele>
      </trkpt>
      <trkpt lat="43.98628" lon="7.38271">
        <ele>1530.1</ele>
      </trkpt>
      <trkpt lat="43.98616" lon="7.38323">
        <ele>1536.5</ele>
      </trkpt>
      <trkpt lat="43.98674" lon="7.38375">
        <ele>1517.6</ele>
      </trkpt>
      <trkpt lat="43.98682" lon="7.38418">
        <ele>1524.1</ele>
      </trkpt>
      <trkpt lat="43.98715" lon="7.38431">
        <ele>1511.4</ele>
      </trkpt>
      <trkpt lat="43.9874" lon="7.38449">
        <ele>1501.8</ele>
      </trkpt>
      <trkpt lat="43.98742" lon="7.38472">
        <ele>1501.0</ele>
      </trkpt>
      <trkpt lat="43.9874" lon="7.38485">
        <ele>1501.7</ele>
      </trkpt>
      <trkpt lat="43.98733" lon="7.38495">
        <ele>1504.3</ele>
      </trkpt>
      <trkpt lat="43.98709" lon="7.38513">
        <ele>1510.1</ele>
      </trkpt>
      <trkpt lat="43.98703" lon="7.38528">
        <ele>1508.8</ele>
      </trkpt>
      <trkpt lat="43.98698" lon="7.38546">
        <ele>1506.4</ele>
      </trkpt>
      <trkpt lat="43.98692" lon="7.38594">
        <ele>1496.7</ele>
      </trkpt>
      <trkpt lat="43.98687" lon="7.38609">
        <ele>1494.2</ele>
      </trkpt>
      <trkpt lat="43.98672" lon="7.38624">
        <ele>1495.6</ele>
      </trkpt>
      <trkpt lat="43.98664" lon="7.38627">
        <ele>1497.8</ele>
      </trkpt>
      <trkpt lat="43.98643" lon="7.38626">
        <ele>1505.3</ele>
      </trkpt>
      <trkpt lat="43.98631" lon="7.38634">
        <ele>1507.3</ele>
      </trkpt>
      <trkpt lat="43.98624" lon="7.38644">
        <ele>1507.2</ele>
      </trkpt>
      <trkpt lat="43.98617" lon="7.38662">
        <ele>1505.2</ele>
      </trkpt>
      <trkpt lat="43.98615" lon="7.38693">
        <ele>1500.4</ele>
      </trkpt>
      <trkpt lat="43.98612" lon="7.38717">
        <ele>1497.7</ele>
      </trkpt>
      <trkpt lat="43.98597" lon="7.3876">
        <ele>1499.9</ele>
      </trkpt>
      <trkpt lat="43.98585" lon="7.3882">
        <ele>1507.8</ele>
      </trkpt>
      <trkpt lat="43.98597" lon="7.38842">
        <ele>1507.0</ele>
      </trkpt>
      <trkpt lat="43.98627" lon="7.38856">
        <ele>1500.4</ele>
      </trkpt>
      <trkpt lat="43.98661" lon="7.38868">
        <ele>1491.5</ele>
      </trkpt>
      <trkpt lat="43.98672" lon="7.38895">
        <ele>1498.8</ele>
      </trkpt>
      <trkpt lat="43.98684" lon="7.38933">
        <ele>1512.3</ele>
      </trkpt>
      <trkpt lat="43.98698" lon="7.38939">
        <ele>1512.1</ele>
      </trkpt>
      <trkpt lat="43.9872" lon="7.38935">
        <ele>1505.3</ele>
      </trkpt>
      <trkpt lat="43.98739" lon="7.38949">
        <ele>1508.8</ele>
      </trkpt>
      <trkpt lat="43.98753" lon="7.38943">
        <ele>1503.7</ele>
      </trkpt>
      <trkpt lat="43.98765" lon="7.38923">
        <ele>1494.5</ele>
      </trkpt>
      <trkpt lat="43.98816" lon="7.38904">
        <ele>1494.4</ele>
      </trkpt>
      <trkpt lat="43.98864" lon="7.38892">
        <ele>1492.1</ele>
      </trkpt>
      <trkpt lat="43.98898" lon="7.38902">
        <ele>1498.7</ele>
      </trkpt>
      <trkpt lat="43.98943" lon="7.38892">
        <ele>1491.0</ele>
      </trkpt>
      <trkpt lat="43.98965" lon="7.3892">
        <ele>1505.8</ele>
      </trkpt>
      <trkpt lat="43.98965" lon="7.3892">
        <ele>1505.8</ele>
      </trkpt>
      <trkpt lat="43.9897" lon="7.38926">
        <ele>1508.8</ele>
      </trkpt>
      <trkpt lat="43.98998" lon="7.38919">
        <ele>1502.5</ele>
      </trkpt>
      <trkpt lat="43.99018" lon="7.3892">
        <ele>1500.3</ele>
      </trkpt>
      <trkpt lat="43.9904" lon="7.38908">
        <ele>1489.8</ele>
      </trkpt>
      <trkpt lat="43.99074" lon="7.38945">
        <ele>1506.6</ele>
      </trkpt>
      <trkpt lat="43.99095" lon="7.38956">
        <ele>1509.6</ele>
      </trkpt>
      <trkpt lat="43.99114" lon="7.38946">
        <ele>1500.6</ele>
      </trkpt>
      <trkpt lat="43.99127" lon="7.38933">
        <ele>1491.0</ele>
      </trkpt>
      <trkpt lat="43.99159" lon="7.38939">
        <ele>1488.9</ele>
      </trkpt>
      <trkpt lat="43.9917" lon="7.38935">
        <ele>1484.3</ele>
      </trkpt>
      <trkpt lat="43.99206" lon="7.38943">
        <ele>1476.3</ele>
      </trkpt>
      <trkpt lat="43.99211" lon="7.3895">
        <ele>1476.9</ele>
      </trkpt>
      <trkpt lat="43.99208" lon="7.38991">
        <ele>1492.1</ele>
      </trkpt>
      <trkpt lat="43.99217" lon="7.39023">
        <ele>1490.5</ele>
      </trkpt>
      <trkpt lat="43.99226" lon="7.39063">
        <ele>1485.2</ele>
      </trkpt>
      <trkpt lat="43.99224" lon="7.39124">
        <ele>1483.9</ele>
      </trkpt>
      <trkpt lat="43.99231" lon="7.39169">
        <ele>1474.4</ele>
      </trkpt>
      <trkpt lat="43.99211" lon="7.39175">
        <ele>1488.8</ele>
      </trkpt>
      <trkpt lat="43.99186" lon="7.39196">
        <ele>1504.0</ele>
      </trkpt>
      <trkpt lat="43.99179" lon="7.39311">
        <ele>1489.2</ele>
      </trkpt>
      <trkpt lat="43.9918" lon="7.3933">
        <ele>1485.6</ele>
      </trkpt>
      <trkpt lat="43.99189" lon="7.39364">
        <ele>1473.8</ele>
      </trkpt>
      <trkpt lat="43.99184" lon="7.39426">
        <ele>1467.8</ele>
      </trkpt>
      <trkpt lat="43.99183" lon="7.39436">
        <ele>1466.7</ele>
      </trkpt>
      <trkpt lat="43.99174" lon="7.39477">
        <ele>1465.4</ele>
      </trkpt>
      <trkpt lat="43.99164" lon="7.395">
        <ele>1467.7</ele>
      </trkpt>
      <trkpt lat="43.99161" lon="7.39516">
        <ele>1468.6</ele>
      </trkpt>
      <trkpt lat="43.99153" lon="7.39535">
        <ele>1472.0</ele>
      </trkpt>
      <trkpt lat="43.99129" lon="7.39566">
        <ele>1482.5</ele>
      </trkpt>
      <trkpt lat="43.99127" lon="7.39574">
        <ele>1482.6</ele>
      </trkpt>
      <trkpt lat="43.99128" lon="7.39581">
        <ele>1481.2</ele>
      </trkpt>
      <trkpt lat="43.9913" lon="7.39589">
        <ele>1481.8</ele>
      </trkpt>
      <trkpt lat="43.99146" lon="7.39607">
        <ele>1480.4</ele>
      </trkpt>
      <trkpt lat="43.99167" lon="7.39616">
        <ele>1474.2</ele>
      </trkpt>
      <trkpt lat="43.99186" lon="7.39616">
        <ele>1465.8</ele>
      </trkpt>
      <trkpt lat="43.99244" lon="7.3963">
        <ele>1446.3</ele>
      </trkpt>
      <trkpt lat="43.99264" lon="7.39642">
        <ele>1439.6</ele>
      </trkpt>
      <trkpt lat="43.99272" lon="7.39668">
        <ele>1444.5</ele>
      </trkpt>
      <trkpt lat="43.993" lon="7.39731">
        <ele>1445.0</ele>
      </trkpt>
      <trkpt lat="43.99328" lon="7.39752">
        <ele>1435.7</ele>
      </trkpt>
      <trkpt lat="43.99349" lon="7.39781">
        <ele>1432.2</ele>
      </trkpt>
      <trkpt lat="43.99358" lon="7.39803">
        <ele>1432.0</ele>
      </trkpt>
      <trkpt lat="43.99364" lon="7.39805">
        <ele>1428.2</ele>
      </trkpt>
      <trkpt lat="43.99366" lon="7.39796">
        <ele>1424.7</ele>
      </trkpt>
      <trkpt lat="43.99365" lon="7.39784">
        <ele>1422.5</ele>
      </trkpt>
      <trkpt lat="43.99357" lon="7.39769">
        <ele>1423.9</ele>
      </trkpt>
      <trkpt lat="43.99339" lon="7.39739">
        <ele>1424.7</ele>
      </trkpt>
      <trkpt lat="43.99323" lon="7.3972">
        <ele>1427.0</ele>
      </trkpt>
      <trkpt lat="43.99315" lon="7.39705">
        <ele>1426.7</ele>
      </trkpt>
      <trkpt lat="43.99311" lon="7.39686">
        <ele>1422.8</ele>
      </trkpt>
      <trkpt lat="43.9931" lon="7.39649">
        <ele>1410.8</ele>
      </trkpt>
      <trkpt lat="43.99307" lon="7.39619">
        <ele>1402.5</ele>
      </trkpt>
      <trkpt lat="43.99302" lon="7.396">
        <ele>1398.9</ele>
      </trkpt>
      <trkpt lat="43.99293" lon="7.39583">
        <ele>1398.2</ele>
      </trkpt>
      <trkpt lat="43.9925" lon="7.39554">
        <ele>1418.8</ele>
      </trkpt>
      <trkpt lat="43.99244" lon="7.39542">
        <ele>1420.4</ele>
      </trkpt>
      <trkpt lat="43.99248" lon="7.39527">
        <ele>1416.1</ele>
      </trkpt>
      <trkpt lat="43.9927" lon="7.39476">
        <ele>1400.4</ele>
      </trkpt>
      <trkpt lat="43.99285" lon="7.39417">
        <ele>1396.3</ele>
      </trkpt>
      <trkpt lat="43.99312" lon="7.39361">
        <ele>1386.9</ele>
      </trkpt>
      <trkpt lat="43.99314" lon="7.39333">
        <ele>1390.8</ele>
      </trkpt>
      <trkpt lat="43.99317" lon="7.39313">
        <ele>1392.2</ele>
      </trkpt>
      <trkpt lat="43.99325" lon="7.39312">
        <ele>1387.2</ele>
      </trkpt>
      <trkpt lat="43.99368" lon="7.3932">
        <ele>1357.0</ele>
      </trkpt>
      <trkpt lat="43.99378" lon="7.39314">
        <ele>1351.1</ele>
      </trkpt>
      <trkpt lat="43.99376" lon="7.39302">
        <ele>1354.1</ele>
      </trkpt>
      <trkpt lat="43.99369" lon="7.39276">
        <ele>1362.7</ele>
      </trkpt>
      <trkpt lat="43.99371" lon="7.39264">
        <ele>1363.0</ele>
      </trkpt>
      <trkpt lat="43.99372" lon="7.39238">
        <ele>1364.1</ele>
      </trkpt>
      <trkpt lat="43.99381" lon="7.39221">
        <ele>1356.8</ele>
      </trkpt>
      <trkpt lat="43.9938" lon="7.39204">
        <ele>1357.1</ele>
      </trkpt>
      <trkpt lat="43.99364" lon="7.39161">
        <ele>1369.8</ele>
      </trkpt>
      <trkpt lat="43.99365" lon="7.3914">
        <ele>1368.6</ele>
      </trkpt>
      <trkpt lat="43.99372" lon="7.3912">
        <ele>1362.2</ele>
      </trkpt>
      <trkpt lat="43.99376" lon="7.39098">
        <ele>1358.4</ele>
      </trkpt>
      <trkpt lat="43.99367" lon="7.39062">
        <ele>1367.2</ele>
      </trkpt>
      <trkpt lat="43.99366" lon="7.39045">
        <ele>1369.1</ele>
      </trkpt>
      <trkpt lat="43.9937" lon="7.39033">
        <ele>1366.3</ele>
      </trkpt>
      <trkpt lat="43.99392" lon="7.39008">
        <ele>1348.8</ele>
      </trkpt>
      <trkpt lat="43.99395" lon="7.38995">
        <ele>1347.3</ele>
      </trkpt>
      <trkpt lat="43.99394" lon="7.38972">
        <ele>1350.9</ele>
      </trkpt>
      <trkpt lat="43.994" lon="7.38968">
        <ele>1346.2</ele>
      </trkpt>
      <trkpt lat="43.99407" lon="7.38975">
        <ele>1339.3</ele>
      </trkpt>
      <trkpt lat="43.99407" lon="7.38999">
        <ele>1336.5</ele>
      </trkpt>
      <trkpt lat="43.99403" lon="7.39011">
        <ele>1339.1</ele>
      </trkpt>
      <trkpt lat="43.99395" lon="7.39023">
        <ele>1345.3</ele>
      </trkpt>
      <trkpt lat="43.99385" lon="7.39054">
        <ele>1352.1</ele>
      </trkpt>
      <trkpt lat="43.99393" lon="7.39106">
        <ele>1343.9</ele>
      </trkpt>
      <trkpt lat="43.99396" lon="7.39138">
        <ele>1342.0</ele>
      </trkpt>
      <trkpt lat="43.99413" lon="7.39179">
        <ele>1328.9</ele>
      </trkpt>
      <trkpt lat="43.99415" lon="7.39204">
        <ele>1329.0</ele>
      </trkpt>
      <trkpt lat="43.99411" lon="7.39251">
        <ele>1335.1</ele>
      </trkpt>
      <trkpt lat="43.99415" lon="7.3927">
        <ele>1330.3</ele>
      </trkpt>
      <trkpt lat="43.99429" lon="7.39305">
        <ele>1317.3</ele>
      </trkpt>
      <trkpt lat="43.9943" lon="7.3933">
        <ele>1315.8</ele>
      </trkpt>
      <trkpt lat="43.99402" lon="7.39397">
        <ele>1324.7</ele>
      </trkpt>
      <trkpt lat="43.99383" lon="7.39416">
        <ele>1333.1</ele>
      </trkpt>
      <trkpt lat="43.9938" lon="7.39427">
        <ele>1335.0</ele>
      </trkpt>
      <trkpt lat="43.99384" lon="7.39436">
        <ele>1333.1</ele>
      </trkpt>
      <trkpt lat="43.99394" lon="7.3945">
        <ele>1328.7</ele>
      </trkpt>
      <trkpt lat="43.99398" lon="7.3947">
        <ele>1328.1</ele>
      </trkpt>
      <trkpt lat="43.99403" lon="7.39488">
        <ele>1327.3</ele>
      </trkpt>
      <trkpt lat="43.99408" lon="7.39495">
        <ele>1325.9</ele>
      </trkpt>
      <trkpt lat="43.99422" lon="7.39498">
        <ele>1324.4</ele>
      </trkpt>
      <trkpt lat="43.99441" lon="7.39493">
        <ele>1329.1</ele>
      </trkpt>
      <trkpt lat="43.99446" lon="7.39488">
        <ele>1329.3</ele>
      </trkpt>
      <trkpt lat="43.99449" lon="7.39483">
        <ele>1328.8</ele>
      </trkpt>
      <trkpt lat="43.9945" lon="7.39455">
        <ele>1321.8</ele>
      </trkpt>
      <trkpt lat="43.99452" lon="7.39449">
        <ele>1320.5</ele>
      </trkpt>
      <trkpt lat="43.99465" lon="7.39449">
        <ele>1321.6</ele>
      </trkpt>
      <trkpt lat="43.99486" lon="7.39448">
        <ele>1322.9</ele>
      </trkpt>
      <trkpt lat="43.99502" lon="7.3944">
        <ele>1321.0</ele>
      </trkpt>
      <trkpt lat="43.99535" lon="7.39418">
        <ele>1322.3</ele>
      </trkpt>
      <trkpt lat="43.99546" lon="7.39408">
        <ele>1321.6</ele>
      </trkpt>
      <trkpt lat="43.99559" lon="7.39409">
        <ele>1326.5</ele>
      </trkpt>
      <trkpt lat="43.99588" lon="7.39395">
        <ele>1329.7</ele>
      </trkpt>
      <trkpt lat="43.99631" lon="7.39395">
        <ele>1348.9</ele>
      </trkpt>
      <trkpt lat="43.99628" lon="7.39381">
        <ele>1341.0</ele>
      </trkpt>
      <trkpt lat="43.9966" lon="7.39333">
        <ele>1335.4</ele>
      </trkpt>
      <trkpt lat="43.9967" lon="7.39314">
        <ele>1332.4</ele>
      </trkpt>
      <trkpt lat="43.9968" lon="7.39274">
        <ele>1318.9</ele>
      </trkpt>
      <trkpt lat="43.99696" lon="7.39273">
        <ele>1320.9</ele>
      </trkpt>
      <trkpt lat="43.99708" lon="7.39286">
        <ele>1327.9</ele>
      </trkpt>
      <trkpt lat="43.99727" lon="7.39318">
        <ele>1344.2</ele>
      </trkpt>
      <trkpt lat="43.99749" lon="7.39342">
        <ele>1359.1</ele>
      </trkpt>
      <trkpt lat="43.99783" lon="7.39362">
        <ele>1358.7</ele>
      </trkpt>
      <trkpt lat="43.99817" lon="7.39385">
        <ele>1360.4</ele>
      </trkpt>
      <trkpt lat="43.99877" lon="7.39407">
        <ele>1344.4</ele>
      </trkpt>
      <trkpt lat="43.99894" lon="7.39429">
        <ele>1343.6</ele>
      </trkpt>
      <trkpt lat="43.99891" lon="7.39459">
        <ele>1352.0</ele>
      </trkpt>
      <trkpt lat="43.99873" lon="7.3951">
        <ele>1375.9</ele>
      </trkpt>
      <trkpt lat="43.99874" lon="7.39527">
        <ele>1378.6</ele>
      </trkpt>
      <trkpt lat="43.99884" lon="7.39554">
        <ele>1376.3</ele>
      </trkpt>
      <trkpt lat="43.99917" lon="7.396">
        <ele>1361.2</ele>
      </trkpt>
      <trkpt lat="43.99927" lon="7.39639">
        <ele>1367.2</ele>
      </trkpt>
      <trkpt lat="43.99933" lon="7.39648">
        <ele>1366.2</ele>
      </trkpt>
      <trkpt lat="43.99957" lon="7.39669">
        <ele>1357.0</ele>
      </trkpt>
      <trkpt lat="43.99965" lon="7.3969">
        <ele>1357.4</ele>
      </trkpt>
      <trkpt lat="43.99971" lon="7.39718">
        <ele>1361.8</ele>
      </trkpt>
      <trkpt lat="43.99979" lon="7.39729">
        <ele>1360.7</ele>
      </trkpt>
      <trkpt lat="43.9999" lon="7.39734">
        <ele>1356.6</ele>
      </trkpt>
      <trkpt lat="43.99999" lon="7.39736">
        <ele>1352.6</ele>
      </trkpt>
      <trkpt lat="44.00046" lon="7.3972">
        <ele>1330.6</ele>
      </trkpt>
      <trkpt lat="44.00052" lon="7.39724">
        <ele>1329.8</ele>
      </trkpt>
      <trkpt lat="44.00067" lon="7.39755">
        <ele>1335.0</ele>
      </trkpt>
      <trkpt lat="44.00067" lon="7.39755">
        <ele>1335.0</ele>
      </trkpt>
      <trkpt lat="44.00074" lon="7.3977">
        <ele>1338.8</ele>
      </trkpt>
      <trkpt lat="44.00083" lon="7.3978">
        <ele>1339.7</ele>
      </trkpt>
      <trkpt lat="44.00093" lon="7.39789">
        <ele>1336.6</ele>
      </trkpt>
      <trkpt lat="44.001" lon="7.39802">
        <ele>1337.0</ele>
      </trkpt>
      <trkpt lat="44.00104" lon="7.39818">
        <ele>1340.5</ele>
      </trkpt>
      <trkpt lat="44.00113" lon="7.39835">
        <ele>1340.5</ele>
      </trkpt>
      <trkpt lat="44.00138" lon="7.39872">
        <ele>1335.1</ele>
      </trkpt>
      <trkpt lat="44.00161" lon="7.39903">
        <ele>1329.9</ele>
      </trkpt>
      <trkpt lat="44.00175" lon="7.39929">
        <ele>1324.9</ele>
      </trkpt>
      <trkpt lat="44.00189" lon="7.39972">
        <ele>1317.1</ele>
      </trkpt>
      <trkpt lat="44.00189" lon="7.39982">
        <ele>1318.2</ele>
      </trkpt>
      <trkpt lat="44.00184" lon="7.40001">
        <ele>1324.8</ele>
      </trkpt>
      <trkpt lat="44.00184" lon="7.40009">
        <ele>1326.3</ele>
      </trkpt>
      <trkpt lat="44.00198" lon="7.40043">
        <ele>1321.5</ele>
      </trkpt>
      <trkpt lat="44.00193" lon="7.40063">
        <ele>1329.5</ele>
      </trkpt>
      <trkpt lat="44.00195" lon="7.40075">
        <ele>1330.5</ele>
      </trkpt>
      <trkpt lat="44.00206" lon="7.40085">
        <ele>1325.2</ele>
      </trkpt>
      <trkpt lat="44.00258" lon="7.40121">
        <ele>1304.6</ele>
      </trkpt>
      <trkpt lat="44.00311" lon="7.40157">
        <ele>1286.9</ele>
      </trkpt>
      <trkpt lat="44.00339" lon="7.40173">
        <ele>1275.8</ele>
      </trkpt>
      <trkpt lat="44.00342" lon="7.40181">
        <ele>1276.3</ele>
      </trkpt>
      <trkpt lat="44.0034" lon="7.40193">
        <ele>1280.7</ele>
      </trkpt>
      <trkpt lat="44.00329" lon="7.40218">
        <ele>1294.7</ele>
      </trkpt>
      <trkpt lat="44.00328" lon="7.40231">
        <ele>1299.2</ele>
      </trkpt>
      <trkpt lat="44.00331" lon="7.40246">
        <ele>1301.5</ele>
      </trkpt>
      <trkpt lat="44.00339" lon="7.40255">
        <ele>1297.4</ele>
      </trkpt>
      <trkpt lat="44.00348" lon="7.40262">
        <ele>1291.6</ele>
      </trkpt>
      <trkpt lat="44.00356" lon="7.40273">
        <ele>1287.0</ele>
      </trkpt>
      <trkpt lat="44.00364" lon="7.40313">
        <ele>1285.9</ele>
      </trkpt>
      <trkpt lat="44.00369" lon="7.40316">
        <ele>1282.7</ele>
      </trkpt>
      <trkpt lat="44.00369" lon="7.40306">
        <ele>1281.5</ele>
      </trkpt>
      <trkpt lat="44.00367" lon="7.40281">
        <ele>1280.0</ele>
      </trkpt>
      <trkpt lat="44.00364" lon="7.40266">
        <ele>1280.4</ele>
      </trkpt>
      <trkpt lat="44.00354" lon="7.40251">
        <ele>1286.0</ele>
      </trkpt>
      <trkpt lat="44.00348" lon="7.40237">
        <ele>1287.0</ele>
      </trkpt>
      <trkpt lat="44.00349" lon="7.40221">
        <ele>1282.3</ele>
      </trkpt>
      <trkpt lat="44.00356" lon="7.40203">
        <ele>1273.6</ele>
      </trkpt>
      <trkpt lat="44.00368" lon="7.40185">
        <ele>1262.7</ele>
      </trkpt>
      <trkpt lat="44.0036" lon="7.40146">
        <ele>1256.0</ele>
      </trkpt>
      <trkpt lat="44.00337" lon="7.40128">
        <ele>1260.4</ele>
      </trkpt>
      <trkpt lat="44.00299" lon="7.40088">
        <ele>1267.0</ele>
      </trkpt>
      <trkpt lat="44.00289" lon="7.40084">
        <ele>1271.3</ele>
      </trkpt>
      <trkpt lat="44.00278" lon="7.40071">
        <ele>1272.9</ele>
      </trkpt>
      <trkpt lat="44.00244" lon="7.40048">
        <ele>1286.8</ele>
      </trkpt>
      <trkpt lat="44.00242" lon="7.40032">
        <ele>1283.3</ele>
      </trkpt>
      <trkpt lat="44.00255" lon="7.40012">
        <ele>1266.6</ele>
      </trkpt>
      <trkpt lat="44.0025" lon="7.39996">
        <ele>1265.6</ele>
      </trkpt>
      <trkpt lat="44.00251" lon="7.39947">
        <ele>1259.4</ele>
      </trkpt>
      <trkpt lat="44.00239" lon="7.39896">
        <ele>1259.1</ele>
      </trkpt>
      <trkpt lat="44.00245" lon="7.39867">
        <ele>1243.0</ele>
      </trkpt>
      <trkpt lat="44.00233" lon="7.39812">
        <ele>1236.0</ele>
      </trkpt>
      <trkpt lat="44.00228" lon="7.39776">
        <ele>1231.3</ele>
      </trkpt>
      <trkpt lat="44.00215" lon="7.39752">
        <ele>1235.4</ele>
      </trkpt>
      <trkpt lat="44.00208" lon="7.39727">
        <ele>1233.8</ele>
      </trkpt>
      <trkpt lat="44.00193" lon="7.39692">
        <ele>1235.3</ele>
      </trkpt>
      <trkpt lat="44.00182" lon="7.39652">
        <ele>1232.8</ele>
      </trkpt>
      <trkpt lat="44.00176" lon="7.39616">
        <ele>1228.3</ele>
      </trkpt>
      <trkpt lat="44.00176" lon="7.39577">
        <ele>1217.5</ele>
      </trkpt>
      <trkpt lat="44.00172" lon="7.39538">
        <ele>1203.7</ele>
      </trkpt>
      <trkpt lat="44.00151" lon="7.39526">
        <ele>1210.0</ele>
      </trkpt>
      <trkpt lat="44.00157" lon="7.39499">
        <ele>1194.6</ele>
      </trkpt>
      <trkpt lat="44.0015" lon="7.39472">
        <ele>1185.6</ele>
      </trkpt>
      <trkpt lat="44.0013" lon="7.39448">
        <ele>1184.5</ele>
      </trkpt>
      <trkpt lat="44.00103" lon="7.39433">
        <ele>1191.0</ele>
      </trkpt>
      <trkpt lat="44.00078" lon="7.39426">
        <ele>1201.3</ele>
      </trkpt>
      <trkpt lat="44.00071" lon="7.39418">
        <ele>1202.3</ele>
      </trkpt>
      <trkpt lat="44.00069" lon="7.39407">
        <ele>1197.0</ele>
      </trkpt>
      <trkpt lat="44.00072" lon="7.39385">
        <ele>1180.9</ele>
      </trkpt>
      <trkpt lat="44.00063" lon="7.39367">
        <ele>1175.8</ele>
      </trkpt>
      <trkpt lat="44.00042" lon="7.39361">
        <ele>1186.9</ele>
      </trkpt>
      <trkpt lat="44.00024" lon="7.39339">
        <ele>1185.6</ele>
      </trkpt>
      <trkpt lat="43.99991" lon="7.39268">
        <ele>1175.2</ele>
      </trkpt>
      <trkpt lat="43.99977" lon="7.39227">
        <ele>1169.6</ele>
      </trkpt>
      <trkpt lat="43.99945" lon="7.39183">
        <ele>1174.9</ele>
      </trkpt>
      <trkpt lat="43.99923" lon="7.39134">
        <ele>1167.1</ele>
      </trkpt>
      <trkpt lat="43.99898" lon="7.39074">
        <ele>1156.9</ele>
      </trkpt>
      <trkpt lat="43.99836" lon="7.38992">
        <ele>1150.6</ele>
      </trkpt>
      <trkpt lat="43.99809" lon="7.38942">
        <ele>1131.8</ele>
      </trkpt>
      <trkpt lat="43.99781" lon="7.38926">
        <ele>1130.0</ele>
      </trkpt>
      <trkpt lat="43.99757" lon="7.38933">
        <ele>1140.2</ele>
      </trkpt>
      <trkpt lat="43.99716" lon="7.38938">
        <ele>1152.4</ele>
      </trkpt>
      <trkpt lat="43.99697" lon="7.38935">
        <ele>1147.1</ele>
      </trkpt>
      <trkpt lat="43.99694" lon="7.38925">
        <ele>1144.9</ele>
      </trkpt>
      <trkpt lat="43.99698" lon="7.38911">
        <ele>1141.9</ele>
      </trkpt>
      <trkpt lat="43.99718" lon="7.38892">
        <ele>1135.3</ele>
      </trkpt>
      <trkpt lat="43.99717" lon="7.38882">
        <ele>1133.3</ele>
      </trkpt>
      <trkpt lat="43.99701" lon="7.38861">
        <ele>1136.9</ele>
      </trkpt>
      <trkpt lat="43.99693" lon="7.3884">
        <ele>1138.5</ele>
      </trkpt>
      <trkpt lat="43.99691" lon="7.38797">
        <ele>1139.0</ele>
      </trkpt>
      <trkpt lat="43.99691" lon="7.3876">
        <ele>1139.0</ele>
      </trkpt>
      <trkpt lat="43.99695" lon="7.38719">
        <ele>1132.3</ele>
      </trkpt>
      <trkpt lat="43.99699" lon="7.38695">
        <ele>1126.5</ele>
      </trkpt>
      <trkpt lat="43.99698" lon="7.38676">
        <ele>1125.1</ele>
      </trkpt>
      <trkpt lat="43.99689" lon="7.38651">
        <ele>1126.9</ele>
      </trkpt>
      <trkpt lat="43.99665" lon="7.38615">
        <ele>1134.8</ele>
      </trkpt>
      <trkpt lat="43.99663" lon="7.38605">
        <ele>1133.9</ele>
      </trkpt>
      <trkpt lat="43.9967" lon="7.38579">
        <ele>1122.2</ele>
      </trkpt>
      <trkpt lat="43.99668" lon="7.38555">
        <ele>1119.8</ele>
      </trkpt>
      <trkpt lat="43.99664" lon="7.38541">
        <ele>1120.3</ele>
      </trkpt>
      <trkpt lat="43.99668" lon="7.38522">
        <ele>1114.8</ele>
      </trkpt>
      <trkpt lat="43.99675" lon="7.38503">
        <ele>1108.7</ele>
      </trkpt>
      <trkpt lat="43.99673" lon="7.38491">
        <ele>1109.6</ele>
      </trkpt>
      <trkpt lat="43.99666" lon="7.38486">
        <ele>1112.9</ele>
      </trkpt>
      <trkpt lat="43.9964" lon="7.38479">
        <ele>1126.5</ele>
      </trkpt>
      <trkpt lat="43.99631" lon="7.38472">
        <ele>1130.4</ele>
      </trkpt>
      <trkpt lat="43.99615" lon="7.38469">
        <ele>1137.7</ele>
      </trkpt>
      <trkpt lat="43.99602" lon="7.38454">
        <ele>1136.6</ele>
      </trkpt>
      <trkpt lat="43.99602" lon="7.3844">
        <ele>1135.9</ele>
      </trkpt>
      <trkpt lat="43.99614" lon="7.3841">
        <ele>1134.4</ele>
      </trkpt>
      <trkpt lat="43.9962" lon="7.38405">
        <ele>1133.9</ele>
      </trkpt>
      <trkpt lat="43.99635" lon="7.38399">
        <ele>1133.0</ele>
      </trkpt>
      <trkpt lat="43.99672" lon="7.38404">
        <ele>1120.4</ele>
      </trkpt>
      <trkpt lat="43.99705" lon="7.38362">
        <ele>1131.6</ele>
      </trkpt>
      <trkpt lat="43.99721" lon="7.38351">
        <ele>1131.1</ele>
      </trkpt>
      <trkpt lat="43.99739" lon="7.38346">
        <ele>1126.5</ele>
      </trkpt>
      <trkpt lat="43.99757" lon="7.38344">
        <ele>1119.7</ele>
      </trkpt>
      <trkpt lat="43.99786" lon="7.38311">
        <ele>1118.7</ele>
      </trkpt>
      <trkpt lat="43.99802" lon="7.38306">
        <ele>1111.1</ele>
      </trkpt>
      <trkpt lat="43.9985" lon="7.38306">
        <ele>1082.4</ele>
      </trkpt>
      <trkpt lat="43.99857" lon="7.38301">
        <ele>1079.0</ele>
      </trkpt>
      <trkpt lat="43.99857" lon="7.38287">
        <ele>1081.0</ele>
      </trkpt>
      <trkpt lat="43.99854" lon="7.38269">
        <ele>1085.7</ele>
      </trkpt>
      <trkpt lat="43.99851" lon="7.38237">
        <ele>1089.7</ele>
      </trkpt>
      <trkpt lat="43.99842" lon="7.3819">
        <ele>1092.3</ele>
      </trkpt>
      <trkpt lat="43.99844" lon="7.38155">
        <ele>1086.1</ele>
      </trkpt>
      <trkpt lat="43.99829" lon="7.38131">
        <ele>1094.2</ele>
      </trkpt>
      <trkpt lat="43.99823" lon="7.38107">
        <ele>1094.9</ele>
      </trkpt>
      <trkpt lat="43.99807" lon="7.3809">
        <ele>1105.6</ele>
      </trkpt>
      <trkpt lat="43.99775" lon="7.3803">
        <ele>1105.9</ele>
      </trkpt>
      <trkpt lat="43.99752" lon="7.37991">
        <ele>1107.0</ele>
      </trkpt>
      <trkpt lat="43.99742" lon="7.37979">
        <ele>1110.6</ele>
      </trkpt>
      <trkpt lat="43.99726" lon="7.37949">
        <ele>1113.4</ele>
      </trkpt>
      <trkpt lat="43.99711" lon="7.37938">
        <ele>1120.8</ele>
      </trkpt>
      <trkpt lat="43.99697" lon="7.37917">
        <ele>1125.0</ele>
      </trkpt>
      <trkpt lat="43.99685" lon="7.37894">
        <ele>1135.0</ele>
      </trkpt>
      <trkpt lat="43.99684" lon="7.37874">
        <ele>1137.3</ele>
      </trkpt>
      <trkpt lat="43.99701" lon="7.37852">
        <ele>1127.7</ele>
      </trkpt>
      <trkpt lat="43.99717" lon="7.37842">
        <ele>1118.0</ele>
      </trkpt>
      <trkpt lat="43.99723" lon="7.37818">
        <ele>1122.1</ele>
      </trkpt>
      <trkpt lat="43.99737" lon="7.37796">
        <ele>1124.1</ele>
      </trkpt>
      <trkpt lat="43.99755" lon="7.37781">
        <ele>1120.4</ele>
      </trkpt>
      <trkpt lat="43.99793" lon="7.3776">
        <ele>1102.8</ele>
      </trkpt>
      <trkpt lat="43.99823" lon="7.37708">
        <ele>1109.6</ele>
      </trkpt>
      <trkpt lat="43.9986" lon="7.37705">
        <ele>1090.6</ele>
      </trkpt>
      <trkpt lat="43.99871" lon="7.37679">
        <ele>1101.9</ele>
      </trkpt>
      <trkpt lat="43.99881" lon="7.37667">
        <ele>1105.0</ele>
      </trkpt>
      <trkpt lat="43.999" lon="7.3766">
        <ele>1101.5</ele>
      </trkpt>
      <trkpt lat="43.9994" lon="7.37656">
        <ele>1084.9</ele>
      </trkpt>
      <trkpt lat="43.99957" lon="7.37659">
        <ele>1074.0</ele>
      </trkpt>
      <trkpt lat="43.99983" lon="7.37646">
        <ele>1069.0</ele>
      </trkpt>
      <trkpt lat="43.99991" lon="7.37629">
        <ele>1075.6</ele>
      </trkpt>
      <trkpt lat="44.00027" lon="7.37618">
        <ele>1055.7</ele>
      </trkpt>
      <trkpt lat="44.00027" lon="7.37605">
        <ele>1063.1</ele>
      </trkpt>
      <trkpt lat="44.00033" lon="7.37587">
        <ele>1068.0</ele>
      </trkpt>
      <trkpt lat="44.00037" lon="7.37558">
        <ele>1078.2</ele>
      </trkpt>
      <trkpt lat="44.00053" lon="7.37545">
        <ele>1068.9</ele>
      </trkpt>
      <trkpt lat="44.00065" lon="7.37532">
        <ele>1062.6</ele>
      </trkpt>
      <trkpt lat="44.00067" lon="7.37501">
        <ele>1072.8</ele>
      </trkpt>
      <trkpt lat="44.00064" lon="7.37464">
        <ele>1084.3</ele>
      </trkpt>
      <trkpt lat="44.00068" lon="7.37453">
        <ele>1082.7</ele>
      </trkpt>
      <trkpt lat="44.0009" lon="7.3743">
        <ele>1067.7</ele>
      </trkpt>
      <trkpt lat="44.00113" lon="7.37414">
        <ele>1053.2</ele>
      </trkpt>
      <trkpt lat="44.00114" lon="7.37389">
        <ele>1049.4</ele>
      </trkpt>
      <trkpt lat="44.00108" lon="7.37347">
        <ele>1049.3</ele>
      </trkpt>
      <trkpt lat="44.00102" lon="7.37339">
        <ele>1053.5</ele>
      </trkpt>
      <trkpt lat="44.00094" lon="7.37338">
        <ele>1060.2</ele>
      </trkpt>
      <trkpt lat="44.00086" lon="7.37329">
        <ele>1064.9</ele>
      </trkpt>
      <trkpt lat="44.00078" lon="7.37309">
        <ele>1063.5</ele>
      </trkpt>
      <trkpt lat="44.0006" lon="7.37276">
        <ele>1066.1</ele>
      </trkpt>
      <trkpt lat="44.00042" lon="7.3726">
        <ele>1076.2</ele>
      </trkpt>
      <trkpt lat="44.00033" lon="7.37244">
        <ele>1080.3</ele>
      </trkpt>
      <trkpt lat="44.00031" lon="7.37221">
        <ele>1079.9</ele>
      </trkpt>
      <trkpt lat="44.00033" lon="7.37199">
        <ele>1076.0</ele>
      </trkpt>
      <trkpt lat="44.00037" lon="7.3718">
        <ele>1070.7</ele>
      </trkpt>
      <trkpt lat="44.00059" lon="7.37147">
        <ele>1051.8</ele>
      </trkpt>
      <trkpt lat="44.00075" lon="7.37113">
        <ele>1042.8</ele>
      </trkpt>
      <trkpt lat="44.00074" lon="7.37103">
        <ele>1044.5</ele>
      </trkpt>
      <trkpt lat="44.00047" lon="7.37063">
        <ele>1056.5</ele>
      </trkpt>
      <trkpt lat="44.00013" lon="7.37023">
        <ele>1065.5</ele>
      </trkpt>
      <trkpt lat="43.99997" lon="7.37019">
        <ele>1075.0</ele>
      </trkpt>
      <trkpt lat="43.99979" lon="7.36998">
        <ele>1086.4</ele>
      </trkpt>
      <trkpt lat="43.99979" lon="7.36998">
        <ele>1086.4</ele>
      </trkpt>
      <trkpt lat="43.99975" lon="7.36989">
        <ele>1090.0</ele>
      </trkpt>
      <trkpt lat="43.99976" lon="7.3698">
        <ele>1089.0</ele>
      </trkpt>
      <trkpt lat="43.99986" lon="7.36974">
        <ele>1080.1</ele>
      </trkpt>
      <trkpt lat="43.99993" lon="7.36944">
        <ele>1074.3</ele>
      </trkpt>
      <trkpt lat="43.99986" lon="7.369">
        <ele>1083.1</ele>
      </trkpt>
      <trkpt lat="43.9999" lon="7.36881">
        <ele>1083.2</ele>
      </trkpt>
      <trkpt lat="44.00021" lon="7.36872">
        <ele>1060.2</ele>
      </trkpt>
      <trkpt lat="44.00051" lon="7.36851">
        <ele>1039.0</ele>
      </trkpt>
      <trkpt lat="44.00058" lon="7.36812">
        <ele>1039.5</ele>
      </trkpt>
      <trkpt lat="44.00056" lon="7.36792">
        <ele>1044.2</ele>
      </trkpt>
      <trkpt lat="44.00046" lon="7.3674">
        <ele>1060.3</ele>
      </trkpt>
      <trkpt lat="44.00053" lon="7.3672">
        <ele>1057.9</ele>
      </trkpt>
      <trkpt lat="44.00071" lon="7.36703">
        <ele>1045.2</ele>
      </trkpt>
      <trkpt lat="44.00082" lon="7.36685">
        <ele>1038.0</ele>
      </trkpt>
      <trkpt lat="44.0011" lon="7.36673">
        <ele>1016.4</ele>
      </trkpt>
      <trkpt lat="44.00122" lon="7.36651">
        <ele>1008.9</ele>
      </trkpt>
      <trkpt lat="44.00123" lon="7.3664">
        <ele>1009.1</ele>
      </trkpt>
      <trkpt lat="44.00121" lon="7.36623">
        <ele>1012.5</ele>
      </trkpt>
      <trkpt lat="44.00107" lon="7.36616">
        <ele>1025.7</ele>
      </trkpt>
      <trkpt lat="44.00101" lon="7.36602">
        <ele>1032.8</ele>
      </trkpt>
      <trkpt lat="44.00105" lon="7.36575">
        <ele>1031.6</ele>
      </trkpt>
      <trkpt lat="44.00092" lon="7.36551">
        <ele>1043.8</ele>
      </trkpt>
      <trkpt lat="44.0009" lon="7.36536">
        <ele>1045.6</ele>
      </trkpt>
      <trkpt lat="44.00094" lon="7.36524">
        <ele>1042.1</ele>
      </trkpt>
      <trkpt lat="44.00111" lon="7.36515">
        <ele>1027.7</ele>
      </trkpt>
      <trkpt lat="44.00122" lon="7.36494">
        <ele>1018.6</ele>
      </trkpt>
      <trkpt lat="44.00135" lon="7.36477">
        <ele>1007.8</ele>
      </trkpt>
      <trkpt lat="44.00133" lon="7.36458">
        <ele>1008.8</ele>
      </trkpt>
      <trkpt lat="44.00138" lon="7.36444">
        <ele>1005.1</ele>
      </trkpt>
      <trkpt lat="44.00146" lon="7.36436">
        <ele>999.9</ele>
      </trkpt>
      <trkpt lat="44.00151" lon="7.36424">
        <ele>997.0</ele>
      </trkpt>
      <trkpt lat="44.00128" lon="7.36417">
        <ele>1010.7</ele>
      </trkpt>
      <trkpt lat="44.00113" lon="7.36395">
        <ele>1013.6</ele>
      </trkpt>
      <trkpt lat="44.00102" lon="7.3639">
        <ele>1018.7</ele>
      </trkpt>
      <trkpt lat="44.00099" lon="7.36369">
        <ele>1014.6</ele>
      </trkpt>
      <trkpt lat="44.00091" lon="7.36361">
        <ele>1017.1</ele>
      </trkpt>
      <trkpt lat="44.00075" lon="7.3635">
        <ele>1024.2</ele>
      </trkpt>
      <trkpt lat="44.00072" lon="7.36337">
        <ele>1022.5</ele>
      </trkpt>
      <trkpt lat="44.00073" lon="7.36322">
        <ele>1021.9</ele>
      </trkpt>
      <trkpt lat="44.00094" lon="7.36297">
        <ele>1009.0</ele>
      </trkpt>
      <trkpt lat="44.00102" lon="7.36285">
        <ele>1003.8</ele>
      </trkpt>
      <trkpt lat="44.00095" lon="7.36262">
        <ele>1009.5</ele>
      </trkpt>
      <trkpt lat="44.00091" lon="7.36234">
        <ele>1016.2</ele>
      </trkpt>
      <trkpt lat="44.00106" lon="7.36211">
        <ele>1008.8</ele>
      </trkpt>
      <trkpt lat="44.00119" lon="7.36203">
        <ele>999.8</ele>
      </trkpt>
      <trkpt lat="44.00133" lon="7.36215">
        <ele>986.4</ele>
      </trkpt>
      <trkpt lat="44.00142" lon="7.36214">
        <ele>979.4</ele>
      </trkpt>
      <trkpt lat="44.00155" lon="7.36199">
        <ele>971.4</ele>
      </trkpt>
      <trkpt lat="44.00164" lon="7.36183">
        <ele>966.6</ele>
      </trkpt>
      <trkpt lat="44.00166" lon="7.36153">
        <ele>971.0</ele>
      </trkpt>
      <trkpt lat="44.00145" lon="7.36136">
        <ele>993.3</ele>
      </trkpt>
      <trkpt lat="44.00137" lon="7.36115">
        <ele>1006.1</ele>
      </trkpt>
      <trkpt lat="44.00146" lon="7.36095">
        <ele>1003.6</ele>
      </trkpt>
      <trkpt lat="44.00164" lon="7.36063">
        <ele>991.4</ele>
      </trkpt>
      <trkpt lat="44.00178" lon="7.36045">
        <ele>979.3</ele>
      </trkpt>
      <trkpt lat="44.00196" lon="7.36035">
        <ele>963.3</ele>
      </trkpt>
      <trkpt lat="44.00212" lon="7.3602">
        <ele>949.7</ele>
      </trkpt>
      <trkpt lat="44.00211" lon="7.36003">
        <ele>951.9</ele>
      </trkpt>
      <trkpt lat="44.00206" lon="7.35987">
        <ele>952.3</ele>
      </trkpt>
      <trkpt lat="44.00184" lon="7.35945">
        <ele>954.1</ele>
      </trkpt>
      <trkpt lat="44.00174" lon="7.35934">
        <ele>956.2</ele>
      </trkpt>
      <trkpt lat="44.00164" lon="7.35933">
        <ele>963.1</ele>
      </trkpt>
      <trkpt lat="44.00157" lon="7.35922">
        <ele>964.6</ele>
      </trkpt>
      <trkpt lat="44.00147" lon="7.35915">
        <ele>971.4</ele>
      </trkpt>
      <trkpt lat="44.00136" lon="7.35909">
        <ele>980.9</ele>
      </trkpt>
      <trkpt lat="44.00121" lon="7.3591">
        <ele>995.0</ele>
      </trkpt>
      <trkpt lat="44.001" lon="7.35894">
        <ele>1010.1</ele>
      </trkpt>
      <trkpt lat="44.0009" lon="7.35879">
        <ele>1014.3</ele>
      </trkpt>
      <trkpt lat="44.00086" lon="7.35861">
        <ele>1011.9</ele>
      </trkpt>
      <trkpt lat="44.00088" lon="7.35853">
        <ele>1007.9</ele>
      </trkpt>
      <trkpt lat="44.00094" lon="7.35843">
        <ele>1000.6</ele>
      </trkpt>
      <trkpt lat="44.00108" lon="7.3583">
        <ele>990.2</ele>
      </trkpt>
      <trkpt lat="44.00132" lon="7.35825">
        <ele>976.8</ele>
      </trkpt>
      <trkpt lat="44.0015" lon="7.35819">
        <ele>967.9</ele>
      </trkpt>
      <trkpt lat="44.00157" lon="7.35811">
        <ele>967.5</ele>
      </trkpt>
      <trkpt lat="44.00179" lon="7.35799">
        <ele>960.0</ele>
      </trkpt>
      <trkpt lat="44.002" lon="7.35767">
        <ele>963.1</ele>
      </trkpt>
      <trkpt lat="44.00231" lon="7.35735">
        <ele>954.2</ele>
      </trkpt>
      <trkpt lat="44.00246" lon="7.35712">
        <ele>949.0</ele>
      </trkpt>
      <trkpt lat="44.00267" lon="7.35703">
        <ele>931.0</ele>
      </trkpt>
      <trkpt lat="44.00279" lon="7.35689">
        <ele>921.1</ele>
      </trkpt>
      <trkpt lat="44.00284" lon="7.35681">
        <ele>917.1</ele>
      </trkpt>
      <trkpt lat="44.00284" lon="7.35671">
        <ele>918.6</ele>
      </trkpt>
      <trkpt lat="44.00277" lon="7.35645">
        <ele>925.1</ele>
      </trkpt>
      <trkpt lat="44.00264" lon="7.35617">
        <ele>936.2</ele>
      </trkpt>
      <trkpt lat="44.00258" lon="7.35589">
        <ele>939.6</ele>
      </trkpt>
      <trkpt lat="44.00245" lon="7.35575">
        <ele>949.3</ele>
      </trkpt>
      <trkpt lat="44.00238" lon="7.35554">
        <ele>951.2</ele>
      </trkpt>
      <trkpt lat="44.0025" lon="7.35517">
        <ele>935.8</ele>
      </trkpt>
      <trkpt lat="44.00252" lon="7.3549">
        <ele>928.9</ele>
      </trkpt>
      <trkpt lat="44.00259" lon="7.35465">
        <ele>917.5</ele>
      </trkpt>
      <trkpt lat="44.0025" lon="7.35441">
        <ele>918.8</ele>
      </trkpt>
      <trkpt lat="44.00244" lon="7.35416">
        <ele>917.7</ele>
      </trkpt>
      <trkpt lat="44.00248" lon="7.35386">
        <ele>903.2</ele>
      </trkpt>
      <trkpt lat="44.00243" lon="7.35372">
        <ele>901.9</ele>
      </trkpt>
      <trkpt lat="44.0023" lon="7.35365">
        <ele>909.4</ele>
      </trkpt>
      <trkpt lat="44.00215" lon="7.35351">
        <ele>915.6</ele>
      </trkpt>
      <trkpt lat="44.0021" lon="7.35313">
        <ele>903.1</ele>
      </trkpt>
      <trkpt lat="44.00191" lon="7.3528">
        <ele>901.1</ele>
      </trkpt>
      <trkpt lat="44.00171" lon="7.35217">
        <ele>880.4</ele>
      </trkpt>
      <trkpt lat="44.00155" lon="7.35198">
        <ele>878.1</ele>
      </trkpt>
      <trkpt lat="44.00137" lon="7.35189">
        <ele>882.3</ele>
      </trkpt>
      <trkpt lat="44.00117" lon="7.35189">
        <ele>892.8</ele>
      </trkpt>
      <trkpt lat="44.00099" lon="7.35168">
        <ele>890.5</ele>
      </trkpt>
      <trkpt lat="44.00081" lon="7.35163">
        <ele>898.4</ele>
      </trkpt>
      <trkpt lat="44.0007" lon="7.35144">
        <ele>899.8</ele>
      </trkpt>
      <trkpt lat="44.0006" lon="7.35087">
        <ele>885.9</ele>
      </trkpt>
      <trkpt lat="44.00048" lon="7.35056">
        <ele>886.5</ele>
      </trkpt>
      <trkpt lat="44.00041" lon="7.35018">
        <ele>880.7</ele>
      </trkpt>
      <trkpt lat="44.00041" lon="7.34996">
        <ele>874.2</ele>
      </trkpt>
      <trkpt lat="44.00043" lon="7.34966">
        <ele>866.3</ele>
      </trkpt>
      <trkpt lat="44.00039" lon="7.34925">
        <ele>860.6</ele>
      </trkpt>
      <trkpt lat="44.00044" lon="7.34899">
        <ele>850.5</ele>
      </trkpt>
      <trkpt lat="44.00042" lon="7.34883">
        <ele>847.3</ele>
      </trkpt>
      <trkpt lat="44.00028" lon="7.34849">
        <ele>845.7</ele>
      </trkpt>
      <trkpt lat="43.99993" lon="7.34808">
        <ele>848.6</ele>
      </trkpt>
      <trkpt lat="43.99942" lon="7.34737">
        <ele>845.5</ele>
      </trkpt>
      <trkpt lat="43.99926" lon="7.34651">
        <ele>832.1</ele>
      </trkpt>
      <trkpt lat="43.99927" lon="7.34619">
        <ele>826.2</ele>
      </trkpt>
      <trkpt lat="43.99937" lon="7.34569">
        <ele>813.8</ele>
      </trkpt>
      <trkpt lat="43.99935" lon="7.34554">
        <ele>811.7</ele>
      </trkpt>
      <trkpt lat="43.9993" lon="7.34542">
        <ele>810.8</ele>
      </trkpt>
      <trkpt lat="43.99922" lon="7.34533">
        <ele>811.1</ele>
      </trkpt>
      <trkpt lat="43.99902" lon="7.3452">
        <ele>811.7</ele>
      </trkpt>
      <trkpt lat="43.99882" lon="7.34511">
        <ele>812.0</ele>
      </trkpt>
      <trkpt lat="43.99844" lon="7.3451">
        <ele>816.6</ele>
      </trkpt>
      <trkpt lat="43.99791" lon="7.34488">
        <ele>807.6</ele>
      </trkpt>
      <trkpt lat="43.99767" lon="7.34493">
        <ele>809.2</ele>
      </trkpt>
      <trkpt lat="43.99767" lon="7.34493">
        <ele>809.2</ele>
      </trkpt>
      <trkpt lat="43.99751" lon="7.34496">
        <ele>810.2</ele>
      </trkpt>
      <trkpt lat="43.9973" lon="7.34489">
        <ele>807.6</ele>
      </trkpt>
      <trkpt lat="43.99709" lon="7.34491">
        <ele>809.0</ele>
      </trkpt>
      <trkpt lat="43.9969" lon="7.34486">
        <ele>807.4</ele>
      </trkpt>
      <trkpt lat="43.99628" lon="7.34444">
        <ele>803.8</ele>
      </trkpt>
      <trkpt lat="43.99605" lon="7.3442">
        <ele>803.8</ele>
      </trkpt>
      <trkpt lat="43.99595" lon="7.34393">
        <ele>801.0</ele>
      </trkpt>
      <trkpt lat="43.99588" lon="7.34351">
        <ele>794.5</ele>
      </trkpt>
      <trkpt lat="43.99582" lon="7.34302">
        <ele>783.7</ele>
      </trkpt>
      <trkpt lat="43.99574" lon="7.34279">
        <ele>779.1</ele>
      </trkpt>
      <trkpt lat="43.99529" lon="7.34255">
        <ele>784.0</ele>
      </trkpt>
      <trkpt lat="43.99517" lon="7.34247">
        <ele>783.7</ele>
      </trkpt>
      <trkpt lat="43.99488" lon="7.34236">
        <ele>784.0</ele>
      </trkpt>
      <trkpt lat="43.99438" lon="7.34225">
        <ele>785.3</ele>
      </trkpt>
      <trkpt lat="43.99388" lon="7.34213">
        <ele>787.8</ele>
      </trkpt>
      <trkpt lat="43.99359" lon="7.34221">
        <ele>795.4</ele>
      </trkpt>
      <trkpt lat="43.99347" lon="7.3422">
        <ele>797.1</ele>
      </trkpt>
      <trkpt lat="43.9934" lon="7.3421">
        <ele>796.4</ele>
      </trkpt>
      <trkpt lat="43.99337" lon="7.34198">
        <ele>795.0</ele>
      </trkpt>
      <trkpt lat="43.99337" lon="7.34157">
        <ele>788.1</ele>
      </trkpt>
      <trkpt lat="43.99334" lon="7.34109">
        <ele>782.3</ele>
      </trkpt>
      <trkpt lat="43.99316" lon="7.34054">
        <ele>787.6</ele>
      </trkpt>
      <trkpt lat="43.99316" lon="7.34054">
        <ele>787.6</ele>
      </trkpt>
      <trkpt lat="43.99306" lon="7.34013">
        <ele>790.6</ele>
      </trkpt>
      <trkpt lat="43.99306" lon="7.33949">
        <ele>783.4</ele>
      </trkpt>
      <trkpt lat="43.99307" lon="7.33884">
        <ele>776.0</ele>
      </trkpt>
      <trkpt lat="43.99304" lon="7.33852">
        <ele>775.0</ele>
      </trkpt>
      <trkpt lat="43.99289" lon="7.33807">
        <ele>775.7</ele>
      </trkpt>
      <trkpt lat="43.9928" lon="7.33794">
        <ele>777.4</ele>
      </trkpt>
      <trkpt lat="43.99263" lon="7.33761">
        <ele>777.8</ele>
      </trkpt>
      <trkpt lat="43.9924" lon="7.33727">
        <ele>778.8</ele>
      </trkpt>
      <trkpt lat="43.99233" lon="7.33711">
        <ele>776.9</ele>
      </trkpt>
      <trkpt lat="43.99227" lon="7.33695">
        <ele>774.5</ele>
      </trkpt>
      <trkpt lat="43.99193" lon="7.33639">
        <ele>771.1</ele>
      </trkpt>
      <trkpt lat="43.99159" lon="7.33583">
        <ele>766.7</ele>
      </trkpt>
      <trkpt lat="43.99146" lon="7.33569">
        <ele>763.9</ele>
      </trkpt>
      <trkpt lat="43.99136" lon="7.33566">
        <ele>762.9</ele>
      </trkpt>
      <trkpt lat="43.99127" lon="7.33568">
        <ele>762.8</ele>
      </trkpt>
      <trkpt lat="43.99092" lon="7.33587">
        <ele>765.5</ele>
      </trkpt>
      <trkpt lat="43.99079" lon="7.33589">
        <ele>766.0</ele>
      </trkpt>
      <trkpt lat="43.99069" lon="7.33589">
        <ele>766.4</ele>
      </trkpt>
      <trkpt lat="43.99019" lon="7.33576">
        <ele>764.1</ele>
      </trkpt>
      <trkpt lat="43.9897" lon="7.33563">
        <ele>764.8</ele>
      </trkpt>
      <trkpt lat="43.98964" lon="7.33559">
        <ele>764.3</ele>
      </trkpt>
      <trkpt lat="43.98963" lon="7.33552">
        <ele>761.9</ele>
      </trkpt>
      <trkpt lat="43.98967" lon="7.33549">
        <ele>760.3</ele>
      </trkpt>
      <trkpt lat="43.98987" lon="7.33556">
        <ele>760.0</ele>
      </trkpt>
      <trkpt lat="43.9901" lon="7.33556">
        <ele>758.1</ele>
      </trkpt>
      <trkpt lat="43.99039" lon="7.33553">
        <ele>757.3</ele>
      </trkpt>
      <trkpt lat="43.99063" lon="7.33544">
        <ele>755.2</ele>
      </trkpt>
      <trkpt lat="43.99076" lon="7.33531">
        <ele>752.5</ele>
      </trkpt>
      <trkpt lat="43.99097" lon="7.33491">
        <ele>745.3</ele>
      </trkpt>
      <trkpt lat="43.99116" lon="7.33469">
        <ele>741.4</ele>
      </trkpt>
      <trkpt lat="43.99117" lon="7.33463">
        <ele>739.9</ele>
      </trkpt>
      <trkpt lat="43.99115" lon="7.33457">
        <ele>738.2</ele>
      </trkpt>
      <trkpt lat="43.99111" lon="7.33456">
        <ele>737.7</ele>
      </trkpt>
      <trkpt lat="43.99104" lon="7.3346">
        <ele>738.3</ele>
      </trkpt>
      <trkpt lat="43.99065" lon="7.3351">
        <ele>747.1</ele>
      </trkpt>
      <trkpt lat="43.99057" lon="7.33514">
        <ele>747.6</ele>
      </trkpt>
      <trkpt lat="43.9897" lon="7.33505">
        <ele>744.3</ele>
      </trkpt>
      <trkpt lat="43.98967" lon="7.33503">
        <ele>743.8</ele>
      </trkpt>
      <trkpt lat="43.98965" lon="7.33492">
        <ele>740.2</ele>
      </trkpt>
      <trkpt lat="43.98981" lon="7.33497">
        <ele>740.6</ele>
      </trkpt>
      <trkpt lat="43.98999" lon="7.33496">
        <ele>738.7</ele>
      </trkpt>
      <trkpt lat="43.99037" lon="7.3349">
        <ele>739.8</ele>
      </trkpt>
      <trkpt lat="43.99042" lon="7.33488">
        <ele>739.6</ele>
      </trkpt>
      <trkpt lat="43.99051" lon="7.33478">
        <ele>737.7</ele>
      </trkpt>
      <trkpt lat="43.99055" lon="7.3347">
        <ele>736.0</ele>
      </trkpt>
      <trkpt lat="43.99061" lon="7.33451">
        <ele>731.8</ele>
      </trkpt>
      <trkpt lat="43.99062" lon="7.33406">
        <ele>721.4</ele>
      </trkpt>
      <trkpt lat="43.99067" lon="7.33378">
        <ele>717.9</ele>
      </trkpt>
      <trkpt lat="43.99067" lon="7.33378">
        <ele>717.9</ele>
      </trkpt>
      <trkpt lat="43.99071" lon="7.33364">
        <ele>716.4</ele>
      </trkpt>
      <trkpt lat="43.99075" lon="7.33355">
        <ele>715.7</ele>
      </trkpt>
      <trkpt lat="43.99093" lon="7.33329">
        <ele>711.5</ele>
      </trkpt>
      <trkpt lat="43.99099" lon="7.33327">
        <ele>710.0</ele>
      </trkpt>
      <trkpt lat="43.99111" lon="7.33329">
        <ele>708.1</ele>
      </trkpt>
      <trkpt lat="43.99149" lon="7.33372">
        <ele>714.4</ele>
      </trkpt>
      <trkpt lat="43.99166" lon="7.3339">
        <ele>719.4</ele>
      </trkpt>
      <trkpt lat="43.99179" lon="7.334">
        <ele>720.2</ele>
      </trkpt>
      <trkpt lat="43.99194" lon="7.33404">
        <ele>718.2</ele>
      </trkpt>
      <trkpt lat="43.992" lon="7.33402">
        <ele>716.1</ele>
      </trkpt>
      <trkpt lat="43.99203" lon="7.33396">
        <ele>713.3</ele>
      </trkpt>
      <trkpt lat="43.99203" lon="7.33388">
        <ele>710.4</ele>
      </trkpt>
      <trkpt lat="43.99198" lon="7.3338">
        <ele>708.7</ele>
      </trkpt>
      <trkpt lat="43.99174" lon="7.33372">
        <ele>711.2</ele>
      </trkpt>
      <trkpt lat="43.99165" lon="7.33367">
        <ele>711.3</ele>
      </trkpt>
      <trkpt lat="43.99161" lon="7.33361">
        <ele>709.6</ele>
      </trkpt>
      <trkpt lat="43.99153" lon="7.33346">
        <ele>705.6</ele>
      </trkpt>
      <trkpt lat="43.99141" lon="7.33312">
        <ele>698.4</ele>
      </trkpt>
      <trkpt lat="43.99126" lon="7.33281">
        <ele>694.6</ele>
      </trkpt>
      <trkpt lat="43.9912" lon="7.33243">
        <ele>688.3</ele>
      </trkpt>
      <trkpt lat="43.99111" lon="7.33226">
        <ele>687.9</ele>
      </trkpt>
      <trkpt lat="43.99104" lon="7.33217">
        <ele>688.3</ele>
      </trkpt>
      <trkpt lat="43.99092" lon="7.3321">
        <ele>690.4</ele>
      </trkpt>
      <trkpt lat="43.99051" lon="7.3317">
        <ele>688.1</ele>
      </trkpt>
      <trkpt lat="43.99043" lon="7.33159">
        <ele>687.9</ele>
      </trkpt>
      <trkpt lat="43.99041" lon="7.3315">
        <ele>687.6</ele>
      </trkpt>
      <trkpt lat="43.99041" lon="7.33106">
        <ele>685.0</ele>
      </trkpt>
      <trkpt lat="43.9904" lon="7.33086">
        <ele>684.1</ele>
      </trkpt>
      <trkpt lat="43.99033" lon="7.33068">
        <ele>683.1</ele>
      </trkpt>
      <trkpt lat="43.99033" lon="7.33068">
        <ele>683.1</ele>
      </trkpt>
      <trkpt lat="43.99027" lon="7.3305">
        <ele>681.6</ele>
      </trkpt>
      <trkpt lat="43.99017" lon="7.33032">
        <ele>681.1</ele>
      </trkpt>
      <trkpt lat="43.99" lon="7.33011">
        <ele>681.8</ele>
      </trkpt>
      <trkpt lat="43.98994" lon="7.32993">
        <ele>676.6</ele>
      </trkpt>
      <trkpt lat="43.98996" lon="7.32986">
        <ele>675.4</ele>
      </trkpt>
      <trkpt lat="43.98999" lon="7.32985">
        <ele>675.8</ele>
      </trkpt>
      <trkpt lat="43.99003" lon="7.32986">
        <ele>675.6</ele>
      </trkpt>
      <trkpt lat="43.99008" lon="7.32995">
        <ele>676.7</ele>
      </trkpt>
      <trkpt lat="43.99017" lon="7.33002">
        <ele>676.0</ele>
      </trkpt>
      <trkpt lat="43.99034" lon="7.33022">
        <ele>675.1</ele>
      </trkpt>
      <trkpt lat="43.99064" lon="7.33052">
        <ele>672.6</ele>
      </trkpt>
      <trkpt lat="43.99091" lon="7.33083">
        <ele>670.6</ele>
      </trkpt>
      <trkpt lat="43.99095" lon="7.33086">
        <ele>669.9</ele>
      </trkpt>
      <trkpt lat="43.991" lon="7.33087">
        <ele>668.6</ele>
      </trkpt>
      <trkpt lat="43.99105" lon="7.33083">
        <ele>666.4</ele>
      </trkpt>
      <trkpt lat="43.99106" lon="7.33077">
        <ele>665.1</ele>
      </trkpt>
      <trkpt lat="43.99105" lon="7.33072">
        <ele>664.5</ele>
      </trkpt>
      <trkpt lat="43.99087" lon="7.33048">
        <ele>665.9</ele>
      </trkpt>
      <trkpt lat="43.9908" lon="7.33035">
        <ele>665.7</ele>
      </trkpt>
      <trkpt lat="43.9908" lon="7.33035">
        <ele>665.7</ele>
      </trkpt>
      <trkpt lat="43.99041" lon="7.32966">
        <ele>661.1</ele>
      </trkpt>
      <trkpt lat="43.99028" lon="7.32948">
        <ele>659.6</ele>
      </trkpt>
      <trkpt lat="43.9897" lon="7.32904">
        <ele>651.6</ele>
      </trkpt>
      <trkpt lat="43.98959" lon="7.32905">
        <ele>650.7</ele>
      </trkpt>
      <trkpt lat="43.98935" lon="7.32913">
        <ele>649.6</ele>
      </trkpt>
      <trkpt lat="43.98932" lon="7.32912">
        <ele>649.1</ele>
      </trkpt>
      <trkpt lat="43.98929" lon="7.32908">
        <ele>648.1</ele>
      </trkpt>
      <trkpt lat="43.9893" lon="7.32901">
        <ele>647.0</ele>
      </trkpt>
      <trkpt lat="43.98937" lon="7.32896">
        <ele>646.9</ele>
      </trkpt>
      <trkpt lat="43.98958" lon="7.32891">
        <ele>647.7</ele>
      </trkpt>
      <trkpt lat="43.9899" lon="7.32889">
        <ele>649.9</ele>
      </trkpt>
      <trkpt lat="43.99024" lon="7.32897">
        <ele>647.4</ele>
      </trkpt>
      <trkpt lat="43.99047" lon="7.32906">
        <ele>644.5</ele>
      </trkpt>
      <trkpt lat="43.99058" lon="7.32917">
        <ele>644.9</ele>
      </trkpt>
      <trkpt lat="43.99068" lon="7.32933">
        <ele>646.5</ele>
      </trkpt>
      <trkpt lat="43.99072" lon="7.32937">
        <ele>646.5</ele>
      </trkpt>
      <trkpt lat="43.99079" lon="7.32935">
        <ele>644.4</ele>
      </trkpt>
      <trkpt lat="43.99081" lon="7.32931">
        <ele>643.0</ele>
      </trkpt>
      <trkpt lat="43.99081" lon="7.32925">
        <ele>641.5</ele>
      </trkpt>
      <trkpt lat="43.99077" lon="7.32917">
        <ele>640.5</ele>
      </trkpt>
      <trkpt lat="43.99042" lon="7.32878">
        <ele>638.4</ele>
      </trkpt>
      <trkpt lat="43.99027" lon="7.32868">
        <ele>639.2</ele>
      </trkpt>
      <trkpt lat="43.99027" lon="7.32868">
        <ele>639.2</ele>
      </trkpt>
      <trkpt lat="43.98965" lon="7.32831">
        <ele>635.6</ele>
      </trkpt>
      <trkpt lat="43.98949" lon="7.32824">
        <ele>634.8</ele>
      </trkpt>
      <trkpt lat="43.98936" lon="7.32823">
        <ele>634.8</ele>
      </trkpt>
      <trkpt lat="43.98921" lon="7.32826">
        <ele>635.3</ele>
      </trkpt>
      <trkpt lat="43.98896" lon="7.32838">
        <ele>631.8</ele>
      </trkpt>
      <trkpt lat="43.98882" lon="7.32851">
        <ele>629.6</ele>
      </trkpt>
      <trkpt lat="43.98879" lon="7.32851">
        <ele>628.8</ele>
      </trkpt>
      <trkpt lat="43.98875" lon="7.32847">
        <ele>627.5</ele>
      </trkpt>
      <trkpt lat="43.98876" lon="7.3284">
        <ele>627.2</ele>
      </trkpt>
      <trkpt lat="43.989" lon="7.32808">
        <ele>630.2</ele>
      </trkpt>
      <trkpt lat="43.98913" lon="7.32781">
        <ele>630.3</ele>
      </trkpt>
      <trkpt lat="43.98917" lon="7.32765">
        <ele>629.4</ele>
      </trkpt>
      <trkpt lat="43.98919" lon="7.3273">
        <ele>627.3</ele>
      </trkpt>
      <trkpt lat="43.98923" lon="7.32716">
        <ele>626.6</ele>
      </trkpt>
      <trkpt lat="43.9893" lon="7.32703">
        <ele>625.7</ele>
      </trkpt>
      <trkpt lat="43.98979" lon="7.32624">
        <ele>620.3</ele>
      </trkpt>
      <trkpt lat="43.98984" lon="7.32612">
        <ele>619.5</ele>
      </trkpt>
      <trkpt lat="43.98986" lon="7.32601">
        <ele>619.1</ele>
      </trkpt>
      <trkpt lat="43.98985" lon="7.32585">
        <ele>619.0</ele>
      </trkpt>
      <trkpt lat="43.98981" lon="7.32569">
        <ele>617.3</ele>
      </trkpt>
      <trkpt lat="43.98973" lon="7.32554">
        <ele>616.4</ele>
      </trkpt>
      <trkpt lat="43.98965" lon="7.32542">
        <ele>616.3</ele>
      </trkpt>
      <trkpt lat="43.98946" lon="7.32525">
        <ele>618.2</ele>
      </trkpt>
      <trkpt lat="43.98933" lon="7.32507">
        <ele>619.5</ele>
      </trkpt>
      <trkpt lat="43.98909" lon="7.32447">
        <ele>614.8</ele>
      </trkpt>
      <trkpt lat="43.98885" lon="7.32387">
        <ele>605.7</ele>
      </trkpt>
      <trkpt lat="43.98885" lon="7.32387">
        <ele>605.7</ele>
      </trkpt>
      <trkpt lat="43.98877" lon="7.32375">
        <ele>603.9</ele>
      </trkpt>
      <trkpt lat="43.98866" lon="7.32367">
        <ele>603.0</ele>
      </trkpt>
      <trkpt lat="43.98844" lon="7.32363">
        <ele>603.4</ele>
      </trkpt>
      <trkpt lat="43.98837" lon="7.32366">
        <ele>604.3</ele>
      </trkpt>
      <trkpt lat="43.9883" lon="7.32373">
        <ele>605.3</ele>
      </trkpt>
      <trkpt lat="43.98806" lon="7.32408">
        <ele>608.4</ele>
      </trkpt>
      <trkpt lat="43.98793" lon="7.32422">
        <ele>608.5</ele>
      </trkpt>
      <trkpt lat="43.98781" lon="7.32432">
        <ele>607.7</ele>
      </trkpt>
      <trkpt lat="43.98765" lon="7.32437">
        <ele>605.9</ele>
      </trkpt>
      <trkpt lat="43.98745" lon="7.32441">
        <ele>603.2</ele>
      </trkpt>
      <trkpt lat="43.98733" lon="7.3244">
        <ele>600.8</ele>
      </trkpt>
      <trkpt lat="43.98721" lon="7.32434">
        <ele>598.8</ele>
      </trkpt>
      <trkpt lat="43.98716" lon="7.32424">
        <ele>598.5</ele>
      </trkpt>
      <trkpt lat="43.98715" lon="7.32419">
        <ele>598.7</ele>
      </trkpt>
      <trkpt lat="43.98717" lon="7.32402">
        <ele>598.0</ele>
      </trkpt>
      <trkpt lat="43.98722" lon="7.32392">
        <ele>597.7</ele>
      </trkpt>
      <trkpt lat="43.98729" lon="7.32385">
        <ele>597.5</ele>
      </trkpt>
      <trkpt lat="43.9877" lon="7.32364">
        <ele>598.0</ele>
      </trkpt>
      <trkpt lat="43.98802" lon="7.32343">
        <ele>597.9</ele>
      </trkpt>
      <trkpt lat="43.98812" lon="7.32334">
        <ele>597.3</ele>
      </trkpt>
      <trkpt lat="43.98828" lon="7.3231">
        <ele>595.0</ele>
      </trkpt>
      <trkpt lat="43.98843" lon="7.32254">
        <ele>585.3</ele>
      </trkpt>
      <trkpt lat="43.98848" lon="7.32246">
        <ele>583.0</ele>
      </trkpt>
      <trkpt lat="43.98862" lon="7.32236">
        <ele>578.4</ele>
      </trkpt>
      <trkpt lat="43.98872" lon="7.32236">
        <ele>576.7</ele>
      </trkpt>
      <trkpt lat="43.9888" lon="7.32239">
        <ele>576.2</ele>
      </trkpt>
      <trkpt lat="43.98896" lon="7.32252">
        <ele>577.4</ele>
      </trkpt>
      <trkpt lat="43.98956" lon="7.32317">
        <ele>574.7</ele>
      </trkpt>
      <trkpt lat="43.98963" lon="7.32327">
        <ele>574.6</ele>
      </trkpt>
      <trkpt lat="43.9897" lon="7.32346">
        <ele>576.3</ele>
      </trkpt>
      <trkpt lat="43.9897" lon="7.32346">
        <ele>576.3</ele>
      </trkpt>
      <trkpt lat="43.98978" lon="7.32392">
        <ele>583.8</ele>
      </trkpt>
      <trkpt lat="43.98984" lon="7.32409">
        <ele>585.6</ele>
      </trkpt>
      <trkpt lat="43.98989" lon="7.32415">
        <ele>585.3</ele>
      </trkpt>
      <trkpt lat="43.98996" lon="7.32418">
        <ele>583.7</ele>
      </trkpt>
      <trkpt lat="43.99016" lon="7.32418">
        <ele>573.3</ele>
      </trkpt>
      <trkpt lat="43.99024" lon="7.3242">
        <ele>569.3</ele>
      </trkpt>
      <trkpt lat="43.99032" lon="7.32429">
        <ele>567.1</ele>
      </trkpt>
      <trkpt lat="43.99044" lon="7.32448">
        <ele>565.5</ele>
      </trkpt>
      <trkpt lat="43.99054" lon="7.32485">
        <ele>570.1</ele>
      </trkpt>
      <trkpt lat="43.99058" lon="7.32493">
        <ele>570.2</ele>
      </trkpt>
      <trkpt lat="43.99066" lon="7.32502">
        <ele>568.5</ele>
      </trkpt>
      <trkpt lat="43.99087" lon="7.3251">
        <ele>560.4</ele>
      </trkpt>
      <trkpt lat="43.99097" lon="7.32518">
        <ele>558.5</ele>
      </trkpt>
      <trkpt lat="43.99102" lon="7.32528">
        <ele>559.0</ele>
      </trkpt>
      <trkpt lat="43.99125" lon="7.32581">
        <ele>561.4</ele>
      </trkpt>
      <trkpt lat="43.9913" lon="7.32587">
        <ele>560.0</ele>
      </trkpt>
      <trkpt lat="43.99134" lon="7.32586">
        <ele>557.7</ele>
      </trkpt>
      <trkpt lat="43.99136" lon="7.32584">
        <ele>556.3</ele>
      </trkpt>
      <trkpt lat="43.99137" lon="7.32576">
        <ele>554.0</ele>
      </trkpt>
      <trkpt lat="43.99132" lon="7.32568">
        <ele>554.8</ele>
      </trkpt>
      <trkpt lat="43.99103" lon="7.32496">
        <ele>550.0</ele>
      </trkpt>
      <trkpt lat="43.991" lon="7.3249">
        <ele>549.7</ele>
      </trkpt>
      <trkpt lat="43.9909" lon="7.32483">
        <ele>551.6</ele>
      </trkpt>
      <trkpt lat="43.99082" lon="7.32472">
        <ele>551.6</ele>
      </trkpt>
      <trkpt lat="43.99073" lon="7.32431">
        <ele>544.9</ele>
      </trkpt>
      <trkpt lat="43.9906" lon="7.32403">
        <ele>545.1</ele>
      </trkpt>
      <trkpt lat="43.9906" lon="7.32403">
        <ele>545.1</ele>
      </trkpt>
      <trkpt lat="43.99029" lon="7.32336">
        <ele>547.0</ele>
      </trkpt>
      <trkpt lat="43.99027" lon="7.3231">
        <ele>542.2</ele>
      </trkpt>
      <trkpt lat="43.99009" lon="7.32243">
        <ele>533.7</ele>
      </trkpt>
      <trkpt lat="43.99007" lon="7.32228">
        <ele>530.3</ele>
      </trkpt>
      <trkpt lat="43.99009" lon="7.32222">
        <ele>528.0</ele>
      </trkpt>
      <trkpt lat="43.99014" lon="7.32221">
        <ele>526.3</ele>
      </trkpt>
      <trkpt lat="43.99018" lon="7.32227">
        <ele>526.7</ele>
      </trkpt>
      <trkpt lat="43.99022" lon="7.32249">
        <ele>530.6</ele>
      </trkpt>
      <trkpt lat="43.99041" lon="7.32306">
        <ele>534.6</ele>
      </trkpt>
      <trkpt lat="43.99065" lon="7.3233">
        <ele>526.4</ele>
      </trkpt>
      <trkpt lat="43.99067" lon="7.32341">
        <ele>527.5</ele>
      </trkpt>
      <trkpt lat="43.99068" lon="7.32361">
        <ele>531.4</ele>
      </trkpt>
      <trkpt lat="43.9907" lon="7.32371">
        <ele>532.5</ele>
      </trkpt>
      <trkpt lat="43.99071" lon="7.32373">
        <ele>532.4</ele>
      </trkpt>
      <trkpt lat="43.99076" lon="7.32374">
        <ele>529.8</ele>
      </trkpt>
      <trkpt lat="43.99079" lon="7.32368">
        <ele>526.9</ele>
      </trkpt>
      <trkpt lat="43.9908" lon="7.32342">
        <ele>520.7</ele>
      </trkpt>
      <trkpt lat="43.99078" lon="7.32319">
        <ele>518.2</ele>
      </trkpt>
      <trkpt lat="43.99074" lon="7.323">
        <ele>517.8</ele>
      </trkpt>
      <trkpt lat="43.99062" lon="7.32272">
        <ele>519.3</ele>
      </trkpt>
      <trkpt lat="43.99052" lon="7.32246">
        <ele>519.1</ele>
      </trkpt>
      <trkpt lat="43.99033" lon="7.3218">
        <ele>512.7</ele>
      </trkpt>
      <trkpt lat="43.99023" lon="7.32153">
        <ele>509.3</ele>
      </trkpt>
      <trkpt lat="43.99013" lon="7.32138">
        <ele>507.7</ele>
      </trkpt>
      <trkpt lat="43.99" lon="7.32129">
        <ele>506.8</ele>
      </trkpt>
      <trkpt lat="43.98994" lon="7.32119">
        <ele>506.3</ele>
      </trkpt>
      <trkpt lat="43.98993" lon="7.32109">
        <ele>504.5</ele>
      </trkpt>
      <trkpt lat="43.98995" lon="7.32097">
        <ele>501.6</ele>
      </trkpt>
      <trkpt lat="43.98999" lon="7.32091">
        <ele>499.6</ele>
      </trkpt>
      <trkpt lat="43.9902" lon="7.32089">
        <ele>500.0</ele>
      </trkpt>
      <trkpt lat="43.99051" lon="7.3208">
        <ele>500.8</ele>
      </trkpt>
      <trkpt lat="43.9906" lon="7.32076">
        <ele>501.0</ele>
      </trkpt>
      <trkpt lat="43.99079" lon="7.32065">
        <ele>501.2</ele>
      </trkpt>
      <trkpt lat="43.99142" lon="7.3202">
        <ele>506.6</ele>
      </trkpt>
      <trkpt lat="43.99205" lon="7.31985">
        <ele>509.4</ele>
      </trkpt>
      <trkpt lat="43.99252" lon="7.31961">
        <ele>510.5</ele>
      </trkpt>
      <trkpt lat="43.993" lon="7.31937">
        <ele>513.2</ele>
      </trkpt>
      <trkpt lat="43.99308" lon="7.31929">
        <ele>513.1</ele>
      </trkpt>
      <trkpt lat="43.99361" lon="7.319">
        <ele>514.8</ele>
      </trkpt>
      <trkpt lat="43.99413" lon="7.31872">
        <ele>514.9</ele>
      </trkpt>
      <trkpt lat="43.99432" lon="7.31867">
        <ele>515.6</ele>
      </trkpt>
      <trkpt lat="43.99473" lon="7.31863">
        <ele>518.0</ele>
      </trkpt>
      <trkpt lat="43.99504" lon="7.31857">
        <ele>519.4</ele>
      </trkpt>
      <trkpt lat="43.99562" lon="7.31837">
        <ele>521.0</ele>
      </trkpt>
      <trkpt lat="43.99619" lon="7.31817">
        <ele>526.6</ele>
      </trkpt>
      <trkpt lat="43.99633" lon="7.31809">
        <ele>527.8</ele>
      </trkpt>
      <trkpt lat="43.99675" lon="7.31763">
        <ele>525.5</ele>
      </trkpt>
      <trkpt lat="43.99725" lon="7.31726">
        <ele>528.4</ele>
      </trkpt>
      <trkpt lat="43.99735" lon="7.31721">
        <ele>529.4</ele>
      </trkpt>
      <trkpt lat="43.99777" lon="7.31711">
        <ele>534.2</ele>
      </trkpt>
      <trkpt lat="43.99796" lon="7.31702">
        <ele>535.2</ele>
      </trkpt>
      <trkpt lat="43.99814" lon="7.31681">
        <ele>533.5</ele>
      </trkpt>
      <trkpt lat="43.99851" lon="7.31624">
        <ele>532.5</ele>
      </trkpt>
      <trkpt lat="43.99864" lon="7.31601">
        <ele>532.8</ele>
      </trkpt>
      <trkpt lat="43.9987" lon="7.31585">
        <ele>532.1</ele>
      </trkpt>
      <trkpt lat="43.99897" lon="7.31495">
        <ele>531.0</ele>
      </trkpt>
      <trkpt lat="43.99925" lon="7.31405">
        <ele>532.7</ele>
      </trkpt>
      <trkpt lat="43.99953" lon="7.31314">
        <ele>533.8</ele>
      </trkpt>
      <trkpt lat="43.9998" lon="7.31224">
        <ele>533.0</ele>
      </trkpt>
      <trkpt lat="43.9999" lon="7.31206">
        <ele>532.8</ele>
      </trkpt>
      <trkpt lat="44.0001" lon="7.31178">
        <ele>533.1</ele>
      </trkpt>
      <trkpt lat="44.0004" lon="7.31141">
        <ele>533.2</ele>
      </trkpt>
      <trkpt lat="44.00049" lon="7.31135">
        <ele>533.5</ele>
      </trkpt>
      <trkpt lat="44.00074" lon="7.31125">
        <ele>534.6</ele>
      </trkpt>
      <trkpt lat="44.00089" lon="7.31122">
        <ele>535.2</ele>
      </trkpt>
      <trkpt lat="44.00093" lon="7.31119">
        <ele>534.8</ele>
      </trkpt>
      <trkpt lat="44.00104" lon="7.31116">
        <ele>534.6</ele>
      </trkpt>
      <trkpt lat="44.00107" lon="7.31111">
        <ele>533.9</ele>
      </trkpt>
      <trkpt lat="44.0013" lon="7.31048">
        <ele>536.5</ele>
      </trkpt>
      <trkpt lat="44.0017" lon="7.30955">
        <ele>540.5</ele>
      </trkpt>
      <trkpt lat="44.00181" lon="7.30933">
        <ele>541.6</ele>
      </trkpt>
      <trkpt lat="44.00186" lon="7.30927">
        <ele>542.9</ele>
      </trkpt>
      <trkpt lat="44.00197" lon="7.30919">
        <ele>545.0</ele>
      </trkpt>
      <trkpt lat="44.00206" lon="7.30916">
        <ele>546.1</ele>
      </trkpt>
      <trkpt lat="44.00238" lon="7.30923">
        <ele>546.2</ele>
      </trkpt>
      <trkpt lat="44.00265" lon="7.30935">
        <ele>545.3</ele>
      </trkpt>
      <trkpt lat="44.00279" lon="7.30934">
        <ele>546.3</ele>
      </trkpt>
      <trkpt lat="44.00325" lon="7.30921">
        <ele>551.9</ele>
      </trkpt>
      <trkpt lat="44.00337" lon="7.30917">
        <ele>553.4</ele>
      </trkpt>
      <trkpt lat="44.00378" lon="7.30908">
        <ele>558.5</ele>
      </trkpt>
      <trkpt lat="44.00438" lon="7.30913">
        <ele>561.9</ele>
      </trkpt>
      <trkpt lat="44.00457" lon="7.30918">
        <ele>562.5</ele>
      </trkpt>
      <trkpt lat="44.00457" lon="7.30918">
        <ele>562.5</ele>
      </trkpt>
      <trkpt lat="44.0049" lon="7.30927">
        <ele>564.2</ele>
      </trkpt>
      <trkpt lat="44.00526" lon="7.30923">
        <ele>568.5</ele>
      </trkpt>
      <trkpt lat="44.00537" lon="7.30925">
        <ele>568.9</ele>
      </trkpt>
      <trkpt lat="44.0055" lon="7.30931">
        <ele>568.4</ele>
      </trkpt>
      <trkpt lat="44.00568" lon="7.30935">
        <ele>568.7</ele>
      </trkpt>
      <trkpt lat="44.00597" lon="7.30928">
        <ele>572.4</ele>
      </trkpt>
      <trkpt lat="44.00613" lon="7.30913">
        <ele>577.2</ele>
      </trkpt>
      <trkpt lat="44.00622" lon="7.30907">
        <ele>579.3</ele>
      </trkpt>
      <trkpt lat="44.0063" lon="7.30905">
        <ele>580.2</ele>
      </trkpt>
      <trkpt lat="44.00667" lon="7.30903">
        <ele>582.3</ele>
      </trkpt>
      <trkpt lat="44.00676" lon="7.30904">
        <ele>582.6</ele>
      </trkpt>
      <trkpt lat="44.00701" lon="7.30913">
        <ele>581.3</ele>
      </trkpt>
      <trkpt lat="44.00735" lon="7.3092">
        <ele>581.2</ele>
      </trkpt>
      <trkpt lat="44.00774" lon="7.30941">
        <ele>578.5</ele>
      </trkpt>
      <trkpt lat="44.00782" lon="7.30943">
        <ele>578.7</ele>
      </trkpt>
      <trkpt lat="44.00795" lon="7.30943">
        <ele>579.9</ele>
      </trkpt>
      <trkpt lat="44.00824" lon="7.30938">
        <ele>584.0</ele>
      </trkpt>
      <trkpt lat="44.00844" lon="7.30941">
        <ele>585.4</ele>
      </trkpt>
      <trkpt lat="44.00866" lon="7.30953">
        <ele>584.7</ele>
      </trkpt>
      <trkpt lat="44.00883" lon="7.30958">
        <ele>585.4</ele>
      </trkpt>
      <trkpt lat="44.00897" lon="7.3096">
        <ele>586.5</ele>
      </trkpt>
      <trkpt lat="44.00916" lon="7.30958">
        <ele>589.5</ele>
      </trkpt>
      <trkpt lat="44.00957" lon="7.30938">
        <ele>593.8</ele>
      </trkpt>
      <trkpt lat="44.00968" lon="7.30925">
        <ele>596.0</ele>
      </trkpt>
      <trkpt lat="44.00985" lon="7.30894">
        <ele>599.5</ele>
      </trkpt>
      <trkpt lat="44.01012" lon="7.30837">
        <ele>604.0</ele>
      </trkpt>
      <trkpt lat="44.01038" lon="7.3078">
        <ele>610.8</ele>
      </trkpt>
      <trkpt lat="44.01044" lon="7.30762">
        <ele>612.5</ele>
      </trkpt>
      <trkpt lat="44.01045" lon="7.30753">
        <ele>613.6</ele>
      </trkpt>
      <trkpt lat="44.01043" lon="7.30715">
        <ele>618.4</ele>
      </trkpt>
      <trkpt lat="44.01045" lon="7.30705">
        <ele>619.2</ele>
      </trkpt>
      <trkpt lat="44.0105" lon="7.30692">
        <ele>619.6</ele>
      </trkpt>
      <trkpt lat="44.01059" lon="7.30678">
        <ele>619.0</ele>
      </trkpt>
      <trkpt lat="44.01068" lon="7.30668">
        <ele>617.7</ele>
      </trkpt>
      <trkpt lat="44.01084" lon="7.30666">
        <ele>614.1</ele>
      </trkpt>
      <trkpt lat="44.01091" lon="7.30669">
        <ele>614.2</ele>
      </trkpt>
      <trkpt lat="44.0112" lon="7.30698">
        <ele>613.8</ele>
      </trkpt>
      <trkpt lat="44.0112" lon="7.30703">
        <ele>613.5</ele>
      </trkpt>
      <trkpt lat="44.01123" lon="7.30706">
        <ele>613.5</ele>
      </trkpt>
      <trkpt lat="44.01126" lon="7.30704">
        <ele>613.8</ele>
      </trkpt>
      <trkpt lat="44.01189" lon="7.30774">
        <ele>612.7</ele>
      </trkpt>
      <trkpt lat="44.01252" lon="7.30845">
        <ele>608.1</ele>
      </trkpt>
      <trkpt lat="44.01264" lon="7.30863">
        <ele>607.0</ele>
      </trkpt>
      <trkpt lat="44.0128" lon="7.30882">
        <ele>605.7</ele>
      </trkpt>
      <trkpt lat="44.013" lon="7.30903">
        <ele>603.6</ele>
      </trkpt>
      <trkpt lat="44.0131" lon="7.30909">
        <ele>603.0</ele>
      </trkpt>
      <trkpt lat="44.01339" lon="7.30909">
        <ele>602.0</ele>
      </trkpt>
      <trkpt lat="44.0135" lon="7.30904">
        <ele>600.5</ele>
      </trkpt>
      <trkpt lat="44.0136" lon="7.30895">
        <ele>599.6</ele>
      </trkpt>
      <trkpt lat="44.01372" lon="7.30881">
        <ele>598.7</ele>
      </trkpt>
      <trkpt lat="44.01378" lon="7.30867">
        <ele>599.0</ele>
      </trkpt>
      <trkpt lat="44.0138" lon="7.30855">
        <ele>599.8</ele>
      </trkpt>
      <trkpt lat="44.01378" lon="7.30837">
        <ele>602.3</ele>
      </trkpt>
      <trkpt lat="44.01367" lon="7.30791">
        <ele>607.2</ele>
      </trkpt>
      <trkpt lat="44.01365" lon="7.30778">
        <ele>608.0</ele>
      </trkpt>
      <trkpt lat="44.01368" lon="7.30748">
        <ele>608.6</ele>
      </trkpt>
      <trkpt lat="44.01373" lon="7.30717">
        <ele>608.7</ele>
      </trkpt>
      <trkpt lat="44.01377" lon="7.3071">
        <ele>608.8</ele>
      </trkpt>
      <trkpt lat="44.01384" lon="7.30703">
        <ele>608.9</ele>
      </trkpt>
      <trkpt lat="44.01409" lon="7.30693">
        <ele>609.1</ele>
      </trkpt>
      <trkpt lat="44.01417" lon="7.30694">
        <ele>609.2</ele>
      </trkpt>
      <trkpt lat="44.01426" lon="7.30701">
        <ele>609.3</ele>
      </trkpt>
      <trkpt lat="44.01451" lon="7.30771">
        <ele>611.2</ele>
      </trkpt>
      <trkpt lat="44.01466" lon="7.30833">
        <ele>606.7</ele>
      </trkpt>
      <trkpt lat="44.01468" lon="7.30852">
        <ele>605.1</ele>
      </trkpt>
      <trkpt lat="44.0147" lon="7.309">
        <ele>600.1</ele>
      </trkpt>
      <trkpt lat="44.01473" lon="7.3092">
        <ele>598.1</ele>
      </trkpt>
      <trkpt lat="44.01479" lon="7.30938">
        <ele>595.2</ele>
      </trkpt>
      <trkpt lat="44.01485" lon="7.30949">
        <ele>593.7</ele>
      </trkpt>
      <trkpt lat="44.01501" lon="7.30966">
        <ele>592.1</ele>
      </trkpt>
      <trkpt lat="44.0151" lon="7.30972">
        <ele>591.1</ele>
      </trkpt>
      <trkpt lat="44.01525" lon="7.30975">
        <ele>591.3</ele>
      </trkpt>
      <trkpt lat="44.0156" lon="7.30974">
        <ele>594.1</ele>
      </trkpt>
      <trkpt lat="44.01594" lon="7.30969">
        <ele>597.0</ele>
      </trkpt>
      <trkpt lat="44.01605" lon="7.30965">
        <ele>597.9</ele>
      </trkpt>
      <trkpt lat="44.01626" lon="7.30948">
        <ele>602.5</ele>
      </trkpt>
      <trkpt lat="44.01626" lon="7.30948">
        <ele>602.5</ele>
      </trkpt>
      <trkpt lat="44.01632" lon="7.30944">
        <ele>603.5</ele>
      </trkpt>
      <trkpt lat="44.01718" lon="7.30926">
        <ele>606.8</ele>
      </trkpt>
      <trkpt lat="44.01752" lon="7.30928">
        <ele>606.0</ele>
      </trkpt>
      <trkpt lat="44.01779" lon="7.30923">
        <ele>607.3</ele>
      </trkpt>
      <trkpt lat="44.01788" lon="7.30925">
        <ele>606.8</ele>
      </trkpt>
      <trkpt lat="44.01803" lon="7.30933">
        <ele>604.6</ele>
      </trkpt>
      <trkpt lat="44.01828" lon="7.30966">
        <ele>602.8</ele>
      </trkpt>
      <trkpt lat="44.01872" lon="7.31023">
        <ele>599.7</ele>
      </trkpt>
      <trkpt lat="44.01915" lon="7.31079">
        <ele>596.7</ele>
      </trkpt>
      <trkpt lat="44.01921" lon="7.31089">
        <ele>596.2</ele>
      </trkpt>
      <trkpt lat="44.0192" lon="7.31095">
        <ele>596.0</ele>
      </trkpt>
      <trkpt lat="44.01923" lon="7.31099">
        <ele>595.8</ele>
      </trkpt>
      <trkpt lat="44.01927" lon="7.31095">
        <ele>595.6</ele>
      </trkpt>
      <trkpt lat="44.01974" lon="7.311">
        <ele>599.1</ele>
      </trkpt>
      <trkpt lat="44.02007" lon="7.31095">
        <ele>600.6</ele>
      </trkpt>
      <trkpt lat="44.02043" lon="7.31092">
        <ele>603.8</ele>
      </trkpt>
      <trkpt lat="44.0206" lon="7.3109">
        <ele>605.1</ele>
      </trkpt>
      <trkpt lat="44.02119" lon="7.31076">
        <ele>611.2</ele>
      </trkpt>
      <trkpt lat="44.02151" lon="7.31067">
        <ele>614.8</ele>
      </trkpt>
      <trkpt lat="44.02232" lon="7.31049">
        <ele>619.6</ele>
      </trkpt>
      <trkpt lat="44.02262" lon="7.31043">
        <ele>621.4</ele>
      </trkpt>
      <trkpt lat="44.02271" lon="7.3104">
        <ele>621.9</ele>
      </trkpt>
      <trkpt lat="44.0228" lon="7.31035">
        <ele>621.9</ele>
      </trkpt>
      <trkpt lat="44.02291" lon="7.31028">
        <ele>621.8</ele>
      </trkpt>
      <trkpt lat="44.02302" lon="7.31017">
        <ele>620.9</ele>
      </trkpt>
      <trkpt lat="44.0232" lon="7.30997">
        <ele>619.6</ele>
      </trkpt>
      <trkpt lat="44.0233" lon="7.30988">
        <ele>619.9</ele>
      </trkpt>
      <trkpt lat="44.02335" lon="7.30984">
        <ele>620.0</ele>
      </trkpt>
      <trkpt lat="44.02347" lon="7.3098">
        <ele>619.8</ele>
      </trkpt>
      <trkpt lat="44.02361" lon="7.30981">
        <ele>620.4</ele>
      </trkpt>
      <trkpt lat="44.02372" lon="7.30986">
        <ele>621.6</ele>
      </trkpt>
      <trkpt lat="44.02391" lon="7.31004">
        <ele>625.8</ele>
      </trkpt>
      <trkpt lat="44.02401" lon="7.31011">
        <ele>628.0</ele>
      </trkpt>
      <trkpt lat="44.02408" lon="7.31013">
        <ele>628.9</ele>
      </trkpt>
      <trkpt lat="44.02418" lon="7.31013">
        <ele>629.5</ele>
      </trkpt>
      <trkpt lat="44.02464" lon="7.31003">
        <ele>630.3</ele>
      </trkpt>
      <trkpt lat="44.0251" lon="7.30994">
        <ele>631.3</ele>
      </trkpt>
      <trkpt lat="44.02525" lon="7.30992">
        <ele>631.7</ele>
      </trkpt>
      <trkpt lat="44.02569" lon="7.31005">
        <ele>638.0</ele>
      </trkpt>
      <trkpt lat="44.02592" lon="7.3101">
        <ele>641.9</ele>
      </trkpt>
      <trkpt lat="44.02599" lon="7.3101">
        <ele>642.7</ele>
      </trkpt>
      <trkpt lat="44.02606" lon="7.31006">
        <ele>642.0</ele>
      </trkpt>
      <trkpt lat="44.02632" lon="7.30981">
        <ele>637.5</ele>
      </trkpt>
      <trkpt lat="44.0264" lon="7.30975">
        <ele>636.6</ele>
      </trkpt>
      <trkpt lat="44.02647" lon="7.30972">
        <ele>636.4</ele>
      </trkpt>
      <trkpt lat="44.02654" lon="7.30972">
        <ele>637.1</ele>
      </trkpt>
      <trkpt lat="44.02662" lon="7.30974">
        <ele>638.4</ele>
      </trkpt>
      <trkpt lat="44.02684" lon="7.30985">
        <ele>644.7</ele>
      </trkpt>
      <trkpt lat="44.02695" lon="7.30989">
        <ele>647.5</ele>
      </trkpt>
      <trkpt lat="44.02732" lon="7.30986">
        <ele>651.7</ele>
      </trkpt>
      <trkpt lat="44.0281" lon="7.30965">
        <ele>660.6</ele>
      </trkpt>
      <trkpt lat="44.02841" lon="7.30951">
        <ele>660.7</ele>
      </trkpt>
      <trkpt lat="44.02895" lon="7.3092">
        <ele>660.3</ele>
      </trkpt>
      <trkpt lat="44.02946" lon="7.30883">
        <ele>667.3</ele>
      </trkpt>
      <trkpt lat="44.02987" lon="7.30844">
        <ele>667.5</ele>
      </trkpt>
      <trkpt lat="44.02998" lon="7.30831">
        <ele>665.8</ele>
      </trkpt>
      <trkpt lat="44.02998" lon="7.30831">
        <ele>665.8</ele>
      </trkpt>
      <trkpt lat="44.03026" lon="7.30799">
        <ele>671.1</ele>
      </trkpt>
      <trkpt lat="44.03079" lon="7.3073">
        <ele>677.3</ele>
      </trkpt>
      <trkpt lat="44.03104" lon="7.3069">
        <ele>675.8</ele>
      </trkpt>
      <trkpt lat="44.03111" lon="7.30675">
        <ele>675.4</ele>
      </trkpt>
      <trkpt lat="44.03113" lon="7.30666">
        <ele>675.1</ele>
      </trkpt>
      <trkpt lat="44.03115" lon="7.30655">
        <ele>674.8</ele>
      </trkpt>
      <trkpt lat="44.03118" lon="7.30619">
        <ele>673.9</ele>
      </trkpt>
      <trkpt lat="44.0312" lon="7.30611">
        <ele>673.7</ele>
      </trkpt>
      <trkpt lat="44.03123" lon="7.30605">
        <ele>674.2</ele>
      </trkpt>
      <trkpt lat="44.03142" lon="7.30589">
        <ele>680.3</ele>
      </trkpt>
      <trkpt lat="44.03152" lon="7.30575">
        <ele>682.2</ele>
      </trkpt>
      <trkpt lat="44.03166" lon="7.30546">
        <ele>681.7</ele>
      </trkpt>
      <trkpt lat="44.03181" lon="7.30525">
        <ele>684.5</ele>
      </trkpt>
      <trkpt lat="44.03185" lon="7.30515">
        <ele>684.0</ele>
      </trkpt>
      <trkpt lat="44.0319" lon="7.30497">
        <ele>682.2</ele>
      </trkpt>
      <trkpt lat="44.03197" lon="7.3048">
        <ele>682.6</ele>
      </trkpt>
      <trkpt lat="44.03203" lon="7.3047">
        <ele>683.3</ele>
      </trkpt>
      <trkpt lat="44.0323" lon="7.3044">
        <ele>686.9</ele>
      </trkpt>
      <trkpt lat="44.03296" lon="7.30389">
        <ele>696.2</ele>
      </trkpt>
      <trkpt lat="44.03323" lon="7.30357">
        <ele>696.8</ele>
      </trkpt>
      <trkpt lat="44.03353" lon="7.30323">
        <ele>698.5</ele>
      </trkpt>
      <trkpt lat="44.03368" lon="7.30302">
        <ele>699.9</ele>
      </trkpt>
      <trkpt lat="44.03371" lon="7.30295">
        <ele>699.8</ele>
      </trkpt>
      <trkpt lat="44.03375" lon="7.30279">
        <ele>698.5</ele>
      </trkpt>
      <trkpt lat="44.03376" lon="7.30265">
        <ele>698.6</ele>
      </trkpt>
      <trkpt lat="44.03375" lon="7.30254">
        <ele>698.7</ele>
      </trkpt>
      <trkpt lat="44.0336" lon="7.3018">
        <ele>699.3</ele>
      </trkpt>
      <trkpt lat="44.03357" lon="7.30175">
        <ele>699.4</ele>
      </trkpt>
      <trkpt lat="44.03353" lon="7.30171">
        <ele>699.4</ele>
      </trkpt>
      <trkpt lat="44.03349" lon="7.30169">
        <ele>699.5</ele>
      </trkpt>
      <trkpt lat="44.03344" lon="7.30167">
        <ele>699.6</ele>
      </trkpt>
      <trkpt lat="44.03322" lon="7.30165">
        <ele>695.5</ele>
      </trkpt>
      <trkpt lat="44.03315" lon="7.30163">
        <ele>693.3</ele>
      </trkpt>
      <trkpt lat="44.0331" lon="7.3016">
        <ele>691.9</ele>
      </trkpt>
      <trkpt lat="44.03306" lon="7.30156">
        <ele>690.8</ele>
      </trkpt>
      <trkpt lat="44.03304" lon="7.3015">
        <ele>690.4</ele>
      </trkpt>
      <trkpt lat="44.03302" lon="7.30143">
        <ele>690.0</ele>
      </trkpt>
      <trkpt lat="44.03301" lon="7.30135">
        <ele>690.0</ele>
      </trkpt>
      <trkpt lat="44.03302" lon="7.30126">
        <ele>690.9</ele>
      </trkpt>
      <trkpt lat="44.03319" lon="7.30055">
        <ele>700.0</ele>
      </trkpt>
      <trkpt lat="44.03323" lon="7.30025">
        <ele>700.4</ele>
      </trkpt>
      <trkpt lat="44.03333" lon="7.29939">
        <ele>702.2</ele>
      </trkpt>
      <trkpt lat="44.03345" lon="7.29829">
        <ele>705.8</ele>
      </trkpt>
      <trkpt lat="44.03371" lon="7.29714">
        <ele>707.5</ele>
      </trkpt>
      <trkpt lat="44.03378" lon="7.29701">
        <ele>708.7</ele>
      </trkpt>
      <trkpt lat="44.03425" lon="7.29628">
        <ele>712.4</ele>
      </trkpt>
      <trkpt lat="44.03443" lon="7.29607">
        <ele>717.8</ele>
      </trkpt>
      <trkpt lat="44.0347" lon="7.29578">
        <ele>727.1</ele>
      </trkpt>
      <trkpt lat="44.03482" lon="7.29562">
        <ele>728.1</ele>
      </trkpt>
      <trkpt lat="44.03493" lon="7.29537">
        <ele>722.8</ele>
      </trkpt>
      <trkpt lat="44.03499" lon="7.29517">
        <ele>715.8</ele>
      </trkpt>
      <trkpt lat="44.03506" lon="7.29508">
        <ele>715.5</ele>
      </trkpt>
      <trkpt lat="44.03526" lon="7.29489">
        <ele>721.8</ele>
      </trkpt>
      <trkpt lat="44.0355" lon="7.29469">
        <ele>729.5</ele>
      </trkpt>
      <trkpt lat="44.03567" lon="7.2945">
        <ele>730.8</ele>
      </trkpt>
      <trkpt lat="44.03576" lon="7.29434">
        <ele>728.0</ele>
      </trkpt>
      <trkpt lat="44.03588" lon="7.29408">
        <ele>726.7</ele>
      </trkpt>
      <trkpt lat="44.03596" lon="7.29386">
        <ele>725.8</ele>
      </trkpt>
      <trkpt lat="44.03613" lon="7.29343">
        <ele>723.9</ele>
      </trkpt>
      <trkpt lat="44.03623" lon="7.29318">
        <ele>722.8</ele>
      </trkpt>
      <trkpt lat="44.03632" lon="7.29306">
        <ele>724.6</ele>
      </trkpt>
      <trkpt lat="44.0364" lon="7.29297">
        <ele>725.8</ele>
      </trkpt>
      <trkpt lat="44.03698" lon="7.29244">
        <ele>735.6</ele>
      </trkpt>
      <trkpt lat="44.03705" lon="7.29234">
        <ele>736.0</ele>
      </trkpt>
      <trkpt lat="44.03705" lon="7.29234">
        <ele>736.0</ele>
      </trkpt>
      <trkpt lat="44.03718" lon="7.29218">
        <ele>736.1</ele>
      </trkpt>
      <trkpt lat="44.03728" lon="7.29209">
        <ele>736.2</ele>
      </trkpt>
      <trkpt lat="44.03786" lon="7.29186">
        <ele>746.8</ele>
      </trkpt>
      <trkpt lat="44.03798" lon="7.2918">
        <ele>748.9</ele>
      </trkpt>
      <trkpt lat="44.03835" lon="7.29136">
        <ele>742.2</ele>
      </trkpt>
      <trkpt lat="44.03848" lon="7.29127">
        <ele>742.8</ele>
      </trkpt>
      <trkpt lat="44.03866" lon="7.29122">
        <ele>747.2</ele>
      </trkpt>
      <trkpt lat="44.03878" lon="7.2912">
        <ele>750.8</ele>
      </trkpt>
      <trkpt lat="44.03887" lon="7.29116">
        <ele>752.2</ele>
      </trkpt>
      <trkpt lat="44.03896" lon="7.29109">
        <ele>752.0</ele>
      </trkpt>
      <trkpt lat="44.03909" lon="7.29096">
        <ele>750.0</ele>
      </trkpt>
      <trkpt lat="44.0395" lon="7.29072">
        <ele>749.1</ele>
      </trkpt>
      <trkpt lat="44.03967" lon="7.29063">
        <ele>750.1</ele>
      </trkpt>
      <trkpt lat="44.03979" lon="7.29054">
        <ele>750.3</ele>
      </trkpt>
      <trkpt lat="44.03987" lon="7.29046">
        <ele>750.1</ele>
      </trkpt>
      <trkpt lat="44.04001" lon="7.29028">
        <ele>749.0</ele>
      </trkpt>
      <trkpt lat="44.04008" lon="7.29014">
        <ele>748.1</ele>
      </trkpt>
      <trkpt lat="44.04031" lon="7.28968">
        <ele>748.5</ele>
      </trkpt>
      <trkpt lat="44.0404" lon="7.28954">
        <ele>749.7</ele>
      </trkpt>
      <trkpt lat="44.04053" lon="7.28941">
        <ele>752.5</ele>
      </trkpt>
      <trkpt lat="44.04066" lon="7.28931">
        <ele>755.8</ele>
      </trkpt>
      <trkpt lat="44.04086" lon="7.28919">
        <ele>761.4</ele>
      </trkpt>
      <trkpt lat="44.04132" lon="7.28894">
        <ele>769.0</ele>
      </trkpt>
      <trkpt lat="44.04187" lon="7.28859">
        <ele>768.0</ele>
      </trkpt>
      <trkpt lat="44.04205" lon="7.28854">
        <ele>769.6</ele>
      </trkpt>
      <trkpt lat="44.04214" lon="7.28855">
        <ele>771.9</ele>
      </trkpt>
      <trkpt lat="44.04221" lon="7.28859">
        <ele>774.7</ele>
      </trkpt>
      <trkpt lat="44.04239" lon="7.28871">
        <ele>782.0</ele>
      </trkpt>
      <trkpt lat="44.04248" lon="7.28876">
        <ele>785.0</ele>
      </trkpt>
      <trkpt lat="44.04257" lon="7.28878">
        <ele>788.5</ele>
      </trkpt>
      <trkpt lat="44.04263" lon="7.28876">
        <ele>790.3</ele>
      </trkpt>
      <trkpt lat="44.0427" lon="7.28871">
        <ele>792.0</ele>
      </trkpt>
      <trkpt lat="44.04278" lon="7.2886">
        <ele>793.2</ele>
      </trkpt>
      <trkpt lat="44.04283" lon="7.28846">
        <ele>793.2</ele>
      </trkpt>
      <trkpt lat="44.04284" lon="7.28832">
        <ele>791.6</ele>
      </trkpt>
      <trkpt lat="44.04277" lon="7.2878">
        <ele>781.3</ele>
      </trkpt>
      <trkpt lat="44.04277" lon="7.28771">
        <ele>780.1</ele>
      </trkpt>
      <trkpt lat="44.04279" lon="7.2876">
        <ele>780.0</ele>
      </trkpt>
      <trkpt lat="44.04282" lon="7.28745">
        <ele>780.1</ele>
      </trkpt>
      <trkpt lat="44.04297" lon="7.28709">
        <ele>784.6</ele>
      </trkpt>
      <trkpt lat="44.04299" lon="7.28698">
        <ele>784.2</ele>
      </trkpt>
      <trkpt lat="44.04299" lon="7.28671">
        <ele>780.3</ele>
      </trkpt>
      <trkpt lat="44.043" lon="7.28652">
        <ele>779.0</ele>
      </trkpt>
      <trkpt lat="44.04307" lon="7.28632">
        <ele>781.1</ele>
      </trkpt>
      <trkpt lat="44.04335" lon="7.28573">
        <ele>791.1</ele>
      </trkpt>
      <trkpt lat="44.04337" lon="7.28564">
        <ele>792.5</ele>
      </trkpt>
      <trkpt lat="44.04338" lon="7.28553">
        <ele>793.1</ele>
      </trkpt>
      <trkpt lat="44.04338" lon="7.28539">
        <ele>793.0</ele>
      </trkpt>
      <trkpt lat="44.04336" lon="7.28528">
        <ele>791.7</ele>
      </trkpt>
      <trkpt lat="44.04329" lon="7.28494">
        <ele>787.0</ele>
      </trkpt>
      <trkpt lat="44.04328" lon="7.28478">
        <ele>784.8</ele>
      </trkpt>
      <trkpt lat="44.04331" lon="7.28467">
        <ele>785.2</ele>
      </trkpt>
      <trkpt lat="44.04347" lon="7.28432">
        <ele>791.1</ele>
      </trkpt>
      <trkpt lat="44.04355" lon="7.2841">
        <ele>793.5</ele>
      </trkpt>
      <trkpt lat="44.0436" lon="7.28384">
        <ele>792.7</ele>
      </trkpt>
      <trkpt lat="44.04365" lon="7.28357">
        <ele>791.9</ele>
      </trkpt>
      <trkpt lat="44.04374" lon="7.28335">
        <ele>795.0</ele>
      </trkpt>
      <trkpt lat="44.04388" lon="7.28312">
        <ele>803.1</ele>
      </trkpt>
      <trkpt lat="44.04391" lon="7.28301">
        <ele>804.3</ele>
      </trkpt>
      <trkpt lat="44.04391" lon="7.2829">
        <ele>803.4</ele>
      </trkpt>
      <trkpt lat="44.04379" lon="7.28239">
        <ele>792.8</ele>
      </trkpt>
      <trkpt lat="44.04377" lon="7.28221">
        <ele>791.2</ele>
      </trkpt>
      <trkpt lat="44.04379" lon="7.28201">
        <ele>792.1</ele>
      </trkpt>
      <trkpt lat="44.04391" lon="7.2815">
        <ele>797.1</ele>
      </trkpt>
      <trkpt lat="44.04395" lon="7.2813">
        <ele>797.3</ele>
      </trkpt>
      <trkpt lat="44.04398" lon="7.28086">
        <ele>794.2</ele>
      </trkpt>
      <trkpt lat="44.04405" lon="7.28049">
        <ele>784.5</ele>
      </trkpt>
      <trkpt lat="44.0441" lon="7.2803">
        <ele>779.2</ele>
      </trkpt>
      <trkpt lat="44.04415" lon="7.2802">
        <ele>777.2</ele>
      </trkpt>
      <trkpt lat="44.04421" lon="7.28011">
        <ele>776.3</ele>
      </trkpt>
      <trkpt lat="44.04458" lon="7.27983">
        <ele>789.2</ele>
      </trkpt>
      <trkpt lat="44.04478" lon="7.27956">
        <ele>793.8</ele>
      </trkpt>
      <trkpt lat="44.04485" lon="7.2794">
        <ele>793.5</ele>
      </trkpt>
      <trkpt lat="44.04487" lon="7.27923">
        <ele>793.3</ele>
      </trkpt>
      <trkpt lat="44.04491" lon="7.27857">
        <ele>792.6</ele>
      </trkpt>
      <trkpt lat="44.04495" lon="7.27823">
        <ele>792.2</ele>
      </trkpt>
      <trkpt lat="44.04499" lon="7.27805">
        <ele>794.3</ele>
      </trkpt>
      <trkpt lat="44.04503" lon="7.27796">
        <ele>795.7</ele>
      </trkpt>
      <trkpt lat="44.04536" lon="7.2773">
        <ele>799.9</ele>
      </trkpt>
      <trkpt lat="44.04591" lon="7.27636">
        <ele>804.0</ele>
      </trkpt>
      <trkpt lat="44.04597" lon="7.27626">
        <ele>805.2</ele>
      </trkpt>
      <trkpt lat="44.04608" lon="7.27615">
        <ele>807.7</ele>
      </trkpt>
      <trkpt lat="44.04667" lon="7.27566">
        <ele>818.6</ele>
      </trkpt>
      <trkpt lat="44.04674" lon="7.27559">
        <ele>819.1</ele>
      </trkpt>
      <trkpt lat="44.04681" lon="7.27549">
        <ele>819.3</ele>
      </trkpt>
      <trkpt lat="44.04728" lon="7.27459">
        <ele>816.7</ele>
      </trkpt>
      <trkpt lat="44.04732" lon="7.27452">
        <ele>816.6</ele>
      </trkpt>
      <trkpt lat="44.04747" lon="7.27432">
        <ele>817.5</ele>
      </trkpt>
      <trkpt lat="44.04757" lon="7.2742">
        <ele>817.1</ele>
      </trkpt>
      <trkpt lat="44.04765" lon="7.27415">
        <ele>817.2</ele>
      </trkpt>
      <trkpt lat="44.0477" lon="7.27415">
        <ele>817.6</ele>
      </trkpt>
      <trkpt lat="44.04775" lon="7.27415">
        <ele>818.0</ele>
      </trkpt>
      <trkpt lat="44.04785" lon="7.27421">
        <ele>819.6</ele>
      </trkpt>
      <trkpt lat="44.04802" lon="7.27436">
        <ele>823.4</ele>
      </trkpt>
      <trkpt lat="44.04812" lon="7.27443">
        <ele>825.3</ele>
      </trkpt>
      <trkpt lat="44.0484" lon="7.27452">
        <ele>829.6</ele>
      </trkpt>
      <trkpt lat="44.04849" lon="7.27457">
        <ele>831.8</ele>
      </trkpt>
      <trkpt lat="44.04859" lon="7.27467">
        <ele>834.6</ele>
      </trkpt>
      <trkpt lat="44.0488" lon="7.27492">
        <ele>840.2</ele>
      </trkpt>
      <trkpt lat="44.0489" lon="7.275">
        <ele>842.1</ele>
      </trkpt>
      <trkpt lat="44.04899" lon="7.27507">
        <ele>845.5</ele>
      </trkpt>
      <trkpt lat="44.0491" lon="7.27511">
        <ele>848.2</ele>
      </trkpt>
      <trkpt lat="44.04921" lon="7.27511">
        <ele>850.6</ele>
      </trkpt>
      <trkpt lat="44.04929" lon="7.27506">
        <ele>851.9</ele>
      </trkpt>
      <trkpt lat="44.04935" lon="7.275">
        <ele>852.3</ele>
      </trkpt>
      <trkpt lat="44.0494" lon="7.27491">
        <ele>853.6</ele>
      </trkpt>
      <trkpt lat="44.04941" lon="7.27487">
        <ele>853.7</ele>
      </trkpt>
      <trkpt lat="44.04941" lon="7.27481">
        <ele>853.2</ele>
      </trkpt>
      <trkpt lat="44.0494" lon="7.27475">
        <ele>852.4</ele>
      </trkpt>
      <trkpt lat="44.04937" lon="7.27469">
        <ele>850.8</ele>
      </trkpt>
      <trkpt lat="44.04912" lon="7.27426">
        <ele>839.7</ele>
      </trkpt>
      <trkpt lat="44.0491" lon="7.27418">
        <ele>838.7</ele>
      </trkpt>
      <trkpt lat="44.04909" lon="7.27407">
        <ele>838.3</ele>
      </trkpt>
      <trkpt lat="44.0491" lon="7.27396">
        <ele>838.4</ele>
      </trkpt>
      <trkpt lat="44.04913" lon="7.27384">
        <ele>838.8</ele>
      </trkpt>
      <trkpt lat="44.04917" lon="7.27372">
        <ele>839.6</ele>
      </trkpt>
      <trkpt lat="44.04922" lon="7.27362">
        <ele>840.6</ele>
      </trkpt>
      <trkpt lat="44.04929" lon="7.27353">
        <ele>841.8</ele>
      </trkpt>
      <trkpt lat="44.04935" lon="7.27347">
        <ele>842.8</ele>
      </trkpt>
      <trkpt lat="44.04946" lon="7.27338">
        <ele>844.3</ele>
      </trkpt>
      <trkpt lat="44.05017" lon="7.27291">
        <ele>853.0</ele>
      </trkpt>
      <trkpt lat="44.0503" lon="7.27282">
        <ele>855.4</ele>
      </trkpt>
      <trkpt lat="44.05039" lon="7.27274">
        <ele>856.6</ele>
      </trkpt>
      <trkpt lat="44.05079" lon="7.27231">
        <ele>858.4</ele>
      </trkpt>
      <trkpt lat="44.05092" lon="7.27216">
        <ele>859.5</ele>
      </trkpt>
      <trkpt lat="44.05106" lon="7.27196">
        <ele>860.2</ele>
      </trkpt>
      <trkpt lat="44.05123" lon="7.27168">
        <ele>859.7</ele>
      </trkpt>
      <trkpt lat="44.05159" lon="7.27102">
        <ele>862.6</ele>
      </trkpt>
      <trkpt lat="44.05164" lon="7.27095">
        <ele>862.9</ele>
      </trkpt>
      <trkpt lat="44.05216" lon="7.27039">
        <ele>871.5</ele>
      </trkpt>
      <trkpt lat="44.05226" lon="7.27025">
        <ele>872.1</ele>
      </trkpt>
      <trkpt lat="44.0523" lon="7.27016">
        <ele>871.8</ele>
      </trkpt>
      <trkpt lat="44.05256" lon="7.26942">
        <ele>869.9</ele>
      </trkpt>
      <trkpt lat="44.0526" lon="7.26931">
        <ele>870.1</ele>
      </trkpt>
      <trkpt lat="44.05264" lon="7.2691">
        <ele>869.4</ele>
      </trkpt>
      <trkpt lat="44.05273" lon="7.26861">
        <ele>868.6</ele>
      </trkpt>
      <trkpt lat="44.05286" lon="7.26821">
        <ele>869.4</ele>
      </trkpt>
      <trkpt lat="44.05292" lon="7.26799">
        <ele>869.9</ele>
      </trkpt>
      <trkpt lat="44.05298" lon="7.26765">
        <ele>869.7</ele>
      </trkpt>
      <trkpt lat="44.05302" lon="7.26735">
        <ele>869.6</ele>
      </trkpt>
      <trkpt lat="44.05309" lon="7.26699">
        <ele>870.7</ele>
      </trkpt>
      <trkpt lat="44.05318" lon="7.26668">
        <ele>872.3</ele>
      </trkpt>
      <trkpt lat="44.05324" lon="7.26655">
        <ele>872.2</ele>
      </trkpt>
      <trkpt lat="44.0534" lon="7.26633">
        <ele>872.7</ele>
      </trkpt>
      <trkpt lat="44.05359" lon="7.2661">
        <ele>873.9</ele>
      </trkpt>
      <trkpt lat="44.05376" lon="7.26589">
        <ele>875.0</ele>
      </trkpt>
      <trkpt lat="44.05393" lon="7.26574">
        <ele>876.7</ele>
      </trkpt>
      <trkpt lat="44.05405" lon="7.26566">
        <ele>878.0</ele>
      </trkpt>
      <trkpt lat="44.0543" lon="7.26552">
        <ele>881.1</ele>
      </trkpt>
      <trkpt lat="44.05465" lon="7.26537">
        <ele>886.4</ele>
      </trkpt>
      <trkpt lat="44.05475" lon="7.26532">
        <ele>887.7</ele>
      </trkpt>
      <trkpt lat="44.05502" lon="7.26514">
        <ele>890.2</ele>
      </trkpt>
      <trkpt lat="44.05533" lon="7.2649">
        <ele>890.5</ele>
      </trkpt>
      <trkpt lat="44.05536" lon="7.26487">
        <ele>890.5</ele>
      </trkpt>
      <trkpt lat="44.05551" lon="7.26471">
        <ele>890.7</ele>
      </trkpt>
      <trkpt lat="44.05564" lon="7.26455">
        <ele>890.8</ele>
      </trkpt>
      <trkpt lat="44.05573" lon="7.2644">
        <ele>891.0</ele>
      </trkpt>
      <trkpt lat="44.05584" lon="7.26423">
        <ele>890.1</ele>
      </trkpt>
      <trkpt lat="44.0562" lon="7.2638">
        <ele>892.9</ele>
      </trkpt>
      <trkpt lat="44.05657" lon="7.26337">
        <ele>894.0</ele>
      </trkpt>
      <trkpt lat="44.05679" lon="7.26314">
        <ele>894.0</ele>
      </trkpt>
      <trkpt lat="44.05702" lon="7.26296">
        <ele>895.5</ele>
      </trkpt>
      <trkpt lat="44.05723" lon="7.26282">
        <ele>897.1</ele>
      </trkpt>
      <trkpt lat="44.05735" lon="7.26275">
        <ele>898.0</ele>
      </trkpt>
      <trkpt lat="44.05765" lon="7.26266">
        <ele>903.7</ele>
      </trkpt>
      <trkpt lat="44.05805" lon="7.26239">
        <ele>908.9</ele>
      </trkpt>
      <trkpt lat="44.05824" lon="7.26225">
        <ele>911.0</ele>
      </trkpt>
      <trkpt lat="44.05869" lon="7.26177">
        <ele>910.3</ele>
      </trkpt>
      <trkpt lat="44.05891" lon="7.26152">
        <ele>911.0</ele>
      </trkpt>
      <trkpt lat="44.05919" lon="7.26117">
        <ele>913.7</ele>
      </trkpt>
      <trkpt lat="44.0593" lon="7.26102">
        <ele>914.3</ele>
      </trkpt>
      <trkpt lat="44.05963" lon="7.26044">
        <ele>912.2</ele>
      </trkpt>
      <trkpt lat="44.05996" lon="7.25985">
        <ele>909.2</ele>
      </trkpt>
      <trkpt lat="44.06012" lon="7.25969">
        <ele>910.6</ele>
      </trkpt>
      <trkpt lat="44.0603" lon="7.25955">
        <ele>913.1</ele>
      </trkpt>
      <trkpt lat="44.06069" lon="7.2593">
        <ele>919.3</ele>
      </trkpt>
      <trkpt lat="44.06084" lon="7.25919">
        <ele>921.5</ele>
      </trkpt>
      <trkpt lat="44.06098" lon="7.25905">
        <ele>922.4</ele>
      </trkpt>
      <trkpt lat="44.06106" lon="7.25895">
        <ele>922.4</ele>
      </trkpt>
      <trkpt lat="44.06134" lon="7.25863">
        <ele>922.7</ele>
      </trkpt>
      <trkpt lat="44.06166" lon="7.25835">
        <ele>924.2</ele>
      </trkpt>
      <trkpt lat="44.06198" lon="7.25796">
        <ele>921.2</ele>
      </trkpt>
      <trkpt lat="44.06206" lon="7.25788">
        <ele>920.8</ele>
      </trkpt>
      <trkpt lat="44.06216" lon="7.2578">
        <ele>920.6</ele>
      </trkpt>
      <trkpt lat="44.0623" lon="7.25775">
        <ele>921.7</ele>
      </trkpt>
      <trkpt lat="44.06241" lon="7.25774">
        <ele>923.3</ele>
      </trkpt>
      <trkpt lat="44.0632" lon="7.25766">
        <ele>929.0</ele>
      </trkpt>
      <trkpt lat="44.064" lon="7.25759">
        <ele>930.2</ele>
      </trkpt>
      <trkpt lat="44.06411" lon="7.25756">
        <ele>929.6</ele>
      </trkpt>
      <trkpt lat="44.06447" lon="7.25739">
        <ele>929.4</ele>
      </trkpt>
      <trkpt lat="44.06497" lon="7.25723">
        <ele>931.8</ele>
      </trkpt>
      <trkpt lat="44.06515" lon="7.25719">
        <ele>931.5</ele>
      </trkpt>
      <trkpt lat="44.06537" lon="7.25719">
        <ele>932.0</ele>
      </trkpt>
      <trkpt lat="44.06617" lon="7.25724">
        <ele>933.1</ele>
      </trkpt>
      <trkpt lat="44.06633" lon="7.25727">
        <ele>933.4</ele>
      </trkpt>
      <trkpt lat="44.06667" lon="7.25737">
        <ele>934.9</ele>
      </trkpt>
      <trkpt lat="44.06678" lon="7.25737">
        <ele>933.9</ele>
      </trkpt>
      <trkpt lat="44.06682" lon="7.25736">
        <ele>933.5</ele>
      </trkpt>
      <trkpt lat="44.06687" lon="7.25732">
        <ele>933.0</ele>
      </trkpt>
      <trkpt lat="44.06691" lon="7.25725">
        <ele>932.5</ele>
      </trkpt>
      <trkpt lat="44.06715" lon="7.25667">
        <ele>928.3</ele>
      </trkpt>
      <trkpt lat="44.06718" lon="7.25651">
        <ele>927.2</ele>
      </trkpt>
      <trkpt lat="44.06718" lon="7.2564">
        <ele>926.6</ele>
      </trkpt>
      <trkpt lat="44.06711" lon="7.25619">
        <ele>925.0</ele>
      </trkpt>
      <trkpt lat="44.06709" lon="7.25611">
        <ele>924.5</ele>
      </trkpt>
      <trkpt lat="44.06709" lon="7.25602">
        <ele>924.4</ele>
      </trkpt>
      <trkpt lat="44.06709" lon="7.25586">
        <ele>924.2</ele>
      </trkpt>
      <trkpt lat="44.06711" lon="7.25576">
        <ele>924.0</ele>
      </trkpt>
      <trkpt lat="44.06713" lon="7.25569">
        <ele>923.7</ele>
      </trkpt>
      <trkpt lat="44.06716" lon="7.25563">
        <ele>923.8</ele>
      </trkpt>
      <trkpt lat="44.06721" lon="7.25558">
        <ele>924.4</ele>
      </trkpt>
      <trkpt lat="44.06738" lon="7.25548">
        <ele>926.6</ele>
      </trkpt>
      <trkpt lat="44.06745" lon="7.25545">
        <ele>927.6</ele>
      </trkpt>
      <trkpt lat="44.06751" lon="7.25544">
        <ele>928.6</ele>
      </trkpt>
      <trkpt lat="44.06773" lon="7.25545">
        <ele>933.3</ele>
      </trkpt>
      <trkpt lat="44.06781" lon="7.25544">
        <ele>934.8</ele>
      </trkpt>
      <trkpt lat="44.06812" lon="7.25524">
        <ele>936.7</ele>
      </trkpt>
      <trkpt lat="44.06818" lon="7.25522">
        <ele>937.4</ele>
      </trkpt>
      <trkpt lat="44.06824" lon="7.25521">
        <ele>938.3</ele>
      </trkpt>
      <trkpt lat="44.0683" lon="7.25522">
        <ele>939.7</ele>
      </trkpt>
      <trkpt lat="44.06846" lon="7.25526">
        <ele>942.7</ele>
      </trkpt>
      <trkpt lat="44.06852" lon="7.25527">
        <ele>943.7</ele>
      </trkpt>
      <trkpt lat="44.06861" lon="7.25527">
        <ele>944.7</ele>
      </trkpt>
      <trkpt lat="44.06893" lon="7.25521">
        <ele>947.4</ele>
      </trkpt>
      <trkpt lat="44.06965" lon="7.25505">
        <ele>953.9</ele>
      </trkpt>
      <trkpt lat="44.06985" lon="7.255">
        <ele>956.0</ele>
      </trkpt>
      <trkpt lat="44.06994" lon="7.25494">
        <ele>956.6</ele>
      </trkpt>
      <trkpt lat="44.07039" lon="7.25454">
        <ele>957.6</ele>
      </trkpt>
      <trkpt lat="44.07046" lon="7.25451">
        <ele>958.2</ele>
      </trkpt>
      <trkpt lat="44.07052" lon="7.25451">
        <ele>958.9</ele>
      </trkpt>
      <trkpt lat="44.07056" lon="7.25452">
        <ele>959.5</ele>
      </trkpt>
      <trkpt lat="44.07063" lon="7.25457">
        <ele>960.6</ele>
      </trkpt>
      <trkpt lat="44.0707" lon="7.25466">
        <ele>961.9</ele>
      </trkpt>
      <trkpt lat="44.07072" lon="7.25471">
        <ele>962.4</ele>
      </trkpt>
      <trkpt lat="44.07073" lon="7.25476">
        <ele>962.8</ele>
      </trkpt>
      <trkpt lat="44.07074" lon="7.25488">
        <ele>963.6</ele>
      </trkpt>
      <trkpt lat="44.07071" lon="7.255">
        <ele>964.0</ele>
      </trkpt>
      <trkpt lat="44.07068" lon="7.25508">
        <ele>964.1</ele>
      </trkpt>
      <trkpt lat="44.07038" lon="7.25559">
        <ele>964.8</ele>
      </trkpt>
      <trkpt lat="44.07009" lon="7.25611">
        <ele>966.9</ele>
      </trkpt>
      <trkpt lat="44.07008" lon="7.2562">
        <ele>967.6</ele>
      </trkpt>
      <trkpt lat="44.07009" lon="7.25623">
        <ele>967.9</ele>
      </trkpt>
      <trkpt lat="44.07013" lon="7.2563">
        <ele>968.8</ele>
      </trkpt>
      <trkpt lat="44.07016" lon="7.25632">
        <ele>969.2</ele>
      </trkpt>
      <trkpt lat="44.07021" lon="7.25634">
        <ele>969.7</ele>
      </trkpt>
      <trkpt lat="44.07027" lon="7.25633">
        <ele>970.0</ele>
      </trkpt>
      <trkpt lat="44.0703" lon="7.25631">
        <ele>970.0</ele>
      </trkpt>
      <trkpt lat="44.07034" lon="7.25626">
        <ele>969.8</ele>
      </trkpt>
      <trkpt lat="44.07064" lon="7.25573">
        <ele>967.3</ele>
      </trkpt>
      <trkpt lat="44.07099" lon="7.25518">
        <ele>968.4</ele>
      </trkpt>
      <trkpt lat="44.07108" lon="7.255">
        <ele>968.9</ele>
      </trkpt>
      <trkpt lat="44.07141" lon="7.25429">
        <ele>970.0</ele>
      </trkpt>
      <trkpt lat="44.07194" lon="7.25333">
        <ele>974.2</ele>
      </trkpt>
      <trkpt lat="44.07205" lon="7.25318">
        <ele>975.0</ele>
      </trkpt>
      <trkpt lat="44.07241" lon="7.2528">
        <ele>977.6</ele>
      </trkpt>
      <trkpt lat="44.07277" lon="7.25242">
        <ele>978.9</ele>
      </trkpt>
      <trkpt lat="44.07277" lon="7.25242">
        <ele>978.9</ele>
      </trkpt>
      <trkpt lat="44.07289" lon="7.25232">
        <ele>979.3</ele>
      </trkpt>
      <trkpt lat="44.07329" lon="7.25208">
        <ele>980.8</ele>
      </trkpt>
      <trkpt lat="44.07336" lon="7.25203">
        <ele>980.8</ele>
      </trkpt>
      <trkpt lat="44.07342" lon="7.25193">
        <ele>979.6</ele>
      </trkpt>
      <trkpt lat="44.07345" lon="7.25183">
        <ele>977.9</ele>
      </trkpt>
      <trkpt lat="44.07349" lon="7.25178">
        <ele>977.5</ele>
      </trkpt>
      <trkpt lat="44.07405" lon="7.25129">
        <ele>981.7</ele>
      </trkpt>
      <trkpt lat="44.07412" lon="7.25118">
        <ele>982.0</ele>
      </trkpt>
      <trkpt lat="44.07413" lon="7.25111">
        <ele>982.2</ele>
      </trkpt>
      <trkpt lat="44.07413" lon="7.25096">
        <ele>982.6</ele>
      </trkpt>
      <trkpt lat="44.07405" lon="7.25059">
        <ele>983.6</ele>
      </trkpt>
      <trkpt lat="44.07401" lon="7.2504">
        <ele>984.1</ele>
      </trkpt>
      <trkpt lat="44.07401" lon="7.25033">
        <ele>984.3</ele>
      </trkpt>
      <trkpt lat="44.07404" lon="7.25022">
        <ele>985.7</ele>
      </trkpt>
      <trkpt lat="44.07395" lon="7.25029">
        <ele>985.0</ele>
      </trkpt>
      <trkpt lat="44.07372" lon="7.25044">
        <ele>983.2</ele>
      </trkpt>
      <trkpt lat="44.07348" lon="7.2507">
        <ele>978.7</ele>
      </trkpt>
      <trkpt lat="44.07341" lon="7.25083">
        <ele>976.2</ele>
      </trkpt>
      <trkpt lat="44.07326" lon="7.25084">
        <ele>975.6</ele>
      </trkpt>
      <trkpt lat="44.07321" lon="7.2508">
        <ele>976.0</ele>
      </trkpt>
      <trkpt lat="44.07313" lon="7.25072">
        <ele>977.1</ele>
      </trkpt>
      <trkpt lat="44.07298" lon="7.25064">
        <ele>977.8</ele>
      </trkpt>
      <trkpt lat="44.07266" lon="7.25053">
        <ele>978.0</ele>
      </trkpt>
      <trkpt lat="44.07257" lon="7.2505">
        <ele>978.1</ele>
      </trkpt>
      <trkpt lat="44.07235" lon="7.25042">
        <ele>978.3</ele>
      </trkpt>
      <trkpt lat="44.07224" lon="7.25035">
        <ele>978.9</ele>
      </trkpt>
      <trkpt lat="44.0722" lon="7.2503">
        <ele>979.4</ele>
      </trkpt>
      <trkpt lat="44.07216" lon="7.25022">
        <ele>980.4</ele>
      </trkpt>
      <trkpt lat="44.07197" lon="7.24982">
        <ele>985.8</ele>
      </trkpt>
      <trkpt lat="44.07188" lon="7.24964">
        <ele>988.9</ele>
      </trkpt>
      <trkpt lat="44.07184" lon="7.2496">
        <ele>989.5</ele>
      </trkpt>
      <trkpt lat="44.07176" lon="7.24955">
        <ele>990.1</ele>
      </trkpt>
      <trkpt lat="44.0715" lon="7.24954">
        <ele>992.0</ele>
      </trkpt>
      <trkpt lat="44.07115" lon="7.2496">
        <ele>994.7</ele>
      </trkpt>
      <trkpt lat="44.07106" lon="7.24964">
        <ele>994.6</ele>
      </trkpt>
      <trkpt lat="44.07078" lon="7.2498">
        <ele>993.0</ele>
      </trkpt>
      <trkpt lat="44.07066" lon="7.2499">
        <ele>992.2</ele>
      </trkpt>
      <trkpt lat="44.07061" lon="7.24996">
        <ele>991.0</ele>
      </trkpt>
      <trkpt lat="44.07046" lon="7.25019">
        <ele>988.4</ele>
      </trkpt>
      <trkpt lat="44.0704" lon="7.25027">
        <ele>987.6</ele>
      </trkpt>
      <trkpt lat="44.07035" lon="7.25033">
        <ele>986.9</ele>
      </trkpt>
      <trkpt lat="44.07027" lon="7.25037">
        <ele>987.0</ele>
      </trkpt>
      <trkpt lat="44.07023" lon="7.25037">
        <ele>987.5</ele>
      </trkpt>
      <trkpt lat="44.07015" lon="7.25035">
        <ele>989.1</ele>
      </trkpt>
      <trkpt lat="44.06994" lon="7.25026">
        <ele>996.5</ele>
      </trkpt>
      <trkpt lat="44.06988" lon="7.25025">
        <ele>999.5</ele>
      </trkpt>
      <trkpt lat="44.06978" lon="7.25028">
        <ele>1002.6</ele>
      </trkpt>
      <trkpt lat="44.06961" lon="7.25037">
        <ele>1004.9</ele>
      </trkpt>
      <trkpt lat="44.06917" lon="7.25068">
        <ele>995.6</ele>
      </trkpt>
      <trkpt lat="44.06873" lon="7.251">
        <ele>997.2</ele>
      </trkpt>
      <trkpt lat="44.06873" lon="7.251">
        <ele>997.2</ele>
      </trkpt>
      <trkpt lat="44.06837" lon="7.25121">
        <ele>999.4</ele>
      </trkpt>
      <trkpt lat="44.06807" lon="7.25132">
        <ele>993.8</ele>
      </trkpt>
      <trkpt lat="44.06773" lon="7.25141">
        <ele>989.4</ele>
      </trkpt>
      <trkpt lat="44.0676" lon="7.25142">
        <ele>989.3</ele>
      </trkpt>
      <trkpt lat="44.06696" lon="7.25121">
        <ele>996.7</ele>
      </trkpt>
      <trkpt lat="44.06651" lon="7.25109">
        <ele>999.2</ele>
      </trkpt>
      <trkpt lat="44.06607" lon="7.25097">
        <ele>1003.8</ele>
      </trkpt>
      <trkpt lat="44.06573" lon="7.25091">
        <ele>1008.4</ele>
      </trkpt>
      <trkpt lat="44.06544" lon="7.25091">
        <ele>1013.9</ele>
      </trkpt>
      <trkpt lat="44.0653" lon="7.25093">
        <ele>1015.5</ele>
      </trkpt>
      <trkpt lat="44.06481" lon="7.25105">
        <ele>1018.7</ele>
      </trkpt>
      <trkpt lat="44.06429" lon="7.25113">
        <ele>1026.6</ele>
      </trkpt>
      <trkpt lat="44.06411" lon="7.2512">
        <ele>1025.3</ele>
      </trkpt>
      <trkpt lat="44.06386" lon="7.25133">
        <ele>1019.9</ele>
      </trkpt>
      <trkpt lat="44.06376" lon="7.2514">
        <ele>1016.8</ele>
      </trkpt>
      <trkpt lat="44.06347" lon="7.25157">
        <ele>1011.1</ele>
      </trkpt>
      <trkpt lat="44.06321" lon="7.25158">
        <ele>1013.5</ele>
      </trkpt>
      <trkpt lat="44.06264" lon="7.25173">
        <ele>1008.2</ele>
      </trkpt>
      <trkpt lat="44.06242" lon="7.25164">
        <ele>1011.6</ele>
      </trkpt>
      <trkpt lat="44.06203" lon="7.25142">
        <ele>1010.9</ele>
      </trkpt>
      <trkpt lat="44.0619" lon="7.25128">
        <ele>1011.6</ele>
      </trkpt>
      <trkpt lat="44.06182" lon="7.25108">
        <ele>1014.8</ele>
      </trkpt>
      <trkpt lat="44.06172" lon="7.25061">
        <ele>1021.6</ele>
      </trkpt>
      <trkpt lat="44.06159" lon="7.24985">
        <ele>1031.0</ele>
      </trkpt>
      <trkpt lat="44.06156" lon="7.24976">
        <ele>1032.1</ele>
      </trkpt>
      <trkpt lat="44.06153" lon="7.24969">
        <ele>1032.8</ele>
      </trkpt>
      <trkpt lat="44.06148" lon="7.24961">
        <ele>1033.1</ele>
      </trkpt>
      <trkpt lat="44.06142" lon="7.24955">
        <ele>1032.6</ele>
      </trkpt>
      <trkpt lat="44.06125" lon="7.24945">
        <ele>1029.5</ele>
      </trkpt>
      <trkpt lat="44.06119" lon="7.24941">
        <ele>1028.6</ele>
      </trkpt>
      <trkpt lat="44.0611" lon="7.24932">
        <ele>1027.8</ele>
      </trkpt>
      <trkpt lat="44.06079" lon="7.24893">
        <ele>1029.7</ele>
      </trkpt>
      <trkpt lat="44.06076" lon="7.24887">
        <ele>1031.6</ele>
      </trkpt>
      <trkpt lat="44.06074" lon="7.2488">
        <ele>1033.6</ele>
      </trkpt>
      <trkpt lat="44.06072" lon="7.24872">
        <ele>1035.8</ele>
      </trkpt>
      <trkpt lat="44.0607" lon="7.24829">
        <ele>1046.8</ele>
      </trkpt>
      <trkpt lat="44.06068" lon="7.24819">
        <ele>1049.4</ele>
      </trkpt>
      <trkpt lat="44.06065" lon="7.2481">
        <ele>1051.7</ele>
      </trkpt>
      <trkpt lat="44.06051" lon="7.24784">
        <ele>1057.3</ele>
      </trkpt>
      <trkpt lat="44.06042" lon="7.2477">
        <ele>1059.6</ele>
      </trkpt>
      <trkpt lat="44.06034" lon="7.2476">
        <ele>1060.7</ele>
      </trkpt>
      <trkpt lat="44.06028" lon="7.24753">
        <ele>1059.8</ele>
      </trkpt>
      <trkpt lat="44.06021" lon="7.24751">
        <ele>1059.0</ele>
      </trkpt>
      <trkpt lat="44.06016" lon="7.2475">
        <ele>1058.4</ele>
      </trkpt>
      <trkpt lat="44.06011" lon="7.24752">
        <ele>1057.8</ele>
      </trkpt>
      <trkpt lat="44.06005" lon="7.24756">
        <ele>1057.1</ele>
      </trkpt>
      <trkpt lat="44.06001" lon="7.2476">
        <ele>1056.5</ele>
      </trkpt>
      <trkpt lat="44.05998" lon="7.24766">
        <ele>1055.9</ele>
      </trkpt>
      <trkpt lat="44.05997" lon="7.24774">
        <ele>1055.3</ele>
      </trkpt>
      <trkpt lat="44.05999" lon="7.24804">
        <ele>1052.9</ele>
      </trkpt>
      <trkpt lat="44.05998" lon="7.24816">
        <ele>1052.3</ele>
      </trkpt>
      <trkpt lat="44.05986" lon="7.24853">
        <ele>1056.0</ele>
      </trkpt>
      <trkpt lat="44.05985" lon="7.24868">
        <ele>1054.4</ele>
      </trkpt>
      <trkpt lat="44.05984" lon="7.24967">
        <ele>1047.3</ele>
      </trkpt>
      <trkpt lat="44.05983" lon="7.24981">
        <ele>1048.0</ele>
      </trkpt>
      <trkpt lat="44.05971" lon="7.25033">
        <ele>1054.8</ele>
      </trkpt>
      <trkpt lat="44.05955" lon="7.25105">
        <ele>1054.7</ele>
      </trkpt>
      <trkpt lat="44.05947" lon="7.25138">
        <ele>1051.1</ele>
      </trkpt>
      <trkpt lat="44.0594" lon="7.25146">
        <ele>1052.2</ele>
      </trkpt>
      <trkpt lat="44.0588" lon="7.25168">
        <ele>1064.5</ele>
      </trkpt>
      <trkpt lat="44.05848" lon="7.25186">
        <ele>1063.1</ele>
      </trkpt>
      <trkpt lat="44.05811" lon="7.25193">
        <ele>1070.5</ele>
      </trkpt>
      <trkpt lat="44.058" lon="7.25196">
        <ele>1072.5</ele>
      </trkpt>
      <trkpt lat="44.05761" lon="7.25218">
        <ele>1072.9</ele>
      </trkpt>
      <trkpt lat="44.05696" lon="7.2524">
        <ele>1080.3</ele>
      </trkpt>
      <trkpt lat="44.05659" lon="7.25262">
        <ele>1078.5</ele>
      </trkpt>
      <trkpt lat="44.05604" lon="7.2528">
        <ele>1083.5</ele>
      </trkpt>
      <trkpt lat="44.05582" lon="7.25283">
        <ele>1087.9</ele>
      </trkpt>
      <trkpt lat="44.05555" lon="7.25296">
        <ele>1091.6</ele>
      </trkpt>
      <trkpt lat="44.05553" lon="7.25296">
        <ele>1092.5</ele>
      </trkpt>
      <trkpt lat="44.05552" lon="7.25292">
        <ele>1095.1</ele>
      </trkpt>
      <trkpt lat="44.05552" lon="7.25287">
        <ele>1097.9</ele>
      </trkpt>
      <trkpt lat="44.05555" lon="7.25283">
        <ele>1098.9</ele>
      </trkpt>
      <trkpt lat="44.05566" lon="7.25277">
        <ele>1097.8</ele>
      </trkpt>
      <trkpt lat="44.05614" lon="7.25261">
        <ele>1091.4</ele>
      </trkpt>
      <trkpt lat="44.05662" lon="7.25235">
        <ele>1093.7</ele>
      </trkpt>
      <trkpt lat="44.05673" lon="7.25224">
        <ele>1097.5</ele>
      </trkpt>
      <trkpt lat="44.05691" lon="7.25203">
        <ele>1104.8</ele>
      </trkpt>
      <trkpt lat="44.05725" lon="7.25182">
        <ele>1105.9</ele>
      </trkpt>
      <trkpt lat="44.0575" lon="7.25175">
        <ele>1101.2</ele>
      </trkpt>
      <trkpt lat="44.0576" lon="7.25169">
        <ele>1101.2</ele>
      </trkpt>
      <trkpt lat="44.05796" lon="7.25135">
        <ele>1109.1</ele>
      </trkpt>
      <trkpt lat="44.05805" lon="7.25129">
        <ele>1109.9</ele>
      </trkpt>
      <trkpt lat="44.05829" lon="7.25126">
        <ele>1104.2</ele>
      </trkpt>
      <trkpt lat="44.05835" lon="7.25123">
        <ele>1104.0</ele>
      </trkpt>
      <trkpt lat="44.05863" lon="7.25099">
        <ele>1104.5</ele>
      </trkpt>
      <trkpt lat="44.05877" lon="7.25085">
        <ele>1103.5</ele>
      </trkpt>
      <trkpt lat="44.05882" lon="7.25079">
        <ele>1102.8</ele>
      </trkpt>
      <trkpt lat="44.05884" lon="7.25072">
        <ele>1103.8</ele>
      </trkpt>
      <trkpt lat="44.05903" lon="7.2498">
        <ele>1113.4</ele>
      </trkpt>
      <trkpt lat="44.05904" lon="7.24968">
        <ele>1113.2</ele>
      </trkpt>
      <trkpt lat="44.05903" lon="7.24957">
        <ele>1114.6</ele>
      </trkpt>
      <trkpt lat="44.05902" lon="7.24908">
        <ele>1117.9</ele>
      </trkpt>
      <trkpt lat="44.059" lon="7.24899">
        <ele>1119.8</ele>
      </trkpt>
      <trkpt lat="44.05897" lon="7.24895">
        <ele>1122.4</ele>
      </trkpt>
      <trkpt lat="44.05893" lon="7.24898">
        <ele>1125.7</ele>
      </trkpt>
      <trkpt lat="44.05891" lon="7.24905">
        <ele>1127.3</ele>
      </trkpt>
      <trkpt lat="44.05895" lon="7.24951">
        <ele>1121.5</ele>
      </trkpt>
      <trkpt lat="44.05893" lon="7.24977">
        <ele>1121.4</ele>
      </trkpt>
      <trkpt lat="44.05878" lon="7.2503">
        <ele>1121.3</ele>
      </trkpt>
      <trkpt lat="44.05862" lon="7.25057">
        <ele>1122.7</ele>
      </trkpt>
      <trkpt lat="44.05843" lon="7.25075">
        <ele>1127.6</ele>
      </trkpt>
      <trkpt lat="44.05833" lon="7.25081">
        <ele>1131.1</ele>
      </trkpt>
      <trkpt lat="44.05821" lon="7.25085">
        <ele>1132.4</ele>
      </trkpt>
      <trkpt lat="44.05798" lon="7.25087">
        <ele>1137.5</ele>
      </trkpt>
      <trkpt lat="44.05782" lon="7.2509">
        <ele>1140.2</ele>
      </trkpt>
      <trkpt lat="44.05767" lon="7.25103">
        <ele>1136.9</ele>
      </trkpt>
      <trkpt lat="44.0575" lon="7.25114">
        <ele>1135.7</ele>
      </trkpt>
      <trkpt lat="44.05736" lon="7.25119">
        <ele>1137.6</ele>
      </trkpt>
      <trkpt lat="44.05694" lon="7.25123">
        <ele>1149.7</ele>
      </trkpt>
      <trkpt lat="44.05677" lon="7.25134">
        <ele>1149.7</ele>
      </trkpt>
      <trkpt lat="44.05635" lon="7.2518">
        <ele>1133.7</ele>
      </trkpt>
      <trkpt lat="44.05628" lon="7.25182">
        <ele>1133.9</ele>
      </trkpt>
      <trkpt lat="44.05621" lon="7.25182">
        <ele>1135.3</ele>
      </trkpt>
      <trkpt lat="44.05584" lon="7.25169">
        <ele>1149.6</ele>
      </trkpt>
      <trkpt lat="44.05565" lon="7.25166">
        <ele>1158.4</ele>
      </trkpt>
      <trkpt lat="44.05553" lon="7.25166">
        <ele>1163.0</ele>
      </trkpt>
      <trkpt lat="44.05539" lon="7.2517">
        <ele>1166.2</ele>
      </trkpt>
      <trkpt lat="44.05527" lon="7.25177">
        <ele>1167.1</ele>
      </trkpt>
      <trkpt lat="44.05519" lon="7.25188">
        <ele>1164.4</ele>
      </trkpt>
      <trkpt lat="44.05496" lon="7.25236">
        <ele>1148.0</ele>
      </trkpt>
      <trkpt lat="44.05487" lon="7.25247">
        <ele>1146.1</ele>
      </trkpt>
      <trkpt lat="44.05479" lon="7.25256">
        <ele>1144.9</ele>
      </trkpt>
      <trkpt lat="44.05471" lon="7.2526">
        <ele>1146.2</ele>
      </trkpt>
      <trkpt lat="44.05435" lon="7.25273">
        <ele>1155.1</ele>
      </trkpt>
      <trkpt lat="44.05369" lon="7.25291">
        <ele>1153.9</ele>
      </trkpt>
      <trkpt lat="44.05361" lon="7.25289">
        <ele>1154.2</ele>
      </trkpt>
      <trkpt lat="44.05355" lon="7.25282">
        <ele>1154.8</ele>
      </trkpt>
      <trkpt lat="44.05353" lon="7.25277">
        <ele>1155.1</ele>
      </trkpt>
      <trkpt lat="44.05352" lon="7.25259">
        <ele>1156.4</ele>
      </trkpt>
      <trkpt lat="44.05353" lon="7.25254">
        <ele>1157.1</ele>
      </trkpt>
      <trkpt lat="44.05354" lon="7.25241">
        <ele>1158.3</ele>
      </trkpt>
      <trkpt lat="44.05356" lon="7.25219">
        <ele>1160.5</ele>
      </trkpt>
      <trkpt lat="44.0536" lon="7.25192">
        <ele>1164.4</ele>
      </trkpt>
      <trkpt lat="44.05359" lon="7.25097">
        <ele>1170.1</ele>
      </trkpt>
      <trkpt lat="44.0537" lon="7.24998">
        <ele>1178.5</ele>
      </trkpt>
      <trkpt lat="44.0538" lon="7.24957">
        <ele>1185.2</ele>
      </trkpt>
      <trkpt lat="44.05384" lon="7.24874">
        <ele>1192.4</ele>
      </trkpt>
      <trkpt lat="44.05381" lon="7.24852">
        <ele>1192.6</ele>
      </trkpt>
      <trkpt lat="44.05381" lon="7.24834">
        <ele>1194.3</ele>
      </trkpt>
      <trkpt lat="44.05381" lon="7.24834">
        <ele>1194.3</ele>
      </trkpt>
      <trkpt lat="44.05373" lon="7.24788">
        <ele>1196.3</ele>
      </trkpt>
      <trkpt lat="44.05368" lon="7.24768">
        <ele>1196.4</ele>
      </trkpt>
      <trkpt lat="44.0536" lon="7.24741">
        <ele>1196.1</ele>
      </trkpt>
      <trkpt lat="44.05352" lon="7.24714">
        <ele>1196.2</ele>
      </trkpt>
      <trkpt lat="44.05342" lon="7.24682">
        <ele>1195.8</ele>
      </trkpt>
      <trkpt lat="44.0534" lon="7.24653">
        <ele>1198.8</ele>
      </trkpt>
      <trkpt lat="44.05338" lon="7.24614">
        <ele>1201.8</ele>
      </trkpt>
      <trkpt lat="44.0534" lon="7.24599">
        <ele>1204.8</ele>
      </trkpt>
      <trkpt lat="44.05342" lon="7.24592">
        <ele>1206.9</ele>
      </trkpt>
      <trkpt lat="44.05345" lon="7.24616">
        <ele>1206.2</ele>
      </trkpt>
      <trkpt lat="44.05355" lon="7.24664">
        <ele>1207.4</ele>
      </trkpt>
      <trkpt lat="44.05381" lon="7.24717">
        <ele>1213.8</ele>
      </trkpt>
      <trkpt lat="44.05404" lon="7.24773">
        <ele>1217.9</ele>
      </trkpt>
      <trkpt lat="44.05418" lon="7.24816">
        <ele>1220.4</ele>
      </trkpt>
      <trkpt lat="44.05427" lon="7.24862">
        <ele>1221.5</ele>
      </trkpt>
      <trkpt lat="44.05437" lon="7.24953">
        <ele>1219.9</ele>
      </trkpt>
      <trkpt lat="44.05438" lon="7.24977">
        <ele>1218.6</ele>
      </trkpt>
      <trkpt lat="44.05435" lon="7.2502">
        <ele>1214.4</ele>
      </trkpt>
      <trkpt lat="44.05439" lon="7.25069">
        <ele>1212.6</ele>
      </trkpt>
      <trkpt lat="44.05442" lon="7.2507">
        <ele>1213.1</ele>
      </trkpt>
      <trkpt lat="44.05446" lon="7.25069">
        <ele>1213.9</ele>
      </trkpt>
      <trkpt lat="44.05449" lon="7.25062">
        <ele>1215.2</ele>
      </trkpt>
      <trkpt lat="44.05447" lon="7.25044">
        <ele>1216.5</ele>
      </trkpt>
      <trkpt lat="44.05446" lon="7.25025">
        <ele>1218.0</ele>
      </trkpt>
      <trkpt lat="44.05453" lon="7.24979">
        <ele>1225.9</ele>
      </trkpt>
      <trkpt lat="44.05457" lon="7.24944">
        <ele>1232.0</ele>
      </trkpt>
      <trkpt lat="44.05459" lon="7.24914">
        <ele>1236.7</ele>
      </trkpt>
      <trkpt lat="44.05458" lon="7.24854">
        <ele>1243.3</ele>
      </trkpt>
      <trkpt lat="44.05455" lon="7.24816">
        <ele>1246.1</ele>
      </trkpt>
      <trkpt lat="44.05449" lon="7.24759">
        <ele>1249.9</ele>
      </trkpt>
      <trkpt lat="44.05436" lon="7.24702">
        <ele>1252.2</ele>
      </trkpt>
      <trkpt lat="44.05426" lon="7.24661">
        <ele>1253.8</ele>
      </trkpt>
      <trkpt lat="44.05418" lon="7.24623">
        <ele>1253.6</ele>
      </trkpt>
      <trkpt lat="44.05415" lon="7.2459">
        <ele>1256.0</ele>
      </trkpt>
      <trkpt lat="44.05417" lon="7.24528">
        <ele>1262.2</ele>
      </trkpt>
      <trkpt lat="44.05422" lon="7.24423">
        <ele>1269.3</ele>
      </trkpt>
      <trkpt lat="44.05422" lon="7.24423">
        <ele>1269.3</ele>
      </trkpt>
      <trkpt lat="44.05422" lon="7.24368">
        <ele>1269.9</ele>
      </trkpt>
      <trkpt lat="44.05425" lon="7.24341">
        <ele>1272.0</ele>
      </trkpt>
      <trkpt lat="44.0543" lon="7.2431">
        <ele>1273.4</ele>
      </trkpt>
      <trkpt lat="44.05452" lon="7.24221">
        <ele>1279.4</ele>
      </trkpt>
      <trkpt lat="44.0546" lon="7.24197">
        <ele>1281.5</ele>
      </trkpt>
      <trkpt lat="44.05475" lon="7.24161">
        <ele>1286.4</ele>
      </trkpt>
      <trkpt lat="44.0548" lon="7.24142">
        <ele>1288.5</ele>
      </trkpt>
      <trkpt lat="44.05486" lon="7.2412">
        <ele>1291.1</ele>
      </trkpt>
      <trkpt lat="44.05489" lon="7.24097">
        <ele>1291.9</ele>
      </trkpt>
      <trkpt lat="44.05493" lon="7.23996">
        <ele>1298.9</ele>
      </trkpt>
      <trkpt lat="44.05492" lon="7.23938">
        <ele>1303.3</ele>
      </trkpt>
      <trkpt lat="44.05493" lon="7.23905">
        <ele>1306.6</ele>
      </trkpt>
      <trkpt lat="44.05497" lon="7.23874">
        <ele>1311.4</ele>
      </trkpt>
      <trkpt lat="44.05499" lon="7.23794">
        <ele>1320.7</ele>
      </trkpt>
      <trkpt lat="44.05498" lon="7.23782">
        <ele>1321.8</ele>
      </trkpt>
      <trkpt lat="44.05487" lon="7.23744">
        <ele>1323.0</ele>
      </trkpt>
      <trkpt lat="44.05481" lon="7.23728">
        <ele>1325.0</ele>
      </trkpt>
      <trkpt lat="44.05473" lon="7.23716">
        <ele>1325.1</ele>
      </trkpt>
      <trkpt lat="44.05459" lon="7.23704">
        <ele>1323.1</ele>
      </trkpt>
      <trkpt lat="44.05455" lon="7.23698">
        <ele>1323.3</ele>
      </trkpt>
      <trkpt lat="44.05457" lon="7.23693">
        <ele>1325.6</ele>
      </trkpt>
      <trkpt lat="44.05462" lon="7.23691">
        <ele>1328.1</ele>
      </trkpt>
      <trkpt lat="44.05469" lon="7.23695">
        <ele>1329.6</ele>
      </trkpt>
      <trkpt lat="44.05494" lon="7.23727">
        <ele>1330.6</ele>
      </trkpt>
      <trkpt lat="44.05507" lon="7.23748">
        <ele>1330.3</ele>
      </trkpt>
      <trkpt lat="44.05517" lon="7.23768">
        <ele>1331.7</ele>
      </trkpt>
      <trkpt lat="44.05529" lon="7.23822">
        <ele>1331.1</ele>
      </trkpt>
      <trkpt lat="44.05535" lon="7.23851">
        <ele>1331.4</ele>
      </trkpt>
      <trkpt lat="44.05544" lon="7.23944">
        <ele>1326.7</ele>
      </trkpt>
      <trkpt lat="44.05558" lon="7.23993">
        <ele>1325.0</ele>
      </trkpt>
      <trkpt lat="44.05561" lon="7.24014">
        <ele>1323.5</ele>
      </trkpt>
      <trkpt lat="44.05564" lon="7.24021">
        <ele>1323.8</ele>
      </trkpt>
      <trkpt lat="44.05567" lon="7.24021">
        <ele>1324.9</ele>
      </trkpt>
      <trkpt lat="44.05572" lon="7.2402">
        <ele>1326.7</ele>
      </trkpt>
      <trkpt lat="44.05573" lon="7.24014">
        <ele>1327.7</ele>
      </trkpt>
      <trkpt lat="44.05571" lon="7.24004">
        <ele>1328.1</ele>
      </trkpt>
      <trkpt lat="44.05562" lon="7.23972">
        <ele>1329.9</ele>
      </trkpt>
      <trkpt lat="44.05561" lon="7.2395">
        <ele>1333.1</ele>
      </trkpt>
      <trkpt lat="44.05564" lon="7.2391">
        <ele>1340.5</ele>
      </trkpt>
      <trkpt lat="44.05573" lon="7.23832">
        <ele>1351.1</ele>
      </trkpt>
      <trkpt lat="44.05578" lon="7.23792">
        <ele>1355.7</ele>
      </trkpt>
      <trkpt lat="44.0558" lon="7.23761">
        <ele>1358.1</ele>
      </trkpt>
      <trkpt lat="44.0558" lon="7.23755">
        <ele>1358.4</ele>
      </trkpt>
      <trkpt lat="44.05579" lon="7.23736">
        <ele>1359.9</ele>
      </trkpt>
      <trkpt lat="44.05572" lon="7.23707">
        <ele>1361.1</ele>
      </trkpt>
      <trkpt lat="44.05559" lon="7.23625">
        <ele>1370.2</ele>
      </trkpt>
      <trkpt lat="44.05554" lon="7.23568">
        <ele>1379.2</ele>
      </trkpt>
      <trkpt lat="44.05544" lon="7.23565">
        <ele>1379.9</ele>
      </trkpt>
      <trkpt lat="44.05537" lon="7.23568">
        <ele>1379.6</ele>
      </trkpt>
      <trkpt lat="44.05522" lon="7.23578">
        <ele>1378.5</ele>
      </trkpt>
      <trkpt lat="44.0551" lon="7.23581">
        <ele>1378.3</ele>
      </trkpt>
      <trkpt lat="44.05506" lon="7.23577">
        <ele>1379.0</ele>
      </trkpt>
      <trkpt lat="44.05507" lon="7.23571">
        <ele>1379.9</ele>
      </trkpt>
      <trkpt lat="44.05525" lon="7.23556">
        <ele>1381.7</ele>
      </trkpt>
      <trkpt lat="44.05528" lon="7.23547">
        <ele>1382.9</ele>
      </trkpt>
      <trkpt lat="44.0553" lon="7.23535">
        <ele>1384.5</ele>
      </trkpt>
      <trkpt lat="44.05527" lon="7.23512">
        <ele>1388.0</ele>
      </trkpt>
      <trkpt lat="44.05517" lon="7.23476">
        <ele>1393.0</ele>
      </trkpt>
      <trkpt lat="44.05515" lon="7.2344">
        <ele>1396.8</ele>
      </trkpt>
      <trkpt lat="44.05516" lon="7.23421">
        <ele>1398.6</ele>
      </trkpt>
      <trkpt lat="44.05515" lon="7.23417">
        <ele>1399.1</ele>
      </trkpt>
      <trkpt lat="44.05514" lon="7.23413">
        <ele>1399.8</ele>
      </trkpt>
      <trkpt lat="44.05508" lon="7.23409">
        <ele>1400.9</ele>
      </trkpt>
      <trkpt lat="44.05506" lon="7.23416">
        <ele>1399.8</ele>
      </trkpt>
      <trkpt lat="44.05505" lon="7.23428">
        <ele>1398.6</ele>
      </trkpt>
      <trkpt lat="44.05502" lon="7.23439">
        <ele>1397.7</ele>
      </trkpt>
      <trkpt lat="44.05499" lon="7.23444">
        <ele>1397.5</ele>
      </trkpt>
      <trkpt lat="44.05488" lon="7.2347">
        <ele>1395.7</ele>
      </trkpt>
      <trkpt lat="44.05484" lon="7.23471">
        <ele>1395.8</ele>
      </trkpt>
      <trkpt lat="44.05482" lon="7.23466">
        <ele>1396.7</ele>
      </trkpt>
      <trkpt lat="44.05487" lon="7.23443">
        <ele>1399.6</ele>
      </trkpt>
      <trkpt lat="44.05488" lon="7.2338">
        <ele>1410.1</ele>
      </trkpt>
      <trkpt lat="44.05485" lon="7.2333">
        <ele>1420.8</ele>
      </trkpt>
      <trkpt lat="44.05484" lon="7.23328">
        <ele>1421.4</ele>
      </trkpt>
      <trkpt lat="44.05484" lon="7.23328">
        <ele>1421.4</ele>
      </trkpt>
      <trkpt lat="44.05482" lon="7.23323">
        <ele>1422.9</ele>
      </trkpt>
      <trkpt lat="44.05478" lon="7.23323">
        <ele>1424.4</ele>
      </trkpt>
      <trkpt lat="44.05476" lon="7.23331">
        <ele>1423.7</ele>
      </trkpt>
      <trkpt lat="44.05475" lon="7.23354">
        <ele>1419.4</ele>
      </trkpt>
      <trkpt lat="44.05468" lon="7.2338">
        <ele>1416.0</ele>
      </trkpt>
      <trkpt lat="44.05457" lon="7.23404">
        <ele>1413.7</ele>
      </trkpt>
      <trkpt lat="44.05449" lon="7.23413">
        <ele>1413.7</ele>
      </trkpt>
      <trkpt lat="44.05422" lon="7.23425">
        <ele>1416.6</ele>
      </trkpt>
      <trkpt lat="44.05382" lon="7.23426">
        <ele>1428.4</ele>
      </trkpt>
      <trkpt lat="44.05342" lon="7.23438">
        <ele>1434.4</ele>
      </trkpt>
      <trkpt lat="44.05311" lon="7.23451">
        <ele>1438.0</ele>
      </trkpt>
      <trkpt lat="44.0528" lon="7.23467">
        <ele>1440.8</ele>
      </trkpt>
      <trkpt lat="44.05238" lon="7.23495">
        <ele>1440.1</ele>
      </trkpt>
      <trkpt lat="44.05194" lon="7.23519">
        <ele>1439.3</ele>
      </trkpt>
      <trkpt lat="44.05163" lon="7.23535">
        <ele>1439.6</ele>
      </trkpt>
      <trkpt lat="44.05163" lon="7.23535">
        <ele>1439.6</ele>
      </trkpt>
      <trkpt lat="44.05105" lon="7.23565">
        <ele>1435.6</ele>
      </trkpt>
      <trkpt lat="44.05044" lon="7.2359">
        <ele>1430.2</ele>
      </trkpt>
      <trkpt lat="44.05025" lon="7.23603">
        <ele>1426.6</ele>
      </trkpt>
      <trkpt lat="44.05016" lon="7.23607">
        <ele>1426.0</ele>
      </trkpt>
      <trkpt lat="44.0501" lon="7.23602">
        <ele>1427.5</ele>
      </trkpt>
      <trkpt lat="44.05008" lon="7.23594">
        <ele>1429.5</ele>
      </trkpt>
      <trkpt lat="44.05014" lon="7.2354">
        <ele>1438.0</ele>
      </trkpt>
      <trkpt lat="44.05015" lon="7.2349">
        <ele>1443.6</ele>
      </trkpt>
      <trkpt lat="44.05019" lon="7.23464">
        <ele>1444.8</ele>
      </trkpt>
      <trkpt lat="44.05034" lon="7.23406">
        <ele>1451.6</ele>
      </trkpt>
      <trkpt lat="44.05036" lon="7.23391">
        <ele>1452.6</ele>
      </trkpt>
      <trkpt lat="44.0504" lon="7.23342">
        <ele>1455.1</ele>
      </trkpt>
      <trkpt lat="44.05045" lon="7.23307">
        <ele>1457.4</ele>
      </trkpt>
      <trkpt lat="44.05053" lon="7.23274">
        <ele>1461.2</ele>
      </trkpt>
      <trkpt lat="44.0507" lon="7.23209">
        <ele>1469.2</ele>
      </trkpt>
      <trkpt lat="44.05085" lon="7.23143">
        <ele>1476.3</ele>
      </trkpt>
      <trkpt lat="44.05094" lon="7.23092">
        <ele>1479.7</ele>
      </trkpt>
      <trkpt lat="44.05098" lon="7.23075">
        <ele>1481.9</ele>
      </trkpt>
      <trkpt lat="44.05101" lon="7.23057">
        <ele>1484.1</ele>
      </trkpt>
      <trkpt lat="44.05102" lon="7.23037">
        <ele>1485.4</ele>
      </trkpt>
      <trkpt lat="44.05105" lon="7.23005">
        <ele>1488.0</ele>
      </trkpt>
      <trkpt lat="44.05107" lon="7.22933">
        <ele>1492.4</ele>
      </trkpt>
      <trkpt lat="44.05111" lon="7.22887">
        <ele>1497.2</ele>
      </trkpt>
      <trkpt lat="44.05112" lon="7.22872">
        <ele>1498.7</ele>
      </trkpt>
      <trkpt lat="44.05115" lon="7.22869">
        <ele>1500.4</ele>
      </trkpt>
      <trkpt lat="44.05119" lon="7.22871">
        <ele>1502.4</ele>
      </trkpt>
      <trkpt lat="44.05117" lon="7.22917">
        <ele>1498.4</ele>
      </trkpt>
      <trkpt lat="44.05135" lon="7.23012">
        <ele>1502.0</ele>
      </trkpt>
      <trkpt lat="44.05143" lon="7.2308">
        <ele>1504.8</ele>
      </trkpt>
      <trkpt lat="44.05142" lon="7.23127">
        <ele>1505.0</ele>
      </trkpt>
      <trkpt lat="44.05142" lon="7.23166">
        <ele>1505.6</ele>
      </trkpt>
      <trkpt lat="44.05146" lon="7.23204">
        <ele>1506.7</ele>
      </trkpt>
      <trkpt lat="44.05153" lon="7.23241">
        <ele>1509.0</ele>
      </trkpt>
      <trkpt lat="44.05157" lon="7.23268">
        <ele>1510.4</ele>
      </trkpt>
      <trkpt lat="44.0516" lon="7.23306">
        <ele>1511.3</ele>
      </trkpt>
      <trkpt lat="44.0517" lon="7.2336">
        <ele>1506.8</ele>
      </trkpt>
      <trkpt lat="44.05175" lon="7.23367">
        <ele>1504.7</ele>
      </trkpt>
      <trkpt lat="44.05181" lon="7.23362">
        <ele>1505.8</ele>
      </trkpt>
      <trkpt lat="44.05177" lon="7.23346">
        <ele>1510.5</ele>
      </trkpt>
      <trkpt lat="44.05176" lon="7.23331">
        <ele>1514.2</ele>
      </trkpt>
      <trkpt lat="44.05181" lon="7.23307">
        <ele>1515.4</ele>
      </trkpt>
      <trkpt lat="44.05197" lon="7.23259">
        <ele>1520.8</ele>
      </trkpt>
      <trkpt lat="44.05198" lon="7.23242">
        <ele>1522.3</ele>
      </trkpt>
      <trkpt lat="44.05192" lon="7.23204">
        <ele>1523.3</ele>
      </trkpt>
      <trkpt lat="44.05191" lon="7.23176">
        <ele>1524.7</ele>
      </trkpt>
      <trkpt lat="44.05191" lon="7.23154">
        <ele>1525.1</ele>
      </trkpt>
      <trkpt lat="44.05197" lon="7.23131">
        <ele>1526.5</ele>
      </trkpt>
      <trkpt lat="44.05209" lon="7.23099">
        <ele>1529.5</ele>
      </trkpt>
      <trkpt lat="44.05211" lon="7.23061">
        <ele>1529.6</ele>
      </trkpt>
      <trkpt lat="44.05228" lon="7.23016">
        <ele>1534.1</ele>
      </trkpt>
      <trkpt lat="44.0523" lon="7.22995">
        <ele>1535.0</ele>
      </trkpt>
      <trkpt lat="44.05227" lon="7.22975">
        <ele>1536.2</ele>
      </trkpt>
      <trkpt lat="44.05214" lon="7.22931">
        <ele>1536.8</ele>
      </trkpt>
      <trkpt lat="44.05211" lon="7.22877">
        <ele>1542.2</ele>
      </trkpt>
      <trkpt lat="44.05205" lon="7.22826">
        <ele>1546.0</ele>
      </trkpt>
      <trkpt lat="44.05213" lon="7.22742">
        <ele>1558.0</ele>
      </trkpt>
      <trkpt lat="44.05213" lon="7.22721">
        <ele>1559.5</ele>
      </trkpt>
      <trkpt lat="44.05212" lon="7.22709">
        <ele>1560.0</ele>
      </trkpt>
      <trkpt lat="44.05205" lon="7.2269">
        <ele>1558.4</ele>
      </trkpt>
      <trkpt lat="44.05205" lon="7.22682">
        <ele>1559.0</ele>
      </trkpt>
      <trkpt lat="44.05209" lon="7.22682">
        <ele>1560.7</ele>
      </trkpt>
      <trkpt lat="44.05214" lon="7.22684">
        <ele>1562.7</ele>
      </trkpt>
      <trkpt lat="44.05219" lon="7.22693">
        <ele>1564.2</ele>
      </trkpt>
      <trkpt lat="44.05229" lon="7.22727">
        <ele>1565.6</ele>
      </trkpt>
      <trkpt lat="44.05234" lon="7.22749">
        <ele>1565.8</ele>
      </trkpt>
      <trkpt lat="44.05236" lon="7.22794">
        <ele>1561.7</ele>
      </trkpt>
      <trkpt lat="44.05238" lon="7.228">
        <ele>1561.9</ele>
      </trkpt>
      <trkpt lat="44.05243" lon="7.22804">
        <ele>1563.4</ele>
      </trkpt>
      <trkpt lat="44.05256" lon="7.22811">
        <ele>1565.9</ele>
      </trkpt>
      <trkpt lat="44.05268" lon="7.22808">
        <ele>1567.3</ele>
      </trkpt>
      <trkpt lat="44.05273" lon="7.22803">
        <ele>1568.5</ele>
      </trkpt>
      <trkpt lat="44.05273" lon="7.22798">
        <ele>1569.4</ele>
      </trkpt>
      <trkpt lat="44.05269" lon="7.22793">
        <ele>1569.7</ele>
      </trkpt>
      <trkpt lat="44.05256" lon="7.22788">
        <ele>1568.7</ele>
      </trkpt>
      <trkpt lat="44.05253" lon="7.22783">
        <ele>1568.9</ele>
      </trkpt>
      <trkpt lat="44.05252" lon="7.22775">
        <ele>1569.6</ele>
      </trkpt>
      <trkpt lat="44.05255" lon="7.22748">
        <ele>1573.3</ele>
      </trkpt>
      <trkpt lat="44.05262" lon="7.22713">
        <ele>1578.7</ele>
      </trkpt>
      <trkpt lat="44.05264" lon="7.22694">
        <ele>1581.4</ele>
      </trkpt>
      <trkpt lat="44.05262" lon="7.22675">
        <ele>1582.8</ele>
      </trkpt>
      <trkpt lat="44.05256" lon="7.22647">
        <ele>1579.1</ele>
      </trkpt>
      <trkpt lat="44.05261" lon="7.22636">
        <ele>1579.3</ele>
      </trkpt>
      <trkpt lat="44.05313" lon="7.22571">
        <ele>1589.4</ele>
      </trkpt>
      <trkpt lat="44.0534" lon="7.2253">
        <ele>1592.8</ele>
      </trkpt>
      <trkpt lat="44.0534" lon="7.2253">
        <ele>1592.8</ele>
      </trkpt>
      <trkpt lat="44.05367" lon="7.2248">
        <ele>1595.7</ele>
      </trkpt>
      <trkpt lat="44.05381" lon="7.22441">
        <ele>1598.3</ele>
      </trkpt>
      <trkpt lat="44.05398" lon="7.22402">
        <ele>1602.6</ele>
      </trkpt>
      <trkpt lat="44.05449" lon="7.22305">
        <ele>1615.0</ele>
      </trkpt>
      <trkpt lat="44.05484" lon="7.2223">
        <ele>1625.9</ele>
      </trkpt>
      <trkpt lat="44.05486" lon="7.22225">
        <ele>1626.6</ele>
      </trkpt>
      <trkpt lat="44.05506" lon="7.22155">
        <ele>1630.9</ele>
      </trkpt>
      <trkpt lat="44.05514" lon="7.22134">
        <ele>1631.4</ele>
      </trkpt>
      <trkpt lat="44.05529" lon="7.22105">
        <ele>1634.1</ele>
      </trkpt>
      <trkpt lat="44.05543" lon="7.22058">
        <ele>1634.2</ele>
      </trkpt>
      <trkpt lat="44.05552" lon="7.22055">
        <ele>1638.3</ele>
      </trkpt>
      <trkpt lat="44.0555" lon="7.22068">
        <ele>1639.1</ele>
      </trkpt>
      <trkpt lat="44.05551" lon="7.22112">
        <ele>1646.1</ele>
      </trkpt>
      <trkpt lat="44.05549" lon="7.22142">
        <ele>1649.7</ele>
      </trkpt>
      <trkpt lat="44.05545" lon="7.22161">
        <ele>1650.7</ele>
      </trkpt>
      <trkpt lat="44.05549" lon="7.22173">
        <ele>1654.1</ele>
      </trkpt>
      <trkpt lat="44.05556" lon="7.22163">
        <ele>1656.3</ele>
      </trkpt>
      <trkpt lat="44.05558" lon="7.2214">
        <ele>1653.8</ele>
      </trkpt>
      <trkpt lat="44.05569" lon="7.2211">
        <ele>1654.7</ele>
      </trkpt>
      <trkpt lat="44.0557" lon="7.22085">
        <ele>1651.5</ele>
      </trkpt>
      <trkpt lat="44.0558" lon="7.22055">
        <ele>1652.3</ele>
      </trkpt>
      <trkpt lat="44.05608" lon="7.22001">
        <ele>1661.9</ele>
      </trkpt>
      <trkpt lat="44.05619" lon="7.21984">
        <ele>1669.9</ele>
      </trkpt>
      <trkpt lat="44.05621" lon="7.21986">
        <ele>1670.9</ele>
      </trkpt>
      <trkpt lat="44.05621" lon="7.21994">
        <ele>1670.4</ele>
      </trkpt>
      <trkpt lat="44.05611" lon="7.22017">
        <ele>1666.5</ele>
      </trkpt>
      <trkpt lat="44.05599" lon="7.22056">
        <ele>1664.8</ele>
      </trkpt>
      <trkpt lat="44.05591" lon="7.22087">
        <ele>1663.9</ele>
      </trkpt>
      <trkpt lat="44.05593" lon="7.22127">
        <ele>1670.4</ele>
      </trkpt>
      <trkpt lat="44.0559" lon="7.22141">
        <ele>1670.4</ele>
      </trkpt>
      <trkpt lat="44.05577" lon="7.22191">
        <ele>1669.8</ele>
      </trkpt>
      <trkpt lat="44.05568" lon="7.22239">
        <ele>1670.5</ele>
      </trkpt>
      <trkpt lat="44.05565" lon="7.2229">
        <ele>1671.8</ele>
      </trkpt>
      <trkpt lat="44.05562" lon="7.22328">
        <ele>1672.0</ele>
      </trkpt>
      <trkpt lat="44.05569" lon="7.22334">
        <ele>1675.3</ele>
      </trkpt>
      <trkpt lat="44.05574" lon="7.22325">
        <ele>1677.5</ele>
      </trkpt>
      <trkpt lat="44.05572" lon="7.22306">
        <ele>1675.9</ele>
      </trkpt>
      <trkpt lat="44.05587" lon="7.22243">
        <ele>1680.8</ele>
      </trkpt>
      <trkpt lat="44.05603" lon="7.22203">
        <ele>1684.3</ele>
      </trkpt>
      <trkpt lat="44.05614" lon="7.22167">
        <ele>1687.3</ele>
      </trkpt>
      <trkpt lat="44.05618" lon="7.22161">
        <ele>1689.1</ele>
      </trkpt>
      <trkpt lat="44.05618" lon="7.22161">
        <ele>1689.1</ele>
      </trkpt>
      <trkpt lat="44.05634" lon="7.22134">
        <ele>1696.7</ele>
      </trkpt>
      <trkpt lat="44.05642" lon="7.22111">
        <ele>1700.7</ele>
      </trkpt>
      <trkpt lat="44.05648" lon="7.22102">
        <ele>1704.4</ele>
      </trkpt>
      <trkpt lat="44.05657" lon="7.22065">
        <ele>1706.4</ele>
      </trkpt>
      <trkpt lat="44.05673" lon="7.2203">
        <ele>1708.6</ele>
      </trkpt>
      <trkpt lat="44.05695" lon="7.21987">
        <ele>1715.0</ele>
      </trkpt>
      <trkpt lat="44.05712" lon="7.21942">
        <ele>1723.8</ele>
      </trkpt>
      <trkpt lat="44.05718" lon="7.21922">
        <ele>1726.9</ele>
      </trkpt>
      <trkpt lat="44.05719" lon="7.21902">
        <ele>1730.0</ele>
      </trkpt>
      <trkpt lat="44.05715" lon="7.21887">
        <ele>1730.4</ele>
      </trkpt>
      <trkpt lat="44.05701" lon="7.21873">
        <ele>1725.5</ele>
      </trkpt>
      <trkpt lat="44.05693" lon="7.21859">
        <ele>1724.4</ele>
      </trkpt>
      <trkpt lat="44.05689" lon="7.2184">
        <ele>1726.7</ele>
      </trkpt>
      <trkpt lat="44.0569" lon="7.21818">
        <ele>1731.6</ele>
      </trkpt>
      <trkpt lat="44.05687" lon="7.21799">
        <ele>1734.2</ele>
      </trkpt>
      <trkpt lat="44.05675" lon="7.21788">
        <ele>1732.3</ele>
      </trkpt>
      <trkpt lat="44.05655" lon="7.21775">
        <ele>1729.1</ele>
      </trkpt>
      <trkpt lat="44.05647" lon="7.2176">
        <ele>1730.5</ele>
      </trkpt>
      <trkpt lat="44.05641" lon="7.21738">
        <ele>1732.2</ele>
      </trkpt>
      <trkpt lat="44.0564" lon="7.217">
        <ele>1734.7</ele>
      </trkpt>
      <trkpt lat="44.0564" lon="7.217">
        <ele>1734.7</ele>
      </trkpt>
      <trkpt lat="44.05638" lon="7.21679">
        <ele>1735.9</ele>
      </trkpt>
      <trkpt lat="44.05629" lon="7.21659">
        <ele>1735.7</ele>
      </trkpt>
      <trkpt lat="44.05619" lon="7.21645">
        <ele>1735.3</ele>
      </trkpt>
      <trkpt lat="44.05603" lon="7.21632">
        <ele>1735.8</ele>
      </trkpt>
      <trkpt lat="44.05609" lon="7.21625">
        <ele>1736.5</ele>
      </trkpt>
      <trkpt lat="44.05634" lon="7.21645">
        <ele>1736.2</ele>
      </trkpt>
      <trkpt lat="44.0565" lon="7.21656">
        <ele>1737.9</ele>
      </trkpt>
      <trkpt lat="44.05662" lon="7.21652">
        <ele>1738.7</ele>
      </trkpt>
      <trkpt lat="44.0567" lon="7.21645">
        <ele>1738.0</ele>
      </trkpt>
      <trkpt lat="44.05672" lon="7.21645">
        <ele>1737.8</ele>
      </trkpt>
      <trkpt lat="44.05684" lon="7.21643">
        <ele>1736.8</ele>
      </trkpt>
      <trkpt lat="44.05747" lon="7.21643">
        <ele>1733.0</ele>
      </trkpt>
      <trkpt lat="44.0576" lon="7.21635">
        <ele>1730.1</ele>
      </trkpt>
      <trkpt lat="44.05805" lon="7.21601">
        <ele>1718.4</ele>
      </trkpt>
      <trkpt lat="44.05845" lon="7.21592">
        <ele>1716.2</ele>
      </trkpt>
      <trkpt lat="44.05867" lon="7.21569">
        <ele>1710.3</ele>
      </trkpt>
      <trkpt lat="44.05894" lon="7.21537">
        <ele>1702.1</ele>
      </trkpt>
      <trkpt lat="44.05936" lon="7.2151">
        <ele>1697.4</ele>
      </trkpt>
      <trkpt lat="44.05989" lon="7.21461">
        <ele>1685.7</ele>
      </trkpt>
      <trkpt lat="44.06026" lon="7.21435">
        <ele>1675.1</ele>
      </trkpt>
      <trkpt lat="44.06049" lon="7.21436">
        <ele>1673.0</ele>
      </trkpt>
      <trkpt lat="44.06104" lon="7.21467">
        <ele>1669.3</ele>
      </trkpt>
      <trkpt lat="44.06133" lon="7.21488">
        <ele>1663.2</ele>
      </trkpt>
      <trkpt lat="44.06187" lon="7.21533">
        <ele>1647.9</ele>
      </trkpt>
      <trkpt lat="44.06221" lon="7.21579">
        <ele>1641.6</ele>
      </trkpt>
      <trkpt lat="44.06237" lon="7.21593">
        <ele>1638.0</ele>
      </trkpt>
      <trkpt lat="44.06291" lon="7.21619">
        <ele>1632.8</ele>
      </trkpt>
      <trkpt lat="44.06299" lon="7.21628">
        <ele>1632.8</ele>
      </trkpt>
      <trkpt lat="44.06307" lon="7.21642">
        <ele>1633.1</ele>
      </trkpt>
      <trkpt lat="44.06319" lon="7.2168">
        <ele>1632.8</ele>
      </trkpt>
      <trkpt lat="44.06342" lon="7.21731">
        <ele>1625.4</ele>
      </trkpt>
      <trkpt lat="44.06348" lon="7.21787">
        <ele>1616.9</ele>
      </trkpt>
      <trkpt lat="44.06354" lon="7.21823">
        <ele>1611.2</ele>
      </trkpt>
      <trkpt lat="44.06365" lon="7.2187">
        <ele>1605.1</ele>
      </trkpt>
      <trkpt lat="44.06385" lon="7.21926">
        <ele>1599.7</ele>
      </trkpt>
      <trkpt lat="44.06385" lon="7.21926">
        <ele>1599.7</ele>
      </trkpt>
      <trkpt lat="44.06406" lon="7.21972">
        <ele>1595.5</ele>
      </trkpt>
      <trkpt lat="44.06432" lon="7.22022">
        <ele>1586.7</ele>
      </trkpt>
      <trkpt lat="44.06448" lon="7.22047">
        <ele>1581.7</ele>
      </trkpt>
      <trkpt lat="44.06477" lon="7.22086">
        <ele>1581.3</ele>
      </trkpt>
      <trkpt lat="44.06483" lon="7.22098">
        <ele>1582.0</ele>
      </trkpt>
      <trkpt lat="44.06503" lon="7.22066">
        <ele>1583.6</ele>
      </trkpt>
      <trkpt lat="44.0651" lon="7.22002">
        <ele>1576.7</ele>
      </trkpt>
      <trkpt lat="44.06517" lon="7.21939">
        <ele>1564.5</ele>
      </trkpt>
      <trkpt lat="44.06522" lon="7.21872">
        <ele>1554.8</ele>
      </trkpt>
      <trkpt lat="44.06522" lon="7.21872">
        <ele>1554.8</ele>
      </trkpt>
      <trkpt lat="44.06525" lon="7.21816">
        <ele>1549.6</ele>
      </trkpt>
      <trkpt lat="44.06536" lon="7.21769">
        <ele>1542.3</ele>
      </trkpt>
      <trkpt lat="44.06568" lon="7.21686">
        <ele>1521.9</ele>
      </trkpt>
      <trkpt lat="44.06572" lon="7.21674">
        <ele>1519.1</ele>
      </trkpt>
      <trkpt lat="44.06579" lon="7.21631">
        <ele>1512.5</ele>
      </trkpt>
      <trkpt lat="44.06582" lon="7.21586">
        <ele>1507.9</ele>
      </trkpt>
      <trkpt lat="44.06589" lon="7.21535">
        <ele>1495.7</ele>
      </trkpt>
      <trkpt lat="44.06576" lon="7.21504">
        <ele>1497.1</ele>
      </trkpt>
      <trkpt lat="44.0657" lon="7.21488">
        <ele>1497.6</ele>
      </trkpt>
      <trkpt lat="44.06561" lon="7.21458">
        <ele>1497.0</ele>
      </trkpt>
      <trkpt lat="44.06553" lon="7.21417">
        <ele>1493.6</ele>
      </trkpt>
      <trkpt lat="44.06548" lon="7.2133">
        <ele>1485.3</ele>
      </trkpt>
      <trkpt lat="44.06539" lon="7.21269">
        <ele>1480.5</ele>
      </trkpt>
      <trkpt lat="44.06533" lon="7.21235">
        <ele>1477.3</ele>
      </trkpt>
      <trkpt lat="44.06506" lon="7.21176">
        <ele>1478.8</ele>
      </trkpt>
      <trkpt lat="44.06472" lon="7.21126">
        <ele>1478.8</ele>
      </trkpt>
      <trkpt lat="44.06445" lon="7.21078">
        <ele>1476.4</ele>
      </trkpt>
      <trkpt lat="44.06424" lon="7.21035">
        <ele>1474.3</ele>
      </trkpt>
      <trkpt lat="44.06412" lon="7.21017">
        <ele>1473.1</ele>
      </trkpt>
      <trkpt lat="44.06396" lon="7.2101">
        <ele>1472.8</ele>
      </trkpt>
      <trkpt lat="44.06374" lon="7.21007">
        <ele>1473.8</ele>
      </trkpt>
      <trkpt lat="44.06358" lon="7.21011">
        <ele>1476.1</ele>
      </trkpt>
      <trkpt lat="44.06337" lon="7.2103">
        <ele>1482.9</ele>
      </trkpt>
      <trkpt lat="44.06326" lon="7.2103">
        <ele>1484.9</ele>
      </trkpt>
      <trkpt lat="44.06273" lon="7.20989">
        <ele>1482.1</ele>
      </trkpt>
      <trkpt lat="44.06246" lon="7.20976">
        <ele>1482.2</ele>
      </trkpt>
      <trkpt lat="44.06246" lon="7.20976">
        <ele>1482.2</ele>
      </trkpt>
      <trkpt lat="44.06182" lon="7.20945">
        <ele>1479.0</ele>
      </trkpt>
      <trkpt lat="44.06145" lon="7.20923">
        <ele>1476.1</ele>
      </trkpt>
      <trkpt lat="44.06121" lon="7.20912">
        <ele>1476.4</ele>
      </trkpt>
      <trkpt lat="44.06105" lon="7.20883">
        <ele>1470.8</ele>
      </trkpt>
      <trkpt lat="44.0608" lon="7.20853">
        <ele>1465.6</ele>
      </trkpt>
      <trkpt lat="44.06062" lon="7.20845">
        <ele>1462.9</ele>
      </trkpt>
      <trkpt lat="44.06047" lon="7.20814">
        <ele>1456.8</ele>
      </trkpt>
      <trkpt lat="44.06045" lon="7.20801">
        <ele>1454.8</ele>
      </trkpt>
      <trkpt lat="44.06049" lon="7.20791">
        <ele>1453.6</ele>
      </trkpt>
      <trkpt lat="44.06063" lon="7.2077">
        <ele>1452.0</ele>
      </trkpt>
      <trkpt lat="44.06081" lon="7.20739">
        <ele>1450.5</ele>
      </trkpt>
      <trkpt lat="44.06104" lon="7.20682">
        <ele>1439.8</ele>
      </trkpt>
      <trkpt lat="44.06107" lon="7.2066">
        <ele>1436.3</ele>
      </trkpt>
      <trkpt lat="44.06104" lon="7.20642">
        <ele>1433.2</ele>
      </trkpt>
      <trkpt lat="44.06099" lon="7.20631">
        <ele>1431.8</ele>
      </trkpt>
      <trkpt lat="44.06091" lon="7.20628">
        <ele>1432.4</ele>
      </trkpt>
      <trkpt lat="44.0608" lon="7.20634">
        <ele>1434.1</ele>
      </trkpt>
      <trkpt lat="44.06059" lon="7.20652">
        <ele>1432.1</ele>
      </trkpt>
      <trkpt lat="44.06038" lon="7.20675">
        <ele>1431.6</ele>
      </trkpt>
      <trkpt lat="44.06015" lon="7.20705">
        <ele>1432.7</ele>
      </trkpt>
      <trkpt lat="44.06006" lon="7.20719">
        <ele>1434.5</ele>
      </trkpt>
      <trkpt lat="44.05972" lon="7.20777">
        <ele>1437.1</ele>
      </trkpt>
      <trkpt lat="44.05959" lon="7.20801">
        <ele>1437.6</ele>
      </trkpt>
      <trkpt lat="44.05952" lon="7.2082">
        <ele>1439.3</ele>
      </trkpt>
      <trkpt lat="44.0593" lon="7.20848">
        <ele>1439.3</ele>
      </trkpt>
      <trkpt lat="44.0591" lon="7.20856">
        <ele>1438.1</ele>
      </trkpt>
      <trkpt lat="44.05893" lon="7.20876">
        <ele>1445.3</ele>
      </trkpt>
      <trkpt lat="44.05885" lon="7.20883">
        <ele>1447.6</ele>
      </trkpt>
      <trkpt lat="44.0586" lon="7.20922">
        <ele>1458.5</ele>
      </trkpt>
      <trkpt lat="44.0585" lon="7.20926">
        <ele>1459.7</ele>
      </trkpt>
      <trkpt lat="44.05843" lon="7.20922">
        <ele>1458.1</ele>
      </trkpt>
      <trkpt lat="44.0584" lon="7.20906">
        <ele>1453.9</ele>
      </trkpt>
      <trkpt lat="44.05839" lon="7.20878">
        <ele>1447.9</ele>
      </trkpt>
      <trkpt lat="44.05831" lon="7.20782">
        <ele>1428.6</ele>
      </trkpt>
      <trkpt lat="44.05823" lon="7.20775">
        <ele>1427.3</ele>
      </trkpt>
      <trkpt lat="44.05803" lon="7.20773">
        <ele>1427.0</ele>
      </trkpt>
      <trkpt lat="44.05756" lon="7.20795">
        <ele>1436.5</ele>
      </trkpt>
      <trkpt lat="44.05737" lon="7.20798">
        <ele>1441.7</ele>
      </trkpt>
      <trkpt lat="44.05701" lon="7.20794">
        <ele>1450.1</ele>
      </trkpt>
      <trkpt lat="44.05691" lon="7.2079">
        <ele>1451.6</ele>
      </trkpt>
      <trkpt lat="44.05661" lon="7.20767">
        <ele>1453.2</ele>
      </trkpt>
      <trkpt lat="44.0564" lon="7.20763">
        <ele>1459.3</ele>
      </trkpt>
      <trkpt lat="44.05633" lon="7.20758">
        <ele>1460.5</ele>
      </trkpt>
      <trkpt lat="44.05633" lon="7.20746">
        <ele>1459.1</ele>
      </trkpt>
      <trkpt lat="44.05639" lon="7.20727">
        <ele>1459.2</ele>
      </trkpt>
      <trkpt lat="44.05648" lon="7.20713">
        <ele>1457.0</ele>
      </trkpt>
      <trkpt lat="44.05661" lon="7.20705">
        <ele>1451.9</ele>
      </trkpt>
      <trkpt lat="44.05666" lon="7.20699">
        <ele>1450.0</ele>
      </trkpt>
      <trkpt lat="44.05669" lon="7.2069">
        <ele>1449.2</ele>
      </trkpt>
      <trkpt lat="44.05661" lon="7.20658">
        <ele>1456.0</ele>
      </trkpt>
      <trkpt lat="44.05668" lon="7.20637">
        <ele>1454.4</ele>
      </trkpt>
      <trkpt lat="44.05668" lon="7.20604">
        <ele>1458.0</ele>
      </trkpt>
      <trkpt lat="44.05671" lon="7.20576">
        <ele>1458.5</ele>
      </trkpt>
      <trkpt lat="44.05677" lon="7.20534">
        <ele>1456.3</ele>
      </trkpt>
      <trkpt lat="44.05679" lon="7.20516">
        <ele>1455.8</ele>
      </trkpt>
      <trkpt lat="44.05673" lon="7.20499">
        <ele>1459.0</ele>
      </trkpt>
      <trkpt lat="44.05628" lon="7.20433">
        <ele>1468.7</ele>
      </trkpt>
      <trkpt lat="44.0562" lon="7.20418">
        <ele>1469.4</ele>
      </trkpt>
      <trkpt lat="44.05615" lon="7.20416">
        <ele>1471.1</ele>
      </trkpt>
      <trkpt lat="44.05585" lon="7.20351">
        <ele>1467.0</ele>
      </trkpt>
      <trkpt lat="44.05558" lon="7.20295">
        <ele>1464.1</ele>
      </trkpt>
      <trkpt lat="44.05542" lon="7.20261">
        <ele>1462.3</ele>
      </trkpt>
      <trkpt lat="44.05528" lon="7.20245">
        <ele>1465.0</ele>
      </trkpt>
      <trkpt lat="44.05517" lon="7.20229">
        <ele>1467.8</ele>
      </trkpt>
      <trkpt lat="44.05517" lon="7.20197">
        <ele>1463.8</ele>
      </trkpt>
      <trkpt lat="44.05521" lon="7.20189">
        <ele>1461.2</ele>
      </trkpt>
      <trkpt lat="44.05533" lon="7.20186">
        <ele>1455.8</ele>
      </trkpt>
      <trkpt lat="44.05539" lon="7.20181">
        <ele>1452.7</ele>
      </trkpt>
      <trkpt lat="44.05542" lon="7.20163">
        <ele>1449.8</ele>
      </trkpt>
      <trkpt lat="44.0554" lon="7.20089">
        <ele>1450.2</ele>
      </trkpt>
      <trkpt lat="44.0553" lon="7.20014">
        <ele>1445.8</ele>
      </trkpt>
      <trkpt lat="44.05521" lon="7.19938">
        <ele>1439.2</ele>
      </trkpt>
      <trkpt lat="44.05514" lon="7.19907">
        <ele>1438.1</ele>
      </trkpt>
      <trkpt lat="44.055" lon="7.19862">
        <ele>1439.1</ele>
      </trkpt>
      <trkpt lat="44.05477" lon="7.19778">
        <ele>1447.2</ele>
      </trkpt>
      <trkpt lat="44.05476" lon="7.19763">
        <ele>1447.8</ele>
      </trkpt>
      <trkpt lat="44.05471" lon="7.1974">
        <ele>1451.5</ele>
      </trkpt>
      <trkpt lat="44.05475" lon="7.1972">
        <ele>1451.8</ele>
      </trkpt>
      <trkpt lat="44.05495" lon="7.19673">
        <ele>1446.2</ele>
      </trkpt>
      <trkpt lat="44.05506" lon="7.19639">
        <ele>1440.5</ele>
      </trkpt>
      <trkpt lat="44.05517" lon="7.19588">
        <ele>1434.3</ele>
      </trkpt>
      <trkpt lat="44.0551" lon="7.19559">
        <ele>1434.3</ele>
      </trkpt>
      <trkpt lat="44.05486" lon="7.19526">
        <ele>1440.9</ele>
      </trkpt>
      <trkpt lat="44.05459" lon="7.19505">
        <ele>1449.8</ele>
      </trkpt>
      <trkpt lat="44.05446" lon="7.19466">
        <ele>1443.0</ele>
      </trkpt>
      <trkpt lat="44.05421" lon="7.19448">
        <ele>1448.3</ele>
      </trkpt>
      <trkpt lat="44.05407" lon="7.19427">
        <ele>1448.4</ele>
      </trkpt>
      <trkpt lat="44.05386" lon="7.19376">
        <ele>1450.6</ele>
      </trkpt>
      <trkpt lat="44.05386" lon="7.19361">
        <ele>1448.1</ele>
      </trkpt>
      <trkpt lat="44.05386" lon="7.19361">
        <ele>1448.1</ele>
      </trkpt>
      <trkpt lat="44.05387" lon="7.19325">
        <ele>1442.4</ele>
      </trkpt>
      <trkpt lat="44.05379" lon="7.19259">
        <ele>1443.9</ele>
      </trkpt>
      <trkpt lat="44.0536" lon="7.19196">
        <ele>1452.7</ele>
      </trkpt>
      <trkpt lat="44.05367" lon="7.19119">
        <ele>1445.8</ele>
      </trkpt>
      <trkpt lat="44.0536" lon="7.19077">
        <ele>1449.6</ele>
      </trkpt>
      <trkpt lat="44.05362" lon="7.19046">
        <ele>1450.1</ele>
      </trkpt>
      <trkpt lat="44.0537" lon="7.18994">
        <ele>1448.0</ele>
      </trkpt>
      <trkpt lat="44.05374" lon="7.18954">
        <ele>1448.4</ele>
      </trkpt>
      <trkpt lat="44.05385" lon="7.18919">
        <ele>1444.2</ele>
      </trkpt>
      <trkpt lat="44.05391" lon="7.18885">
        <ele>1442.6</ele>
      </trkpt>
      <trkpt lat="44.05391" lon="7.1879">
        <ele>1451.4</ele>
      </trkpt>
      <trkpt lat="44.05412" lon="7.18714">
        <ele>1450.6</ele>
      </trkpt>
      <trkpt lat="44.05431" lon="7.18658">
        <ele>1452.9</ele>
      </trkpt>
      <trkpt lat="44.05469" lon="7.1858">
        <ele>1446.1</ele>
      </trkpt>
      <trkpt lat="44.05492" lon="7.18487">
        <ele>1443.6</ele>
      </trkpt>
      <trkpt lat="44.05493" lon="7.18415">
        <ele>1440.0</ele>
      </trkpt>
      <trkpt lat="44.05487" lon="7.18388">
        <ele>1438.2</ele>
      </trkpt>
      <trkpt lat="44.05473" lon="7.18357">
        <ele>1438.5</ele>
      </trkpt>
      <trkpt lat="44.05464" lon="7.18326">
        <ele>1437.3</ele>
      </trkpt>
      <trkpt lat="44.05465" lon="7.18299">
        <ele>1436.6</ele>
      </trkpt>
      <trkpt lat="44.05475" lon="7.18264">
        <ele>1432.5</ele>
      </trkpt>
      <trkpt lat="44.05486" lon="7.18202">
        <ele>1429.6</ele>
      </trkpt>
      <trkpt lat="44.05496" lon="7.1814">
        <ele>1428.2</ele>
      </trkpt>
      <trkpt lat="44.05507" lon="7.18112">
        <ele>1425.4</ele>
      </trkpt>
      <trkpt lat="44.05528" lon="7.18072">
        <ele>1419.9</ele>
      </trkpt>
      <trkpt lat="44.05528" lon="7.18072">
        <ele>1419.9</ele>
      </trkpt>
      <trkpt lat="44.05538" lon="7.18051">
        <ele>1417.5</ele>
      </trkpt>
      <trkpt lat="44.05557" lon="7.18026">
        <ele>1410.6</ele>
      </trkpt>
      <trkpt lat="44.05572" lon="7.17998">
        <ele>1405.0</ele>
      </trkpt>
      <trkpt lat="44.05582" lon="7.17933">
        <ele>1399.7</ele>
      </trkpt>
      <trkpt lat="44.05584" lon="7.17879">
        <ele>1400.0</ele>
      </trkpt>
      <trkpt lat="44.05592" lon="7.1784">
        <ele>1397.5</ele>
      </trkpt>
      <trkpt lat="44.05602" lon="7.17814">
        <ele>1394.0</ele>
      </trkpt>
      <trkpt lat="44.05621" lon="7.17777">
        <ele>1386.3</ele>
      </trkpt>
      <trkpt lat="44.05628" lon="7.17751">
        <ele>1383.8</ele>
      </trkpt>
      <trkpt lat="44.05632" lon="7.177">
        <ele>1382.6</ele>
      </trkpt>
      <trkpt lat="44.05636" lon="7.17631">
        <ele>1380.9</ele>
      </trkpt>
      <trkpt lat="44.05647" lon="7.17522">
        <ele>1374.7</ele>
      </trkpt>
      <trkpt lat="44.0566" lon="7.17469">
        <ele>1367.4</ele>
      </trkpt>
      <trkpt lat="44.05668" lon="7.17427">
        <ele>1362.5</ele>
      </trkpt>
      <trkpt lat="44.05679" lon="7.17386">
        <ele>1360.7</ele>
      </trkpt>
      <trkpt lat="44.05689" lon="7.17329">
        <ele>1361.9</ele>
      </trkpt>
      <trkpt lat="44.05707" lon="7.17276">
        <ele>1358.3</ele>
      </trkpt>
      <trkpt lat="44.05721" lon="7.17244">
        <ele>1354.7</ele>
      </trkpt>
      <trkpt lat="44.05742" lon="7.17214">
        <ele>1345.3</ele>
      </trkpt>
      <trkpt lat="44.05749" lon="7.17181">
        <ele>1342.4</ele>
      </trkpt>
      <trkpt lat="44.05746" lon="7.17163">
        <ele>1343.1</ele>
      </trkpt>
      <trkpt lat="44.05731" lon="7.17141">
        <ele>1346.0</ele>
      </trkpt>
      <trkpt lat="44.05725" lon="7.1712">
        <ele>1345.5</ele>
      </trkpt>
      <trkpt lat="44.05675" lon="7.17032">
        <ele>1344.8</ele>
      </trkpt>
      <trkpt lat="44.0564" lon="7.16936">
        <ele>1343.1</ele>
      </trkpt>
      <trkpt lat="44.05635" lon="7.16895">
        <ele>1339.0</ele>
      </trkpt>
      <trkpt lat="44.05627" lon="7.16864">
        <ele>1339.0</ele>
      </trkpt>
      <trkpt lat="44.05626" lon="7.16817">
        <ele>1333.3</ele>
      </trkpt>
      <trkpt lat="44.05613" lon="7.16735">
        <ele>1329.2</ele>
      </trkpt>
      <trkpt lat="44.0559" lon="7.16638">
        <ele>1327.3</ele>
      </trkpt>
      <trkpt lat="44.05579" lon="7.16589">
        <ele>1326.0</ele>
      </trkpt>
      <trkpt lat="44.05567" lon="7.16545">
        <ele>1327.1</ele>
      </trkpt>
      <trkpt lat="44.05542" lon="7.16487">
        <ele>1331.8</ele>
      </trkpt>
      <trkpt lat="44.05536" lon="7.16452">
        <ele>1331.5</ele>
      </trkpt>
      <trkpt lat="44.05526" lon="7.16415">
        <ele>1333.0</ele>
      </trkpt>
      <trkpt lat="44.05515" lon="7.1638">
        <ele>1334.6</ele>
      </trkpt>
      <trkpt lat="44.05504" lon="7.16309">
        <ele>1331.9</ele>
      </trkpt>
      <trkpt lat="44.05499" lon="7.16268">
        <ele>1328.8</ele>
      </trkpt>
      <trkpt lat="44.05483" lon="7.16191">
        <ele>1327.7</ele>
      </trkpt>
      <trkpt lat="44.05481" lon="7.1614">
        <ele>1324.2</ele>
      </trkpt>
      <trkpt lat="44.05482" lon="7.16086">
        <ele>1319.4</ele>
      </trkpt>
      <trkpt lat="44.05492" lon="7.16048">
        <ele>1314.3</ele>
      </trkpt>
      <trkpt lat="44.05498" lon="7.16033">
        <ele>1312.2</ele>
      </trkpt>
      <trkpt lat="44.05504" lon="7.16023">
        <ele>1311.8</ele>
      </trkpt>
      <trkpt lat="44.05515" lon="7.16014">
        <ele>1312.5</ele>
      </trkpt>
      <trkpt lat="44.0552" lon="7.16006">
        <ele>1313.3</ele>
      </trkpt>
      <trkpt lat="44.05521" lon="7.15999">
        <ele>1313.7</ele>
      </trkpt>
      <trkpt lat="44.05525" lon="7.15972">
        <ele>1312.3</ele>
      </trkpt>
      <trkpt lat="44.05524" lon="7.15964">
        <ele>1311.6</ele>
      </trkpt>
      <trkpt lat="44.05523" lon="7.1596">
        <ele>1311.2</ele>
      </trkpt>
      <trkpt lat="44.05521" lon="7.15957">
        <ele>1310.6</ele>
      </trkpt>
      <trkpt lat="44.05519" lon="7.15955">
        <ele>1310.0</ele>
      </trkpt>
      <trkpt lat="44.0551" lon="7.15959">
        <ele>1308.6</ele>
      </trkpt>
      <trkpt lat="44.05498" lon="7.15957">
        <ele>1306.7</ele>
      </trkpt>
      <trkpt lat="44.0548" lon="7.15947">
        <ele>1308.0</ele>
      </trkpt>
      <trkpt lat="44.05465" lon="7.15927">
        <ele>1306.3</ele>
      </trkpt>
      <trkpt lat="44.05448" lon="7.15923">
        <ele>1307.4</ele>
      </trkpt>
      <trkpt lat="44.05426" lon="7.15922">
        <ele>1309.5</ele>
      </trkpt>
      <trkpt lat="44.05412" lon="7.15911">
        <ele>1310.0</ele>
      </trkpt>
      <trkpt lat="44.05405" lon="7.15901">
        <ele>1311.3</ele>
      </trkpt>
      <trkpt lat="44.05402" lon="7.15887">
        <ele>1309.3</ele>
      </trkpt>
      <trkpt lat="44.054" lon="7.15875">
        <ele>1307.3</ele>
      </trkpt>
      <trkpt lat="44.05403" lon="7.15855">
        <ele>1300.0</ele>
      </trkpt>
      <trkpt lat="44.054" lon="7.15833">
        <ele>1296.1</ele>
      </trkpt>
      <trkpt lat="44.05395" lon="7.1581">
        <ele>1295.1</ele>
      </trkpt>
      <trkpt lat="44.05399" lon="7.15772">
        <ele>1285.4</ele>
      </trkpt>
      <trkpt lat="44.05399" lon="7.15749">
        <ele>1281.2</ele>
      </trkpt>
      <trkpt lat="44.05387" lon="7.15725">
        <ele>1287.0</ele>
      </trkpt>
      <trkpt lat="44.05382" lon="7.15695">
        <ele>1287.8</ele>
      </trkpt>
      <trkpt lat="44.05382" lon="7.15687">
        <ele>1287.2</ele>
      </trkpt>
      <trkpt lat="44.05382" lon="7.15687">
        <ele>1287.2</ele>
      </trkpt>
      <trkpt lat="44.05382" lon="7.15662">
        <ele>1285.8</ele>
      </trkpt>
      <trkpt lat="44.0539" lon="7.15634">
        <ele>1282.4</ele>
      </trkpt>
      <trkpt lat="44.0541" lon="7.15613">
        <ele>1271.8</ele>
      </trkpt>
      <trkpt lat="44.05421" lon="7.15592">
        <ele>1266.4</ele>
      </trkpt>
      <trkpt lat="44.05434" lon="7.15561">
        <ele>1256.7</ele>
      </trkpt>
      <trkpt lat="44.05442" lon="7.15529">
        <ele>1249.2</ele>
      </trkpt>
      <trkpt lat="44.05442" lon="7.15493">
        <ele>1246.3</ele>
      </trkpt>
      <trkpt lat="44.05433" lon="7.1546">
        <ele>1247.4</ele>
      </trkpt>
      <trkpt lat="44.05424" lon="7.15425">
        <ele>1247.6</ele>
      </trkpt>
      <trkpt lat="44.05423" lon="7.15389">
        <ele>1238.5</ele>
      </trkpt>
      <trkpt lat="44.05424" lon="7.15366">
        <ele>1230.9</ele>
      </trkpt>
      <trkpt lat="44.0542" lon="7.15337">
        <ele>1224.4</ele>
      </trkpt>
      <trkpt lat="44.05413" lon="7.15323">
        <ele>1221.5</ele>
      </trkpt>
      <trkpt lat="44.05409" lon="7.15309">
        <ele>1216.5</ele>
      </trkpt>
      <trkpt lat="44.05414" lon="7.15303">
        <ele>1214.6</ele>
      </trkpt>
      <trkpt lat="44.05421" lon="7.15309">
        <ele>1214.7</ele>
      </trkpt>
      <trkpt lat="44.05433" lon="7.15353">
        <ele>1222.0</ele>
      </trkpt>
      <trkpt lat="44.05438" lon="7.15388">
        <ele>1228.9</ele>
      </trkpt>
      <trkpt lat="44.05446" lon="7.15412">
        <ele>1230.4</ele>
      </trkpt>
      <trkpt lat="44.0546" lon="7.15439">
        <ele>1225.6</ele>
      </trkpt>
      <trkpt lat="44.05465" lon="7.1546">
        <ele>1225.1</ele>
      </trkpt>
      <trkpt lat="44.05471" lon="7.15498">
        <ele>1226.0</ele>
      </trkpt>
      <trkpt lat="44.05473" lon="7.15522">
        <ele>1226.3</ele>
      </trkpt>
      <trkpt lat="44.05481" lon="7.15594">
        <ele>1226.1</ele>
      </trkpt>
      <trkpt lat="44.05481" lon="7.15616">
        <ele>1228.0</ele>
      </trkpt>
      <trkpt lat="44.05479" lon="7.1564">
        <ele>1231.2</ele>
      </trkpt>
      <trkpt lat="44.05474" lon="7.15655">
        <ele>1235.0</ele>
      </trkpt>
      <trkpt lat="44.05472" lon="7.15665">
        <ele>1236.7</ele>
      </trkpt>
      <trkpt lat="44.05474" lon="7.15685">
        <ele>1240.6</ele>
      </trkpt>
      <trkpt lat="44.05477" lon="7.15685">
        <ele>1239.3</ele>
      </trkpt>
      <trkpt lat="44.05494" lon="7.15674">
        <ele>1228.4</ele>
      </trkpt>
      <trkpt lat="44.05509" lon="7.15663">
        <ele>1224.5</ele>
      </trkpt>
      <trkpt lat="44.05523" lon="7.15658">
        <ele>1226.5</ele>
      </trkpt>
      <trkpt lat="44.05542" lon="7.15644">
        <ele>1226.6</ele>
      </trkpt>
      <trkpt lat="44.05554" lon="7.15624">
        <ele>1222.4</ele>
      </trkpt>
      <trkpt lat="44.05577" lon="7.15598">
        <ele>1214.7</ele>
      </trkpt>
      <trkpt lat="44.05588" lon="7.15573">
        <ele>1208.2</ele>
      </trkpt>
      <trkpt lat="44.05645" lon="7.15477">
        <ele>1202.1</ele>
      </trkpt>
      <trkpt lat="44.05658" lon="7.15451">
        <ele>1195.9</ele>
      </trkpt>
      <trkpt lat="44.0567" lon="7.15433">
        <ele>1190.1</ele>
      </trkpt>
      <trkpt lat="44.05679" lon="7.15428">
        <ele>1186.0</ele>
      </trkpt>
      <trkpt lat="44.05689" lon="7.15427">
        <ele>1183.4</ele>
      </trkpt>
      <trkpt lat="44.0571" lon="7.15437">
        <ele>1182.8</ele>
      </trkpt>
      <trkpt lat="44.0573" lon="7.15465">
        <ele>1189.3</ele>
      </trkpt>
      <trkpt lat="44.05756" lon="7.15522">
        <ele>1199.4</ele>
      </trkpt>
      <trkpt lat="44.05771" lon="7.15581">
        <ele>1204.0</ele>
      </trkpt>
      <trkpt lat="44.05787" lon="7.15636">
        <ele>1210.5</ele>
      </trkpt>
      <trkpt lat="44.05804" lon="7.15675">
        <ele>1213.5</ele>
      </trkpt>
      <trkpt lat="44.05817" lon="7.15687">
        <ele>1210.8</ele>
      </trkpt>
      <trkpt lat="44.05817" lon="7.15687">
        <ele>1210.8</ele>
      </trkpt>
      <trkpt lat="44.05824" lon="7.15693">
        <ele>1209.2</ele>
      </trkpt>
      <trkpt lat="44.05843" lon="7.15701">
        <ele>1204.1</ele>
      </trkpt>
      <trkpt lat="44.05866" lon="7.15716">
        <ele>1203.9</ele>
      </trkpt>
      <trkpt lat="44.05894" lon="7.15729">
        <ele>1202.4</ele>
      </trkpt>
      <trkpt lat="44.05956" lon="7.15742">
        <ele>1198.9</ele>
      </trkpt>
      <trkpt lat="44.06034" lon="7.15752">
        <ele>1192.2</ele>
      </trkpt>
      <trkpt lat="44.06074" lon="7.15769">
        <ele>1188.0</ele>
      </trkpt>
      <trkpt lat="44.06095" lon="7.15781">
        <ele>1187.4</ele>
      </trkpt>
      <trkpt lat="44.06118" lon="7.15807">
        <ele>1190.3</ele>
      </trkpt>
      <trkpt lat="44.06129" lon="7.15825">
        <ele>1191.9</ele>
      </trkpt>
      <trkpt lat="44.0613" lon="7.15832">
        <ele>1192.8</ele>
      </trkpt>
      <trkpt lat="44.06135" lon="7.15861">
        <ele>1191.6</ele>
      </trkpt>
      <trkpt lat="44.06134" lon="7.15891">
        <ele>1190.8</ele>
      </trkpt>
      <trkpt lat="44.06133" lon="7.15905">
        <ele>1190.6</ele>
      </trkpt>
      <trkpt lat="44.06123" lon="7.15933">
        <ele>1190.1</ele>
      </trkpt>
      <trkpt lat="44.06114" lon="7.15963">
        <ele>1188.0</ele>
      </trkpt>
      <trkpt lat="44.06105" lon="7.1599">
        <ele>1186.6</ele>
      </trkpt>
      <trkpt lat="44.06065" lon="7.16054">
        <ele>1184.6</ele>
      </trkpt>
      <trkpt lat="44.06032" lon="7.16113">
        <ele>1179.7</ele>
      </trkpt>
      <trkpt lat="44.05998" lon="7.16154">
        <ele>1179.0</ele>
      </trkpt>
      <trkpt lat="44.05956" lon="7.16207">
        <ele>1172.5</ele>
      </trkpt>
      <trkpt lat="44.05938" lon="7.16222">
        <ele>1171.8</ele>
      </trkpt>
      <trkpt lat="44.0592" lon="7.16232">
        <ele>1172.5</ele>
      </trkpt>
      <trkpt lat="44.05889" lon="7.16245">
        <ele>1177.0</ele>
      </trkpt>
      <trkpt lat="44.05862" lon="7.16264">
        <ele>1182.5</ele>
      </trkpt>
      <trkpt lat="44.05848" lon="7.16278">
        <ele>1186.2</ele>
      </trkpt>
      <trkpt lat="44.05847" lon="7.16285">
        <ele>1186.2</ele>
      </trkpt>
      <trkpt lat="44.05848" lon="7.16291">
        <ele>1185.5</ele>
      </trkpt>
      <trkpt lat="44.0585" lon="7.16296">
        <ele>1184.6</ele>
      </trkpt>
      <trkpt lat="44.05866" lon="7.16309">
        <ele>1178.1</ele>
      </trkpt>
      <trkpt lat="44.05882" lon="7.16342">
        <ele>1171.2</ele>
      </trkpt>
      <trkpt lat="44.05899" lon="7.16399">
        <ele>1170.2</ele>
      </trkpt>
      <trkpt lat="44.05907" lon="7.16428">
        <ele>1169.1</ele>
      </trkpt>
      <trkpt lat="44.05907" lon="7.16428">
        <ele>1169.1</ele>
      </trkpt>
      <trkpt lat="44.05908" lon="7.16434">
        <ele>1168.8</ele>
      </trkpt>
      <trkpt lat="44.05914" lon="7.16469">
        <ele>1166.8</ele>
      </trkpt>
      <trkpt lat="44.05918" lon="7.16512">
        <ele>1166.6</ele>
      </trkpt>
      <trkpt lat="44.05929" lon="7.16542">
        <ele>1166.1</ele>
      </trkpt>
      <trkpt lat="44.05948" lon="7.16594">
        <ele>1164.9</ele>
      </trkpt>
      <trkpt lat="44.0596" lon="7.16637">
        <ele>1163.2</ele>
      </trkpt>
      <trkpt lat="44.05964" lon="7.16662">
        <ele>1162.7</ele>
      </trkpt>
      <trkpt lat="44.0597" lon="7.16682">
        <ele>1161.2</ele>
      </trkpt>
      <trkpt lat="44.05973" lon="7.16696">
        <ele>1160.7</ele>
      </trkpt>
      <trkpt lat="44.05973" lon="7.16706">
        <ele>1161.1</ele>
      </trkpt>
      <trkpt lat="44.05965" lon="7.16721">
        <ele>1164.8</ele>
      </trkpt>
      <trkpt lat="44.05961" lon="7.16741">
        <ele>1167.1</ele>
      </trkpt>
      <trkpt lat="44.05964" lon="7.16749">
        <ele>1166.3</ele>
      </trkpt>
      <trkpt lat="44.0597" lon="7.16754">
        <ele>1165.8</ele>
      </trkpt>
      <trkpt lat="44.05987" lon="7.16758">
        <ele>1161.5</ele>
      </trkpt>
      <trkpt lat="44.06013" lon="7.16766">
        <ele>1157.6</ele>
      </trkpt>
      <trkpt lat="44.06041" lon="7.1677">
        <ele>1152.3</ele>
      </trkpt>
      <trkpt lat="44.06067" lon="7.16774">
        <ele>1147.2</ele>
      </trkpt>
      <trkpt lat="44.06096" lon="7.16792">
        <ele>1146.0</ele>
      </trkpt>
      <trkpt lat="44.06132" lon="7.16807">
        <ele>1140.3</ele>
      </trkpt>
      <trkpt lat="44.06156" lon="7.16825">
        <ele>1138.2</ele>
      </trkpt>
      <trkpt lat="44.06182" lon="7.16847">
        <ele>1138.7</ele>
      </trkpt>
      <trkpt lat="44.06195" lon="7.16859">
        <ele>1139.5</ele>
      </trkpt>
      <trkpt lat="44.06217" lon="7.16874">
        <ele>1137.5</ele>
      </trkpt>
      <trkpt lat="44.06235" lon="7.16889">
        <ele>1135.2</ele>
      </trkpt>
      <trkpt lat="44.06247" lon="7.16902">
        <ele>1133.5</ele>
      </trkpt>
      <trkpt lat="44.06256" lon="7.16918">
        <ele>1134.5</ele>
      </trkpt>
      <trkpt lat="44.06267" lon="7.16946">
        <ele>1137.6</ele>
      </trkpt>
      <trkpt lat="44.06272" lon="7.17005">
        <ele>1144.0</ele>
      </trkpt>
      <trkpt lat="44.06274" lon="7.17085">
        <ele>1139.2</ele>
      </trkpt>
      <trkpt lat="44.0627" lon="7.17173">
        <ele>1136.1</ele>
      </trkpt>
      <trkpt lat="44.06265" lon="7.17218">
        <ele>1136.2</ele>
      </trkpt>
      <trkpt lat="44.06269" lon="7.17246">
        <ele>1132.4</ele>
      </trkpt>
      <trkpt lat="44.06269" lon="7.17292">
        <ele>1130.7</ele>
      </trkpt>
      <trkpt lat="44.06271" lon="7.17339">
        <ele>1127.5</ele>
      </trkpt>
      <trkpt lat="44.06276" lon="7.17386">
        <ele>1119.5</ele>
      </trkpt>
      <trkpt lat="44.06277" lon="7.17407">
        <ele>1116.6</ele>
      </trkpt>
      <trkpt lat="44.06279" lon="7.17441">
        <ele>1109.8</ele>
      </trkpt>
      <trkpt lat="44.06277" lon="7.17455">
        <ele>1108.4</ele>
      </trkpt>
      <trkpt lat="44.06265" lon="7.17479">
        <ele>1110.7</ele>
      </trkpt>
      <trkpt lat="44.06264" lon="7.17486">
        <ele>1109.9</ele>
      </trkpt>
      <trkpt lat="44.06266" lon="7.17505">
        <ele>1104.8</ele>
      </trkpt>
      <trkpt lat="44.06266" lon="7.17516">
        <ele>1101.7</ele>
      </trkpt>
      <trkpt lat="44.06259" lon="7.17531">
        <ele>1101.0</ele>
      </trkpt>
      <trkpt lat="44.06249" lon="7.17542">
        <ele>1102.3</ele>
      </trkpt>
      <trkpt lat="44.06235" lon="7.17547">
        <ele>1105.9</ele>
      </trkpt>
      <trkpt lat="44.06225" lon="7.17557">
        <ele>1106.4</ele>
      </trkpt>
      <trkpt lat="44.06197" lon="7.17576">
        <ele>1110.5</ele>
      </trkpt>
      <trkpt lat="44.06179" lon="7.17583">
        <ele>1114.7</ele>
      </trkpt>
      <trkpt lat="44.06172" lon="7.17592">
        <ele>1116.6</ele>
      </trkpt>
      <trkpt lat="44.06173" lon="7.17609">
        <ele>1115.3</ele>
      </trkpt>
      <trkpt lat="44.06186" lon="7.17638">
        <ele>1108.2</ele>
      </trkpt>
      <trkpt lat="44.06196" lon="7.17655">
        <ele>1102.6</ele>
      </trkpt>
      <trkpt lat="44.062" lon="7.17666">
        <ele>1099.8</ele>
      </trkpt>
      <trkpt lat="44.06201" lon="7.17678">
        <ele>1099.6</ele>
      </trkpt>
      <trkpt lat="44.06199" lon="7.17688">
        <ele>1100.8</ele>
      </trkpt>
      <trkpt lat="44.06198" lon="7.17704">
        <ele>1101.6</ele>
      </trkpt>
      <trkpt lat="44.06199" lon="7.17721">
        <ele>1101.6</ele>
      </trkpt>
      <trkpt lat="44.06204" lon="7.17741">
        <ele>1099.8</ele>
      </trkpt>
      <trkpt lat="44.06209" lon="7.17756">
        <ele>1097.4</ele>
      </trkpt>
      <trkpt lat="44.06212" lon="7.17771">
        <ele>1095.3</ele>
      </trkpt>
      <trkpt lat="44.06206" lon="7.17798">
        <ele>1096.3</ele>
      </trkpt>
      <trkpt lat="44.06203" lon="7.17827">
        <ele>1095.7</ele>
      </trkpt>
      <trkpt lat="44.06199" lon="7.17852">
        <ele>1095.5</ele>
      </trkpt>
      <trkpt lat="44.06186" lon="7.17883">
        <ele>1096.1</ele>
      </trkpt>
      <trkpt lat="44.06171" lon="7.17912">
        <ele>1095.1</ele>
      </trkpt>
      <trkpt lat="44.06163" lon="7.17941">
        <ele>1096.2</ele>
      </trkpt>
      <trkpt lat="44.06136" lon="7.17997">
        <ele>1107.5</ele>
      </trkpt>
      <trkpt lat="44.06134" lon="7.18013">
        <ele>1105.2</ele>
      </trkpt>
      <trkpt lat="44.06136" lon="7.18023">
        <ele>1103.8</ele>
      </trkpt>
      <trkpt lat="44.06139" lon="7.18028">
        <ele>1102.9</ele>
      </trkpt>
      <trkpt lat="44.06152" lon="7.18036">
        <ele>1100.2</ele>
      </trkpt>
      <trkpt lat="44.06157" lon="7.18037">
        <ele>1099.3</ele>
      </trkpt>
      <trkpt lat="44.06171" lon="7.1802">
        <ele>1095.8</ele>
      </trkpt>
      <trkpt lat="44.06188" lon="7.18002">
        <ele>1095.8</ele>
      </trkpt>
      <trkpt lat="44.06214" lon="7.17965">
        <ele>1094.8</ele>
      </trkpt>
      <trkpt lat="44.06224" lon="7.17953">
        <ele>1093.2</ele>
      </trkpt>
      <trkpt lat="44.06237" lon="7.17943">
        <ele>1091.3</ele>
      </trkpt>
      <trkpt lat="44.06251" lon="7.17936">
        <ele>1089.4</ele>
      </trkpt>
      <trkpt lat="44.06264" lon="7.17936">
        <ele>1091.9</ele>
      </trkpt>
      <trkpt lat="44.06274" lon="7.17932">
        <ele>1093.2</ele>
      </trkpt>
      <trkpt lat="44.06282" lon="7.17917">
        <ele>1092.4</ele>
      </trkpt>
      <trkpt lat="44.0629" lon="7.17896">
        <ele>1091.9</ele>
      </trkpt>
      <trkpt lat="44.06327" lon="7.17819">
        <ele>1088.8</ele>
      </trkpt>
      <trkpt lat="44.0634" lon="7.17783">
        <ele>1085.0</ele>
      </trkpt>
      <trkpt lat="44.06352" lon="7.17726">
        <ele>1079.8</ele>
      </trkpt>
      <trkpt lat="44.06357" lon="7.17714">
        <ele>1079.5</ele>
      </trkpt>
      <trkpt lat="44.06368" lon="7.17688">
        <ele>1079.0</ele>
      </trkpt>
      <trkpt lat="44.0638" lon="7.17677">
        <ele>1080.5</ele>
      </trkpt>
      <trkpt lat="44.06402" lon="7.17654">
        <ele>1082.1</ele>
      </trkpt>
      <trkpt lat="44.06418" lon="7.17607">
        <ele>1075.9</ele>
      </trkpt>
      <trkpt lat="44.06426" lon="7.17589">
        <ele>1073.0</ele>
      </trkpt>
      <trkpt lat="44.06431" lon="7.17582">
        <ele>1072.1</ele>
      </trkpt>
      <trkpt lat="44.06431" lon="7.17582">
        <ele>1072.1</ele>
      </trkpt>
      <trkpt lat="44.06436" lon="7.17576">
        <ele>1071.6</ele>
      </trkpt>
      <trkpt lat="44.0645" lon="7.1756">
        <ele>1070.5</ele>
      </trkpt>
      <trkpt lat="44.0646" lon="7.17551">
        <ele>1070.4</ele>
      </trkpt>
      <trkpt lat="44.06469" lon="7.17547">
        <ele>1071.0</ele>
      </trkpt>
      <trkpt lat="44.06478" lon="7.17545">
        <ele>1071.9</ele>
      </trkpt>
      <trkpt lat="44.06531" lon="7.17553">
        <ele>1075.4</ele>
      </trkpt>
      <trkpt lat="44.06571" lon="7.17551">
        <ele>1074.8</ele>
      </trkpt>
      <trkpt lat="44.06587" lon="7.17561">
        <ele>1075.4</ele>
      </trkpt>
      <trkpt lat="44.06596" lon="7.17561">
        <ele>1075.5</ele>
      </trkpt>
      <trkpt lat="44.06628" lon="7.17543">
        <ele>1074.6</ele>
      </trkpt>
      <trkpt lat="44.06641" lon="7.1754">
        <ele>1074.6</ele>
      </trkpt>
      <trkpt lat="44.06653" lon="7.17543">
        <ele>1074.9</ele>
      </trkpt>
      <trkpt lat="44.06668" lon="7.17561">
        <ele>1076.6</ele>
      </trkpt>
      <trkpt lat="44.06674" lon="7.17562">
        <ele>1077.4</ele>
      </trkpt>
      <trkpt lat="44.06679" lon="7.17555">
        <ele>1077.5</ele>
      </trkpt>
      <trkpt lat="44.06681" lon="7.17514">
        <ele>1074.4</ele>
      </trkpt>
      <trkpt lat="44.06686" lon="7.17472">
        <ele>1070.9</ele>
      </trkpt>
      <trkpt lat="44.06709" lon="7.17353">
        <ele>1059.1</ele>
      </trkpt>
      <trkpt lat="44.06717" lon="7.17319">
        <ele>1055.6</ele>
      </trkpt>
      <trkpt lat="44.06727" lon="7.17294">
        <ele>1053.4</ele>
      </trkpt>
      <trkpt lat="44.06738" lon="7.17273">
        <ele>1052.1</ele>
      </trkpt>
      <trkpt lat="44.0678" lon="7.17214">
        <ele>1046.6</ele>
      </trkpt>
      <trkpt lat="44.06812" lon="7.17178">
        <ele>1043.2</ele>
      </trkpt>
      <trkpt lat="44.06827" lon="7.17162">
        <ele>1041.9</ele>
      </trkpt>
      <trkpt lat="44.0685" lon="7.17151">
        <ele>1040.5</ele>
      </trkpt>
      <trkpt lat="44.06866" lon="7.17148">
        <ele>1039.9</ele>
      </trkpt>
      <trkpt lat="44.06873" lon="7.17152">
        <ele>1040.3</ele>
      </trkpt>
      <trkpt lat="44.06879" lon="7.1716">
        <ele>1041.1</ele>
      </trkpt>
      <trkpt lat="44.06884" lon="7.17171">
        <ele>1042.4</ele>
      </trkpt>
      <trkpt lat="44.06889" lon="7.17177">
        <ele>1043.2</ele>
      </trkpt>
      <trkpt lat="44.06898" lon="7.17179">
        <ele>1043.3</ele>
      </trkpt>
      <trkpt lat="44.06901" lon="7.17174">
        <ele>1042.5</ele>
      </trkpt>
      <trkpt lat="44.06902" lon="7.17168">
        <ele>1041.6</ele>
      </trkpt>
      <trkpt lat="44.06899" lon="7.17132">
        <ele>1037.7</ele>
      </trkpt>
      <trkpt lat="44.069" lon="7.17117">
        <ele>1036.2</ele>
      </trkpt>
      <trkpt lat="44.06902" lon="7.17108">
        <ele>1035.2</ele>
      </trkpt>
      <trkpt lat="44.06909" lon="7.17097">
        <ele>1034.2</ele>
      </trkpt>
      <trkpt lat="44.06908" lon="7.1709">
        <ele>1033.5</ele>
      </trkpt>
      <trkpt lat="44.06908" lon="7.17081">
        <ele>1032.5</ele>
      </trkpt>
      <trkpt lat="44.06912" lon="7.1705">
        <ele>1029.4</ele>
      </trkpt>
      <trkpt lat="44.06924" lon="7.16974">
        <ele>1022.1</ele>
      </trkpt>
      <trkpt lat="44.06935" lon="7.16899">
        <ele>1013.5</ele>
      </trkpt>
      <trkpt lat="44.06941" lon="7.16881">
        <ele>1012.0</ele>
      </trkpt>
      <trkpt lat="44.06955" lon="7.16859">
        <ele>1010.9</ele>
      </trkpt>
      <trkpt lat="44.06991" lon="7.16805">
        <ele>1009.4</ele>
      </trkpt>
      <trkpt lat="44.07006" lon="7.16789">
        <ele>1008.8</ele>
      </trkpt>
      <trkpt lat="44.07016" lon="7.16784">
        <ele>1008.4</ele>
      </trkpt>
      <trkpt lat="44.07021" lon="7.16785">
        <ele>1008.6</ele>
      </trkpt>
      <trkpt lat="44.07025" lon="7.16782">
        <ele>1008.3</ele>
      </trkpt>
      <trkpt lat="44.07027" lon="7.16777">
        <ele>1007.8</ele>
      </trkpt>
      <trkpt lat="44.07026" lon="7.1677">
        <ele>1007.1</ele>
      </trkpt>
      <trkpt lat="44.07027" lon="7.16757">
        <ele>1005.7</ele>
      </trkpt>
      <trkpt lat="44.0703" lon="7.16748">
        <ele>1004.8</ele>
      </trkpt>
      <trkpt lat="44.07057" lon="7.1671">
        <ele>1001.8</ele>
      </trkpt>
      <trkpt lat="44.07057" lon="7.1671">
        <ele>1001.8</ele>
      </trkpt>
      <trkpt lat="44.07072" lon="7.1669">
        <ele>1000.1</ele>
      </trkpt>
      <trkpt lat="44.07082" lon="7.16684">
        <ele>999.5</ele>
      </trkpt>
      <trkpt lat="44.07155" lon="7.16649">
        <ele>994.6</ele>
      </trkpt>
      <trkpt lat="44.07184" lon="7.16634">
        <ele>993.0</ele>
      </trkpt>
      <trkpt lat="44.07196" lon="7.1663">
        <ele>992.6</ele>
      </trkpt>
      <trkpt lat="44.0721" lon="7.16629">
        <ele>992.5</ele>
      </trkpt>
      <trkpt lat="44.0726" lon="7.1663">
        <ele>993.0</ele>
      </trkpt>
      <trkpt lat="44.0731" lon="7.16632">
        <ele>994.0</ele>
      </trkpt>
      <trkpt lat="44.07389" lon="7.16653">
        <ele>997.0</ele>
      </trkpt>
      <trkpt lat="44.07414" lon="7.16654">
        <ele>996.6</ele>
      </trkpt>
      <trkpt lat="44.0745" lon="7.16652">
        <ele>998.4</ele>
      </trkpt>
      <trkpt lat="44.07463" lon="7.16649">
        <ele>998.9</ele>
      </trkpt>
      <trkpt lat="44.07473" lon="7.16645">
        <ele>998.7</ele>
      </trkpt>
      <trkpt lat="44.07481" lon="7.16637">
        <ele>998.6</ele>
      </trkpt>
      <trkpt lat="44.07504" lon="7.16607">
        <ele>998.3</ele>
      </trkpt>
      <trkpt lat="44.0751" lon="7.16597">
        <ele>998.2</ele>
      </trkpt>
      <trkpt lat="44.07514" lon="7.16584">
        <ele>998.1</ele>
      </trkpt>
      <trkpt lat="44.07515" lon="7.16575">
        <ele>998.5</ele>
      </trkpt>
      <trkpt lat="44.07515" lon="7.16569">
        <ele>998.8</ele>
      </trkpt>
      <trkpt lat="44.07511" lon="7.16557">
        <ele>998.7</ele>
      </trkpt>
      <trkpt lat="44.07487" lon="7.16501">
        <ele>995.7</ele>
      </trkpt>
      <trkpt lat="44.07483" lon="7.16494">
        <ele>994.9</ele>
      </trkpt>
      <trkpt lat="44.07474" lon="7.16481">
        <ele>992.9</ele>
      </trkpt>
      <trkpt lat="44.07448" lon="7.16462">
        <ele>986.8</ele>
      </trkpt>
      <trkpt lat="44.07442" lon="7.16455">
        <ele>985.5</ele>
      </trkpt>
      <trkpt lat="44.07436" lon="7.16445">
        <ele>984.2</ele>
      </trkpt>
      <trkpt lat="44.07433" lon="7.16433">
        <ele>983.7</ele>
      </trkpt>
      <trkpt lat="44.07428" lon="7.16407">
        <ele>984.1</ele>
      </trkpt>
      <trkpt lat="44.07421" lon="7.16362">
        <ele>987.8</ele>
      </trkpt>
      <trkpt lat="44.07417" lon="7.1635">
        <ele>988.1</ele>
      </trkpt>
      <trkpt lat="44.07411" lon="7.16336">
        <ele>988.1</ele>
      </trkpt>
      <trkpt lat="44.0739" lon="7.16304">
        <ele>991.9</ele>
      </trkpt>
      <trkpt lat="44.07381" lon="7.16293">
        <ele>992.2</ele>
      </trkpt>
      <trkpt lat="44.07372" lon="7.16286">
        <ele>991.1</ele>
      </trkpt>
      <trkpt lat="44.07331" lon="7.16266">
        <ele>980.9</ele>
      </trkpt>
      <trkpt lat="44.07324" lon="7.1626">
        <ele>980.2</ele>
      </trkpt>
      <trkpt lat="44.07318" lon="7.1625">
        <ele>980.4</ele>
      </trkpt>
      <trkpt lat="44.07294" lon="7.16204">
        <ele>983.3</ele>
      </trkpt>
      <trkpt lat="44.07286" lon="7.16185">
        <ele>983.0</ele>
      </trkpt>
      <trkpt lat="44.07253" lon="7.16094">
        <ele>976.8</ele>
      </trkpt>
      <trkpt lat="44.07231" lon="7.16016">
        <ele>975.8</ele>
      </trkpt>
      <trkpt lat="44.07209" lon="7.15938">
        <ele>969.4</ele>
      </trkpt>
      <trkpt lat="44.07209" lon="7.15938">
        <ele>969.4</ele>
      </trkpt>
      <trkpt lat="44.07204" lon="7.1592">
        <ele>967.5</ele>
      </trkpt>
      <trkpt lat="44.07187" lon="7.15843">
        <ele>959.4</ele>
      </trkpt>
      <trkpt lat="44.07172" lon="7.15739">
        <ele>955.5</ele>
      </trkpt>
      <trkpt lat="44.07163" lon="7.15716">
        <ele>951.9</ele>
      </trkpt>
      <trkpt lat="44.07138" lon="7.15677">
        <ele>940.0</ele>
      </trkpt>
      <trkpt lat="44.07131" lon="7.15658">
        <ele>935.2</ele>
      </trkpt>
      <trkpt lat="44.0713" lon="7.15641">
        <ele>932.8</ele>
      </trkpt>
      <trkpt lat="44.07131" lon="7.15628">
        <ele>931.9</ele>
      </trkpt>
      <trkpt lat="44.07134" lon="7.15612">
        <ele>932.0</ele>
      </trkpt>
      <trkpt lat="44.07169" lon="7.15545">
        <ele>937.1</ele>
      </trkpt>
      <trkpt lat="44.07186" lon="7.15503">
        <ele>934.7</ele>
      </trkpt>
      <trkpt lat="44.07212" lon="7.15435">
        <ele>936.5</ele>
      </trkpt>
      <trkpt lat="44.07215" lon="7.15423">
        <ele>935.9</ele>
      </trkpt>
      <trkpt lat="44.07216" lon="7.15408">
        <ele>936.0</ele>
      </trkpt>
      <trkpt lat="44.07215" lon="7.15398">
        <ele>936.2</ele>
      </trkpt>
      <trkpt lat="44.07211" lon="7.15388">
        <ele>934.5</ele>
      </trkpt>
      <trkpt lat="44.07196" lon="7.15365">
        <ele>927.0</ele>
      </trkpt>
      <trkpt lat="44.07191" lon="7.15354">
        <ele>925.0</ele>
      </trkpt>
      <trkpt lat="44.0719" lon="7.1534">
        <ele>925.9</ele>
      </trkpt>
      <trkpt lat="44.07191" lon="7.15318">
        <ele>931.4</ele>
      </trkpt>
      <trkpt lat="44.07191" lon="7.15305">
        <ele>935.0</ele>
      </trkpt>
      <trkpt lat="44.07187" lon="7.15291">
        <ele>936.2</ele>
      </trkpt>
      <trkpt lat="44.07181" lon="7.1528">
        <ele>935.2</ele>
      </trkpt>
      <trkpt lat="44.07154" lon="7.15253">
        <ele>921.9</ele>
      </trkpt>
      <trkpt lat="44.07144" lon="7.1524">
        <ele>917.7</ele>
      </trkpt>
      <trkpt lat="44.07139" lon="7.15226">
        <ele>918.3</ele>
      </trkpt>
      <trkpt lat="44.07135" lon="7.15212">
        <ele>919.7</ele>
      </trkpt>
      <trkpt lat="44.07117" lon="7.15171">
        <ele>918.2</ele>
      </trkpt>
      <trkpt lat="44.07104" lon="7.15124">
        <ele>921.6</ele>
      </trkpt>
      <trkpt lat="44.07099" lon="7.15114">
        <ele>920.6</ele>
      </trkpt>
      <trkpt lat="44.07091" lon="7.15104">
        <ele>917.4</ele>
      </trkpt>
      <trkpt lat="44.07085" lon="7.15091">
        <ele>916.8</ele>
      </trkpt>
      <trkpt lat="44.07078" lon="7.15063">
        <ele>919.6</ele>
      </trkpt>
      <trkpt lat="44.07073" lon="7.15053">
        <ele>918.7</ele>
      </trkpt>
      <trkpt lat="44.07061" lon="7.1504">
        <ele>913.6</ele>
      </trkpt>
      <trkpt lat="44.07054" lon="7.15028">
        <ele>911.5</ele>
      </trkpt>
      <trkpt lat="44.07032" lon="7.14975">
        <ele>903.5</ele>
      </trkpt>
      <trkpt lat="44.07029" lon="7.14953">
        <ele>902.7</ele>
      </trkpt>
      <trkpt lat="44.07029" lon="7.14945">
        <ele>903.2</ele>
      </trkpt>
      <trkpt lat="44.07033" lon="7.14922">
        <ele>907.3</ele>
      </trkpt>
      <trkpt lat="44.07035" lon="7.14903">
        <ele>909.1</ele>
      </trkpt>
      <trkpt lat="44.07037" lon="7.14881">
        <ele>910.7</ele>
      </trkpt>
      <trkpt lat="44.07037" lon="7.14838">
        <ele>911.1</ele>
      </trkpt>
      <trkpt lat="44.07036" lon="7.14829">
        <ele>911.6</ele>
      </trkpt>
      <trkpt lat="44.07033" lon="7.14822">
        <ele>911.8</ele>
      </trkpt>
      <trkpt lat="44.07029" lon="7.14816">
        <ele>911.2</ele>
      </trkpt>
      <trkpt lat="44.06981" lon="7.14785">
        <ele>895.7</ele>
      </trkpt>
      <trkpt lat="44.06972" lon="7.14777">
        <ele>893.4</ele>
      </trkpt>
      <trkpt lat="44.06961" lon="7.14765">
        <ele>891.1</ele>
      </trkpt>
      <trkpt lat="44.06919" lon="7.14712">
        <ele>885.1</ele>
      </trkpt>
      <trkpt lat="44.06915" lon="7.14703">
        <ele>885.6</ele>
      </trkpt>
      <trkpt lat="44.06896" lon="7.14645">
        <ele>884.8</ele>
      </trkpt>
      <trkpt lat="44.06894" lon="7.14634">
        <ele>883.6</ele>
      </trkpt>
      <trkpt lat="44.06892" lon="7.14605">
        <ele>882.4</ele>
      </trkpt>
      <trkpt lat="44.06891" lon="7.14601">
        <ele>881.9</ele>
      </trkpt>
      <trkpt lat="44.06888" lon="7.14597">
        <ele>880.2</ele>
      </trkpt>
      <trkpt lat="44.06884" lon="7.14597">
        <ele>877.9</ele>
      </trkpt>
      <trkpt lat="44.06881" lon="7.14598">
        <ele>876.3</ele>
      </trkpt>
      <trkpt lat="44.06879" lon="7.14602">
        <ele>875.1</ele>
      </trkpt>
      <trkpt lat="44.06879" lon="7.14607">
        <ele>875.1</ele>
      </trkpt>
      <trkpt lat="44.06879" lon="7.14612">
        <ele>875.1</ele>
      </trkpt>
      <trkpt lat="44.06898" lon="7.14697">
        <ele>877.9</ele>
      </trkpt>
      <trkpt lat="44.06907" lon="7.14723">
        <ele>875.7</ele>
      </trkpt>
      <trkpt lat="44.06946" lon="7.14803">
        <ele>874.7</ele>
      </trkpt>
      <trkpt lat="44.06974" lon="7.14843">
        <ele>879.0</ele>
      </trkpt>
      <trkpt lat="44.06977" lon="7.14848">
        <ele>879.8</ele>
      </trkpt>
      <trkpt lat="44.06979" lon="7.14854">
        <ele>880.1</ele>
      </trkpt>
      <trkpt lat="44.0698" lon="7.14862">
        <ele>879.7</ele>
      </trkpt>
      <trkpt lat="44.06979" lon="7.14871">
        <ele>878.2</ele>
      </trkpt>
      <trkpt lat="44.0697" lon="7.14898">
        <ele>870.4</ele>
      </trkpt>
      <trkpt lat="44.06969" lon="7.14907">
        <ele>868.7</ele>
      </trkpt>
      <trkpt lat="44.0697" lon="7.14919">
        <ele>867.9</ele>
      </trkpt>
      <trkpt lat="44.06974" lon="7.14946">
        <ele>868.2</ele>
      </trkpt>
      <trkpt lat="44.06974" lon="7.14963">
        <ele>867.0</ele>
      </trkpt>
      <trkpt lat="44.06978" lon="7.14994">
        <ele>867.0</ele>
      </trkpt>
      <trkpt lat="44.06981" lon="7.15013">
        <ele>866.1</ele>
      </trkpt>
      <trkpt lat="44.06985" lon="7.15026">
        <ele>866.1</ele>
      </trkpt>
      <trkpt lat="44.06998" lon="7.15048">
        <ele>869.3</ele>
      </trkpt>
      <trkpt lat="44.06999" lon="7.15053">
        <ele>868.9</ele>
      </trkpt>
      <trkpt lat="44.07" lon="7.15059">
        <ele>868.4</ele>
      </trkpt>
      <trkpt lat="44.06998" lon="7.15062">
        <ele>866.8</ele>
      </trkpt>
      <trkpt lat="44.06995" lon="7.15064">
        <ele>864.9</ele>
      </trkpt>
      <trkpt lat="44.06989" lon="7.15064">
        <ele>861.8</ele>
      </trkpt>
      <trkpt lat="44.06987" lon="7.1506">
        <ele>861.4</ele>
      </trkpt>
      <trkpt lat="44.06985" lon="7.15053">
        <ele>861.6</ele>
      </trkpt>
      <trkpt lat="44.06981" lon="7.15038">
        <ele>862.0</ele>
      </trkpt>
      <trkpt lat="44.06962" lon="7.14981">
        <ele>858.9</ele>
      </trkpt>
      <trkpt lat="44.06959" lon="7.14958">
        <ele>858.9</ele>
      </trkpt>
      <trkpt lat="44.06956" lon="7.14946">
        <ele>858.1</ele>
      </trkpt>
      <trkpt lat="44.06949" lon="7.14928">
        <ele>855.4</ele>
      </trkpt>
      <trkpt lat="44.06943" lon="7.14895">
        <ele>856.3</ele>
      </trkpt>
      <trkpt lat="44.06941" lon="7.14886">
        <ele>856.7</ele>
      </trkpt>
      <trkpt lat="44.06938" lon="7.14878">
        <ele>856.4</ele>
      </trkpt>
      <trkpt lat="44.06923" lon="7.14861">
        <ele>851.8</ele>
      </trkpt>
      <trkpt lat="44.06895" lon="7.14811">
        <ele>850.3</ele>
      </trkpt>
      <trkpt lat="44.06854" lon="7.14724">
        <ele>847.8</ele>
      </trkpt>
      <trkpt lat="44.06816" lon="7.14645">
        <ele>841.8</ele>
      </trkpt>
      <trkpt lat="44.06811" lon="7.14627">
        <ele>840.6</ele>
      </trkpt>
      <trkpt lat="44.0681" lon="7.14619">
        <ele>840.6</ele>
      </trkpt>
      <trkpt lat="44.06811" lon="7.14589">
        <ele>842.3</ele>
      </trkpt>
      <trkpt lat="44.06809" lon="7.14584">
        <ele>841.8</ele>
      </trkpt>
      <trkpt lat="44.06807" lon="7.14581">
        <ele>841.4</ele>
      </trkpt>
      <trkpt lat="44.06801" lon="7.1458">
        <ele>839.5</ele>
      </trkpt>
      <trkpt lat="44.06799" lon="7.14582">
        <ele>838.6</ele>
      </trkpt>
      <trkpt lat="44.06796" lon="7.14587">
        <ele>837.3</ele>
      </trkpt>
      <trkpt lat="44.06794" lon="7.14594">
        <ele>836.2</ele>
      </trkpt>
      <trkpt lat="44.06793" lon="7.14607">
        <ele>835.1</ele>
      </trkpt>
      <trkpt lat="44.06793" lon="7.14628">
        <ele>833.8</ele>
      </trkpt>
      <trkpt lat="44.06798" lon="7.14653">
        <ele>834.3</ele>
      </trkpt>
      <trkpt lat="44.06798" lon="7.14685">
        <ele>831.3</ele>
      </trkpt>
      <trkpt lat="44.06798" lon="7.14695">
        <ele>830.0</ele>
      </trkpt>
      <trkpt lat="44.068" lon="7.14703">
        <ele>829.7</ele>
      </trkpt>
      <trkpt lat="44.06803" lon="7.14712">
        <ele>829.5</ele>
      </trkpt>
      <trkpt lat="44.06838" lon="7.14779">
        <ele>831.0</ele>
      </trkpt>
      <trkpt lat="44.0684" lon="7.14788">
        <ele>830.8</ele>
      </trkpt>
      <trkpt lat="44.0684" lon="7.14791">
        <ele>830.5</ele>
      </trkpt>
      <trkpt lat="44.06836" lon="7.14796">
        <ele>828.2</ele>
      </trkpt>
      <trkpt lat="44.06834" lon="7.14797">
        <ele>827.2</ele>
      </trkpt>
      <trkpt lat="44.06831" lon="7.14797">
        <ele>826.3</ele>
      </trkpt>
      <trkpt lat="44.06828" lon="7.14793">
        <ele>826.0</ele>
      </trkpt>
      <trkpt lat="44.06806" lon="7.14749">
        <ele>825.3</ele>
      </trkpt>
      <trkpt lat="44.06797" lon="7.14737">
        <ele>824.5</ele>
      </trkpt>
      <trkpt lat="44.06774" lon="7.14716">
        <ele>819.8</ele>
      </trkpt>
      <trkpt lat="44.06747" lon="7.14697">
        <ele>812.3</ele>
      </trkpt>
      <trkpt lat="44.06743" lon="7.14691">
        <ele>811.8</ele>
      </trkpt>
      <trkpt lat="44.0674" lon="7.14685">
        <ele>811.4</ele>
      </trkpt>
      <trkpt lat="44.06739" lon="7.14678">
        <ele>811.5</ele>
      </trkpt>
      <trkpt lat="44.0674" lon="7.14671">
        <ele>811.9</ele>
      </trkpt>
      <trkpt lat="44.06741" lon="7.14663">
        <ele>812.7</ele>
      </trkpt>
      <trkpt lat="44.06751" lon="7.14635">
        <ele>817.4</ele>
      </trkpt>
      <trkpt lat="44.06752" lon="7.14628">
        <ele>818.5</ele>
      </trkpt>
      <trkpt lat="44.06752" lon="7.14618">
        <ele>819.4</ele>
      </trkpt>
      <trkpt lat="44.06751" lon="7.14612">
        <ele>819.6</ele>
      </trkpt>
      <trkpt lat="44.06748" lon="7.14607">
        <ele>819.5</ele>
      </trkpt>
      <trkpt lat="44.06742" lon="7.146">
        <ele>819.7</ele>
      </trkpt>
      <trkpt lat="44.06737" lon="7.14598">
        <ele>819.5</ele>
      </trkpt>
      <trkpt lat="44.06731" lon="7.14597">
        <ele>819.1</ele>
      </trkpt>
      <trkpt lat="44.06726" lon="7.14598">
        <ele>818.6</ele>
      </trkpt>
      <trkpt lat="44.06721" lon="7.14601">
        <ele>817.8</ele>
      </trkpt>
      <trkpt lat="44.06708" lon="7.14621">
        <ele>813.4</ele>
      </trkpt>
      <trkpt lat="44.06704" lon="7.14623">
        <ele>812.5</ele>
      </trkpt>
      <trkpt lat="44.06699" lon="7.14624">
        <ele>811.8</ele>
      </trkpt>
      <trkpt lat="44.0668" lon="7.14621">
        <ele>810.0</ele>
      </trkpt>
      <trkpt lat="44.06664" lon="7.14625">
        <ele>807.1</ele>
      </trkpt>
      <trkpt lat="44.06653" lon="7.14625">
        <ele>805.5</ele>
      </trkpt>
      <trkpt lat="44.06642" lon="7.14622">
        <ele>804.5</ele>
      </trkpt>
      <trkpt lat="44.06599" lon="7.146">
        <ele>802.3</ele>
      </trkpt>
      <trkpt lat="44.06588" lon="7.14597">
        <ele>801.1</ele>
      </trkpt>
      <trkpt lat="44.06564" lon="7.14595">
        <ele>795.8</ele>
      </trkpt>
      <trkpt lat="44.06556" lon="7.14593">
        <ele>794.0</ele>
      </trkpt>
      <trkpt lat="44.06547" lon="7.14589">
        <ele>792.2</ele>
      </trkpt>
      <trkpt lat="44.0654" lon="7.14581">
        <ele>791.2</ele>
      </trkpt>
      <trkpt lat="44.06532" lon="7.14568">
        <ele>789.8</ele>
      </trkpt>
      <trkpt lat="44.06529" lon="7.14558">
        <ele>789.5</ele>
      </trkpt>
      <trkpt lat="44.06528" lon="7.14547">
        <ele>789.8</ele>
      </trkpt>
      <trkpt lat="44.06533" lon="7.14502">
        <ele>794.2</ele>
      </trkpt>
      <trkpt lat="44.06533" lon="7.14487">
        <ele>795.5</ele>
      </trkpt>
      <trkpt lat="44.06532" lon="7.14478">
        <ele>796.0</ele>
      </trkpt>
      <trkpt lat="44.06529" lon="7.14473">
        <ele>795.4</ele>
      </trkpt>
      <trkpt lat="44.06525" lon="7.14468">
        <ele>794.4</ele>
      </trkpt>
      <trkpt lat="44.06509" lon="7.14455">
        <ele>789.7</ele>
      </trkpt>
      <trkpt lat="44.06493" lon="7.14437">
        <ele>785.0</ele>
      </trkpt>
      <trkpt lat="44.06489" lon="7.14434">
        <ele>783.5</ele>
      </trkpt>
      <trkpt lat="44.06485" lon="7.14434">
        <ele>781.8</ele>
      </trkpt>
      <trkpt lat="44.06482" lon="7.14436">
        <ele>780.3</ele>
      </trkpt>
      <trkpt lat="44.06481" lon="7.14441">
        <ele>779.5</ele>
      </trkpt>
      <trkpt lat="44.0648" lon="7.14447">
        <ele>778.6</ele>
      </trkpt>
      <trkpt lat="44.06482" lon="7.14455">
        <ele>778.8</ele>
      </trkpt>
      <trkpt lat="44.06494" lon="7.14473">
        <ele>782.2</ele>
      </trkpt>
      <trkpt lat="44.06505" lon="7.14484">
        <ele>785.4</ele>
      </trkpt>
      <trkpt lat="44.06508" lon="7.14491">
        <ele>785.8</ele>
      </trkpt>
      <trkpt lat="44.06509" lon="7.14498">
        <ele>785.5</ele>
      </trkpt>
      <trkpt lat="44.06509" lon="7.14507">
        <ele>785.1</ele>
      </trkpt>
      <trkpt lat="44.06503" lon="7.14546">
        <ele>781.9</ele>
      </trkpt>
      <trkpt lat="44.065" lon="7.14567">
        <ele>780.4</ele>
      </trkpt>
      <trkpt lat="44.065" lon="7.1458">
        <ele>780.1</ele>
      </trkpt>
      <trkpt lat="44.06504" lon="7.14623">
        <ele>778.5</ele>
      </trkpt>
      <trkpt lat="44.06504" lon="7.14637">
        <ele>777.5</ele>
      </trkpt>
      <trkpt lat="44.06503" lon="7.14651">
        <ele>776.4</ele>
      </trkpt>
      <trkpt lat="44.06488" lon="7.14714">
        <ele>767.9</ele>
      </trkpt>
      <trkpt lat="44.06488" lon="7.14721">
        <ele>767.4</ele>
      </trkpt>
      <trkpt lat="44.06488" lon="7.14728">
        <ele>767.0</ele>
      </trkpt>
      <trkpt lat="44.06491" lon="7.14736">
        <ele>767.3</ele>
      </trkpt>
      <trkpt lat="44.06494" lon="7.14743">
        <ele>767.8</ele>
      </trkpt>
      <trkpt lat="44.06508" lon="7.14761">
        <ele>768.4</ele>
      </trkpt>
      <trkpt lat="44.0651" lon="7.14767">
        <ele>767.9</ele>
      </trkpt>
      <trkpt lat="44.06511" lon="7.14774">
        <ele>767.1</ele>
      </trkpt>
      <trkpt lat="44.0651" lon="7.1478">
        <ele>766.3</ele>
      </trkpt>
      <trkpt lat="44.06506" lon="7.14783">
        <ele>765.4</ele>
      </trkpt>
      <trkpt lat="44.06499" lon="7.14781">
        <ele>764.6</ele>
      </trkpt>
      <trkpt lat="44.06495" lon="7.14779">
        <ele>763.8</ele>
      </trkpt>
      <trkpt lat="44.06483" lon="7.14768">
        <ele>762.0</ele>
      </trkpt>
      <trkpt lat="44.06462" lon="7.14745">
        <ele>758.3</ele>
      </trkpt>
      <trkpt lat="44.06447" lon="7.14724">
        <ele>754.8</ele>
      </trkpt>
      <trkpt lat="44.06442" lon="7.14712">
        <ele>753.8</ele>
      </trkpt>
      <trkpt lat="44.06419" lon="7.14601">
        <ele>752.5</ele>
      </trkpt>
      <trkpt lat="44.06414" lon="7.14565">
        <ele>751.6</ele>
      </trkpt>
      <trkpt lat="44.06412" lon="7.14452">
        <ele>749.6</ele>
      </trkpt>
      <trkpt lat="44.06405" lon="7.14395">
        <ele>747.6</ele>
      </trkpt>
      <trkpt lat="44.06404" lon="7.14373">
        <ele>747.8</ele>
      </trkpt>
      <trkpt lat="44.06403" lon="7.14334">
        <ele>748.4</ele>
      </trkpt>
      <trkpt lat="44.06403" lon="7.14334">
        <ele>748.4</ele>
      </trkpt>
      <trkpt lat="44.06402" lon="7.14279">
        <ele>747.5</ele>
      </trkpt>
      <trkpt lat="44.06403" lon="7.14242">
        <ele>747.9</ele>
      </trkpt>
      <trkpt lat="44.06401" lon="7.14228">
        <ele>747.1</ele>
      </trkpt>
      <trkpt lat="44.06396" lon="7.14207">
        <ele>744.6</ele>
      </trkpt>
      <trkpt lat="44.06395" lon="7.14192">
        <ele>744.2</ele>
      </trkpt>
      <trkpt lat="44.06394" lon="7.14175">
        <ele>743.9</ele>
      </trkpt>
      <trkpt lat="44.06397" lon="7.14137">
        <ele>745.3</ele>
      </trkpt>
      <trkpt lat="44.06398" lon="7.14129">
        <ele>745.7</ele>
      </trkpt>
      <trkpt lat="44.06408" lon="7.1411">
        <ele>750.5</ele>
      </trkpt>
      <trkpt lat="44.0641" lon="7.14102">
        <ele>751.3</ele>
      </trkpt>
      <trkpt lat="44.0641" lon="7.14094">
        <ele>751.1</ele>
      </trkpt>
      <trkpt lat="44.0641" lon="7.14084">
        <ele>750.8</ele>
      </trkpt>
      <trkpt lat="44.06407" lon="7.14076">
        <ele>751.8</ele>
      </trkpt>
      <trkpt lat="44.06403" lon="7.14072">
        <ele>751.1</ele>
      </trkpt>
      <trkpt lat="44.0639" lon="7.14063">
        <ele>747.5</ele>
      </trkpt>
      <trkpt lat="44.06382" lon="7.14061">
        <ele>744.1</ele>
      </trkpt>
      <trkpt lat="44.0636" lon="7.14057">
        <ele>734.1</ele>
      </trkpt>
      <trkpt lat="44.06354" lon="7.14053">
        <ele>732.2</ele>
      </trkpt>
      <trkpt lat="44.06347" lon="7.14047">
        <ele>730.2</ele>
      </trkpt>
      <trkpt lat="44.06341" lon="7.14038">
        <ele>729.5</ele>
      </trkpt>
      <trkpt lat="44.06309" lon="7.13959">
        <ele>734.8</ele>
      </trkpt>
      <trkpt lat="44.06303" lon="7.13948">
        <ele>734.9</ele>
      </trkpt>
      <trkpt lat="44.06241" lon="7.13878">
        <ele>727.8</ele>
      </trkpt>
      <trkpt lat="44.06231" lon="7.13868">
        <ele>727.8</ele>
      </trkpt>
      <trkpt lat="44.06219" lon="7.13858">
        <ele>726.8</ele>
      </trkpt>
      <trkpt lat="44.06205" lon="7.13851">
        <ele>723.6</ele>
      </trkpt>
      <trkpt lat="44.06199" lon="7.13849">
        <ele>721.8</ele>
      </trkpt>
      <trkpt lat="44.06194" lon="7.13848">
        <ele>720.0</ele>
      </trkpt>
      <trkpt lat="44.06184" lon="7.13848">
        <ele>715.6</ele>
      </trkpt>
      <trkpt lat="44.06176" lon="7.13847">
        <ele>712.5</ele>
      </trkpt>
      <trkpt lat="44.06169" lon="7.13844">
        <ele>710.7</ele>
      </trkpt>
      <trkpt lat="44.06162" lon="7.13838">
        <ele>710.3</ele>
      </trkpt>
      <trkpt lat="44.06158" lon="7.13834">
        <ele>710.3</ele>
      </trkpt>
      <trkpt lat="44.06155" lon="7.13828">
        <ele>710.7</ele>
      </trkpt>
      <trkpt lat="44.06147" lon="7.13807">
        <ele>712.6</ele>
      </trkpt>
      <trkpt lat="44.06144" lon="7.13803">
        <ele>712.2</ele>
      </trkpt>
      <trkpt lat="44.06131" lon="7.13793">
        <ele>708.9</ele>
      </trkpt>
      <trkpt lat="44.06127" lon="7.13786">
        <ele>708.6</ele>
      </trkpt>
      <trkpt lat="44.06122" lon="7.13777">
        <ele>708.3</ele>
      </trkpt>
      <trkpt lat="44.06119" lon="7.13768">
        <ele>708.8</ele>
      </trkpt>
      <trkpt lat="44.06117" lon="7.13757">
        <ele>710.1</ele>
      </trkpt>
      <trkpt lat="44.06116" lon="7.13747">
        <ele>711.8</ele>
      </trkpt>
      <trkpt lat="44.06118" lon="7.13725">
        <ele>717.7</ele>
      </trkpt>
      <trkpt lat="44.06118" lon="7.13717">
        <ele>719.6</ele>
      </trkpt>
      <trkpt lat="44.06116" lon="7.1371">
        <ele>720.2</ele>
      </trkpt>
      <trkpt lat="44.06113" lon="7.13704">
        <ele>720.2</ele>
      </trkpt>
      <trkpt lat="44.06108" lon="7.13701">
        <ele>718.6</ele>
      </trkpt>
      <trkpt lat="44.06102" lon="7.13699">
        <ele>716.4</ele>
      </trkpt>
      <trkpt lat="44.06089" lon="7.137">
        <ele>710.2</ele>
      </trkpt>
      <trkpt lat="44.0608" lon="7.13698">
        <ele>706.5</ele>
      </trkpt>
      <trkpt lat="44.06071" lon="7.13692">
        <ele>703.6</ele>
      </trkpt>
      <trkpt lat="44.06036" lon="7.13657">
        <ele>696.1</ele>
      </trkpt>
      <trkpt lat="44.0603" lon="7.13647">
        <ele>697.2</ele>
      </trkpt>
      <trkpt lat="44.06027" lon="7.13637">
        <ele>699.8</ele>
      </trkpt>
      <trkpt lat="44.06025" lon="7.13607">
        <ele>711.2</ele>
      </trkpt>
      <trkpt lat="44.06021" lon="7.13597">
        <ele>713.4</ele>
      </trkpt>
      <trkpt lat="44.06017" lon="7.1359">
        <ele>714.4</ele>
      </trkpt>
      <trkpt lat="44.05998" lon="7.13575">
        <ele>711.0</ele>
      </trkpt>
      <trkpt lat="44.05992" lon="7.13571">
        <ele>709.9</ele>
      </trkpt>
      <trkpt lat="44.05986" lon="7.13569">
        <ele>708.1</ele>
      </trkpt>
      <trkpt lat="44.0598" lon="7.13569">
        <ele>705.7</ele>
      </trkpt>
      <trkpt lat="44.05961" lon="7.13572">
        <ele>696.9</ele>
      </trkpt>
      <trkpt lat="44.05956" lon="7.1357">
        <ele>695.5</ele>
      </trkpt>
      <trkpt lat="44.0595" lon="7.13566">
        <ele>694.4</ele>
      </trkpt>
      <trkpt lat="44.05945" lon="7.13561">
        <ele>694.1</ele>
      </trkpt>
      <trkpt lat="44.05941" lon="7.13555">
        <ele>694.5</ele>
      </trkpt>
      <trkpt lat="44.05937" lon="7.13547">
        <ele>695.5</ele>
      </trkpt>
      <trkpt lat="44.05933" lon="7.13527">
        <ele>700.6</ele>
      </trkpt>
      <trkpt lat="44.0593" lon="7.1352">
        <ele>701.7</ele>
      </trkpt>
      <trkpt lat="44.05926" lon="7.13514">
        <ele>702.1</ele>
      </trkpt>
      <trkpt lat="44.0592" lon="7.13509">
        <ele>701.3</ele>
      </trkpt>
      <trkpt lat="44.05894" lon="7.13495">
        <ele>697.7</ele>
      </trkpt>
      <trkpt lat="44.05842" lon="7.13476">
        <ele>689.3</ele>
      </trkpt>
      <trkpt lat="44.05836" lon="7.1347">
        <ele>690.3</ele>
      </trkpt>
      <trkpt lat="44.05816" lon="7.13442">
        <ele>696.9</ele>
      </trkpt>
      <trkpt lat="44.05813" lon="7.13439">
        <ele>697.3</ele>
      </trkpt>
      <trkpt lat="44.05809" lon="7.13436">
        <ele>697.3</ele>
      </trkpt>
      <trkpt lat="44.05803" lon="7.13435">
        <ele>695.7</ele>
      </trkpt>
      <trkpt lat="44.05799" lon="7.13435">
        <ele>694.3</ele>
      </trkpt>
      <trkpt lat="44.05789" lon="7.13438">
        <ele>689.5</ele>
      </trkpt>
      <trkpt lat="44.05784" lon="7.13438">
        <ele>687.7</ele>
      </trkpt>
      <trkpt lat="44.05755" lon="7.13432">
        <ele>680.6</ele>
      </trkpt>
      <trkpt lat="44.0575" lon="7.13429">
        <ele>680.2</ele>
      </trkpt>
      <trkpt lat="44.05746" lon="7.13424">
        <ele>681.7</ele>
      </trkpt>
      <trkpt lat="44.05735" lon="7.13405">
        <ele>690.4</ele>
      </trkpt>
      <trkpt lat="44.05731" lon="7.13401">
        <ele>692.1</ele>
      </trkpt>
      <trkpt lat="44.05726" lon="7.13399">
        <ele>692.2</ele>
      </trkpt>
      <trkpt lat="44.05722" lon="7.13399">
        <ele>691.3</ele>
      </trkpt>
      <trkpt lat="44.05708" lon="7.13403">
        <ele>685.6</ele>
      </trkpt>
      <trkpt lat="44.057" lon="7.13403">
        <ele>683.8</ele>
      </trkpt>
      <trkpt lat="44.05687" lon="7.134">
        <ele>682.8</ele>
      </trkpt>
      <trkpt lat="44.05672" lon="7.13395">
        <ele>682.5</ele>
      </trkpt>
      <trkpt lat="44.05653" lon="7.13391">
        <ele>682.3</ele>
      </trkpt>
      <trkpt lat="44.05618" lon="7.13391">
        <ele>678.6</ele>
      </trkpt>
      <trkpt lat="44.05585" lon="7.13393">
        <ele>673.6</ele>
      </trkpt>
      <trkpt lat="44.05574" lon="7.13397">
        <ele>670.3</ele>
      </trkpt>
      <trkpt lat="44.0556" lon="7.13393">
        <ele>673.3</ele>
      </trkpt>
      <trkpt lat="44.05555" lon="7.13393">
        <ele>673.3</ele>
      </trkpt>
      <trkpt lat="44.05548" lon="7.13393">
        <ele>673.2</ele>
      </trkpt>
      <trkpt lat="44.0554" lon="7.13397">
        <ele>670.3</ele>
      </trkpt>
      <trkpt lat="44.05524" lon="7.13407">
        <ele>663.2</ele>
      </trkpt>
      <trkpt lat="44.05521" lon="7.13408">
        <ele>662.5</ele>
      </trkpt>
      <trkpt lat="44.05516" lon="7.13408">
        <ele>662.6</ele>
      </trkpt>
      <trkpt lat="44.05512" lon="7.13405">
        <ele>664.7</ele>
      </trkpt>
      <trkpt lat="44.0549" lon="7.13381">
        <ele>680.0</ele>
      </trkpt>
      <trkpt lat="44.05484" lon="7.13377">
        <ele>682.2</ele>
      </trkpt>
      <trkpt lat="44.05477" lon="7.13375">
        <ele>682.9</ele>
      </trkpt>
      <trkpt lat="44.05468" lon="7.13374">
        <ele>682.8</ele>
      </trkpt>
      <trkpt lat="44.05445" lon="7.13376">
        <ele>679.3</ele>
      </trkpt>
      <trkpt lat="44.05439" lon="7.13377">
        <ele>678.1</ele>
      </trkpt>
      <trkpt lat="44.05412" lon="7.13391">
        <ele>665.1</ele>
      </trkpt>
      <trkpt lat="44.05406" lon="7.13391">
        <ele>663.6</ele>
      </trkpt>
      <trkpt lat="44.05396" lon="7.13389">
        <ele>662.7</ele>
      </trkpt>
      <trkpt lat="44.05367" lon="7.13376">
        <ele>665.7</ele>
      </trkpt>
      <trkpt lat="44.05332" lon="7.13357">
        <ele>673.1</ele>
      </trkpt>
      <trkpt lat="44.05326" lon="7.13355">
        <ele>673.9</ele>
      </trkpt>
      <trkpt lat="44.0532" lon="7.13355">
        <ele>673.1</ele>
      </trkpt>
      <trkpt lat="44.05296" lon="7.13361">
        <ele>665.3</ele>
      </trkpt>
      <trkpt lat="44.05288" lon="7.13361">
        <ele>664.3</ele>
      </trkpt>
      <trkpt lat="44.05258" lon="7.13351">
        <ele>667.9</ele>
      </trkpt>
      <trkpt lat="44.05253" lon="7.13352">
        <ele>666.5</ele>
      </trkpt>
      <trkpt lat="44.05248" lon="7.13355">
        <ele>663.5</ele>
      </trkpt>
      <trkpt lat="44.05237" lon="7.13367">
        <ele>653.1</ele>
      </trkpt>
      <trkpt lat="44.05229" lon="7.13372">
        <ele>648.5</ele>
      </trkpt>
      <trkpt lat="44.05186" lon="7.13383">
        <ele>635.9</ele>
      </trkpt>
      <trkpt lat="44.05179" lon="7.13384">
        <ele>634.6</ele>
      </trkpt>
      <trkpt lat="44.05163" lon="7.13379">
        <ele>635.4</ele>
      </trkpt>
      <trkpt lat="44.05143" lon="7.13367">
        <ele>637.9</ele>
      </trkpt>
      <trkpt lat="44.05132" lon="7.13361">
        <ele>638.5</ele>
      </trkpt>
      <trkpt lat="44.05124" lon="7.13358">
        <ele>638.2</ele>
      </trkpt>
      <trkpt lat="44.05115" lon="7.13357">
        <ele>636.5</ele>
      </trkpt>
      <trkpt lat="44.05106" lon="7.13358">
        <ele>633.8</ele>
      </trkpt>
      <trkpt lat="44.05086" lon="7.13361">
        <ele>627.7</ele>
      </trkpt>
      <trkpt lat="44.05077" lon="7.13359">
        <ele>624.6</ele>
      </trkpt>
      <trkpt lat="44.05069" lon="7.13356">
        <ele>621.6</ele>
      </trkpt>
      <trkpt lat="44.05062" lon="7.1335">
        <ele>620.2</ele>
      </trkpt>
      <trkpt lat="44.05055" lon="7.13342">
        <ele>619.4</ele>
      </trkpt>
      <trkpt lat="44.0505" lon="7.13333">
        <ele>619.9</ele>
      </trkpt>
      <trkpt lat="44.05025" lon="7.13256">
        <ele>634.8</ele>
      </trkpt>
      <trkpt lat="44.05021" lon="7.13247">
        <ele>636.2</ele>
      </trkpt>
      <trkpt lat="44.05016" lon="7.1324">
        <ele>636.5</ele>
      </trkpt>
      <trkpt lat="44.05011" lon="7.13235">
        <ele>636.1</ele>
      </trkpt>
      <trkpt lat="44.05005" lon="7.13233">
        <ele>634.0</ele>
      </trkpt>
      <trkpt lat="44.0498" lon="7.13228">
        <ele>626.3</ele>
      </trkpt>
      <trkpt lat="44.04973" lon="7.13225">
        <ele>625.8</ele>
      </trkpt>
      <trkpt lat="44.04947" lon="7.13208">
        <ele>631.7</ele>
      </trkpt>
      <trkpt lat="44.04935" lon="7.13203">
        <ele>633.9</ele>
      </trkpt>
      <trkpt lat="44.04921" lon="7.13203">
        <ele>631.3</ele>
      </trkpt>
      <trkpt lat="44.04886" lon="7.13211">
        <ele>594.7</ele>
      </trkpt>
      <trkpt lat="44.04879" lon="7.1321">
        <ele>589.4</ele>
      </trkpt>
      <trkpt lat="44.04872" lon="7.13206">
        <ele>586.5</ele>
      </trkpt>
      <trkpt lat="44.04865" lon="7.13199">
        <ele>585.5</ele>
      </trkpt>
      <trkpt lat="44.0486" lon="7.13193">
        <ele>585.1</ele>
      </trkpt>
      <trkpt lat="44.04856" lon="7.13186">
        <ele>586.0</ele>
      </trkpt>
      <trkpt lat="44.04842" lon="7.1313">
        <ele>583.7</ele>
      </trkpt>
      <trkpt lat="44.0484" lon="7.13115">
        <ele>582.0</ele>
      </trkpt>
      <trkpt lat="44.04841" lon="7.13104">
        <ele>583.2</ele>
      </trkpt>
      <trkpt lat="44.04866" lon="7.1306">
        <ele>583.3</ele>
      </trkpt>
      <trkpt lat="44.04875" lon="7.13052">
        <ele>583.0</ele>
      </trkpt>
      <trkpt lat="44.04926" lon="7.13015">
        <ele>585.2</ele>
      </trkpt>
      <trkpt lat="44.04941" lon="7.13013">
        <ele>595.8</ele>
      </trkpt>
      <trkpt lat="44.04952" lon="7.13007">
        <ele>599.8</ele>
      </trkpt>
      <trkpt lat="44.04959" lon="7.12995">
        <ele>596.0</ele>
      </trkpt>
      <trkpt lat="44.04968" lon="7.12986">
        <ele>596.3</ele>
      </trkpt>
      <trkpt lat="44.05007" lon="7.12971">
        <ele>612.2</ele>
      </trkpt>
      <trkpt lat="44.05032" lon="7.12949">
        <ele>602.9</ele>
      </trkpt>
      <trkpt lat="44.05051" lon="7.12936">
        <ele>601.6</ele>
      </trkpt>
      <trkpt lat="44.05088" lon="7.12915">
        <ele>599.3</ele>
      </trkpt>
      <trkpt lat="44.05104" lon="7.12905">
        <ele>598.3</ele>
      </trkpt>
      <trkpt lat="44.05111" lon="7.12893">
        <ele>597.7</ele>
      </trkpt>
      <trkpt lat="44.05118" lon="7.12864">
        <ele>583.0</ele>
      </trkpt>
      <trkpt lat="44.05126" lon="7.12845">
        <ele>575.7</ele>
      </trkpt>
      <trkpt lat="44.05142" lon="7.12825">
        <ele>574.1</ele>
      </trkpt>
      <trkpt lat="44.05151" lon="7.12806">
        <ele>569.6</ele>
      </trkpt>
      <trkpt lat="44.05156" lon="7.12784">
        <ele>560.7</ele>
      </trkpt>
      <trkpt lat="44.05161" lon="7.12776">
        <ele>559.6</ele>
      </trkpt>
      <trkpt lat="44.05177" lon="7.12764">
        <ele>561.6</ele>
      </trkpt>
      <trkpt lat="44.05183" lon="7.12756">
        <ele>559.8</ele>
      </trkpt>
      <trkpt lat="44.052" lon="7.12727">
        <ele>550.2</ele>
      </trkpt>
      <trkpt lat="44.0521" lon="7.12718">
        <ele>549.2</ele>
      </trkpt>
      <trkpt lat="44.05221" lon="7.12714">
        <ele>551.7</ele>
      </trkpt>
      <trkpt lat="44.05253" lon="7.12719">
        <ele>568.9</ele>
      </trkpt>
      <trkpt lat="44.05262" lon="7.12717">
        <ele>572.1</ele>
      </trkpt>
      <trkpt lat="44.05269" lon="7.12712">
        <ele>572.6</ele>
      </trkpt>
      <trkpt lat="44.05278" lon="7.12695">
        <ele>567.3</ele>
      </trkpt>
      <trkpt lat="44.05289" lon="7.12653">
        <ele>551.7</ele>
      </trkpt>
      <trkpt lat="44.05295" lon="7.12642">
        <ele>550.7</ele>
      </trkpt>
      <trkpt lat="44.05317" lon="7.12618">
        <ele>553.0</ele>
      </trkpt>
      <trkpt lat="44.05319" lon="7.12613">
        <ele>552.1</ele>
      </trkpt>
      <trkpt lat="44.0532" lon="7.12607">
        <ele>550.3</ele>
      </trkpt>
      <trkpt lat="44.05324" lon="7.12577">
        <ele>540.3</ele>
      </trkpt>
      <trkpt lat="44.05325" lon="7.12571">
        <ele>538.3</ele>
      </trkpt>
      <trkpt lat="44.05327" lon="7.12567">
        <ele>537.5</ele>
      </trkpt>
      <trkpt lat="44.05334" lon="7.12562">
        <ele>538.8</ele>
      </trkpt>
      <trkpt lat="44.05339" lon="7.1256">
        <ele>539.6</ele>
      </trkpt>
      <trkpt lat="44.05356" lon="7.12555">
        <ele>543.1</ele>
      </trkpt>
      <trkpt lat="44.05388" lon="7.1255">
        <ele>552.1</ele>
      </trkpt>
      <trkpt lat="44.05401" lon="7.12543">
        <ele>554.0</ele>
      </trkpt>
      <trkpt lat="44.05407" lon="7.12536">
        <ele>553.5</ele>
      </trkpt>
      <trkpt lat="44.05411" lon="7.12527">
        <ele>551.6</ele>
      </trkpt>
      <trkpt lat="44.05419" lon="7.12504">
        <ele>546.7</ele>
      </trkpt>
      <trkpt lat="44.05419" lon="7.12504">
        <ele>546.7</ele>
      </trkpt>
      <trkpt lat="44.05426" lon="7.12482">
        <ele>544.2</ele>
      </trkpt>
      <trkpt lat="44.05429" lon="7.12469">
        <ele>542.5</ele>
      </trkpt>
      <trkpt lat="44.05429" lon="7.12456">
        <ele>539.1</ele>
      </trkpt>
      <trkpt lat="44.05426" lon="7.1243">
        <ele>530.5</ele>
      </trkpt>
      <trkpt lat="44.05426" lon="7.12405">
        <ele>525.5</ele>
      </trkpt>
      <trkpt lat="44.05428" lon="7.12383">
        <ele>524.0</ele>
      </trkpt>
      <trkpt lat="44.0544" lon="7.12342">
        <ele>525.9</ele>
      </trkpt>
      <trkpt lat="44.05441" lon="7.12335">
        <ele>525.5</ele>
      </trkpt>
      <trkpt lat="44.05438" lon="7.12312">
        <ele>518.1</ele>
      </trkpt>
      <trkpt lat="44.05438" lon="7.123">
        <ele>515.0</ele>
      </trkpt>
      <trkpt lat="44.05439" lon="7.12289">
        <ele>512.8</ele>
      </trkpt>
      <trkpt lat="44.05442" lon="7.12277">
        <ele>511.6</ele>
      </trkpt>
      <trkpt lat="44.05446" lon="7.12263">
        <ele>510.6</ele>
      </trkpt>
      <trkpt lat="44.05455" lon="7.12248">
        <ele>512.7</ele>
      </trkpt>
      <trkpt lat="44.0546" lon="7.12233">
        <ele>511.6</ele>
      </trkpt>
      <trkpt lat="44.05468" lon="7.12207">
        <ele>511.5</ele>
      </trkpt>
      <trkpt lat="44.055" lon="7.12115">
        <ele>511.2</ele>
      </trkpt>
      <trkpt lat="44.05505" lon="7.12096">
        <ele>511.1</ele>
      </trkpt>
      <trkpt lat="44.05505" lon="7.12078">
        <ele>511.1</ele>
      </trkpt>
      <trkpt lat="44.05503" lon="7.1206">
        <ele>506.2</ele>
      </trkpt>
      <trkpt lat="44.05495" lon="7.12007">
        <ele>491.3</ele>
      </trkpt>
      <trkpt lat="44.05493" lon="7.11986">
        <ele>486.1</ele>
      </trkpt>
      <trkpt lat="44.05492" lon="7.11966">
        <ele>481.7</ele>
      </trkpt>
      <trkpt lat="44.05487" lon="7.11935">
        <ele>473.7</ele>
      </trkpt>
      <trkpt lat="44.05485" lon="7.11902">
        <ele>464.9</ele>
      </trkpt>
      <trkpt lat="44.05483" lon="7.11896">
        <ele>462.4</ele>
      </trkpt>
      <trkpt lat="44.0548" lon="7.11892">
        <ele>460.3</ele>
      </trkpt>
      <trkpt lat="44.05477" lon="7.11892">
        <ele>459.5</ele>
      </trkpt>
      <trkpt lat="44.05472" lon="7.11894">
        <ele>458.8</ele>
      </trkpt>
      <trkpt lat="44.0547" lon="7.11898">
        <ele>459.3</ele>
      </trkpt>
      <trkpt lat="44.05469" lon="7.11909">
        <ele>462.1</ele>
      </trkpt>
      <trkpt lat="44.0547" lon="7.11919">
        <ele>464.9</ele>
      </trkpt>
      <trkpt lat="44.05477" lon="7.11944">
        <ele>471.0</ele>
      </trkpt>
      <trkpt lat="44.0548" lon="7.11969">
        <ele>476.2</ele>
      </trkpt>
      <trkpt lat="44.05482" lon="7.1206">
        <ele>491.6</ele>
      </trkpt>
      <trkpt lat="44.05482" lon="7.12071">
        <ele>493.3</ele>
      </trkpt>
      <trkpt lat="44.05475" lon="7.12099">
        <ele>492.6</ele>
      </trkpt>
      <trkpt lat="44.05473" lon="7.1211">
        <ele>493.0</ele>
      </trkpt>
      <trkpt lat="44.05471" lon="7.12136">
        <ele>495.9</ele>
      </trkpt>
      <trkpt lat="44.0547" lon="7.1214">
        <ele>495.8</ele>
      </trkpt>
      <trkpt lat="44.05469" lon="7.12141">
        <ele>495.2</ele>
      </trkpt>
      <trkpt lat="44.05464" lon="7.12142">
        <ele>491.2</ele>
      </trkpt>
      <trkpt lat="44.05465" lon="7.12114">
        <ele>487.3</ele>
      </trkpt>
      <trkpt lat="44.05468" lon="7.12099">
        <ele>487.1</ele>
      </trkpt>
      <trkpt lat="44.05475" lon="7.1207">
        <ele>487.9</ele>
      </trkpt>
      <trkpt lat="44.05475" lon="7.12057">
        <ele>486.1</ele>
      </trkpt>
      <trkpt lat="44.05471" lon="7.12016">
        <ele>477.7</ele>
      </trkpt>
      <trkpt lat="44.0547" lon="7.12001">
        <ele>475.1</ele>
      </trkpt>
      <trkpt lat="44.0547" lon="7.11963">
        <ele>470.4</ele>
      </trkpt>
      <trkpt lat="44.05468" lon="7.11956">
        <ele>468.6</ele>
      </trkpt>
      <trkpt lat="44.05464" lon="7.11945">
        <ele>465.5</ele>
      </trkpt>
      <trkpt lat="44.05451" lon="7.11924">
        <ele>458.5</ele>
      </trkpt>
      <trkpt lat="44.05447" lon="7.11914">
        <ele>456.0</ele>
      </trkpt>
      <trkpt lat="44.05446" lon="7.11905">
        <ele>453.9</ele>
      </trkpt>
      <trkpt lat="44.05447" lon="7.11896">
        <ele>452.4</ele>
      </trkpt>
      <trkpt lat="44.05451" lon="7.11887">
        <ele>451.6</ele>
      </trkpt>
      <trkpt lat="44.05457" lon="7.11882">
        <ele>451.9</ele>
      </trkpt>
      <trkpt lat="44.05469" lon="7.11876">
        <ele>453.0</ele>
      </trkpt>
      <trkpt lat="44.05479" lon="7.11875">
        <ele>454.7</ele>
      </trkpt>
      <trkpt lat="44.0549" lon="7.11878">
        <ele>458.0</ele>
      </trkpt>
      <trkpt lat="44.055" lon="7.11885">
        <ele>462.8</ele>
      </trkpt>
      <trkpt lat="44.05516" lon="7.11906">
        <ele>471.2</ele>
      </trkpt>
      <trkpt lat="44.0553" lon="7.11918">
        <ele>476.2</ele>
      </trkpt>
      <trkpt lat="44.05553" lon="7.11933">
        <ele>483.5</ele>
      </trkpt>
      <trkpt lat="44.05568" lon="7.1194">
        <ele>488.5</ele>
      </trkpt>
      <trkpt lat="44.05577" lon="7.11943">
        <ele>491.3</ele>
      </trkpt>
      <trkpt lat="44.05585" lon="7.11941">
        <ele>491.5</ele>
      </trkpt>
      <trkpt lat="44.05593" lon="7.11937">
        <ele>491.3</ele>
      </trkpt>
      <trkpt lat="44.05607" lon="7.11926">
        <ele>488.2</ele>
      </trkpt>
      <trkpt lat="44.05625" lon="7.11901">
        <ele>477.7</ele>
      </trkpt>
      <trkpt lat="44.05635" lon="7.11889">
        <ele>472.2</ele>
      </trkpt>
      <trkpt lat="44.05641" lon="7.11884">
        <ele>469.9</ele>
      </trkpt>
      <trkpt lat="44.05647" lon="7.11882">
        <ele>469.3</ele>
      </trkpt>
      <trkpt lat="44.05654" lon="7.11883">
        <ele>470.8</ele>
      </trkpt>
      <trkpt lat="44.05678" lon="7.11896">
        <ele>484.5</ele>
      </trkpt>
      <trkpt lat="44.05687" lon="7.11898">
        <ele>488.5</ele>
      </trkpt>
      <trkpt lat="44.05708" lon="7.119">
        <ele>495.8</ele>
      </trkpt>
      <trkpt lat="44.05722" lon="7.11898">
        <ele>498.3</ele>
      </trkpt>
      <trkpt lat="44.05733" lon="7.11894">
        <ele>498.4</ele>
      </trkpt>
      <trkpt lat="44.05742" lon="7.11888">
        <ele>496.5</ele>
      </trkpt>
      <trkpt lat="44.0575" lon="7.11877">
        <ele>490.5</ele>
      </trkpt>
      <trkpt lat="44.05756" lon="7.11865">
        <ele>482.0</ele>
      </trkpt>
      <trkpt lat="44.05767" lon="7.11853">
        <ele>473.6</ele>
      </trkpt>
      <trkpt lat="44.05777" lon="7.11846">
        <ele>468.9</ele>
      </trkpt>
      <trkpt lat="44.05788" lon="7.11841">
        <ele>465.7</ele>
      </trkpt>
      <trkpt lat="44.058" lon="7.11842">
        <ele>467.1</ele>
      </trkpt>
      <trkpt lat="44.05829" lon="7.1186">
        <ele>482.9</ele>
      </trkpt>
      <trkpt lat="44.05839" lon="7.11864">
        <ele>487.2</ele>
      </trkpt>
      <trkpt lat="44.05852" lon="7.11866">
        <ele>490.7</ele>
      </trkpt>
      <trkpt lat="44.05864" lon="7.11863">
        <ele>490.2</ele>
      </trkpt>
      <trkpt lat="44.05883" lon="7.11855">
        <ele>487.3</ele>
      </trkpt>
      <trkpt lat="44.05913" lon="7.1183">
        <ele>475.8</ele>
      </trkpt>
      <trkpt lat="44.05923" lon="7.11827">
        <ele>477.0</ele>
      </trkpt>
      <trkpt lat="44.0595" lon="7.11824">
        <ele>483.9</ele>
      </trkpt>
      <trkpt lat="44.05958" lon="7.11819">
        <ele>483.6</ele>
      </trkpt>
      <trkpt lat="44.05971" lon="7.11804">
        <ele>478.9</ele>
      </trkpt>
      <trkpt lat="44.05983" lon="7.11786">
        <ele>471.5</ele>
      </trkpt>
      <trkpt lat="44.0599" lon="7.11778">
        <ele>468.3</ele>
      </trkpt>
      <trkpt lat="44.05999" lon="7.11773">
        <ele>467.1</ele>
      </trkpt>
      <trkpt lat="44.06062" lon="7.11768">
        <ele>472.5</ele>
      </trkpt>
      <trkpt lat="44.06074" lon="7.11769">
        <ele>474.8</ele>
      </trkpt>
      <trkpt lat="44.06083" lon="7.11775">
        <ele>480.1</ele>
      </trkpt>
      <trkpt lat="44.06086" lon="7.11778">
        <ele>481.7</ele>
      </trkpt>
      <trkpt lat="44.0611" lon="7.118">
        <ele>492.1</ele>
      </trkpt>
      <trkpt lat="44.06117" lon="7.11804">
        <ele>493.3</ele>
      </trkpt>
      <trkpt lat="44.06125" lon="7.11805">
        <ele>492.3</ele>
      </trkpt>
      <trkpt lat="44.06135" lon="7.11803">
        <ele>489.1</ele>
      </trkpt>
      <trkpt lat="44.06155" lon="7.11796">
        <ele>481.1</ele>
      </trkpt>
      <trkpt lat="44.06163" lon="7.11795">
        <ele>479.1</ele>
      </trkpt>
      <trkpt lat="44.06173" lon="7.11796">
        <ele>481.0</ele>
      </trkpt>
      <trkpt lat="44.06192" lon="7.11801">
        <ele>489.9</ele>
      </trkpt>
      <trkpt lat="44.06201" lon="7.11799">
        <ele>491.7</ele>
      </trkpt>
      <trkpt lat="44.06211" lon="7.11791">
        <ele>490.5</ele>
      </trkpt>
      <trkpt lat="44.06241" lon="7.11741">
        <ele>474.9</ele>
      </trkpt>
      <trkpt lat="44.06251" lon="7.1172">
        <ele>470.4</ele>
      </trkpt>
      <trkpt lat="44.06257" lon="7.1171">
        <ele>467.6</ele>
      </trkpt>
      <trkpt lat="44.06261" lon="7.11704">
        <ele>465.9</ele>
      </trkpt>
      <trkpt lat="44.06268" lon="7.11702">
        <ele>466.1</ele>
      </trkpt>
      <trkpt lat="44.06276" lon="7.11702">
        <ele>467.1</ele>
      </trkpt>
      <trkpt lat="44.06296" lon="7.11716">
        <ele>476.2</ele>
      </trkpt>
      <trkpt lat="44.06306" lon="7.11719">
        <ele>479.3</ele>
      </trkpt>
      <trkpt lat="44.06336" lon="7.11717">
        <ele>482.8</ele>
      </trkpt>
      <trkpt lat="44.06359" lon="7.11712">
        <ele>480.5</ele>
      </trkpt>
      <trkpt lat="44.06371" lon="7.1171">
        <ele>479.7</ele>
      </trkpt>
      <trkpt lat="44.06381" lon="7.11712">
        <ele>480.8</ele>
      </trkpt>
      <trkpt lat="44.06413" lon="7.11722">
        <ele>485.3</ele>
      </trkpt>
      <trkpt lat="44.06426" lon="7.11727">
        <ele>490.1</ele>
      </trkpt>
      <trkpt lat="44.06437" lon="7.11728">
        <ele>493.8</ele>
      </trkpt>
      <trkpt lat="44.06444" lon="7.11726">
        <ele>495.4</ele>
      </trkpt>
      <trkpt lat="44.0645" lon="7.11721">
        <ele>495.8</ele>
      </trkpt>
      <trkpt lat="44.06454" lon="7.11715">
        <ele>495.4</ele>
      </trkpt>
      <trkpt lat="44.06459" lon="7.11708">
        <ele>495.2</ele>
      </trkpt>
      <trkpt lat="44.06461" lon="7.11696">
        <ele>492.6</ele>
      </trkpt>
      <trkpt lat="44.06461" lon="7.11678">
        <ele>487.8</ele>
      </trkpt>
      <trkpt lat="44.06455" lon="7.11648">
        <ele>478.8</ele>
      </trkpt>
      <trkpt lat="44.06456" lon="7.11635">
        <ele>477.1</ele>
      </trkpt>
      <trkpt lat="44.0646" lon="7.11624">
        <ele>477.1</ele>
      </trkpt>
      <trkpt lat="44.06474" lon="7.11601">
        <ele>479.5</ele>
      </trkpt>
      <trkpt lat="44.0648" lon="7.11584">
        <ele>479.2</ele>
      </trkpt>
      <trkpt lat="44.06485" lon="7.11558">
        <ele>475.7</ele>
      </trkpt>
      <trkpt lat="44.06493" lon="7.11541">
        <ele>474.8</ele>
      </trkpt>
      <trkpt lat="44.06498" lon="7.1153">
        <ele>473.9</ele>
      </trkpt>
      <trkpt lat="44.06515" lon="7.11464">
        <ele>463.2</ele>
      </trkpt>
      <trkpt lat="44.0652" lon="7.11456">
        <ele>462.2</ele>
      </trkpt>
      <trkpt lat="44.06526" lon="7.11451">
        <ele>461.8</ele>
      </trkpt>
      <trkpt lat="44.06532" lon="7.11448">
        <ele>461.8</ele>
      </trkpt>
      <trkpt lat="44.06594" lon="7.11462">
        <ele>475.2</ele>
      </trkpt>
      <trkpt lat="44.06606" lon="7.11468">
        <ele>478.8</ele>
      </trkpt>
      <trkpt lat="44.06616" lon="7.11476">
        <ele>483.5</ele>
      </trkpt>
      <trkpt lat="44.0663" lon="7.11492">
        <ele>493.0</ele>
      </trkpt>
      <trkpt lat="44.06636" lon="7.11495">
        <ele>495.3</ele>
      </trkpt>
      <trkpt lat="44.06641" lon="7.11497">
        <ele>497.0</ele>
      </trkpt>
      <trkpt lat="44.06645" lon="7.11496">
        <ele>497.0</ele>
      </trkpt>
      <trkpt lat="44.06666" lon="7.1148">
        <ele>490.2</ele>
      </trkpt>
      <trkpt lat="44.06673" lon="7.11478">
        <ele>489.7</ele>
      </trkpt>
      <trkpt lat="44.06701" lon="7.11479">
        <ele>493.2</ele>
      </trkpt>
      <trkpt lat="44.06713" lon="7.11475">
        <ele>492.1</ele>
      </trkpt>
      <trkpt lat="44.06725" lon="7.1147">
        <ele>490.5</ele>
      </trkpt>
      <trkpt lat="44.06803" lon="7.11426">
        <ele>492.2</ele>
      </trkpt>
      <trkpt lat="44.06813" lon="7.11415">
        <ele>492.1</ele>
      </trkpt>
      <trkpt lat="44.06821" lon="7.11403">
        <ele>492.7</ele>
      </trkpt>
      <trkpt lat="44.06827" lon="7.11385">
        <ele>490.6</ele>
      </trkpt>
      <trkpt lat="44.06857" lon="7.11276">
        <ele>488.3</ele>
      </trkpt>
      <trkpt lat="44.06871" lon="7.11202">
        <ele>481.8</ele>
      </trkpt>
      <trkpt lat="44.06876" lon="7.11187">
        <ele>480.5</ele>
      </trkpt>
      <trkpt lat="44.06884" lon="7.11178">
        <ele>482.1</ele>
      </trkpt>
      <trkpt lat="44.06895" lon="7.11168">
        <ele>484.3</ele>
      </trkpt>
      <trkpt lat="44.06936" lon="7.11142">
        <ele>495.0</ele>
      </trkpt>
      <trkpt lat="44.06946" lon="7.11131">
        <ele>495.3</ele>
      </trkpt>
      <trkpt lat="44.06955" lon="7.11117">
        <ele>492.8</ele>
      </trkpt>
      <trkpt lat="44.06974" lon="7.11083">
        <ele>482.7</ele>
      </trkpt>
      <trkpt lat="44.06985" lon="7.11071">
        <ele>483.4</ele>
      </trkpt>
      <trkpt lat="44.06995" lon="7.11061">
        <ele>483.1</ele>
      </trkpt>
      <trkpt lat="44.07033" lon="7.11038">
        <ele>489.3</ele>
      </trkpt>
      <trkpt lat="44.07057" lon="7.1102">
        <ele>489.2</ele>
      </trkpt>
      <trkpt lat="44.07113" lon="7.10966">
        <ele>477.7</ele>
      </trkpt>
      <trkpt lat="44.07126" lon="7.10958">
        <ele>476.0</ele>
      </trkpt>
      <trkpt lat="44.07139" lon="7.10955">
        <ele>476.0</ele>
      </trkpt>
      <trkpt lat="44.07151" lon="7.10954">
        <ele>476.7</ele>
      </trkpt>
      <trkpt lat="44.07197" lon="7.1096">
        <ele>480.7</ele>
      </trkpt>
      <trkpt lat="44.07243" lon="7.10967">
        <ele>483.0</ele>
      </trkpt>
      <trkpt lat="44.07271" lon="7.10968">
        <ele>482.4</ele>
      </trkpt>
      <trkpt lat="44.07289" lon="7.10967">
        <ele>481.4</ele>
      </trkpt>
      <trkpt lat="44.07312" lon="7.10964">
        <ele>479.7</ele>
      </trkpt>
      <trkpt lat="44.07326" lon="7.1096">
        <ele>478.2</ele>
      </trkpt>
      <trkpt lat="44.07346" lon="7.10954">
        <ele>479.8</ele>
      </trkpt>
      <trkpt lat="44.07371" lon="7.10944">
        <ele>483.4</ele>
      </trkpt>
      <trkpt lat="44.07431" lon="7.10913">
        <ele>489.1</ele>
      </trkpt>
      <trkpt lat="44.07459" lon="7.10895">
        <ele>493.8</ele>
      </trkpt>
      <trkpt lat="44.07491" lon="7.1086">
        <ele>487.9</ele>
      </trkpt>
      <trkpt lat="44.07517" lon="7.10842">
        <ele>488.6</ele>
      </trkpt>
      <trkpt lat="44.07536" lon="7.10822">
        <ele>490.2</ele>
      </trkpt>
      <trkpt lat="44.07554" lon="7.10807">
        <ele>492.9</ele>
      </trkpt>
      <trkpt lat="44.07577" lon="7.10794">
        <ele>495.3</ele>
      </trkpt>
      <trkpt lat="44.07596" lon="7.10779">
        <ele>497.0</ele>
      </trkpt>
      <trkpt lat="44.07608" lon="7.10764">
        <ele>496.3</ele>
      </trkpt>
      <trkpt lat="44.07608" lon="7.10764">
        <ele>496.3</ele>
      </trkpt>
      <trkpt lat="44.07616" lon="7.10755">
        <ele>496.2</ele>
      </trkpt>
      <trkpt lat="44.07647" lon="7.10706">
        <ele>495.3</ele>
      </trkpt>
      <trkpt lat="44.07686" lon="7.10648">
        <ele>496.3</ele>
      </trkpt>
      <trkpt lat="44.077" lon="7.10619">
        <ele>497.5</ele>
      </trkpt>
      <trkpt lat="44.07732" lon="7.10539">
        <ele>489.2</ele>
      </trkpt>
      <trkpt lat="44.07748" lon="7.10517">
        <ele>485.2</ele>
      </trkpt>
      <trkpt lat="44.07768" lon="7.10495">
        <ele>481.0</ele>
      </trkpt>
      <trkpt lat="44.07775" lon="7.10488">
        <ele>481.3</ele>
      </trkpt>
      <trkpt lat="44.07782" lon="7.10484">
        <ele>481.7</ele>
      </trkpt>
      <trkpt lat="44.0779" lon="7.10483">
        <ele>482.4</ele>
      </trkpt>
      <trkpt lat="44.07798" lon="7.10484">
        <ele>483.3</ele>
      </trkpt>
      <trkpt lat="44.07822" lon="7.10493">
        <ele>487.3</ele>
      </trkpt>
      <trkpt lat="44.07841" lon="7.10501">
        <ele>491.0</ele>
      </trkpt>
      <trkpt lat="44.07856" lon="7.10507">
        <ele>496.3</ele>
      </trkpt>
      <trkpt lat="44.07871" lon="7.1051">
        <ele>499.0</ele>
      </trkpt>
      <trkpt lat="44.07912" lon="7.10513">
        <ele>502.2</ele>
      </trkpt>
      <trkpt lat="44.0796" lon="7.10528">
        <ele>499.7</ele>
      </trkpt>
      <trkpt lat="44.07968" lon="7.10532">
        <ele>498.9</ele>
      </trkpt>
      <trkpt lat="44.07982" lon="7.10544">
        <ele>498.4</ele>
      </trkpt>
      <trkpt lat="44.07988" lon="7.10551">
        <ele>498.2</ele>
      </trkpt>
      <trkpt lat="44.07994" lon="7.10561">
        <ele>498.4</ele>
      </trkpt>
      <trkpt lat="44.08021" lon="7.1063">
        <ele>518.8</ele>
      </trkpt>
      <trkpt lat="44.08026" lon="7.1064">
        <ele>521.5</ele>
      </trkpt>
      <trkpt lat="44.08033" lon="7.10649">
        <ele>522.3</ele>
      </trkpt>
      <trkpt lat="44.0804" lon="7.10657">
        <ele>522.3</ele>
      </trkpt>
      <trkpt lat="44.08058" lon="7.10669">
        <ele>517.2</ele>
      </trkpt>
      <trkpt lat="44.08103" lon="7.10686">
        <ele>512.1</ele>
      </trkpt>
      <trkpt lat="44.0811" lon="7.10686">
        <ele>512.3</ele>
      </trkpt>
      <trkpt lat="44.08119" lon="7.10685">
        <ele>512.2</ele>
      </trkpt>
      <trkpt lat="44.0818" lon="7.10648">
        <ele>502.0</ele>
      </trkpt>
      <trkpt lat="44.08218" lon="7.1062">
        <ele>500.3</ele>
      </trkpt>
      <trkpt lat="44.08227" lon="7.10613">
        <ele>500.0</ele>
      </trkpt>
      <trkpt lat="44.08304" lon="7.10553">
        <ele>496.7</ele>
      </trkpt>
      <trkpt lat="44.08382" lon="7.10493">
        <ele>492.4</ele>
      </trkpt>
      <trkpt lat="44.08386" lon="7.10491">
        <ele>492.2</ele>
      </trkpt>
      <trkpt lat="44.08391" lon="7.1049">
        <ele>492.2</ele>
      </trkpt>
      <trkpt lat="44.08399" lon="7.10489">
        <ele>492.1</ele>
      </trkpt>
      <trkpt lat="44.08404" lon="7.10492">
        <ele>492.3</ele>
      </trkpt>
      <trkpt lat="44.0841" lon="7.10501">
        <ele>493.2</ele>
      </trkpt>
      <trkpt lat="44.08425" lon="7.10542">
        <ele>501.0</ele>
      </trkpt>
      <trkpt lat="44.08433" lon="7.10563">
        <ele>503.8</ele>
      </trkpt>
      <trkpt lat="44.0844" lon="7.10591">
        <ele>509.6</ele>
      </trkpt>
      <trkpt lat="44.08447" lon="7.10604">
        <ele>514.0</ele>
      </trkpt>
      <trkpt lat="44.08453" lon="7.10613">
        <ele>516.5</ele>
      </trkpt>
      <trkpt lat="44.08461" lon="7.1062">
        <ele>517.3</ele>
      </trkpt>
      <trkpt lat="44.08471" lon="7.10625">
        <ele>516.4</ele>
      </trkpt>
      <trkpt lat="44.08482" lon="7.10628">
        <ele>514.2</ele>
      </trkpt>
      <trkpt lat="44.08525" lon="7.10629">
        <ele>513.2</ele>
      </trkpt>
      <trkpt lat="44.0855" lon="7.10628">
        <ele>517.1</ele>
      </trkpt>
      <trkpt lat="44.08566" lon="7.10623">
        <ele>517.1</ele>
      </trkpt>
      <trkpt lat="44.08596" lon="7.10612">
        <ele>514.9</ele>
      </trkpt>
      <trkpt lat="44.08663" lon="7.10608">
        <ele>519.9</ele>
      </trkpt>
      <trkpt lat="44.08696" lon="7.10614">
        <ele>517.8</ele>
      </trkpt>
      <trkpt lat="44.08702" lon="7.10616">
        <ele>517.4</ele>
      </trkpt>
      <trkpt lat="44.08708" lon="7.10623">
        <ele>518.8</ele>
      </trkpt>
      <trkpt lat="44.08715" lon="7.10633">
        <ele>520.7</ele>
      </trkpt>
      <trkpt lat="44.08723" lon="7.10659">
        <ele>526.6</ele>
      </trkpt>
      <trkpt lat="44.08728" lon="7.10669">
        <ele>528.0</ele>
      </trkpt>
      <trkpt lat="44.08764" lon="7.10716">
        <ele>536.5</ele>
      </trkpt>
      <trkpt lat="44.08775" lon="7.10729">
        <ele>539.4</ele>
      </trkpt>
      <trkpt lat="44.08785" lon="7.10737">
        <ele>540.2</ele>
      </trkpt>
      <trkpt lat="44.08797" lon="7.10744">
        <ele>540.0</ele>
      </trkpt>
      <trkpt lat="44.08815" lon="7.10749">
        <ele>537.3</ele>
      </trkpt>
      <trkpt lat="44.08838" lon="7.10758">
        <ele>537.6</ele>
      </trkpt>
      <trkpt lat="44.0887" lon="7.10768">
        <ele>544.6</ele>
      </trkpt>
      <trkpt lat="44.08886" lon="7.10772">
        <ele>547.5</ele>
      </trkpt>
      <trkpt lat="44.0891" lon="7.10772">
        <ele>547.1</ele>
      </trkpt>
      <trkpt lat="44.08923" lon="7.1077">
        <ele>546.9</ele>
      </trkpt>
      <trkpt lat="44.08936" lon="7.10767">
        <ele>546.7</ele>
      </trkpt>
      <trkpt lat="44.08999" lon="7.10748">
        <ele>545.7</ele>
      </trkpt>
      <trkpt lat="44.09013" lon="7.10746">
        <ele>545.5</ele>
      </trkpt>
      <trkpt lat="44.09019" lon="7.10747">
        <ele>545.5</ele>
      </trkpt>
      <trkpt lat="44.09041" lon="7.10755">
        <ele>544.1</ele>
      </trkpt>
      <trkpt lat="44.09063" lon="7.10769">
        <ele>547.0</ele>
      </trkpt>
      <trkpt lat="44.09079" lon="7.10777">
        <ele>548.3</ele>
      </trkpt>
      <trkpt lat="44.0909" lon="7.1078">
        <ele>550.6</ele>
      </trkpt>
      <trkpt lat="44.09101" lon="7.10777">
        <ele>551.3</ele>
      </trkpt>
      <trkpt lat="44.09122" lon="7.10764">
        <ele>548.8</ele>
      </trkpt>
      <trkpt lat="44.09169" lon="7.10743">
        <ele>549.4</ele>
      </trkpt>
      <trkpt lat="44.09217" lon="7.10722">
        <ele>557.4</ele>
      </trkpt>
      <trkpt lat="44.09264" lon="7.10697">
        <ele>559.4</ele>
      </trkpt>
      <trkpt lat="44.0931" lon="7.10672">
        <ele>557.1</ele>
      </trkpt>
      <trkpt lat="44.09327" lon="7.10665">
        <ele>557.0</ele>
      </trkpt>
      <trkpt lat="44.09377" lon="7.10652">
        <ele>567.3</ele>
      </trkpt>
      <trkpt lat="44.09418" lon="7.10642">
        <ele>573.4</ele>
      </trkpt>
      <trkpt lat="44.09418" lon="7.10642">
        <ele>573.4</ele>
      </trkpt>
      <trkpt lat="44.09478" lon="7.10628">
        <ele>573.1</ele>
      </trkpt>
      <trkpt lat="44.09495" lon="7.10627">
        <ele>574.9</ele>
      </trkpt>
      <trkpt lat="44.09529" lon="7.10628">
        <ele>582.4</ele>
      </trkpt>
      <trkpt lat="44.09543" lon="7.10626">
        <ele>584.3</ele>
      </trkpt>
      <trkpt lat="44.09557" lon="7.10621">
        <ele>584.6</ele>
      </trkpt>
      <trkpt lat="44.0957" lon="7.10612">
        <ele>582.3</ele>
      </trkpt>
      <trkpt lat="44.09607" lon="7.10582">
        <ele>583.1</ele>
      </trkpt>
      <trkpt lat="44.09616" lon="7.10568">
        <ele>583.4</ele>
      </trkpt>
      <trkpt lat="44.09633" lon="7.1053">
        <ele>576.7</ele>
      </trkpt>
      <trkpt lat="44.09643" lon="7.10515">
        <ele>573.9</ele>
      </trkpt>
      <trkpt lat="44.09653" lon="7.10503">
        <ele>571.4</ele>
      </trkpt>
      <trkpt lat="44.09664" lon="7.10494">
        <ele>571.7</ele>
      </trkpt>
      <trkpt lat="44.09676" lon="7.10487">
        <ele>574.9</ele>
      </trkpt>
      <trkpt lat="44.09751" lon="7.10457">
        <ele>589.5</ele>
      </trkpt>
      <trkpt lat="44.09762" lon="7.10451">
        <ele>590.1</ele>
      </trkpt>
      <trkpt lat="44.09771" lon="7.10444">
        <ele>589.2</ele>
      </trkpt>
      <trkpt lat="44.09802" lon="7.1041">
        <ele>581.8</ele>
      </trkpt>
      <trkpt lat="44.09831" lon="7.10383">
        <ele>580.5</ele>
      </trkpt>
      <trkpt lat="44.09843" lon="7.10375">
        <ele>579.9</ele>
      </trkpt>
      <trkpt lat="44.09857" lon="7.10369">
        <ele>580.8</ele>
      </trkpt>
      <trkpt lat="44.09873" lon="7.10366">
        <ele>583.8</ele>
      </trkpt>
      <trkpt lat="44.0993" lon="7.10365">
        <ele>597.6</ele>
      </trkpt>
      <trkpt lat="44.09968" lon="7.10358">
        <ele>599.0</ele>
      </trkpt>
      <trkpt lat="44.1001" lon="7.10346">
        <ele>598.5</ele>
      </trkpt>
      <trkpt lat="44.10066" lon="7.10335">
        <ele>603.4</ele>
      </trkpt>
      <trkpt lat="44.10121" lon="7.10324">
        <ele>608.4</ele>
      </trkpt>
      <trkpt lat="44.1018" lon="7.10311">
        <ele>609.7</ele>
      </trkpt>
      <trkpt lat="44.1024" lon="7.10298">
        <ele>608.7</ele>
      </trkpt>
      <trkpt lat="44.1031" lon="7.10279">
        <ele>610.7</ele>
      </trkpt>
      <trkpt lat="44.10381" lon="7.1026">
        <ele>611.4</ele>
      </trkpt>
      <trkpt lat="44.10407" lon="7.10249">
        <ele>608.4</ele>
      </trkpt>
      <trkpt lat="44.10443" lon="7.10224">
        <ele>608.4</ele>
      </trkpt>
      <trkpt lat="44.10462" lon="7.10216">
        <ele>609.6</ele>
      </trkpt>
      <trkpt lat="44.10495" lon="7.10209">
        <ele>613.3</ele>
      </trkpt>
      <trkpt lat="44.10572" lon="7.1019">
        <ele>610.4</ele>
      </trkpt>
      <trkpt lat="44.10596" lon="7.10187">
        <ele>609.3</ele>
      </trkpt>
      <trkpt lat="44.10614" lon="7.10189">
        <ele>610.9</ele>
      </trkpt>
      <trkpt lat="44.10633" lon="7.10196">
        <ele>616.1</ele>
      </trkpt>
      <trkpt lat="44.10658" lon="7.10207">
        <ele>623.4</ele>
      </trkpt>
      <trkpt lat="44.10674" lon="7.10211">
        <ele>625.6</ele>
      </trkpt>
      <trkpt lat="44.10692" lon="7.10211">
        <ele>624.9</ele>
      </trkpt>
      <trkpt lat="44.10738" lon="7.10209">
        <ele>621.8</ele>
      </trkpt>
      <trkpt lat="44.10785" lon="7.10206">
        <ele>624.1</ele>
      </trkpt>
      <trkpt lat="44.10808" lon="7.10201">
        <ele>624.3</ele>
      </trkpt>
      <trkpt lat="44.10841" lon="7.10191">
        <ele>624.7</ele>
      </trkpt>
      <trkpt lat="44.10856" lon="7.10182">
        <ele>624.2</ele>
      </trkpt>
      <trkpt lat="44.10871" lon="7.10171">
        <ele>622.6</ele>
      </trkpt>
      <trkpt lat="44.10884" lon="7.10158">
        <ele>622.2</ele>
      </trkpt>
      <trkpt lat="44.109" lon="7.10139">
        <ele>622.8</ele>
      </trkpt>
      <trkpt lat="44.10913" lon="7.10119">
        <ele>622.3</ele>
      </trkpt>
      <trkpt lat="44.10925" lon="7.10098">
        <ele>622.8</ele>
      </trkpt>
      <trkpt lat="44.10964" lon="7.10014">
        <ele>625.6</ele>
      </trkpt>
      <trkpt lat="44.10994" lon="7.09954">
        <ele>625.1</ele>
      </trkpt>
      <trkpt lat="44.11023" lon="7.09894">
        <ele>623.6</ele>
      </trkpt>
      <trkpt lat="44.1104" lon="7.0987">
        <ele>624.9</ele>
      </trkpt>
      <trkpt lat="44.11108" lon="7.09788">
        <ele>628.2</ele>
      </trkpt>
      <trkpt lat="44.11123" lon="7.09773">
        <ele>629.3</ele>
      </trkpt>
      <trkpt lat="44.1114" lon="7.09767">
        <ele>633.1</ele>
      </trkpt>
      <trkpt lat="44.11177" lon="7.09746">
        <ele>636.6</ele>
      </trkpt>
      <trkpt lat="44.11213" lon="7.0974">
        <ele>642.0</ele>
      </trkpt>
      <trkpt lat="44.1124" lon="7.09733">
        <ele>644.0</ele>
      </trkpt>
      <trkpt lat="44.11258" lon="7.09725">
        <ele>644.8</ele>
      </trkpt>
      <trkpt lat="44.11277" lon="7.09709">
        <ele>643.8</ele>
      </trkpt>
      <trkpt lat="44.11313" lon="7.09676">
        <ele>636.5</ele>
      </trkpt>
      <trkpt lat="44.11335" lon="7.09658">
        <ele>634.3</ele>
      </trkpt>
      <trkpt lat="44.11413" lon="7.09613">
        <ele>641.9</ele>
      </trkpt>
      <trkpt lat="44.11428" lon="7.09601">
        <ele>641.5</ele>
      </trkpt>
      <trkpt lat="44.11457" lon="7.09575">
        <ele>644.6</ele>
      </trkpt>
      <trkpt lat="44.11482" lon="7.09551">
        <ele>649.2</ele>
      </trkpt>
      <trkpt lat="44.11498" lon="7.09528">
        <ele>647.4</ele>
      </trkpt>
      <trkpt lat="44.11507" lon="7.09511">
        <ele>646.0</ele>
      </trkpt>
      <trkpt lat="44.11536" lon="7.0943">
        <ele>646.5</ele>
      </trkpt>
      <trkpt lat="44.11558" lon="7.09382">
        <ele>648.1</ele>
      </trkpt>
      <trkpt lat="44.11611" lon="7.09281">
        <ele>641.4</ele>
      </trkpt>
      <trkpt lat="44.11625" lon="7.09262">
        <ele>639.0</ele>
      </trkpt>
      <trkpt lat="44.1164" lon="7.09251">
        <ele>637.9</ele>
      </trkpt>
      <trkpt lat="44.11656" lon="7.09242">
        <ele>638.9</ele>
      </trkpt>
      <trkpt lat="44.11674" lon="7.09238">
        <ele>639.9</ele>
      </trkpt>
      <trkpt lat="44.1169" lon="7.09239">
        <ele>640.2</ele>
      </trkpt>
      <trkpt lat="44.11711" lon="7.09245">
        <ele>641.3</ele>
      </trkpt>
      <trkpt lat="44.11736" lon="7.09257">
        <ele>645.8</ele>
      </trkpt>
      <trkpt lat="44.11781" lon="7.09274">
        <ele>658.1</ele>
      </trkpt>
      <trkpt lat="44.11798" lon="7.09276">
        <ele>660.8</ele>
      </trkpt>
      <trkpt lat="44.11814" lon="7.09275">
        <ele>661.5</ele>
      </trkpt>
      <trkpt lat="44.11841" lon="7.09266">
        <ele>657.0</ele>
      </trkpt>
      <trkpt lat="44.11905" lon="7.09242">
        <ele>653.2</ele>
      </trkpt>
      <trkpt lat="44.1197" lon="7.09218">
        <ele>656.6</ele>
      </trkpt>
      <trkpt lat="44.12002" lon="7.09211">
        <ele>657.8</ele>
      </trkpt>
      <trkpt lat="44.12065" lon="7.09205">
        <ele>660.2</ele>
      </trkpt>
      <trkpt lat="44.12129" lon="7.09198">
        <ele>665.9</ele>
      </trkpt>
      <trkpt lat="44.12192" lon="7.09191">
        <ele>669.0</ele>
      </trkpt>
      <trkpt lat="44.12216" lon="7.09192">
        <ele>670.9</ele>
      </trkpt>
      <trkpt lat="44.12241" lon="7.09195">
        <ele>674.6</ele>
      </trkpt>
      <trkpt lat="44.12301" lon="7.09207">
        <ele>667.3</ele>
      </trkpt>
      <trkpt lat="44.12361" lon="7.0922">
        <ele>657.3</ele>
      </trkpt>
      <trkpt lat="44.12386" lon="7.09225">
        <ele>656.9</ele>
      </trkpt>
      <trkpt lat="44.12398" lon="7.0923">
        <ele>656.4</ele>
      </trkpt>
      <trkpt lat="44.12409" lon="7.09235">
        <ele>655.6</ele>
      </trkpt>
      <trkpt lat="44.12425" lon="7.09244">
        <ele>656.5</ele>
      </trkpt>
      <trkpt lat="44.12438" lon="7.09254">
        <ele>657.3</ele>
      </trkpt>
      <trkpt lat="44.12452" lon="7.09266">
        <ele>658.2</ele>
      </trkpt>
      <trkpt lat="44.12516" lon="7.09339">
        <ele>662.8</ele>
      </trkpt>
      <trkpt lat="44.12535" lon="7.09356">
        <ele>664.0</ele>
      </trkpt>
      <trkpt lat="44.12551" lon="7.09367">
        <ele>665.0</ele>
      </trkpt>
      <trkpt lat="44.1257" lon="7.09376">
        <ele>666.1</ele>
      </trkpt>
      <trkpt lat="44.12605" lon="7.09392">
        <ele>668.2</ele>
      </trkpt>
      <trkpt lat="44.12634" lon="7.09407">
        <ele>669.9</ele>
      </trkpt>
      <trkpt lat="44.1265" lon="7.09417">
        <ele>670.8</ele>
      </trkpt>
      <trkpt lat="44.12664" lon="7.09428">
        <ele>671.7</ele>
      </trkpt>
      <trkpt lat="44.12688" lon="7.09452">
        <ele>673.4</ele>
      </trkpt>
      <trkpt lat="44.12706" lon="7.09478">
        <ele>674.8</ele>
      </trkpt>
      <trkpt lat="44.12715" lon="7.09493">
        <ele>675.6</ele>
      </trkpt>
      <trkpt lat="44.12722" lon="7.09509">
        <ele>676.3</ele>
      </trkpt>
      <trkpt lat="44.12728" lon="7.09523">
        <ele>677.0</ele>
      </trkpt>
      <trkpt lat="44.12736" lon="7.09548">
        <ele>675.4</ele>
      </trkpt>
      <trkpt lat="44.12759" lon="7.09613">
        <ele>673.6</ele>
      </trkpt>
      <trkpt lat="44.12768" lon="7.09629">
        <ele>675.8</ele>
      </trkpt>
      <trkpt lat="44.12779" lon="7.09644">
        <ele>678.1</ele>
      </trkpt>
      <trkpt lat="44.128" lon="7.09667">
        <ele>681.0</ele>
      </trkpt>
      <trkpt lat="44.12822" lon="7.09688">
        <ele>685.5</ele>
      </trkpt>
      <trkpt lat="44.12844" lon="7.09712">
        <ele>689.2</ele>
      </trkpt>
      <trkpt lat="44.12854" lon="7.09723">
        <ele>691.2</ele>
      </trkpt>
      <trkpt lat="44.12878" lon="7.09756">
        <ele>693.2</ele>
      </trkpt>
      <trkpt lat="44.12892" lon="7.09778">
        <ele>693.6</ele>
      </trkpt>
      <trkpt lat="44.12928" lon="7.0985">
        <ele>681.6</ele>
      </trkpt>
      <trkpt lat="44.12964" lon="7.09922">
        <ele>684.1</ele>
      </trkpt>
      <trkpt lat="44.12975" lon="7.09941">
        <ele>685.9</ele>
      </trkpt>
      <trkpt lat="44.12986" lon="7.09957">
        <ele>686.1</ele>
      </trkpt>
      <trkpt lat="44.12999" lon="7.09972">
        <ele>685.0</ele>
      </trkpt>
      <trkpt lat="44.13014" lon="7.09987">
        <ele>685.0</ele>
      </trkpt>
      <trkpt lat="44.13031" lon="7.1">
        <ele>684.5</ele>
      </trkpt>
      <trkpt lat="44.1305" lon="7.1001">
        <ele>686.2</ele>
      </trkpt>
      <trkpt lat="44.1307" lon="7.10017">
        <ele>687.8</ele>
      </trkpt>
      <trkpt lat="44.13092" lon="7.10024">
        <ele>689.9</ele>
      </trkpt>
      <trkpt lat="44.13134" lon="7.1003">
        <ele>696.6</ele>
      </trkpt>
      <trkpt lat="44.13153" lon="7.10035">
        <ele>698.7</ele>
      </trkpt>
      <trkpt lat="44.1317" lon="7.10043">
        <ele>699.5</ele>
      </trkpt>
      <trkpt lat="44.13189" lon="7.10055">
        <ele>700.3</ele>
      </trkpt>
      <trkpt lat="44.13231" lon="7.10083">
        <ele>698.5</ele>
      </trkpt>
      <trkpt lat="44.13248" lon="7.10092">
        <ele>706.4</ele>
      </trkpt>
      <trkpt lat="44.13263" lon="7.10097">
        <ele>708.9</ele>
      </trkpt>
      <trkpt lat="44.13281" lon="7.10101">
        <ele>709.6</ele>
      </trkpt>
      <trkpt lat="44.13297" lon="7.10102">
        <ele>708.7</ele>
      </trkpt>
      <trkpt lat="44.13327" lon="7.10099">
        <ele>706.1</ele>
      </trkpt>
      <trkpt lat="44.13391" lon="7.10083">
        <ele>707.2</ele>
      </trkpt>
      <trkpt lat="44.13454" lon="7.10067">
        <ele>711.0</ele>
      </trkpt>
      <trkpt lat="44.13517" lon="7.10051">
        <ele>714.1</ele>
      </trkpt>
      <trkpt lat="44.13534" lon="7.10046">
        <ele>715.3</ele>
      </trkpt>
      <trkpt lat="44.1359" lon="7.10013">
        <ele>718.7</ele>
      </trkpt>
      <trkpt lat="44.13608" lon="7.10005">
        <ele>718.8</ele>
      </trkpt>
      <trkpt lat="44.13641" lon="7.09995">
        <ele>720.0</ele>
      </trkpt>
      <trkpt lat="44.13655" lon="7.09993">
        <ele>720.3</ele>
      </trkpt>
      <trkpt lat="44.13673" lon="7.09994">
        <ele>718.6</ele>
      </trkpt>
      <trkpt lat="44.1371" lon="7.10002">
        <ele>712.9</ele>
      </trkpt>
      <trkpt lat="44.13777" lon="7.10019">
        <ele>712.4</ele>
      </trkpt>
      <trkpt lat="44.13793" lon="7.10021">
        <ele>713.7</ele>
      </trkpt>
      <trkpt lat="44.13819" lon="7.10018">
        <ele>716.6</ele>
      </trkpt>
      <trkpt lat="44.13835" lon="7.10013">
        <ele>718.7</ele>
      </trkpt>
      <trkpt lat="44.13862" lon="7.09993">
        <ele>721.4</ele>
      </trkpt>
      <trkpt lat="44.13923" lon="7.09937">
        <ele>729.9</ele>
      </trkpt>
      <trkpt lat="44.13967" lon="7.09904">
        <ele>732.4</ele>
      </trkpt>
      <trkpt lat="44.1401" lon="7.0987">
        <ele>735.0</ele>
      </trkpt>
      <trkpt lat="44.14024" lon="7.09863">
        <ele>736.1</ele>
      </trkpt>
      <trkpt lat="44.14035" lon="7.0986">
        <ele>736.0</ele>
      </trkpt>
      <trkpt lat="44.14048" lon="7.09858">
        <ele>735.2</ele>
      </trkpt>
      <trkpt lat="44.14061" lon="7.09859">
        <ele>733.7</ele>
      </trkpt>
      <trkpt lat="44.1408" lon="7.09861">
        <ele>731.3</ele>
      </trkpt>
      <trkpt lat="44.14099" lon="7.0986">
        <ele>731.1</ele>
      </trkpt>
      <trkpt lat="44.1417" lon="7.09837">
        <ele>730.5</ele>
      </trkpt>
      <trkpt lat="44.14191" lon="7.09829">
        <ele>729.2</ele>
      </trkpt>
      <trkpt lat="44.14209" lon="7.09819">
        <ele>730.2</ele>
      </trkpt>
      <trkpt lat="44.14261" lon="7.09784">
        <ele>733.7</ele>
      </trkpt>
      <trkpt lat="44.14282" lon="7.09773">
        <ele>736.8</ele>
      </trkpt>
      <trkpt lat="44.14303" lon="7.09767">
        <ele>738.1</ele>
      </trkpt>
      <trkpt lat="44.14323" lon="7.09765">
        <ele>738.4</ele>
      </trkpt>
      <trkpt lat="44.14344" lon="7.09766">
        <ele>738.8</ele>
      </trkpt>
      <trkpt lat="44.14365" lon="7.09771">
        <ele>739.1</ele>
      </trkpt>
      <trkpt lat="44.14435" lon="7.09795">
        <ele>733.6</ele>
      </trkpt>
      <trkpt lat="44.14454" lon="7.098">
        <ele>731.4</ele>
      </trkpt>
      <trkpt lat="44.14505" lon="7.09807">
        <ele>728.0</ele>
      </trkpt>
      <trkpt lat="44.14521" lon="7.09807">
        <ele>727.7</ele>
      </trkpt>
      <trkpt lat="44.14537" lon="7.09802">
        <ele>729.1</ele>
      </trkpt>
      <trkpt lat="44.14559" lon="7.09787">
        <ele>732.6</ele>
      </trkpt>
      <trkpt lat="44.14559" lon="7.09787">
        <ele>732.6</ele>
      </trkpt>
      <trkpt lat="44.14577" lon="7.09775">
        <ele>734.2</ele>
      </trkpt>
      <trkpt lat="44.1459" lon="7.09762">
        <ele>735.2</ele>
      </trkpt>
      <trkpt lat="44.14603" lon="7.09748">
        <ele>735.8</ele>
      </trkpt>
      <trkpt lat="44.14618" lon="7.09727">
        <ele>743.0</ele>
      </trkpt>
      <trkpt lat="44.14632" lon="7.09708">
        <ele>747.8</ele>
      </trkpt>
      <trkpt lat="44.14655" lon="7.09689">
        <ele>747.5</ele>
      </trkpt>
      <trkpt lat="44.14688" lon="7.09669">
        <ele>745.3</ele>
      </trkpt>
      <trkpt lat="44.14739" lon="7.0964">
        <ele>747.7</ele>
      </trkpt>
      <trkpt lat="44.14757" lon="7.09633">
        <ele>748.0</ele>
      </trkpt>
      <trkpt lat="44.14773" lon="7.09632">
        <ele>747.6</ele>
      </trkpt>
      <trkpt lat="44.14788" lon="7.09633">
        <ele>746.3</ele>
      </trkpt>
      <trkpt lat="44.14861" lon="7.09644">
        <ele>743.7</ele>
      </trkpt>
      <trkpt lat="44.14893" lon="7.09653">
        <ele>745.2</ele>
      </trkpt>
      <trkpt lat="44.14928" lon="7.09659">
        <ele>746.7</ele>
      </trkpt>
      <trkpt lat="44.14955" lon="7.0966">
        <ele>746.4</ele>
      </trkpt>
      <trkpt lat="44.14975" lon="7.09657">
        <ele>747.8</ele>
      </trkpt>
      <trkpt lat="44.14997" lon="7.09649">
        <ele>752.0</ele>
      </trkpt>
      <trkpt lat="44.15015" lon="7.09638">
        <ele>755.1</ele>
      </trkpt>
      <trkpt lat="44.15031" lon="7.09626">
        <ele>756.2</ele>
      </trkpt>
      <trkpt lat="44.15049" lon="7.09607">
        <ele>755.9</ele>
      </trkpt>
      <trkpt lat="44.15063" lon="7.0959">
        <ele>753.3</ele>
      </trkpt>
      <trkpt lat="44.15104" lon="7.09517">
        <ele>755.8</ele>
      </trkpt>
      <trkpt lat="44.15117" lon="7.09495">
        <ele>755.9</ele>
      </trkpt>
      <trkpt lat="44.15161" lon="7.09437">
        <ele>752.1</ele>
      </trkpt>
      <trkpt lat="44.15177" lon="7.09421">
        <ele>751.2</ele>
      </trkpt>
      <trkpt lat="44.15193" lon="7.09408">
        <ele>753.8</ele>
      </trkpt>
      <trkpt lat="44.15212" lon="7.094">
        <ele>755.0</ele>
      </trkpt>
      <trkpt lat="44.15228" lon="7.09396">
        <ele>754.9</ele>
      </trkpt>
      <trkpt lat="44.15246" lon="7.09395">
        <ele>753.1</ele>
      </trkpt>
      <trkpt lat="44.15266" lon="7.09396">
        <ele>752.2</ele>
      </trkpt>
      <trkpt lat="44.15301" lon="7.09395">
        <ele>752.5</ele>
      </trkpt>
      <trkpt lat="44.1532" lon="7.09392">
        <ele>753.3</ele>
      </trkpt>
      <trkpt lat="44.15339" lon="7.09386">
        <ele>754.9</ele>
      </trkpt>
      <trkpt lat="44.15354" lon="7.09374">
        <ele>757.3</ele>
      </trkpt>
      <trkpt lat="44.15367" lon="7.09361">
        <ele>758.5</ele>
      </trkpt>
      <trkpt lat="44.15379" lon="7.09346">
        <ele>758.5</ele>
      </trkpt>
      <trkpt lat="44.15389" lon="7.09329">
        <ele>758.1</ele>
      </trkpt>
      <trkpt lat="44.15399" lon="7.09305">
        <ele>759.1</ele>
      </trkpt>
      <trkpt lat="44.15422" lon="7.09246">
        <ele>757.6</ele>
      </trkpt>
      <trkpt lat="44.1544" lon="7.09203">
        <ele>764.0</ele>
      </trkpt>
      <trkpt lat="44.1546" lon="7.09168">
        <ele>761.0</ele>
      </trkpt>
      <trkpt lat="44.15482" lon="7.0914">
        <ele>758.7</ele>
      </trkpt>
      <trkpt lat="44.15523" lon="7.09104">
        <ele>757.7</ele>
      </trkpt>
      <trkpt lat="44.15564" lon="7.09069">
        <ele>760.5</ele>
      </trkpt>
      <trkpt lat="44.15585" lon="7.09054">
        <ele>764.9</ele>
      </trkpt>
      <trkpt lat="44.15605" lon="7.09043">
        <ele>768.8</ele>
      </trkpt>
      <trkpt lat="44.15625" lon="7.09036">
        <ele>770.9</ele>
      </trkpt>
      <trkpt lat="44.15643" lon="7.09032">
        <ele>771.9</ele>
      </trkpt>
      <trkpt lat="44.15666" lon="7.09031">
        <ele>771.7</ele>
      </trkpt>
      <trkpt lat="44.15685" lon="7.09033">
        <ele>774.5</ele>
      </trkpt>
      <trkpt lat="44.15705" lon="7.09037">
        <ele>776.4</ele>
      </trkpt>
      <trkpt lat="44.15762" lon="7.09058">
        <ele>774.2</ele>
      </trkpt>
      <trkpt lat="44.1582" lon="7.09079">
        <ele>763.0</ele>
      </trkpt>
      <trkpt lat="44.15846" lon="7.09086">
        <ele>763.4</ele>
      </trkpt>
      <trkpt lat="44.1587" lon="7.09088">
        <ele>768.6</ele>
      </trkpt>
      <trkpt lat="44.15892" lon="7.09088">
        <ele>772.0</ele>
      </trkpt>
      <trkpt lat="44.15917" lon="7.09084">
        <ele>776.0</ele>
      </trkpt>
      <trkpt lat="44.15944" lon="7.09074">
        <ele>776.3</ele>
      </trkpt>
      <trkpt lat="44.16021" lon="7.09043">
        <ele>786.8</ele>
      </trkpt>
      <trkpt lat="44.1607" lon="7.09026">
        <ele>790.2</ele>
      </trkpt>
      <trkpt lat="44.16091" lon="7.09022">
        <ele>790.4</ele>
      </trkpt>
      <trkpt lat="44.16155" lon="7.0902">
        <ele>788.1</ele>
      </trkpt>
      <trkpt lat="44.16219" lon="7.09017">
        <ele>787.0</ele>
      </trkpt>
      <trkpt lat="44.16248" lon="7.09009">
        <ele>787.1</ele>
      </trkpt>
      <trkpt lat="44.16281" lon="7.08989">
        <ele>791.1</ele>
      </trkpt>
      <trkpt lat="44.16319" lon="7.08958">
        <ele>794.9</ele>
      </trkpt>
      <trkpt lat="44.16355" lon="7.08925">
        <ele>794.8</ele>
      </trkpt>
      <trkpt lat="44.16373" lon="7.08903">
        <ele>797.9</ele>
      </trkpt>
      <trkpt lat="44.16407" lon="7.08867">
        <ele>799.9</ele>
      </trkpt>
      <trkpt lat="44.16422" lon="7.08854">
        <ele>799.0</ele>
      </trkpt>
      <trkpt lat="44.16507" lon="7.08814">
        <ele>807.5</ele>
      </trkpt>
      <trkpt lat="44.16523" lon="7.08809">
        <ele>810.9</ele>
      </trkpt>
      <trkpt lat="44.16541" lon="7.08808">
        <ele>811.8</ele>
      </trkpt>
      <trkpt lat="44.16618" lon="7.08806">
        <ele>816.1</ele>
      </trkpt>
      <trkpt lat="44.16638" lon="7.08805">
        <ele>818.0</ele>
      </trkpt>
      <trkpt lat="44.16698" lon="7.08792">
        <ele>823.4</ele>
      </trkpt>
      <trkpt lat="44.16759" lon="7.08779">
        <ele>821.5</ele>
      </trkpt>
      <trkpt lat="44.16784" lon="7.08768">
        <ele>818.4</ele>
      </trkpt>
      <trkpt lat="44.16849" lon="7.08721">
        <ele>822.9</ele>
      </trkpt>
      <trkpt lat="44.16863" lon="7.08711">
        <ele>825.2</ele>
      </trkpt>
      <trkpt lat="44.16886" lon="7.08702">
        <ele>824.5</ele>
      </trkpt>
      <trkpt lat="44.16922" lon="7.08678">
        <ele>823.3</ele>
      </trkpt>
      <trkpt lat="44.16981" lon="7.08631">
        <ele>825.4</ele>
      </trkpt>
      <trkpt lat="44.17039" lon="7.08585">
        <ele>822.6</ele>
      </trkpt>
      <trkpt lat="44.1706" lon="7.08563">
        <ele>825.0</ele>
      </trkpt>
      <trkpt lat="44.17105" lon="7.08507">
        <ele>829.8</ele>
      </trkpt>
      <trkpt lat="44.1715" lon="7.08452">
        <ele>831.7</ele>
      </trkpt>
      <trkpt lat="44.17195" lon="7.08386">
        <ele>840.6</ele>
      </trkpt>
      <trkpt lat="44.17208" lon="7.08365">
        <ele>841.6</ele>
      </trkpt>
      <trkpt lat="44.17235" lon="7.08315">
        <ele>836.4</ele>
      </trkpt>
      <trkpt lat="44.17267" lon="7.08265">
        <ele>838.2</ele>
      </trkpt>
      <trkpt lat="44.17278" lon="7.08242">
        <ele>840.1</ele>
      </trkpt>
      <trkpt lat="44.17283" lon="7.08222">
        <ele>842.3</ele>
      </trkpt>
      <trkpt lat="44.17286" lon="7.08198">
        <ele>844.7</ele>
      </trkpt>
      <trkpt lat="44.17288" lon="7.08097">
        <ele>850.8</ele>
      </trkpt>
      <trkpt lat="44.17292" lon="7.0807">
        <ele>852.2</ele>
      </trkpt>
      <trkpt lat="44.17298" lon="7.0805">
        <ele>853.1</ele>
      </trkpt>
      <trkpt lat="44.17308" lon="7.08033">
        <ele>850.5</ele>
      </trkpt>
      <trkpt lat="44.1732" lon="7.08019">
        <ele>845.6</ele>
      </trkpt>
      <trkpt lat="44.17385" lon="7.07967">
        <ele>843.4</ele>
      </trkpt>
      <trkpt lat="44.17396" lon="7.07953">
        <ele>842.9</ele>
      </trkpt>
      <trkpt lat="44.17418" lon="7.07917">
        <ele>837.9</ele>
      </trkpt>
      <trkpt lat="44.17442" lon="7.07872">
        <ele>851.9</ele>
      </trkpt>
      <trkpt lat="44.1747" lon="7.07834">
        <ele>852.8</ele>
      </trkpt>
      <trkpt lat="44.17484" lon="7.07813">
        <ele>851.3</ele>
      </trkpt>
      <trkpt lat="44.17494" lon="7.07791">
        <ele>850.5</ele>
      </trkpt>
      <trkpt lat="44.17514" lon="7.07743">
        <ele>854.5</ele>
      </trkpt>
      <trkpt lat="44.1754" lon="7.07653">
        <ele>861.7</ele>
      </trkpt>
      <trkpt lat="44.17567" lon="7.07563">
        <ele>853.4</ele>
      </trkpt>
      <trkpt lat="44.17575" lon="7.07538">
        <ele>853.0</ele>
      </trkpt>
      <trkpt lat="44.17611" lon="7.07439">
        <ele>851.4</ele>
      </trkpt>
      <trkpt lat="44.17615" lon="7.07424">
        <ele>851.2</ele>
      </trkpt>
      <trkpt lat="44.17622" lon="7.07371">
        <ele>850.5</ele>
      </trkpt>
      <trkpt lat="44.17623" lon="7.07349">
        <ele>849.3</ele>
      </trkpt>
      <trkpt lat="44.17623" lon="7.0733">
        <ele>848.2</ele>
      </trkpt>
      <trkpt lat="44.17621" lon="7.07306">
        <ele>847.1</ele>
      </trkpt>
      <trkpt lat="44.17616" lon="7.07272">
        <ele>844.7</ele>
      </trkpt>
      <trkpt lat="44.17614" lon="7.07246">
        <ele>843.7</ele>
      </trkpt>
      <trkpt lat="44.17614" lon="7.07225">
        <ele>843.6</ele>
      </trkpt>
      <trkpt lat="44.17616" lon="7.07197">
        <ele>844.0</ele>
      </trkpt>
      <trkpt lat="44.17631" lon="7.07108">
        <ele>843.1</ele>
      </trkpt>
      <trkpt lat="44.17645" lon="7.07019">
        <ele>839.5</ele>
      </trkpt>
      <trkpt lat="44.17654" lon="7.06975">
        <ele>838.0</ele>
      </trkpt>
      <trkpt lat="44.17661" lon="7.06953">
        <ele>836.8</ele>
      </trkpt>
      <trkpt lat="44.17675" lon="7.0692">
        <ele>837.5</ele>
      </trkpt>
      <trkpt lat="44.17706" lon="7.0686">
        <ele>844.5</ele>
      </trkpt>
      <trkpt lat="44.17737" lon="7.068">
        <ele>845.9</ele>
      </trkpt>
      <trkpt lat="44.17754" lon="7.06773">
        <ele>844.5</ele>
      </trkpt>
      <trkpt lat="44.17818" lon="7.06691">
        <ele>851.1</ele>
      </trkpt>
      <trkpt lat="44.17853" lon="7.06639">
        <ele>853.4</ele>
      </trkpt>
      <trkpt lat="44.1787" lon="7.0661">
        <ele>854.7</ele>
      </trkpt>
      <trkpt lat="44.17883" lon="7.06584">
        <ele>852.9</ele>
      </trkpt>
      <trkpt lat="44.17894" lon="7.06549">
        <ele>854.5</ele>
      </trkpt>
      <trkpt lat="44.17913" lon="7.0647">
        <ele>851.6</ele>
      </trkpt>
      <trkpt lat="44.17925" lon="7.06429">
        <ele>851.9</ele>
      </trkpt>
      <trkpt lat="44.17952" lon="7.0635">
        <ele>861.9</ele>
      </trkpt>
      <trkpt lat="44.17971" lon="7.06301">
        <ele>864.3</ele>
      </trkpt>
      <trkpt lat="44.18003" lon="7.06238">
        <ele>854.6</ele>
      </trkpt>
      <trkpt lat="44.18029" lon="7.06193">
        <ele>861.2</ele>
      </trkpt>
      <trkpt lat="44.18067" lon="7.06132">
        <ele>860.1</ele>
      </trkpt>
      <trkpt lat="44.18084" lon="7.06107">
        <ele>855.3</ele>
      </trkpt>
      <trkpt lat="44.1811" lon="7.06058">
        <ele>860.9</ele>
      </trkpt>
      <trkpt lat="44.18149" lon="7.05973">
        <ele>860.3</ele>
      </trkpt>
      <trkpt lat="44.18174" lon="7.05929">
        <ele>857.3</ele>
      </trkpt>
      <trkpt lat="44.18192" lon="7.05907">
        <ele>859.8</ele>
      </trkpt>
      <trkpt lat="44.18231" lon="7.0587">
        <ele>863.1</ele>
      </trkpt>
      <trkpt lat="44.18271" lon="7.05833">
        <ele>864.3</ele>
      </trkpt>
      <trkpt lat="44.18298" lon="7.05803">
        <ele>866.9</ele>
      </trkpt>
      <trkpt lat="44.18315" lon="7.05778">
        <ele>863.9</ele>
      </trkpt>
      <trkpt lat="44.18355" lon="7.05694">
        <ele>857.4</ele>
      </trkpt>
      <trkpt lat="44.18395" lon="7.05611">
        <ele>856.4</ele>
      </trkpt>
      <trkpt lat="44.18395" lon="7.05611">
        <ele>856.4</ele>
      </trkpt>
      <trkpt lat="44.18426" lon="7.05546">
        <ele>858.2</ele>
      </trkpt>
      <trkpt lat="44.18435" lon="7.05533">
        <ele>859.2</ele>
      </trkpt>
      <trkpt lat="44.18455" lon="7.05507">
        <ele>861.3</ele>
      </trkpt>
      <trkpt lat="44.18475" lon="7.05486">
        <ele>863.4</ele>
      </trkpt>
      <trkpt lat="44.18482" lon="7.05483">
        <ele>864.1</ele>
      </trkpt>
      <trkpt lat="44.18484" lon="7.05479">
        <ele>864.3</ele>
      </trkpt>
      <trkpt lat="44.18487" lon="7.05471">
        <ele>864.7</ele>
      </trkpt>
      <trkpt lat="44.18487" lon="7.05462">
        <ele>864.7</ele>
      </trkpt>
      <trkpt lat="44.18485" lon="7.05458">
        <ele>864.5</ele>
      </trkpt>
      <trkpt lat="44.18486" lon="7.05451">
        <ele>864.6</ele>
      </trkpt>
      <trkpt lat="44.18495" lon="7.05432">
        <ele>865.5</ele>
      </trkpt>
      <trkpt lat="44.18506" lon="7.05401">
        <ele>865.8</ele>
      </trkpt>
      <trkpt lat="44.18509" lon="7.05387">
        <ele>865.4</ele>
      </trkpt>
      <trkpt lat="44.1851" lon="7.05367">
        <ele>864.7</ele>
      </trkpt>
      <trkpt lat="44.18511" lon="7.05353">
        <ele>864.3</ele>
      </trkpt>
      <trkpt lat="44.18515" lon="7.05308">
        <ele>862.8</ele>
      </trkpt>
      <trkpt lat="44.18496" lon="7.05305">
        <ele>862.0</ele>
      </trkpt>
      <trkpt lat="44.18473" lon="7.05306">
        <ele>862.0</ele>
      </trkpt>
      <trkpt lat="44.18445" lon="7.05311">
        <ele>862.0</ele>
      </trkpt>
      <trkpt lat="44.18442" lon="7.05309">
        <ele>862.0</ele>
      </trkpt>
      <trkpt lat="44.18438" lon="7.05306">
        <ele>862.0</ele>
      </trkpt>
      <trkpt lat="44.18436" lon="7.05299">
        <ele>862.0</ele>
      </trkpt>
      <trkpt lat="44.18436" lon="7.05299">
        <ele>862.0</ele>
      </trkpt>
      <trkpt lat="44.18436" lon="7.05293">
        <ele>862.0</ele>
      </trkpt>
      <trkpt lat="44.1845" lon="7.05231">
        <ele>862.3</ele>
      </trkpt>
      <trkpt lat="44.18464" lon="7.05169">
        <ele>862.8</ele>
      </trkpt>
      <trkpt lat="44.18467" lon="7.05168">
        <ele>862.8</ele>
      </trkpt>
      <trkpt lat="44.18475" lon="7.05144">
        <ele>863.4</ele>
      </trkpt>
      <trkpt lat="44.18479" lon="7.05136">
        <ele>863.5</ele>
      </trkpt>
      <trkpt lat="44.18477" lon="7.05132">
        <ele>863.7</ele>
      </trkpt>
      <trkpt lat="44.18478" lon="7.05124">
        <ele>864.0</ele>
      </trkpt>
      <trkpt lat="44.18497" lon="7.05073">
        <ele>864.2</ele>
      </trkpt>
      <trkpt lat="44.18518" lon="7.05025">
        <ele>865.4</ele>
      </trkpt>
      <trkpt lat="44.18535" lon="7.0498">
        <ele>867.5</ele>
      </trkpt>
      <trkpt lat="44.18551" lon="7.04924">
        <ele>868.5</ele>
      </trkpt>
      <trkpt lat="44.18574" lon="7.04873">
        <ele>868.8</ele>
      </trkpt>
      <trkpt lat="44.18604" lon="7.04784">
        <ele>871.1</ele>
      </trkpt>
      <trkpt lat="44.18608" lon="7.04767">
        <ele>871.5</ele>
      </trkpt>
      <trkpt lat="44.18613" lon="7.04738">
        <ele>872.1</ele>
      </trkpt>
      <trkpt lat="44.1862" lon="7.04676">
        <ele>873.5</ele>
      </trkpt>
      <trkpt lat="44.18624" lon="7.04612">
        <ele>877.6</ele>
      </trkpt>
      <trkpt lat="44.18627" lon="7.04584">
        <ele>879.1</ele>
      </trkpt>
      <trkpt lat="44.18638" lon="7.0453">
        <ele>882.4</ele>
      </trkpt>
      <trkpt lat="44.18647" lon="7.04497">
        <ele>881.5</ele>
      </trkpt>
      <trkpt lat="44.18657" lon="7.0446">
        <ele>879.2</ele>
      </trkpt>
      <trkpt lat="44.18665" lon="7.0444">
        <ele>875.2</ele>
      </trkpt>
      <trkpt lat="44.18676" lon="7.04417">
        <ele>875.1</ele>
      </trkpt>
      <trkpt lat="44.18718" lon="7.04328">
        <ele>882.1</ele>
      </trkpt>
      <trkpt lat="44.18759" lon="7.0424">
        <ele>878.2</ele>
      </trkpt>
      <trkpt lat="44.188" lon="7.04151">
        <ele>880.9</ele>
      </trkpt>
      <trkpt lat="44.18808" lon="7.04133">
        <ele>880.6</ele>
      </trkpt>
      <trkpt lat="44.18813" lon="7.04118">
        <ele>879.9</ele>
      </trkpt>
      <trkpt lat="44.18817" lon="7.04104">
        <ele>879.1</ele>
      </trkpt>
      <trkpt lat="44.18819" lon="7.04091">
        <ele>878.4</ele>
      </trkpt>
      <trkpt lat="44.18822" lon="7.04064">
        <ele>879.1</ele>
      </trkpt>
      <trkpt lat="44.18826" lon="7.03996">
        <ele>883.1</ele>
      </trkpt>
      <trkpt lat="44.18831" lon="7.03929">
        <ele>887.2</ele>
      </trkpt>
      <trkpt lat="44.18833" lon="7.03904">
        <ele>887.5</ele>
      </trkpt>
      <trkpt lat="44.18845" lon="7.03836">
        <ele>889.8</ele>
      </trkpt>
      <trkpt lat="44.18853" lon="7.03799">
        <ele>892.0</ele>
      </trkpt>
      <trkpt lat="44.18873" lon="7.03728">
        <ele>894.2</ele>
      </trkpt>
      <trkpt lat="44.1889" lon="7.03658">
        <ele>892.6</ele>
      </trkpt>
      <trkpt lat="44.1889" lon="7.03658">
        <ele>892.6</ele>
      </trkpt>
      <trkpt lat="44.18893" lon="7.0364">
        <ele>892.9</ele>
      </trkpt>
      <trkpt lat="44.18899" lon="7.03618">
        <ele>892.1</ele>
      </trkpt>
      <trkpt lat="44.18938" lon="7.03554">
        <ele>894.0</ele>
      </trkpt>
      <trkpt lat="44.1898" lon="7.03491">
        <ele>902.8</ele>
      </trkpt>
      <trkpt lat="44.18984" lon="7.03481">
        <ele>903.1</ele>
      </trkpt>
      <trkpt lat="44.19001" lon="7.03416">
        <ele>902.7</ele>
      </trkpt>
      <trkpt lat="44.19017" lon="7.03352">
        <ele>910.3</ele>
      </trkpt>
      <trkpt lat="44.19024" lon="7.03315">
        <ele>911.5</ele>
      </trkpt>
      <trkpt lat="44.1904" lon="7.03196">
        <ele>910.0</ele>
      </trkpt>
      <trkpt lat="44.19045" lon="7.03135">
        <ele>911.1</ele>
      </trkpt>
      <trkpt lat="44.19048" lon="7.0309">
        <ele>913.5</ele>
      </trkpt>
      <trkpt lat="44.19046" lon="7.03014">
        <ele>919.6</ele>
      </trkpt>
      <trkpt lat="44.19044" lon="7.02991">
        <ele>921.2</ele>
      </trkpt>
      <trkpt lat="44.19038" lon="7.02957">
        <ele>922.9</ele>
      </trkpt>
      <trkpt lat="44.19024" lon="7.02892">
        <ele>924.8</ele>
      </trkpt>
      <trkpt lat="44.19009" lon="7.02828">
        <ele>924.5</ele>
      </trkpt>
      <trkpt lat="44.18997" lon="7.02788">
        <ele>927.3</ele>
      </trkpt>
      <trkpt lat="44.18981" lon="7.02745">
        <ele>932.8</ele>
      </trkpt>
      <trkpt lat="44.18981" lon="7.02745">
        <ele>932.8</ele>
      </trkpt>
      <trkpt lat="44.18956" lon="7.02678">
        <ele>937.3</ele>
      </trkpt>
      <trkpt lat="44.18931" lon="7.02612">
        <ele>924.0</ele>
      </trkpt>
      <trkpt lat="44.18921" lon="7.02579">
        <ele>918.9</ele>
      </trkpt>
      <trkpt lat="44.18915" lon="7.02555">
        <ele>919.4</ele>
      </trkpt>
      <trkpt lat="44.18912" lon="7.02535">
        <ele>921.6</ele>
      </trkpt>
      <trkpt lat="44.18911" lon="7.02519">
        <ele>923.4</ele>
      </trkpt>
      <trkpt lat="44.18914" lon="7.02468">
        <ele>922.8</ele>
      </trkpt>
      <trkpt lat="44.18918" lon="7.02439">
        <ele>920.9</ele>
      </trkpt>
      <trkpt lat="44.18934" lon="7.02366">
        <ele>921.9</ele>
      </trkpt>
      <trkpt lat="44.18951" lon="7.02292">
        <ele>923.6</ele>
      </trkpt>
      <trkpt lat="44.18952" lon="7.02249">
        <ele>923.2</ele>
      </trkpt>
      <trkpt lat="44.18957" lon="7.02224">
        <ele>924.3</ele>
      </trkpt>
      <trkpt lat="44.1896" lon="7.02143">
        <ele>925.5</ele>
      </trkpt>
      <trkpt lat="44.18958" lon="7.02119">
        <ele>925.9</ele>
      </trkpt>
      <trkpt lat="44.18945" lon="7.0207">
        <ele>925.6</ele>
      </trkpt>
      <trkpt lat="44.18947" lon="7.02005">
        <ele>926.9</ele>
      </trkpt>
      <trkpt lat="44.18935" lon="7.01961">
        <ele>926.0</ele>
      </trkpt>
      <trkpt lat="44.18935" lon="7.01927">
        <ele>926.5</ele>
      </trkpt>
      <trkpt lat="44.18944" lon="7.01868">
        <ele>930.9</ele>
      </trkpt>
      <trkpt lat="44.18951" lon="7.01852">
        <ele>932.5</ele>
      </trkpt>
      <trkpt lat="44.18995" lon="7.01788">
        <ele>933.3</ele>
      </trkpt>
      <trkpt lat="44.19017" lon="7.01732">
        <ele>935.1</ele>
      </trkpt>
      <trkpt lat="44.19058" lon="7.01678">
        <ele>939.0</ele>
      </trkpt>
      <trkpt lat="44.1907" lon="7.01637">
        <ele>938.1</ele>
      </trkpt>
      <trkpt lat="44.19088" lon="7.01606">
        <ele>940.2</ele>
      </trkpt>
      <trkpt lat="44.19115" lon="7.0155">
        <ele>946.6</ele>
      </trkpt>
      <trkpt lat="44.19143" lon="7.01495">
        <ele>945.7</ele>
      </trkpt>
      <trkpt lat="44.19143" lon="7.01495">
        <ele>945.7</ele>
      </trkpt>
      <trkpt lat="44.19159" lon="7.01473">
        <ele>945.9</ele>
      </trkpt>
      <trkpt lat="44.19168" lon="7.01455">
        <ele>945.3</ele>
      </trkpt>
      <trkpt lat="44.19186" lon="7.01407">
        <ele>948.0</ele>
      </trkpt>
      <trkpt lat="44.19212" lon="7.01352">
        <ele>953.3</ele>
      </trkpt>
      <trkpt lat="44.19238" lon="7.01298">
        <ele>952.7</ele>
      </trkpt>
      <trkpt lat="44.19286" lon="7.01221">
        <ele>956.0</ele>
      </trkpt>
      <trkpt lat="44.19333" lon="7.01143">
        <ele>950.5</ele>
      </trkpt>
      <trkpt lat="44.19339" lon="7.0114">
        <ele>952.4</ele>
      </trkpt>
      <trkpt lat="44.19344" lon="7.01141">
        <ele>954.3</ele>
      </trkpt>
      <trkpt lat="44.19369" lon="7.01101">
        <ele>958.8</ele>
      </trkpt>
      <trkpt lat="44.19387" lon="7.01076">
        <ele>960.4</ele>
      </trkpt>
      <trkpt lat="44.19403" lon="7.01049">
        <ele>961.3</ele>
      </trkpt>
      <trkpt lat="44.1941" lon="7.01034">
        <ele>960.6</ele>
      </trkpt>
      <trkpt lat="44.19416" lon="7.01018">
        <ele>959.1</ele>
      </trkpt>
      <trkpt lat="44.19425" lon="7.00983">
        <ele>959.3</ele>
      </trkpt>
      <trkpt lat="44.19438" lon="7.00921">
        <ele>961.9</ele>
      </trkpt>
      <trkpt lat="44.19451" lon="7.00858">
        <ele>966.1</ele>
      </trkpt>
      <trkpt lat="44.19456" lon="7.00839">
        <ele>966.8</ele>
      </trkpt>
      <trkpt lat="44.19465" lon="7.00821">
        <ele>967.6</ele>
      </trkpt>
      <trkpt lat="44.19474" lon="7.00807">
        <ele>967.5</ele>
      </trkpt>
      <trkpt lat="44.19484" lon="7.00792">
        <ele>966.5</ele>
      </trkpt>
      <trkpt lat="44.19496" lon="7.00779">
        <ele>964.3</ele>
      </trkpt>
      <trkpt lat="44.19566" lon="7.00719">
        <ele>967.0</ele>
      </trkpt>
      <trkpt lat="44.19566" lon="7.00712">
        <ele>966.4</ele>
      </trkpt>
      <trkpt lat="44.19567" lon="7.00706">
        <ele>965.9</ele>
      </trkpt>
      <trkpt lat="44.19571" lon="7.00701">
        <ele>965.5</ele>
      </trkpt>
      <trkpt lat="44.19581" lon="7.00691">
        <ele>964.3</ele>
      </trkpt>
      <trkpt lat="44.19581" lon="7.00691">
        <ele>964.3</ele>
      </trkpt>
      <trkpt lat="44.19604" lon="7.00667">
        <ele>963.3</ele>
      </trkpt>
      <trkpt lat="44.19621" lon="7.00643">
        <ele>964.2</ele>
      </trkpt>
      <trkpt lat="44.19675" lon="7.00574">
        <ele>964.2</ele>
      </trkpt>
      <trkpt lat="44.19729" lon="7.00506">
        <ele>965.2</ele>
      </trkpt>
      <trkpt lat="44.19748" lon="7.00475">
        <ele>964.7</ele>
      </trkpt>
      <trkpt lat="44.19769" lon="7.0043">
        <ele>972.4</ele>
      </trkpt>
      <trkpt lat="44.19785" lon="7.00378">
        <ele>977.1</ele>
      </trkpt>
      <trkpt lat="44.19798" lon="7.00288">
        <ele>975.5</ele>
      </trkpt>
      <trkpt lat="44.19812" lon="7.00198">
        <ele>973.8</ele>
      </trkpt>
      <trkpt lat="44.19821" lon="7.00166">
        <ele>972.6</ele>
      </trkpt>
      <trkpt lat="44.19847" lon="7.00094">
        <ele>972.3</ele>
      </trkpt>
      <trkpt lat="44.19868" lon="7.00057">
        <ele>975.5</ele>
      </trkpt>
      <trkpt lat="44.19903" lon="7.00007">
        <ele>976.2</ele>
      </trkpt>
      <trkpt lat="44.19938" lon="6.99958">
        <ele>977.9</ele>
      </trkpt>
      <trkpt lat="44.19958" lon="6.99921">
        <ele>979.4</ele>
      </trkpt>
      <trkpt lat="44.19979" lon="6.9986">
        <ele>981.1</ele>
      </trkpt>
      <trkpt lat="44.19987" lon="6.99827">
        <ele>981.0</ele>
      </trkpt>
      <trkpt lat="44.19992" lon="6.99795">
        <ele>982.2</ele>
      </trkpt>
      <trkpt lat="44.20001" lon="6.99727">
        <ele>983.5</ele>
      </trkpt>
      <trkpt lat="44.2001" lon="6.99658">
        <ele>986.5</ele>
      </trkpt>
      <trkpt lat="44.20019" lon="6.99629">
        <ele>988.5</ele>
      </trkpt>
      <trkpt lat="44.20037" lon="6.99581">
        <ele>990.1</ele>
      </trkpt>
      <trkpt lat="44.20083" lon="6.99506">
        <ele>987.0</ele>
      </trkpt>
      <trkpt lat="44.20092" lon="6.9949">
        <ele>988.2</ele>
      </trkpt>
      <trkpt lat="44.20092" lon="6.9949">
        <ele>988.2</ele>
      </trkpt>
      <trkpt lat="44.20103" lon="6.99461">
        <ele>989.1</ele>
      </trkpt>
      <trkpt lat="44.2011" lon="6.99438">
        <ele>988.6</ele>
      </trkpt>
      <trkpt lat="44.20115" lon="6.99409">
        <ele>987.3</ele>
      </trkpt>
      <trkpt lat="44.20123" lon="6.993">
        <ele>989.6</ele>
      </trkpt>
      <trkpt lat="44.20123" lon="6.99285">
        <ele>990.2</ele>
      </trkpt>
      <trkpt lat="44.2012" lon="6.99272">
        <ele>990.3</ele>
      </trkpt>
      <trkpt lat="44.20126" lon="6.99204">
        <ele>995.5</ele>
      </trkpt>
      <trkpt lat="44.20123" lon="6.9917">
        <ele>997.4</ele>
      </trkpt>
      <trkpt lat="44.20124" lon="6.99165">
        <ele>997.8</ele>
      </trkpt>
      <trkpt lat="44.2013" lon="6.99157">
        <ele>998.7</ele>
      </trkpt>
      <trkpt lat="44.20132" lon="6.9915">
        <ele>998.9</ele>
      </trkpt>
      <trkpt lat="44.20144" lon="6.99103">
        <ele>998.4</ele>
      </trkpt>
      <trkpt lat="44.20155" lon="6.99081">
        <ele>997.2</ele>
      </trkpt>
      <trkpt lat="44.20173" lon="6.99034">
        <ele>994.7</ele>
      </trkpt>
      <trkpt lat="44.20189" lon="6.99011">
        <ele>996.2</ele>
      </trkpt>
      <trkpt lat="44.20195" lon="6.99004">
        <ele>996.8</ele>
      </trkpt>
      <trkpt lat="44.20241" lon="6.9897">
        <ele>1000.5</ele>
      </trkpt>
      <trkpt lat="44.20245" lon="6.98971">
        <ele>1001.0</ele>
      </trkpt>
      <trkpt lat="44.20248" lon="6.98975">
        <ele>1002.0</ele>
      </trkpt>
      <trkpt lat="44.20267" lon="6.98956">
        <ele>1004.3</ele>
      </trkpt>
      <trkpt lat="44.20292" lon="6.98925">
        <ele>1004.4</ele>
      </trkpt>
      <trkpt lat="44.20314" lon="6.98891">
        <ele>1004.5</ele>
      </trkpt>
      <trkpt lat="44.20344" lon="6.98839">
        <ele>1003.1</ele>
      </trkpt>
      <trkpt lat="44.20375" lon="6.98787">
        <ele>1013.2</ele>
      </trkpt>
      <trkpt lat="44.20388" lon="6.98759">
        <ele>1014.5</ele>
      </trkpt>
      <trkpt lat="44.20414" lon="6.987">
        <ele>1011.1</ele>
      </trkpt>
      <trkpt lat="44.20414" lon="6.987">
        <ele>1011.1</ele>
      </trkpt>
      <trkpt lat="44.20437" lon="6.98645">
        <ele>1011.7</ele>
      </trkpt>
      <trkpt lat="44.2046" lon="6.98591">
        <ele>1010.4</ele>
      </trkpt>
      <trkpt lat="44.20476" lon="6.98563">
        <ele>1010.7</ele>
      </trkpt>
      <trkpt lat="44.20494" lon="6.98539">
        <ele>1008.8</ele>
      </trkpt>
      <trkpt lat="44.2051" lon="6.98521">
        <ele>1008.4</ele>
      </trkpt>
      <trkpt lat="44.20541" lon="6.98492">
        <ele>1011.0</ele>
      </trkpt>
      <trkpt lat="44.2056" lon="6.98472">
        <ele>1013.3</ele>
      </trkpt>
      <trkpt lat="44.20594" lon="6.98427">
        <ele>1012.7</ele>
      </trkpt>
      <trkpt lat="44.20636" lon="6.98377">
        <ele>1017.6</ele>
      </trkpt>
      <trkpt lat="44.2065" lon="6.98357">
        <ele>1015.8</ele>
      </trkpt>
      <trkpt lat="44.20662" lon="6.98337">
        <ele>1012.1</ele>
      </trkpt>
      <trkpt lat="44.20671" lon="6.98313">
        <ele>1012.0</ele>
      </trkpt>
      <trkpt lat="44.20677" lon="6.98288">
        <ele>1013.1</ele>
      </trkpt>
      <trkpt lat="44.2068" lon="6.98249">
        <ele>1011.3</ele>
      </trkpt>
      <trkpt lat="44.20685" lon="6.98132">
        <ele>1015.9</ele>
      </trkpt>
      <trkpt lat="44.20689" lon="6.98071">
        <ele>1017.3</ele>
      </trkpt>
      <trkpt lat="44.20699" lon="6.98026">
        <ele>1018.4</ele>
      </trkpt>
      <trkpt lat="44.20715" lon="6.97988">
        <ele>1019.4</ele>
      </trkpt>
      <trkpt lat="44.20729" lon="6.97966">
        <ele>1018.6</ele>
      </trkpt>
      <trkpt lat="44.20754" lon="6.97937">
        <ele>1016.2</ele>
      </trkpt>
      <trkpt lat="44.2078" lon="6.97913">
        <ele>1014.6</ele>
      </trkpt>
      <trkpt lat="44.20792" lon="6.97901">
        <ele>1014.6</ele>
      </trkpt>
      <trkpt lat="44.20808" lon="6.97881">
        <ele>1013.6</ele>
      </trkpt>
      <trkpt lat="44.20831" lon="6.97846">
        <ele>1009.8</ele>
      </trkpt>
      <trkpt lat="44.20866" lon="6.97788">
        <ele>1008.9</ele>
      </trkpt>
      <trkpt lat="44.20902" lon="6.97729">
        <ele>1009.5</ele>
      </trkpt>
      <trkpt lat="44.20919" lon="6.97707">
        <ele>1010.8</ele>
      </trkpt>
      <trkpt lat="44.20931" lon="6.97693">
        <ele>1012.2</ele>
      </trkpt>
      <trkpt lat="44.20956" lon="6.9767">
        <ele>1013.9</ele>
      </trkpt>
      <trkpt lat="44.20979" lon="6.9765">
        <ele>1015.0</ele>
      </trkpt>
      <trkpt lat="44.20995" lon="6.97633">
        <ele>1015.8</ele>
      </trkpt>
      <trkpt lat="44.21018" lon="6.97602">
        <ele>1017.9</ele>
      </trkpt>
      <trkpt lat="44.21035" lon="6.97574">
        <ele>1018.0</ele>
      </trkpt>
      <trkpt lat="44.21056" lon="6.97551">
        <ele>1017.6</ele>
      </trkpt>
      <trkpt lat="44.21079" lon="6.9753">
        <ele>1016.7</ele>
      </trkpt>
      <trkpt lat="44.21113" lon="6.97505">
        <ele>1020.5</ele>
      </trkpt>
      <trkpt lat="44.21147" lon="6.97482">
        <ele>1024.5</ele>
      </trkpt>
      <trkpt lat="44.212" lon="6.97451">
        <ele>1029.7</ele>
      </trkpt>
      <trkpt lat="44.21255" lon="6.97422">
        <ele>1029.7</ele>
      </trkpt>
      <trkpt lat="44.21274" lon="6.97412">
        <ele>1030.2</ele>
      </trkpt>
      <trkpt lat="44.21274" lon="6.97412">
        <ele>1030.2</ele>
      </trkpt>
      <trkpt lat="44.2129" lon="6.97401">
        <ele>1030.9</ele>
      </trkpt>
      <trkpt lat="44.21309" lon="6.97384">
        <ele>1030.0</ele>
      </trkpt>
      <trkpt lat="44.21328" lon="6.97365">
        <ele>1027.3</ele>
      </trkpt>
      <trkpt lat="44.21351" lon="6.97336">
        <ele>1024.4</ele>
      </trkpt>
      <trkpt lat="44.21399" lon="6.97272">
        <ele>1027.8</ele>
      </trkpt>
      <trkpt lat="44.21447" lon="6.97209">
        <ele>1029.3</ele>
      </trkpt>
      <trkpt lat="44.21475" lon="6.97176">
        <ele>1028.2</ele>
      </trkpt>
      <trkpt lat="44.21499" lon="6.97151">
        <ele>1027.4</ele>
      </trkpt>
      <trkpt lat="44.21519" lon="6.97133">
        <ele>1031.4</ele>
      </trkpt>
      <trkpt lat="44.2154" lon="6.97122">
        <ele>1034.5</ele>
      </trkpt>
      <trkpt lat="44.21561" lon="6.97113">
        <ele>1036.6</ele>
      </trkpt>
      <trkpt lat="44.21602" lon="6.97103">
        <ele>1041.3</ele>
      </trkpt>
      <trkpt lat="44.21616" lon="6.97097">
        <ele>1042.3</ele>
      </trkpt>
      <trkpt lat="44.21634" lon="6.97087">
        <ele>1042.4</ele>
      </trkpt>
      <trkpt lat="44.2165" lon="6.97075">
        <ele>1043.1</ele>
      </trkpt>
      <trkpt lat="44.21668" lon="6.97061">
        <ele>1044.4</ele>
      </trkpt>
      <trkpt lat="44.21706" lon="6.97019">
        <ele>1050.5</ele>
      </trkpt>
      <trkpt lat="44.21757" lon="6.96954">
        <ele>1051.6</ele>
      </trkpt>
      <trkpt lat="44.21786" lon="6.9692">
        <ele>1055.5</ele>
      </trkpt>
      <trkpt lat="44.21801" lon="6.96904">
        <ele>1057.1</ele>
      </trkpt>
      <trkpt lat="44.21831" lon="6.96876">
        <ele>1054.2</ele>
      </trkpt>
      <trkpt lat="44.21844" lon="6.96863">
        <ele>1054.5</ele>
      </trkpt>
      <trkpt lat="44.21876" lon="6.96822">
        <ele>1052.9</ele>
      </trkpt>
      <trkpt lat="44.21886" lon="6.96813">
        <ele>1054.8</ele>
      </trkpt>
      <trkpt lat="44.21927" lon="6.96782">
        <ele>1058.0</ele>
      </trkpt>
      <trkpt lat="44.21936" lon="6.96773">
        <ele>1058.1</ele>
      </trkpt>
      <trkpt lat="44.21947" lon="6.9676">
        <ele>1056.8</ele>
      </trkpt>
      <trkpt lat="44.22002" lon="6.9668">
        <ele>1050.2</ele>
      </trkpt>
      <trkpt lat="44.22015" lon="6.96663">
        <ele>1049.1</ele>
      </trkpt>
      <trkpt lat="44.22029" lon="6.96649">
        <ele>1050.5</ele>
      </trkpt>
      <trkpt lat="44.22049" lon="6.96633">
        <ele>1051.8</ele>
      </trkpt>
      <trkpt lat="44.22123" lon="6.96577">
        <ele>1053.8</ele>
      </trkpt>
      <trkpt lat="44.22197" lon="6.96521">
        <ele>1054.1</ele>
      </trkpt>
      <trkpt lat="44.22271" lon="6.96466">
        <ele>1053.4</ele>
      </trkpt>
      <trkpt lat="44.22332" lon="6.96422">
        <ele>1050.6</ele>
      </trkpt>
      <trkpt lat="44.22393" lon="6.96378">
        <ele>1055.4</ele>
      </trkpt>
      <trkpt lat="44.22454" lon="6.96334">
        <ele>1055.4</ele>
      </trkpt>
      <trkpt lat="44.22468" lon="6.9632">
        <ele>1056.7</ele>
      </trkpt>
      <trkpt lat="44.22479" lon="6.96306">
        <ele>1057.3</ele>
      </trkpt>
      <trkpt lat="44.22488" lon="6.96289">
        <ele>1056.9</ele>
      </trkpt>
      <trkpt lat="44.22494" lon="6.96272">
        <ele>1055.8</ele>
      </trkpt>
      <trkpt lat="44.225" lon="6.96252">
        <ele>1054.2</ele>
      </trkpt>
      <trkpt lat="44.2252" lon="6.96143">
        <ele>1054.1</ele>
      </trkpt>
      <trkpt lat="44.22508" lon="6.96137">
        <ele>1053.1</ele>
      </trkpt>
      <trkpt lat="44.22515" lon="6.9613">
        <ele>1053.7</ele>
      </trkpt>
      <trkpt lat="44.22518" lon="6.96124">
        <ele>1054.0</ele>
      </trkpt>
      <trkpt lat="44.22532" lon="6.96047">
        <ele>1055.4</ele>
      </trkpt>
      <trkpt lat="44.22537" lon="6.96029">
        <ele>1055.6</ele>
      </trkpt>
      <trkpt lat="44.22547" lon="6.96005">
        <ele>1055.5</ele>
      </trkpt>
      <trkpt lat="44.2256" lon="6.95987">
        <ele>1055.5</ele>
      </trkpt>
      <trkpt lat="44.22579" lon="6.95971">
        <ele>1055.1</ele>
      </trkpt>
      <trkpt lat="44.22631" lon="6.95943">
        <ele>1056.7</ele>
      </trkpt>
      <trkpt lat="44.22684" lon="6.95914">
        <ele>1057.3</ele>
      </trkpt>
      <trkpt lat="44.22717" lon="6.95892">
        <ele>1057.7</ele>
      </trkpt>
      <trkpt lat="44.22785" lon="6.95836">
        <ele>1058.9</ele>
      </trkpt>
      <trkpt lat="44.22802" lon="6.95827">
        <ele>1059.2</ele>
      </trkpt>
      <trkpt lat="44.22835" lon="6.95813">
        <ele>1059.8</ele>
      </trkpt>
      <trkpt lat="44.2288" lon="6.95798">
        <ele>1059.9</ele>
      </trkpt>
      <trkpt lat="44.22905" lon="6.95783">
        <ele>1059.7</ele>
      </trkpt>
      <trkpt lat="44.22924" lon="6.95767">
        <ele>1059.5</ele>
      </trkpt>
      <trkpt lat="44.22948" lon="6.95739">
        <ele>1059.3</ele>
      </trkpt>
      <trkpt lat="44.22965" lon="6.95716">
        <ele>1059.8</ele>
      </trkpt>
      <trkpt lat="44.22988" lon="6.95682">
        <ele>1060.1</ele>
      </trkpt>
      <trkpt lat="44.23004" lon="6.95655">
        <ele>1060.1</ele>
      </trkpt>
      <trkpt lat="44.23037" lon="6.95584">
        <ele>1060.8</ele>
      </trkpt>
      <trkpt lat="44.23037" lon="6.95584">
        <ele>1060.8</ele>
      </trkpt>
      <trkpt lat="44.23092" lon="6.95504">
        <ele>1063.1</ele>
      </trkpt>
      <trkpt lat="44.23124" lon="6.95454">
        <ele>1064.6</ele>
      </trkpt>
      <trkpt lat="44.23156" lon="6.95405">
        <ele>1064.2</ele>
      </trkpt>
      <trkpt lat="44.23178" lon="6.95364">
        <ele>1065.3</ele>
      </trkpt>
      <trkpt lat="44.23189" lon="6.95339">
        <ele>1066.2</ele>
      </trkpt>
      <trkpt lat="44.2323" lon="6.95229">
        <ele>1070.5</ele>
      </trkpt>
      <trkpt lat="44.23257" lon="6.9516">
        <ele>1070.0</ele>
      </trkpt>
      <trkpt lat="44.23264" lon="6.95146">
        <ele>1071.2</ele>
      </trkpt>
      <trkpt lat="44.23276" lon="6.95137">
        <ele>1072.1</ele>
      </trkpt>
      <trkpt lat="44.233" lon="6.95081">
        <ele>1076.6</ele>
      </trkpt>
      <trkpt lat="44.23324" lon="6.95026">
        <ele>1081.1</ele>
      </trkpt>
      <trkpt lat="44.23349" lon="6.94971">
        <ele>1085.7</ele>
      </trkpt>
      <trkpt lat="44.23362" lon="6.94943">
        <ele>1088.1</ele>
      </trkpt>
      <trkpt lat="44.23376" lon="6.9492">
        <ele>1088.1</ele>
      </trkpt>
      <trkpt lat="44.2342" lon="6.94862">
        <ele>1091.0</ele>
      </trkpt>
      <trkpt lat="44.23429" lon="6.94853">
        <ele>1091.8</ele>
      </trkpt>
      <trkpt lat="44.2346" lon="6.94846">
        <ele>1086.1</ele>
      </trkpt>
      <trkpt lat="44.23467" lon="6.94843">
        <ele>1084.9</ele>
      </trkpt>
      <trkpt lat="44.23471" lon="6.94835">
        <ele>1085.1</ele>
      </trkpt>
      <trkpt lat="44.23475" lon="6.94823">
        <ele>1087.4</ele>
      </trkpt>
      <trkpt lat="44.2348" lon="6.94811">
        <ele>1089.4</ele>
      </trkpt>
      <trkpt lat="44.2353" lon="6.94763">
        <ele>1087.3</ele>
      </trkpt>
      <trkpt lat="44.23561" lon="6.94726">
        <ele>1086.6</ele>
      </trkpt>
      <trkpt lat="44.23579" lon="6.94691">
        <ele>1085.7</ele>
      </trkpt>
      <trkpt lat="44.23605" lon="6.94652">
        <ele>1088.1</ele>
      </trkpt>
      <trkpt lat="44.23632" lon="6.94615">
        <ele>1091.1</ele>
      </trkpt>
      <trkpt lat="44.23646" lon="6.94597">
        <ele>1090.3</ele>
      </trkpt>
      <trkpt lat="44.23674" lon="6.94576">
        <ele>1085.8</ele>
      </trkpt>
      <trkpt lat="44.23691" lon="6.9456">
        <ele>1087.0</ele>
      </trkpt>
      <trkpt lat="44.23705" lon="6.94542">
        <ele>1088.2</ele>
      </trkpt>
      <trkpt lat="44.23722" lon="6.94534">
        <ele>1086.8</ele>
      </trkpt>
      <trkpt lat="44.23761" lon="6.94535">
        <ele>1082.3</ele>
      </trkpt>
      <trkpt lat="44.23801" lon="6.94532">
        <ele>1082.8</ele>
      </trkpt>
      <trkpt lat="44.23827" lon="6.94532">
        <ele>1082.9</ele>
      </trkpt>
      <trkpt lat="44.23827" lon="6.94528">
        <ele>1083.3</ele>
      </trkpt>
      <trkpt lat="44.23843" lon="6.94528">
        <ele>1083.3</ele>
      </trkpt>
      <trkpt lat="44.23878" lon="6.94519">
        <ele>1084.0</ele>
      </trkpt>
      <trkpt lat="44.23902" lon="6.9451">
        <ele>1084.5</ele>
      </trkpt>
      <trkpt lat="44.2391" lon="6.94504">
        <ele>1084.8</ele>
      </trkpt>
      <trkpt lat="44.23925" lon="6.9449">
        <ele>1086.9</ele>
      </trkpt>
      <trkpt lat="44.23932" lon="6.94477">
        <ele>1089.0</ele>
      </trkpt>
      <trkpt lat="44.23937" lon="6.94464">
        <ele>1090.8</ele>
      </trkpt>
      <trkpt lat="44.23939" lon="6.94455">
        <ele>1092.1</ele>
      </trkpt>
      <trkpt lat="44.23939" lon="6.94444">
        <ele>1093.9</ele>
      </trkpt>
      <trkpt lat="44.23931" lon="6.94389">
        <ele>1103.6</ele>
      </trkpt>
      <trkpt lat="44.23932" lon="6.9438">
        <ele>1104.5</ele>
      </trkpt>
      <trkpt lat="44.23935" lon="6.94371">
        <ele>1105.1</ele>
      </trkpt>
      <trkpt lat="44.23938" lon="6.94367">
        <ele>1105.1</ele>
      </trkpt>
      <trkpt lat="44.23944" lon="6.94363">
        <ele>1104.5</ele>
      </trkpt>
      <trkpt lat="44.23958" lon="6.94357">
        <ele>1102.8</ele>
      </trkpt>
      <trkpt lat="44.23994" lon="6.94334">
        <ele>1099.9</ele>
      </trkpt>
      <trkpt lat="44.23994" lon="6.94334">
        <ele>1099.9</ele>
      </trkpt>
      <trkpt lat="44.24013" lon="6.94321">
        <ele>1099.3</ele>
      </trkpt>
      <trkpt lat="44.24021" lon="6.94314">
        <ele>1099.3</ele>
      </trkpt>
      <trkpt lat="44.24033" lon="6.94298">
        <ele>1099.8</ele>
      </trkpt>
      <trkpt lat="44.24037" lon="6.94288">
        <ele>1100.6</ele>
      </trkpt>
      <trkpt lat="44.24037" lon="6.94288">
        <ele>1100.6</ele>
      </trkpt>
      <trkpt lat="44.24037" lon="6.94288">
        <ele>1100.6</ele>
      </trkpt>
      <trkpt lat="44.24048" lon="6.9426">
        <ele>1102.3</ele>
      </trkpt>
      <trkpt lat="44.2406" lon="6.94242">
        <ele>1102.4</ele>
      </trkpt>
      <trkpt lat="44.241" lon="6.94196">
        <ele>1103.1</ele>
      </trkpt>
      <trkpt lat="44.24138" lon="6.94156">
        <ele>1101.1</ele>
      </trkpt>
      <trkpt lat="44.24198" lon="6.94106">
        <ele>1105.6</ele>
      </trkpt>
      <trkpt lat="44.24222" lon="6.94068">
        <ele>1113.2</ele>
      </trkpt>
      <trkpt lat="44.24249" lon="6.94034">
        <ele>1121.4</ele>
      </trkpt>
      <trkpt lat="44.24269" lon="6.94015">
        <ele>1122.9</ele>
      </trkpt>
      <trkpt lat="44.24314" lon="6.93983">
        <ele>1116.9</ele>
      </trkpt>
      <trkpt lat="44.24355" lon="6.9395">
        <ele>1115.3</ele>
      </trkpt>
      <trkpt lat="44.24384" lon="6.93913">
        <ele>1116.3</ele>
      </trkpt>
      <trkpt lat="44.24411" lon="6.93871">
        <ele>1119.1</ele>
      </trkpt>
      <trkpt lat="44.24428" lon="6.93843">
        <ele>1123.0</ele>
      </trkpt>
      <trkpt lat="44.2445" lon="6.93815">
        <ele>1126.7</ele>
      </trkpt>
      <trkpt lat="44.24492" lon="6.93737">
        <ele>1133.9</ele>
      </trkpt>
      <trkpt lat="44.24502" lon="6.93724">
        <ele>1134.1</ele>
      </trkpt>
      <trkpt lat="44.2452" lon="6.93704">
        <ele>1135.5</ele>
      </trkpt>
      <trkpt lat="44.24543" lon="6.93686">
        <ele>1135.2</ele>
      </trkpt>
      <trkpt lat="44.24551" lon="6.93673">
        <ele>1135.8</ele>
      </trkpt>
      <trkpt lat="44.24562" lon="6.93635">
        <ele>1138.1</ele>
      </trkpt>
      <trkpt lat="44.2457" lon="6.93629">
        <ele>1137.0</ele>
      </trkpt>
      <trkpt lat="44.24586" lon="6.9362">
        <ele>1134.5</ele>
      </trkpt>
      <trkpt lat="44.24602" lon="6.93608">
        <ele>1132.9</ele>
      </trkpt>
      <trkpt lat="44.24613" lon="6.9359">
        <ele>1132.5</ele>
      </trkpt>
      <trkpt lat="44.24623" lon="6.93571">
        <ele>1133.5</ele>
      </trkpt>
      <trkpt lat="44.24636" lon="6.93529">
        <ele>1138.0</ele>
      </trkpt>
      <trkpt lat="44.24639" lon="6.93524">
        <ele>1138.1</ele>
      </trkpt>
      <trkpt lat="44.24646" lon="6.93513">
        <ele>1138.2</ele>
      </trkpt>
      <trkpt lat="44.24666" lon="6.9349">
        <ele>1137.9</ele>
      </trkpt>
      <trkpt lat="44.24666" lon="6.9349">
        <ele>1137.9</ele>
      </trkpt>
      <trkpt lat="44.24704" lon="6.93448">
        <ele>1138.9</ele>
      </trkpt>
      <trkpt lat="44.24722" lon="6.93431">
        <ele>1135.4</ele>
      </trkpt>
      <trkpt lat="44.24728" lon="6.93425">
        <ele>1133.8</ele>
      </trkpt>
      <trkpt lat="44.24747" lon="6.9338">
        <ele>1129.5</ele>
      </trkpt>
      <trkpt lat="44.24756" lon="6.93366">
        <ele>1128.1</ele>
      </trkpt>
      <trkpt lat="44.24774" lon="6.93349">
        <ele>1126.3</ele>
      </trkpt>
      <trkpt lat="44.24781" lon="6.93347">
        <ele>1125.3</ele>
      </trkpt>
      <trkpt lat="44.24815" lon="6.93366">
        <ele>1118.9</ele>
      </trkpt>
      <trkpt lat="44.24823" lon="6.93365">
        <ele>1117.7</ele>
      </trkpt>
      <trkpt lat="44.24829" lon="6.93362">
        <ele>1117.0</ele>
      </trkpt>
      <trkpt lat="44.24841" lon="6.93352">
        <ele>1116.5</ele>
      </trkpt>
      <trkpt lat="44.24858" lon="6.93325">
        <ele>1117.2</ele>
      </trkpt>
      <trkpt lat="44.24888" lon="6.93286">
        <ele>1117.9</ele>
      </trkpt>
      <trkpt lat="44.24924" lon="6.93234">
        <ele>1118.9</ele>
      </trkpt>
      <trkpt lat="44.24939" lon="6.93217">
        <ele>1120.0</ele>
      </trkpt>
      <trkpt lat="44.24954" lon="6.93203">
        <ele>1121.1</ele>
      </trkpt>
      <trkpt lat="44.24969" lon="6.93194">
        <ele>1122.0</ele>
      </trkpt>
      <trkpt lat="44.25008" lon="6.93161">
        <ele>1125.9</ele>
      </trkpt>
      <trkpt lat="44.25013" lon="6.9316">
        <ele>1126.2</ele>
      </trkpt>
      <trkpt lat="44.2502" lon="6.93164">
        <ele>1126.0</ele>
      </trkpt>
      <trkpt lat="44.25067" lon="6.93217">
        <ele>1122.6</ele>
      </trkpt>
      <trkpt lat="44.25071" lon="6.93216">
        <ele>1122.8</ele>
      </trkpt>
      <trkpt lat="44.25074" lon="6.93211">
        <ele>1123.4</ele>
      </trkpt>
      <trkpt lat="44.25092" lon="6.93176">
        <ele>1126.4</ele>
      </trkpt>
      <trkpt lat="44.25125" lon="6.93104">
        <ele>1128.9</ele>
      </trkpt>
      <trkpt lat="44.25144" lon="6.93077">
        <ele>1129.3</ele>
      </trkpt>
      <trkpt lat="44.25156" lon="6.93057">
        <ele>1131.0</ele>
      </trkpt>
      <trkpt lat="44.25167" lon="6.93032">
        <ele>1134.0</ele>
      </trkpt>
      <trkpt lat="44.25179" lon="6.93009">
        <ele>1135.8</ele>
      </trkpt>
      <trkpt lat="44.2519" lon="6.92994">
        <ele>1136.0</ele>
      </trkpt>
      <trkpt lat="44.25203" lon="6.92981">
        <ele>1135.4</ele>
      </trkpt>
      <trkpt lat="44.25209" lon="6.92972">
        <ele>1135.4</ele>
      </trkpt>
      <trkpt lat="44.25216" lon="6.92959">
        <ele>1135.7</ele>
      </trkpt>
      <trkpt lat="44.25223" lon="6.92941">
        <ele>1136.6</ele>
      </trkpt>
      <trkpt lat="44.25236" lon="6.92917">
        <ele>1137.1</ele>
      </trkpt>
      <trkpt lat="44.25251" lon="6.92901">
        <ele>1137.3</ele>
      </trkpt>
      <trkpt lat="44.25264" lon="6.9289">
        <ele>1137.5</ele>
      </trkpt>
      <trkpt lat="44.25273" lon="6.92879">
        <ele>1138.0</ele>
      </trkpt>
      <trkpt lat="44.25277" lon="6.92873">
        <ele>1138.4</ele>
      </trkpt>
      <trkpt lat="44.25283" lon="6.92866">
        <ele>1138.6</ele>
      </trkpt>
      <trkpt lat="44.25294" lon="6.92846">
        <ele>1139.9</ele>
      </trkpt>
      <trkpt lat="44.253" lon="6.92834">
        <ele>1140.7</ele>
      </trkpt>
      <trkpt lat="44.2531" lon="6.92819">
        <ele>1141.7</ele>
      </trkpt>
      <trkpt lat="44.25315" lon="6.92815">
        <ele>1141.7</ele>
      </trkpt>
      <trkpt lat="44.25316" lon="6.92818">
        <ele>1141.1</ele>
      </trkpt>
      <trkpt lat="44.25318" lon="6.92821">
        <ele>1140.3</ele>
      </trkpt>
      <trkpt lat="44.25321" lon="6.92822">
        <ele>1139.7</ele>
      </trkpt>
      <trkpt lat="44.25324" lon="6.92822">
        <ele>1139.3</ele>
      </trkpt>
      <trkpt lat="44.25327" lon="6.9282">
        <ele>1139.2</ele>
      </trkpt>
      <trkpt lat="44.25329" lon="6.92818">
        <ele>1139.3</ele>
      </trkpt>
      <trkpt lat="44.2533" lon="6.92814">
        <ele>1139.9</ele>
      </trkpt>
      <trkpt lat="44.25331" lon="6.9281">
        <ele>1140.5</ele>
      </trkpt>
      <trkpt lat="44.2533" lon="6.92806">
        <ele>1141.3</ele>
      </trkpt>
      <trkpt lat="44.25328" lon="6.92803">
        <ele>1142.1</ele>
      </trkpt>
      <trkpt lat="44.25326" lon="6.92801">
        <ele>1142.7</ele>
      </trkpt>
      <trkpt lat="44.25323" lon="6.92799">
        <ele>1143.4</ele>
      </trkpt>
      <trkpt lat="44.25324" lon="6.92796">
        <ele>1143.8</ele>
      </trkpt>
      <trkpt lat="44.25332" lon="6.92783">
        <ele>1145.2</ele>
      </trkpt>
      <trkpt lat="44.25341" lon="6.92773">
        <ele>1145.8</ele>
      </trkpt>
      <trkpt lat="44.25353" lon="6.92766">
        <ele>1145.5</ele>
      </trkpt>
      <trkpt lat="44.25373" lon="6.92759">
        <ele>1144.1</ele>
      </trkpt>
      <trkpt lat="44.25413" lon="6.92748">
        <ele>1140.7</ele>
      </trkpt>
      <trkpt lat="44.25422" lon="6.92743">
        <ele>1140.7</ele>
      </trkpt>
      <trkpt lat="44.2546" lon="6.92712">
        <ele>1142.7</ele>
      </trkpt>
      <trkpt lat="44.25479" lon="6.92693">
        <ele>1143.7</ele>
      </trkpt>
      <trkpt lat="44.25506" lon="6.92668">
        <ele>1144.8</ele>
      </trkpt>
      <trkpt lat="44.25522" lon="6.92651">
        <ele>1146.1</ele>
      </trkpt>
      <trkpt lat="44.25535" lon="6.92631">
        <ele>1148.0</ele>
      </trkpt>
      <trkpt lat="44.25544" lon="6.92614">
        <ele>1149.9</ele>
      </trkpt>
      <trkpt lat="44.25551" lon="6.92596">
        <ele>1152.1</ele>
      </trkpt>
      <trkpt lat="44.25558" lon="6.92578">
        <ele>1154.0</ele>
      </trkpt>
      <trkpt lat="44.25565" lon="6.92576">
        <ele>1154.3</ele>
      </trkpt>
      <trkpt lat="44.2557" lon="6.92577">
        <ele>1154.5</ele>
      </trkpt>
      <trkpt lat="44.2558" lon="6.92585">
        <ele>1154.6</ele>
      </trkpt>
      <trkpt lat="44.25585" lon="6.92574">
        <ele>1155.2</ele>
      </trkpt>
      <trkpt lat="44.25589" lon="6.92565">
        <ele>1155.3</ele>
      </trkpt>
      <trkpt lat="44.25591" lon="6.9256">
        <ele>1155.3</ele>
      </trkpt>
      <trkpt lat="44.25603" lon="6.92567">
        <ele>1154.8</ele>
      </trkpt>
      <trkpt lat="44.25613" lon="6.92569">
        <ele>1154.4</ele>
      </trkpt>
      <trkpt lat="44.25624" lon="6.92571">
        <ele>1154.0</ele>
      </trkpt>
      <trkpt lat="44.25666" lon="6.9257">
        <ele>1152.7</ele>
      </trkpt>
      <trkpt lat="44.25685" lon="6.92568">
        <ele>1150.7</ele>
      </trkpt>
      <trkpt lat="44.25697" lon="6.92562">
        <ele>1149.7</ele>
      </trkpt>
      <trkpt lat="44.2571" lon="6.92546">
        <ele>1148.9</ele>
      </trkpt>
      <trkpt lat="44.25722" lon="6.92528">
        <ele>1148.2</ele>
      </trkpt>
      <trkpt lat="44.25723" lon="6.92523">
        <ele>1148.3</ele>
      </trkpt>
      <trkpt lat="44.25734" lon="6.92503">
        <ele>1147.8</ele>
      </trkpt>
      <trkpt lat="44.2575" lon="6.92482">
        <ele>1146.4</ele>
      </trkpt>
      <trkpt lat="44.2577" lon="6.9251">
        <ele>1145.4</ele>
      </trkpt>
      <trkpt lat="44.2577" lon="6.9251">
        <ele>1145.4</ele>
      </trkpt>
      <trkpt lat="44.25781" lon="6.92525">
        <ele>1144.8</ele>
      </trkpt>
      <trkpt lat="44.25798" lon="6.92503">
        <ele>1145.3</ele>
      </trkpt>
      <trkpt lat="44.258" lon="6.92499">
        <ele>1145.4</ele>
      </trkpt>
      <trkpt lat="44.25832" lon="6.92551">
        <ele>1149.1</ele>
      </trkpt>
      <trkpt lat="44.25858" lon="6.926">
        <ele>1152.4</ele>
      </trkpt>
      <trkpt lat="44.25861" lon="6.92602">
        <ele>1152.6</ele>
      </trkpt>
      <trkpt lat="44.25867" lon="6.926">
        <ele>1153.1</ele>
      </trkpt>
      <trkpt lat="44.25876" lon="6.92593">
        <ele>1153.9</ele>
      </trkpt>
      <trkpt lat="44.25893" lon="6.92572">
        <ele>1154.4</ele>
      </trkpt>
      <trkpt lat="44.25913" lon="6.92542">
        <ele>1155.0</ele>
      </trkpt>
      <trkpt lat="44.25913" lon="6.92542">
        <ele>1155.0</ele>
      </trkpt>
      <trkpt lat="44.25931" lon="6.92513">
        <ele>1157.4</ele>
      </trkpt>
      <trkpt lat="44.25936" lon="6.92501">
        <ele>1157.4</ele>
      </trkpt>
      <trkpt lat="44.25939" lon="6.9249">
        <ele>1158.0</ele>
      </trkpt>
      <trkpt lat="44.2594" lon="6.92466">
        <ele>1157.7</ele>
      </trkpt>
      <trkpt lat="44.25942" lon="6.92447">
        <ele>1158.1</ele>
      </trkpt>
      <trkpt lat="44.25946" lon="6.92433">
        <ele>1158.5</ele>
      </trkpt>
      <trkpt lat="44.2595" lon="6.92423">
        <ele>1158.8</ele>
      </trkpt>
      <trkpt lat="44.25955" lon="6.92408">
        <ele>1159.3</ele>
      </trkpt>
      <trkpt lat="44.25958" lon="6.92394">
        <ele>1159.7</ele>
      </trkpt>
      <trkpt lat="44.25964" lon="6.92354">
        <ele>1159.9</ele>
      </trkpt>
      <trkpt lat="44.25992" lon="6.92277">
        <ele>1164.2</ele>
      </trkpt>
      <trkpt lat="44.25997" lon="6.92264">
        <ele>1164.8</ele>
      </trkpt>
      <trkpt lat="44.26016" lon="6.92231">
        <ele>1166.2</ele>
      </trkpt>
      <trkpt lat="44.26033" lon="6.9221">
        <ele>1167.1</ele>
      </trkpt>
      <trkpt lat="44.26045" lon="6.92201">
        <ele>1168.2</ele>
      </trkpt>
      <trkpt lat="44.26057" lon="6.92198">
        <ele>1170.0</ele>
      </trkpt>
      <trkpt lat="44.26066" lon="6.92192">
        <ele>1170.8</ele>
      </trkpt>
      <trkpt lat="44.26107" lon="6.92162">
        <ele>1172.9</ele>
      </trkpt>
      <trkpt lat="44.26122" lon="6.92164">
        <ele>1174.7</ele>
      </trkpt>
      <trkpt lat="44.26146" lon="6.92163">
        <ele>1177.6</ele>
      </trkpt>
      <trkpt lat="44.26153" lon="6.92161">
        <ele>1178.5</ele>
      </trkpt>
      <trkpt lat="44.26158" lon="6.92156">
        <ele>1179.3</ele>
      </trkpt>
      <trkpt lat="44.26166" lon="6.92147">
        <ele>1180.6</ele>
      </trkpt>
      <trkpt lat="44.26175" lon="6.9214">
        <ele>1182.3</ele>
      </trkpt>
      <trkpt lat="44.26195" lon="6.92141">
        <ele>1185.6</ele>
      </trkpt>
      <trkpt lat="44.26221" lon="6.92145">
        <ele>1189.6</ele>
      </trkpt>
      <trkpt lat="44.26269" lon="6.92162">
        <ele>1197.0</ele>
      </trkpt>
      <trkpt lat="44.26285" lon="6.92163">
        <ele>1200.1</ele>
      </trkpt>
      <trkpt lat="44.26306" lon="6.92159">
        <ele>1204.0</ele>
      </trkpt>
      <trkpt lat="44.26351" lon="6.92141">
        <ele>1206.9</ele>
      </trkpt>
      <trkpt lat="44.26406" lon="6.92143">
        <ele>1207.0</ele>
      </trkpt>
      <trkpt lat="44.26461" lon="6.92146">
        <ele>1206.2</ele>
      </trkpt>
      <trkpt lat="44.26536" lon="6.92158">
        <ele>1213.0</ele>
      </trkpt>
      <trkpt lat="44.26561" lon="6.92157">
        <ele>1216.6</ele>
      </trkpt>
      <trkpt lat="44.26587" lon="6.92149">
        <ele>1218.3</ele>
      </trkpt>
      <trkpt lat="44.26615" lon="6.92138">
        <ele>1219.6</ele>
      </trkpt>
      <trkpt lat="44.26647" lon="6.92121">
        <ele>1218.6</ele>
      </trkpt>
      <trkpt lat="44.26708" lon="6.92106">
        <ele>1220.4</ele>
      </trkpt>
      <trkpt lat="44.26744" lon="6.92089">
        <ele>1219.0</ele>
      </trkpt>
      <trkpt lat="44.26765" lon="6.92083">
        <ele>1219.4</ele>
      </trkpt>
      <trkpt lat="44.26786" lon="6.92081">
        <ele>1221.6</ele>
      </trkpt>
      <trkpt lat="44.26806" lon="6.92085">
        <ele>1223.2</ele>
      </trkpt>
      <trkpt lat="44.26827" lon="6.92093">
        <ele>1227.3</ele>
      </trkpt>
      <trkpt lat="44.26847" lon="6.92104">
        <ele>1231.0</ele>
      </trkpt>
      <trkpt lat="44.26923" lon="6.92118">
        <ele>1235.0</ele>
      </trkpt>
      <trkpt lat="44.26971" lon="6.92109">
        <ele>1232.3</ele>
      </trkpt>
      <trkpt lat="44.27011" lon="6.92096">
        <ele>1230.0</ele>
      </trkpt>
      <trkpt lat="44.27033" lon="6.92083">
        <ele>1229.2</ele>
      </trkpt>
      <trkpt lat="44.27069" lon="6.9204">
        <ele>1231.1</ele>
      </trkpt>
      <trkpt lat="44.27102" lon="6.9198">
        <ele>1237.4</ele>
      </trkpt>
      <trkpt lat="44.27133" lon="6.91911">
        <ele>1246.1</ele>
      </trkpt>
      <trkpt lat="44.27149" lon="6.91868">
        <ele>1247.8</ele>
      </trkpt>
      <trkpt lat="44.27166" lon="6.91819">
        <ele>1245.2</ele>
      </trkpt>
      <trkpt lat="44.27173" lon="6.91805">
        <ele>1248.9</ele>
      </trkpt>
      <trkpt lat="44.27183" lon="6.91789">
        <ele>1252.2</ele>
      </trkpt>
      <trkpt lat="44.272" lon="6.91771">
        <ele>1253.3</ele>
      </trkpt>
      <trkpt lat="44.27222" lon="6.91753">
        <ele>1249.5</ele>
      </trkpt>
      <trkpt lat="44.27251" lon="6.91735">
        <ele>1245.9</ele>
      </trkpt>
      <trkpt lat="44.27284" lon="6.91721">
        <ele>1249.7</ele>
      </trkpt>
      <trkpt lat="44.27335" lon="6.91697">
        <ele>1247.7</ele>
      </trkpt>
      <trkpt lat="44.27358" lon="6.91677">
        <ele>1248.6</ele>
      </trkpt>
      <trkpt lat="44.27368" lon="6.91663">
        <ele>1248.5</ele>
      </trkpt>
      <trkpt lat="44.27377" lon="6.91647">
        <ele>1251.1</ele>
      </trkpt>
      <trkpt lat="44.27388" lon="6.91617">
        <ele>1252.7</ele>
      </trkpt>
      <trkpt lat="44.274" lon="6.9158">
        <ele>1252.1</ele>
      </trkpt>
      <trkpt lat="44.2742" lon="6.91532">
        <ele>1252.8</ele>
      </trkpt>
      <trkpt lat="44.27432" lon="6.9151">
        <ele>1253.0</ele>
      </trkpt>
      <trkpt lat="44.27443" lon="6.91495">
        <ele>1253.2</ele>
      </trkpt>
      <trkpt lat="44.27504" lon="6.91402">
        <ele>1254.5</ele>
      </trkpt>
      <trkpt lat="44.27551" lon="6.91324">
        <ele>1264.1</ele>
      </trkpt>
      <trkpt lat="44.27591" lon="6.9125">
        <ele>1264.2</ele>
      </trkpt>
      <trkpt lat="44.27613" lon="6.91177">
        <ele>1269.1</ele>
      </trkpt>
      <trkpt lat="44.27628" lon="6.9112">
        <ele>1271.2</ele>
      </trkpt>
      <trkpt lat="44.27644" lon="6.91071">
        <ele>1269.9</ele>
      </trkpt>
      <trkpt lat="44.27664" lon="6.9105">
        <ele>1267.6</ele>
      </trkpt>
      <trkpt lat="44.27707" lon="6.91028">
        <ele>1277.4</ele>
      </trkpt>
      <trkpt lat="44.27737" lon="6.90999">
        <ele>1277.7</ele>
      </trkpt>
      <trkpt lat="44.27759" lon="6.90971">
        <ele>1281.4</ele>
      </trkpt>
      <trkpt lat="44.27784" lon="6.90914">
        <ele>1283.7</ele>
      </trkpt>
      <trkpt lat="44.27804" lon="6.90832">
        <ele>1280.9</ele>
      </trkpt>
      <trkpt lat="44.2782" lon="6.90807">
        <ele>1282.4</ele>
      </trkpt>
      <trkpt lat="44.27858" lon="6.90769">
        <ele>1289.7</ele>
      </trkpt>
      <trkpt lat="44.27899" lon="6.90713">
        <ele>1295.9</ele>
      </trkpt>
      <trkpt lat="44.27929" lon="6.90662">
        <ele>1293.1</ele>
      </trkpt>
      <trkpt lat="44.27947" lon="6.90616">
        <ele>1301.5</ele>
      </trkpt>
      <trkpt lat="44.27962" lon="6.90554">
        <ele>1303.6</ele>
      </trkpt>
      <trkpt lat="44.28" lon="6.90493">
        <ele>1297.3</ele>
      </trkpt>
      <trkpt lat="44.28043" lon="6.90421">
        <ele>1307.1</ele>
      </trkpt>
      <trkpt lat="44.28068" lon="6.90381">
        <ele>1304.8</ele>
      </trkpt>
      <trkpt lat="44.2811" lon="6.90352">
        <ele>1306.3</ele>
      </trkpt>
      <trkpt lat="44.28166" lon="6.90322">
        <ele>1315.9</ele>
      </trkpt>
      <trkpt lat="44.28219" lon="6.90276">
        <ele>1320.1</ele>
      </trkpt>
      <trkpt lat="44.28219" lon="6.90276">
        <ele>1320.1</ele>
      </trkpt>
      <trkpt lat="44.28239" lon="6.90259">
        <ele>1315.7</ele>
      </trkpt>
      <trkpt lat="44.28265" lon="6.90226">
        <ele>1317.0</ele>
      </trkpt>
      <trkpt lat="44.28321" lon="6.90201">
        <ele>1324.4</ele>
      </trkpt>
      <trkpt lat="44.28354" lon="6.90204">
        <ele>1334.4</ele>
      </trkpt>
      <trkpt lat="44.28367" lon="6.90191">
        <ele>1332.7</ele>
      </trkpt>
      <trkpt lat="44.28385" lon="6.9016">
        <ele>1324.8</ele>
      </trkpt>
      <trkpt lat="44.28425" lon="6.90129">
        <ele>1326.6</ele>
      </trkpt>
      <trkpt lat="44.28471" lon="6.90103">
        <ele>1333.4</ele>
      </trkpt>
      <trkpt lat="44.28524" lon="6.90061">
        <ele>1334.5</ele>
      </trkpt>
      <trkpt lat="44.28538" lon="6.90054">
        <ele>1336.1</ele>
      </trkpt>
      <trkpt lat="44.28569" lon="6.90056">
        <ele>1344.6</ele>
      </trkpt>
      <trkpt lat="44.28583" lon="6.90054">
        <ele>1347.3</ele>
      </trkpt>
      <trkpt lat="44.28601" lon="6.90044">
        <ele>1346.8</ele>
      </trkpt>
      <trkpt lat="44.2864" lon="6.90045">
        <ele>1354.6</ele>
      </trkpt>
      <trkpt lat="44.28655" lon="6.90037">
        <ele>1353.6</ele>
      </trkpt>
      <trkpt lat="44.28663" lon="6.90024">
        <ele>1353.5</ele>
      </trkpt>
      <trkpt lat="44.28669" lon="6.90008">
        <ele>1353.4</ele>
      </trkpt>
      <trkpt lat="44.28679" lon="6.8995">
        <ele>1353.2</ele>
      </trkpt>
      <trkpt lat="44.28682" lon="6.89929">
        <ele>1353.2</ele>
      </trkpt>
      <trkpt lat="44.28678" lon="6.89922">
        <ele>1353.2</ele>
      </trkpt>
      <trkpt lat="44.28672" lon="6.89915">
        <ele>1353.6</ele>
      </trkpt>
      <trkpt lat="44.28667" lon="6.8991">
        <ele>1354.4</ele>
      </trkpt>
      <trkpt lat="44.2864" lon="6.89879">
        <ele>1357.6</ele>
      </trkpt>
      <trkpt lat="44.28609" lon="6.89854">
        <ele>1355.1</ele>
      </trkpt>
      <trkpt lat="44.286" lon="6.89843">
        <ele>1354.8</ele>
      </trkpt>
      <trkpt lat="44.28597" lon="6.89829">
        <ele>1357.1</ele>
      </trkpt>
      <trkpt lat="44.28598" lon="6.8978">
        <ele>1370.4</ele>
      </trkpt>
      <trkpt lat="44.28594" lon="6.89744">
        <ele>1376.4</ele>
      </trkpt>
      <trkpt lat="44.28587" lon="6.89719">
        <ele>1372.0</ele>
      </trkpt>
      <trkpt lat="44.28581" lon="6.89699">
        <ele>1368.9</ele>
      </trkpt>
      <trkpt lat="44.28574" lon="6.89669">
        <ele>1367.8</ele>
      </trkpt>
      <trkpt lat="44.28575" lon="6.8965">
        <ele>1367.7</ele>
      </trkpt>
      <trkpt lat="44.28583" lon="6.89623">
        <ele>1366.0</ele>
      </trkpt>
      <trkpt lat="44.28596" lon="6.8959">
        <ele>1371.1</ele>
      </trkpt>
      <trkpt lat="44.2861" lon="6.89566">
        <ele>1377.1</ele>
      </trkpt>
      <trkpt lat="44.28621" lon="6.89537">
        <ele>1381.3</ele>
      </trkpt>
      <trkpt lat="44.28625" lon="6.89516">
        <ele>1382.4</ele>
      </trkpt>
      <trkpt lat="44.28626" lon="6.89496">
        <ele>1381.9</ele>
      </trkpt>
      <trkpt lat="44.2862" lon="6.89476">
        <ele>1377.7</ele>
      </trkpt>
      <trkpt lat="44.2861" lon="6.89453">
        <ele>1372.6</ele>
      </trkpt>
      <trkpt lat="44.28604" lon="6.89431">
        <ele>1369.3</ele>
      </trkpt>
      <trkpt lat="44.28608" lon="6.89402">
        <ele>1370.1</ele>
      </trkpt>
      <trkpt lat="44.28616" lon="6.89384">
        <ele>1373.5</ele>
      </trkpt>
      <trkpt lat="44.28616" lon="6.89362">
        <ele>1375.5</ele>
      </trkpt>
      <trkpt lat="44.28618" lon="6.89342">
        <ele>1377.9</ele>
      </trkpt>
      <trkpt lat="44.2862" lon="6.89321">
        <ele>1382.2</ele>
      </trkpt>
      <trkpt lat="44.28618" lon="6.89312">
        <ele>1383.7</ele>
      </trkpt>
      <trkpt lat="44.28611" lon="6.89299">
        <ele>1384.3</ele>
      </trkpt>
      <trkpt lat="44.28608" lon="6.8929">
        <ele>1385.3</ele>
      </trkpt>
      <trkpt lat="44.28603" lon="6.89239">
        <ele>1392.4</ele>
      </trkpt>
      <trkpt lat="44.28598" lon="6.89183">
        <ele>1389.6</ele>
      </trkpt>
      <trkpt lat="44.28599" lon="6.89166">
        <ele>1389.8</ele>
      </trkpt>
      <trkpt lat="44.28606" lon="6.89148">
        <ele>1391.9</ele>
      </trkpt>
      <trkpt lat="44.28615" lon="6.8913">
        <ele>1394.4</ele>
      </trkpt>
      <trkpt lat="44.28623" lon="6.8911">
        <ele>1395.9</ele>
      </trkpt>
      <trkpt lat="44.28628" lon="6.89065">
        <ele>1394.8</ele>
      </trkpt>
      <trkpt lat="44.28637" lon="6.89046">
        <ele>1395.8</ele>
      </trkpt>
      <trkpt lat="44.28654" lon="6.8903">
        <ele>1397.0</ele>
      </trkpt>
      <trkpt lat="44.2868" lon="6.88997">
        <ele>1403.0</ele>
      </trkpt>
      <trkpt lat="44.28683" lon="6.88981">
        <ele>1406.7</ele>
      </trkpt>
      <trkpt lat="44.28684" lon="6.88933">
        <ele>1412.8</ele>
      </trkpt>
      <trkpt lat="44.28681" lon="6.88919">
        <ele>1412.2</ele>
      </trkpt>
      <trkpt lat="44.28673" lon="6.88901">
        <ele>1411.4</ele>
      </trkpt>
      <trkpt lat="44.28655" lon="6.8889">
        <ele>1408.0</ele>
      </trkpt>
      <trkpt lat="44.28632" lon="6.88857">
        <ele>1410.2</ele>
      </trkpt>
      <trkpt lat="44.28627" lon="6.8884">
        <ele>1412.0</ele>
      </trkpt>
      <trkpt lat="44.28623" lon="6.88811">
        <ele>1413.6</ele>
      </trkpt>
      <trkpt lat="44.28618" lon="6.8878">
        <ele>1414.3</ele>
      </trkpt>
      <trkpt lat="44.28612" lon="6.88756">
        <ele>1413.9</ele>
      </trkpt>
      <trkpt lat="44.28605" lon="6.88734">
        <ele>1413.4</ele>
      </trkpt>
      <trkpt lat="44.28595" lon="6.88672">
        <ele>1415.4</ele>
      </trkpt>
      <trkpt lat="44.28595" lon="6.88637">
        <ele>1419.3</ele>
      </trkpt>
      <trkpt lat="44.28585" lon="6.88579">
        <ele>1421.1</ele>
      </trkpt>
      <trkpt lat="44.28577" lon="6.88554">
        <ele>1421.5</ele>
      </trkpt>
      <trkpt lat="44.28566" lon="6.88539">
        <ele>1421.0</ele>
      </trkpt>
      <trkpt lat="44.28553" lon="6.88527">
        <ele>1419.9</ele>
      </trkpt>
      <trkpt lat="44.28532" lon="6.88511">
        <ele>1417.6</ele>
      </trkpt>
      <trkpt lat="44.28525" lon="6.88492">
        <ele>1417.6</ele>
      </trkpt>
      <trkpt lat="44.2852" lon="6.88466">
        <ele>1417.8</ele>
      </trkpt>
      <trkpt lat="44.28522" lon="6.88439">
        <ele>1419.4</ele>
      </trkpt>
      <trkpt lat="44.28535" lon="6.88387">
        <ele>1425.6</ele>
      </trkpt>
      <trkpt lat="44.28544" lon="6.88343">
        <ele>1431.3</ele>
      </trkpt>
      <trkpt lat="44.28547" lon="6.88294">
        <ele>1434.2</ele>
      </trkpt>
      <trkpt lat="44.28549" lon="6.88228">
        <ele>1437.1</ele>
      </trkpt>
      <trkpt lat="44.28546" lon="6.88182">
        <ele>1437.3</ele>
      </trkpt>
      <trkpt lat="44.28532" lon="6.88089">
        <ele>1440.0</ele>
      </trkpt>
      <trkpt lat="44.28518" lon="6.87996">
        <ele>1440.3</ele>
      </trkpt>
      <trkpt lat="44.28504" lon="6.87903">
        <ele>1441.2</ele>
      </trkpt>
      <trkpt lat="44.28502" lon="6.87873">
        <ele>1440.7</ele>
      </trkpt>
      <trkpt lat="44.28503" lon="6.87835">
        <ele>1441.0</ele>
      </trkpt>
      <trkpt lat="44.28513" lon="6.87775">
        <ele>1448.1</ele>
      </trkpt>
      <trkpt lat="44.28515" lon="6.87745">
        <ele>1450.9</ele>
      </trkpt>
      <trkpt lat="44.2851" lon="6.87651">
        <ele>1453.8</ele>
      </trkpt>
      <trkpt lat="44.28513" lon="6.8763">
        <ele>1456.9</ele>
      </trkpt>
      <trkpt lat="44.28525" lon="6.87591">
        <ele>1466.3</ele>
      </trkpt>
      <trkpt lat="44.28527" lon="6.87581">
        <ele>1468.0</ele>
      </trkpt>
      <trkpt lat="44.28526" lon="6.87559">
        <ele>1467.8</ele>
      </trkpt>
      <trkpt lat="44.2852" lon="6.87494">
        <ele>1466.6</ele>
      </trkpt>
      <trkpt lat="44.28516" lon="6.87465">
        <ele>1470.8</ele>
      </trkpt>
      <trkpt lat="44.28508" lon="6.87437">
        <ele>1472.3</ele>
      </trkpt>
      <trkpt lat="44.28496" lon="6.87416">
        <ele>1471.3</ele>
      </trkpt>
      <trkpt lat="44.28467" lon="6.87368">
        <ele>1476.4</ele>
      </trkpt>
      <trkpt lat="44.28452" lon="6.87336">
        <ele>1476.6</ele>
      </trkpt>
      <trkpt lat="44.28436" lon="6.87313">
        <ele>1470.3</ele>
      </trkpt>
      <trkpt lat="44.28433" lon="6.873">
        <ele>1469.8</ele>
      </trkpt>
      <trkpt lat="44.28433" lon="6.873">
        <ele>1469.8</ele>
      </trkpt>
      <trkpt lat="44.28431" lon="6.87295">
        <ele>1469.1</ele>
      </trkpt>
      <trkpt lat="44.28435" lon="6.87275">
        <ele>1473.1</ele>
      </trkpt>
      <trkpt lat="44.28448" lon="6.87234">
        <ele>1477.5</ele>
      </trkpt>
      <trkpt lat="44.28451" lon="6.87216">
        <ele>1479.4</ele>
      </trkpt>
      <trkpt lat="44.28451" lon="6.87208">
        <ele>1480.2</ele>
      </trkpt>
      <trkpt lat="44.28449" lon="6.87201">
        <ele>1480.9</ele>
      </trkpt>
      <trkpt lat="44.28438" lon="6.87165">
        <ele>1484.9</ele>
      </trkpt>
      <trkpt lat="44.28428" lon="6.87134">
        <ele>1485.8</ele>
      </trkpt>
      <trkpt lat="44.28422" lon="6.87121">
        <ele>1485.2</ele>
      </trkpt>
      <trkpt lat="44.2841" lon="6.87101">
        <ele>1484.7</ele>
      </trkpt>
      <trkpt lat="44.28403" lon="6.87085">
        <ele>1485.6</ele>
      </trkpt>
      <trkpt lat="44.28399" lon="6.87066">
        <ele>1485.4</ele>
      </trkpt>
      <trkpt lat="44.28398" lon="6.87043">
        <ele>1486.1</ele>
      </trkpt>
      <trkpt lat="44.28399" lon="6.87017">
        <ele>1487.6</ele>
      </trkpt>
      <trkpt lat="44.28401" lon="6.87008">
        <ele>1488.6</ele>
      </trkpt>
      <trkpt lat="44.28414" lon="6.86969">
        <ele>1491.3</ele>
      </trkpt>
      <trkpt lat="44.28416" lon="6.86952">
        <ele>1490.9</ele>
      </trkpt>
      <trkpt lat="44.28417" lon="6.86933">
        <ele>1490.2</ele>
      </trkpt>
      <trkpt lat="44.28414" lon="6.86914">
        <ele>1488.3</ele>
      </trkpt>
      <trkpt lat="44.28413" lon="6.86895">
        <ele>1488.0</ele>
      </trkpt>
      <trkpt lat="44.28415" lon="6.86845">
        <ele>1488.5</ele>
      </trkpt>
      <trkpt lat="44.28414" lon="6.86793">
        <ele>1491.7</ele>
      </trkpt>
      <trkpt lat="44.28412" lon="6.86783">
        <ele>1492.0</ele>
      </trkpt>
      <trkpt lat="44.28407" lon="6.86773">
        <ele>1491.5</ele>
      </trkpt>
      <trkpt lat="44.28396" lon="6.86754">
        <ele>1490.2</ele>
      </trkpt>
      <trkpt lat="44.28379" lon="6.86729">
        <ele>1490.0</ele>
      </trkpt>
      <trkpt lat="44.28369" lon="6.86713">
        <ele>1490.3</ele>
      </trkpt>
      <trkpt lat="44.28366" lon="6.86704">
        <ele>1491.1</ele>
      </trkpt>
      <trkpt lat="44.28364" lon="6.86695">
        <ele>1492.2</ele>
      </trkpt>
      <trkpt lat="44.28362" lon="6.8665">
        <ele>1497.3</ele>
      </trkpt>
      <trkpt lat="44.28364" lon="6.86636">
        <ele>1498.2</ele>
      </trkpt>
      <trkpt lat="44.28371" lon="6.86621">
        <ele>1500.3</ele>
      </trkpt>
      <trkpt lat="44.28381" lon="6.86573">
        <ele>1502.9</ele>
      </trkpt>
      <trkpt lat="44.28398" lon="6.86519">
        <ele>1503.6</ele>
      </trkpt>
      <trkpt lat="44.2842" lon="6.86439">
        <ele>1505.2</ele>
      </trkpt>
      <trkpt lat="44.28421" lon="6.86413">
        <ele>1505.0</ele>
      </trkpt>
      <trkpt lat="44.28417" lon="6.86397">
        <ele>1504.9</ele>
      </trkpt>
      <trkpt lat="44.28416" lon="6.86393">
        <ele>1504.9</ele>
      </trkpt>
      <trkpt lat="44.28409" lon="6.86379">
        <ele>1504.8</ele>
      </trkpt>
      <trkpt lat="44.28406" lon="6.86374">
        <ele>1504.8</ele>
      </trkpt>
      <trkpt lat="44.284" lon="6.86372">
        <ele>1504.8</ele>
      </trkpt>
      <trkpt lat="44.28396" lon="6.86374">
        <ele>1504.7</ele>
      </trkpt>
      <trkpt lat="44.28374" lon="6.86391">
        <ele>1504.6</ele>
      </trkpt>
      <trkpt lat="44.28365" lon="6.86394">
        <ele>1503.4</ele>
      </trkpt>
      <trkpt lat="44.28355" lon="6.8639">
        <ele>1503.4</ele>
      </trkpt>
      <trkpt lat="44.2834" lon="6.86371">
        <ele>1505.6</ele>
      </trkpt>
      <trkpt lat="44.28306" lon="6.86299">
        <ele>1514.6</ele>
      </trkpt>
      <trkpt lat="44.28272" lon="6.86227">
        <ele>1519.9</ele>
      </trkpt>
      <trkpt lat="44.28238" lon="6.86154">
        <ele>1526.2</ele>
      </trkpt>
      <trkpt lat="44.28222" lon="6.86134">
        <ele>1527.8</ele>
      </trkpt>
      <trkpt lat="44.28221" lon="6.86128">
        <ele>1529.1</ele>
      </trkpt>
      <trkpt lat="44.28221" lon="6.86123">
        <ele>1530.5</ele>
      </trkpt>
      <trkpt lat="44.28223" lon="6.8612">
        <ele>1532.0</ele>
      </trkpt>
      <trkpt lat="44.2823" lon="6.86123">
        <ele>1533.4</ele>
      </trkpt>
      <trkpt lat="44.28236" lon="6.86127">
        <ele>1534.0</ele>
      </trkpt>
      <trkpt lat="44.28244" lon="6.86144">
        <ele>1531.0</ele>
      </trkpt>
      <trkpt lat="44.28256" lon="6.86161">
        <ele>1529.4</ele>
      </trkpt>
      <trkpt lat="44.283" lon="6.86217">
        <ele>1532.6</ele>
      </trkpt>
      <trkpt lat="44.28322" lon="6.86239">
        <ele>1534.4</ele>
      </trkpt>
      <trkpt lat="44.28341" lon="6.86254">
        <ele>1534.6</ele>
      </trkpt>
      <trkpt lat="44.28371" lon="6.86277">
        <ele>1530.6</ele>
      </trkpt>
      <trkpt lat="44.28376" lon="6.86277">
        <ele>1531.0</ele>
      </trkpt>
      <trkpt lat="44.2838" lon="6.86275">
        <ele>1531.9</ele>
      </trkpt>
      <trkpt lat="44.28382" lon="6.86271">
        <ele>1533.3</ele>
      </trkpt>
      <trkpt lat="44.28382" lon="6.86265">
        <ele>1535.1</ele>
      </trkpt>
      <trkpt lat="44.28379" lon="6.86259">
        <ele>1536.7</ele>
      </trkpt>
      <trkpt lat="44.28365" lon="6.8625">
        <ele>1538.0</ele>
      </trkpt>
      <trkpt lat="44.28353" lon="6.86237">
        <ele>1540.8</ele>
      </trkpt>
      <trkpt lat="44.28341" lon="6.86218">
        <ele>1545.4</ele>
      </trkpt>
      <trkpt lat="44.28311" lon="6.86168">
        <ele>1550.3</ele>
      </trkpt>
      <trkpt lat="44.28276" lon="6.86101">
        <ele>1557.0</ele>
      </trkpt>
      <trkpt lat="44.28262" lon="6.86079">
        <ele>1558.4</ele>
      </trkpt>
      <trkpt lat="44.28249" lon="6.86062">
        <ele>1556.4</ele>
      </trkpt>
      <trkpt lat="44.28247" lon="6.86056">
        <ele>1556.7</ele>
      </trkpt>
      <trkpt lat="44.28248" lon="6.86051">
        <ele>1558.0</ele>
      </trkpt>
      <trkpt lat="44.28251" lon="6.86047">
        <ele>1560.0</ele>
      </trkpt>
      <trkpt lat="44.28255" lon="6.86046">
        <ele>1562.0</ele>
      </trkpt>
      <trkpt lat="44.28259" lon="6.8605">
        <ele>1563.0</ele>
      </trkpt>
      <trkpt lat="44.28274" lon="6.86078">
        <ele>1563.2</ele>
      </trkpt>
      <trkpt lat="44.28301" lon="6.86112">
        <ele>1563.2</ele>
      </trkpt>
      <trkpt lat="44.28334" lon="6.86147">
        <ele>1565.7</ele>
      </trkpt>
      <trkpt lat="44.28345" lon="6.86152">
        <ele>1565.4</ele>
      </trkpt>
      <trkpt lat="44.28357" lon="6.86154">
        <ele>1566.0</ele>
      </trkpt>
      <trkpt lat="44.28382" lon="6.86149">
        <ele>1569.7</ele>
      </trkpt>
      <trkpt lat="44.28405" lon="6.86137">
        <ele>1574.8</ele>
      </trkpt>
      <trkpt lat="44.28426" lon="6.86128">
        <ele>1576.5</ele>
      </trkpt>
      <trkpt lat="44.28458" lon="6.86102">
        <ele>1579.7</ele>
      </trkpt>
      <trkpt lat="44.28466" lon="6.86097">
        <ele>1580.4</ele>
      </trkpt>
      <trkpt lat="44.28479" lon="6.86093">
        <ele>1580.4</ele>
      </trkpt>
      <trkpt lat="44.28484" lon="6.86089">
        <ele>1581.3</ele>
      </trkpt>
      <trkpt lat="44.28487" lon="6.86083">
        <ele>1583.1</ele>
      </trkpt>
      <trkpt lat="44.28486" lon="6.86076">
        <ele>1585.6</ele>
      </trkpt>
      <trkpt lat="44.28483" lon="6.86071">
        <ele>1587.6</ele>
      </trkpt>
      <trkpt lat="44.28477" lon="6.86069">
        <ele>1588.8</ele>
      </trkpt>
      <trkpt lat="44.2845" lon="6.86081">
        <ele>1586.5</ele>
      </trkpt>
      <trkpt lat="44.2844" lon="6.86083">
        <ele>1586.4</ele>
      </trkpt>
      <trkpt lat="44.28417" lon="6.86083">
        <ele>1588.1</ele>
      </trkpt>
      <trkpt lat="44.28404" lon="6.86082">
        <ele>1587.9</ele>
      </trkpt>
      <trkpt lat="44.2838" lon="6.86076">
        <ele>1588.9</ele>
      </trkpt>
      <trkpt lat="44.28359" lon="6.86065">
        <ele>1591.8</ele>
      </trkpt>
      <trkpt lat="44.28338" lon="6.8605">
        <ele>1595.9</ele>
      </trkpt>
      <trkpt lat="44.28327" lon="6.86039">
        <ele>1596.5</ele>
      </trkpt>
      <trkpt lat="44.28305" lon="6.86012">
        <ele>1594.2</ele>
      </trkpt>
      <trkpt lat="44.28303" lon="6.86008">
        <ele>1594.3</ele>
      </trkpt>
      <trkpt lat="44.28303" lon="6.86004">
        <ele>1595.5</ele>
      </trkpt>
      <trkpt lat="44.28304" lon="6.86">
        <ele>1597.2</ele>
      </trkpt>
      <trkpt lat="44.28307" lon="6.85998">
        <ele>1599.6</ele>
      </trkpt>
      <trkpt lat="44.2831" lon="6.85998">
        <ele>1601.2</ele>
      </trkpt>
      <trkpt lat="44.28329" lon="6.86028">
        <ele>1601.2</ele>
      </trkpt>
      <trkpt lat="44.28335" lon="6.86034">
        <ele>1601.3</ele>
      </trkpt>
      <trkpt lat="44.28343" lon="6.86039">
        <ele>1600.1</ele>
      </trkpt>
      <trkpt lat="44.28353" lon="6.86042">
        <ele>1599.7</ele>
      </trkpt>
      <trkpt lat="44.28366" lon="6.86043">
        <ele>1600.2</ele>
      </trkpt>
      <trkpt lat="44.28386" lon="6.86038">
        <ele>1603.3</ele>
      </trkpt>
      <trkpt lat="44.28442" lon="6.86008">
        <ele>1614.3</ele>
      </trkpt>
      <trkpt lat="44.28496" lon="6.85986">
        <ele>1616.5</ele>
      </trkpt>
      <trkpt lat="44.28537" lon="6.8596">
        <ele>1623.6</ele>
      </trkpt>
      <trkpt lat="44.28568" lon="6.85948">
        <ele>1626.5</ele>
      </trkpt>
      <trkpt lat="44.28605" lon="6.85937">
        <ele>1628.1</ele>
      </trkpt>
      <trkpt lat="44.28624" lon="6.85933">
        <ele>1628.3</ele>
      </trkpt>
      <trkpt lat="44.28642" lon="6.85937">
        <ele>1625.3</ele>
      </trkpt>
      <trkpt lat="44.2866" lon="6.85939">
        <ele>1623.1</ele>
      </trkpt>
      <trkpt lat="44.28668" lon="6.85936">
        <ele>1623.5</ele>
      </trkpt>
      <trkpt lat="44.28675" lon="6.85931">
        <ele>1623.6</ele>
      </trkpt>
      <trkpt lat="44.28687" lon="6.85895">
        <ele>1632.4</ele>
      </trkpt>
      <trkpt lat="44.2869" lon="6.8589">
        <ele>1632.9</ele>
      </trkpt>
      <trkpt lat="44.28692" lon="6.85882">
        <ele>1634.7</ele>
      </trkpt>
      <trkpt lat="44.28691" lon="6.85878">
        <ele>1636.3</ele>
      </trkpt>
      <trkpt lat="44.28689" lon="6.85875">
        <ele>1638.0</ele>
      </trkpt>
      <trkpt lat="44.28686" lon="6.85874">
        <ele>1639.3</ele>
      </trkpt>
      <trkpt lat="44.28684" lon="6.85875">
        <ele>1639.8</ele>
      </trkpt>
      <trkpt lat="44.28677" lon="6.85884">
        <ele>1639.5</ele>
      </trkpt>
      <trkpt lat="44.28673" lon="6.85888">
        <ele>1639.7</ele>
      </trkpt>
      <trkpt lat="44.28668" lon="6.85891">
        <ele>1640.5</ele>
      </trkpt>
      <trkpt lat="44.28659" lon="6.85892">
        <ele>1641.4</ele>
      </trkpt>
      <trkpt lat="44.28649" lon="6.85888">
        <ele>1643.7</ele>
      </trkpt>
      <trkpt lat="44.2863" lon="6.85884">
        <ele>1647.2</ele>
      </trkpt>
      <trkpt lat="44.28611" lon="6.85884">
        <ele>1649.3</ele>
      </trkpt>
      <trkpt lat="44.28561" lon="6.85879">
        <ele>1654.8</ele>
      </trkpt>
      <trkpt lat="44.28556" lon="6.85876">
        <ele>1656.2</ele>
      </trkpt>
      <trkpt lat="44.28555" lon="6.85871">
        <ele>1658.4</ele>
      </trkpt>
      <trkpt lat="44.2856" lon="6.85868">
        <ele>1659.7</ele>
      </trkpt>
      <trkpt lat="44.28574" lon="6.85869">
        <ele>1659.3</ele>
      </trkpt>
      <trkpt lat="44.2859" lon="6.85868">
        <ele>1658.8</ele>
      </trkpt>
      <trkpt lat="44.28601" lon="6.85865">
        <ele>1658.6</ele>
      </trkpt>
      <trkpt lat="44.28647" lon="6.85831">
        <ele>1663.8</ele>
      </trkpt>
      <trkpt lat="44.28663" lon="6.85821">
        <ele>1663.7</ele>
      </trkpt>
      <trkpt lat="44.28675" lon="6.85811">
        <ele>1663.0</ele>
      </trkpt>
      <trkpt lat="44.28686" lon="6.85798">
        <ele>1663.2</ele>
      </trkpt>
      <trkpt lat="44.28695" lon="6.85785">
        <ele>1664.1</ele>
      </trkpt>
      <trkpt lat="44.28705" lon="6.85765">
        <ele>1666.9</ele>
      </trkpt>
      <trkpt lat="44.2873" lon="6.857">
        <ele>1671.5</ele>
      </trkpt>
      <trkpt lat="44.28738" lon="6.85672">
        <ele>1673.0</ele>
      </trkpt>
      <trkpt lat="44.2874" lon="6.8566">
        <ele>1673.5</ele>
      </trkpt>
      <trkpt lat="44.28742" lon="6.85637">
        <ele>1673.9</ele>
      </trkpt>
      <trkpt lat="44.28739" lon="6.85614">
        <ele>1676.6</ele>
      </trkpt>
      <trkpt lat="44.28735" lon="6.85606">
        <ele>1678.9</ele>
      </trkpt>
      <trkpt lat="44.28731" lon="6.85604">
        <ele>1681.0</ele>
      </trkpt>
      <trkpt lat="44.28728" lon="6.85606">
        <ele>1682.2</ele>
      </trkpt>
      <trkpt lat="44.28726" lon="6.85612">
        <ele>1682.7</ele>
      </trkpt>
      <trkpt lat="44.28728" lon="6.85645">
        <ele>1679.5</ele>
      </trkpt>
      <trkpt lat="44.28727" lon="6.85656">
        <ele>1679.1</ele>
      </trkpt>
      <trkpt lat="44.28721" lon="6.85672">
        <ele>1679.9</ele>
      </trkpt>
      <trkpt lat="44.28707" lon="6.85695">
        <ele>1681.2</ele>
      </trkpt>
      <trkpt lat="44.287" lon="6.85706">
        <ele>1681.8</ele>
      </trkpt>
      <trkpt lat="44.28691" lon="6.85716">
        <ele>1683.3</ele>
      </trkpt>
      <trkpt lat="44.28669" lon="6.85729">
        <ele>1688.7</ele>
      </trkpt>
      <trkpt lat="44.28656" lon="6.85739">
        <ele>1691.1</ele>
      </trkpt>
      <trkpt lat="44.28651" lon="6.8574">
        <ele>1692.6</ele>
      </trkpt>
      <trkpt lat="44.28648" lon="6.85738">
        <ele>1694.1</ele>
      </trkpt>
      <trkpt lat="44.28647" lon="6.85732">
        <ele>1695.8</ele>
      </trkpt>
      <trkpt lat="44.28647" lon="6.85728">
        <ele>1696.7</ele>
      </trkpt>
      <trkpt lat="44.2865" lon="6.85725">
        <ele>1696.3</ele>
      </trkpt>
      <trkpt lat="44.28675" lon="6.85705">
        <ele>1691.5</ele>
      </trkpt>
      <trkpt lat="44.28678" lon="6.85697">
        <ele>1692.1</ele>
      </trkpt>
      <trkpt lat="44.28686" lon="6.856">
        <ele>1702.6</ele>
      </trkpt>
      <trkpt lat="44.28683" lon="6.85539">
        <ele>1710.2</ele>
      </trkpt>
      <trkpt lat="44.28684" lon="6.85511">
        <ele>1712.4</ele>
      </trkpt>
      <trkpt lat="44.28687" lon="6.85484">
        <ele>1713.5</ele>
      </trkpt>
      <trkpt lat="44.28689" lon="6.85446">
        <ele>1716.0</ele>
      </trkpt>
      <trkpt lat="44.28687" lon="6.85429">
        <ele>1718.6</ele>
      </trkpt>
      <trkpt lat="44.2868" lon="6.85406">
        <ele>1724.1</ele>
      </trkpt>
      <trkpt lat="44.28679" lon="6.85385">
        <ele>1725.4</ele>
      </trkpt>
      <trkpt lat="44.28679" lon="6.85345">
        <ele>1726.9</ele>
      </trkpt>
      <trkpt lat="44.28684" lon="6.8531">
        <ele>1729.1</ele>
      </trkpt>
      <trkpt lat="44.2869" lon="6.8529">
        <ele>1729.9</ele>
      </trkpt>
      <trkpt lat="44.28716" lon="6.8525">
        <ele>1725.7</ele>
      </trkpt>
      <trkpt lat="44.28732" lon="6.85235">
        <ele>1721.7</ele>
      </trkpt>
      <trkpt lat="44.28737" lon="6.85229">
        <ele>1720.6</ele>
      </trkpt>
      <trkpt lat="44.2874" lon="6.85217">
        <ele>1721.5</ele>
      </trkpt>
      <trkpt lat="44.28743" lon="6.85207">
        <ele>1722.0</ele>
      </trkpt>
      <trkpt lat="44.28746" lon="6.8517">
        <ele>1727.4</ele>
      </trkpt>
      <trkpt lat="44.28745" lon="6.85146">
        <ele>1734.7</ele>
      </trkpt>
      <trkpt lat="44.28739" lon="6.85121">
        <ele>1745.0</ele>
      </trkpt>
      <trkpt lat="44.2874" lon="6.85105">
        <ele>1749.3</ele>
      </trkpt>
      <trkpt lat="44.28761" lon="6.85042">
        <ele>1752.3</ele>
      </trkpt>
      <trkpt lat="44.28773" lon="6.85016">
        <ele>1751.0</ele>
      </trkpt>
      <trkpt lat="44.2878" lon="6.84991">
        <ele>1751.7</ele>
      </trkpt>
      <trkpt lat="44.28804" lon="6.8494">
        <ele>1746.1</ele>
      </trkpt>
      <trkpt lat="44.28809" lon="6.84928">
        <ele>1745.5</ele>
      </trkpt>
      <trkpt lat="44.28809" lon="6.84916">
        <ele>1746.9</ele>
      </trkpt>
      <trkpt lat="44.28806" lon="6.84907">
        <ele>1748.1</ele>
      </trkpt>
      <trkpt lat="44.28797" lon="6.84892">
        <ele>1751.9</ele>
      </trkpt>
      <trkpt lat="44.28796" lon="6.84888">
        <ele>1752.3</ele>
      </trkpt>
      <trkpt lat="44.28796" lon="6.84888">
        <ele>1752.3</ele>
      </trkpt>
      <trkpt lat="44.28794" lon="6.8488">
        <ele>1753.2</ele>
      </trkpt>
      <trkpt lat="44.28792" lon="6.8486">
        <ele>1754.2</ele>
      </trkpt>
      <trkpt lat="44.28778" lon="6.84821">
        <ele>1763.0</ele>
      </trkpt>
      <trkpt lat="44.28776" lon="6.84804">
        <ele>1767.3</ele>
      </trkpt>
      <trkpt lat="44.28779" lon="6.84781">
        <ele>1770.3</ele>
      </trkpt>
      <trkpt lat="44.28787" lon="6.84752">
        <ele>1771.3</ele>
      </trkpt>
      <trkpt lat="44.28796" lon="6.84732">
        <ele>1773.0</ele>
      </trkpt>
      <trkpt lat="44.28807" lon="6.84716">
        <ele>1771.9</ele>
      </trkpt>
      <trkpt lat="44.28823" lon="6.84699">
        <ele>1767.5</ele>
      </trkpt>
      <trkpt lat="44.28833" lon="6.84685">
        <ele>1765.5</ele>
      </trkpt>
      <trkpt lat="44.28842" lon="6.84664">
        <ele>1766.9</ele>
      </trkpt>
      <trkpt lat="44.28865" lon="6.84569">
        <ele>1784.4</ele>
      </trkpt>
      <trkpt lat="44.28875" lon="6.8454">
        <ele>1787.2</ele>
      </trkpt>
      <trkpt lat="44.28884" lon="6.8452">
        <ele>1788.4</ele>
      </trkpt>
      <trkpt lat="44.28895" lon="6.84506">
        <ele>1787.0</ele>
      </trkpt>
      <trkpt lat="44.28911" lon="6.84494">
        <ele>1781.6</ele>
      </trkpt>
      <trkpt lat="44.28916" lon="6.84486">
        <ele>1780.0</ele>
      </trkpt>
      <trkpt lat="44.28919" lon="6.84476">
        <ele>1780.2</ele>
      </trkpt>
      <trkpt lat="44.2892" lon="6.84465">
        <ele>1781.3</ele>
      </trkpt>
      <trkpt lat="44.28917" lon="6.84455">
        <ele>1783.3</ele>
      </trkpt>
      <trkpt lat="44.28908" lon="6.84436">
        <ele>1790.1</ele>
      </trkpt>
      <trkpt lat="44.28907" lon="6.84428">
        <ele>1791.6</ele>
      </trkpt>
      <trkpt lat="44.28908" lon="6.84419">
        <ele>1792.2</ele>
      </trkpt>
      <trkpt lat="44.2891" lon="6.84408">
        <ele>1792.8</ele>
      </trkpt>
      <trkpt lat="44.28917" lon="6.84385">
        <ele>1792.8</ele>
      </trkpt>
      <trkpt lat="44.28932" lon="6.84346">
        <ele>1794.1</ele>
      </trkpt>
      <trkpt lat="44.28948" lon="6.84313">
        <ele>1794.1</ele>
      </trkpt>
      <trkpt lat="44.28953" lon="6.84299">
        <ele>1794.5</ele>
      </trkpt>
      <trkpt lat="44.28961" lon="6.84265">
        <ele>1796.4</ele>
      </trkpt>
      <trkpt lat="44.28966" lon="6.84219">
        <ele>1800.5</ele>
      </trkpt>
      <trkpt lat="44.28974" lon="6.84176">
        <ele>1802.1</ele>
      </trkpt>
      <trkpt lat="44.28977" lon="6.84137">
        <ele>1805.3</ele>
      </trkpt>
      <trkpt lat="44.28979" lon="6.8404">
        <ele>1818.1</ele>
      </trkpt>
      <trkpt lat="44.28983" lon="6.83964">
        <ele>1826.0</ele>
      </trkpt>
      <trkpt lat="44.28989" lon="6.83923">
        <ele>1826.9</ele>
      </trkpt>
      <trkpt lat="44.29001" lon="6.83861">
        <ele>1829.0</ele>
      </trkpt>
      <trkpt lat="44.29003" lon="6.83838">
        <ele>1831.3</ele>
      </trkpt>
      <trkpt lat="44.29009" lon="6.83818">
        <ele>1830.5</ele>
      </trkpt>
      <trkpt lat="44.29018" lon="6.83795">
        <ele>1828.7</ele>
      </trkpt>
      <trkpt lat="44.2902" lon="6.83778">
        <ele>1829.0</ele>
      </trkpt>
      <trkpt lat="44.29018" lon="6.8374">
        <ele>1832.7</ele>
      </trkpt>
      <trkpt lat="44.29018" lon="6.8371">
        <ele>1837.5</ele>
      </trkpt>
      <trkpt lat="44.29021" lon="6.83697">
        <ele>1838.8</ele>
      </trkpt>
      <trkpt lat="44.29025" lon="6.83682">
        <ele>1840.0</ele>
      </trkpt>
      <trkpt lat="44.29025" lon="6.83674">
        <ele>1841.3</ele>
      </trkpt>
      <trkpt lat="44.2902" lon="6.83671">
        <ele>1843.3</ele>
      </trkpt>
      <trkpt lat="44.29016" lon="6.83674">
        <ele>1844.0</ele>
      </trkpt>
      <trkpt lat="44.29009" lon="6.83691">
        <ele>1843.3</ele>
      </trkpt>
      <trkpt lat="44.28998" lon="6.83711">
        <ele>1843.1</ele>
      </trkpt>
      <trkpt lat="44.28984" lon="6.83726">
        <ele>1844.8</ele>
      </trkpt>
      <trkpt lat="44.28966" lon="6.83738">
        <ele>1848.6</ele>
      </trkpt>
      <trkpt lat="44.28955" lon="6.83747">
        <ele>1850.9</ele>
      </trkpt>
      <trkpt lat="44.2895" lon="6.83757">
        <ele>1852.2</ele>
      </trkpt>
      <trkpt lat="44.28944" lon="6.83781">
        <ele>1854.5</ele>
      </trkpt>
      <trkpt lat="44.28939" lon="6.83819">
        <ele>1856.9</ele>
      </trkpt>
      <trkpt lat="44.28931" lon="6.83884">
        <ele>1858.2</ele>
      </trkpt>
      <trkpt lat="44.28927" lon="6.83913">
        <ele>1858.9</ele>
      </trkpt>
      <trkpt lat="44.28922" lon="6.83915">
        <ele>1861.4</ele>
      </trkpt>
      <trkpt lat="44.28919" lon="6.83913">
        <ele>1862.9</ele>
      </trkpt>
      <trkpt lat="44.28918" lon="6.83905">
        <ele>1863.6</ele>
      </trkpt>
      <trkpt lat="44.2892" lon="6.83894">
        <ele>1863.0</ele>
      </trkpt>
      <trkpt lat="44.28922" lon="6.83874">
        <ele>1862.6</ele>
      </trkpt>
      <trkpt lat="44.28919" lon="6.83847">
        <ele>1864.7</ele>
      </trkpt>
      <trkpt lat="44.28915" lon="6.83812">
        <ele>1865.9</ele>
      </trkpt>
      <trkpt lat="44.28905" lon="6.83757">
        <ele>1868.3</ele>
      </trkpt>
      <trkpt lat="44.28893" lon="6.83718">
        <ele>1875.5</ele>
      </trkpt>
      <trkpt lat="44.28888" lon="6.83684">
        <ele>1879.8</ele>
      </trkpt>
      <trkpt lat="44.28887" lon="6.83666">
        <ele>1881.5</ele>
      </trkpt>
      <trkpt lat="44.2889" lon="6.8365">
        <ele>1883.4</ele>
      </trkpt>
      <trkpt lat="44.28899" lon="6.83632">
        <ele>1883.5</ele>
      </trkpt>
      <trkpt lat="44.28908" lon="6.83604">
        <ele>1885.8</ele>
      </trkpt>
      <trkpt lat="44.28936" lon="6.83503">
        <ele>1894.6</ele>
      </trkpt>
      <trkpt lat="44.28948" lon="6.83444">
        <ele>1902.7</ele>
      </trkpt>
      <trkpt lat="44.28963" lon="6.83382">
        <ele>1906.8</ele>
      </trkpt>
      <trkpt lat="44.28968" lon="6.83336">
        <ele>1910.0</ele>
      </trkpt>
      <trkpt lat="44.28978" lon="6.83301">
        <ele>1911.0</ele>
      </trkpt>
      <trkpt lat="44.28978" lon="6.83301">
        <ele>1911.0</ele>
      </trkpt>
      <trkpt lat="44.2898" lon="6.83294">
        <ele>1911.2</ele>
      </trkpt>
      <trkpt lat="44.2898" lon="6.83269">
        <ele>1914.7</ele>
      </trkpt>
      <trkpt lat="44.28985" lon="6.83223">
        <ele>1920.7</ele>
      </trkpt>
      <trkpt lat="44.28989" lon="6.832">
        <ele>1924.1</ele>
      </trkpt>
      <trkpt lat="44.28993" lon="6.83184">
        <ele>1926.2</ele>
      </trkpt>
      <trkpt lat="44.29" lon="6.83171">
        <ele>1927.0</ele>
      </trkpt>
      <trkpt lat="44.29009" lon="6.83159">
        <ele>1928.9</ele>
      </trkpt>
      <trkpt lat="44.29022" lon="6.83147">
        <ele>1930.7</ele>
      </trkpt>
      <trkpt lat="44.29046" lon="6.83131">
        <ele>1931.9</ele>
      </trkpt>
      <trkpt lat="44.29075" lon="6.83113">
        <ele>1933.2</ele>
      </trkpt>
      <trkpt lat="44.29102" lon="6.83092">
        <ele>1935.7</ele>
      </trkpt>
      <trkpt lat="44.29118" lon="6.83079">
        <ele>1937.3</ele>
      </trkpt>
      <trkpt lat="44.29168" lon="6.83018">
        <ele>1949.0</ele>
      </trkpt>
      <trkpt lat="44.29194" lon="6.82997">
        <ele>1949.9</ele>
      </trkpt>
      <trkpt lat="44.29216" lon="6.82972">
        <ele>1950.2</ele>
      </trkpt>
      <trkpt lat="44.29246" lon="6.82927">
        <ele>1949.6</ele>
      </trkpt>
      <trkpt lat="44.2925" lon="6.82912">
        <ele>1950.7</ele>
      </trkpt>
      <trkpt lat="44.29251" lon="6.82904">
        <ele>1951.9</ele>
      </trkpt>
      <trkpt lat="44.29254" lon="6.82896">
        <ele>1953.0</ele>
      </trkpt>
      <trkpt lat="44.29262" lon="6.82882">
        <ele>1954.6</ele>
      </trkpt>
      <trkpt lat="44.29269" lon="6.82867">
        <ele>1956.1</ele>
      </trkpt>
      <trkpt lat="44.29271" lon="6.82845">
        <ele>1958.7</ele>
      </trkpt>
      <trkpt lat="44.29272" lon="6.82801">
        <ele>1964.1</ele>
      </trkpt>
      <trkpt lat="44.29275" lon="6.82789">
        <ele>1965.2</ele>
      </trkpt>
      <trkpt lat="44.29292" lon="6.82757">
        <ele>1967.1</ele>
      </trkpt>
      <trkpt lat="44.29306" lon="6.82728">
        <ele>1967.6</ele>
      </trkpt>
      <trkpt lat="44.29312" lon="6.82712">
        <ele>1967.5</ele>
      </trkpt>
      <trkpt lat="44.29315" lon="6.82691">
        <ele>1968.0</ele>
      </trkpt>
      <trkpt lat="44.29316" lon="6.82615">
        <ele>1970.4</ele>
      </trkpt>
      <trkpt lat="44.29318" lon="6.82584">
        <ele>1970.8</ele>
      </trkpt>
      <trkpt lat="44.29318" lon="6.82557">
        <ele>1974.7</ele>
      </trkpt>
      <trkpt lat="44.29315" lon="6.8254">
        <ele>1977.8</ele>
      </trkpt>
      <trkpt lat="44.2931" lon="6.8252">
        <ele>1981.4</ele>
      </trkpt>
      <trkpt lat="44.29305" lon="6.82507">
        <ele>1981.5</ele>
      </trkpt>
      <trkpt lat="44.29304" lon="6.82499">
        <ele>1981.6</ele>
      </trkpt>
      <trkpt lat="44.29307" lon="6.82495">
        <ele>1981.6</ele>
      </trkpt>
      <trkpt lat="44.29315" lon="6.82489">
        <ele>1981.8</ele>
      </trkpt>
      <trkpt lat="44.29326" lon="6.82487">
        <ele>1981.9</ele>
      </trkpt>
      <trkpt lat="44.29341" lon="6.8249">
        <ele>1982.2</ele>
      </trkpt>
      <trkpt lat="44.29355" lon="6.82491">
        <ele>1983.5</ele>
      </trkpt>
      <trkpt lat="44.29366" lon="6.82488">
        <ele>1984.7</ele>
      </trkpt>
      <trkpt lat="44.29374" lon="6.82482">
        <ele>1985.7</ele>
      </trkpt>
      <trkpt lat="44.2938" lon="6.82473">
        <ele>1986.6</ele>
      </trkpt>
      <trkpt lat="44.29385" lon="6.82457">
        <ele>1987.7</ele>
      </trkpt>
      <trkpt lat="44.29385" lon="6.82435">
        <ele>1988.6</ele>
      </trkpt>
      <trkpt lat="44.2938" lon="6.82426">
        <ele>1988.5</ele>
      </trkpt>
      <trkpt lat="44.29374" lon="6.82418">
        <ele>1988.4</ele>
      </trkpt>
      <trkpt lat="44.29367" lon="6.82406">
        <ele>1989.1</ele>
      </trkpt>
      <trkpt lat="44.29363" lon="6.82385">
        <ele>1991.2</ele>
      </trkpt>
      <trkpt lat="44.29365" lon="6.82373">
        <ele>1992.8</ele>
      </trkpt>
      <trkpt lat="44.29368" lon="6.82365">
        <ele>1993.8</ele>
      </trkpt>
      <trkpt lat="44.29373" lon="6.82359">
        <ele>1994.7</ele>
      </trkpt>
      <trkpt lat="44.29385" lon="6.82349">
        <ele>1996.1</ele>
      </trkpt>
      <trkpt lat="44.29405" lon="6.8234">
        <ele>1997.3</ele>
      </trkpt>
      <trkpt lat="44.29425" lon="6.8232">
        <ele>1999.3</ele>
      </trkpt>
      <trkpt lat="44.29445" lon="6.82295">
        <ele>2001.6</ele>
      </trkpt>
      <trkpt lat="44.29455" lon="6.82287">
        <ele>2002.3</ele>
      </trkpt>
      <trkpt lat="44.29463" lon="6.82283">
        <ele>2002.7</ele>
      </trkpt>
      <trkpt lat="44.29478" lon="6.82279">
        <ele>2003.3</ele>
      </trkpt>
      <trkpt lat="44.29485" lon="6.82275">
        <ele>2003.6</ele>
      </trkpt>
      <trkpt lat="44.29491" lon="6.82265">
        <ele>2003.8</ele>
      </trkpt>
      <trkpt lat="44.29495" lon="6.82257">
        <ele>2003.9</ele>
      </trkpt>
      <trkpt lat="44.29509" lon="6.82218">
        <ele>2005.3</ele>
      </trkpt>
      <trkpt lat="44.29513" lon="6.82195">
        <ele>2006.0</ele>
      </trkpt>
      <trkpt lat="44.29516" lon="6.82174">
        <ele>2006.6</ele>
      </trkpt>
      <trkpt lat="44.29522" lon="6.82159">
        <ele>2007.3</ele>
      </trkpt>
      <trkpt lat="44.29545" lon="6.8213">
        <ele>2009.8</ele>
      </trkpt>
      <trkpt lat="44.2955" lon="6.82121">
        <ele>2010.5</ele>
      </trkpt>
      <trkpt lat="44.29556" lon="6.82096">
        <ele>2012.1</ele>
      </trkpt>
      <trkpt lat="44.29564" lon="6.82051">
        <ele>2015.2</ele>
      </trkpt>
      <trkpt lat="44.29574" lon="6.8202">
        <ele>2017.5</ele>
      </trkpt>
      <trkpt lat="44.2958" lon="6.81993">
        <ele>2019.3</ele>
      </trkpt>
      <trkpt lat="44.29588" lon="6.81966">
        <ele>2021.4</ele>
      </trkpt>
      <trkpt lat="44.29597" lon="6.81943">
        <ele>2023.7</ele>
      </trkpt>
      <trkpt lat="44.29622" lon="6.81898">
        <ele>2029.7</ele>
      </trkpt>
      <trkpt lat="44.29641" lon="6.81872">
        <ele>2033.4</ele>
      </trkpt>
      <trkpt lat="44.29671" lon="6.81846">
        <ele>2038.0</ele>
      </trkpt>
      <trkpt lat="44.29686" lon="6.81829">
        <ele>2041.5</ele>
      </trkpt>
      <trkpt lat="44.29699" lon="6.81806">
        <ele>2044.4</ele>
      </trkpt>
      <trkpt lat="44.29718" lon="6.81771">
        <ele>2047.4</ele>
      </trkpt>
      <trkpt lat="44.29719" lon="6.81756">
        <ele>2047.7</ele>
      </trkpt>
      <trkpt lat="44.29716" lon="6.81742">
        <ele>2049.1</ele>
      </trkpt>
      <trkpt lat="44.29705" lon="6.81729">
        <ele>2050.9</ele>
      </trkpt>
      <trkpt lat="44.29691" lon="6.81709">
        <ele>2054.0</ele>
      </trkpt>
      <trkpt lat="44.29689" lon="6.81697">
        <ele>2056.2</ele>
      </trkpt>
      <trkpt lat="44.29699" lon="6.81683">
        <ele>2059.7</ele>
      </trkpt>
      <trkpt lat="44.29712" lon="6.81678">
        <ele>2061.5</ele>
      </trkpt>
      <trkpt lat="44.29724" lon="6.81677">
        <ele>2062.4</ele>
      </trkpt>
      <trkpt lat="44.29733" lon="6.81681">
        <ele>2062.2</ele>
      </trkpt>
      <trkpt lat="44.2974" lon="6.81689">
        <ele>2061.1</ele>
      </trkpt>
      <trkpt lat="44.29745" lon="6.81701">
        <ele>2059.1</ele>
      </trkpt>
      <trkpt lat="44.29749" lon="6.81709">
        <ele>2057.8</ele>
      </trkpt>
      <trkpt lat="44.29755" lon="6.81712">
        <ele>2058.1</ele>
      </trkpt>
      <trkpt lat="44.29763" lon="6.81709">
        <ele>2060.1</ele>
      </trkpt>
      <trkpt lat="44.2977" lon="6.81698">
        <ele>2063.2</ele>
      </trkpt>
      <trkpt lat="44.29772" lon="6.81682">
        <ele>2066.4</ele>
      </trkpt>
      <trkpt lat="44.29769" lon="6.81667">
        <ele>2068.7</ele>
      </trkpt>
      <trkpt lat="44.2976" lon="6.81643">
        <ele>2072.6</ele>
      </trkpt>
      <trkpt lat="44.29739" lon="6.81608">
        <ele>2077.7</ele>
      </trkpt>
      <trkpt lat="44.29719" lon="6.8158">
        <ele>2081.5</ele>
      </trkpt>
      <trkpt lat="44.29707" lon="6.81559">
        <ele>2083.1</ele>
      </trkpt>
      <trkpt lat="44.29701" lon="6.81541">
        <ele>2084.8</ele>
      </trkpt>
      <trkpt lat="44.29705" lon="6.81534">
        <ele>2086.1</ele>
      </trkpt>
      <trkpt lat="44.29717" lon="6.81529">
        <ele>2088.1</ele>
      </trkpt>
      <trkpt lat="44.2974" lon="6.8153">
        <ele>2090.6</ele>
      </trkpt>
      <trkpt lat="44.29751" lon="6.81538">
        <ele>2090.6</ele>
      </trkpt>
      <trkpt lat="44.29763" lon="6.81562">
        <ele>2088.7</ele>
      </trkpt>
      <trkpt lat="44.29773" lon="6.81578">
        <ele>2088.0</ele>
      </trkpt>
      <trkpt lat="44.29784" lon="6.81588">
        <ele>2087.9</ele>
      </trkpt>
      <trkpt lat="44.29824" lon="6.81604">
        <ele>2090.2</ele>
      </trkpt>
      <trkpt lat="44.29824" lon="6.81604">
        <ele>2090.2</ele>
      </trkpt>
      <trkpt lat="44.29831" lon="6.81607">
        <ele>2090.6</ele>
      </trkpt>
      <trkpt lat="44.29845" lon="6.81608">
        <ele>2092.3</ele>
      </trkpt>
      <trkpt lat="44.29871" lon="6.81602">
        <ele>2097.3</ele>
      </trkpt>
      <trkpt lat="44.29886" lon="6.81597">
        <ele>2100.5</ele>
      </trkpt>
      <trkpt lat="44.29902" lon="6.81596">
        <ele>2103.0</ele>
      </trkpt>
      <trkpt lat="44.29919" lon="6.81607">
        <ele>2102.8</ele>
      </trkpt>
      <trkpt lat="44.29937" lon="6.81622">
        <ele>2100.8</ele>
      </trkpt>
      <trkpt lat="44.29949" lon="6.81629">
        <ele>2100.1</ele>
      </trkpt>
      <trkpt lat="44.29984" lon="6.81634">
        <ele>2101.8</ele>
      </trkpt>
      <trkpt lat="44.30008" lon="6.81636">
        <ele>2102.9</ele>
      </trkpt>
      <trkpt lat="44.30028" lon="6.81633">
        <ele>2104.1</ele>
      </trkpt>
      <trkpt lat="44.30054" lon="6.81638">
        <ele>2104.1</ele>
      </trkpt>
      <trkpt lat="44.30066" lon="6.81637">
        <ele>2104.6</ele>
      </trkpt>
      <trkpt lat="44.30108" lon="6.81612">
        <ele>2108.3</ele>
      </trkpt>
      <trkpt lat="44.30149" lon="6.81587">
        <ele>2110.1</ele>
      </trkpt>
      <trkpt lat="44.30167" lon="6.81579">
        <ele>2110.8</ele>
      </trkpt>
      <trkpt lat="44.30192" lon="6.81544">
        <ele>2117.8</ele>
      </trkpt>
      <trkpt lat="44.30226" lon="6.81519">
        <ele>2121.1</ele>
      </trkpt>
      <trkpt lat="44.30244" lon="6.815">
        <ele>2122.2</ele>
      </trkpt>
      <trkpt lat="44.30268" lon="6.81485">
        <ele>2125.9</ele>
      </trkpt>
      <trkpt lat="44.30285" lon="6.8148">
        <ele>2127.6</ele>
      </trkpt>
      <trkpt lat="44.3029" lon="6.81476">
        <ele>2128.5</ele>
      </trkpt>
      <trkpt lat="44.30291" lon="6.81469">
        <ele>2129.7</ele>
      </trkpt>
      <trkpt lat="44.30289" lon="6.81463">
        <ele>2130.6</ele>
      </trkpt>
      <trkpt lat="44.30265" lon="6.81445">
        <ele>2133.4</ele>
      </trkpt>
      <trkpt lat="44.30262" lon="6.81439">
        <ele>2134.5</ele>
      </trkpt>
      <trkpt lat="44.30265" lon="6.81434">
        <ele>2135.5</ele>
      </trkpt>
      <trkpt lat="44.3027" lon="6.81434">
        <ele>2135.5</ele>
      </trkpt>
      <trkpt lat="44.30279" lon="6.8144">
        <ele>2134.5</ele>
      </trkpt>
      <trkpt lat="44.30294" lon="6.81443">
        <ele>2134.1</ele>
      </trkpt>
      <trkpt lat="44.3031" lon="6.81441">
        <ele>2134.6</ele>
      </trkpt>
      <trkpt lat="44.30321" lon="6.81436">
        <ele>2135.4</ele>
      </trkpt>
      <trkpt lat="44.30337" lon="6.81428">
        <ele>2136.7</ele>
      </trkpt>
      <trkpt lat="44.30408" lon="6.81362">
        <ele>2151.7</ele>
      </trkpt>
      <trkpt lat="44.30433" lon="6.81344">
        <ele>2154.3</ele>
      </trkpt>
      <trkpt lat="44.30467" lon="6.81315">
        <ele>2158.3</ele>
      </trkpt>
      <trkpt lat="44.30485" lon="6.81291">
        <ele>2162.2</ele>
      </trkpt>
      <trkpt lat="44.30502" lon="6.81266">
        <ele>2165.7</ele>
      </trkpt>
      <trkpt lat="44.30522" lon="6.81243">
        <ele>2169.5</ele>
      </trkpt>
      <trkpt lat="44.30529" lon="6.81225">
        <ele>2173.1</ele>
      </trkpt>
      <trkpt lat="44.30532" lon="6.81207">
        <ele>2176.8</ele>
      </trkpt>
      <trkpt lat="44.30535" lon="6.81198">
        <ele>2178.5</ele>
      </trkpt>
      <trkpt lat="44.30541" lon="6.8119">
        <ele>2179.7</ele>
      </trkpt>
      <trkpt lat="44.30554" lon="6.81181">
        <ele>2180.3</ele>
      </trkpt>
      <trkpt lat="44.30567" lon="6.81162">
        <ele>2183.4</ele>
      </trkpt>
      <trkpt lat="44.3058" lon="6.81152">
        <ele>2185.6</ele>
      </trkpt>
      <trkpt lat="44.30588" lon="6.81151">
        <ele>2186.3</ele>
      </trkpt>
      <trkpt lat="44.30604" lon="6.81155">
        <ele>2186.9</ele>
      </trkpt>
      <trkpt lat="44.30614" lon="6.81161">
        <ele>2186.1</ele>
      </trkpt>
      <trkpt lat="44.30619" lon="6.81161">
        <ele>2186.7</ele>
      </trkpt>
      <trkpt lat="44.30621" lon="6.81156">
        <ele>2188.8</ele>
      </trkpt>
      <trkpt lat="44.30619" lon="6.8115">
        <ele>2190.7</ele>
      </trkpt>
      <trkpt lat="44.30604" lon="6.81137">
        <ele>2193.4</ele>
      </trkpt>
      <trkpt lat="44.30589" lon="6.81119">
        <ele>2197.9</ele>
      </trkpt>
      <trkpt lat="44.30577" lon="6.8111">
        <ele>2200.8</ele>
      </trkpt>
      <trkpt lat="44.30567" lon="6.81108">
        <ele>2202.1</ele>
      </trkpt>
      <trkpt lat="44.3055" lon="6.81111">
        <ele>2202.0</ele>
      </trkpt>
      <trkpt lat="44.30508" lon="6.81128">
        <ele>2199.5</ele>
      </trkpt>
      <trkpt lat="44.30493" lon="6.81132">
        <ele>2200.1</ele>
      </trkpt>
      <trkpt lat="44.30476" lon="6.81126">
        <ele>2204.7</ele>
      </trkpt>
      <trkpt lat="44.30467" lon="6.81124">
        <ele>2206.9</ele>
      </trkpt>
      <trkpt lat="44.3045" lon="6.81128">
        <ele>2208.4</ele>
      </trkpt>
      <trkpt lat="44.30446" lon="6.81124">
        <ele>2210.4</ele>
      </trkpt>
      <trkpt lat="44.30445" lon="6.81117">
        <ele>2212.9</ele>
      </trkpt>
      <trkpt lat="44.30457" lon="6.81111">
        <ele>2212.8</ele>
      </trkpt>
      <trkpt lat="44.30527" lon="6.81063">
        <ele>2221.6</ele>
      </trkpt>
      <trkpt lat="44.30562" lon="6.8103">
        <ele>2233.0</ele>
      </trkpt>
      <trkpt lat="44.30604" lon="6.81008">
        <ele>2239.6</ele>
      </trkpt>
      <trkpt lat="44.30616" lon="6.81007">
        <ele>2240.4</ele>
      </trkpt>
      <trkpt lat="44.30624" lon="6.81012">
        <ele>2239.0</ele>
      </trkpt>
      <trkpt lat="44.30633" lon="6.81019">
        <ele>2237.1</ele>
      </trkpt>
      <trkpt lat="44.30647" lon="6.81036">
        <ele>2232.7</ele>
      </trkpt>
      <trkpt lat="44.30653" lon="6.81046">
        <ele>2230.2</ele>
      </trkpt>
      <trkpt lat="44.30661" lon="6.81049">
        <ele>2230.0</ele>
      </trkpt>
      <trkpt lat="44.30671" lon="6.81046">
        <ele>2230.8</ele>
      </trkpt>
      <trkpt lat="44.30683" lon="6.81038">
        <ele>2231.7</ele>
      </trkpt>
      <trkpt lat="44.30699" lon="6.8102">
        <ele>2235.1</ele>
      </trkpt>
      <trkpt lat="44.30704" lon="6.81003">
        <ele>2239.5</ele>
      </trkpt>
      <trkpt lat="44.3071" lon="6.80998">
        <ele>2240.3</ele>
      </trkpt>
      <trkpt lat="44.30728" lon="6.80991">
        <ele>2240.1</ele>
      </trkpt>
      <trkpt lat="44.30731" lon="6.80984">
        <ele>2241.3</ele>
      </trkpt>
      <trkpt lat="44.30729" lon="6.80976">
        <ele>2243.3</ele>
      </trkpt>
      <trkpt lat="44.30704" lon="6.80962">
        <ele>2248.9</ele>
      </trkpt>
      <trkpt lat="44.30697" lon="6.80949">
        <ele>2252.5</ele>
      </trkpt>
      <trkpt lat="44.30692" lon="6.80928">
        <ele>2257.7</ele>
      </trkpt>
      <trkpt lat="44.30691" lon="6.80907">
        <ele>2262.4</ele>
      </trkpt>
      <trkpt lat="44.30691" lon="6.80895">
        <ele>2264.9</ele>
      </trkpt>
      <trkpt lat="44.3069" lon="6.80888">
        <ele>2266.5</ele>
      </trkpt>
      <trkpt lat="44.30686" lon="6.80885">
        <ele>2267.6</ele>
      </trkpt>
      <trkpt lat="44.30681" lon="6.80883">
        <ele>2268.6</ele>
      </trkpt>
      <trkpt lat="44.30652" lon="6.80901">
        <ele>2267.3</ele>
      </trkpt>
      <trkpt lat="44.30641" lon="6.80912">
        <ele>2265.6</ele>
      </trkpt>
      <trkpt lat="44.30632" lon="6.8092">
        <ele>2264.2</ele>
      </trkpt>
      <trkpt lat="44.30622" lon="6.80921">
        <ele>2264.5</ele>
      </trkpt>
      <trkpt lat="44.30601" lon="6.80918">
        <ele>2266.5</ele>
      </trkpt>
      <trkpt lat="44.30591" lon="6.80914">
        <ele>2268.2</ele>
      </trkpt>
      <trkpt lat="44.30586" lon="6.80909">
        <ele>2269.7</ele>
      </trkpt>
      <trkpt lat="44.30586" lon="6.80904">
        <ele>2270.9</ele>
      </trkpt>
      <trkpt lat="44.30587" lon="6.809">
        <ele>2271.8</ele>
      </trkpt>
      <trkpt lat="44.30599" lon="6.80896">
        <ele>2271.9</ele>
      </trkpt>
      <trkpt lat="44.30604" lon="6.80889">
        <ele>2273.2</ele>
      </trkpt>
      <trkpt lat="44.30609" lon="6.80868">
        <ele>2277.8</ele>
      </trkpt>
      <trkpt lat="44.30614" lon="6.80837">
        <ele>2284.6</ele>
      </trkpt>
      <trkpt lat="44.30617" lon="6.80826">
        <ele>2286.5</ele>
      </trkpt>
      <trkpt lat="44.30624" lon="6.80818">
        <ele>2287.4</ele>
      </trkpt>
      <trkpt lat="44.3063" lon="6.80817">
        <ele>2287.2</ele>
      </trkpt>
      <trkpt lat="44.30639" lon="6.8082">
        <ele>2285.9</ele>
      </trkpt>
      <trkpt lat="44.30649" lon="6.8082">
        <ele>2285.2</ele>
      </trkpt>
      <trkpt lat="44.30666" lon="6.80813">
        <ele>2285.4</ele>
      </trkpt>
      <trkpt lat="44.30682" lon="6.808">
        <ele>2286.2</ele>
      </trkpt>
      <trkpt lat="44.30693" lon="6.80789">
        <ele>2287.3</ele>
      </trkpt>
      <trkpt lat="44.30706" lon="6.80769">
        <ele>2290.1</ele>
      </trkpt>
      <trkpt lat="44.30715" lon="6.80757">
        <ele>2291.6</ele>
      </trkpt>
      <trkpt lat="44.30729" lon="6.80743">
        <ele>2293.2</ele>
      </trkpt>
      <trkpt lat="44.30743" lon="6.80719">
        <ele>2297.5</ele>
      </trkpt>
      <trkpt lat="44.30768" lon="6.80695">
        <ele>2297.6</ele>
      </trkpt>
      <trkpt lat="44.30774" lon="6.80683">
        <ele>2298.8</ele>
      </trkpt>
      <trkpt lat="44.30776" lon="6.80669">
        <ele>2301.6</ele>
      </trkpt>
      <trkpt lat="44.3077" lon="6.80631">
        <ele>2307.6</ele>
      </trkpt>
      <trkpt lat="44.30771" lon="6.80584">
        <ele>2312.1</ele>
      </trkpt>
      <trkpt lat="44.30774" lon="6.80556">
        <ele>2317.0</ele>
      </trkpt>
      <trkpt lat="44.30777" lon="6.80543">
        <ele>2319.0</ele>
      </trkpt>
      <trkpt lat="44.30784" lon="6.80526">
        <ele>2321.2</ele>
      </trkpt>
      <trkpt lat="44.30795" lon="6.80513">
        <ele>2322.1</ele>
      </trkpt>
      <trkpt lat="44.30807" lon="6.80502">
        <ele>2322.6</ele>
      </trkpt>
      <trkpt lat="44.3082" lon="6.80501">
        <ele>2320.8</ele>
      </trkpt>
      <trkpt lat="44.30832" lon="6.80496">
        <ele>2320.5</ele>
      </trkpt>
      <trkpt lat="44.30851" lon="6.80477">
        <ele>2324.4</ele>
      </trkpt>
      <trkpt lat="44.30863" lon="6.8047">
        <ele>2325.3</ele>
      </trkpt>
      <trkpt lat="44.30877" lon="6.80463">
        <ele>2326.0</ele>
      </trkpt>
      <trkpt lat="44.30887" lon="6.8046">
        <ele>2325.8</ele>
      </trkpt>
      <trkpt lat="44.30901" lon="6.80459">
        <ele>2324.6</ele>
      </trkpt>
      <trkpt lat="44.3091" lon="6.80454">
        <ele>2325.2</ele>
      </trkpt>
      <trkpt lat="44.30952" lon="6.80406">
        <ele>2335.8</ele>
      </trkpt>
      <trkpt lat="44.30958" lon="6.80392">
        <ele>2339.2</ele>
      </trkpt>
      <trkpt lat="44.30961" lon="6.80377">
        <ele>2343.4</ele>
      </trkpt>
      <trkpt lat="44.30967" lon="6.80369">
        <ele>2344.6</ele>
      </trkpt>
      <trkpt lat="44.30978" lon="6.80369">
        <ele>2342.4</ele>
      </trkpt>
      <trkpt lat="44.31011" lon="6.80382">
        <ele>2336.1</ele>
      </trkpt>
      <trkpt lat="44.31019" lon="6.8039">
        <ele>2335.3</ele>
      </trkpt>
      <trkpt lat="44.31022" lon="6.80401">
        <ele>2333.3</ele>
      </trkpt>
      <trkpt lat="44.31028" lon="6.80411">
        <ele>2332.2</ele>
      </trkpt>
      <trkpt lat="44.31039" lon="6.8042">
        <ele>2332.3</ele>
      </trkpt>
      <trkpt lat="44.31049" lon="6.80425">
        <ele>2333.1</ele>
      </trkpt>
      <trkpt lat="44.31055" lon="6.80424">
        <ele>2334.4</ele>
      </trkpt>
      <trkpt lat="44.31062" lon="6.8042">
        <ele>2336.5</ele>
      </trkpt>
      <trkpt lat="44.31069" lon="6.80405">
        <ele>2340.0</ele>
      </trkpt>
      <trkpt lat="44.31071" lon="6.80378">
        <ele>2343.8</ele>
      </trkpt>
      <trkpt lat="44.3108" lon="6.80345">
        <ele>2348.6</ele>
      </trkpt>
      <trkpt lat="44.31085" lon="6.80286">
        <ele>2354.1</ele>
      </trkpt>
      <trkpt lat="44.3109" lon="6.80276">
        <ele>2355.3</ele>
      </trkpt>
      <trkpt lat="44.31118" lon="6.8025">
        <ele>2359.1</ele>
      </trkpt>
      <trkpt lat="44.31118" lon="6.8025">
        <ele>2359.1</ele>
      </trkpt>
      <trkpt lat="44.31129" lon="6.80239">
        <ele>2360.6</ele>
      </trkpt>
      <trkpt lat="44.31151" lon="6.80221">
        <ele>2363.0</ele>
      </trkpt>
      <trkpt lat="44.31156" lon="6.80219">
        <ele>2363.4</ele>
      </trkpt>
      <trkpt lat="44.31165" lon="6.80218">
        <ele>2363.8</ele>
      </trkpt>
      <trkpt lat="44.3118" lon="6.80221">
        <ele>2365.1</ele>
      </trkpt>
      <trkpt lat="44.31188" lon="6.80221">
        <ele>2365.9</ele>
      </trkpt>
      <trkpt lat="44.31191" lon="6.80214">
        <ele>2366.6</ele>
      </trkpt>
      <trkpt lat="44.31187" lon="6.80206">
        <ele>2366.6</ele>
      </trkpt>
      <trkpt lat="44.31178" lon="6.80195">
        <ele>2366.3</ele>
      </trkpt>
      <trkpt lat="44.31174" lon="6.80187">
        <ele>2366.4</ele>
      </trkpt>
      <trkpt lat="44.31172" lon="6.80176">
        <ele>2366.9</ele>
      </trkpt>
      <trkpt lat="44.3118" lon="6.80152">
        <ele>2369.2</ele>
      </trkpt>
      <trkpt lat="44.31188" lon="6.80147">
        <ele>2370.1</ele>
      </trkpt>
      <trkpt lat="44.31205" lon="6.80145">
        <ele>2371.5</ele>
      </trkpt>
      <trkpt lat="44.31216" lon="6.80139">
        <ele>2372.7</ele>
      </trkpt>
      <trkpt lat="44.31227" lon="6.80131">
        <ele>2374.0</ele>
      </trkpt>
      <trkpt lat="44.31234" lon="6.8013">
        <ele>2374.6</ele>
      </trkpt>
      <trkpt lat="44.31245" lon="6.80129">
        <ele>2375.4</ele>
      </trkpt>
      <trkpt lat="44.31254" lon="6.80125">
        <ele>2376.3</ele>
      </trkpt>
      <trkpt lat="44.3126" lon="6.80117">
        <ele>2377.3</ele>
      </trkpt>
      <trkpt lat="44.31262" lon="6.80106">
        <ele>2378.1</ele>
      </trkpt>
      <trkpt lat="44.31263" lon="6.80087">
        <ele>2379.4</ele>
      </trkpt>
      <trkpt lat="44.31268" lon="6.80062">
        <ele>2381.2</ele>
      </trkpt>
      <trkpt lat="44.31272" lon="6.80034">
        <ele>2383.1</ele>
      </trkpt>
      <trkpt lat="44.31273" lon="6.8002">
        <ele>2384.0</ele>
      </trkpt>
      <trkpt lat="44.31272" lon="6.80003">
        <ele>2385.1</ele>
      </trkpt>
      <trkpt lat="44.31274" lon="6.79984">
        <ele>2387.2</ele>
      </trkpt>
      <trkpt lat="44.3128" lon="6.79977">
        <ele>2388.1</ele>
      </trkpt>
      <trkpt lat="44.31286" lon="6.79976">
        <ele>2388.3</ele>
      </trkpt>
      <trkpt lat="44.31303" lon="6.79983">
        <ele>2387.7</ele>
      </trkpt>
      <trkpt lat="44.31332" lon="6.79979">
        <ele>2388.5</ele>
      </trkpt>
      <trkpt lat="44.31365" lon="6.79981">
        <ele>2393.4</ele>
      </trkpt>
      <trkpt lat="44.31402" lon="6.79987">
        <ele>2398.5</ele>
      </trkpt>
      <trkpt lat="44.31407" lon="6.79984">
        <ele>2399.8</ele>
      </trkpt>
      <trkpt lat="44.31409" lon="6.79977">
        <ele>2401.1</ele>
      </trkpt>
      <trkpt lat="44.31406" lon="6.79942">
        <ele>2405.5</ele>
      </trkpt>
      <trkpt lat="44.31403" lon="6.79925">
        <ele>2407.4</ele>
      </trkpt>
      <trkpt lat="44.31401" lon="6.79902">
        <ele>2409.8</ele>
      </trkpt>
      <trkpt lat="44.31403" lon="6.79865">
        <ele>2414.2</ele>
      </trkpt>
      <trkpt lat="44.31402" lon="6.79851">
        <ele>2415.6</ele>
      </trkpt>
      <trkpt lat="44.31388" lon="6.79809">
        <ele>2417.1</ele>
      </trkpt>
      <trkpt lat="44.31382" lon="6.79801">
        <ele>2417.0</ele>
      </trkpt>
      <trkpt lat="44.31372" lon="6.79793">
        <ele>2416.5</ele>
      </trkpt>
      <trkpt lat="44.31365" lon="6.79784">
        <ele>2416.8</ele>
      </trkpt>
      <trkpt lat="44.31363" lon="6.79777">
        <ele>2417.4</ele>
      </trkpt>
      <trkpt lat="44.3136" lon="6.79763">
        <ele>2418.8</ele>
      </trkpt>
      <trkpt lat="44.3136" lon="6.7974">
        <ele>2421.8</ele>
      </trkpt>
      <trkpt lat="44.31356" lon="6.79705">
        <ele>2427.2</ele>
      </trkpt>
      <trkpt lat="44.31356" lon="6.7969">
        <ele>2429.6</ele>
      </trkpt>
      <trkpt lat="44.31359" lon="6.79681">
        <ele>2431.1</ele>
      </trkpt>
      <trkpt lat="44.31365" lon="6.79678">
        <ele>2431.6</ele>
      </trkpt>
      <trkpt lat="44.31382" lon="6.79676">
        <ele>2432.2</ele>
      </trkpt>
      <trkpt lat="44.31392" lon="6.79681">
        <ele>2431.7</ele>
      </trkpt>
      <trkpt lat="44.31401" lon="6.79689">
        <ele>2430.7</ele>
      </trkpt>
      <trkpt lat="44.31408" lon="6.79693">
        <ele>2430.3</ele>
      </trkpt>
      <trkpt lat="44.31418" lon="6.79693">
        <ele>2430.7</ele>
      </trkpt>
      <trkpt lat="44.31431" lon="6.79689">
        <ele>2433.0</ele>
      </trkpt>
      <trkpt lat="44.31441" lon="6.79691">
        <ele>2434.1</ele>
      </trkpt>
      <trkpt lat="44.31446" lon="6.79696">
        <ele>2434.4</ele>
      </trkpt>
      <trkpt lat="44.31456" lon="6.7972">
        <ele>2434.4</ele>
      </trkpt>
      <trkpt lat="44.31463" lon="6.7973">
        <ele>2435.2</ele>
      </trkpt>
      <trkpt lat="44.31473" lon="6.79735">
        <ele>2437.0</ele>
      </trkpt>
      <trkpt lat="44.31483" lon="6.79733">
        <ele>2439.2</ele>
      </trkpt>
      <trkpt lat="44.31491" lon="6.79725">
        <ele>2440.9</ele>
      </trkpt>
      <trkpt lat="44.31514" lon="6.79693">
        <ele>2443.3</ele>
      </trkpt>
      <trkpt lat="44.31518" lon="6.7968">
        <ele>2442.9</ele>
      </trkpt>
      <trkpt lat="44.31519" lon="6.79637">
        <ele>2438.1</ele>
      </trkpt>
      <trkpt lat="44.31521" lon="6.79622">
        <ele>2435.8</ele>
      </trkpt>
      <trkpt lat="44.31521" lon="6.79591">
        <ele>2431.3</ele>
      </trkpt>
      <trkpt lat="44.31525" lon="6.79585">
        <ele>2429.6</ele>
      </trkpt>
      <trkpt lat="44.3153" lon="6.79586">
        <ele>2428.6</ele>
      </trkpt>
      <trkpt lat="44.31555" lon="6.79609">
        <ele>2428.7</ele>
      </trkpt>
      <trkpt lat="44.31566" lon="6.79614">
        <ele>2428.4</ele>
      </trkpt>
      <trkpt lat="44.31574" lon="6.79616">
        <ele>2427.8</ele>
      </trkpt>
      <trkpt lat="44.31597" lon="6.79614">
        <ele>2420.4</ele>
      </trkpt>
      <trkpt lat="44.31608" lon="6.79617">
        <ele>2417.1</ele>
      </trkpt>
      <trkpt lat="44.3162" lon="6.79625">
        <ele>2415.9</ele>
      </trkpt>
      <trkpt lat="44.31637" lon="6.79645">
        <ele>2419.4</ele>
      </trkpt>
      <trkpt lat="44.31649" lon="6.79656">
        <ele>2421.6</ele>
      </trkpt>
      <trkpt lat="44.31661" lon="6.79669">
        <ele>2425.6</ele>
      </trkpt>
      <trkpt lat="44.3169" lon="6.79687">
        <ele>2428.4</ele>
      </trkpt>
      <trkpt lat="44.31718" lon="6.79692">
        <ele>2424.4</ele>
      </trkpt>
      <trkpt lat="44.31736" lon="6.79692">
        <ele>2419.8</ele>
      </trkpt>
      <trkpt lat="44.31765" lon="6.79688">
        <ele>2413.0</ele>
      </trkpt>
      <trkpt lat="44.31781" lon="6.79683">
        <ele>2409.1</ele>
      </trkpt>
      <trkpt lat="44.31811" lon="6.79668">
        <ele>2399.1</ele>
      </trkpt>
      <trkpt lat="44.31853" lon="6.79641">
        <ele>2390.8</ele>
      </trkpt>
      <trkpt lat="44.31875" lon="6.79633">
        <ele>2391.0</ele>
      </trkpt>
      <trkpt lat="44.31893" lon="6.79629">
        <ele>2392.3</ele>
      </trkpt>
      <trkpt lat="44.31933" lon="6.79629">
        <ele>2398.2</ele>
      </trkpt>
      <trkpt lat="44.31943" lon="6.79625">
        <ele>2398.6</ele>
      </trkpt>
      <trkpt lat="44.31955" lon="6.7961">
        <ele>2396.8</ele>
      </trkpt>
      <trkpt lat="44.31963" lon="6.79604">
        <ele>2396.8</ele>
      </trkpt>
      <trkpt lat="44.31968" lon="6.79601">
        <ele>2397.1</ele>
      </trkpt>
      <trkpt lat="44.3199" lon="6.79603">
        <ele>2401.7</ele>
      </trkpt>
      <trkpt lat="44.32001" lon="6.79599">
        <ele>2402.8</ele>
      </trkpt>
      <trkpt lat="44.32016" lon="6.79582">
        <ele>2400.6</ele>
      </trkpt>
      <trkpt lat="44.32024" lon="6.7958">
        <ele>2401.0</ele>
      </trkpt>
      <trkpt lat="44.32038" lon="6.79586">
        <ele>2401.8</ele>
      </trkpt>
      <trkpt lat="44.32051" lon="6.79597">
        <ele>2403.7</ele>
      </trkpt>
      <trkpt lat="44.32061" lon="6.79612">
        <ele>2405.8</ele>
      </trkpt>
      <trkpt lat="44.32085" lon="6.79642">
        <ele>2409.3</ele>
      </trkpt>
      <trkpt lat="44.32103" lon="6.79659">
        <ele>2410.9</ele>
      </trkpt>
      <trkpt lat="44.32139" lon="6.79678">
        <ele>2413.3</ele>
      </trkpt>
      <trkpt lat="44.32166" lon="6.79695">
        <ele>2415.8</ele>
      </trkpt>
      <trkpt lat="44.32176" lon="6.79698">
        <ele>2416.9</ele>
      </trkpt>
      <trkpt lat="44.32214" lon="6.79685">
        <ele>2417.7</ele>
      </trkpt>
      <trkpt lat="44.32229" lon="6.79684">
        <ele>2418.7</ele>
      </trkpt>
      <trkpt lat="44.32273" lon="6.79695">
        <ele>2422.0</ele>
      </trkpt>
      <trkpt lat="44.32282" lon="6.797">
        <ele>2422.8</ele>
      </trkpt>
      <trkpt lat="44.32298" lon="6.79712">
        <ele>2424.6</ele>
      </trkpt>
      <trkpt lat="44.32313" lon="6.79722">
        <ele>2426.1</ele>
      </trkpt>
      <trkpt lat="44.32351" lon="6.79764">
        <ele>2431.9</ele>
      </trkpt>
      <trkpt lat="44.32413" lon="6.7983">
        <ele>2443.3</ele>
      </trkpt>
      <trkpt lat="44.32423" lon="6.79845">
        <ele>2444.4</ele>
      </trkpt>
      <trkpt lat="44.32444" lon="6.79885">
        <ele>2445.8</ele>
      </trkpt>
      <trkpt lat="44.32484" lon="6.79972">
        <ele>2458.1</ele>
      </trkpt>
      <trkpt lat="44.32489" lon="6.79978">
        <ele>2459.2</ele>
      </trkpt>
      <trkpt lat="44.32495" lon="6.79982">
        <ele>2459.7</ele>
      </trkpt>
      <trkpt lat="44.32521" lon="6.79983">
        <ele>2462.2</ele>
      </trkpt>
      <trkpt lat="44.32549" lon="6.79982">
        <ele>2465.4</ele>
      </trkpt>
      <trkpt lat="44.32563" lon="6.7998">
        <ele>2466.5</ele>
      </trkpt>
      <trkpt lat="44.32576" lon="6.79975">
        <ele>2466.4</ele>
      </trkpt>
      <trkpt lat="44.326" lon="6.79973">
        <ele>2466.7</ele>
      </trkpt>
      <trkpt lat="44.32605" lon="6.79969">
        <ele>2465.4</ele>
      </trkpt>
      <trkpt lat="44.32609" lon="6.79959">
        <ele>2462.2</ele>
      </trkpt>
      <trkpt lat="44.32615" lon="6.79955">
        <ele>2461.0</ele>
      </trkpt>
      <trkpt lat="44.32623" lon="6.79955">
        <ele>2461.2</ele>
      </trkpt>
      <trkpt lat="44.32634" lon="6.79965">
        <ele>2464.5</ele>
      </trkpt>
      <trkpt lat="44.32655" lon="6.79988">
        <ele>2471.6</ele>
      </trkpt>
      <trkpt lat="44.32682" lon="6.80027">
        <ele>2479.2</ele>
      </trkpt>
      <trkpt lat="44.32697" lon="6.80044">
        <ele>2481.0</ele>
      </trkpt>
      <trkpt lat="44.32708" lon="6.80059">
        <ele>2482.7</ele>
      </trkpt>
      <trkpt lat="44.32723" lon="6.80073">
        <ele>2483.6</ele>
      </trkpt>
      <trkpt lat="44.3273" lon="6.80083">
        <ele>2484.6</ele>
      </trkpt>
      <trkpt lat="44.32743" lon="6.80114">
        <ele>2486.5</ele>
      </trkpt>
      <trkpt lat="44.32749" lon="6.80133">
        <ele>2487.6</ele>
      </trkpt>
      <trkpt lat="44.32755" lon="6.8016">
        <ele>2490.1</ele>
      </trkpt>
      <trkpt lat="44.3278" lon="6.80204">
        <ele>2498.4</ele>
      </trkpt>
      <trkpt lat="44.32787" lon="6.80209">
        <ele>2499.2</ele>
      </trkpt>
      <trkpt lat="44.32809" lon="6.80211">
        <ele>2498.4</ele>
      </trkpt>
      <trkpt lat="44.32824" lon="6.80215">
        <ele>2498.4</ele>
      </trkpt>
      <trkpt lat="44.32845" lon="6.80224">
        <ele>2500.1</ele>
      </trkpt>
      <trkpt lat="44.32872" lon="6.80242">
        <ele>2504.1</ele>
      </trkpt>
      <trkpt lat="44.32885" lon="6.80246">
        <ele>2505.0</ele>
      </trkpt>
      <trkpt lat="44.32889" lon="6.80252">
        <ele>2505.9</ele>
      </trkpt>
      <trkpt lat="44.3289" lon="6.80257">
        <ele>2506.7</ele>
      </trkpt>
      <trkpt lat="44.32888" lon="6.80266">
        <ele>2507.9</ele>
      </trkpt>
      <trkpt lat="44.32882" lon="6.8027">
        <ele>2508.4</ele>
      </trkpt>
      <trkpt lat="44.32844" lon="6.8027">
        <ele>2508.2</ele>
      </trkpt>
      <trkpt lat="44.3279" lon="6.8026">
        <ele>2509.9</ele>
      </trkpt>
      <trkpt lat="44.32765" lon="6.8025">
        <ele>2509.9</ele>
      </trkpt>
      <trkpt lat="44.32739" lon="6.8024">
        <ele>2510.8</ele>
      </trkpt>
      <trkpt lat="44.32716" lon="6.80243">
        <ele>2516.0</ele>
      </trkpt>
      <trkpt lat="44.32699" lon="6.80243">
        <ele>2519.4</ele>
      </trkpt>
      <trkpt lat="44.3269" lon="6.80244">
        <ele>2521.3</ele>
      </trkpt>
      <trkpt lat="44.32687" lon="6.80252">
        <ele>2523.6</ele>
      </trkpt>
      <trkpt lat="44.32687" lon="6.80262">
        <ele>2525.8</ele>
      </trkpt>
      <trkpt lat="44.32699" lon="6.80303">
        <ele>2532.5</ele>
      </trkpt>
      <trkpt lat="44.3272" lon="6.8033">
        <ele>2533.5</ele>
      </trkpt>
      <trkpt lat="44.32761" lon="6.80352">
        <ele>2530.9</ele>
      </trkpt>
      <trkpt lat="44.32772" lon="6.80362">
        <ele>2532.4</ele>
      </trkpt>
      <trkpt lat="44.3279" lon="6.8038">
        <ele>2535.0</ele>
      </trkpt>
      <trkpt lat="44.32812" lon="6.80397">
        <ele>2536.7</ele>
      </trkpt>
      <trkpt lat="44.32828" lon="6.80418">
        <ele>2540.1</ele>
      </trkpt>
      <trkpt lat="44.32856" lon="6.80437">
        <ele>2544.8</ele>
      </trkpt>
      <trkpt lat="44.32875" lon="6.80454">
        <ele>2549.8</ele>
      </trkpt>
      <trkpt lat="44.32886" lon="6.8046">
        <ele>2551.4</ele>
      </trkpt>
      <trkpt lat="44.32905" lon="6.80462">
        <ele>2551.3</ele>
      </trkpt>
      <trkpt lat="44.32923" lon="6.80467">
        <ele>2553.3</ele>
      </trkpt>
      <trkpt lat="44.32946" lon="6.80466">
        <ele>2555.8</ele>
      </trkpt>
      <trkpt lat="44.32967" lon="6.80468">
        <ele>2559.1</ele>
      </trkpt>
      <trkpt lat="44.32998" lon="6.80452">
        <ele>2557.6</ele>
      </trkpt>
      <trkpt lat="44.33009" lon="6.80443">
        <ele>2555.8</ele>
      </trkpt>
      <trkpt lat="44.3302" lon="6.8044">
        <ele>2556.0</ele>
      </trkpt>
      <trkpt lat="44.33032" lon="6.80439">
        <ele>2556.9</ele>
      </trkpt>
      <trkpt lat="44.33041" lon="6.80443">
        <ele>2559.2</ele>
      </trkpt>
      <trkpt lat="44.33055" lon="6.80452">
        <ele>2563.4</ele>
      </trkpt>
      <trkpt lat="44.33068" lon="6.80463">
        <ele>2567.9</ele>
      </trkpt>
      <trkpt lat="44.33081" lon="6.8047">
        <ele>2571.2</ele>
      </trkpt>
      <trkpt lat="44.33119" lon="6.80476">
        <ele>2573.0</ele>
      </trkpt>
      <trkpt lat="44.33157" lon="6.8048">
        <ele>2574.6</ele>
      </trkpt>
      <trkpt lat="44.33168" lon="6.80484">
        <ele>2576.2</ele>
      </trkpt>
      <trkpt lat="44.33194" lon="6.80511">
        <ele>2585.7</ele>
      </trkpt>
      <trkpt lat="44.33205" lon="6.80525">
        <ele>2590.2</ele>
      </trkpt>
      <trkpt lat="44.33214" lon="6.80532">
        <ele>2592.1</ele>
      </trkpt>
      <trkpt lat="44.33235" lon="6.80546">
        <ele>2595.6</ele>
      </trkpt>
      <trkpt lat="44.3325" lon="6.80549">
        <ele>2595.5</ele>
      </trkpt>
      <trkpt lat="44.33263" lon="6.8056">
        <ele>2600.4</ele>
      </trkpt>
      <trkpt lat="44.33281" lon="6.80577">
        <ele>2607.3</ele>
      </trkpt>
      <trkpt lat="44.33288" lon="6.80576">
        <ele>2607.5</ele>
      </trkpt>
      <trkpt lat="44.33295" lon="6.80571">
        <ele>2606.6</ele>
      </trkpt>
      <trkpt lat="44.33304" lon="6.80544">
        <ele>2599.5</ele>
      </trkpt>
      <trkpt lat="44.3331" lon="6.80537">
        <ele>2598.2</ele>
      </trkpt>
      <trkpt lat="44.33348" lon="6.80514">
        <ele>2596.1</ele>
      </trkpt>
      <trkpt lat="44.33371" lon="6.80506">
        <ele>2596.5</ele>
      </trkpt>
      <trkpt lat="44.33385" lon="6.80498">
        <ele>2596.3</ele>
      </trkpt>
      <trkpt lat="44.33395" lon="6.80498">
        <ele>2597.4</ele>
      </trkpt>
      <trkpt lat="44.33404" lon="6.80503">
        <ele>2599.3</ele>
      </trkpt>
      <trkpt lat="44.33409" lon="6.8051">
        <ele>2601.3</ele>
      </trkpt>
      <trkpt lat="44.33409" lon="6.8051">
        <ele>2601.3</ele>
      </trkpt>
      <trkpt lat="44.33412" lon="6.80514">
        <ele>2602.4</ele>
      </trkpt>
      <trkpt lat="44.3343" lon="6.80531">
        <ele>2608.0</ele>
      </trkpt>
      <trkpt lat="44.33434" lon="6.80537">
        <ele>2609.6</ele>
      </trkpt>
      <trkpt lat="44.33433" lon="6.80545">
        <ele>2610.9</ele>
      </trkpt>
      <trkpt lat="44.33427" lon="6.80562">
        <ele>2613.4</ele>
      </trkpt>
      <trkpt lat="44.33425" lon="6.80573">
        <ele>2615.3</ele>
      </trkpt>
      <trkpt lat="44.33425" lon="6.80582">
        <ele>2617.0</ele>
      </trkpt>
      <trkpt lat="44.33425" lon="6.80593">
        <ele>2618.6</ele>
      </trkpt>
      <trkpt lat="44.33429" lon="6.80597">
        <ele>2619.2</ele>
      </trkpt>
      <trkpt lat="44.33434" lon="6.80596">
        <ele>2619.2</ele>
      </trkpt>
      <trkpt lat="44.33447" lon="6.80586">
        <ele>2618.4</ele>
      </trkpt>
      <trkpt lat="44.33453" lon="6.80583">
        <ele>2618.3</ele>
      </trkpt>
      <trkpt lat="44.3346" lon="6.80586">
        <ele>2618.9</ele>
      </trkpt>
      <trkpt lat="44.33466" lon="6.80596">
        <ele>2620.3</ele>
      </trkpt>
      <trkpt lat="44.33474" lon="6.80615">
        <ele>2622.7</ele>
      </trkpt>
      <trkpt lat="44.33478" lon="6.80625">
        <ele>2624.0</ele>
      </trkpt>
      <trkpt lat="44.33485" lon="6.80633">
        <ele>2625.0</ele>
      </trkpt>
      <trkpt lat="44.33493" lon="6.80635">
        <ele>2625.4</ele>
      </trkpt>
      <trkpt lat="44.33504" lon="6.80629">
        <ele>2626.0</ele>
      </trkpt>
      <trkpt lat="44.33514" lon="6.80615">
        <ele>2627.4</ele>
      </trkpt>
      <trkpt lat="44.33532" lon="6.80571">
        <ele>2629.2</ele>
      </trkpt>
      <trkpt lat="44.33545" lon="6.80545">
        <ele>2631.7</ele>
      </trkpt>
      <trkpt lat="44.3357" lon="6.80451">
        <ele>2634.0</ele>
      </trkpt>
      <trkpt lat="44.33584" lon="6.80373">
        <ele>2633.7</ele>
      </trkpt>
      <trkpt lat="44.33584" lon="6.80367">
        <ele>2633.3</ele>
      </trkpt>
      <trkpt lat="44.3358" lon="6.80344">
        <ele>2630.7</ele>
      </trkpt>
      <trkpt lat="44.33579" lon="6.80328">
        <ele>2629.6</ele>
      </trkpt>
      <trkpt lat="44.33583" lon="6.8031">
        <ele>2629.8</ele>
      </trkpt>
      <trkpt lat="44.3359" lon="6.80293">
        <ele>2631.8</ele>
      </trkpt>
      <trkpt lat="44.33592" lon="6.8028">
        <ele>2632.0</ele>
      </trkpt>
      <trkpt lat="44.33591" lon="6.80266">
        <ele>2630.9</ele>
      </trkpt>
      <trkpt lat="44.33593" lon="6.80254">
        <ele>2631.1</ele>
      </trkpt>
      <trkpt lat="44.33599" lon="6.80241">
        <ele>2632.9</ele>
      </trkpt>
      <trkpt lat="44.33611" lon="6.80229">
        <ele>2637.0</ele>
      </trkpt>
      <trkpt lat="44.33613" lon="6.80222">
        <ele>2637.3</ele>
      </trkpt>
      <trkpt lat="44.33612" lon="6.80206">
        <ele>2635.9</ele>
      </trkpt>
      <trkpt lat="44.33613" lon="6.80199">
        <ele>2635.8</ele>
      </trkpt>
      <trkpt lat="44.3363" lon="6.80155">
        <ele>2638.8</ele>
      </trkpt>
      <trkpt lat="44.33636" lon="6.80129">
        <ele>2638.3</ele>
      </trkpt>
      <trkpt lat="44.3365" lon="6.80086">
        <ele>2636.9</ele>
      </trkpt>
      <trkpt lat="44.33655" lon="6.80077">
        <ele>2637.3</ele>
      </trkpt>
      <trkpt lat="44.33663" lon="6.80075">
        <ele>2638.8</ele>
      </trkpt>
      <trkpt lat="44.33685" lon="6.80091">
        <ele>2639.1</ele>
      </trkpt>
      <trkpt lat="44.3371" lon="6.80112">
        <ele>2640.3</ele>
      </trkpt>
      <trkpt lat="44.3372" lon="6.80123">
        <ele>2641.6</ele>
      </trkpt>
      <trkpt lat="44.33737" lon="6.80148">
        <ele>2645.6</ele>
      </trkpt>
      <trkpt lat="44.33755" lon="6.80172">
        <ele>2649.0</ele>
      </trkpt>
      <trkpt lat="44.33763" lon="6.80177">
        <ele>2648.1</ele>
      </trkpt>
      <trkpt lat="44.33765" lon="6.80182">
        <ele>2648.8</ele>
      </trkpt>
      <trkpt lat="44.33766" lon="6.80189">
        <ele>2650.3</ele>
      </trkpt>
      <trkpt lat="44.33752" lon="6.80178">
        <ele>2651.2</ele>
      </trkpt>
      <trkpt lat="44.33723" lon="6.80144">
        <ele>2645.7</ele>
      </trkpt>
      <trkpt lat="44.33716" lon="6.80138">
        <ele>2644.9</ele>
      </trkpt>
      <trkpt lat="44.33709" lon="6.80133">
        <ele>2644.5</ele>
      </trkpt>
      <trkpt lat="44.33696" lon="6.80128">
        <ele>2644.6</ele>
      </trkpt>
      <trkpt lat="44.3369" lon="6.80127">
        <ele>2644.9</ele>
      </trkpt>
      <trkpt lat="44.33682" lon="6.80129">
        <ele>2645.9</ele>
      </trkpt>
      <trkpt lat="44.33675" lon="6.80138">
        <ele>2647.9</ele>
      </trkpt>
      <trkpt lat="44.33671" lon="6.80151">
        <ele>2650.3</ele>
      </trkpt>
      <trkpt lat="44.3367" lon="6.80175">
        <ele>2653.7</ele>
      </trkpt>
      <trkpt lat="44.33672" lon="6.80282">
        <ele>2664.0</ele>
      </trkpt>
      <trkpt lat="44.33666" lon="6.80396">
        <ele>2668.0</ele>
      </trkpt>
      <trkpt lat="44.33664" lon="6.80416">
        <ele>2667.9</ele>
      </trkpt>
      <trkpt lat="44.33654" lon="6.80456">
        <ele>2666.4</ele>
      </trkpt>
      <trkpt lat="44.33654" lon="6.80473">
        <ele>2667.4</ele>
      </trkpt>
      <trkpt lat="44.33659" lon="6.80521">
        <ele>2672.2</ele>
      </trkpt>
      <trkpt lat="44.33651" lon="6.80583">
        <ele>2672.8</ele>
      </trkpt>
      <trkpt lat="44.33643" lon="6.80645">
        <ele>2672.4</ele>
      </trkpt>
      <trkpt lat="44.33639" lon="6.80715">
        <ele>2674.8</ele>
      </trkpt>
      <trkpt lat="44.33628" lon="6.80777">
        <ele>2674.3</ele>
      </trkpt>
      <trkpt lat="44.33609" lon="6.80818">
        <ele>2670.5</ele>
      </trkpt>
      <trkpt lat="44.33597" lon="6.80846">
        <ele>2668.5</ele>
      </trkpt>
      <trkpt lat="44.33565" lon="6.809">
        <ele>2668.1</ele>
      </trkpt>
      <trkpt lat="44.33543" lon="6.8094">
        <ele>2669.3</ele>
      </trkpt>
      <trkpt lat="44.33534" lon="6.80954">
        <ele>2669.8</ele>
      </trkpt>
      <trkpt lat="44.33476" lon="6.81007">
        <ele>2673.3</ele>
      </trkpt>
      <trkpt lat="44.33459" lon="6.81015">
        <ele>2673.1</ele>
      </trkpt>
      <trkpt lat="44.33435" lon="6.81023">
        <ele>2673.6</ele>
      </trkpt>
      <trkpt lat="44.33416" lon="6.81034">
        <ele>2676.0</ele>
      </trkpt>
      <trkpt lat="44.33398" lon="6.81047">
        <ele>2680.2</ele>
      </trkpt>
      <trkpt lat="44.33374" lon="6.81056">
        <ele>2683.8</ele>
      </trkpt>
      <trkpt lat="44.33348" lon="6.81061">
        <ele>2686.6</ele>
      </trkpt>
      <trkpt lat="44.33286" lon="6.81062">
        <ele>2688.2</ele>
      </trkpt>
      <trkpt lat="44.33269" lon="6.81065">
        <ele>2689.2</ele>
      </trkpt>
      <trkpt lat="44.33245" lon="6.8108">
        <ele>2693.5</ele>
      </trkpt>
      <trkpt lat="44.33232" lon="6.8108">
        <ele>2694.5</ele>
      </trkpt>
      <trkpt lat="44.33216" lon="6.81076">
        <ele>2694.9</ele>
      </trkpt>
      <trkpt lat="44.33197" lon="6.81067">
        <ele>2694.8</ele>
      </trkpt>
      <trkpt lat="44.33188" lon="6.81062">
        <ele>2694.8</ele>
      </trkpt>
      <trkpt lat="44.33179" lon="6.81055">
        <ele>2694.6</ele>
      </trkpt>
      <trkpt lat="44.33122" lon="6.80979">
        <ele>2690.7</ele>
      </trkpt>
      <trkpt lat="44.33112" lon="6.80967">
        <ele>2690.7</ele>
      </trkpt>
      <trkpt lat="44.33064" lon="6.80919">
        <ele>2696.6</ele>
      </trkpt>
      <trkpt lat="44.3304" lon="6.80886">
        <ele>2696.7</ele>
      </trkpt>
      <trkpt lat="44.33019" lon="6.80859">
        <ele>2698.0</ele>
      </trkpt>
      <trkpt lat="44.33009" lon="6.80849">
        <ele>2699.6</ele>
      </trkpt>
      <trkpt lat="44.3298" lon="6.80823">
        <ele>2699.7</ele>
      </trkpt>
      <trkpt lat="44.32963" lon="6.80811">
        <ele>2697.8</ele>
      </trkpt>
      <trkpt lat="44.32948" lon="6.80804">
        <ele>2697.6</ele>
      </trkpt>
      <trkpt lat="44.32929" lon="6.80797">
        <ele>2698.1</ele>
      </trkpt>
      <trkpt lat="44.32903" lon="6.80785">
        <ele>2695.4</ele>
      </trkpt>
      <trkpt lat="44.32881" lon="6.8078">
        <ele>2694.2</ele>
      </trkpt>
      <trkpt lat="44.3286" lon="6.80777">
        <ele>2694.1</ele>
      </trkpt>
      <trkpt lat="44.32834" lon="6.80784">
        <ele>2697.4</ele>
      </trkpt>
      <trkpt lat="44.32812" lon="6.80786">
        <ele>2696.3</ele>
      </trkpt>
      <trkpt lat="44.3279" lon="6.80794">
        <ele>2696.4</ele>
      </trkpt>
      <trkpt lat="44.32774" lon="6.80797">
        <ele>2695.5</ele>
      </trkpt>
      <trkpt lat="44.3276" lon="6.80795">
        <ele>2693.9</ele>
      </trkpt>
      <trkpt lat="44.32738" lon="6.80784">
        <ele>2691.3</ele>
      </trkpt>
      <trkpt lat="44.32711" lon="6.80767">
        <ele>2692.0</ele>
      </trkpt>
      <trkpt lat="44.32674" lon="6.80738">
        <ele>2695.9</ele>
      </trkpt>
      <trkpt lat="44.3267" lon="6.80738">
        <ele>2696.7</ele>
      </trkpt>
      <trkpt lat="44.32667" lon="6.8073">
        <ele>2695.6</ele>
      </trkpt>
      <trkpt lat="44.3266" lon="6.80722">
        <ele>2694.2</ele>
      </trkpt>
      <trkpt lat="44.32652" lon="6.80707">
        <ele>2692.2</ele>
      </trkpt>
      <trkpt lat="44.32645" lon="6.807">
        <ele>2692.1</ele>
      </trkpt>
      <trkpt lat="44.32619" lon="6.80685">
        <ele>2695.7</ele>
      </trkpt>
      <trkpt lat="44.3261" lon="6.80676">
        <ele>2697.9</ele>
      </trkpt>
      <trkpt lat="44.32604" lon="6.80669">
        <ele>2699.9</ele>
      </trkpt>
      <trkpt lat="44.32596" lon="6.80657">
        <ele>2700.1</ele>
      </trkpt>
      <trkpt lat="44.32576" lon="6.80616">
        <ele>2695.5</ele>
      </trkpt>
      <trkpt lat="44.3257" lon="6.80608">
        <ele>2694.1</ele>
      </trkpt>
      <trkpt lat="44.32563" lon="6.80605">
        <ele>2693.9</ele>
      </trkpt>
      <trkpt lat="44.32556" lon="6.80608">
        <ele>2695.0</ele>
      </trkpt>
      <trkpt lat="44.32532" lon="6.80632">
        <ele>2701.6</ele>
      </trkpt>
      <trkpt lat="44.32518" lon="6.80642">
        <ele>2704.6</ele>
      </trkpt>
      <trkpt lat="44.3251" lon="6.80647">
        <ele>2706.2</ele>
      </trkpt>
      <trkpt lat="44.32497" lon="6.80649">
        <ele>2707.8</ele>
      </trkpt>
      <trkpt lat="44.32486" lon="6.80648">
        <ele>2709.9</ele>
      </trkpt>
      <trkpt lat="44.32423" lon="6.80619">
        <ele>2715.1</ele>
      </trkpt>
      <trkpt lat="44.32398" lon="6.80619">
        <ele>2722.7</ele>
      </trkpt>
      <trkpt lat="44.3238" lon="6.80616">
        <ele>2728.1</ele>
      </trkpt>
      <trkpt lat="44.32366" lon="6.8061">
        <ele>2731.1</ele>
      </trkpt>
      <trkpt lat="44.32349" lon="6.80599">
        <ele>2733.5</ele>
      </trkpt>
      <trkpt lat="44.32349" lon="6.80599">
        <ele>2733.5</ele>
      </trkpt>
      <trkpt lat="44.32326" lon="6.80581">
        <ele>2736.2</ele>
      </trkpt>
      <trkpt lat="44.32306" lon="6.8056">
        <ele>2736.3</ele>
      </trkpt>
      <trkpt lat="44.323" lon="6.80552">
        <ele>2735.8</ele>
      </trkpt>
      <trkpt lat="44.32292" lon="6.80546">
        <ele>2737.1</ele>
      </trkpt>
      <trkpt lat="44.32257" lon="6.80541">
        <ele>2751.9</ele>
      </trkpt>
      <trkpt lat="44.32247" lon="6.8053">
        <ele>2752.7</ele>
      </trkpt>
      <trkpt lat="44.32208" lon="6.80461">
        <ele>2741.4</ele>
      </trkpt>
      <trkpt lat="44.322" lon="6.80455">
        <ele>2742.1</ele>
      </trkpt>
      <trkpt lat="44.32185" lon="6.80449">
        <ele>2745.9</ele>
      </trkpt>
      <trkpt lat="44.32175" lon="6.80449">
        <ele>2750.2</ele>
      </trkpt>
      <trkpt lat="44.32157" lon="6.80455">
        <ele>2759.1</ele>
      </trkpt>
      <trkpt lat="44.32146" lon="6.80455">
        <ele>2761.6</ele>
      </trkpt>
      <trkpt lat="44.32125" lon="6.8045">
        <ele>2764.2</ele>
      </trkpt>
      <trkpt lat="44.32101" lon="6.80454">
        <ele>2771.6</ele>
      </trkpt>
      <trkpt lat="44.3209" lon="6.80451">
        <ele>2772.9</ele>
      </trkpt>
      <trkpt lat="44.3207" lon="6.80439">
        <ele>2767.5</ele>
      </trkpt>
      <trkpt lat="44.32062" lon="6.80435">
        <ele>2765.1</ele>
      </trkpt>
      <trkpt lat="44.3205" lon="6.80433">
        <ele>2763.2</ele>
      </trkpt>
      <trkpt lat="44.32041" lon="6.80432">
        <ele>2761.9</ele>
      </trkpt>
      <trkpt lat="44.32037" lon="6.80434">
        <ele>2761.9</ele>
      </trkpt>
      <trkpt lat="44.32035" lon="6.80437">
        <ele>2762.3</ele>
      </trkpt>
      <trkpt lat="44.32033" lon="6.80441">
        <ele>2762.8</ele>
      </trkpt>
      <trkpt lat="44.32033" lon="6.80455">
        <ele>2765.4</ele>
      </trkpt>
      <trkpt lat="44.32035" lon="6.80463">
        <ele>2767.4</ele>
      </trkpt>
      <trkpt lat="44.32047" lon="6.80499">
        <ele>2779.5</ele>
      </trkpt>
      <trkpt lat="44.32051" lon="6.80531">
        <ele>2784.0</ele>
      </trkpt>
      <trkpt lat="44.32059" lon="6.80573">
        <ele>2792.1</ele>
      </trkpt>
      <trkpt lat="44.32063" lon="6.80585">
        <ele>2795.7</ele>
      </trkpt>
      <trkpt lat="44.32073" lon="6.80609">
        <ele>2802.8</ele>
      </trkpt>
      <trkpt lat="44.32075" lon="6.80618">
        <ele>2804.4</ele>
      </trkpt>
      <trkpt lat="44.32077" lon="6.80628">
        <ele>2806.0</ele>
      </trkpt>
      <trkpt lat="44.32076" lon="6.80643">
        <ele>2806.0</ele>
      </trkpt>
      <trkpt lat="44.32073" lon="6.80655">
        <ele>2804.9</ele>
      </trkpt>
      <trkpt lat="44.32052" lon="6.80697">
        <ele>2796.6</ele>
      </trkpt>
      <trkpt lat="44.32049" lon="6.80706">
        <ele>2795.8</ele>
      </trkpt>
      <trkpt lat="44.32046" lon="6.80717">
        <ele>2795.2</ele>
      </trkpt>
      <trkpt lat="44.32046" lon="6.80728">
        <ele>2796.2</ele>
      </trkpt>
      <trkpt lat="44.32048" lon="6.80737">
        <ele>2797.9</ele>
      </trkpt>
      <trkpt lat="44.32052" lon="6.80746">
        <ele>2800.6</ele>
      </trkpt>
      <trkpt lat="44.32068" lon="6.80777">
        <ele>2801.5</ele>
      </trkpt>
      <trkpt lat="44.32072" lon="6.80788">
        <ele>2800.5</ele>
      </trkpt>
      <trkpt lat="44.32075" lon="6.80801">
        <ele>2798.5</ele>
      </trkpt>
      <trkpt lat="44.32078" lon="6.80816">
        <ele>2796.0</ele>
      </trkpt>
      <trkpt lat="44.3208" lon="6.80824">
        <ele>2794.8</ele>
      </trkpt>
      <trkpt lat="44.32084" lon="6.8083">
        <ele>2794.9</ele>
      </trkpt>
      <trkpt lat="44.321" lon="6.8085">
        <ele>2789.9</ele>
      </trkpt>
      <trkpt lat="44.32112" lon="6.80869">
        <ele>2784.8</ele>
      </trkpt>
      <trkpt lat="44.32119" lon="6.80882">
        <ele>2781.2</ele>
      </trkpt>
      <trkpt lat="44.32119" lon="6.80882">
        <ele>2781.2</ele>
      </trkpt>
      <trkpt lat="44.32124" lon="6.8089">
        <ele>2779.2</ele>
      </trkpt>
      <trkpt lat="44.32147" lon="6.80942">
        <ele>2765.3</ele>
      </trkpt>
      <trkpt lat="44.32151" lon="6.80946">
        <ele>2764.7</ele>
      </trkpt>
      <trkpt lat="44.32155" lon="6.80948">
        <ele>2764.7</ele>
      </trkpt>
      <trkpt lat="44.3216" lon="6.80948">
        <ele>2765.5</ele>
      </trkpt>
      <trkpt lat="44.32165" lon="6.80945">
        <ele>2767.2</ele>
      </trkpt>
      <trkpt lat="44.32175" lon="6.80932">
        <ele>2767.2</ele>
      </trkpt>
      <trkpt lat="44.322" lon="6.80891">
        <ele>2767.5</ele>
      </trkpt>
      <trkpt lat="44.32219" lon="6.8085">
        <ele>2770.5</ele>
      </trkpt>
      <trkpt lat="44.32245" lon="6.80816">
        <ele>2768.5</ele>
      </trkpt>
      <trkpt lat="44.32264" lon="6.80787">
        <ele>2768.4</ele>
      </trkpt>
      <trkpt lat="44.3227" lon="6.80781">
        <ele>2767.2</ele>
      </trkpt>
      <trkpt lat="44.32288" lon="6.8077">
        <ele>2761.3</ele>
      </trkpt>
      <trkpt lat="44.32302" lon="6.80754">
        <ele>2759.5</ele>
      </trkpt>
      <trkpt lat="44.3232" lon="6.8074">
        <ele>2752.9</ele>
      </trkpt>
      <trkpt lat="44.32346" lon="6.80722">
        <ele>2744.2</ele>
      </trkpt>
      <trkpt lat="44.32372" lon="6.80712">
        <ele>2735.9</ele>
      </trkpt>
      <trkpt lat="44.32398" lon="6.80695">
        <ele>2729.7</ele>
      </trkpt>
      <trkpt lat="44.32422" lon="6.80684">
        <ele>2724.1</ele>
      </trkpt>
      <trkpt lat="44.32436" lon="6.80681">
        <ele>2721.6</ele>
      </trkpt>
      <trkpt lat="44.32451" lon="6.80681">
        <ele>2718.0</ele>
      </trkpt>
      <trkpt lat="44.32473" lon="6.80673">
        <ele>2715.2</ele>
      </trkpt>
      <trkpt lat="44.32498" lon="6.80669">
        <ele>2710.7</ele>
      </trkpt>
      <trkpt lat="44.32517" lon="6.80671">
        <ele>2708.7</ele>
      </trkpt>
      <trkpt lat="44.32568" lon="6.8068">
        <ele>2704.3</ele>
      </trkpt>
      <trkpt lat="44.32591" lon="6.80687">
        <ele>2701.1</ele>
      </trkpt>
      <trkpt lat="44.32605" lon="6.80695">
        <ele>2697.8</ele>
      </trkpt>
      <trkpt lat="44.32616" lon="6.80704">
        <ele>2695.9</ele>
      </trkpt>
      <trkpt lat="44.32643" lon="6.80741">
        <ele>2696.8</ele>
      </trkpt>
      <trkpt lat="44.32655" lon="6.80751">
        <ele>2698.6</ele>
      </trkpt>
      <trkpt lat="44.32662" lon="6.80752">
        <ele>2699.0</ele>
      </trkpt>
      <trkpt lat="44.32665" lon="6.80745">
        <ele>2698.8</ele>
      </trkpt>
      <trkpt lat="44.3267" lon="6.80738">
        <ele>2696.7</ele>
      </trkpt>
      <trkpt lat="44.32674" lon="6.80738">
        <ele>2695.9</ele>
      </trkpt>
      <trkpt lat="44.32711" lon="6.80767">
        <ele>2692.0</ele>
      </trkpt>
      <trkpt lat="44.32738" lon="6.80784">
        <ele>2691.3</ele>
      </trkpt>
      <trkpt lat="44.3276" lon="6.80795">
        <ele>2693.9</ele>
      </trkpt>
      <trkpt lat="44.32774" lon="6.80797">
        <ele>2695.5</ele>
      </trkpt>
      <trkpt lat="44.3279" lon="6.80794">
        <ele>2696.4</ele>
      </trkpt>
      <trkpt lat="44.32812" lon="6.80786">
        <ele>2696.3</ele>
      </trkpt>
      <trkpt lat="44.32834" lon="6.80784">
        <ele>2697.4</ele>
      </trkpt>
      <trkpt lat="44.3286" lon="6.80777">
        <ele>2694.1</ele>
      </trkpt>
      <trkpt lat="44.32881" lon="6.8078">
        <ele>2694.2</ele>
      </trkpt>
      <trkpt lat="44.32903" lon="6.80785">
        <ele>2695.4</ele>
      </trkpt>
      <trkpt lat="44.32929" lon="6.80797">
        <ele>2698.1</ele>
      </trkpt>
      <trkpt lat="44.32948" lon="6.80804">
        <ele>2697.6</ele>
      </trkpt>
      <trkpt lat="44.32963" lon="6.80811">
        <ele>2697.8</ele>
      </trkpt>
      <trkpt lat="44.3298" lon="6.80823">
        <ele>2699.7</ele>
      </trkpt>
      <trkpt lat="44.33009" lon="6.80849">
        <ele>2699.6</ele>
      </trkpt>
      <trkpt lat="44.33019" lon="6.80859">
        <ele>2698.0</ele>
      </trkpt>
      <trkpt lat="44.33033" lon="6.80877">
        <ele>2697.0</ele>
      </trkpt>
      <trkpt lat="44.33033" lon="6.80877">
        <ele>2697.0</ele>
      </trkpt>
      <trkpt lat="44.33064" lon="6.80919">
        <ele>2696.6</ele>
      </trkpt>
      <trkpt lat="44.33112" lon="6.80967">
        <ele>2690.7</ele>
      </trkpt>
      <trkpt lat="44.33122" lon="6.80979">
        <ele>2690.7</ele>
      </trkpt>
      <trkpt lat="44.33179" lon="6.81055">
        <ele>2694.6</ele>
      </trkpt>
      <trkpt lat="44.33188" lon="6.81062">
        <ele>2694.8</ele>
      </trkpt>
      <trkpt lat="44.33197" lon="6.81067">
        <ele>2694.8</ele>
      </trkpt>
      <trkpt lat="44.33216" lon="6.81076">
        <ele>2694.9</ele>
      </trkpt>
      <trkpt lat="44.33232" lon="6.8108">
        <ele>2694.5</ele>
      </trkpt>
      <trkpt lat="44.33245" lon="6.8108">
        <ele>2693.5</ele>
      </trkpt>
      <trkpt lat="44.33269" lon="6.81065">
        <ele>2689.2</ele>
      </trkpt>
      <trkpt lat="44.33286" lon="6.81062">
        <ele>2688.2</ele>
      </trkpt>
      <trkpt lat="44.33348" lon="6.81061">
        <ele>2686.6</ele>
      </trkpt>
      <trkpt lat="44.33374" lon="6.81056">
        <ele>2683.8</ele>
      </trkpt>
      <trkpt lat="44.33398" lon="6.81047">
        <ele>2680.2</ele>
      </trkpt>
      <trkpt lat="44.33416" lon="6.81034">
        <ele>2676.0</ele>
      </trkpt>
      <trkpt lat="44.33435" lon="6.81023">
        <ele>2673.6</ele>
      </trkpt>
      <trkpt lat="44.33459" lon="6.81015">
        <ele>2673.1</ele>
      </trkpt>
      <trkpt lat="44.33476" lon="6.81007">
        <ele>2673.3</ele>
      </trkpt>
      <trkpt lat="44.33534" lon="6.80954">
        <ele>2669.8</ele>
      </trkpt>
      <trkpt lat="44.33543" lon="6.8094">
        <ele>2669.3</ele>
      </trkpt>
      <trkpt lat="44.33565" lon="6.809">
        <ele>2668.1</ele>
      </trkpt>
      <trkpt lat="44.33597" lon="6.80846">
        <ele>2668.5</ele>
      </trkpt>
      <trkpt lat="44.33609" lon="6.80818">
        <ele>2670.5</ele>
      </trkpt>
      <trkpt lat="44.33628" lon="6.80777">
        <ele>2674.3</ele>
      </trkpt>
      <trkpt lat="44.33639" lon="6.80715">
        <ele>2674.8</ele>
      </trkpt>
      <trkpt lat="44.33643" lon="6.80645">
        <ele>2672.4</ele>
      </trkpt>
      <trkpt lat="44.33651" lon="6.80583">
        <ele>2672.8</ele>
      </trkpt>
      <trkpt lat="44.33659" lon="6.80521">
        <ele>2672.2</ele>
      </trkpt>
      <trkpt lat="44.33654" lon="6.80473">
        <ele>2667.4</ele>
      </trkpt>
      <trkpt lat="44.33654" lon="6.80456">
        <ele>2666.4</ele>
      </trkpt>
      <trkpt lat="44.33664" lon="6.80416">
        <ele>2667.9</ele>
      </trkpt>
      <trkpt lat="44.33666" lon="6.80396">
        <ele>2668.0</ele>
      </trkpt>
      <trkpt lat="44.33672" lon="6.80282">
        <ele>2664.0</ele>
      </trkpt>
      <trkpt lat="44.3367" lon="6.80175">
        <ele>2653.7</ele>
      </trkpt>
      <trkpt lat="44.33671" lon="6.80151">
        <ele>2650.3</ele>
      </trkpt>
      <trkpt lat="44.33675" lon="6.80138">
        <ele>2647.9</ele>
      </trkpt>
      <trkpt lat="44.33682" lon="6.80129">
        <ele>2645.9</ele>
      </trkpt>
      <trkpt lat="44.3369" lon="6.80127">
        <ele>2644.9</ele>
      </trkpt>
      <trkpt lat="44.33696" lon="6.80128">
        <ele>2644.6</ele>
      </trkpt>
      <trkpt lat="44.33709" lon="6.80133">
        <ele>2644.5</ele>
      </trkpt>
      <trkpt lat="44.33716" lon="6.80138">
        <ele>2644.9</ele>
      </trkpt>
      <trkpt lat="44.33723" lon="6.80144">
        <ele>2645.7</ele>
      </trkpt>
      <trkpt lat="44.33752" lon="6.80178">
        <ele>2651.2</ele>
      </trkpt>
      <trkpt lat="44.33766" lon="6.80189">
        <ele>2650.3</ele>
      </trkpt>
      <trkpt lat="44.33765" lon="6.80182">
        <ele>2648.8</ele>
      </trkpt>
      <trkpt lat="44.33763" lon="6.80177">
        <ele>2648.1</ele>
      </trkpt>
      <trkpt lat="44.33755" lon="6.80172">
        <ele>2649.0</ele>
      </trkpt>
      <trkpt lat="44.33737" lon="6.80148">
        <ele>2645.6</ele>
      </trkpt>
      <trkpt lat="44.3372" lon="6.80123">
        <ele>2641.6</ele>
      </trkpt>
      <trkpt lat="44.3371" lon="6.80112">
        <ele>2640.3</ele>
      </trkpt>
      <trkpt lat="44.33685" lon="6.80091">
        <ele>2639.1</ele>
      </trkpt>
      <trkpt lat="44.33663" lon="6.80075">
        <ele>2638.8</ele>
      </trkpt>
      <trkpt lat="44.33655" lon="6.80077">
        <ele>2637.3</ele>
      </trkpt>
      <trkpt lat="44.3365" lon="6.80086">
        <ele>2636.9</ele>
      </trkpt>
      <trkpt lat="44.33636" lon="6.80129">
        <ele>2638.3</ele>
      </trkpt>
      <trkpt lat="44.3363" lon="6.80155">
        <ele>2638.8</ele>
      </trkpt>
      <trkpt lat="44.33613" lon="6.80199">
        <ele>2635.8</ele>
      </trkpt>
      <trkpt lat="44.33612" lon="6.80206">
        <ele>2635.9</ele>
      </trkpt>
      <trkpt lat="44.33613" lon="6.80222">
        <ele>2637.3</ele>
      </trkpt>
      <trkpt lat="44.33611" lon="6.80229">
        <ele>2637.0</ele>
      </trkpt>
      <trkpt lat="44.33599" lon="6.80241">
        <ele>2632.9</ele>
      </trkpt>
      <trkpt lat="44.33593" lon="6.80254">
        <ele>2631.1</ele>
      </trkpt>
      <trkpt lat="44.33591" lon="6.80266">
        <ele>2630.9</ele>
      </trkpt>
      <trkpt lat="44.33592" lon="6.8028">
        <ele>2632.0</ele>
      </trkpt>
      <trkpt lat="44.3359" lon="6.80293">
        <ele>2631.8</ele>
      </trkpt>
      <trkpt lat="44.33583" lon="6.8031">
        <ele>2629.8</ele>
      </trkpt>
      <trkpt lat="44.33579" lon="6.80328">
        <ele>2629.6</ele>
      </trkpt>
      <trkpt lat="44.3358" lon="6.80344">
        <ele>2630.7</ele>
      </trkpt>
      <trkpt lat="44.33584" lon="6.80367">
        <ele>2633.3</ele>
      </trkpt>
      <trkpt lat="44.33584" lon="6.80373">
        <ele>2633.7</ele>
      </trkpt>
      <trkpt lat="44.3357" lon="6.80451">
        <ele>2634.0</ele>
      </trkpt>
      <trkpt lat="44.33545" lon="6.80545">
        <ele>2631.7</ele>
      </trkpt>
      <trkpt lat="44.33532" lon="6.80571">
        <ele>2629.2</ele>
      </trkpt>
      <trkpt lat="44.33514" lon="6.80615">
        <ele>2627.4</ele>
      </trkpt>
      <trkpt lat="44.33504" lon="6.80629">
        <ele>2626.0</ele>
      </trkpt>
      <trkpt lat="44.33493" lon="6.80635">
        <ele>2625.4</ele>
      </trkpt>
      <trkpt lat="44.33485" lon="6.80633">
        <ele>2625.0</ele>
      </trkpt>
      <trkpt lat="44.33478" lon="6.80625">
        <ele>2624.0</ele>
      </trkpt>
      <trkpt lat="44.33474" lon="6.80615">
        <ele>2622.7</ele>
      </trkpt>
      <trkpt lat="44.33466" lon="6.80596">
        <ele>2620.3</ele>
      </trkpt>
      <trkpt lat="44.3346" lon="6.80586">
        <ele>2618.9</ele>
      </trkpt>
      <trkpt lat="44.33453" lon="6.80583">
        <ele>2618.3</ele>
      </trkpt>
      <trkpt lat="44.33447" lon="6.80586">
        <ele>2618.4</ele>
      </trkpt>
      <trkpt lat="44.33434" lon="6.80596">
        <ele>2619.2</ele>
      </trkpt>
      <trkpt lat="44.33429" lon="6.80597">
        <ele>2619.2</ele>
      </trkpt>
      <trkpt lat="44.33425" lon="6.80593">
        <ele>2618.6</ele>
      </trkpt>
      <trkpt lat="44.33425" lon="6.80582">
        <ele>2617.0</ele>
      </trkpt>
      <trkpt lat="44.33425" lon="6.80573">
        <ele>2615.3</ele>
      </trkpt>
      <trkpt lat="44.33427" lon="6.80562">
        <ele>2613.4</ele>
      </trkpt>
      <trkpt lat="44.33433" lon="6.80545">
        <ele>2610.9</ele>
      </trkpt>
      <trkpt lat="44.33434" lon="6.80537">
        <ele>2609.6</ele>
      </trkpt>
      <trkpt lat="44.3343" lon="6.80531">
        <ele>2608.0</ele>
      </trkpt>
      <trkpt lat="44.33412" lon="6.80514">
        <ele>2602.4</ele>
      </trkpt>
      <trkpt lat="44.33404" lon="6.80503">
        <ele>2599.3</ele>
      </trkpt>
      <trkpt lat="44.33395" lon="6.80498">
        <ele>2597.4</ele>
      </trkpt>
      <trkpt lat="44.33385" lon="6.80498">
        <ele>2596.3</ele>
      </trkpt>
      <trkpt lat="44.33371" lon="6.80506">
        <ele>2596.5</ele>
      </trkpt>
      <trkpt lat="44.33348" lon="6.80514">
        <ele>2596.1</ele>
      </trkpt>
      <trkpt lat="44.3331" lon="6.80537">
        <ele>2598.2</ele>
      </trkpt>
      <trkpt lat="44.33304" lon="6.80544">
        <ele>2599.5</ele>
      </trkpt>
      <trkpt lat="44.33295" lon="6.80571">
        <ele>2606.6</ele>
      </trkpt>
      <trkpt lat="44.33288" lon="6.80576">
        <ele>2607.5</ele>
      </trkpt>
      <trkpt lat="44.33281" lon="6.80577">
        <ele>2607.3</ele>
      </trkpt>
      <trkpt lat="44.33263" lon="6.8056">
        <ele>2600.4</ele>
      </trkpt>
      <trkpt lat="44.3325" lon="6.80549">
        <ele>2595.5</ele>
      </trkpt>
      <trkpt lat="44.33235" lon="6.80546">
        <ele>2595.6</ele>
      </trkpt>
      <trkpt lat="44.33214" lon="6.80532">
        <ele>2592.1</ele>
      </trkpt>
      <trkpt lat="44.33205" lon="6.80525">
        <ele>2590.2</ele>
      </trkpt>
      <trkpt lat="44.33194" lon="6.80511">
        <ele>2585.7</ele>
      </trkpt>
      <trkpt lat="44.33168" lon="6.80484">
        <ele>2576.2</ele>
      </trkpt>
      <trkpt lat="44.33157" lon="6.8048">
        <ele>2574.6</ele>
      </trkpt>
      <trkpt lat="44.33121" lon="6.80476">
        <ele>2573.0</ele>
      </trkpt>
      <trkpt lat="44.33081" lon="6.8047">
        <ele>2571.2</ele>
      </trkpt>
      <trkpt lat="44.33068" lon="6.80463">
        <ele>2567.9</ele>
      </trkpt>
      <trkpt lat="44.33055" lon="6.80452">
        <ele>2563.4</ele>
      </trkpt>
      <trkpt lat="44.33041" lon="6.80443">
        <ele>2559.2</ele>
      </trkpt>
      <trkpt lat="44.33032" lon="6.80439">
        <ele>2556.9</ele>
      </trkpt>
      <trkpt lat="44.3302" lon="6.8044">
        <ele>2556.0</ele>
      </trkpt>
      <trkpt lat="44.33009" lon="6.80443">
        <ele>2555.8</ele>
      </trkpt>
      <trkpt lat="44.32998" lon="6.80452">
        <ele>2557.6</ele>
      </trkpt>
      <trkpt lat="44.32967" lon="6.80468">
        <ele>2559.1</ele>
      </trkpt>
      <trkpt lat="44.32946" lon="6.80466">
        <ele>2555.8</ele>
      </trkpt>
      <trkpt lat="44.32923" lon="6.80467">
        <ele>2553.3</ele>
      </trkpt>
      <trkpt lat="44.32905" lon="6.80462">
        <ele>2551.3</ele>
      </trkpt>
      <trkpt lat="44.32886" lon="6.8046">
        <ele>2551.4</ele>
      </trkpt>
      <trkpt lat="44.32875" lon="6.80454">
        <ele>2549.8</ele>
      </trkpt>
      <trkpt lat="44.32856" lon="6.80437">
        <ele>2544.8</ele>
      </trkpt>
      <trkpt lat="44.32828" lon="6.80418">
        <ele>2540.1</ele>
      </trkpt>
      <trkpt lat="44.32812" lon="6.80397">
        <ele>2536.7</ele>
      </trkpt>
      <trkpt lat="44.3279" lon="6.8038">
        <ele>2535.0</ele>
      </trkpt>
      <trkpt lat="44.32772" lon="6.80362">
        <ele>2532.4</ele>
      </trkpt>
      <trkpt lat="44.32761" lon="6.80352">
        <ele>2530.9</ele>
      </trkpt>
      <trkpt lat="44.3272" lon="6.8033">
        <ele>2533.5</ele>
      </trkpt>
      <trkpt lat="44.32699" lon="6.80303">
        <ele>2532.5</ele>
      </trkpt>
      <trkpt lat="44.32687" lon="6.80262">
        <ele>2525.8</ele>
      </trkpt>
      <trkpt lat="44.32687" lon="6.80252">
        <ele>2523.6</ele>
      </trkpt>
      <trkpt lat="44.3269" lon="6.80244">
        <ele>2521.3</ele>
      </trkpt>
      <trkpt lat="44.32699" lon="6.80243">
        <ele>2519.4</ele>
      </trkpt>
      <trkpt lat="44.32716" lon="6.80243">
        <ele>2516.0</ele>
      </trkpt>
      <trkpt lat="44.32739" lon="6.8024">
        <ele>2510.8</ele>
      </trkpt>
      <trkpt lat="44.32765" lon="6.8025">
        <ele>2509.9</ele>
      </trkpt>
      <trkpt lat="44.3279" lon="6.8026">
        <ele>2509.9</ele>
      </trkpt>
      <trkpt lat="44.32844" lon="6.8027">
        <ele>2508.2</ele>
      </trkpt>
      <trkpt lat="44.32882" lon="6.8027">
        <ele>2508.4</ele>
      </trkpt>
      <trkpt lat="44.32888" lon="6.80266">
        <ele>2507.9</ele>
      </trkpt>
      <trkpt lat="44.3289" lon="6.80257">
        <ele>2506.7</ele>
      </trkpt>
      <trkpt lat="44.32889" lon="6.80252">
        <ele>2505.9</ele>
      </trkpt>
      <trkpt lat="44.32885" lon="6.80246">
        <ele>2505.0</ele>
      </trkpt>
      <trkpt lat="44.32872" lon="6.80242">
        <ele>2504.1</ele>
      </trkpt>
      <trkpt lat="44.32845" lon="6.80224">
        <ele>2500.1</ele>
      </trkpt>
      <trkpt lat="44.32824" lon="6.80215">
        <ele>2498.4</ele>
      </trkpt>
      <trkpt lat="44.32809" lon="6.80211">
        <ele>2498.4</ele>
      </trkpt>
      <trkpt lat="44.32787" lon="6.80209">
        <ele>2499.2</ele>
      </trkpt>
      <trkpt lat="44.3278" lon="6.80204">
        <ele>2498.4</ele>
      </trkpt>
      <trkpt lat="44.32755" lon="6.8016">
        <ele>2490.1</ele>
      </trkpt>
      <trkpt lat="44.32749" lon="6.80133">
        <ele>2487.6</ele>
      </trkpt>
      <trkpt lat="44.32743" lon="6.80114">
        <ele>2486.5</ele>
      </trkpt>
      <trkpt lat="44.3273" lon="6.80083">
        <ele>2484.6</ele>
      </trkpt>
      <trkpt lat="44.32723" lon="6.80073">
        <ele>2483.6</ele>
      </trkpt>
      <trkpt lat="44.32708" lon="6.80059">
        <ele>2482.7</ele>
      </trkpt>
      <trkpt lat="44.32697" lon="6.80044">
        <ele>2481.0</ele>
      </trkpt>
      <trkpt lat="44.32682" lon="6.80027">
        <ele>2479.2</ele>
      </trkpt>
      <trkpt lat="44.32655" lon="6.79988">
        <ele>2471.6</ele>
      </trkpt>
      <trkpt lat="44.32634" lon="6.79965">
        <ele>2464.5</ele>
      </trkpt>
      <trkpt lat="44.32623" lon="6.79955">
        <ele>2461.2</ele>
      </trkpt>
      <trkpt lat="44.32615" lon="6.79955">
        <ele>2461.0</ele>
      </trkpt>
      <trkpt lat="44.32609" lon="6.79959">
        <ele>2462.2</ele>
      </trkpt>
      <trkpt lat="44.32605" lon="6.79969">
        <ele>2465.4</ele>
      </trkpt>
      <trkpt lat="44.326" lon="6.79973">
        <ele>2466.7</ele>
      </trkpt>
      <trkpt lat="44.32576" lon="6.79975">
        <ele>2466.4</ele>
      </trkpt>
      <trkpt lat="44.32563" lon="6.7998">
        <ele>2466.5</ele>
      </trkpt>
      <trkpt lat="44.32549" lon="6.79982">
        <ele>2465.4</ele>
      </trkpt>
      <trkpt lat="44.32521" lon="6.79983">
        <ele>2462.2</ele>
      </trkpt>
      <trkpt lat="44.32495" lon="6.79982">
        <ele>2459.7</ele>
      </trkpt>
      <trkpt lat="44.32489" lon="6.79978">
        <ele>2459.2</ele>
      </trkpt>
      <trkpt lat="44.32484" lon="6.79972">
        <ele>2458.1</ele>
      </trkpt>
      <trkpt lat="44.32444" lon="6.79885">
        <ele>2445.8</ele>
      </trkpt>
      <trkpt lat="44.32423" lon="6.79845">
        <ele>2444.4</ele>
      </trkpt>
      <trkpt lat="44.32413" lon="6.7983">
        <ele>2443.3</ele>
      </trkpt>
      <trkpt lat="44.32363" lon="6.79776">
        <ele>2433.7</ele>
      </trkpt>
      <trkpt lat="44.32313" lon="6.79722">
        <ele>2426.1</ele>
      </trkpt>
      <trkpt lat="44.32298" lon="6.79712">
        <ele>2424.6</ele>
      </trkpt>
      <trkpt lat="44.32282" lon="6.797">
        <ele>2422.8</ele>
      </trkpt>
      <trkpt lat="44.32273" lon="6.79695">
        <ele>2422.0</ele>
      </trkpt>
      <trkpt lat="44.32229" lon="6.79684">
        <ele>2418.7</ele>
      </trkpt>
      <trkpt lat="44.32214" lon="6.79685">
        <ele>2417.7</ele>
      </trkpt>
      <trkpt lat="44.32176" lon="6.79698">
        <ele>2416.9</ele>
      </trkpt>
      <trkpt lat="44.32166" lon="6.79695">
        <ele>2415.8</ele>
      </trkpt>
      <trkpt lat="44.32139" lon="6.79678">
        <ele>2413.3</ele>
      </trkpt>
      <trkpt lat="44.32103" lon="6.79659">
        <ele>2410.9</ele>
      </trkpt>
      <trkpt lat="44.32085" lon="6.79642">
        <ele>2409.3</ele>
      </trkpt>
      <trkpt lat="44.32061" lon="6.79612">
        <ele>2405.8</ele>
      </trkpt>
      <trkpt lat="44.32051" lon="6.79597">
        <ele>2403.7</ele>
      </trkpt>
      <trkpt lat="44.32038" lon="6.79586">
        <ele>2401.8</ele>
      </trkpt>
      <trkpt lat="44.32024" lon="6.7958">
        <ele>2401.0</ele>
      </trkpt>
      <trkpt lat="44.32022" lon="6.79574">
        <ele>2401.1</ele>
      </trkpt>
      <trkpt lat="44.32022" lon="6.79559">
        <ele>2401.7</ele>
      </trkpt>
      <trkpt lat="44.31995" lon="6.79526">
        <ele>2400.8</ele>
      </trkpt>
      <trkpt lat="44.31988" lon="6.79511">
        <ele>2399.4</ele>
      </trkpt>
      <trkpt lat="44.31986" lon="6.79481">
        <ele>2398.7</ele>
      </trkpt>
      <trkpt lat="44.31986" lon="6.79464">
        <ele>2398.3</ele>
      </trkpt>
      <trkpt lat="44.31995" lon="6.79446">
        <ele>2400.8</ele>
      </trkpt>
      <trkpt lat="44.32011" lon="6.79418">
        <ele>2402.8</ele>
      </trkpt>
      <trkpt lat="44.32015" lon="6.79408">
        <ele>2402.5</ele>
      </trkpt>
      <trkpt lat="44.32019" lon="6.79392">
        <ele>2401.9</ele>
      </trkpt>
      <trkpt lat="44.32018" lon="6.79378">
        <ele>2400.9</ele>
      </trkpt>
      <trkpt lat="44.32015" lon="6.7937">
        <ele>2400.1</ele>
      </trkpt>
      <trkpt lat="44.32013" lon="6.79367">
        <ele>2399.7</ele>
      </trkpt>
      <trkpt lat="44.32003" lon="6.79359">
        <ele>2398.2</ele>
      </trkpt>
      <trkpt lat="44.3199" lon="6.79342">
        <ele>2392.7</ele>
      </trkpt>
      <trkpt lat="44.31984" lon="6.79331">
        <ele>2389.2</ele>
      </trkpt>
      <trkpt lat="44.31976" lon="6.79291">
        <ele>2378.5</ele>
      </trkpt>
      <trkpt lat="44.31981" lon="6.79281">
        <ele>2378.4</ele>
      </trkpt>
      <trkpt lat="44.32014" lon="6.79264">
        <ele>2385.2</ele>
      </trkpt>
      <trkpt lat="44.32028" lon="6.79253">
        <ele>2386.9</ele>
      </trkpt>
      <trkpt lat="44.32038" lon="6.79247">
        <ele>2388.7</ele>
      </trkpt>
      <trkpt lat="44.32043" lon="6.79246">
        <ele>2389.9</ele>
      </trkpt>
      <trkpt lat="44.32063" lon="6.79246">
        <ele>2395.3</ele>
      </trkpt>
      <trkpt lat="44.32065" lon="6.79242">
        <ele>2395.6</ele>
      </trkpt>
      <trkpt lat="44.32065" lon="6.79237">
        <ele>2395.2</ele>
      </trkpt>
      <trkpt lat="44.32063" lon="6.79232">
        <ele>2394.3</ele>
      </trkpt>
      <trkpt lat="44.32061" lon="6.79232">
        <ele>2393.7</ele>
      </trkpt>
      <trkpt lat="44.3205" lon="6.79233">
        <ele>2390.5</ele>
      </trkpt>
      <trkpt lat="44.3204" lon="6.79232">
        <ele>2387.3</ele>
      </trkpt>
      <trkpt lat="44.32031" lon="6.79232">
        <ele>2384.6</ele>
      </trkpt>
      <trkpt lat="44.32004" lon="6.79242">
        <ele>2378.5</ele>
      </trkpt>
      <trkpt lat="44.31974" lon="6.7924">
        <ele>2367.7</ele>
      </trkpt>
      <trkpt lat="44.31947" lon="6.7924">
        <ele>2358.1</ele>
      </trkpt>
      <trkpt lat="44.31941" lon="6.79243">
        <ele>2356.8</ele>
      </trkpt>
      <trkpt lat="44.31937" lon="6.79254">
        <ele>2357.8</ele>
      </trkpt>
      <trkpt lat="44.31939" lon="6.79286">
        <ele>2363.9</ele>
      </trkpt>
      <trkpt lat="44.31935" lon="6.79316">
        <ele>2367.4</ele>
      </trkpt>
      <trkpt lat="44.31927" lon="6.79327">
        <ele>2366.1</ele>
      </trkpt>
      <trkpt lat="44.31916" lon="6.7934">
        <ele>2363.6</ele>
      </trkpt>
      <trkpt lat="44.31915" lon="6.79354">
        <ele>2365.0</ele>
      </trkpt>
      <trkpt lat="44.3192" lon="6.79377">
        <ele>2370.0</ele>
      </trkpt>
      <trkpt lat="44.31915" lon="6.79402">
        <ele>2371.3</ele>
      </trkpt>
      <trkpt lat="44.31906" lon="6.79419">
        <ele>2369.6</ele>
      </trkpt>
      <trkpt lat="44.31902" lon="6.79447">
        <ele>2370.2</ele>
      </trkpt>
      <trkpt lat="44.31892" lon="6.79468">
        <ele>2368.1</ele>
      </trkpt>
      <trkpt lat="44.31881" lon="6.79477">
        <ele>2364.8</ele>
      </trkpt>
      <trkpt lat="44.31861" lon="6.79479">
        <ele>2357.4</ele>
      </trkpt>
      <trkpt lat="44.31849" lon="6.79482">
        <ele>2353.3</ele>
      </trkpt>
      <trkpt lat="44.31839" lon="6.79493">
        <ele>2351.1</ele>
      </trkpt>
      <trkpt lat="44.31837" lon="6.79514">
        <ele>2353.9</ele>
      </trkpt>
      <trkpt lat="44.3183" lon="6.79524">
        <ele>2354.2</ele>
      </trkpt>
      <trkpt lat="44.31819" lon="6.7954">
        <ele>2355.9</ele>
      </trkpt>
      <trkpt lat="44.31808" lon="6.79545">
        <ele>2355.7</ele>
      </trkpt>
      <trkpt lat="44.31796" lon="6.79554">
        <ele>2356.3</ele>
      </trkpt>
      <trkpt lat="44.31777" lon="6.79564">
        <ele>2356.6</ele>
      </trkpt>
      <trkpt lat="44.3176" lon="6.79562">
        <ele>2354.4</ele>
      </trkpt>
      <trkpt lat="44.31738" lon="6.79562">
        <ele>2355.3</ele>
      </trkpt>
      <trkpt lat="44.31726" lon="6.79552">
        <ele>2354.5</ele>
      </trkpt>
      <trkpt lat="44.31712" lon="6.79547">
        <ele>2355.3</ele>
      </trkpt>
      <trkpt lat="44.31693" lon="6.79537">
        <ele>2355.1</ele>
      </trkpt>
      <trkpt lat="44.31689" lon="6.79535">
        <ele>2355.1</ele>
      </trkpt>
      <trkpt lat="44.31678" lon="6.79514">
        <ele>2350.1</ele>
      </trkpt>
      <trkpt lat="44.31675" lon="6.79491">
        <ele>2344.4</ele>
      </trkpt>
      <trkpt lat="44.31676" lon="6.79486">
        <ele>2343.5</ele>
      </trkpt>
      <trkpt lat="44.31682" lon="6.79482">
        <ele>2342.2</ele>
      </trkpt>
      <trkpt lat="44.31693" lon="6.79486">
        <ele>2341.6</ele>
      </trkpt>
      <trkpt lat="44.31697" lon="6.79481">
        <ele>2340.4</ele>
      </trkpt>
      <trkpt lat="44.31696" lon="6.79474">
        <ele>2339.5</ele>
      </trkpt>
      <trkpt lat="44.31687" lon="6.79465">
        <ele>2338.9</ele>
      </trkpt>
      <trkpt lat="44.31664" lon="6.79448">
        <ele>2338.5</ele>
      </trkpt>
      <trkpt lat="44.31644" lon="6.79428">
        <ele>2340.1</ele>
      </trkpt>
      <trkpt lat="44.31627" lon="6.79392">
        <ele>2335.6</ele>
      </trkpt>
      <trkpt lat="44.31626" lon="6.79361">
        <ele>2328.3</ele>
      </trkpt>
      <trkpt lat="44.31622" lon="6.79349">
        <ele>2325.4</ele>
      </trkpt>
      <trkpt lat="44.31617" lon="6.79342">
        <ele>2323.6</ele>
      </trkpt>
      <trkpt lat="44.316" lon="6.79342">
        <ele>2323.5</ele>
      </trkpt>
      <trkpt lat="44.31583" lon="6.79333">
        <ele>2320.0</ele>
      </trkpt>
      <trkpt lat="44.31563" lon="6.79315">
        <ele>2320.4</ele>
      </trkpt>
      <trkpt lat="44.31558" lon="6.79307">
        <ele>2319.8</ele>
      </trkpt>
      <trkpt lat="44.31526" lon="6.79274">
        <ele>2315.7</ele>
      </trkpt>
      <trkpt lat="44.31515" lon="6.79255">
        <ele>2311.5</ele>
      </trkpt>
      <trkpt lat="44.31514" lon="6.79249">
        <ele>2310.1</ele>
      </trkpt>
      <trkpt lat="44.31516" lon="6.79243">
        <ele>2308.6</ele>
      </trkpt>
      <trkpt lat="44.31534" lon="6.79218">
        <ele>2303.3</ele>
      </trkpt>
      <trkpt lat="44.31547" lon="6.7919">
        <ele>2297.7</ele>
      </trkpt>
      <trkpt lat="44.31573" lon="6.79161">
        <ele>2293.5</ele>
      </trkpt>
      <trkpt lat="44.31588" lon="6.79153">
        <ele>2293.2</ele>
      </trkpt>
      <trkpt lat="44.31611" lon="6.79125">
        <ele>2290.3</ele>
      </trkpt>
      <trkpt lat="44.31621" lon="6.79108">
        <ele>2288.8</ele>
      </trkpt>
      <trkpt lat="44.31631" lon="6.79086">
        <ele>2286.9</ele>
      </trkpt>
      <trkpt lat="44.31644" lon="6.79047">
        <ele>2282.6</ele>
      </trkpt>
      <trkpt lat="44.31656" lon="6.79018">
        <ele>2280.8</ele>
      </trkpt>
      <trkpt lat="44.31666" lon="6.78994">
        <ele>2279.6</ele>
      </trkpt>
      <trkpt lat="44.31683" lon="6.78973">
        <ele>2276.4</ele>
      </trkpt>
      <trkpt lat="44.31705" lon="6.78955">
        <ele>2274.3</ele>
      </trkpt>
      <trkpt lat="44.31712" lon="6.78952">
        <ele>2274.2</ele>
      </trkpt>
      <trkpt lat="44.31739" lon="6.78941">
        <ele>2274.2</ele>
      </trkpt>
      <trkpt lat="44.31757" lon="6.78942">
        <ele>2275.8</ele>
      </trkpt>
      <trkpt lat="44.31767" lon="6.78949">
        <ele>2277.6</ele>
      </trkpt>
      <trkpt lat="44.31775" lon="6.78957">
        <ele>2279.1</ele>
      </trkpt>
      <trkpt lat="44.31781" lon="6.78956">
        <ele>2279.6</ele>
      </trkpt>
      <trkpt lat="44.31784" lon="6.7895">
        <ele>2279.3</ele>
      </trkpt>
      <trkpt lat="44.31781" lon="6.78945">
        <ele>2278.6</ele>
      </trkpt>
      <trkpt lat="44.31772" lon="6.78938">
        <ele>2277.0</ele>
      </trkpt>
      <trkpt lat="44.31766" lon="6.78929">
        <ele>2275.4</ele>
      </trkpt>
      <trkpt lat="44.31747" lon="6.78897">
        <ele>2270.2</ele>
      </trkpt>
      <trkpt lat="44.31734" lon="6.78878">
        <ele>2266.7</ele>
      </trkpt>
      <trkpt lat="44.31724" lon="6.78858">
        <ele>2262.7</ele>
      </trkpt>
      <trkpt lat="44.31719" lon="6.78832">
        <ele>2258.2</ele>
      </trkpt>
      <trkpt lat="44.31715" lon="6.78821">
        <ele>2254.3</ele>
      </trkpt>
      <trkpt lat="44.31709" lon="6.78817">
        <ele>2251.8</ele>
      </trkpt>
      <trkpt lat="44.31695" lon="6.78825">
        <ele>2250.5</ele>
      </trkpt>
      <trkpt lat="44.31681" lon="6.78834">
        <ele>2249.6</ele>
      </trkpt>
      <trkpt lat="44.31677" lon="6.78837">
        <ele>2249.3</ele>
      </trkpt>
      <trkpt lat="44.3164" lon="6.78875">
        <ele>2246.2</ele>
      </trkpt>
      <trkpt lat="44.3162" lon="6.78909">
        <ele>2248.4</ele>
      </trkpt>
      <trkpt lat="44.31593" lon="6.78958">
        <ele>2249.5</ele>
      </trkpt>
      <trkpt lat="44.31575" lon="6.78977">
        <ele>2247.9</ele>
      </trkpt>
      <trkpt lat="44.31561" lon="6.78998">
        <ele>2248.8</ele>
      </trkpt>
      <trkpt lat="44.31545" lon="6.79008">
        <ele>2247.8</ele>
      </trkpt>
      <trkpt lat="44.31514" lon="6.79015">
        <ele>2243.0</ele>
      </trkpt>
      <trkpt lat="44.31499" lon="6.79014">
        <ele>2239.8</ele>
      </trkpt>
      <trkpt lat="44.31485" lon="6.79006">
        <ele>2239.5</ele>
      </trkpt>
      <trkpt lat="44.31461" lon="6.78986">
        <ele>2236.9</ele>
      </trkpt>
      <trkpt lat="44.3142" lon="6.78959">
        <ele>2233.9</ele>
      </trkpt>
      <trkpt lat="44.3141" lon="6.78934">
        <ele>2228.7</ele>
      </trkpt>
      <trkpt lat="44.31389" lon="6.78913">
        <ele>2228.1</ele>
      </trkpt>
      <trkpt lat="44.31384" lon="6.78904">
        <ele>2227.4</ele>
      </trkpt>
      <trkpt lat="44.31384" lon="6.78904">
        <ele>2227.4</ele>
      </trkpt>
      <trkpt lat="44.31378" lon="6.78893">
        <ele>2226.5</ele>
      </trkpt>
      <trkpt lat="44.31359" lon="6.78869">
        <ele>2226.3</ele>
      </trkpt>
      <trkpt lat="44.31347" lon="6.78844">
        <ele>2224.3</ele>
      </trkpt>
      <trkpt lat="44.31343" lon="6.78819">
        <ele>2220.9</ele>
      </trkpt>
      <trkpt lat="44.3134" lon="6.78785">
        <ele>2216.4</ele>
      </trkpt>
      <trkpt lat="44.31344" lon="6.78751">
        <ele>2209.7</ele>
      </trkpt>
      <trkpt lat="44.31345" lon="6.78722">
        <ele>2208.7</ele>
      </trkpt>
      <trkpt lat="44.31353" lon="6.78686">
        <ele>2205.3</ele>
      </trkpt>
      <trkpt lat="44.31359" lon="6.78663">
        <ele>2202.4</ele>
      </trkpt>
      <trkpt lat="44.31366" lon="6.78641">
        <ele>2198.1</ele>
      </trkpt>
      <trkpt lat="44.31369" lon="6.78614">
        <ele>2194.8</ele>
      </trkpt>
      <trkpt lat="44.31365" lon="6.78589">
        <ele>2194.0</ele>
      </trkpt>
      <trkpt lat="44.31363" lon="6.78555">
        <ele>2190.6</ele>
      </trkpt>
      <trkpt lat="44.31351" lon="6.78522">
        <ele>2189.6</ele>
      </trkpt>
      <trkpt lat="44.31346" lon="6.78501">
        <ele>2188.1</ele>
      </trkpt>
      <trkpt lat="44.31337" lon="6.7849">
        <ele>2189.3</ele>
      </trkpt>
      <trkpt lat="44.31335" lon="6.78482">
        <ele>2189.1</ele>
      </trkpt>
      <trkpt lat="44.31339" lon="6.78477">
        <ele>2187.7</ele>
      </trkpt>
      <trkpt lat="44.31349" lon="6.78478">
        <ele>2185.4</ele>
      </trkpt>
      <trkpt lat="44.31365" lon="6.78489">
        <ele>2182.5</ele>
      </trkpt>
      <trkpt lat="44.3138" lon="6.78495">
        <ele>2179.4</ele>
      </trkpt>
      <trkpt lat="44.31393" lon="6.78509">
        <ele>2177.6</ele>
      </trkpt>
      <trkpt lat="44.31405" lon="6.78526">
        <ele>2176.2</ele>
      </trkpt>
      <trkpt lat="44.3141" lon="6.78537">
        <ele>2175.9</ele>
      </trkpt>
      <trkpt lat="44.31413" lon="6.78557">
        <ele>2176.8</ele>
      </trkpt>
      <trkpt lat="44.31411" lon="6.78581">
        <ele>2179.5</ele>
      </trkpt>
      <trkpt lat="44.31415" lon="6.78628">
        <ele>2180.7</ele>
      </trkpt>
      <trkpt lat="44.31413" lon="6.78647">
        <ele>2182.3</ele>
      </trkpt>
      <trkpt lat="44.31414" lon="6.78653">
        <ele>2182.3</ele>
      </trkpt>
      <trkpt lat="44.31418" lon="6.78657">
        <ele>2181.3</ele>
      </trkpt>
      <trkpt lat="44.31421" lon="6.78656">
        <ele>2180.7</ele>
      </trkpt>
      <trkpt lat="44.31428" lon="6.78607">
        <ele>2176.5</ele>
      </trkpt>
      <trkpt lat="44.31435" lon="6.78575">
        <ele>2172.8</ele>
      </trkpt>
      <trkpt lat="44.31465" lon="6.7847">
        <ele>2160.8</ele>
      </trkpt>
      <trkpt lat="44.3147" lon="6.78436">
        <ele>2159.1</ele>
      </trkpt>
      <trkpt lat="44.31476" lon="6.78406">
        <ele>2157.6</ele>
      </trkpt>
      <trkpt lat="44.31498" lon="6.78384">
        <ele>2154.1</ele>
      </trkpt>
      <trkpt lat="44.31504" lon="6.7837">
        <ele>2153.1</ele>
      </trkpt>
      <trkpt lat="44.31509" lon="6.78348">
        <ele>2152.2</ele>
      </trkpt>
      <trkpt lat="44.31509" lon="6.78348">
        <ele>2152.2</ele>
      </trkpt>
      <trkpt lat="44.31515" lon="6.78319">
        <ele>2151.4</ele>
      </trkpt>
      <trkpt lat="44.31559" lon="6.7824">
        <ele>2147.9</ele>
      </trkpt>
      <trkpt lat="44.31565" lon="6.78222">
        <ele>2146.4</ele>
      </trkpt>
      <trkpt lat="44.31582" lon="6.78167">
        <ele>2142.1</ele>
      </trkpt>
      <trkpt lat="44.31591" lon="6.78129">
        <ele>2139.9</ele>
      </trkpt>
      <trkpt lat="44.31591" lon="6.781">
        <ele>2138.4</ele>
      </trkpt>
      <trkpt lat="44.31586" lon="6.78075">
        <ele>2136.7</ele>
      </trkpt>
      <trkpt lat="44.31586" lon="6.78057">
        <ele>2135.6</ele>
      </trkpt>
      <trkpt lat="44.31593" lon="6.78037">
        <ele>2135.2</ele>
      </trkpt>
      <trkpt lat="44.31608" lon="6.77998">
        <ele>2135.2</ele>
      </trkpt>
      <trkpt lat="44.3161" lon="6.77977">
        <ele>2134.6</ele>
      </trkpt>
      <trkpt lat="44.31611" lon="6.77935">
        <ele>2133.1</ele>
      </trkpt>
      <trkpt lat="44.31619" lon="6.77872">
        <ele>2131.8</ele>
      </trkpt>
      <trkpt lat="44.31619" lon="6.77805">
        <ele>2129.5</ele>
      </trkpt>
      <trkpt lat="44.31623" lon="6.77793">
        <ele>2129.4</ele>
      </trkpt>
      <trkpt lat="44.31635" lon="6.7777">
        <ele>2129.5</ele>
      </trkpt>
      <trkpt lat="44.3164" lon="6.77757">
        <ele>2129.5</ele>
      </trkpt>
      <trkpt lat="44.31643" lon="6.77743">
        <ele>2129.0</ele>
      </trkpt>
      <trkpt lat="44.31647" lon="6.77711">
        <ele>2127.3</ele>
      </trkpt>
      <trkpt lat="44.31651" lon="6.77694">
        <ele>2126.3</ele>
      </trkpt>
      <trkpt lat="44.31662" lon="6.77667">
        <ele>2124.1</ele>
      </trkpt>
      <trkpt lat="44.31664" lon="6.77647">
        <ele>2122.1</ele>
      </trkpt>
      <trkpt lat="44.31663" lon="6.77629">
        <ele>2120.4</ele>
      </trkpt>
      <trkpt lat="44.31683" lon="6.7758">
        <ele>2117.6</ele>
      </trkpt>
      <trkpt lat="44.31683" lon="6.7758">
        <ele>2117.6</ele>
      </trkpt>
      <trkpt lat="44.31695" lon="6.7755">
        <ele>2118.0</ele>
      </trkpt>
      <trkpt lat="44.31705" lon="6.77503">
        <ele>2116.4</ele>
      </trkpt>
      <trkpt lat="44.31703" lon="6.77469">
        <ele>2113.3</ele>
      </trkpt>
      <trkpt lat="44.3171" lon="6.77452">
        <ele>2112.3</ele>
      </trkpt>
      <trkpt lat="44.31724" lon="6.77442">
        <ele>2112.2</ele>
      </trkpt>
      <trkpt lat="44.31734" lon="6.77431">
        <ele>2111.7</ele>
      </trkpt>
      <trkpt lat="44.31758" lon="6.77366">
        <ele>2106.0</ele>
      </trkpt>
      <trkpt lat="44.31774" lon="6.77342">
        <ele>2105.5</ele>
      </trkpt>
      <trkpt lat="44.31788" lon="6.77301">
        <ele>2103.4</ele>
      </trkpt>
      <trkpt lat="44.31797" lon="6.77285">
        <ele>2103.0</ele>
      </trkpt>
      <trkpt lat="44.31797" lon="6.77285">
        <ele>2103.0</ele>
      </trkpt>
      <trkpt lat="44.31803" lon="6.77275">
        <ele>2102.7</ele>
      </trkpt>
      <trkpt lat="44.31803" lon="6.77275">
        <ele>2102.7</ele>
      </trkpt>
      <trkpt lat="44.31811" lon="6.77259">
        <ele>2101.8</ele>
      </trkpt>
      <trkpt lat="44.31834" lon="6.77202">
        <ele>2096.2</ele>
      </trkpt>
      <trkpt lat="44.31845" lon="6.77189">
        <ele>2096.6</ele>
      </trkpt>
      <trkpt lat="44.31862" lon="6.77161">
        <ele>2096.9</ele>
      </trkpt>
      <trkpt lat="44.31894" lon="6.7714">
        <ele>2101.9</ele>
      </trkpt>
      <trkpt lat="44.31898" lon="6.77132">
        <ele>2101.9</ele>
      </trkpt>
      <trkpt lat="44.31896" lon="6.77126">
        <ele>2100.8</ele>
      </trkpt>
      <trkpt lat="44.31889" lon="6.77123">
        <ele>2098.8</ele>
      </trkpt>
      <trkpt lat="44.31878" lon="6.77133">
        <ele>2097.4</ele>
      </trkpt>
      <trkpt lat="44.31872" lon="6.77135">
        <ele>2096.2</ele>
      </trkpt>
      <trkpt lat="44.3185" lon="6.77136">
        <ele>2091.2</ele>
      </trkpt>
      <trkpt lat="44.31825" lon="6.77143">
        <ele>2087.3</ele>
      </trkpt>
      <trkpt lat="44.31806" lon="6.77152">
        <ele>2086.6</ele>
      </trkpt>
      <trkpt lat="44.3178" lon="6.77145">
        <ele>2083.1</ele>
      </trkpt>
      <trkpt lat="44.3175" lon="6.77144">
        <ele>2080.0</ele>
      </trkpt>
      <trkpt lat="44.31736" lon="6.77152">
        <ele>2082.6</ele>
      </trkpt>
      <trkpt lat="44.31728" lon="6.77151">
        <ele>2083.4</ele>
      </trkpt>
      <trkpt lat="44.31727" lon="6.77142">
        <ele>2082.6</ele>
      </trkpt>
      <trkpt lat="44.31735" lon="6.77126">
        <ele>2079.8</ele>
      </trkpt>
      <trkpt lat="44.31746" lon="6.77116">
        <ele>2076.9</ele>
      </trkpt>
      <trkpt lat="44.31769" lon="6.77105">
        <ele>2076.9</ele>
      </trkpt>
      <trkpt lat="44.31779" lon="6.77096">
        <ele>2076.8</ele>
      </trkpt>
      <trkpt lat="44.31788" lon="6.7707">
        <ele>2074.8</ele>
      </trkpt>
      <trkpt lat="44.31802" lon="6.77043">
        <ele>2073.1</ele>
      </trkpt>
      <trkpt lat="44.31815" lon="6.77025">
        <ele>2071.7</ele>
      </trkpt>
      <trkpt lat="44.31827" lon="6.77005">
        <ele>2069.5</ele>
      </trkpt>
      <trkpt lat="44.31838" lon="6.7698">
        <ele>2067.3</ele>
      </trkpt>
      <trkpt lat="44.31852" lon="6.76953">
        <ele>2067.8</ele>
      </trkpt>
      <trkpt lat="44.31869" lon="6.76938">
        <ele>2071.3</ele>
      </trkpt>
      <trkpt lat="44.31873" lon="6.76932">
        <ele>2071.9</ele>
      </trkpt>
      <trkpt lat="44.31875" lon="6.76921">
        <ele>2071.1</ele>
      </trkpt>
      <trkpt lat="44.31873" lon="6.76905">
        <ele>2069.1</ele>
      </trkpt>
      <trkpt lat="44.31867" lon="6.76888">
        <ele>2066.0</ele>
      </trkpt>
      <trkpt lat="44.31861" lon="6.76847">
        <ele>2061.7</ele>
      </trkpt>
      <trkpt lat="44.31866" lon="6.76823">
        <ele>2061.7</ele>
      </trkpt>
      <trkpt lat="44.31882" lon="6.76785">
        <ele>2063.8</ele>
      </trkpt>
      <trkpt lat="44.3189" lon="6.76772">
        <ele>2065.1</ele>
      </trkpt>
      <trkpt lat="44.31896" lon="6.76762">
        <ele>2066.1</ele>
      </trkpt>
      <trkpt lat="44.31896" lon="6.76762">
        <ele>2066.1</ele>
      </trkpt>
      <trkpt lat="44.31898" lon="6.76757">
        <ele>2066.3</ele>
      </trkpt>
      <trkpt lat="44.31892" lon="6.76694">
        <ele>2060.4</ele>
      </trkpt>
      <trkpt lat="44.31891" lon="6.7663">
        <ele>2055.4</ele>
      </trkpt>
      <trkpt lat="44.31892" lon="6.76596">
        <ele>2053.1</ele>
      </trkpt>
      <trkpt lat="44.31884" lon="6.76566">
        <ele>2050.1</ele>
      </trkpt>
      <trkpt lat="44.31884" lon="6.76559">
        <ele>2050.1</ele>
      </trkpt>
      <trkpt lat="44.31884" lon="6.76559">
        <ele>2050.1</ele>
      </trkpt>
      <trkpt lat="44.31883" lon="6.76548">
        <ele>2049.8</ele>
      </trkpt>
      <trkpt lat="44.31872" lon="6.76504">
        <ele>2046.7</ele>
      </trkpt>
      <trkpt lat="44.31859" lon="6.76471">
        <ele>2042.3</ele>
      </trkpt>
      <trkpt lat="44.31855" lon="6.76429">
        <ele>2039.9</ele>
      </trkpt>
      <trkpt lat="44.31844" lon="6.76372">
        <ele>2034.1</ele>
      </trkpt>
      <trkpt lat="44.31843" lon="6.76364">
        <ele>2033.4</ele>
      </trkpt>
      <trkpt lat="44.31843" lon="6.76364">
        <ele>2033.4</ele>
      </trkpt>
      <trkpt lat="44.31837" lon="6.763">
        <ele>2028.2</ele>
      </trkpt>
      <trkpt lat="44.3183" lon="6.76242">
        <ele>2024.3</ele>
      </trkpt>
      <trkpt lat="44.31826" lon="6.76217">
        <ele>2024.6</ele>
      </trkpt>
      <trkpt lat="44.31805" lon="6.76185">
        <ele>2023.1</ele>
      </trkpt>
      <trkpt lat="44.31794" lon="6.76151">
        <ele>2021.3</ele>
      </trkpt>
      <trkpt lat="44.31779" lon="6.76136">
        <ele>2018.6</ele>
      </trkpt>
      <trkpt lat="44.31766" lon="6.76112">
        <ele>2015.0</ele>
      </trkpt>
      <trkpt lat="44.31755" lon="6.76059">
        <ele>2010.1</ele>
      </trkpt>
      <trkpt lat="44.31754" lon="6.76033">
        <ele>2009.6</ele>
      </trkpt>
      <trkpt lat="44.31744" lon="6.75967">
        <ele>2008.5</ele>
      </trkpt>
      <trkpt lat="44.31738" lon="6.75952">
        <ele>2008.3</ele>
      </trkpt>
      <trkpt lat="44.31728" lon="6.75911">
        <ele>2006.2</ele>
      </trkpt>
      <trkpt lat="44.31715" lon="6.75874">
        <ele>2003.3</ele>
      </trkpt>
      <trkpt lat="44.31708" lon="6.75835">
        <ele>2000.5</ele>
      </trkpt>
      <trkpt lat="44.31705" lon="6.75766">
        <ele>1998.4</ele>
      </trkpt>
      <trkpt lat="44.317" lon="6.75753">
        <ele>1996.7</ele>
      </trkpt>
      <trkpt lat="44.31683" lon="6.75734">
        <ele>1992.2</ele>
      </trkpt>
      <trkpt lat="44.31672" lon="6.75689">
        <ele>1989.6</ele>
      </trkpt>
      <trkpt lat="44.31674" lon="6.75658">
        <ele>1991.1</ele>
      </trkpt>
      <trkpt lat="44.31664" lon="6.75619">
        <ele>1989.0</ele>
      </trkpt>
      <trkpt lat="44.31638" lon="6.75579">
        <ele>1981.1</ele>
      </trkpt>
      <trkpt lat="44.31628" lon="6.75522">
        <ele>1978.1</ele>
      </trkpt>
      <trkpt lat="44.31622" lon="6.75507">
        <ele>1975.7</ele>
      </trkpt>
      <trkpt lat="44.31618" lon="6.75473">
        <ele>1972.5</ele>
      </trkpt>
      <trkpt lat="44.3162" lon="6.75454">
        <ele>1972.4</ele>
      </trkpt>
      <trkpt lat="44.3162" lon="6.75454">
        <ele>1972.4</ele>
      </trkpt>
      <trkpt lat="44.3162" lon="6.75449">
        <ele>1972.1</ele>
      </trkpt>
      <trkpt lat="44.3162" lon="6.75412">
        <ele>1970.2</ele>
      </trkpt>
      <trkpt lat="44.31626" lon="6.7535">
        <ele>1971.2</ele>
      </trkpt>
      <trkpt lat="44.31622" lon="6.7532">
        <ele>1968.9</ele>
      </trkpt>
      <trkpt lat="44.31621" lon="6.75289">
        <ele>1970.1</ele>
      </trkpt>
      <trkpt lat="44.31617" lon="6.7527">
        <ele>1968.8</ele>
      </trkpt>
      <trkpt lat="44.316" lon="6.75237">
        <ele>1961.6</ele>
      </trkpt>
      <trkpt lat="44.31598" lon="6.75221">
        <ele>1962.0</ele>
      </trkpt>
      <trkpt lat="44.31587" lon="6.75191">
        <ele>1958.7</ele>
      </trkpt>
      <trkpt lat="44.31577" lon="6.75148">
        <ele>1955.8</ele>
      </trkpt>
      <trkpt lat="44.31562" lon="6.75098">
        <ele>1948.7</ele>
      </trkpt>
      <trkpt lat="44.31559" lon="6.75079">
        <ele>1948.0</ele>
      </trkpt>
      <trkpt lat="44.31549" lon="6.75042">
        <ele>1947.5</ele>
      </trkpt>
      <trkpt lat="44.31543" lon="6.75041">
        <ele>1944.9</ele>
      </trkpt>
      <trkpt lat="44.31541" lon="6.75049">
        <ele>1943.2</ele>
      </trkpt>
      <trkpt lat="44.31546" lon="6.75081">
        <ele>1942.1</ele>
      </trkpt>
      <trkpt lat="44.31549" lon="6.75136">
        <ele>1942.5</ele>
      </trkpt>
      <trkpt lat="44.31543" lon="6.75177">
        <ele>1938.4</ele>
      </trkpt>
      <trkpt lat="44.31545" lon="6.75215">
        <ele>1936.6</ele>
      </trkpt>
      <trkpt lat="44.31543" lon="6.75224">
        <ele>1935.0</ele>
      </trkpt>
      <trkpt lat="44.31537" lon="6.75227">
        <ele>1932.0</ele>
      </trkpt>
      <trkpt lat="44.31511" lon="6.75163">
        <ele>1923.6</ele>
      </trkpt>
      <trkpt lat="44.31498" lon="6.75112">
        <ele>1920.2</ele>
      </trkpt>
      <trkpt lat="44.3149" lon="6.75098">
        <ele>1918.6</ele>
      </trkpt>
      <trkpt lat="44.31472" lon="6.75067">
        <ele>1914.2</ele>
      </trkpt>
      <trkpt lat="44.31466" lon="6.75052">
        <ele>1913.0</ele>
      </trkpt>
      <trkpt lat="44.31452" lon="6.75026">
        <ele>1909.1</ele>
      </trkpt>
      <trkpt lat="44.31452" lon="6.75026">
        <ele>1909.1</ele>
      </trkpt>
      <trkpt lat="44.31429" lon="6.74987">
        <ele>1900.6</ele>
      </trkpt>
      <trkpt lat="44.31418" lon="6.74965">
        <ele>1895.3</ele>
      </trkpt>
      <trkpt lat="44.31417" lon="6.74955">
        <ele>1894.5</ele>
      </trkpt>
      <trkpt lat="44.31417" lon="6.74949">
        <ele>1894.3</ele>
      </trkpt>
      <trkpt lat="44.31417" lon="6.7494">
        <ele>1894.0</ele>
      </trkpt>
      <trkpt lat="44.31422" lon="6.74915">
        <ele>1895.6</ele>
      </trkpt>
      <trkpt lat="44.31422" lon="6.74901">
        <ele>1896.4</ele>
      </trkpt>
      <trkpt lat="44.31421" lon="6.74894">
        <ele>1896.3</ele>
      </trkpt>
      <trkpt lat="44.3141" lon="6.74858">
        <ele>1894.1</ele>
      </trkpt>
      <trkpt lat="44.31403" lon="6.74842">
        <ele>1892.1</ele>
      </trkpt>
      <trkpt lat="44.31396" lon="6.74828">
        <ele>1889.8</ele>
      </trkpt>
      <trkpt lat="44.31386" lon="6.7481">
        <ele>1886.4</ele>
      </trkpt>
      <trkpt lat="44.31362" lon="6.7476">
        <ele>1878.9</ele>
      </trkpt>
      <trkpt lat="44.31361" lon="6.74755">
        <ele>1878.7</ele>
      </trkpt>
      <trkpt lat="44.3136" lon="6.74745">
        <ele>1878.5</ele>
      </trkpt>
      <trkpt lat="44.31361" lon="6.74689">
        <ele>1878.0</ele>
      </trkpt>
      <trkpt lat="44.31364" lon="6.74646">
        <ele>1877.0</ele>
      </trkpt>
      <trkpt lat="44.31364" lon="6.74631">
        <ele>1875.9</ele>
      </trkpt>
      <trkpt lat="44.31365" lon="6.7462">
        <ele>1875.5</ele>
      </trkpt>
      <trkpt lat="44.31374" lon="6.74594">
        <ele>1876.8</ele>
      </trkpt>
      <trkpt lat="44.31378" lon="6.74584">
        <ele>1877.7</ele>
      </trkpt>
      <trkpt lat="44.31394" lon="6.74556">
        <ele>1877.5</ele>
      </trkpt>
      <trkpt lat="44.31399" lon="6.74536">
        <ele>1874.7</ele>
      </trkpt>
      <trkpt lat="44.31406" lon="6.74504">
        <ele>1869.6</ele>
      </trkpt>
      <trkpt lat="44.31413" lon="6.74463">
        <ele>1863.4</ele>
      </trkpt>
      <trkpt lat="44.31428" lon="6.74404">
        <ele>1860.4</ele>
      </trkpt>
      <trkpt lat="44.31433" lon="6.74389">
        <ele>1860.1</ele>
      </trkpt>
      <trkpt lat="44.31443" lon="6.74368">
        <ele>1860.6</ele>
      </trkpt>
      <trkpt lat="44.31457" lon="6.74337">
        <ele>1858.6</ele>
      </trkpt>
      <trkpt lat="44.31463" lon="6.74321">
        <ele>1859.4</ele>
      </trkpt>
      <trkpt lat="44.31463" lon="6.74321">
        <ele>1859.4</ele>
      </trkpt>
      <trkpt lat="44.31465" lon="6.74314">
        <ele>1859.8</ele>
      </trkpt>
      <trkpt lat="44.31465" lon="6.74309">
        <ele>1859.5</ele>
      </trkpt>
      <trkpt lat="44.31462" lon="6.74264">
        <ele>1855.4</ele>
      </trkpt>
      <trkpt lat="44.3146" lon="6.74259">
        <ele>1854.5</ele>
      </trkpt>
      <trkpt lat="44.31458" lon="6.74257">
        <ele>1853.8</ele>
      </trkpt>
      <trkpt lat="44.31453" lon="6.74258">
        <ele>1852.4</ele>
      </trkpt>
      <trkpt lat="44.3145" lon="6.74262">
        <ele>1851.6</ele>
      </trkpt>
      <trkpt lat="44.31448" lon="6.74266">
        <ele>1851.1</ele>
      </trkpt>
      <trkpt lat="44.31444" lon="6.74306">
        <ele>1850.6</ele>
      </trkpt>
      <trkpt lat="44.31441" lon="6.74315">
        <ele>1849.5</ele>
      </trkpt>
      <trkpt lat="44.31439" lon="6.74319">
        <ele>1848.6</ele>
      </trkpt>
      <trkpt lat="44.31395" lon="6.74382">
        <ele>1843.7</ele>
      </trkpt>
      <trkpt lat="44.3138" lon="6.74397">
        <ele>1843.1</ele>
      </trkpt>
      <trkpt lat="44.31366" lon="6.74406">
        <ele>1841.4</ele>
      </trkpt>
      <trkpt lat="44.31355" lon="6.7441">
        <ele>1839.4</ele>
      </trkpt>
      <trkpt lat="44.31326" lon="6.74431">
        <ele>1835.9</ele>
      </trkpt>
      <trkpt lat="44.31317" lon="6.74443">
        <ele>1836.2</ele>
      </trkpt>
      <trkpt lat="44.31302" lon="6.74489">
        <ele>1839.8</ele>
      </trkpt>
      <trkpt lat="44.31269" lon="6.74504">
        <ele>1836.5</ele>
      </trkpt>
      <trkpt lat="44.31252" lon="6.74525">
        <ele>1836.4</ele>
      </trkpt>
      <trkpt lat="44.31248" lon="6.74539">
        <ele>1837.4</ele>
      </trkpt>
      <trkpt lat="44.31246" lon="6.74555">
        <ele>1839.0</ele>
      </trkpt>
      <trkpt lat="44.31241" lon="6.74563">
        <ele>1839.1</ele>
      </trkpt>
      <trkpt lat="44.31234" lon="6.74562">
        <ele>1837.9</ele>
      </trkpt>
      <trkpt lat="44.31233" lon="6.74552">
        <ele>1836.6</ele>
      </trkpt>
      <trkpt lat="44.31238" lon="6.74537">
        <ele>1835.8</ele>
      </trkpt>
      <trkpt lat="44.31243" lon="6.74504">
        <ele>1832.7</ele>
      </trkpt>
      <trkpt lat="44.31258" lon="6.74474">
        <ele>1831.4</ele>
      </trkpt>
      <trkpt lat="44.3126" lon="6.7445">
        <ele>1829.0</ele>
      </trkpt>
      <trkpt lat="44.31263" lon="6.74419">
        <ele>1826.0</ele>
      </trkpt>
      <trkpt lat="44.31274" lon="6.74372">
        <ele>1822.5</ele>
      </trkpt>
      <trkpt lat="44.31285" lon="6.7432">
        <ele>1819.7</ele>
      </trkpt>
      <trkpt lat="44.31287" lon="6.74279">
        <ele>1819.1</ele>
      </trkpt>
      <trkpt lat="44.31287" lon="6.74244">
        <ele>1818.6</ele>
      </trkpt>
      <trkpt lat="44.31285" lon="6.74221">
        <ele>1818.8</ele>
      </trkpt>
      <trkpt lat="44.31274" lon="6.74207">
        <ele>1817.5</ele>
      </trkpt>
      <trkpt lat="44.31241" lon="6.74187">
        <ele>1812.3</ele>
      </trkpt>
      <trkpt lat="44.31224" lon="6.74182">
        <ele>1809.1</ele>
      </trkpt>
      <trkpt lat="44.31215" lon="6.74178">
        <ele>1807.4</ele>
      </trkpt>
      <trkpt lat="44.31203" lon="6.74168">
        <ele>1805.0</ele>
      </trkpt>
      <trkpt lat="44.31196" lon="6.74154">
        <ele>1803.2</ele>
      </trkpt>
      <trkpt lat="44.31174" lon="6.74101">
        <ele>1796.5</ele>
      </trkpt>
      <trkpt lat="44.31167" lon="6.74074">
        <ele>1793.2</ele>
      </trkpt>
      <trkpt lat="44.31165" lon="6.74065">
        <ele>1792.1</ele>
      </trkpt>
      <trkpt lat="44.31149" lon="6.74115">
        <ele>1793.7</ele>
      </trkpt>
      <trkpt lat="44.31135" lon="6.74146">
        <ele>1793.9</ele>
      </trkpt>
      <trkpt lat="44.31134" lon="6.74151">
        <ele>1794.0</ele>
      </trkpt>
      <trkpt lat="44.31136" lon="6.74159">
        <ele>1794.7</ele>
      </trkpt>
      <trkpt lat="44.31138" lon="6.74162">
        <ele>1795.0</ele>
      </trkpt>
      <trkpt lat="44.31151" lon="6.74175">
        <ele>1796.7</ele>
      </trkpt>
      <trkpt lat="44.31165" lon="6.74186">
        <ele>1798.3</ele>
      </trkpt>
      <trkpt lat="44.31168" lon="6.74193">
        <ele>1798.9</ele>
      </trkpt>
    </trkseg>
  </trk>
</gpx>
