<?xml version="1.0" encoding="UTF-8"?>
<gpx xmlns:gpxdata="http://www.cluetrust.com/XML/GPXDATA/1/0" xmlns:xsi="http://www.w3.org/2001/XMLSchema-instance" xmlns="http://www.topografix.com/GPX/1/1" version="1.1" creator="http://ridewithgps.com/" xsi:schemaLocation="http://www.topografix.com/GPX/1/1 http://www.topografix.com/GPX/1/1/gpx.xsd http://www.cluetrust.com/XML/GPXDATA/1/0 http://www.cluetrust.com/Schemas/gpxdata10.xsd">
  <metadata>
    <name>Alps Divide ULTRA 2025 - Section 3</name>
    <link href="https://ridewithgps.com/routes/51844276">
      <text>Alps Divide ULTRA 2025 - Section 3</text>
    </link>
    <time>2025-07-22T19:47:29Z</time>
  </metadata>
  <trk>
    <name>Alps Divide ULTRA 2025 - Section 3</name>
    <trkseg>
      <trkpt lat="44.311625" lon="6.741837">
        <ele>1785.5</ele>
      </trkpt>
      <trkpt lat="44.311379" lon="6.741621">
        <ele>1785.5</ele>
      </trkpt>
      <trkpt lat="44.311344" lon="6.741547">
        <ele>1785.5</ele>
      </trkpt>
      <trkpt lat="44.311346" lon="6.741459">
        <ele>1785.5</ele>
      </trkpt>
      <trkpt lat="44.311493" lon="6.741154">
        <ele>1785.5</ele>
      </trkpt>
      <trkpt lat="44.311537" lon="6.741018">
        <ele>1785.5</ele>
      </trkpt>
      <trkpt lat="44.311651" lon="6.740646">
        <ele>1784.7</ele>
      </trkpt>
      <trkpt lat="44.311679" lon="6.740182">
        <ele>1783.1</ele>
      </trkpt>
      <trkpt lat="44.311766" lon="6.739821">
        <ele>1781.8</ele>
      </trkpt>
      <trkpt lat="44.31198" lon="6.739381">
        <ele>1780.0</ele>
      </trkpt>
      <trkpt lat="44.312041" lon="6.739145">
        <ele>1779.1</ele>
      </trkpt>
      <trkpt lat="44.312041" lon="6.739039">
        <ele>1778.7</ele>
      </trkpt>
      <trkpt lat="44.312007" lon="6.739018">
        <ele>1778.6</ele>
      </trkpt>
      <trkpt lat="44.312176" lon="6.738246">
        <ele>1776.2</ele>
      </trkpt>
      <trkpt lat="44.312831" lon="6.736806">
        <ele>1772.4</ele>
      </trkpt>
      <trkpt lat="44.313518" lon="6.735253">
        <ele>1769.5</ele>
      </trkpt>
      <trkpt lat="44.314323" lon="6.733797">
        <ele>1766.5</ele>
      </trkpt>
      <trkpt lat="44.314995" lon="6.732854">
        <ele>1763.7</ele>
      </trkpt>
      <trkpt lat="44.315144" lon="6.732579">
        <ele>1762.9</ele>
      </trkpt>
      <trkpt lat="44.315292" lon="6.732204">
        <ele>1762.1</ele>
      </trkpt>
      <trkpt lat="44.315391" lon="6.731958">
        <ele>1761.5</ele>
      </trkpt>
      <trkpt lat="44.31567" lon="6.731301">
        <ele>1760.1</ele>
      </trkpt>
      <trkpt lat="44.316271" lon="6.730301">
        <ele>1757.6</ele>
      </trkpt>
      <trkpt lat="44.316732" lon="6.729708">
        <ele>1755.5</ele>
      </trkpt>
      <trkpt lat="44.31707" lon="6.729227">
        <ele>1753.9</ele>
      </trkpt>
      <trkpt lat="44.317238" lon="6.728929">
        <ele>1753.0</ele>
      </trkpt>
      <trkpt lat="44.317397" lon="6.728527">
        <ele>1752.0</ele>
      </trkpt>
      <trkpt lat="44.317617" lon="6.72819">
        <ele>1750.7</ele>
      </trkpt>
      <trkpt lat="44.317756" lon="6.727885">
        <ele>1749.7</ele>
      </trkpt>
      <trkpt lat="44.317806" lon="6.727703">
        <ele>1749.1</ele>
      </trkpt>
      <trkpt lat="44.318007" lon="6.726486">
        <ele>1745.6</ele>
      </trkpt>
      <trkpt lat="44.318247" lon="6.725638">
        <ele>1744.0</ele>
      </trkpt>
      <trkpt lat="44.318494" lon="6.725029">
        <ele>1743.1</ele>
      </trkpt>
      <trkpt lat="44.31864" lon="6.724543">
        <ele>1742.5</ele>
      </trkpt>
      <trkpt lat="44.318756" lon="6.723678">
        <ele>1741.8</ele>
      </trkpt>
      <trkpt lat="44.3188" lon="6.723534">
        <ele>1741.9</ele>
      </trkpt>
      <trkpt lat="44.318913" lon="6.723303">
        <ele>1742.1</ele>
      </trkpt>
      <trkpt lat="44.319333" lon="6.722994">
        <ele>1742.5</ele>
      </trkpt>
      <trkpt lat="44.319428" lon="6.722819">
        <ele>1742.7</ele>
      </trkpt>
      <trkpt lat="44.319456" lon="6.722577">
        <ele>1742.8</ele>
      </trkpt>
      <trkpt lat="44.319467" lon="6.722458">
        <ele>1742.9</ele>
      </trkpt>
      <trkpt lat="44.319566" lon="6.72144">
        <ele>1742.6</ele>
      </trkpt>
      <trkpt lat="44.319611" lon="6.721075">
        <ele>1742.0</ele>
      </trkpt>
      <trkpt lat="44.319588" lon="6.720755">
        <ele>1741.5</ele>
      </trkpt>
      <trkpt lat="44.319369" lon="6.720008">
        <ele>1740.2</ele>
      </trkpt>
      <trkpt lat="44.319318" lon="6.719235">
        <ele>1738.7</ele>
      </trkpt>
      <trkpt lat="44.31944" lon="6.718775">
        <ele>1737.3</ele>
      </trkpt>
      <trkpt lat="44.319435" lon="6.718649">
        <ele>1736.9</ele>
      </trkpt>
      <trkpt lat="44.319404" lon="6.718396">
        <ele>1736.2</ele>
      </trkpt>
      <trkpt lat="44.319266" lon="6.717726">
        <ele>1734.1</ele>
      </trkpt>
      <trkpt lat="44.31925" lon="6.717175">
        <ele>1732.5</ele>
      </trkpt>
      <trkpt lat="44.319285" lon="6.716962">
        <ele>1731.9</ele>
      </trkpt>
      <trkpt lat="44.319642" lon="6.716318">
        <ele>1731.9</ele>
      </trkpt>
      <trkpt lat="44.319833" lon="6.715636">
        <ele>1731.8</ele>
      </trkpt>
      <trkpt lat="44.319883" lon="6.715566">
        <ele>1731.7</ele>
      </trkpt>
      <trkpt lat="44.319947" lon="6.715532">
        <ele>1731.7</ele>
      </trkpt>
      <trkpt lat="44.320151" lon="6.715541">
        <ele>1731.7</ele>
      </trkpt>
      <trkpt lat="44.320221" lon="6.715487">
        <ele>1731.7</ele>
      </trkpt>
      <trkpt lat="44.320295" lon="6.715282">
        <ele>1731.7</ele>
      </trkpt>
      <trkpt lat="44.320292" lon="6.715141">
        <ele>1731.6</ele>
      </trkpt>
      <trkpt lat="44.320113" lon="6.714774">
        <ele>1730.5</ele>
      </trkpt>
      <trkpt lat="44.320094" lon="6.714678">
        <ele>1730.2</ele>
      </trkpt>
      <trkpt lat="44.320113" lon="6.714488">
        <ele>1729.8</ele>
      </trkpt>
      <trkpt lat="44.320296" lon="6.714151">
        <ele>1728.7</ele>
      </trkpt>
      <trkpt lat="44.320534" lon="6.712994">
        <ele>1725.7</ele>
      </trkpt>
      <trkpt lat="44.320614" lon="6.712724">
        <ele>1725.0</ele>
      </trkpt>
      <trkpt lat="44.321028" lon="6.711987">
        <ele>1723.4</ele>
      </trkpt>
      <trkpt lat="44.321067" lon="6.711769">
        <ele>1723.0</ele>
      </trkpt>
      <trkpt lat="44.321056" lon="6.711309">
        <ele>1722.1</ele>
      </trkpt>
      <trkpt lat="44.321083" lon="6.711194">
        <ele>1721.9</ele>
      </trkpt>
      <trkpt lat="44.32128" lon="6.7108">
        <ele>1721.1</ele>
      </trkpt>
      <trkpt lat="44.321385" lon="6.710483">
        <ele>1720.5</ele>
      </trkpt>
      <trkpt lat="44.321449" lon="6.709775">
        <ele>1719.4</ele>
      </trkpt>
      <trkpt lat="44.321505" lon="6.709657">
        <ele>1719.1</ele>
      </trkpt>
      <trkpt lat="44.321585" lon="6.709569">
        <ele>1718.9</ele>
      </trkpt>
      <trkpt lat="44.321869" lon="6.709394">
        <ele>1718.2</ele>
      </trkpt>
      <trkpt lat="44.321925" lon="6.709262">
        <ele>1718.0</ele>
      </trkpt>
      <trkpt lat="44.321926" lon="6.70908">
        <ele>1717.7</ele>
      </trkpt>
      <trkpt lat="44.321872" lon="6.708983">
        <ele>1717.5</ele>
      </trkpt>
      <trkpt lat="44.321679" lon="6.708801">
        <ele>1717.0</ele>
      </trkpt>
      <trkpt lat="44.321599" lon="6.70864">
        <ele>1716.1</ele>
      </trkpt>
      <trkpt lat="44.321563" lon="6.708086">
        <ele>1712.4</ele>
      </trkpt>
      <trkpt lat="44.321517" lon="6.70792">
        <ele>1711.1</ele>
      </trkpt>
      <trkpt lat="44.321368" lon="6.707564">
        <ele>1708.3</ele>
      </trkpt>
      <trkpt lat="44.321342" lon="6.707436">
        <ele>1707.4</ele>
      </trkpt>
      <trkpt lat="44.321319" lon="6.706645">
        <ele>1702.1</ele>
      </trkpt>
      <trkpt lat="44.321373" lon="6.705439">
        <ele>1696.4</ele>
      </trkpt>
      <trkpt lat="44.321332" lon="6.70479">
        <ele>1693.8</ele>
      </trkpt>
      <trkpt lat="44.32146" lon="6.704045">
        <ele>1690.8</ele>
      </trkpt>
      <trkpt lat="44.321582" lon="6.70389">
        <ele>1689.9</ele>
      </trkpt>
      <trkpt lat="44.321807" lon="6.703761">
        <ele>1688.5</ele>
      </trkpt>
      <trkpt lat="44.321863" lon="6.703676">
        <ele>1688.0</ele>
      </trkpt>
      <trkpt lat="44.321888" lon="6.703585">
        <ele>1687.6</ele>
      </trkpt>
      <trkpt lat="44.322049" lon="6.702751">
        <ele>1684.1</ele>
      </trkpt>
      <trkpt lat="44.322007" lon="6.70178">
        <ele>1680.0</ele>
      </trkpt>
      <trkpt lat="44.321957" lon="6.701467">
        <ele>1678.9</ele>
      </trkpt>
      <trkpt lat="44.321751" lon="6.700714">
        <ele>1676.6</ele>
      </trkpt>
      <trkpt lat="44.321683" lon="6.700287">
        <ele>1675.3</ele>
      </trkpt>
      <trkpt lat="44.321568" lon="6.69979">
        <ele>1673.8</ele>
      </trkpt>
      <trkpt lat="44.321499" lon="6.69932">
        <ele>1672.4</ele>
      </trkpt>
      <trkpt lat="44.321342" lon="6.698723">
        <ele>1670.1</ele>
      </trkpt>
      <trkpt lat="44.321171" lon="6.697796">
        <ele>1666.6</ele>
      </trkpt>
      <trkpt lat="44.321037" lon="6.697205">
        <ele>1664.3</ele>
      </trkpt>
      <trkpt lat="44.320938" lon="6.696939">
        <ele>1663.2</ele>
      </trkpt>
      <trkpt lat="44.320724" lon="6.696688">
        <ele>1661.5</ele>
      </trkpt>
      <trkpt lat="44.32066" lon="6.696562">
        <ele>1660.8</ele>
      </trkpt>
      <trkpt lat="44.320484" lon="6.695814">
        <ele>1657.1</ele>
      </trkpt>
      <trkpt lat="44.320435" lon="6.695698">
        <ele>1656.5</ele>
      </trkpt>
      <trkpt lat="44.32034" lon="6.695574">
        <ele>1655.6</ele>
      </trkpt>
      <trkpt lat="44.319828" lon="6.695015">
        <ele>1651.4</ele>
      </trkpt>
      <trkpt lat="44.319679" lon="6.694811">
        <ele>1650.5</ele>
      </trkpt>
      <trkpt lat="44.319553" lon="6.694569">
        <ele>1649.6</ele>
      </trkpt>
      <trkpt lat="44.319374" lon="6.694036">
        <ele>1647.8</ele>
      </trkpt>
      <trkpt lat="44.319286" lon="6.693514">
        <ele>1646.2</ele>
      </trkpt>
      <trkpt lat="44.319244" lon="6.693409">
        <ele>1645.9</ele>
      </trkpt>
      <trkpt lat="44.318943" lon="6.692982">
        <ele>1644.1</ele>
      </trkpt>
      <trkpt lat="44.318905" lon="6.692884">
        <ele>1643.8</ele>
      </trkpt>
      <trkpt lat="44.318847" lon="6.692675">
        <ele>1643.1</ele>
      </trkpt>
      <trkpt lat="44.318787" lon="6.692118">
        <ele>1641.3</ele>
      </trkpt>
      <trkpt lat="44.318795" lon="6.691699">
        <ele>1640.0</ele>
      </trkpt>
      <trkpt lat="44.31887" lon="6.691159">
        <ele>1638.4</ele>
      </trkpt>
      <trkpt lat="44.31891" lon="6.69107">
        <ele>1638.0</ele>
      </trkpt>
      <trkpt lat="44.319153" lon="6.690781">
        <ele>1636.6</ele>
      </trkpt>
      <trkpt lat="44.319195" lon="6.690678">
        <ele>1636.3</ele>
      </trkpt>
      <trkpt lat="44.319263" lon="6.690177">
        <ele>1636.3</ele>
      </trkpt>
      <trkpt lat="44.31945" lon="6.68927">
        <ele>1636.7</ele>
      </trkpt>
      <trkpt lat="44.319485" lon="6.688915">
        <ele>1636.9</ele>
      </trkpt>
      <trkpt lat="44.319439" lon="6.688691">
        <ele>1637.0</ele>
      </trkpt>
      <trkpt lat="44.319221" lon="6.688096">
        <ele>1637.0</ele>
      </trkpt>
      <trkpt lat="44.319077" lon="6.687588">
        <ele>1636.1</ele>
      </trkpt>
      <trkpt lat="44.318638" lon="6.686666">
        <ele>1634.3</ele>
      </trkpt>
      <trkpt lat="44.318554" lon="6.686322">
        <ele>1633.7</ele>
      </trkpt>
      <trkpt lat="44.318546" lon="6.686062">
        <ele>1633.3</ele>
      </trkpt>
      <trkpt lat="44.318684" lon="6.685104">
        <ele>1631.8</ele>
      </trkpt>
      <trkpt lat="44.318699" lon="6.684711">
        <ele>1631.3</ele>
      </trkpt>
      <trkpt lat="44.318668" lon="6.684332">
        <ele>1630.7</ele>
      </trkpt>
      <trkpt lat="44.318695" lon="6.684084">
        <ele>1630.3</ele>
      </trkpt>
      <trkpt lat="44.31876" lon="6.683563">
        <ele>1629.6</ele>
      </trkpt>
      <trkpt lat="44.319058" lon="6.681686">
        <ele>1625.1</ele>
      </trkpt>
      <trkpt lat="44.319063" lon="6.681371">
        <ele>1624.4</ele>
      </trkpt>
      <trkpt lat="44.319023" lon="6.680911">
        <ele>1623.2</ele>
      </trkpt>
      <trkpt lat="44.319042" lon="6.680759">
        <ele>1622.7</ele>
      </trkpt>
      <trkpt lat="44.319081" lon="6.680656">
        <ele>1622.4</ele>
      </trkpt>
      <trkpt lat="44.319153" lon="6.680567">
        <ele>1622.0</ele>
      </trkpt>
      <trkpt lat="44.319454" lon="6.680334">
        <ele>1620.5</ele>
      </trkpt>
      <trkpt lat="44.319521" lon="6.680252">
        <ele>1620.1</ele>
      </trkpt>
      <trkpt lat="44.319584" lon="6.680073">
        <ele>1619.5</ele>
      </trkpt>
      <trkpt lat="44.319594" lon="6.679928">
        <ele>1619.0</ele>
      </trkpt>
      <trkpt lat="44.319524" lon="6.679676">
        <ele>1618.2</ele>
      </trkpt>
      <trkpt lat="44.319505" lon="6.67949">
        <ele>1617.6</ele>
      </trkpt>
      <trkpt lat="44.319537" lon="6.679312">
        <ele>1617.0</ele>
      </trkpt>
      <trkpt lat="44.319692" lon="6.678963">
        <ele>1615.8</ele>
      </trkpt>
      <trkpt lat="44.319843" lon="6.678704">
        <ele>1614.5</ele>
      </trkpt>
      <trkpt lat="44.320156" lon="6.678333">
        <ele>1612.4</ele>
      </trkpt>
      <trkpt lat="44.32037" lon="6.677912">
        <ele>1610.5</ele>
      </trkpt>
      <trkpt lat="44.320431" lon="6.677638">
        <ele>1609.4</ele>
      </trkpt>
      <trkpt lat="44.320396" lon="6.676405">
        <ele>1605.1</ele>
      </trkpt>
      <trkpt lat="44.320471" lon="6.675817">
        <ele>1603.4</ele>
      </trkpt>
      <trkpt lat="44.320606" lon="6.675239">
        <ele>1601.6</ele>
      </trkpt>
      <trkpt lat="44.320805" lon="6.674915">
        <ele>1600.4</ele>
      </trkpt>
      <trkpt lat="44.321152" lon="6.674472">
        <ele>1598.5</ele>
      </trkpt>
      <trkpt lat="44.321205" lon="6.674364">
        <ele>1598.2</ele>
      </trkpt>
      <trkpt lat="44.321262" lon="6.674098">
        <ele>1597.6</ele>
      </trkpt>
      <trkpt lat="44.321461" lon="6.672935">
        <ele>1594.8</ele>
      </trkpt>
      <trkpt lat="44.321636" lon="6.671625">
        <ele>1589.7</ele>
      </trkpt>
      <trkpt lat="44.321632" lon="6.6713">
        <ele>1587.8</ele>
      </trkpt>
      <trkpt lat="44.321495" lon="6.670679">
        <ele>1584.1</ele>
      </trkpt>
      <trkpt lat="44.321476" lon="6.670365">
        <ele>1582.2</ele>
      </trkpt>
      <trkpt lat="44.321518" lon="6.670031">
        <ele>1580.3</ele>
      </trkpt>
      <trkpt lat="44.321678" lon="6.669357">
        <ele>1577.5</ele>
      </trkpt>
      <trkpt lat="44.3218" lon="6.669054">
        <ele>1576.6</ele>
      </trkpt>
      <trkpt lat="44.321884" lon="6.668915">
        <ele>1576.1</ele>
      </trkpt>
      <trkpt lat="44.322205" lon="6.668622">
        <ele>1574.6</ele>
      </trkpt>
      <trkpt lat="44.322403" lon="6.668232">
        <ele>1573.3</ele>
      </trkpt>
      <trkpt lat="44.322567" lon="6.668093">
        <ele>1572.5</ele>
      </trkpt>
      <trkpt lat="44.32283" lon="6.667932">
        <ele>1571.3</ele>
      </trkpt>
      <trkpt lat="44.323097" lon="6.667886">
        <ele>1570.0</ele>
      </trkpt>
      <trkpt lat="44.323219" lon="6.667813">
        <ele>1569.4</ele>
      </trkpt>
      <trkpt lat="44.323479" lon="6.667383">
        <ele>1567.4</ele>
      </trkpt>
      <trkpt lat="44.323513" lon="6.667086">
        <ele>1566.4</ele>
      </trkpt>
      <trkpt lat="44.32349" lon="6.666552">
        <ele>1564.6</ele>
      </trkpt>
      <trkpt lat="44.323441" lon="6.666292">
        <ele>1563.6</ele>
      </trkpt>
      <trkpt lat="44.323357" lon="6.666064">
        <ele>1562.7</ele>
      </trkpt>
      <trkpt lat="44.323334" lon="6.665818">
        <ele>1561.7</ele>
      </trkpt>
      <trkpt lat="44.323421" lon="6.664825">
        <ele>1557.6</ele>
      </trkpt>
      <trkpt lat="44.323582" lon="6.664191">
        <ele>1554.8</ele>
      </trkpt>
      <trkpt lat="44.323568" lon="6.664151">
        <ele>1554.6</ele>
      </trkpt>
      <trkpt lat="44.323513" lon="6.664125">
        <ele>1554.3</ele>
      </trkpt>
      <trkpt lat="44.323444" lon="6.664237">
        <ele>1553.7</ele>
      </trkpt>
      <trkpt lat="44.323284" lon="6.664977">
        <ele>1550.5</ele>
      </trkpt>
      <trkpt lat="44.323181" lon="6.665561">
        <ele>1548.1</ele>
      </trkpt>
      <trkpt lat="44.323139" lon="6.665943">
        <ele>1546.5</ele>
      </trkpt>
      <trkpt lat="44.323091" lon="6.666009">
        <ele>1546.1</ele>
      </trkpt>
      <trkpt lat="44.323061" lon="6.666002">
        <ele>1546.0</ele>
      </trkpt>
      <trkpt lat="44.323025" lon="6.665893">
        <ele>1545.5</ele>
      </trkpt>
      <trkpt lat="44.32312" lon="6.665261">
        <ele>1542.9</ele>
      </trkpt>
      <trkpt lat="44.323139" lon="6.664764">
        <ele>1541.0</ele>
      </trkpt>
      <trkpt lat="44.323124" lon="6.664229">
        <ele>1538.9</ele>
      </trkpt>
      <trkpt lat="44.323087" lon="6.663795">
        <ele>1537.3</ele>
      </trkpt>
      <trkpt lat="44.323081" lon="6.663765">
        <ele>1537.2</ele>
      </trkpt>
      <trkpt lat="44.323067" lon="6.663435">
        <ele>1535.9</ele>
      </trkpt>
      <trkpt lat="44.323067" lon="6.663379">
        <ele>1535.7</ele>
      </trkpt>
      <trkpt lat="44.323067" lon="6.663129">
        <ele>1534.8</ele>
      </trkpt>
      <trkpt lat="44.322929" lon="6.662612">
        <ele>1532.7</ele>
      </trkpt>
      <trkpt lat="44.322899" lon="6.662012">
        <ele>1530.4</ele>
      </trkpt>
      <trkpt lat="44.322701" lon="6.661387">
        <ele>1527.8</ele>
      </trkpt>
      <trkpt lat="44.322697" lon="6.660983">
        <ele>1526.3</ele>
      </trkpt>
      <trkpt lat="44.322796" lon="6.660499">
        <ele>1524.4</ele>
      </trkpt>
      <trkpt lat="44.32273" lon="6.660313">
        <ele>1523.6</ele>
      </trkpt>
      <trkpt lat="44.322701" lon="6.660279">
        <ele>1523.3</ele>
      </trkpt>
      <trkpt lat="44.322651" lon="6.660272">
        <ele>1522.8</ele>
      </trkpt>
      <trkpt lat="44.322437" lon="6.660382">
        <ele>1520.9</ele>
      </trkpt>
      <trkpt lat="44.322372" lon="6.660388">
        <ele>1520.3</ele>
      </trkpt>
      <trkpt lat="44.322227" lon="6.660329">
        <ele>1519.0</ele>
      </trkpt>
      <trkpt lat="44.322102" lon="6.660195">
        <ele>1517.6</ele>
      </trkpt>
      <trkpt lat="44.321639" lon="6.65944">
        <ele>1511.4</ele>
      </trkpt>
      <trkpt lat="44.321442" lon="6.659134">
        <ele>1508.8</ele>
      </trkpt>
      <trkpt lat="44.320961" lon="6.65849">
        <ele>1502.5</ele>
      </trkpt>
      <trkpt lat="44.320633" lon="6.6578">
        <ele>1496.8</ele>
      </trkpt>
      <trkpt lat="44.320503" lon="6.657279">
        <ele>1493.0</ele>
      </trkpt>
      <trkpt lat="44.3204" lon="6.657067">
        <ele>1491.2</ele>
      </trkpt>
      <trkpt lat="44.319733" lon="6.656382">
        <ele>1484.2</ele>
      </trkpt>
      <trkpt lat="44.319649" lon="6.656031">
        <ele>1482.1</ele>
      </trkpt>
      <trkpt lat="44.319649" lon="6.655869">
        <ele>1481.1</ele>
      </trkpt>
      <trkpt lat="44.319666" lon="6.655669">
        <ele>1479.9</ele>
      </trkpt>
      <trkpt lat="44.319597" lon="6.655355">
        <ele>1478.0</ele>
      </trkpt>
      <trkpt lat="44.3196" lon="6.655018">
        <ele>1476.0</ele>
      </trkpt>
      <trkpt lat="44.319666" lon="6.653326">
        <ele>1470.1</ele>
      </trkpt>
      <trkpt lat="44.319706" lon="6.652847">
        <ele>1468.5</ele>
      </trkpt>
      <trkpt lat="44.319698" lon="6.652373">
        <ele>1467.1</ele>
      </trkpt>
      <trkpt lat="44.319553" lon="6.651754">
        <ele>1466.2</ele>
      </trkpt>
      <trkpt lat="44.319389" lon="6.65081">
        <ele>1465.0</ele>
      </trkpt>
      <trkpt lat="44.319283" lon="6.649092">
        <ele>1461.5</ele>
      </trkpt>
      <trkpt lat="44.319248" lon="6.648075">
        <ele>1458.7</ele>
      </trkpt>
      <trkpt lat="44.319157" lon="6.647462">
        <ele>1457.0</ele>
      </trkpt>
      <trkpt lat="44.319121" lon="6.647216">
        <ele>1456.3</ele>
      </trkpt>
      <trkpt lat="44.319054" lon="6.646661">
        <ele>1454.7</ele>
      </trkpt>
      <trkpt lat="44.319035" lon="6.64552">
        <ele>1451.4</ele>
      </trkpt>
      <trkpt lat="44.31897" lon="6.644764">
        <ele>1449.6</ele>
      </trkpt>
      <trkpt lat="44.318916" lon="6.644468">
        <ele>1449.2</ele>
      </trkpt>
      <trkpt lat="44.318712" lon="6.644077">
        <ele>1448.6</ele>
      </trkpt>
      <trkpt lat="44.318672" lon="6.643861">
        <ele>1448.3</ele>
      </trkpt>
      <trkpt lat="44.318661" lon="6.64358">
        <ele>1448.0</ele>
      </trkpt>
      <trkpt lat="44.31855" lon="6.643439">
        <ele>1447.7</ele>
      </trkpt>
      <trkpt lat="44.318492" lon="6.643286">
        <ele>1447.5</ele>
      </trkpt>
      <trkpt lat="44.31842" lon="6.642564">
        <ele>1446.5</ele>
      </trkpt>
      <trkpt lat="44.318401" lon="6.642251">
        <ele>1445.9</ele>
      </trkpt>
      <trkpt lat="44.318405" lon="6.641427">
        <ele>1444.5</ele>
      </trkpt>
      <trkpt lat="44.318447" lon="6.640582">
        <ele>1443.0</ele>
      </trkpt>
      <trkpt lat="44.318264" lon="6.638988">
        <ele>1437.8</ele>
      </trkpt>
      <trkpt lat="44.318172" lon="6.636972">
        <ele>1431.1</ele>
      </trkpt>
      <trkpt lat="44.318264" lon="6.636292">
        <ele>1429.0</ele>
      </trkpt>
      <trkpt lat="44.318314" lon="6.634714">
        <ele>1424.2</ele>
      </trkpt>
      <trkpt lat="44.318398" lon="6.634453">
        <ele>1423.2</ele>
      </trkpt>
      <trkpt lat="44.318562" lon="6.634068">
        <ele>1421.7</ele>
      </trkpt>
      <trkpt lat="44.318604" lon="6.633925">
        <ele>1421.1</ele>
      </trkpt>
      <trkpt lat="44.318619" lon="6.633776">
        <ele>1420.6</ele>
      </trkpt>
      <trkpt lat="44.318554" lon="6.632716">
        <ele>1416.8</ele>
      </trkpt>
      <trkpt lat="44.318741" lon="6.63115">
        <ele>1408.3</ele>
      </trkpt>
      <trkpt lat="44.318558" lon="6.630157">
        <ele>1402.6</ele>
      </trkpt>
      <trkpt lat="44.318558" lon="6.629921">
        <ele>1401.1</ele>
      </trkpt>
      <trkpt lat="44.318787" lon="6.629295">
        <ele>1396.7</ele>
      </trkpt>
      <trkpt lat="44.319057" lon="6.628154">
        <ele>1389.1</ele>
      </trkpt>
      <trkpt lat="44.319168" lon="6.627832">
        <ele>1387.3</ele>
      </trkpt>
      <trkpt lat="44.319317" lon="6.627542">
        <ele>1385.9</ele>
      </trkpt>
      <trkpt lat="44.319778" lon="6.626884">
        <ele>1382.2</ele>
      </trkpt>
      <trkpt lat="44.31982" lon="6.626794">
        <ele>1381.7</ele>
      </trkpt>
      <trkpt lat="44.319874" lon="6.626468">
        <ele>1380.4</ele>
      </trkpt>
      <trkpt lat="44.320084" lon="6.626091">
        <ele>1378.5</ele>
      </trkpt>
      <trkpt lat="44.32011" lon="6.625977">
        <ele>1378.0</ele>
      </trkpt>
      <trkpt lat="44.320183" lon="6.625165">
        <ele>1374.3</ele>
      </trkpt>
      <trkpt lat="44.320293" lon="6.624785">
        <ele>1372.5</ele>
      </trkpt>
      <trkpt lat="44.320305" lon="6.624674">
        <ele>1372.0</ele>
      </trkpt>
      <trkpt lat="44.320232" lon="6.624255">
        <ele>1370.1</ele>
      </trkpt>
      <trkpt lat="44.320114" lon="6.623819">
        <ele>1368.0</ele>
      </trkpt>
      <trkpt lat="44.319985" lon="6.62346">
        <ele>1366.2</ele>
      </trkpt>
      <trkpt lat="44.319978" lon="6.623364">
        <ele>1365.8</ele>
      </trkpt>
      <trkpt lat="44.319999" lon="6.623248">
        <ele>1365.3</ele>
      </trkpt>
      <trkpt lat="44.320109" lon="6.622971">
        <ele>1364.0</ele>
      </trkpt>
      <trkpt lat="44.320135" lon="6.622832">
        <ele>1363.4</ele>
      </trkpt>
      <trkpt lat="44.320213" lon="6.622066">
        <ele>1360.1</ele>
      </trkpt>
      <trkpt lat="44.320339" lon="6.621335">
        <ele>1357.0</ele>
      </trkpt>
      <trkpt lat="44.32037" lon="6.62095">
        <ele>1355.8</ele>
      </trkpt>
      <trkpt lat="44.320374" lon="6.620112">
        <ele>1353.9</ele>
      </trkpt>
      <trkpt lat="44.320402" lon="6.619853">
        <ele>1353.4</ele>
      </trkpt>
      <trkpt lat="44.320624" lon="6.618796">
        <ele>1351.0</ele>
      </trkpt>
      <trkpt lat="44.320696" lon="6.618568">
        <ele>1350.2</ele>
      </trkpt>
      <trkpt lat="44.320771" lon="6.618449">
        <ele>1349.6</ele>
      </trkpt>
      <trkpt lat="44.320954" lon="6.61826">
        <ele>1348.4</ele>
      </trkpt>
      <trkpt lat="44.321081" lon="6.618052">
        <ele>1347.3</ele>
      </trkpt>
      <trkpt lat="44.321268" lon="6.617644">
        <ele>1345.4</ele>
      </trkpt>
      <trkpt lat="44.321331" lon="6.617566">
        <ele>1345.0</ele>
      </trkpt>
      <trkpt lat="44.321617" lon="6.617375">
        <ele>1343.2</ele>
      </trkpt>
      <trkpt lat="44.321822" lon="6.617192">
        <ele>1341.9</ele>
      </trkpt>
      <trkpt lat="44.322361" lon="6.616635">
        <ele>1341.5</ele>
      </trkpt>
      <trkpt lat="44.32241" lon="6.616518">
        <ele>1341.7</ele>
      </trkpt>
      <trkpt lat="44.322292" lon="6.615664">
        <ele>1342.5</ele>
      </trkpt>
      <trkpt lat="44.322317" lon="6.615493">
        <ele>1342.7</ele>
      </trkpt>
      <trkpt lat="44.32253" lon="6.615191">
        <ele>1343.1</ele>
      </trkpt>
      <trkpt lat="44.322711" lon="6.615061">
        <ele>1343.4</ele>
      </trkpt>
      <trkpt lat="44.323276" lon="6.614861">
        <ele>1343.8</ele>
      </trkpt>
      <trkpt lat="44.323467" lon="6.614757">
        <ele>1344.0</ele>
      </trkpt>
      <trkpt lat="44.323864" lon="6.614425">
        <ele>1344.3</ele>
      </trkpt>
      <trkpt lat="44.324242" lon="6.614032">
        <ele>1344.6</ele>
      </trkpt>
      <trkpt lat="44.324377" lon="6.613926">
        <ele>1344.2</ele>
      </trkpt>
      <trkpt lat="44.324588" lon="6.613865">
        <ele>1343.2</ele>
      </trkpt>
      <trkpt lat="44.324671" lon="6.613867">
        <ele>1342.8</ele>
      </trkpt>
      <trkpt lat="44.325645" lon="6.61385">
        <ele>1338.3</ele>
      </trkpt>
      <trkpt lat="44.325996" lon="6.613684">
        <ele>1336.6</ele>
      </trkpt>
      <trkpt lat="44.32617" lon="6.613503">
        <ele>1335.4</ele>
      </trkpt>
      <trkpt lat="44.326222" lon="6.61348">
        <ele>1335.1</ele>
      </trkpt>
      <trkpt lat="44.326286" lon="6.613508">
        <ele>1334.7</ele>
      </trkpt>
      <trkpt lat="44.326443" lon="6.613617">
        <ele>1333.7</ele>
      </trkpt>
      <trkpt lat="44.326729" lon="6.613753">
        <ele>1332.0</ele>
      </trkpt>
      <trkpt lat="44.327061" lon="6.613797">
        <ele>1330.2</ele>
      </trkpt>
      <trkpt lat="44.327274" lon="6.613748">
        <ele>1328.9</ele>
      </trkpt>
      <trkpt lat="44.327488" lon="6.613616">
        <ele>1327.6</ele>
      </trkpt>
      <trkpt lat="44.327752" lon="6.613384">
        <ele>1326.1</ele>
      </trkpt>
      <trkpt lat="44.327927" lon="6.613324">
        <ele>1325.6</ele>
      </trkpt>
      <trkpt lat="44.328019" lon="6.613332">
        <ele>1325.3</ele>
      </trkpt>
      <trkpt lat="44.328358" lon="6.613484">
        <ele>1324.3</ele>
      </trkpt>
      <trkpt lat="44.328625" lon="6.613512">
        <ele>1323.6</ele>
      </trkpt>
      <trkpt lat="44.328823" lon="6.613471">
        <ele>1323.1</ele>
      </trkpt>
      <trkpt lat="44.32906" lon="6.613484">
        <ele>1322.4</ele>
      </trkpt>
      <trkpt lat="44.329384" lon="6.613578">
        <ele>1321.5</ele>
      </trkpt>
      <trkpt lat="44.32991" lon="6.61392">
        <ele>1318.7</ele>
      </trkpt>
      <trkpt lat="44.330231" lon="6.613999">
        <ele>1317.0</ele>
      </trkpt>
      <trkpt lat="44.330467" lon="6.61426">
        <ele>1315.4</ele>
      </trkpt>
      <trkpt lat="44.330547" lon="6.6143">
        <ele>1314.9</ele>
      </trkpt>
      <trkpt lat="44.33075" lon="6.614321">
        <ele>1313.9</ele>
      </trkpt>
      <trkpt lat="44.331223" lon="6.61431">
        <ele>1311.5</ele>
      </trkpt>
      <trkpt lat="44.331314" lon="6.614281">
        <ele>1311.2</ele>
      </trkpt>
      <trkpt lat="44.331448" lon="6.614186">
        <ele>1310.6</ele>
      </trkpt>
      <trkpt lat="44.331806" lon="6.613801">
        <ele>1308.9</ele>
      </trkpt>
      <trkpt lat="44.331931" lon="6.613756">
        <ele>1308.4</ele>
      </trkpt>
      <trkpt lat="44.332035" lon="6.613765">
        <ele>1308.0</ele>
      </trkpt>
      <trkpt lat="44.332662" lon="6.613989">
        <ele>1305.5</ele>
      </trkpt>
      <trkpt lat="44.33289" lon="6.614026">
        <ele>1303.9</ele>
      </trkpt>
      <trkpt lat="44.333182" lon="6.614128">
        <ele>1300.9</ele>
      </trkpt>
      <trkpt lat="44.333284" lon="6.614198">
        <ele>1299.7</ele>
      </trkpt>
      <trkpt lat="44.333336" lon="6.6143">
        <ele>1298.8</ele>
      </trkpt>
      <trkpt lat="44.333347" lon="6.614391">
        <ele>1298.2</ele>
      </trkpt>
      <trkpt lat="44.333385" lon="6.61442">
        <ele>1297.7</ele>
      </trkpt>
      <trkpt lat="44.333616" lon="6.614438">
        <ele>1295.4</ele>
      </trkpt>
      <trkpt lat="44.33368" lon="6.614451">
        <ele>1294.7</ele>
      </trkpt>
      <trkpt lat="44.333722" lon="6.614581">
        <ele>1293.7</ele>
      </trkpt>
      <trkpt lat="44.333815" lon="6.614674">
        <ele>1292.5</ele>
      </trkpt>
      <trkpt lat="44.33418" lon="6.614693">
        <ele>1288.8</ele>
      </trkpt>
      <trkpt lat="44.334346" lon="6.614732">
        <ele>1287.1</ele>
      </trkpt>
      <trkpt lat="44.334491" lon="6.61483">
        <ele>1286.3</ele>
      </trkpt>
      <trkpt lat="44.334598" lon="6.614938">
        <ele>1285.9</ele>
      </trkpt>
      <trkpt lat="44.335199" lon="6.615395">
        <ele>1283.4</ele>
      </trkpt>
      <trkpt lat="44.335554" lon="6.615627">
        <ele>1282.0</ele>
      </trkpt>
      <trkpt lat="44.335694" lon="6.615761">
        <ele>1281.3</ele>
      </trkpt>
      <trkpt lat="44.335958" lon="6.616146">
        <ele>1280.2</ele>
      </trkpt>
      <trkpt lat="44.336058" lon="6.616221">
        <ele>1280.0</ele>
      </trkpt>
      <trkpt lat="44.336168" lon="6.616241">
        <ele>1279.8</ele>
      </trkpt>
      <trkpt lat="44.336752" lon="6.616224">
        <ele>1278.9</ele>
      </trkpt>
      <trkpt lat="44.337357" lon="6.616469">
        <ele>1277.9</ele>
      </trkpt>
      <trkpt lat="44.337778" lon="6.61642">
        <ele>1275.9</ele>
      </trkpt>
      <trkpt lat="44.338301" lon="6.616411">
        <ele>1270.6</ele>
      </trkpt>
      <trkpt lat="44.338539" lon="6.61643">
        <ele>1268.1</ele>
      </trkpt>
      <trkpt lat="44.33867" lon="6.616486">
        <ele>1266.7</ele>
      </trkpt>
      <trkpt lat="44.338754" lon="6.616574">
        <ele>1265.7</ele>
      </trkpt>
      <trkpt lat="44.338787" lon="6.616669">
        <ele>1264.9</ele>
      </trkpt>
      <trkpt lat="44.338791" lon="6.616927">
        <ele>1263.0</ele>
      </trkpt>
      <trkpt lat="44.338819" lon="6.617077">
        <ele>1261.9</ele>
      </trkpt>
      <trkpt lat="44.338864" lon="6.617194">
        <ele>1260.9</ele>
      </trkpt>
      <trkpt lat="44.339009" lon="6.61739">
        <ele>1258.9</ele>
      </trkpt>
      <trkpt lat="44.339135" lon="6.617531">
        <ele>1257.8</ele>
      </trkpt>
      <trkpt lat="44.339773" lon="6.61772">
        <ele>1253.3</ele>
      </trkpt>
      <trkpt lat="44.340125" lon="6.617923">
        <ele>1250.7</ele>
      </trkpt>
      <trkpt lat="44.340392" lon="6.618177">
        <ele>1248.5</ele>
      </trkpt>
      <trkpt lat="44.340543" lon="6.618387">
        <ele>1247.0</ele>
      </trkpt>
      <trkpt lat="44.340641" lon="6.618622">
        <ele>1246.7</ele>
      </trkpt>
      <trkpt lat="44.340688" lon="6.618857">
        <ele>1246.6</ele>
      </trkpt>
      <trkpt lat="44.340758" lon="6.619056">
        <ele>1246.6</ele>
      </trkpt>
      <trkpt lat="44.340863" lon="6.619203">
        <ele>1246.5</ele>
      </trkpt>
      <trkpt lat="44.341207" lon="6.619331">
        <ele>1246.4</ele>
      </trkpt>
      <trkpt lat="44.341915" lon="6.619265">
        <ele>1246.2</ele>
      </trkpt>
      <trkpt lat="44.342541" lon="6.619089">
        <ele>1245.4</ele>
      </trkpt>
      <trkpt lat="44.34312" lon="6.619262">
        <ele>1244.5</ele>
      </trkpt>
      <trkpt lat="44.343369" lon="6.619572">
        <ele>1244.1</ele>
      </trkpt>
      <trkpt lat="44.343552" lon="6.619628">
        <ele>1243.8</ele>
      </trkpt>
      <trkpt lat="44.34409" lon="6.619689">
        <ele>1242.2</ele>
      </trkpt>
      <trkpt lat="44.34424" lon="6.619715">
        <ele>1241.6</ele>
      </trkpt>
      <trkpt lat="44.344355" lon="6.619742">
        <ele>1241.2</ele>
      </trkpt>
      <trkpt lat="44.344909" lon="6.619684">
        <ele>1239.2</ele>
      </trkpt>
      <trkpt lat="44.34518" lon="6.619855">
        <ele>1238.2</ele>
      </trkpt>
      <trkpt lat="44.345267" lon="6.619877">
        <ele>1237.9</ele>
      </trkpt>
      <trkpt lat="44.34552" lon="6.619838">
        <ele>1237.1</ele>
      </trkpt>
      <trkpt lat="44.345731" lon="6.619932">
        <ele>1237.0</ele>
      </trkpt>
      <trkpt lat="44.345913" lon="6.619927">
        <ele>1236.9</ele>
      </trkpt>
      <trkpt lat="44.346119" lon="6.620069">
        <ele>1236.8</ele>
      </trkpt>
      <trkpt lat="44.346463" lon="6.620114">
        <ele>1236.6</ele>
      </trkpt>
      <trkpt lat="44.346625" lon="6.620116">
        <ele>1236.5</ele>
      </trkpt>
      <trkpt lat="44.347197" lon="6.619885">
        <ele>1236.2</ele>
      </trkpt>
      <trkpt lat="44.347467" lon="6.619807">
        <ele>1236.1</ele>
      </trkpt>
      <trkpt lat="44.34852" lon="6.619615">
        <ele>1235.7</ele>
      </trkpt>
      <trkpt lat="44.349184" lon="6.619341">
        <ele>1234.5</ele>
      </trkpt>
      <trkpt lat="44.349615" lon="6.619239">
        <ele>1232.3</ele>
      </trkpt>
      <trkpt lat="44.349771" lon="6.61923">
        <ele>1231.5</ele>
      </trkpt>
      <trkpt lat="44.350061" lon="6.619256">
        <ele>1230.1</ele>
      </trkpt>
      <trkpt lat="44.350347" lon="6.619347">
        <ele>1228.6</ele>
      </trkpt>
      <trkpt lat="44.35061" lon="6.619534">
        <ele>1227.1</ele>
      </trkpt>
      <trkpt lat="44.350902" lon="6.619822">
        <ele>1225.5</ele>
      </trkpt>
      <trkpt lat="44.351038" lon="6.61997">
        <ele>1224.7</ele>
      </trkpt>
      <trkpt lat="44.351324" lon="6.620128">
        <ele>1223.3</ele>
      </trkpt>
      <trkpt lat="44.351826" lon="6.620198">
        <ele>1221.0</ele>
      </trkpt>
      <trkpt lat="44.352195" lon="6.620307">
        <ele>1219.3</ele>
      </trkpt>
      <trkpt lat="44.352443" lon="6.62048">
        <ele>1218.4</ele>
      </trkpt>
      <trkpt lat="44.35273" lon="6.620888">
        <ele>1217.7</ele>
      </trkpt>
      <trkpt lat="44.352928" lon="6.621118">
        <ele>1217.3</ele>
      </trkpt>
      <trkpt lat="44.353164" lon="6.621278">
        <ele>1217.0</ele>
      </trkpt>
      <trkpt lat="44.354351" lon="6.621627">
        <ele>1214.7</ele>
      </trkpt>
      <trkpt lat="44.354565" lon="6.621815">
        <ele>1214.1</ele>
      </trkpt>
      <trkpt lat="44.354827" lon="6.622177">
        <ele>1213.2</ele>
      </trkpt>
      <trkpt lat="44.355018" lon="6.622349">
        <ele>1212.6</ele>
      </trkpt>
      <trkpt lat="44.355122" lon="6.622381">
        <ele>1212.4</ele>
      </trkpt>
      <trkpt lat="44.355675" lon="6.622422">
        <ele>1210.5</ele>
      </trkpt>
      <trkpt lat="44.355923" lon="6.622492">
        <ele>1209.0</ele>
      </trkpt>
      <trkpt lat="44.356384" lon="6.622821">
        <ele>1206.0</ele>
      </trkpt>
      <trkpt lat="44.357193" lon="6.623193">
        <ele>1201.1</ele>
      </trkpt>
      <trkpt lat="44.357613" lon="6.623427">
        <ele>1199.0</ele>
      </trkpt>
      <trkpt lat="44.358555" lon="6.624073">
        <ele>1194.2</ele>
      </trkpt>
      <trkpt lat="44.359249" lon="6.624335">
        <ele>1191.1</ele>
      </trkpt>
      <trkpt lat="44.359648" lon="6.624627">
        <ele>1189.2</ele>
      </trkpt>
      <trkpt lat="44.360182" lon="6.624805">
        <ele>1186.8</ele>
      </trkpt>
      <trkpt lat="44.360352" lon="6.624927">
        <ele>1186.0</ele>
      </trkpt>
      <trkpt lat="44.360443" lon="6.625002">
        <ele>1185.5</ele>
      </trkpt>
      <trkpt lat="44.36048" lon="6.625045">
        <ele>1185.3</ele>
      </trkpt>
      <trkpt lat="44.360707" lon="6.625353">
        <ele>1183.9</ele>
      </trkpt>
      <trkpt lat="44.360809" lon="6.625522">
        <ele>1183.2</ele>
      </trkpt>
      <trkpt lat="44.361119" lon="6.626093">
        <ele>1180.8</ele>
      </trkpt>
      <trkpt lat="44.361226" lon="6.626317">
        <ele>1180.0</ele>
      </trkpt>
      <trkpt lat="44.361388" lon="6.626571">
        <ele>1178.8</ele>
      </trkpt>
      <trkpt lat="44.361561" lon="6.626766">
        <ele>1177.8</ele>
      </trkpt>
      <trkpt lat="44.361782" lon="6.626917">
        <ele>1176.7</ele>
      </trkpt>
      <trkpt lat="44.362316" lon="6.627134">
        <ele>1174.3</ele>
      </trkpt>
      <trkpt lat="44.362904" lon="6.627446">
        <ele>1171.5</ele>
      </trkpt>
      <trkpt lat="44.363508" lon="6.627616">
        <ele>1168.8</ele>
      </trkpt>
      <trkpt lat="44.363564" lon="6.627626">
        <ele>1168.6</ele>
      </trkpt>
      <trkpt lat="44.36363" lon="6.627645">
        <ele>1168.4</ele>
      </trkpt>
      <trkpt lat="44.363738" lon="6.627666">
        <ele>1168.0</ele>
      </trkpt>
      <trkpt lat="44.363889" lon="6.62769">
        <ele>1167.5</ele>
      </trkpt>
      <trkpt lat="44.36444" lon="6.627778">
        <ele>1165.6</ele>
      </trkpt>
      <trkpt lat="44.366648" lon="6.627876">
        <ele>1158.6</ele>
      </trkpt>
      <trkpt lat="44.367931" lon="6.627915">
        <ele>1155.7</ele>
      </trkpt>
      <trkpt lat="44.367999" lon="6.627914">
        <ele>1155.5</ele>
      </trkpt>
      <trkpt lat="44.368023" lon="6.627915">
        <ele>1155.5</ele>
      </trkpt>
      <trkpt lat="44.369858" lon="6.627845">
        <ele>1151.3</ele>
      </trkpt>
      <trkpt lat="44.371454" lon="6.627817">
        <ele>1147.6</ele>
      </trkpt>
      <trkpt lat="44.373929" lon="6.627773">
        <ele>1142.4</ele>
      </trkpt>
      <trkpt lat="44.374816" lon="6.627746">
        <ele>1140.8</ele>
      </trkpt>
      <trkpt lat="44.375477" lon="6.627693">
        <ele>1139.6</ele>
      </trkpt>
      <trkpt lat="44.375609" lon="6.627569">
        <ele>1139.3</ele>
      </trkpt>
      <trkpt lat="44.375663" lon="6.627609">
        <ele>1139.2</ele>
      </trkpt>
      <trkpt lat="44.375786" lon="6.627687">
        <ele>1138.9</ele>
      </trkpt>
      <trkpt lat="44.375892" lon="6.627718">
        <ele>1138.7</ele>
      </trkpt>
      <trkpt lat="44.375957" lon="6.627739">
        <ele>1138.6</ele>
      </trkpt>
      <trkpt lat="44.376368" lon="6.627855">
        <ele>1137.8</ele>
      </trkpt>
      <trkpt lat="44.376503" lon="6.627894">
        <ele>1137.5</ele>
      </trkpt>
      <trkpt lat="44.376667" lon="6.627942">
        <ele>1137.2</ele>
      </trkpt>
      <trkpt lat="44.376872" lon="6.628001">
        <ele>1136.7</ele>
      </trkpt>
      <trkpt lat="44.376995" lon="6.628037">
        <ele>1136.5</ele>
      </trkpt>
      <trkpt lat="44.377817" lon="6.62824">
        <ele>1134.8</ele>
      </trkpt>
      <trkpt lat="44.378166" lon="6.628319">
        <ele>1134.1</ele>
      </trkpt>
      <trkpt lat="44.378479" lon="6.628391">
        <ele>1133.5</ele>
      </trkpt>
      <trkpt lat="44.378807" lon="6.628503">
        <ele>1132.8</ele>
      </trkpt>
      <trkpt lat="44.379181" lon="6.628678">
        <ele>1132.0</ele>
      </trkpt>
      <trkpt lat="44.379303" lon="6.628742">
        <ele>1131.8</ele>
      </trkpt>
      <trkpt lat="44.380507" lon="6.629428">
        <ele>1128.6</ele>
      </trkpt>
      <trkpt lat="44.380783" lon="6.629628">
        <ele>1127.8</ele>
      </trkpt>
      <trkpt lat="44.381628" lon="6.630591">
        <ele>1125.8</ele>
      </trkpt>
      <trkpt lat="44.38163" lon="6.63059">
        <ele>1128.2</ele>
      </trkpt>
      <trkpt lat="44.38203" lon="6.63111">
        <ele>1128.1</ele>
      </trkpt>
      <trkpt lat="44.38216" lon="6.63138">
        <ele>1128.9</ele>
      </trkpt>
      <trkpt lat="44.38233" lon="6.63196">
        <ele>1129.6</ele>
      </trkpt>
      <trkpt lat="44.38251" lon="6.63254">
        <ele>1127.8</ele>
      </trkpt>
      <trkpt lat="44.38276" lon="6.63344">
        <ele>1124.1</ele>
      </trkpt>
      <trkpt lat="44.38283" lon="6.63377">
        <ele>1124.6</ele>
      </trkpt>
      <trkpt lat="44.38288" lon="6.63405">
        <ele>1124.9</ele>
      </trkpt>
      <trkpt lat="44.38294" lon="6.63469">
        <ele>1126.6</ele>
      </trkpt>
      <trkpt lat="44.38297" lon="6.63556">
        <ele>1128.0</ele>
      </trkpt>
      <trkpt lat="44.38301" lon="6.63643">
        <ele>1128.0</ele>
      </trkpt>
      <trkpt lat="44.38304" lon="6.63674">
        <ele>1127.8</ele>
      </trkpt>
      <trkpt lat="44.38317" lon="6.63767">
        <ele>1127.8</ele>
      </trkpt>
      <trkpt lat="44.3833" lon="6.63859">
        <ele>1127.5</ele>
      </trkpt>
      <trkpt lat="44.38343" lon="6.63951">
        <ele>1125.2</ele>
      </trkpt>
      <trkpt lat="44.38356" lon="6.64033">
        <ele>1125.6</ele>
      </trkpt>
      <trkpt lat="44.38369" lon="6.64114">
        <ele>1128.0</ele>
      </trkpt>
      <trkpt lat="44.38384" lon="6.6423">
        <ele>1129.5</ele>
      </trkpt>
      <trkpt lat="44.384" lon="6.64346">
        <ele>1130.8</ele>
      </trkpt>
      <trkpt lat="44.38412" lon="6.64416">
        <ele>1130.9</ele>
      </trkpt>
      <trkpt lat="44.38428" lon="6.64522">
        <ele>1131.0</ele>
      </trkpt>
      <trkpt lat="44.38444" lon="6.64638">
        <ele>1132.3</ele>
      </trkpt>
      <trkpt lat="44.38453" lon="6.64724">
        <ele>1133.4</ele>
      </trkpt>
      <trkpt lat="44.38453" lon="6.64724">
        <ele>1133.4</ele>
      </trkpt>
      <trkpt lat="44.38453" lon="6.64747">
        <ele>1133.4</ele>
      </trkpt>
      <trkpt lat="44.38451" lon="6.64777">
        <ele>1134.2</ele>
      </trkpt>
      <trkpt lat="44.38444" lon="6.64817">
        <ele>1135.5</ele>
      </trkpt>
      <trkpt lat="44.38445" lon="6.64828">
        <ele>1135.8</ele>
      </trkpt>
      <trkpt lat="44.38448" lon="6.64837">
        <ele>1135.7</ele>
      </trkpt>
      <trkpt lat="44.38453" lon="6.64845">
        <ele>1135.7</ele>
      </trkpt>
      <trkpt lat="44.38458" lon="6.6485">
        <ele>1135.7</ele>
      </trkpt>
      <trkpt lat="44.38485" lon="6.64865">
        <ele>1135.6</ele>
      </trkpt>
      <trkpt lat="44.38489" lon="6.64866">
        <ele>1135.6</ele>
      </trkpt>
      <trkpt lat="44.3849" lon="6.64874">
        <ele>1135.6</ele>
      </trkpt>
      <trkpt lat="44.38492" lon="6.64877">
        <ele>1135.6</ele>
      </trkpt>
      <trkpt lat="44.38498" lon="6.64877">
        <ele>1135.6</ele>
      </trkpt>
      <trkpt lat="44.385" lon="6.64875">
        <ele>1135.5</ele>
      </trkpt>
      <trkpt lat="44.38502" lon="6.64867">
        <ele>1135.2</ele>
      </trkpt>
      <trkpt lat="44.38499" lon="6.64861">
        <ele>1135.0</ele>
      </trkpt>
      <trkpt lat="44.38496" lon="6.64859">
        <ele>1135.0</ele>
      </trkpt>
      <trkpt lat="44.38497" lon="6.6485">
        <ele>1134.7</ele>
      </trkpt>
      <trkpt lat="44.38521" lon="6.64752">
        <ele>1134.0</ele>
      </trkpt>
      <trkpt lat="44.38544" lon="6.64654">
        <ele>1133.9</ele>
      </trkpt>
      <trkpt lat="44.38558" lon="6.64586">
        <ele>1133.7</ele>
      </trkpt>
      <trkpt lat="44.38575" lon="6.6449">
        <ele>1132.1</ele>
      </trkpt>
      <trkpt lat="44.38592" lon="6.64393">
        <ele>1132.1</ele>
      </trkpt>
      <trkpt lat="44.38609" lon="6.64296">
        <ele>1132.2</ele>
      </trkpt>
      <trkpt lat="44.38612" lon="6.6429">
        <ele>1132.2</ele>
      </trkpt>
      <trkpt lat="44.3862" lon="6.64281">
        <ele>1132.1</ele>
      </trkpt>
      <trkpt lat="44.38627" lon="6.64279">
        <ele>1132.0</ele>
      </trkpt>
      <trkpt lat="44.3863" lon="6.64275">
        <ele>1131.9</ele>
      </trkpt>
      <trkpt lat="44.3863" lon="6.64269">
        <ele>1131.9</ele>
      </trkpt>
      <trkpt lat="44.38629" lon="6.64263">
        <ele>1131.9</ele>
      </trkpt>
      <trkpt lat="44.38628" lon="6.64181">
        <ele>1131.1</ele>
      </trkpt>
      <trkpt lat="44.3863" lon="6.64098">
        <ele>1133.2</ele>
      </trkpt>
      <trkpt lat="44.38632" lon="6.64015">
        <ele>1132.9</ele>
      </trkpt>
      <trkpt lat="44.38631" lon="6.6391">
        <ele>1131.2</ele>
      </trkpt>
      <trkpt lat="44.3863" lon="6.63805">
        <ele>1131.3</ele>
      </trkpt>
      <trkpt lat="44.38629" lon="6.63701">
        <ele>1130.0</ele>
      </trkpt>
      <trkpt lat="44.38628" lon="6.63596">
        <ele>1128.7</ele>
      </trkpt>
      <trkpt lat="44.38628" lon="6.63506">
        <ele>1128.9</ele>
      </trkpt>
      <trkpt lat="44.38628" lon="6.63416">
        <ele>1129.0</ele>
      </trkpt>
      <trkpt lat="44.38628" lon="6.63326">
        <ele>1128.5</ele>
      </trkpt>
      <trkpt lat="44.38628" lon="6.63312">
        <ele>1128.5</ele>
      </trkpt>
      <trkpt lat="44.38629" lon="6.63214">
        <ele>1128.1</ele>
      </trkpt>
      <trkpt lat="44.38629" lon="6.63116">
        <ele>1128.9</ele>
      </trkpt>
      <trkpt lat="44.3863" lon="6.63018">
        <ele>1126.7</ele>
      </trkpt>
      <trkpt lat="44.38639" lon="6.62961">
        <ele>1126.5</ele>
      </trkpt>
      <trkpt lat="44.38643" lon="6.62951">
        <ele>1126.6</ele>
      </trkpt>
      <trkpt lat="44.38648" lon="6.62944">
        <ele>1126.7</ele>
      </trkpt>
      <trkpt lat="44.38653" lon="6.62938">
        <ele>1126.7</ele>
      </trkpt>
      <trkpt lat="44.38655" lon="6.62927">
        <ele>1126.9</ele>
      </trkpt>
      <trkpt lat="44.38641" lon="6.62889">
        <ele>1127.6</ele>
      </trkpt>
      <trkpt lat="44.3863" lon="6.62821">
        <ele>1128.6</ele>
      </trkpt>
      <trkpt lat="44.38629" lon="6.62721">
        <ele>1128.6</ele>
      </trkpt>
      <trkpt lat="44.38629" lon="6.62701">
        <ele>1128.6</ele>
      </trkpt>
      <trkpt lat="44.38629" lon="6.62609">
        <ele>1128.7</ele>
      </trkpt>
      <trkpt lat="44.38629" lon="6.62517">
        <ele>1126.8</ele>
      </trkpt>
      <trkpt lat="44.38629" lon="6.62425">
        <ele>1124.4</ele>
      </trkpt>
      <trkpt lat="44.38629" lon="6.62425">
        <ele>1124.4</ele>
      </trkpt>
      <trkpt lat="44.38629" lon="6.62425">
        <ele>1124.4</ele>
      </trkpt>
      <trkpt lat="44.38629" lon="6.62315">
        <ele>1122.0</ele>
      </trkpt>
      <trkpt lat="44.38629" lon="6.62204">
        <ele>1122.2</ele>
      </trkpt>
      <trkpt lat="44.38629" lon="6.62094">
        <ele>1120.9</ele>
      </trkpt>
      <trkpt lat="44.38629" lon="6.61983">
        <ele>1119.3</ele>
      </trkpt>
      <trkpt lat="44.38629" lon="6.61895">
        <ele>1118.1</ele>
      </trkpt>
      <trkpt lat="44.38629" lon="6.61807">
        <ele>1118.4</ele>
      </trkpt>
      <trkpt lat="44.3863" lon="6.61719">
        <ele>1118.7</ele>
      </trkpt>
      <trkpt lat="44.3863" lon="6.61719">
        <ele>1118.7</ele>
      </trkpt>
      <trkpt lat="44.3863" lon="6.61652">
        <ele>1118.0</ele>
      </trkpt>
      <trkpt lat="44.38628" lon="6.61534">
        <ele>1119.6</ele>
      </trkpt>
      <trkpt lat="44.38624" lon="6.61496">
        <ele>1120.0</ele>
      </trkpt>
      <trkpt lat="44.38603" lon="6.61402">
        <ele>1120.0</ele>
      </trkpt>
      <trkpt lat="44.38586" lon="6.61328">
        <ele>1120.4</ele>
      </trkpt>
      <trkpt lat="44.38569" lon="6.61255">
        <ele>1122.9</ele>
      </trkpt>
      <trkpt lat="44.38564" lon="6.61228">
        <ele>1123.3</ele>
      </trkpt>
      <trkpt lat="44.38561" lon="6.61201">
        <ele>1123.7</ele>
      </trkpt>
      <trkpt lat="44.38557" lon="6.61162">
        <ele>1124.0</ele>
      </trkpt>
      <trkpt lat="44.38547" lon="6.61043">
        <ele>1123.1</ele>
      </trkpt>
      <trkpt lat="44.38542" lon="6.60978">
        <ele>1123.8</ele>
      </trkpt>
      <trkpt lat="44.38538" lon="6.60913">
        <ele>1124.0</ele>
      </trkpt>
      <trkpt lat="44.38535" lon="6.6089">
        <ele>1123.3</ele>
      </trkpt>
      <trkpt lat="44.38535" lon="6.6083">
        <ele>1122.4</ele>
      </trkpt>
      <trkpt lat="44.38537" lon="6.60784">
        <ele>1122.9</ele>
      </trkpt>
      <trkpt lat="44.38541" lon="6.6073">
        <ele>1123.0</ele>
      </trkpt>
      <trkpt lat="44.38546" lon="6.60681">
        <ele>1122.2</ele>
      </trkpt>
      <trkpt lat="44.38553" lon="6.60629">
        <ele>1121.9</ele>
      </trkpt>
      <trkpt lat="44.38561" lon="6.60577">
        <ele>1121.6</ele>
      </trkpt>
      <trkpt lat="44.38573" lon="6.60516">
        <ele>1121.7</ele>
      </trkpt>
      <trkpt lat="44.38583" lon="6.60474">
        <ele>1121.4</ele>
      </trkpt>
      <trkpt lat="44.38603" lon="6.60403">
        <ele>1121.1</ele>
      </trkpt>
      <trkpt lat="44.38631" lon="6.60308">
        <ele>1119.9</ele>
      </trkpt>
      <trkpt lat="44.38659" lon="6.60212">
        <ele>1119.2</ele>
      </trkpt>
      <trkpt lat="44.38688" lon="6.60117">
        <ele>1117.8</ele>
      </trkpt>
      <trkpt lat="44.38696" lon="6.6009">
        <ele>1117.4</ele>
      </trkpt>
      <trkpt lat="44.38724" lon="6.59994">
        <ele>1116.1</ele>
      </trkpt>
      <trkpt lat="44.38753" lon="6.59898">
        <ele>1116.7</ele>
      </trkpt>
      <trkpt lat="44.38758" lon="6.59879">
        <ele>1116.8</ele>
      </trkpt>
      <trkpt lat="44.38789" lon="6.59775">
        <ele>1117.5</ele>
      </trkpt>
      <trkpt lat="44.3882" lon="6.59672">
        <ele>1115.8</ele>
      </trkpt>
      <trkpt lat="44.38846" lon="6.59588">
        <ele>1114.4</ele>
      </trkpt>
      <trkpt lat="44.38851" lon="6.59573">
        <ele>1114.1</ele>
      </trkpt>
      <trkpt lat="44.38861" lon="6.59547">
        <ele>1113.6</ele>
      </trkpt>
      <trkpt lat="44.38895" lon="6.59461">
        <ele>1112.2</ele>
      </trkpt>
      <trkpt lat="44.38929" lon="6.59376">
        <ele>1111.1</ele>
      </trkpt>
      <trkpt lat="44.38963" lon="6.5929">
        <ele>1109.1</ele>
      </trkpt>
      <trkpt lat="44.38996" lon="6.59205">
        <ele>1106.7</ele>
      </trkpt>
      <trkpt lat="44.39021" lon="6.59144">
        <ele>1105.2</ele>
      </trkpt>
      <trkpt lat="44.39045" lon="6.59082">
        <ele>1104.6</ele>
      </trkpt>
      <trkpt lat="44.39066" lon="6.59023">
        <ele>1104.4</ele>
      </trkpt>
      <trkpt lat="44.39073" lon="6.58994">
        <ele>1104.1</ele>
      </trkpt>
      <trkpt lat="44.39075" lon="6.58973">
        <ele>1104.3</ele>
      </trkpt>
      <trkpt lat="44.39078" lon="6.5893">
        <ele>1104.7</ele>
      </trkpt>
      <trkpt lat="44.39078" lon="6.58908">
        <ele>1104.8</ele>
      </trkpt>
      <trkpt lat="44.39078" lon="6.58908">
        <ele>1104.8</ele>
      </trkpt>
      <trkpt lat="44.39071" lon="6.58839">
        <ele>1103.8</ele>
      </trkpt>
      <trkpt lat="44.39064" lon="6.58796">
        <ele>1104.9</ele>
      </trkpt>
      <trkpt lat="44.39043" lon="6.58712">
        <ele>1107.1</ele>
      </trkpt>
      <trkpt lat="44.39043" lon="6.58712">
        <ele>1107.1</ele>
      </trkpt>
      <trkpt lat="44.39043" lon="6.58712">
        <ele>1107.1</ele>
      </trkpt>
      <trkpt lat="44.39031" lon="6.58663">
        <ele>1109.0</ele>
      </trkpt>
      <trkpt lat="44.39017" lon="6.58616">
        <ele>1110.2</ele>
      </trkpt>
      <trkpt lat="44.39011" lon="6.58589">
        <ele>1110.8</ele>
      </trkpt>
      <trkpt lat="44.39006" lon="6.58565">
        <ele>1110.8</ele>
      </trkpt>
      <trkpt lat="44.39002" lon="6.5854">
        <ele>1110.7</ele>
      </trkpt>
      <trkpt lat="44.38994" lon="6.58452">
        <ele>1110.2</ele>
      </trkpt>
      <trkpt lat="44.38993" lon="6.58447">
        <ele>1110.2</ele>
      </trkpt>
      <trkpt lat="44.38991" lon="6.58424">
        <ele>1110.1</ele>
      </trkpt>
      <trkpt lat="44.38989" lon="6.58386">
        <ele>1110.0</ele>
      </trkpt>
      <trkpt lat="44.38993" lon="6.58303">
        <ele>1110.5</ele>
      </trkpt>
      <trkpt lat="44.38999" lon="6.58205">
        <ele>1110.9</ele>
      </trkpt>
      <trkpt lat="44.39002" lon="6.58172">
        <ele>1111.3</ele>
      </trkpt>
      <trkpt lat="44.39006" lon="6.58144">
        <ele>1111.5</ele>
      </trkpt>
      <trkpt lat="44.39012" lon="6.58123">
        <ele>1111.9</ele>
      </trkpt>
      <trkpt lat="44.3902" lon="6.58101">
        <ele>1112.5</ele>
      </trkpt>
      <trkpt lat="44.3903" lon="6.58083">
        <ele>1113.2</ele>
      </trkpt>
      <trkpt lat="44.39073" lon="6.58006">
        <ele>1111.8</ele>
      </trkpt>
      <trkpt lat="44.39116" lon="6.57929">
        <ele>1107.2</ele>
      </trkpt>
      <trkpt lat="44.39156" lon="6.57852">
        <ele>1105.2</ele>
      </trkpt>
      <trkpt lat="44.39207" lon="6.57749">
        <ele>1103.9</ele>
      </trkpt>
      <trkpt lat="44.39246" lon="6.57667">
        <ele>1100.9</ele>
      </trkpt>
      <trkpt lat="44.39284" lon="6.57586">
        <ele>1103.6</ele>
      </trkpt>
      <trkpt lat="44.39292" lon="6.57565">
        <ele>1104.1</ele>
      </trkpt>
      <trkpt lat="44.393" lon="6.57537">
        <ele>1104.3</ele>
      </trkpt>
      <trkpt lat="44.39307" lon="6.57506">
        <ele>1104.0</ele>
      </trkpt>
      <trkpt lat="44.39319" lon="6.57428">
        <ele>1105.8</ele>
      </trkpt>
      <trkpt lat="44.3931" lon="6.57425">
        <ele>1105.2</ele>
      </trkpt>
      <trkpt lat="44.39305" lon="6.5742">
        <ele>1104.9</ele>
      </trkpt>
      <trkpt lat="44.39302" lon="6.57413">
        <ele>1104.7</ele>
      </trkpt>
      <trkpt lat="44.393" lon="6.57405">
        <ele>1104.5</ele>
      </trkpt>
      <trkpt lat="44.39302" lon="6.57371">
        <ele>1104.2</ele>
      </trkpt>
      <trkpt lat="44.39302" lon="6.57342">
        <ele>1103.8</ele>
      </trkpt>
      <trkpt lat="44.39298" lon="6.57297">
        <ele>1103.0</ele>
      </trkpt>
      <trkpt lat="44.39293" lon="6.57267">
        <ele>1102.3</ele>
      </trkpt>
      <trkpt lat="44.39289" lon="6.57254">
        <ele>1101.9</ele>
      </trkpt>
      <trkpt lat="44.39282" lon="6.57235">
        <ele>1101.6</ele>
      </trkpt>
      <trkpt lat="44.39255" lon="6.57185">
        <ele>1100.2</ele>
      </trkpt>
      <trkpt lat="44.39237" lon="6.57157">
        <ele>1099.6</ele>
      </trkpt>
      <trkpt lat="44.39233" lon="6.57149">
        <ele>1099.6</ele>
      </trkpt>
      <trkpt lat="44.39225" lon="6.57137">
        <ele>1099.3</ele>
      </trkpt>
      <trkpt lat="44.39203" lon="6.57128">
        <ele>1099.0</ele>
      </trkpt>
      <trkpt lat="44.39157" lon="6.57112">
        <ele>1098.6</ele>
      </trkpt>
      <trkpt lat="44.39153" lon="6.57105">
        <ele>1098.5</ele>
      </trkpt>
      <trkpt lat="44.39161" lon="6.5707">
        <ele>1098.3</ele>
      </trkpt>
      <trkpt lat="44.3916" lon="6.5705">
        <ele>1098.1</ele>
      </trkpt>
      <trkpt lat="44.39156" lon="6.57023">
        <ele>1098.4</ele>
      </trkpt>
      <trkpt lat="44.3912" lon="6.56929">
        <ele>1099.6</ele>
      </trkpt>
      <trkpt lat="44.39084" lon="6.56835">
        <ele>1096.1</ele>
      </trkpt>
      <trkpt lat="44.39043" lon="6.56779">
        <ele>1098.1</ele>
      </trkpt>
      <trkpt lat="44.39002" lon="6.56724">
        <ele>1097.0</ele>
      </trkpt>
      <trkpt lat="44.38999" lon="6.56663">
        <ele>1093.2</ele>
      </trkpt>
      <trkpt lat="44.3903" lon="6.56599">
        <ele>1090.2</ele>
      </trkpt>
      <trkpt lat="44.39046" lon="6.56523">
        <ele>1089.7</ele>
      </trkpt>
      <trkpt lat="44.39063" lon="6.56447">
        <ele>1086.9</ele>
      </trkpt>
      <trkpt lat="44.39061" lon="6.56439">
        <ele>1086.7</ele>
      </trkpt>
      <trkpt lat="44.39069" lon="6.56416">
        <ele>1085.2</ele>
      </trkpt>
      <trkpt lat="44.39069" lon="6.56414">
        <ele>1085.2</ele>
      </trkpt>
      <trkpt lat="44.39066" lon="6.56412">
        <ele>1085.4</ele>
      </trkpt>
      <trkpt lat="44.3906" lon="6.56411">
        <ele>1085.9</ele>
      </trkpt>
      <trkpt lat="44.39056" lon="6.56413">
        <ele>1085.9</ele>
      </trkpt>
      <trkpt lat="44.39052" lon="6.5639">
        <ele>1085.9</ele>
      </trkpt>
      <trkpt lat="44.39051" lon="6.56377">
        <ele>1086.0</ele>
      </trkpt>
      <trkpt lat="44.3905" lon="6.56359">
        <ele>1086.0</ele>
      </trkpt>
      <trkpt lat="44.39054" lon="6.56316">
        <ele>1086.2</ele>
      </trkpt>
      <trkpt lat="44.39073" lon="6.5629">
        <ele>1084.4</ele>
      </trkpt>
      <trkpt lat="44.39078" lon="6.56264">
        <ele>1084.2</ele>
      </trkpt>
      <trkpt lat="44.39081" lon="6.56144">
        <ele>1082.3</ele>
      </trkpt>
      <trkpt lat="44.39086" lon="6.56087">
        <ele>1080.1</ele>
      </trkpt>
      <trkpt lat="44.39087" lon="6.56021">
        <ele>1080.5</ele>
      </trkpt>
      <trkpt lat="44.39088" lon="6.55995">
        <ele>1080.5</ele>
      </trkpt>
      <trkpt lat="44.39084" lon="6.55965">
        <ele>1080.1</ele>
      </trkpt>
      <trkpt lat="44.39071" lon="6.55918">
        <ele>1079.9</ele>
      </trkpt>
      <trkpt lat="44.39059" lon="6.55843">
        <ele>1080.2</ele>
      </trkpt>
      <trkpt lat="44.39062" lon="6.55785">
        <ele>1079.8</ele>
      </trkpt>
      <trkpt lat="44.39079" lon="6.55734">
        <ele>1073.7</ele>
      </trkpt>
      <trkpt lat="44.39102" lon="6.557">
        <ele>1072.0</ele>
      </trkpt>
      <trkpt lat="44.39122" lon="6.5564">
        <ele>1072.1</ele>
      </trkpt>
      <trkpt lat="44.3912" lon="6.55613">
        <ele>1072.6</ele>
      </trkpt>
      <trkpt lat="44.39107" lon="6.55564">
        <ele>1074.7</ele>
      </trkpt>
      <trkpt lat="44.39097" lon="6.55507">
        <ele>1078.2</ele>
      </trkpt>
      <trkpt lat="44.39096" lon="6.55474">
        <ele>1081.7</ele>
      </trkpt>
      <trkpt lat="44.39102" lon="6.55433">
        <ele>1085.4</ele>
      </trkpt>
      <trkpt lat="44.39126" lon="6.55383">
        <ele>1085.3</ele>
      </trkpt>
      <trkpt lat="44.39139" lon="6.55321">
        <ele>1084.9</ele>
      </trkpt>
      <trkpt lat="44.39143" lon="6.55214">
        <ele>1081.8</ele>
      </trkpt>
      <trkpt lat="44.39167" lon="6.55116">
        <ele>1081.4</ele>
      </trkpt>
      <trkpt lat="44.39197" lon="6.55052">
        <ele>1082.0</ele>
      </trkpt>
      <trkpt lat="44.39227" lon="6.54989">
        <ele>1079.6</ele>
      </trkpt>
      <trkpt lat="44.39261" lon="6.54927">
        <ele>1080.4</ele>
      </trkpt>
      <trkpt lat="44.39271" lon="6.54895">
        <ele>1083.1</ele>
      </trkpt>
      <trkpt lat="44.39289" lon="6.54793">
        <ele>1089.4</ele>
      </trkpt>
      <trkpt lat="44.39307" lon="6.54716">
        <ele>1088.6</ele>
      </trkpt>
      <trkpt lat="44.3931" lon="6.5469">
        <ele>1089.6</ele>
      </trkpt>
      <trkpt lat="44.3931" lon="6.5469">
        <ele>1089.6</ele>
      </trkpt>
      <trkpt lat="44.39312" lon="6.54678">
        <ele>1089.7</ele>
      </trkpt>
      <trkpt lat="44.39315" lon="6.54663">
        <ele>1089.5</ele>
      </trkpt>
      <trkpt lat="44.39333" lon="6.54628">
        <ele>1083.9</ele>
      </trkpt>
      <trkpt lat="44.39344" lon="6.5461">
        <ele>1083.4</ele>
      </trkpt>
      <trkpt lat="44.39348" lon="6.54599">
        <ele>1083.7</ele>
      </trkpt>
      <trkpt lat="44.39383" lon="6.54559">
        <ele>1082.8</ele>
      </trkpt>
      <trkpt lat="44.39422" lon="6.54517">
        <ele>1081.0</ele>
      </trkpt>
      <trkpt lat="44.39459" lon="6.54481">
        <ele>1076.7</ele>
      </trkpt>
      <trkpt lat="44.39504" lon="6.54375">
        <ele>1080.4</ele>
      </trkpt>
      <trkpt lat="44.39521" lon="6.54326">
        <ele>1084.2</ele>
      </trkpt>
      <trkpt lat="44.3954" lon="6.54266">
        <ele>1085.5</ele>
      </trkpt>
      <trkpt lat="44.39556" lon="6.54176">
        <ele>1092.5</ele>
      </trkpt>
      <trkpt lat="44.39603" lon="6.5412">
        <ele>1087.8</ele>
      </trkpt>
      <trkpt lat="44.39646" lon="6.54065">
        <ele>1075.9</ele>
      </trkpt>
      <trkpt lat="44.3965" lon="6.54029">
        <ele>1076.4</ele>
      </trkpt>
      <trkpt lat="44.39638" lon="6.54008">
        <ele>1086.2</ele>
      </trkpt>
      <trkpt lat="44.39626" lon="6.53984">
        <ele>1094.5</ele>
      </trkpt>
      <trkpt lat="44.39617" lon="6.53891">
        <ele>1094.5</ele>
      </trkpt>
      <trkpt lat="44.39626" lon="6.5383">
        <ele>1082.7</ele>
      </trkpt>
      <trkpt lat="44.39622" lon="6.53788">
        <ele>1081.8</ele>
      </trkpt>
      <trkpt lat="44.39601" lon="6.53692">
        <ele>1084.6</ele>
      </trkpt>
      <trkpt lat="44.396" lon="6.53655">
        <ele>1082.4</ele>
      </trkpt>
      <trkpt lat="44.39586" lon="6.53625">
        <ele>1086.5</ele>
      </trkpt>
      <trkpt lat="44.39577" lon="6.53573">
        <ele>1088.6</ele>
      </trkpt>
      <trkpt lat="44.39553" lon="6.53519">
        <ele>1099.7</ele>
      </trkpt>
      <trkpt lat="44.39549" lon="6.53483">
        <ele>1100.4</ele>
      </trkpt>
      <trkpt lat="44.3954" lon="6.53444">
        <ele>1105.1</ele>
      </trkpt>
      <trkpt lat="44.39551" lon="6.53388">
        <ele>1102.3</ele>
      </trkpt>
      <trkpt lat="44.39545" lon="6.53336">
        <ele>1113.5</ele>
      </trkpt>
      <trkpt lat="44.39562" lon="6.53258">
        <ele>1111.5</ele>
      </trkpt>
      <trkpt lat="44.39579" lon="6.53227">
        <ele>1102.7</ele>
      </trkpt>
      <trkpt lat="44.39576" lon="6.532">
        <ele>1110.9</ele>
      </trkpt>
      <trkpt lat="44.39574" lon="6.53172">
        <ele>1118.5</ele>
      </trkpt>
      <trkpt lat="44.39578" lon="6.53157">
        <ele>1119.2</ele>
      </trkpt>
      <trkpt lat="44.39587" lon="6.53143">
        <ele>1116.5</ele>
      </trkpt>
      <trkpt lat="44.39598" lon="6.53131">
        <ele>1112.0</ele>
      </trkpt>
      <trkpt lat="44.3961" lon="6.53104">
        <ele>1109.5</ele>
      </trkpt>
      <trkpt lat="44.39612" lon="6.53062">
        <ele>1116.6</ele>
      </trkpt>
      <trkpt lat="44.39629" lon="6.52987">
        <ele>1116.7</ele>
      </trkpt>
      <trkpt lat="44.39658" lon="6.529">
        <ele>1115.2</ele>
      </trkpt>
      <trkpt lat="44.39696" lon="6.52827">
        <ele>1109.6</ele>
      </trkpt>
      <trkpt lat="44.39725" lon="6.52785">
        <ele>1097.8</ele>
      </trkpt>
      <trkpt lat="44.39739" lon="6.52751">
        <ele>1093.9</ele>
      </trkpt>
      <trkpt lat="44.39744" lon="6.52721">
        <ele>1091.2</ele>
      </trkpt>
      <trkpt lat="44.39737" lon="6.52687">
        <ele>1096.6</ele>
      </trkpt>
      <trkpt lat="44.39731" lon="6.52652">
        <ele>1101.9</ele>
      </trkpt>
      <trkpt lat="44.39734" lon="6.52638">
        <ele>1101.3</ele>
      </trkpt>
      <trkpt lat="44.39734" lon="6.52638">
        <ele>1101.3</ele>
      </trkpt>
      <trkpt lat="44.3974" lon="6.52634">
        <ele>1098.3</ele>
      </trkpt>
      <trkpt lat="44.39751" lon="6.52633">
        <ele>1092.2</ele>
      </trkpt>
      <trkpt lat="44.3976" lon="6.52624">
        <ele>1089.7</ele>
      </trkpt>
      <trkpt lat="44.39777" lon="6.52567">
        <ele>1090.5</ele>
      </trkpt>
      <trkpt lat="44.39782" lon="6.52547">
        <ele>1092.4</ele>
      </trkpt>
      <trkpt lat="44.39809" lon="6.52469">
        <ele>1084.4</ele>
      </trkpt>
      <trkpt lat="44.39813" lon="6.52432">
        <ele>1080.3</ele>
      </trkpt>
      <trkpt lat="44.39812" lon="6.52405">
        <ele>1080.3</ele>
      </trkpt>
      <trkpt lat="44.39809" lon="6.52388">
        <ele>1082.2</ele>
      </trkpt>
      <trkpt lat="44.39799" lon="6.52365">
        <ele>1089.1</ele>
      </trkpt>
      <trkpt lat="44.39798" lon="6.52344">
        <ele>1088.9</ele>
      </trkpt>
      <trkpt lat="44.39806" lon="6.5232">
        <ele>1083.2</ele>
      </trkpt>
      <trkpt lat="44.39816" lon="6.5228">
        <ele>1077.5</ele>
      </trkpt>
      <trkpt lat="44.39813" lon="6.52249">
        <ele>1080.9</ele>
      </trkpt>
      <trkpt lat="44.3982" lon="6.52222">
        <ele>1076.4</ele>
      </trkpt>
      <trkpt lat="44.39851" lon="6.52161">
        <ele>1062.9</ele>
      </trkpt>
      <trkpt lat="44.39854" lon="6.52103">
        <ele>1068.9</ele>
      </trkpt>
      <trkpt lat="44.39866" lon="6.52062">
        <ele>1067.8</ele>
      </trkpt>
      <trkpt lat="44.39877" lon="6.52001">
        <ele>1067.4</ele>
      </trkpt>
      <trkpt lat="44.39875" lon="6.51954">
        <ele>1070.6</ele>
      </trkpt>
      <trkpt lat="44.3988" lon="6.51913">
        <ele>1068.7</ele>
      </trkpt>
      <trkpt lat="44.39884" lon="6.51859">
        <ele>1072.1</ele>
      </trkpt>
      <trkpt lat="44.3989" lon="6.5183">
        <ele>1070.7</ele>
      </trkpt>
      <trkpt lat="44.399" lon="6.51778">
        <ele>1066.8</ele>
      </trkpt>
      <trkpt lat="44.39897" lon="6.51736">
        <ele>1072.2</ele>
      </trkpt>
      <trkpt lat="44.39901" lon="6.51712">
        <ele>1070.7</ele>
      </trkpt>
      <trkpt lat="44.39921" lon="6.51638">
        <ele>1066.0</ele>
      </trkpt>
      <trkpt lat="44.39939" lon="6.5159">
        <ele>1065.9</ele>
      </trkpt>
      <trkpt lat="44.39958" lon="6.51509">
        <ele>1068.8</ele>
      </trkpt>
      <trkpt lat="44.3998" lon="6.51441">
        <ele>1060.8</ele>
      </trkpt>
      <trkpt lat="44.40004" lon="6.51376">
        <ele>1048.3</ele>
      </trkpt>
      <trkpt lat="44.4002" lon="6.51311">
        <ele>1048.4</ele>
      </trkpt>
      <trkpt lat="44.40016" lon="6.51258">
        <ele>1051.1</ele>
      </trkpt>
      <trkpt lat="44.40013" lon="6.51239">
        <ele>1050.4</ele>
      </trkpt>
      <trkpt lat="44.40021" lon="6.51217">
        <ele>1044.9</ele>
      </trkpt>
      <trkpt lat="44.40022" lon="6.5121">
        <ele>1043.7</ele>
      </trkpt>
      <trkpt lat="44.40013" lon="6.51198">
        <ele>1043.3</ele>
      </trkpt>
      <trkpt lat="44.39994" lon="6.5114">
        <ele>1041.3</ele>
      </trkpt>
      <trkpt lat="44.39972" lon="6.51111">
        <ele>1055.3</ele>
      </trkpt>
      <trkpt lat="44.39951" lon="6.5106">
        <ele>1060.7</ele>
      </trkpt>
      <trkpt lat="44.39937" lon="6.51004">
        <ele>1055.3</ele>
      </trkpt>
      <trkpt lat="44.39919" lon="6.50923">
        <ele>1052.9</ele>
      </trkpt>
      <trkpt lat="44.39899" lon="6.50877">
        <ele>1059.7</ele>
      </trkpt>
      <trkpt lat="44.39867" lon="6.50828">
        <ele>1066.7</ele>
      </trkpt>
      <trkpt lat="44.39856" lon="6.50799">
        <ele>1069.5</ele>
      </trkpt>
      <trkpt lat="44.39852" lon="6.50782">
        <ele>1069.9</ele>
      </trkpt>
      <trkpt lat="44.39832" lon="6.50748">
        <ele>1073.7</ele>
      </trkpt>
      <trkpt lat="44.39823" lon="6.50731">
        <ele>1078.0</ele>
      </trkpt>
      <trkpt lat="44.39813" lon="6.5071">
        <ele>1081.2</ele>
      </trkpt>
      <trkpt lat="44.39809" lon="6.50693">
        <ele>1081.5</ele>
      </trkpt>
      <trkpt lat="44.39783" lon="6.50677">
        <ele>1083.7</ele>
      </trkpt>
      <trkpt lat="44.39783" lon="6.5067">
        <ele>1082.6</ele>
      </trkpt>
      <trkpt lat="44.39772" lon="6.50661">
        <ele>1081.9</ele>
      </trkpt>
      <trkpt lat="44.3977" lon="6.5065">
        <ele>1080.5</ele>
      </trkpt>
      <trkpt lat="44.39763" lon="6.50638">
        <ele>1079.3</ele>
      </trkpt>
      <trkpt lat="44.39762" lon="6.50613">
        <ele>1076.0</ele>
      </trkpt>
      <trkpt lat="44.39766" lon="6.50571">
        <ele>1071.5</ele>
      </trkpt>
      <trkpt lat="44.39764" lon="6.50556">
        <ele>1071.6</ele>
      </trkpt>
      <trkpt lat="44.39764" lon="6.50548">
        <ele>1071.6</ele>
      </trkpt>
      <trkpt lat="44.39766" lon="6.50521">
        <ele>1070.9</ele>
      </trkpt>
      <trkpt lat="44.39793" lon="6.50473">
        <ele>1061.1</ele>
      </trkpt>
      <trkpt lat="44.39803" lon="6.50442">
        <ele>1055.8</ele>
      </trkpt>
      <trkpt lat="44.39818" lon="6.50327">
        <ele>1044.8</ele>
      </trkpt>
      <trkpt lat="44.39821" lon="6.50265">
        <ele>1039.3</ele>
      </trkpt>
      <trkpt lat="44.39819" lon="6.50209">
        <ele>1034.5</ele>
      </trkpt>
      <trkpt lat="44.39815" lon="6.50174">
        <ele>1032.0</ele>
      </trkpt>
      <trkpt lat="44.39811" lon="6.5015">
        <ele>1030.9</ele>
      </trkpt>
      <trkpt lat="44.39805" lon="6.50126">
        <ele>1030.3</ele>
      </trkpt>
      <trkpt lat="44.39779" lon="6.50034">
        <ele>1026.1</ele>
      </trkpt>
      <trkpt lat="44.39774" lon="6.50023">
        <ele>1025.6</ele>
      </trkpt>
      <trkpt lat="44.39761" lon="6.49981">
        <ele>1022.3</ele>
      </trkpt>
      <trkpt lat="44.39748" lon="6.49936">
        <ele>1019.5</ele>
      </trkpt>
      <trkpt lat="44.3975" lon="6.4987">
        <ele>1013.2</ele>
      </trkpt>
      <trkpt lat="44.39761" lon="6.49826">
        <ele>1009.7</ele>
      </trkpt>
      <trkpt lat="44.3977" lon="6.49812">
        <ele>1008.5</ele>
      </trkpt>
      <trkpt lat="44.39775" lon="6.49791">
        <ele>1007.8</ele>
      </trkpt>
      <trkpt lat="44.39779" lon="6.49764">
        <ele>1007.2</ele>
      </trkpt>
      <trkpt lat="44.3978" lon="6.49746">
        <ele>1007.2</ele>
      </trkpt>
      <trkpt lat="44.39782" lon="6.49733">
        <ele>1007.6</ele>
      </trkpt>
      <trkpt lat="44.3979" lon="6.49705">
        <ele>1007.9</ele>
      </trkpt>
      <trkpt lat="44.39797" lon="6.49676">
        <ele>1008.3</ele>
      </trkpt>
      <trkpt lat="44.39803" lon="6.49643">
        <ele>1006.2</ele>
      </trkpt>
      <trkpt lat="44.39801" lon="6.49607">
        <ele>1003.8</ele>
      </trkpt>
      <trkpt lat="44.39792" lon="6.49581">
        <ele>1003.1</ele>
      </trkpt>
      <trkpt lat="44.39782" lon="6.49569">
        <ele>1002.7</ele>
      </trkpt>
      <trkpt lat="44.39777" lon="6.49561">
        <ele>1002.5</ele>
      </trkpt>
      <trkpt lat="44.39772" lon="6.4955">
        <ele>1002.2</ele>
      </trkpt>
      <trkpt lat="44.39777" lon="6.49504">
        <ele>1001.3</ele>
      </trkpt>
      <trkpt lat="44.39755" lon="6.49456">
        <ele>997.3</ele>
      </trkpt>
      <trkpt lat="44.39723" lon="6.49396">
        <ele>1003.3</ele>
      </trkpt>
      <trkpt lat="44.3972" lon="6.49355">
        <ele>1000.6</ele>
      </trkpt>
      <trkpt lat="44.39693" lon="6.49281">
        <ele>1012.8</ele>
      </trkpt>
      <trkpt lat="44.39693" lon="6.49216">
        <ele>1008.3</ele>
      </trkpt>
      <trkpt lat="44.39689" lon="6.4919">
        <ele>1008.0</ele>
      </trkpt>
      <trkpt lat="44.39682" lon="6.4916">
        <ele>1007.7</ele>
      </trkpt>
      <trkpt lat="44.39682" lon="6.49154">
        <ele>1006.4</ele>
      </trkpt>
      <trkpt lat="44.39682" lon="6.49154">
        <ele>1006.4</ele>
      </trkpt>
      <trkpt lat="44.39678" lon="6.49069">
        <ele>989.2</ele>
      </trkpt>
      <trkpt lat="44.3967" lon="6.49051">
        <ele>988.0</ele>
      </trkpt>
      <trkpt lat="44.39641" lon="6.49011">
        <ele>1001.6</ele>
      </trkpt>
      <trkpt lat="44.39616" lon="6.48903">
        <ele>1000.0</ele>
      </trkpt>
      <trkpt lat="44.39601" lon="6.48834">
        <ele>1001.4</ele>
      </trkpt>
      <trkpt lat="44.39599" lon="6.48808">
        <ele>999.0</ele>
      </trkpt>
      <trkpt lat="44.3961" lon="6.48776">
        <ele>989.9</ele>
      </trkpt>
      <trkpt lat="44.39608" lon="6.48746">
        <ele>987.4</ele>
      </trkpt>
      <trkpt lat="44.39607" lon="6.48714">
        <ele>985.6</ele>
      </trkpt>
      <trkpt lat="44.39592" lon="6.48685">
        <ele>987.8</ele>
      </trkpt>
      <trkpt lat="44.39587" lon="6.48658">
        <ele>985.8</ele>
      </trkpt>
      <trkpt lat="44.39586" lon="6.48642">
        <ele>983.6</ele>
      </trkpt>
      <trkpt lat="44.39579" lon="6.48627">
        <ele>984.9</ele>
      </trkpt>
      <trkpt lat="44.39554" lon="6.48557">
        <ele>994.2</ele>
      </trkpt>
      <trkpt lat="44.39552" lon="6.48515">
        <ele>992.2</ele>
      </trkpt>
      <trkpt lat="44.39561" lon="6.48465">
        <ele>984.6</ele>
      </trkpt>
      <trkpt lat="44.3956" lon="6.48364">
        <ele>982.2</ele>
      </trkpt>
      <trkpt lat="44.39555" lon="6.48326">
        <ele>982.1</ele>
      </trkpt>
      <trkpt lat="44.39538" lon="6.48272">
        <ele>982.3</ele>
      </trkpt>
      <trkpt lat="44.39504" lon="6.48186">
        <ele>977.8</ele>
      </trkpt>
      <trkpt lat="44.39496" lon="6.48169">
        <ele>977.5</ele>
      </trkpt>
      <trkpt lat="44.39494" lon="6.48159">
        <ele>977.4</ele>
      </trkpt>
      <trkpt lat="44.39499" lon="6.48068">
        <ele>976.5</ele>
      </trkpt>
      <trkpt lat="44.39507" lon="6.48043">
        <ele>976.3</ele>
      </trkpt>
      <trkpt lat="44.39515" lon="6.4803">
        <ele>976.3</ele>
      </trkpt>
      <trkpt lat="44.39564" lon="6.47949">
        <ele>977.1</ele>
      </trkpt>
      <trkpt lat="44.39576" lon="6.47942">
        <ele>975.4</ele>
      </trkpt>
      <trkpt lat="44.39583" lon="6.47944">
        <ele>973.8</ele>
      </trkpt>
      <trkpt lat="44.39588" lon="6.47941">
        <ele>973.3</ele>
      </trkpt>
      <trkpt lat="44.39596" lon="6.47929">
        <ele>972.9</ele>
      </trkpt>
      <trkpt lat="44.39606" lon="6.47911">
        <ele>972.9</ele>
      </trkpt>
      <trkpt lat="44.39622" lon="6.47883">
        <ele>973.1</ele>
      </trkpt>
      <trkpt lat="44.39636" lon="6.4787">
        <ele>971.2</ele>
      </trkpt>
      <trkpt lat="44.39654" lon="6.47857">
        <ele>968.0</ele>
      </trkpt>
      <trkpt lat="44.39663" lon="6.47855">
        <ele>965.9</ele>
      </trkpt>
      <trkpt lat="44.39687" lon="6.47852">
        <ele>962.4</ele>
      </trkpt>
      <trkpt lat="44.3969" lon="6.47844">
        <ele>962.3</ele>
      </trkpt>
      <trkpt lat="44.39692" lon="6.47831">
        <ele>962.5</ele>
      </trkpt>
      <trkpt lat="44.39687" lon="6.47788">
        <ele>965.3</ele>
      </trkpt>
      <trkpt lat="44.39678" lon="6.47735">
        <ele>969.3</ele>
      </trkpt>
      <trkpt lat="44.39673" lon="6.47659">
        <ele>972.8</ele>
      </trkpt>
      <trkpt lat="44.39674" lon="6.47627">
        <ele>973.7</ele>
      </trkpt>
      <trkpt lat="44.39681" lon="6.47577">
        <ele>974.3</ele>
      </trkpt>
      <trkpt lat="44.39687" lon="6.47553">
        <ele>975.0</ele>
      </trkpt>
      <trkpt lat="44.39696" lon="6.47523">
        <ele>975.6</ele>
      </trkpt>
      <trkpt lat="44.39714" lon="6.47482">
        <ele>977.1</ele>
      </trkpt>
      <trkpt lat="44.39727" lon="6.47461">
        <ele>978.1</ele>
      </trkpt>
      <trkpt lat="44.39778" lon="6.47388">
        <ele>983.1</ele>
      </trkpt>
      <trkpt lat="44.3979" lon="6.47367">
        <ele>983.1</ele>
      </trkpt>
      <trkpt lat="44.39813" lon="6.47313">
        <ele>979.7</ele>
      </trkpt>
      <trkpt lat="44.39843" lon="6.47242">
        <ele>971.0</ele>
      </trkpt>
      <trkpt lat="44.39872" lon="6.47171">
        <ele>970.2</ele>
      </trkpt>
      <trkpt lat="44.39886" lon="6.47145">
        <ele>972.8</ele>
      </trkpt>
      <trkpt lat="44.39899" lon="6.47126">
        <ele>974.5</ele>
      </trkpt>
      <trkpt lat="44.39914" lon="6.47107">
        <ele>975.7</ele>
      </trkpt>
      <trkpt lat="44.3993" lon="6.47093">
        <ele>976.3</ele>
      </trkpt>
      <trkpt lat="44.39945" lon="6.47081">
        <ele>976.1</ele>
      </trkpt>
      <trkpt lat="44.39961" lon="6.47072">
        <ele>974.5</ele>
      </trkpt>
      <trkpt lat="44.39978" lon="6.47064">
        <ele>972.1</ele>
      </trkpt>
      <trkpt lat="44.40041" lon="6.47043">
        <ele>961.8</ele>
      </trkpt>
      <trkpt lat="44.40059" lon="6.47032">
        <ele>959.7</ele>
      </trkpt>
      <trkpt lat="44.40079" lon="6.47016">
        <ele>957.3</ele>
      </trkpt>
      <trkpt lat="44.40096" lon="6.47">
        <ele>955.7</ele>
      </trkpt>
      <trkpt lat="44.401" lon="6.46995">
        <ele>956.2</ele>
      </trkpt>
      <trkpt lat="44.40111" lon="6.46979">
        <ele>957.6</ele>
      </trkpt>
      <trkpt lat="44.40126" lon="6.46955">
        <ele>958.1</ele>
      </trkpt>
      <trkpt lat="44.40136" lon="6.46934">
        <ele>958.1</ele>
      </trkpt>
      <trkpt lat="44.40149" lon="6.46902">
        <ele>957.2</ele>
      </trkpt>
      <trkpt lat="44.40173" lon="6.46829">
        <ele>956.9</ele>
      </trkpt>
      <trkpt lat="44.40198" lon="6.46756">
        <ele>962.1</ele>
      </trkpt>
      <trkpt lat="44.40207" lon="6.46728">
        <ele>961.5</ele>
      </trkpt>
      <trkpt lat="44.40215" lon="6.46698">
        <ele>960.7</ele>
      </trkpt>
      <trkpt lat="44.40221" lon="6.46671">
        <ele>960.3</ele>
      </trkpt>
      <trkpt lat="44.40224" lon="6.46643">
        <ele>958.4</ele>
      </trkpt>
      <trkpt lat="44.40231" lon="6.46552">
        <ele>953.6</ele>
      </trkpt>
      <trkpt lat="44.40235" lon="6.46521">
        <ele>952.4</ele>
      </trkpt>
      <trkpt lat="44.40242" lon="6.46489">
        <ele>951.0</ele>
      </trkpt>
      <trkpt lat="44.4025" lon="6.46461">
        <ele>951.5</ele>
      </trkpt>
      <trkpt lat="44.40259" lon="6.46433">
        <ele>955.0</ele>
      </trkpt>
      <trkpt lat="44.40269" lon="6.46408">
        <ele>957.9</ele>
      </trkpt>
      <trkpt lat="44.4028" lon="6.46386">
        <ele>959.9</ele>
      </trkpt>
      <trkpt lat="44.40293" lon="6.46364">
        <ele>960.4</ele>
      </trkpt>
      <trkpt lat="44.40307" lon="6.46341">
        <ele>959.6</ele>
      </trkpt>
      <trkpt lat="44.40324" lon="6.46321">
        <ele>956.3</ele>
      </trkpt>
      <trkpt lat="44.40336" lon="6.46307">
        <ele>954.3</ele>
      </trkpt>
      <trkpt lat="44.40346" lon="6.46297">
        <ele>953.7</ele>
      </trkpt>
      <trkpt lat="44.40398" lon="6.46251">
        <ele>948.1</ele>
      </trkpt>
      <trkpt lat="44.40416" lon="6.46231">
        <ele>945.8</ele>
      </trkpt>
      <trkpt lat="44.40436" lon="6.46203">
        <ele>944.0</ele>
      </trkpt>
      <trkpt lat="44.4046" lon="6.46162">
        <ele>941.0</ele>
      </trkpt>
      <trkpt lat="44.40484" lon="6.46107">
        <ele>940.0</ele>
      </trkpt>
      <trkpt lat="44.40505" lon="6.46049">
        <ele>939.4</ele>
      </trkpt>
      <trkpt lat="44.40526" lon="6.45991">
        <ele>938.1</ele>
      </trkpt>
      <trkpt lat="44.40537" lon="6.45962">
        <ele>937.1</ele>
      </trkpt>
      <trkpt lat="44.40549" lon="6.45933">
        <ele>935.4</ele>
      </trkpt>
      <trkpt lat="44.40563" lon="6.4591">
        <ele>933.4</ele>
      </trkpt>
      <trkpt lat="44.40594" lon="6.4586">
        <ele>933.1</ele>
      </trkpt>
      <trkpt lat="44.40608" lon="6.45836">
        <ele>933.7</ele>
      </trkpt>
      <trkpt lat="44.4062" lon="6.4581">
        <ele>934.6</ele>
      </trkpt>
      <trkpt lat="44.40665" lon="6.45707">
        <ele>933.3</ele>
      </trkpt>
      <trkpt lat="44.40713" lon="6.45616">
        <ele>935.8</ele>
      </trkpt>
      <trkpt lat="44.40728" lon="6.45594">
        <ele>935.5</ele>
      </trkpt>
      <trkpt lat="44.40765" lon="6.45541">
        <ele>936.8</ele>
      </trkpt>
      <trkpt lat="44.40765" lon="6.45541">
        <ele>936.8</ele>
      </trkpt>
      <trkpt lat="44.40797" lon="6.45497">
        <ele>937.0</ele>
      </trkpt>
      <trkpt lat="44.40813" lon="6.45482">
        <ele>936.8</ele>
      </trkpt>
      <trkpt lat="44.4083" lon="6.45468">
        <ele>936.4</ele>
      </trkpt>
      <trkpt lat="44.40904" lon="6.45418">
        <ele>936.7</ele>
      </trkpt>
      <trkpt lat="44.40977" lon="6.45368">
        <ele>936.9</ele>
      </trkpt>
      <trkpt lat="44.41003" lon="6.45362">
        <ele>935.6</ele>
      </trkpt>
      <trkpt lat="44.41013" lon="6.45361">
        <ele>935.2</ele>
      </trkpt>
      <trkpt lat="44.4109" lon="6.45355">
        <ele>931.6</ele>
      </trkpt>
      <trkpt lat="44.411" lon="6.45352">
        <ele>930.7</ele>
      </trkpt>
      <trkpt lat="44.4113" lon="6.45333">
        <ele>929.4</ele>
      </trkpt>
      <trkpt lat="44.41138" lon="6.45327">
        <ele>928.9</ele>
      </trkpt>
      <trkpt lat="44.41145" lon="6.45319">
        <ele>928.6</ele>
      </trkpt>
      <trkpt lat="44.41159" lon="6.45299">
        <ele>928.1</ele>
      </trkpt>
      <trkpt lat="44.41167" lon="6.45282">
        <ele>928.0</ele>
      </trkpt>
      <trkpt lat="44.41175" lon="6.4526">
        <ele>928.2</ele>
      </trkpt>
      <trkpt lat="44.4118" lon="6.45238">
        <ele>928.8</ele>
      </trkpt>
      <trkpt lat="44.41183" lon="6.45215">
        <ele>929.6</ele>
      </trkpt>
      <trkpt lat="44.41183" lon="6.45192">
        <ele>930.9</ele>
      </trkpt>
      <trkpt lat="44.4118" lon="6.45123">
        <ele>933.8</ele>
      </trkpt>
      <trkpt lat="44.41181" lon="6.45095">
        <ele>934.0</ele>
      </trkpt>
      <trkpt lat="44.41184" lon="6.4507">
        <ele>934.4</ele>
      </trkpt>
      <trkpt lat="44.41188" lon="6.45053">
        <ele>934.6</ele>
      </trkpt>
      <trkpt lat="44.41194" lon="6.45034">
        <ele>934.2</ele>
      </trkpt>
      <trkpt lat="44.41207" lon="6.45001">
        <ele>931.9</ele>
      </trkpt>
      <trkpt lat="44.41233" lon="6.4494">
        <ele>930.8</ele>
      </trkpt>
      <trkpt lat="44.41244" lon="6.44917">
        <ele>930.8</ele>
      </trkpt>
      <trkpt lat="44.41255" lon="6.44899">
        <ele>933.5</ele>
      </trkpt>
      <trkpt lat="44.41269" lon="6.44883">
        <ele>934.7</ele>
      </trkpt>
      <trkpt lat="44.41283" lon="6.44868">
        <ele>935.3</ele>
      </trkpt>
      <trkpt lat="44.41339" lon="6.44825">
        <ele>933.5</ele>
      </trkpt>
      <trkpt lat="44.41352" lon="6.44817">
        <ele>935.1</ele>
      </trkpt>
      <trkpt lat="44.41384" lon="6.44806">
        <ele>933.8</ele>
      </trkpt>
      <trkpt lat="44.41397" lon="6.44803">
        <ele>932.3</ele>
      </trkpt>
      <trkpt lat="44.41411" lon="6.44802">
        <ele>929.5</ele>
      </trkpt>
      <trkpt lat="44.41458" lon="6.44804">
        <ele>923.3</ele>
      </trkpt>
      <trkpt lat="44.41521" lon="6.44794">
        <ele>922.0</ele>
      </trkpt>
      <trkpt lat="44.41584" lon="6.44785">
        <ele>919.3</ele>
      </trkpt>
      <trkpt lat="44.41648" lon="6.44775">
        <ele>914.9</ele>
      </trkpt>
      <trkpt lat="44.41671" lon="6.44767">
        <ele>913.8</ele>
      </trkpt>
      <trkpt lat="44.41748" lon="6.44725">
        <ele>913.3</ele>
      </trkpt>
      <trkpt lat="44.41765" lon="6.44719">
        <ele>913.0</ele>
      </trkpt>
      <trkpt lat="44.41833" lon="6.44697">
        <ele>910.8</ele>
      </trkpt>
      <trkpt lat="44.41833" lon="6.44697">
        <ele>910.8</ele>
      </trkpt>
      <trkpt lat="44.41854" lon="6.4469">
        <ele>909.5</ele>
      </trkpt>
      <trkpt lat="44.41874" lon="6.44679">
        <ele>908.6</ele>
      </trkpt>
      <trkpt lat="44.41894" lon="6.44665">
        <ele>907.8</ele>
      </trkpt>
      <trkpt lat="44.41911" lon="6.44649">
        <ele>907.7</ele>
      </trkpt>
      <trkpt lat="44.41923" lon="6.44635">
        <ele>908.1</ele>
      </trkpt>
      <trkpt lat="44.41936" lon="6.44618">
        <ele>908.7</ele>
      </trkpt>
      <trkpt lat="44.41983" lon="6.44544">
        <ele>910.6</ele>
      </trkpt>
      <trkpt lat="44.41998" lon="6.44523">
        <ele>910.6</ele>
      </trkpt>
      <trkpt lat="44.42023" lon="6.44495">
        <ele>910.1</ele>
      </trkpt>
      <trkpt lat="44.42054" lon="6.4447">
        <ele>909.5</ele>
      </trkpt>
      <trkpt lat="44.42096" lon="6.44441">
        <ele>905.5</ele>
      </trkpt>
      <trkpt lat="44.42138" lon="6.44413">
        <ele>901.3</ele>
      </trkpt>
      <trkpt lat="44.42206" lon="6.44364">
        <ele>901.5</ele>
      </trkpt>
      <trkpt lat="44.4224" lon="6.44338">
        <ele>900.2</ele>
      </trkpt>
      <trkpt lat="44.42257" lon="6.44325">
        <ele>899.5</ele>
      </trkpt>
      <trkpt lat="44.42278" lon="6.44304">
        <ele>899.4</ele>
      </trkpt>
      <trkpt lat="44.42293" lon="6.44284">
        <ele>899.2</ele>
      </trkpt>
      <trkpt lat="44.42306" lon="6.44262">
        <ele>898.9</ele>
      </trkpt>
      <trkpt lat="44.42318" lon="6.44235">
        <ele>899.0</ele>
      </trkpt>
      <trkpt lat="44.42326" lon="6.44213">
        <ele>899.3</ele>
      </trkpt>
      <trkpt lat="44.42349" lon="6.44129">
        <ele>902.5</ele>
      </trkpt>
      <trkpt lat="44.42357" lon="6.441">
        <ele>903.5</ele>
      </trkpt>
      <trkpt lat="44.42367" lon="6.44075">
        <ele>903.1</ele>
      </trkpt>
      <trkpt lat="44.42379" lon="6.44051">
        <ele>902.5</ele>
      </trkpt>
      <trkpt lat="44.4239" lon="6.44032">
        <ele>902.1</ele>
      </trkpt>
      <trkpt lat="44.42434" lon="6.4396">
        <ele>903.7</ele>
      </trkpt>
      <trkpt lat="44.42478" lon="6.43888">
        <ele>902.7</ele>
      </trkpt>
      <trkpt lat="44.42534" lon="6.43798">
        <ele>901.7</ele>
      </trkpt>
      <trkpt lat="44.42557" lon="6.4377">
        <ele>902.0</ele>
      </trkpt>
      <trkpt lat="44.42584" lon="6.43745">
        <ele>902.1</ele>
      </trkpt>
      <trkpt lat="44.42574" lon="6.4372">
        <ele>903.4</ele>
      </trkpt>
      <trkpt lat="44.42569" lon="6.43713">
        <ele>903.9</ele>
      </trkpt>
      <trkpt lat="44.42565" lon="6.43703">
        <ele>904.4</ele>
      </trkpt>
      <trkpt lat="44.42586" lon="6.43676">
        <ele>903.8</ele>
      </trkpt>
      <trkpt lat="44.42624" lon="6.43637">
        <ele>902.4</ele>
      </trkpt>
      <trkpt lat="44.42634" lon="6.43621">
        <ele>901.5</ele>
      </trkpt>
      <trkpt lat="44.42658" lon="6.43583">
        <ele>899.1</ele>
      </trkpt>
      <trkpt lat="44.42671" lon="6.43563">
        <ele>897.8</ele>
      </trkpt>
      <trkpt lat="44.42674" lon="6.43558">
        <ele>897.6</ele>
      </trkpt>
      <trkpt lat="44.42702" lon="6.43532">
        <ele>897.4</ele>
      </trkpt>
      <trkpt lat="44.42738" lon="6.43487">
        <ele>897.3</ele>
      </trkpt>
      <trkpt lat="44.42744" lon="6.43478">
        <ele>897.5</ele>
      </trkpt>
      <trkpt lat="44.42748" lon="6.43467">
        <ele>897.6</ele>
      </trkpt>
      <trkpt lat="44.42754" lon="6.43456">
        <ele>897.9</ele>
      </trkpt>
      <trkpt lat="44.42757" lon="6.43454">
        <ele>898.1</ele>
      </trkpt>
      <trkpt lat="44.42763" lon="6.43448">
        <ele>898.5</ele>
      </trkpt>
      <trkpt lat="44.42771" lon="6.43441">
        <ele>899.1</ele>
      </trkpt>
      <trkpt lat="44.4278" lon="6.43419">
        <ele>899.2</ele>
      </trkpt>
      <trkpt lat="44.42788" lon="6.43392">
        <ele>899.4</ele>
      </trkpt>
      <trkpt lat="44.42792" lon="6.43374">
        <ele>899.5</ele>
      </trkpt>
      <trkpt lat="44.42796" lon="6.43339">
        <ele>899.4</ele>
      </trkpt>
      <trkpt lat="44.42799" lon="6.4333">
        <ele>899.5</ele>
      </trkpt>
      <trkpt lat="44.42817" lon="6.43307">
        <ele>899.9</ele>
      </trkpt>
      <trkpt lat="44.42822" lon="6.43294">
        <ele>899.5</ele>
      </trkpt>
      <trkpt lat="44.42829" lon="6.43267">
        <ele>898.2</ele>
      </trkpt>
      <trkpt lat="44.42832" lon="6.4325">
        <ele>897.1</ele>
      </trkpt>
      <trkpt lat="44.42835" lon="6.43237">
        <ele>897.9</ele>
      </trkpt>
      <trkpt lat="44.42835" lon="6.43237">
        <ele>897.9</ele>
      </trkpt>
      <trkpt lat="44.42837" lon="6.43229">
        <ele>898.6</ele>
      </trkpt>
      <trkpt lat="44.42841" lon="6.43233">
        <ele>899.1</ele>
      </trkpt>
      <trkpt lat="44.42842" lon="6.43237">
        <ele>899.1</ele>
      </trkpt>
      <trkpt lat="44.42842" lon="6.43241">
        <ele>898.9</ele>
      </trkpt>
      <trkpt lat="44.42839" lon="6.43256">
        <ele>898.4</ele>
      </trkpt>
      <trkpt lat="44.42851" lon="6.43237">
        <ele>900.6</ele>
      </trkpt>
      <trkpt lat="44.42851" lon="6.43237">
        <ele>900.6</ele>
      </trkpt>
      <trkpt lat="44.42857" lon="6.43228">
        <ele>901.8</ele>
      </trkpt>
      <trkpt lat="44.42865" lon="6.43212">
        <ele>903.3</ele>
      </trkpt>
      <trkpt lat="44.42868" lon="6.43204">
        <ele>903.8</ele>
      </trkpt>
      <trkpt lat="44.4287" lon="6.43201">
        <ele>904.1</ele>
      </trkpt>
      <trkpt lat="44.42882" lon="6.43191">
        <ele>905.7</ele>
      </trkpt>
      <trkpt lat="44.42885" lon="6.43193">
        <ele>906.1</ele>
      </trkpt>
      <trkpt lat="44.42903" lon="6.43149">
        <ele>908.1</ele>
      </trkpt>
      <trkpt lat="44.42917" lon="6.43122">
        <ele>908.0</ele>
      </trkpt>
      <trkpt lat="44.42928" lon="6.43102">
        <ele>908.1</ele>
      </trkpt>
      <trkpt lat="44.42938" lon="6.43091">
        <ele>908.1</ele>
      </trkpt>
      <trkpt lat="44.42954" lon="6.4307">
        <ele>912.1</ele>
      </trkpt>
      <trkpt lat="44.42971" lon="6.43054">
        <ele>915.0</ele>
      </trkpt>
      <trkpt lat="44.43017" lon="6.43018">
        <ele>912.4</ele>
      </trkpt>
      <trkpt lat="44.43061" lon="6.4299">
        <ele>906.9</ele>
      </trkpt>
      <trkpt lat="44.43061" lon="6.4299">
        <ele>906.9</ele>
      </trkpt>
      <trkpt lat="44.43061" lon="6.4299">
        <ele>906.9</ele>
      </trkpt>
      <trkpt lat="44.4312" lon="6.42952">
        <ele>903.1</ele>
      </trkpt>
      <trkpt lat="44.43179" lon="6.42913">
        <ele>897.2</ele>
      </trkpt>
      <trkpt lat="44.43194" lon="6.42903">
        <ele>898.0</ele>
      </trkpt>
      <trkpt lat="44.432" lon="6.429">
        <ele>898.1</ele>
      </trkpt>
      <trkpt lat="44.43233" lon="6.42876">
        <ele>898.9</ele>
      </trkpt>
      <trkpt lat="44.43291" lon="6.4284">
        <ele>894.2</ele>
      </trkpt>
      <trkpt lat="44.43338" lon="6.42802">
        <ele>890.4</ele>
      </trkpt>
      <trkpt lat="44.43354" lon="6.42788">
        <ele>891.0</ele>
      </trkpt>
      <trkpt lat="44.43379" lon="6.42748">
        <ele>894.1</ele>
      </trkpt>
      <trkpt lat="44.43402" lon="6.42704">
        <ele>897.0</ele>
      </trkpt>
      <trkpt lat="44.43441" lon="6.42629">
        <ele>893.7</ele>
      </trkpt>
      <trkpt lat="44.43479" lon="6.42554">
        <ele>889.8</ele>
      </trkpt>
      <trkpt lat="44.43527" lon="6.42491">
        <ele>884.8</ele>
      </trkpt>
      <trkpt lat="44.43533" lon="6.42487">
        <ele>884.0</ele>
      </trkpt>
      <trkpt lat="44.43591" lon="6.42436">
        <ele>883.2</ele>
      </trkpt>
      <trkpt lat="44.43625" lon="6.42409">
        <ele>883.7</ele>
      </trkpt>
      <trkpt lat="44.43657" lon="6.42381">
        <ele>884.2</ele>
      </trkpt>
      <trkpt lat="44.4369" lon="6.42352">
        <ele>884.8</ele>
      </trkpt>
      <trkpt lat="44.43702" lon="6.4234">
        <ele>887.7</ele>
      </trkpt>
      <trkpt lat="44.43702" lon="6.4234">
        <ele>887.7</ele>
      </trkpt>
      <trkpt lat="44.43721" lon="6.4232">
        <ele>890.7</ele>
      </trkpt>
      <trkpt lat="44.43726" lon="6.42316">
        <ele>891.4</ele>
      </trkpt>
      <trkpt lat="44.43735" lon="6.42305">
        <ele>892.9</ele>
      </trkpt>
      <trkpt lat="44.43797" lon="6.42245">
        <ele>891.1</ele>
      </trkpt>
      <trkpt lat="44.43845" lon="6.42183">
        <ele>889.5</ele>
      </trkpt>
      <trkpt lat="44.43893" lon="6.4212">
        <ele>888.0</ele>
      </trkpt>
      <trkpt lat="44.43941" lon="6.42048">
        <ele>886.3</ele>
      </trkpt>
      <trkpt lat="44.43989" lon="6.41975">
        <ele>884.6</ele>
      </trkpt>
      <trkpt lat="44.44038" lon="6.41903">
        <ele>882.9</ele>
      </trkpt>
      <trkpt lat="44.4409" lon="6.41833">
        <ele>881.2</ele>
      </trkpt>
      <trkpt lat="44.44143" lon="6.41764">
        <ele>879.5</ele>
      </trkpt>
      <trkpt lat="44.44177" lon="6.41734">
        <ele>878.5</ele>
      </trkpt>
      <trkpt lat="44.44253" lon="6.41688">
        <ele>876.5</ele>
      </trkpt>
      <trkpt lat="44.44337" lon="6.41658">
        <ele>874.5</ele>
      </trkpt>
      <trkpt lat="44.44422" lon="6.41629">
        <ele>872.4</ele>
      </trkpt>
      <trkpt lat="44.44506" lon="6.416">
        <ele>870.3</ele>
      </trkpt>
      <trkpt lat="44.44587" lon="6.41555">
        <ele>868.2</ele>
      </trkpt>
      <trkpt lat="44.44615" lon="6.41533">
        <ele>867.4</ele>
      </trkpt>
      <trkpt lat="44.44641" lon="6.41507">
        <ele>866.7</ele>
      </trkpt>
      <trkpt lat="44.44672" lon="6.41463">
        <ele>865.6</ele>
      </trkpt>
      <trkpt lat="44.44702" lon="6.41399">
        <ele>864.3</ele>
      </trkpt>
      <trkpt lat="44.44742" lon="6.41308">
        <ele>862.5</ele>
      </trkpt>
      <trkpt lat="44.44782" lon="6.41218">
        <ele>860.7</ele>
      </trkpt>
      <trkpt lat="44.448" lon="6.4116">
        <ele>859.6</ele>
      </trkpt>
      <trkpt lat="44.44806" lon="6.41104">
        <ele>858.7</ele>
      </trkpt>
      <trkpt lat="44.44804" lon="6.41048">
        <ele>857.7</ele>
      </trkpt>
      <trkpt lat="44.44801" lon="6.41024">
        <ele>857.3</ele>
      </trkpt>
      <trkpt lat="44.44799" lon="6.40981">
        <ele>856.6</ele>
      </trkpt>
      <trkpt lat="44.44799" lon="6.40952">
        <ele>853.9</ele>
      </trkpt>
      <trkpt lat="44.44802" lon="6.40917">
        <ele>852.4</ele>
      </trkpt>
      <trkpt lat="44.44812" lon="6.40869">
        <ele>850.6</ele>
      </trkpt>
      <trkpt lat="44.44847" lon="6.40769">
        <ele>843.6</ele>
      </trkpt>
      <trkpt lat="44.44874" lon="6.40723">
        <ele>844.8</ele>
      </trkpt>
      <trkpt lat="44.44908" lon="6.40661">
        <ele>843.7</ele>
      </trkpt>
      <trkpt lat="44.44943" lon="6.40599">
        <ele>843.0</ele>
      </trkpt>
      <trkpt lat="44.44943" lon="6.40599">
        <ele>843.0</ele>
      </trkpt>
      <trkpt lat="44.44994" lon="6.40506">
        <ele>843.6</ele>
      </trkpt>
      <trkpt lat="44.45045" lon="6.40413">
        <ele>840.8</ele>
      </trkpt>
      <trkpt lat="44.45062" lon="6.40374">
        <ele>839.8</ele>
      </trkpt>
      <trkpt lat="44.45089" lon="6.40305">
        <ele>840.7</ele>
      </trkpt>
      <trkpt lat="44.45104" lon="6.40263">
        <ele>841.2</ele>
      </trkpt>
      <trkpt lat="44.45115" lon="6.40223">
        <ele>841.8</ele>
      </trkpt>
      <trkpt lat="44.45124" lon="6.40171">
        <ele>842.4</ele>
      </trkpt>
      <trkpt lat="44.45129" lon="6.4011">
        <ele>843.1</ele>
      </trkpt>
      <trkpt lat="44.45132" lon="6.40021">
        <ele>844.1</ele>
      </trkpt>
      <trkpt lat="44.45133" lon="6.39995">
        <ele>844.5</ele>
      </trkpt>
      <trkpt lat="44.45136" lon="6.39974">
        <ele>843.5</ele>
      </trkpt>
      <trkpt lat="44.4514" lon="6.39945">
        <ele>841.4</ele>
      </trkpt>
      <trkpt lat="44.45154" lon="6.39875">
        <ele>838.6</ele>
      </trkpt>
      <trkpt lat="44.45163" lon="6.39854">
        <ele>837.6</ele>
      </trkpt>
      <trkpt lat="44.45168" lon="6.39842">
        <ele>837.1</ele>
      </trkpt>
      <trkpt lat="44.45185" lon="6.39809">
        <ele>835.6</ele>
      </trkpt>
      <trkpt lat="44.45202" lon="6.3977">
        <ele>831.7</ele>
      </trkpt>
      <trkpt lat="44.4522" lon="6.39743">
        <ele>833.4</ele>
      </trkpt>
      <trkpt lat="44.45245" lon="6.39704">
        <ele>835.9</ele>
      </trkpt>
      <trkpt lat="44.45267" lon="6.39665">
        <ele>834.7</ele>
      </trkpt>
      <trkpt lat="44.45295" lon="6.39606">
        <ele>832.9</ele>
      </trkpt>
      <trkpt lat="44.45324" lon="6.39548">
        <ele>831.1</ele>
      </trkpt>
      <trkpt lat="44.45375" lon="6.39461">
        <ele>828.4</ele>
      </trkpt>
      <trkpt lat="44.45422" lon="6.39371">
        <ele>825.6</ele>
      </trkpt>
      <trkpt lat="44.45454" lon="6.39289">
        <ele>823.3</ele>
      </trkpt>
      <trkpt lat="44.45485" lon="6.39207">
        <ele>821.0</ele>
      </trkpt>
      <trkpt lat="44.45501" lon="6.3915">
        <ele>819.3</ele>
      </trkpt>
      <trkpt lat="44.45507" lon="6.39132">
        <ele>818.7</ele>
      </trkpt>
      <trkpt lat="44.45515" lon="6.39096">
        <ele>817.6</ele>
      </trkpt>
      <trkpt lat="44.45523" lon="6.39057">
        <ele>816.5</ele>
      </trkpt>
      <trkpt lat="44.45524" lon="6.39049">
        <ele>816.3</ele>
      </trkpt>
      <trkpt lat="44.45525" lon="6.39033">
        <ele>815.8</ele>
      </trkpt>
      <trkpt lat="44.4553" lon="6.38992">
        <ele>814.7</ele>
      </trkpt>
      <trkpt lat="44.45537" lon="6.3895">
        <ele>815.8</ele>
      </trkpt>
      <trkpt lat="44.45548" lon="6.38864">
        <ele>819.3</ele>
      </trkpt>
      <trkpt lat="44.45554" lon="6.38831">
        <ele>821.0</ele>
      </trkpt>
      <trkpt lat="44.45565" lon="6.38791">
        <ele>819.5</ele>
      </trkpt>
      <trkpt lat="44.45565" lon="6.38791">
        <ele>819.5</ele>
      </trkpt>
      <trkpt lat="44.45577" lon="6.38756">
        <ele>818.0</ele>
      </trkpt>
      <trkpt lat="44.45599" lon="6.38709">
        <ele>816.1</ele>
      </trkpt>
      <trkpt lat="44.45625" lon="6.3867">
        <ele>816.5</ele>
      </trkpt>
      <trkpt lat="44.45649" lon="6.3863">
        <ele>815.1</ele>
      </trkpt>
      <trkpt lat="44.45685" lon="6.38564">
        <ele>813.0</ele>
      </trkpt>
      <trkpt lat="44.45703" lon="6.38525">
        <ele>811.8</ele>
      </trkpt>
      <trkpt lat="44.45716" lon="6.38481">
        <ele>810.6</ele>
      </trkpt>
      <trkpt lat="44.45721" lon="6.3846">
        <ele>810.0</ele>
      </trkpt>
      <trkpt lat="44.45727" lon="6.38416">
        <ele>808.9</ele>
      </trkpt>
      <trkpt lat="44.4573" lon="6.38377">
        <ele>807.9</ele>
      </trkpt>
      <trkpt lat="44.45729" lon="6.38317">
        <ele>803.0</ele>
      </trkpt>
      <trkpt lat="44.45726" lon="6.38298">
        <ele>800.9</ele>
      </trkpt>
      <trkpt lat="44.45731" lon="6.3823">
        <ele>799.6</ele>
      </trkpt>
      <trkpt lat="44.45735" lon="6.38201">
        <ele>799.5</ele>
      </trkpt>
      <trkpt lat="44.45742" lon="6.38177">
        <ele>800.7</ele>
      </trkpt>
      <trkpt lat="44.45781" lon="6.38096">
        <ele>802.3</ele>
      </trkpt>
      <trkpt lat="44.45826" lon="6.38001">
        <ele>804.2</ele>
      </trkpt>
      <trkpt lat="44.45871" lon="6.37906">
        <ele>806.2</ele>
      </trkpt>
      <trkpt lat="44.45915" lon="6.37814">
        <ele>808.1</ele>
      </trkpt>
      <trkpt lat="44.45959" lon="6.37722">
        <ele>802.4</ele>
      </trkpt>
      <trkpt lat="44.45966" lon="6.37703">
        <ele>800.9</ele>
      </trkpt>
      <trkpt lat="44.45973" lon="6.37664">
        <ele>794.9</ele>
      </trkpt>
      <trkpt lat="44.45981" lon="6.37588">
        <ele>786.6</ele>
      </trkpt>
      <trkpt lat="44.45993" lon="6.37538">
        <ele>786.4</ele>
      </trkpt>
      <trkpt lat="44.46004" lon="6.37495">
        <ele>786.3</ele>
      </trkpt>
      <trkpt lat="44.46015" lon="6.3746">
        <ele>786.3</ele>
      </trkpt>
      <trkpt lat="44.46029" lon="6.37428">
        <ele>787.9</ele>
      </trkpt>
      <trkpt lat="44.46035" lon="6.37416">
        <ele>788.6</ele>
      </trkpt>
      <trkpt lat="44.46092" lon="6.37325">
        <ele>789.0</ele>
      </trkpt>
      <trkpt lat="44.46149" lon="6.37235">
        <ele>798.7</ele>
      </trkpt>
      <trkpt lat="44.46155" lon="6.37223">
        <ele>799.0</ele>
      </trkpt>
      <trkpt lat="44.46167" lon="6.3719">
        <ele>797.9</ele>
      </trkpt>
      <trkpt lat="44.46172" lon="6.37167">
        <ele>797.3</ele>
      </trkpt>
      <trkpt lat="44.46185" lon="6.37073">
        <ele>796.5</ele>
      </trkpt>
      <trkpt lat="44.46191" lon="6.37041">
        <ele>795.5</ele>
      </trkpt>
      <trkpt lat="44.46203" lon="6.37009">
        <ele>796.6</ele>
      </trkpt>
      <trkpt lat="44.46209" lon="6.36996">
        <ele>797.0</ele>
      </trkpt>
      <trkpt lat="44.46237" lon="6.36954">
        <ele>796.6</ele>
      </trkpt>
      <trkpt lat="44.46298" lon="6.36871">
        <ele>796.6</ele>
      </trkpt>
      <trkpt lat="44.46343" lon="6.36805">
        <ele>794.3</ele>
      </trkpt>
      <trkpt lat="44.46365" lon="6.36774">
        <ele>793.2</ele>
      </trkpt>
      <trkpt lat="44.46381" lon="6.36748">
        <ele>792.4</ele>
      </trkpt>
      <trkpt lat="44.4639" lon="6.36728">
        <ele>796.1</ele>
      </trkpt>
      <trkpt lat="44.46393" lon="6.36714">
        <ele>798.1</ele>
      </trkpt>
      <trkpt lat="44.46395" lon="6.36692">
        <ele>800.7</ele>
      </trkpt>
      <trkpt lat="44.46392" lon="6.36669">
        <ele>801.8</ele>
      </trkpt>
      <trkpt lat="44.46382" lon="6.3664">
        <ele>803.1</ele>
      </trkpt>
      <trkpt lat="44.46329" lon="6.36546">
        <ele>797.4</ele>
      </trkpt>
      <trkpt lat="44.4631" lon="6.3649">
        <ele>798.7</ele>
      </trkpt>
      <trkpt lat="44.46307" lon="6.36472">
        <ele>800.2</ele>
      </trkpt>
      <trkpt lat="44.46297" lon="6.36394">
        <ele>802.4</ele>
      </trkpt>
      <trkpt lat="44.46287" lon="6.36317">
        <ele>792.8</ele>
      </trkpt>
      <trkpt lat="44.46288" lon="6.363">
        <ele>790.2</ele>
      </trkpt>
      <trkpt lat="44.46291" lon="6.36281">
        <ele>788.0</ele>
      </trkpt>
      <trkpt lat="44.46306" lon="6.36252">
        <ele>787.6</ele>
      </trkpt>
      <trkpt lat="44.46315" lon="6.3624">
        <ele>788.1</ele>
      </trkpt>
      <trkpt lat="44.46399" lon="6.36195">
        <ele>796.4</ele>
      </trkpt>
      <trkpt lat="44.46482" lon="6.3615">
        <ele>796.4</ele>
      </trkpt>
      <trkpt lat="44.46495" lon="6.3614">
        <ele>796.6</ele>
      </trkpt>
      <trkpt lat="44.46511" lon="6.36122">
        <ele>796.3</ele>
      </trkpt>
      <trkpt lat="44.46524" lon="6.36092">
        <ele>793.6</ele>
      </trkpt>
      <trkpt lat="44.46528" lon="6.36075">
        <ele>793.1</ele>
      </trkpt>
      <trkpt lat="44.46529" lon="6.36048">
        <ele>795.6</ele>
      </trkpt>
      <trkpt lat="44.46521" lon="6.35989">
        <ele>801.2</ele>
      </trkpt>
      <trkpt lat="44.46521" lon="6.35984">
        <ele>801.6</ele>
      </trkpt>
      <trkpt lat="44.46524" lon="6.35983">
        <ele>802.0</ele>
      </trkpt>
      <trkpt lat="44.46577" lon="6.36002">
        <ele>809.2</ele>
      </trkpt>
      <trkpt lat="44.46577" lon="6.36002">
        <ele>809.2</ele>
      </trkpt>
      <trkpt lat="44.46602" lon="6.3601">
        <ele>813.5</ele>
      </trkpt>
      <trkpt lat="44.46623" lon="6.36027">
        <ele>814.9</ele>
      </trkpt>
      <trkpt lat="44.46626" lon="6.36025">
        <ele>815.8</ele>
      </trkpt>
      <trkpt lat="44.46628" lon="6.3602">
        <ele>817.1</ele>
      </trkpt>
      <trkpt lat="44.46624" lon="6.36012">
        <ele>817.7</ele>
      </trkpt>
      <trkpt lat="44.46609" lon="6.35993">
        <ele>818.4</ele>
      </trkpt>
      <trkpt lat="44.46576" lon="6.35977">
        <ele>814.4</ele>
      </trkpt>
      <trkpt lat="44.46566" lon="6.3597">
        <ele>812.9</ele>
      </trkpt>
      <trkpt lat="44.46552" lon="6.35953">
        <ele>811.6</ele>
      </trkpt>
      <trkpt lat="44.46546" lon="6.35936">
        <ele>812.5</ele>
      </trkpt>
      <trkpt lat="44.46546" lon="6.35929">
        <ele>813.7</ele>
      </trkpt>
      <trkpt lat="44.46548" lon="6.35921">
        <ele>815.8</ele>
      </trkpt>
      <trkpt lat="44.46563" lon="6.35894">
        <ele>823.2</ele>
      </trkpt>
      <trkpt lat="44.46574" lon="6.35863">
        <ele>828.1</ele>
      </trkpt>
      <trkpt lat="44.46583" lon="6.35849">
        <ele>831.7</ele>
      </trkpt>
      <trkpt lat="44.46593" lon="6.35844">
        <ele>834.6</ele>
      </trkpt>
      <trkpt lat="44.46596" lon="6.35849">
        <ele>835.4</ele>
      </trkpt>
      <trkpt lat="44.46594" lon="6.35855">
        <ele>834.8</ele>
      </trkpt>
      <trkpt lat="44.46587" lon="6.35861">
        <ele>832.7</ele>
      </trkpt>
      <trkpt lat="44.46583" lon="6.35867">
        <ele>831.5</ele>
      </trkpt>
      <trkpt lat="44.46579" lon="6.35904">
        <ele>829.4</ele>
      </trkpt>
      <trkpt lat="44.46576" lon="6.35918">
        <ele>827.7</ele>
      </trkpt>
      <trkpt lat="44.46576" lon="6.35925">
        <ele>826.1</ele>
      </trkpt>
      <trkpt lat="44.46579" lon="6.35929">
        <ele>826.4</ele>
      </trkpt>
      <trkpt lat="44.46582" lon="6.35928">
        <ele>827.8</ele>
      </trkpt>
      <trkpt lat="44.46585" lon="6.35921">
        <ele>830.5</ele>
      </trkpt>
      <trkpt lat="44.46587" lon="6.359">
        <ele>832.3</ele>
      </trkpt>
      <trkpt lat="44.46592" lon="6.35882">
        <ele>834.0</ele>
      </trkpt>
      <trkpt lat="44.46596" lon="6.35873">
        <ele>835.2</ele>
      </trkpt>
      <trkpt lat="44.46604" lon="6.35861">
        <ele>837.6</ele>
      </trkpt>
      <trkpt lat="44.46623" lon="6.35846">
        <ele>843.0</ele>
      </trkpt>
      <trkpt lat="44.46625" lon="6.35845">
        <ele>843.6</ele>
      </trkpt>
      <trkpt lat="44.46627" lon="6.35847">
        <ele>844.2</ele>
      </trkpt>
      <trkpt lat="44.46628" lon="6.35851">
        <ele>844.5</ele>
      </trkpt>
      <trkpt lat="44.46625" lon="6.35858">
        <ele>843.7</ele>
      </trkpt>
      <trkpt lat="44.46614" lon="6.35865">
        <ele>840.5</ele>
      </trkpt>
      <trkpt lat="44.46609" lon="6.3587">
        <ele>839.1</ele>
      </trkpt>
      <trkpt lat="44.46604" lon="6.35887">
        <ele>837.5</ele>
      </trkpt>
      <trkpt lat="44.46603" lon="6.35899">
        <ele>837.2</ele>
      </trkpt>
      <trkpt lat="44.46606" lon="6.35908">
        <ele>838.1</ele>
      </trkpt>
      <trkpt lat="44.46611" lon="6.35918">
        <ele>839.3</ele>
      </trkpt>
      <trkpt lat="44.46624" lon="6.35928">
        <ele>840.4</ele>
      </trkpt>
      <trkpt lat="44.46627" lon="6.35925">
        <ele>842.2</ele>
      </trkpt>
      <trkpt lat="44.46627" lon="6.35922">
        <ele>843.1</ele>
      </trkpt>
      <trkpt lat="44.46617" lon="6.3591">
        <ele>841.5</ele>
      </trkpt>
      <trkpt lat="44.46615" lon="6.35899">
        <ele>840.9</ele>
      </trkpt>
      <trkpt lat="44.46615" lon="6.35892">
        <ele>840.8</ele>
      </trkpt>
      <trkpt lat="44.46619" lon="6.35884">
        <ele>842.0</ele>
      </trkpt>
      <trkpt lat="44.46629" lon="6.35873">
        <ele>844.9</ele>
      </trkpt>
      <trkpt lat="44.46647" lon="6.35852">
        <ele>849.9</ele>
      </trkpt>
      <trkpt lat="44.46661" lon="6.35839">
        <ele>853.6</ele>
      </trkpt>
      <trkpt lat="44.46667" lon="6.35837">
        <ele>855.2</ele>
      </trkpt>
      <trkpt lat="44.46693" lon="6.35837">
        <ele>861.9</ele>
      </trkpt>
      <trkpt lat="44.467" lon="6.35833">
        <ele>863.8</ele>
      </trkpt>
      <trkpt lat="44.46724" lon="6.3581">
        <ele>869.8</ele>
      </trkpt>
      <trkpt lat="44.4673" lon="6.3581">
        <ele>871.4</ele>
      </trkpt>
      <trkpt lat="44.46736" lon="6.35812">
        <ele>872.9</ele>
      </trkpt>
      <trkpt lat="44.46741" lon="6.35823">
        <ele>874.4</ele>
      </trkpt>
      <trkpt lat="44.46745" lon="6.3584">
        <ele>875.0</ele>
      </trkpt>
      <trkpt lat="44.46759" lon="6.35873">
        <ele>874.0</ele>
      </trkpt>
      <trkpt lat="44.46765" lon="6.35881">
        <ele>873.8</ele>
      </trkpt>
      <trkpt lat="44.46769" lon="6.35885">
        <ele>873.7</ele>
      </trkpt>
      <trkpt lat="44.46776" lon="6.35883">
        <ele>874.8</ele>
      </trkpt>
      <trkpt lat="44.46777" lon="6.35878">
        <ele>875.8</ele>
      </trkpt>
      <trkpt lat="44.46776" lon="6.35872">
        <ele>876.6</ele>
      </trkpt>
      <trkpt lat="44.46769" lon="6.35851">
        <ele>878.6</ele>
      </trkpt>
      <trkpt lat="44.46768" lon="6.3584">
        <ele>879.9</ele>
      </trkpt>
      <trkpt lat="44.46772" lon="6.35811">
        <ele>881.9</ele>
      </trkpt>
      <trkpt lat="44.46774" lon="6.35797">
        <ele>882.4</ele>
      </trkpt>
      <trkpt lat="44.46781" lon="6.35783">
        <ele>884.5</ele>
      </trkpt>
      <trkpt lat="44.46791" lon="6.35767">
        <ele>887.8</ele>
      </trkpt>
      <trkpt lat="44.46799" lon="6.35743">
        <ele>890.9</ele>
      </trkpt>
      <trkpt lat="44.46802" lon="6.3574">
        <ele>891.8</ele>
      </trkpt>
      <trkpt lat="44.46805" lon="6.35741">
        <ele>892.8</ele>
      </trkpt>
      <trkpt lat="44.46807" lon="6.35745">
        <ele>893.4</ele>
      </trkpt>
      <trkpt lat="44.468" lon="6.35778">
        <ele>890.1</ele>
      </trkpt>
      <trkpt lat="44.46797" lon="6.35799">
        <ele>888.4</ele>
      </trkpt>
      <trkpt lat="44.46799" lon="6.35807">
        <ele>888.6</ele>
      </trkpt>
      <trkpt lat="44.46801" lon="6.35812">
        <ele>888.9</ele>
      </trkpt>
      <trkpt lat="44.4681" lon="6.35815">
        <ele>890.9</ele>
      </trkpt>
      <trkpt lat="44.46815" lon="6.35812">
        <ele>892.3</ele>
      </trkpt>
      <trkpt lat="44.46833" lon="6.35793">
        <ele>898.3</ele>
      </trkpt>
      <trkpt lat="44.46839" lon="6.35793">
        <ele>900.0</ele>
      </trkpt>
      <trkpt lat="44.46858" lon="6.35797">
        <ele>904.8</ele>
      </trkpt>
      <trkpt lat="44.46868" lon="6.35804">
        <ele>906.8</ele>
      </trkpt>
      <trkpt lat="44.46883" lon="6.35823">
        <ele>908.7</ele>
      </trkpt>
      <trkpt lat="44.46913" lon="6.35846">
        <ele>912.3</ele>
      </trkpt>
      <trkpt lat="44.46918" lon="6.35848">
        <ele>913.1</ele>
      </trkpt>
      <trkpt lat="44.46926" lon="6.35845">
        <ele>915.4</ele>
      </trkpt>
      <trkpt lat="44.46928" lon="6.35839">
        <ele>917.0</ele>
      </trkpt>
      <trkpt lat="44.46927" lon="6.35831">
        <ele>918.3</ele>
      </trkpt>
      <trkpt lat="44.46919" lon="6.35818">
        <ele>918.5</ele>
      </trkpt>
      <trkpt lat="44.46912" lon="6.35809">
        <ele>918.0</ele>
      </trkpt>
      <trkpt lat="44.46905" lon="6.35792">
        <ele>918.2</ele>
      </trkpt>
      <trkpt lat="44.46901" lon="6.35775">
        <ele>919.2</ele>
      </trkpt>
      <trkpt lat="44.46898" lon="6.35757">
        <ele>920.6</ele>
      </trkpt>
      <trkpt lat="44.469" lon="6.35745">
        <ele>921.9</ele>
      </trkpt>
      <trkpt lat="44.46906" lon="6.35728">
        <ele>923.5</ele>
      </trkpt>
      <trkpt lat="44.46912" lon="6.35684">
        <ele>924.8</ele>
      </trkpt>
      <trkpt lat="44.46914" lon="6.3568">
        <ele>925.3</ele>
      </trkpt>
      <trkpt lat="44.46918" lon="6.35679">
        <ele>926.6</ele>
      </trkpt>
      <trkpt lat="44.46921" lon="6.35681">
        <ele>927.7</ele>
      </trkpt>
      <trkpt lat="44.46923" lon="6.35685">
        <ele>928.5</ele>
      </trkpt>
      <trkpt lat="44.46925" lon="6.35697">
        <ele>929.2</ele>
      </trkpt>
      <trkpt lat="44.46937" lon="6.35746">
        <ele>932.9</ele>
      </trkpt>
      <trkpt lat="44.46942" lon="6.35751">
        <ele>934.1</ele>
      </trkpt>
      <trkpt lat="44.46946" lon="6.3575">
        <ele>935.5</ele>
      </trkpt>
      <trkpt lat="44.46949" lon="6.35746">
        <ele>936.4</ele>
      </trkpt>
      <trkpt lat="44.4695" lon="6.35738">
        <ele>936.9</ele>
      </trkpt>
      <trkpt lat="44.4695" lon="6.35701">
        <ele>937.7</ele>
      </trkpt>
      <trkpt lat="44.46953" lon="6.35687">
        <ele>939.0</ele>
      </trkpt>
      <trkpt lat="44.46972" lon="6.35657">
        <ele>945.5</ele>
      </trkpt>
      <trkpt lat="44.46982" lon="6.35646">
        <ele>948.1</ele>
      </trkpt>
      <trkpt lat="44.46994" lon="6.35629">
        <ele>950.7</ele>
      </trkpt>
      <trkpt lat="44.47007" lon="6.35601">
        <ele>952.5</ele>
      </trkpt>
      <trkpt lat="44.47014" lon="6.35603">
        <ele>955.2</ele>
      </trkpt>
      <trkpt lat="44.47015" lon="6.35608">
        <ele>956.1</ele>
      </trkpt>
      <trkpt lat="44.47014" lon="6.35615">
        <ele>956.4</ele>
      </trkpt>
      <trkpt lat="44.47003" lon="6.35644">
        <ele>955.5</ele>
      </trkpt>
      <trkpt lat="44.47" lon="6.35657">
        <ele>956.0</ele>
      </trkpt>
      <trkpt lat="44.47" lon="6.35674">
        <ele>956.5</ele>
      </trkpt>
      <trkpt lat="44.47018" lon="6.35724">
        <ele>957.7</ele>
      </trkpt>
      <trkpt lat="44.47023" lon="6.35725">
        <ele>958.9</ele>
      </trkpt>
      <trkpt lat="44.47026" lon="6.35716">
        <ele>960.5</ele>
      </trkpt>
      <trkpt lat="44.47023" lon="6.35699">
        <ele>961.1</ele>
      </trkpt>
      <trkpt lat="44.47026" lon="6.35685">
        <ele>963.2</ele>
      </trkpt>
      <trkpt lat="44.47041" lon="6.3564">
        <ele>967.5</ele>
      </trkpt>
      <trkpt lat="44.47069" lon="6.35596">
        <ele>975.0</ele>
      </trkpt>
      <trkpt lat="44.47069" lon="6.35597">
        <ele>975.0</ele>
      </trkpt>
      <trkpt lat="44.47069" lon="6.35597">
        <ele>975.0</ele>
      </trkpt>
      <trkpt lat="44.47075" lon="6.35587">
        <ele>976.9</ele>
      </trkpt>
      <trkpt lat="44.47089" lon="6.35556">
        <ele>979.8</ele>
      </trkpt>
      <trkpt lat="44.47096" lon="6.35533">
        <ele>980.9</ele>
      </trkpt>
      <trkpt lat="44.47112" lon="6.35502">
        <ele>986.2</ele>
      </trkpt>
      <trkpt lat="44.47124" lon="6.35484">
        <ele>990.6</ele>
      </trkpt>
      <trkpt lat="44.47133" lon="6.35457">
        <ele>993.2</ele>
      </trkpt>
      <trkpt lat="44.47138" lon="6.35436">
        <ele>994.3</ele>
      </trkpt>
      <trkpt lat="44.4714" lon="6.35407">
        <ele>993.3</ele>
      </trkpt>
      <trkpt lat="44.47146" lon="6.35383">
        <ele>993.4</ele>
      </trkpt>
      <trkpt lat="44.47157" lon="6.35358">
        <ele>994.9</ele>
      </trkpt>
      <trkpt lat="44.47173" lon="6.3534">
        <ele>997.0</ele>
      </trkpt>
      <trkpt lat="44.47192" lon="6.3533">
        <ele>998.3</ele>
      </trkpt>
      <trkpt lat="44.47219" lon="6.35322">
        <ele>1000.8</ele>
      </trkpt>
      <trkpt lat="44.47248" lon="6.35318">
        <ele>1004.0</ele>
      </trkpt>
      <trkpt lat="44.4726" lon="6.35314">
        <ele>1003.5</ele>
      </trkpt>
      <trkpt lat="44.47267" lon="6.35314">
        <ele>1003.6</ele>
      </trkpt>
      <trkpt lat="44.47273" lon="6.35319">
        <ele>1004.8</ele>
      </trkpt>
      <trkpt lat="44.47278" lon="6.35326">
        <ele>1006.4</ele>
      </trkpt>
      <trkpt lat="44.47281" lon="6.35334">
        <ele>1008.1</ele>
      </trkpt>
      <trkpt lat="44.47283" lon="6.35352">
        <ele>1009.8</ele>
      </trkpt>
      <trkpt lat="44.47283" lon="6.35367">
        <ele>1011.3</ele>
      </trkpt>
      <trkpt lat="44.47287" lon="6.35377">
        <ele>1012.0</ele>
      </trkpt>
      <trkpt lat="44.47294" lon="6.35386">
        <ele>1012.2</ele>
      </trkpt>
      <trkpt lat="44.47307" lon="6.35394">
        <ele>1011.5</ele>
      </trkpt>
      <trkpt lat="44.4732" lon="6.35399">
        <ele>1010.3</ele>
      </trkpt>
      <trkpt lat="44.47328" lon="6.35401">
        <ele>1009.4</ele>
      </trkpt>
      <trkpt lat="44.47334" lon="6.354">
        <ele>1008.9</ele>
      </trkpt>
      <trkpt lat="44.47338" lon="6.35399">
        <ele>1009.5</ele>
      </trkpt>
      <trkpt lat="44.47343" lon="6.35392">
        <ele>1010.1</ele>
      </trkpt>
      <trkpt lat="44.47362" lon="6.35345">
        <ele>1013.1</ele>
      </trkpt>
      <trkpt lat="44.47372" lon="6.35332">
        <ele>1014.7</ele>
      </trkpt>
      <trkpt lat="44.47386" lon="6.35318">
        <ele>1015.0</ele>
      </trkpt>
      <trkpt lat="44.47423" lon="6.35275">
        <ele>1016.7</ele>
      </trkpt>
      <trkpt lat="44.47428" lon="6.3527">
        <ele>1017.6</ele>
      </trkpt>
      <trkpt lat="44.47433" lon="6.35269">
        <ele>1019.1</ele>
      </trkpt>
      <trkpt lat="44.47436" lon="6.35273">
        <ele>1020.7</ele>
      </trkpt>
      <trkpt lat="44.47436" lon="6.35278">
        <ele>1021.4</ele>
      </trkpt>
      <trkpt lat="44.47434" lon="6.35283">
        <ele>1021.4</ele>
      </trkpt>
      <trkpt lat="44.47426" lon="6.35292">
        <ele>1020.1</ele>
      </trkpt>
      <trkpt lat="44.4742" lon="6.35302">
        <ele>1019.6</ele>
      </trkpt>
      <trkpt lat="44.47417" lon="6.35312">
        <ele>1020.0</ele>
      </trkpt>
      <trkpt lat="44.47415" lon="6.35323">
        <ele>1021.2</ele>
      </trkpt>
      <trkpt lat="44.47417" lon="6.3533">
        <ele>1022.6</ele>
      </trkpt>
      <trkpt lat="44.4742" lon="6.35337">
        <ele>1023.9</ele>
      </trkpt>
      <trkpt lat="44.47427" lon="6.35343">
        <ele>1025.8</ele>
      </trkpt>
      <trkpt lat="44.47457" lon="6.35367">
        <ele>1032.8</ele>
      </trkpt>
      <trkpt lat="44.47461" lon="6.35366">
        <ele>1034.0</ele>
      </trkpt>
      <trkpt lat="44.47466" lon="6.35362">
        <ele>1035.7</ele>
      </trkpt>
      <trkpt lat="44.47468" lon="6.35354">
        <ele>1037.1</ele>
      </trkpt>
      <trkpt lat="44.47467" lon="6.35346">
        <ele>1037.5</ele>
      </trkpt>
      <trkpt lat="44.47461" lon="6.35328">
        <ele>1036.1</ele>
      </trkpt>
      <trkpt lat="44.4746" lon="6.35319">
        <ele>1034.6</ele>
      </trkpt>
      <trkpt lat="44.47461" lon="6.35308">
        <ele>1033.5</ele>
      </trkpt>
      <trkpt lat="44.47464" lon="6.35303">
        <ele>1033.8</ele>
      </trkpt>
      <trkpt lat="44.47468" lon="6.35301">
        <ele>1034.8</ele>
      </trkpt>
      <trkpt lat="44.47474" lon="6.35302">
        <ele>1036.9</ele>
      </trkpt>
      <trkpt lat="44.47491" lon="6.35318">
        <ele>1044.3</ele>
      </trkpt>
      <trkpt lat="44.4751" lon="6.35342">
        <ele>1051.5</ele>
      </trkpt>
      <trkpt lat="44.47531" lon="6.35371">
        <ele>1055.7</ele>
      </trkpt>
      <trkpt lat="44.47536" lon="6.35381">
        <ele>1056.4</ele>
      </trkpt>
      <trkpt lat="44.4754" lon="6.35392">
        <ele>1056.7</ele>
      </trkpt>
      <trkpt lat="44.47546" lon="6.3541">
        <ele>1057.0</ele>
      </trkpt>
      <trkpt lat="44.4755" lon="6.35419">
        <ele>1057.4</ele>
      </trkpt>
      <trkpt lat="44.47557" lon="6.35429">
        <ele>1058.4</ele>
      </trkpt>
      <trkpt lat="44.47568" lon="6.3545">
        <ele>1058.8</ele>
      </trkpt>
      <trkpt lat="44.47571" lon="6.35452">
        <ele>1059.5</ele>
      </trkpt>
      <trkpt lat="44.47574" lon="6.35452">
        <ele>1060.7</ele>
      </trkpt>
      <trkpt lat="44.47577" lon="6.3545">
        <ele>1062.2</ele>
      </trkpt>
      <trkpt lat="44.47577" lon="6.35445">
        <ele>1063.1</ele>
      </trkpt>
      <trkpt lat="44.47575" lon="6.35438">
        <ele>1063.7</ele>
      </trkpt>
      <trkpt lat="44.47568" lon="6.35425">
        <ele>1063.4</ele>
      </trkpt>
      <trkpt lat="44.47566" lon="6.35417">
        <ele>1064.1</ele>
      </trkpt>
      <trkpt lat="44.47565" lon="6.35408">
        <ele>1064.6</ele>
      </trkpt>
      <trkpt lat="44.47566" lon="6.35398">
        <ele>1066.1</ele>
      </trkpt>
      <trkpt lat="44.47573" lon="6.35371">
        <ele>1071.5</ele>
      </trkpt>
      <trkpt lat="44.47573" lon="6.35362">
        <ele>1072.4</ele>
      </trkpt>
      <trkpt lat="44.4757" lon="6.35344">
        <ele>1073.1</ele>
      </trkpt>
      <trkpt lat="44.4757" lon="6.35328">
        <ele>1073.5</ele>
      </trkpt>
      <trkpt lat="44.47576" lon="6.35295">
        <ele>1070.9</ele>
      </trkpt>
      <trkpt lat="44.4758" lon="6.35285">
        <ele>1070.9</ele>
      </trkpt>
      <trkpt lat="44.47588" lon="6.35272">
        <ele>1072.1</ele>
      </trkpt>
      <trkpt lat="44.47594" lon="6.35266">
        <ele>1073.8</ele>
      </trkpt>
      <trkpt lat="44.47597" lon="6.35267">
        <ele>1075.2</ele>
      </trkpt>
      <trkpt lat="44.47598" lon="6.35271">
        <ele>1076.1</ele>
      </trkpt>
      <trkpt lat="44.47598" lon="6.35275">
        <ele>1076.6</ele>
      </trkpt>
      <trkpt lat="44.47594" lon="6.35283">
        <ele>1076.1</ele>
      </trkpt>
      <trkpt lat="44.47593" lon="6.35295">
        <ele>1077.3</ele>
      </trkpt>
      <trkpt lat="44.47594" lon="6.3532">
        <ele>1081.1</ele>
      </trkpt>
      <trkpt lat="44.47598" lon="6.35344">
        <ele>1083.1</ele>
      </trkpt>
      <trkpt lat="44.47604" lon="6.35365">
        <ele>1082.9</ele>
      </trkpt>
      <trkpt lat="44.47611" lon="6.35376">
        <ele>1084.0</ele>
      </trkpt>
      <trkpt lat="44.47614" lon="6.35383">
        <ele>1084.2</ele>
      </trkpt>
      <trkpt lat="44.47617" lon="6.35404">
        <ele>1082.6</ele>
      </trkpt>
      <trkpt lat="44.4762" lon="6.35415">
        <ele>1082.2</ele>
      </trkpt>
      <trkpt lat="44.47632" lon="6.3544">
        <ele>1080.1</ele>
      </trkpt>
      <trkpt lat="44.47636" lon="6.35445">
        <ele>1080.1</ele>
      </trkpt>
      <trkpt lat="44.4764" lon="6.35446">
        <ele>1080.9</ele>
      </trkpt>
      <trkpt lat="44.47645" lon="6.35445">
        <ele>1082.6</ele>
      </trkpt>
      <trkpt lat="44.47652" lon="6.35436">
        <ele>1086.7</ele>
      </trkpt>
      <trkpt lat="44.47673" lon="6.35425">
        <ele>1094.7</ele>
      </trkpt>
      <trkpt lat="44.4768" lon="6.35423">
        <ele>1096.1</ele>
      </trkpt>
      <trkpt lat="44.47691" lon="6.35422">
        <ele>1097.8</ele>
      </trkpt>
      <trkpt lat="44.47694" lon="6.35419">
        <ele>1099.0</ele>
      </trkpt>
      <trkpt lat="44.47695" lon="6.35416">
        <ele>1099.9</ele>
      </trkpt>
      <trkpt lat="44.47695" lon="6.35411">
        <ele>1100.7</ele>
      </trkpt>
      <trkpt lat="44.4769" lon="6.35407">
        <ele>1100.8</ele>
      </trkpt>
      <trkpt lat="44.4768" lon="6.35401">
        <ele>1100.4</ele>
      </trkpt>
      <trkpt lat="44.47656" lon="6.35381">
        <ele>1098.1</ele>
      </trkpt>
      <trkpt lat="44.47655" lon="6.35373">
        <ele>1099.0</ele>
      </trkpt>
      <trkpt lat="44.47658" lon="6.35367">
        <ele>1100.8</ele>
      </trkpt>
      <trkpt lat="44.47666" lon="6.35366">
        <ele>1103.7</ele>
      </trkpt>
      <trkpt lat="44.47681" lon="6.35365">
        <ele>1106.5</ele>
      </trkpt>
      <trkpt lat="44.47702" lon="6.35367">
        <ele>1109.7</ele>
      </trkpt>
      <trkpt lat="44.47722" lon="6.35362">
        <ele>1114.0</ele>
      </trkpt>
      <trkpt lat="44.47743" lon="6.35344">
        <ele>1121.4</ele>
      </trkpt>
      <trkpt lat="44.47756" lon="6.35338">
        <ele>1126.0</ele>
      </trkpt>
      <trkpt lat="44.47762" lon="6.35337">
        <ele>1128.3</ele>
      </trkpt>
      <trkpt lat="44.47766" lon="6.35341">
        <ele>1128.8</ele>
      </trkpt>
      <trkpt lat="44.47773" lon="6.35361">
        <ele>1126.9</ele>
      </trkpt>
      <trkpt lat="44.47776" lon="6.35365">
        <ele>1127.1</ele>
      </trkpt>
      <trkpt lat="44.47799" lon="6.35388">
        <ele>1130.4</ele>
      </trkpt>
      <trkpt lat="44.47804" lon="6.35395">
        <ele>1130.8</ele>
      </trkpt>
      <trkpt lat="44.47825" lon="6.35408">
        <ele>1135.7</ele>
      </trkpt>
      <trkpt lat="44.47832" lon="6.35415">
        <ele>1136.8</ele>
      </trkpt>
      <trkpt lat="44.47842" lon="6.35432">
        <ele>1135.9</ele>
      </trkpt>
      <trkpt lat="44.47852" lon="6.35443">
        <ele>1136.2</ele>
      </trkpt>
      <trkpt lat="44.47861" lon="6.35451">
        <ele>1136.8</ele>
      </trkpt>
      <trkpt lat="44.47869" lon="6.35452">
        <ele>1138.8</ele>
      </trkpt>
      <trkpt lat="44.4787" lon="6.35448">
        <ele>1140.0</ele>
      </trkpt>
      <trkpt lat="44.4787" lon="6.35443">
        <ele>1141.1</ele>
      </trkpt>
      <trkpt lat="44.47866" lon="6.35437">
        <ele>1141.4</ele>
      </trkpt>
      <trkpt lat="44.47861" lon="6.35432">
        <ele>1141.1</ele>
      </trkpt>
      <trkpt lat="44.47853" lon="6.35421">
        <ele>1141.4</ele>
      </trkpt>
      <trkpt lat="44.4785" lon="6.35412">
        <ele>1142.6</ele>
      </trkpt>
      <trkpt lat="44.47848" lon="6.35401">
        <ele>1144.4</ele>
      </trkpt>
      <trkpt lat="44.47849" lon="6.35396">
        <ele>1145.7</ele>
      </trkpt>
      <trkpt lat="44.47852" lon="6.35393">
        <ele>1147.3</ele>
      </trkpt>
      <trkpt lat="44.47855" lon="6.35395">
        <ele>1147.8</ele>
      </trkpt>
      <trkpt lat="44.47861" lon="6.35411">
        <ele>1145.9</ele>
      </trkpt>
      <trkpt lat="44.47867" lon="6.35422">
        <ele>1145.1</ele>
      </trkpt>
      <trkpt lat="44.47876" lon="6.35428">
        <ele>1146.2</ele>
      </trkpt>
      <trkpt lat="44.47885" lon="6.3543">
        <ele>1148.2</ele>
      </trkpt>
      <trkpt lat="44.47897" lon="6.3543">
        <ele>1151.5</ele>
      </trkpt>
      <trkpt lat="44.47913" lon="6.35427">
        <ele>1156.6</ele>
      </trkpt>
      <trkpt lat="44.47929" lon="6.35416">
        <ele>1162.3</ele>
      </trkpt>
      <trkpt lat="44.47942" lon="6.35409">
        <ele>1166.5</ele>
      </trkpt>
      <trkpt lat="44.4795" lon="6.35411">
        <ele>1167.3</ele>
      </trkpt>
      <trkpt lat="44.47961" lon="6.35423">
        <ele>1166.3</ele>
      </trkpt>
      <trkpt lat="44.47992" lon="6.35442">
        <ele>1168.8</ele>
      </trkpt>
      <trkpt lat="44.48037" lon="6.35461">
        <ele>1174.9</ele>
      </trkpt>
      <trkpt lat="44.48082" lon="6.3548">
        <ele>1179.8</ele>
      </trkpt>
      <trkpt lat="44.48106" lon="6.35492">
        <ele>1184.0</ele>
      </trkpt>
      <trkpt lat="44.48117" lon="6.35499">
        <ele>1185.9</ele>
      </trkpt>
      <trkpt lat="44.48151" lon="6.35532">
        <ele>1190.4</ele>
      </trkpt>
      <trkpt lat="44.48163" lon="6.35547">
        <ele>1191.2</ele>
      </trkpt>
      <trkpt lat="44.48171" lon="6.35561">
        <ele>1190.9</ele>
      </trkpt>
      <trkpt lat="44.48176" lon="6.35568">
        <ele>1191.0</ele>
      </trkpt>
      <trkpt lat="44.48178" lon="6.35569">
        <ele>1191.4</ele>
      </trkpt>
      <trkpt lat="44.48181" lon="6.35568">
        <ele>1192.4</ele>
      </trkpt>
      <trkpt lat="44.48182" lon="6.35566">
        <ele>1193.0</ele>
      </trkpt>
      <trkpt lat="44.48182" lon="6.3556">
        <ele>1194.0</ele>
      </trkpt>
      <trkpt lat="44.48174" lon="6.35539">
        <ele>1195.4</ele>
      </trkpt>
      <trkpt lat="44.48172" lon="6.35525">
        <ele>1197.2</ele>
      </trkpt>
      <trkpt lat="44.4817" lon="6.35499">
        <ele>1201.0</ele>
      </trkpt>
      <trkpt lat="44.48163" lon="6.3544">
        <ele>1207.1</ele>
      </trkpt>
      <trkpt lat="44.48161" lon="6.35428">
        <ele>1208.2</ele>
      </trkpt>
      <trkpt lat="44.48143" lon="6.35402">
        <ele>1207.4</ele>
      </trkpt>
      <trkpt lat="44.48139" lon="6.35395">
        <ele>1207.4</ele>
      </trkpt>
      <trkpt lat="44.48131" lon="6.35364">
        <ele>1209.3</ele>
      </trkpt>
      <trkpt lat="44.48126" lon="6.35334">
        <ele>1212.1</ele>
      </trkpt>
      <trkpt lat="44.4812" lon="6.35313">
        <ele>1214.8</ele>
      </trkpt>
      <trkpt lat="44.48115" lon="6.35302">
        <ele>1216.0</ele>
      </trkpt>
      <trkpt lat="44.48106" lon="6.35292">
        <ele>1216.7</ele>
      </trkpt>
      <trkpt lat="44.4807" lon="6.35263">
        <ele>1218.6</ele>
      </trkpt>
      <trkpt lat="44.48054" lon="6.35248">
        <ele>1220.2</ele>
      </trkpt>
      <trkpt lat="44.4805" lon="6.35244">
        <ele>1219.9</ele>
      </trkpt>
      <trkpt lat="44.48048" lon="6.35237">
        <ele>1219.6</ele>
      </trkpt>
      <trkpt lat="44.48049" lon="6.35232">
        <ele>1219.6</ele>
      </trkpt>
      <trkpt lat="44.48052" lon="6.35229">
        <ele>1219.8</ele>
      </trkpt>
      <trkpt lat="44.48057" lon="6.35228">
        <ele>1220.3</ele>
      </trkpt>
      <trkpt lat="44.48075" lon="6.3523">
        <ele>1222.0</ele>
      </trkpt>
      <trkpt lat="44.48119" lon="6.35225">
        <ele>1227.6</ele>
      </trkpt>
      <trkpt lat="44.48165" lon="6.35212">
        <ele>1235.7</ele>
      </trkpt>
      <trkpt lat="44.48179" lon="6.35204">
        <ele>1237.6</ele>
      </trkpt>
      <trkpt lat="44.48207" lon="6.35185">
        <ele>1240.5</ele>
      </trkpt>
      <trkpt lat="44.48255" lon="6.3516">
        <ele>1242.3</ele>
      </trkpt>
      <trkpt lat="44.48276" lon="6.35153">
        <ele>1245.1</ele>
      </trkpt>
      <trkpt lat="44.48294" lon="6.35137">
        <ele>1246.7</ele>
      </trkpt>
      <trkpt lat="44.4835" lon="6.35097">
        <ele>1253.1</ele>
      </trkpt>
      <trkpt lat="44.48378" lon="6.35071">
        <ele>1256.0</ele>
      </trkpt>
      <trkpt lat="44.48395" lon="6.35058">
        <ele>1258.3</ele>
      </trkpt>
      <trkpt lat="44.48432" lon="6.35031">
        <ele>1263.6</ele>
      </trkpt>
      <trkpt lat="44.48451" lon="6.35015">
        <ele>1266.0</ele>
      </trkpt>
      <trkpt lat="44.48474" lon="6.34999">
        <ele>1269.3</ele>
      </trkpt>
      <trkpt lat="44.48498" lon="6.34988">
        <ele>1273.1</ele>
      </trkpt>
      <trkpt lat="44.4851" lon="6.34981">
        <ele>1274.8</ele>
      </trkpt>
      <trkpt lat="44.48525" lon="6.34962">
        <ele>1276.4</ele>
      </trkpt>
      <trkpt lat="44.48536" lon="6.34945">
        <ele>1277.4</ele>
      </trkpt>
      <trkpt lat="44.48546" lon="6.34936">
        <ele>1278.7</ele>
      </trkpt>
      <trkpt lat="44.48559" lon="6.3493">
        <ele>1280.6</ele>
      </trkpt>
      <trkpt lat="44.48569" lon="6.34928">
        <ele>1282.1</ele>
      </trkpt>
      <trkpt lat="44.48581" lon="6.34928">
        <ele>1284.2</ele>
      </trkpt>
      <trkpt lat="44.4861" lon="6.34933">
        <ele>1288.0</ele>
      </trkpt>
      <trkpt lat="44.48616" lon="6.34932">
        <ele>1288.7</ele>
      </trkpt>
      <trkpt lat="44.48626" lon="6.34926">
        <ele>1289.4</ele>
      </trkpt>
      <trkpt lat="44.48634" lon="6.34917">
        <ele>1289.5</ele>
      </trkpt>
      <trkpt lat="44.48651" lon="6.34895">
        <ele>1289.1</ele>
      </trkpt>
      <trkpt lat="44.48657" lon="6.34889">
        <ele>1289.1</ele>
      </trkpt>
      <trkpt lat="44.48662" lon="6.34887">
        <ele>1289.4</ele>
      </trkpt>
      <trkpt lat="44.48669" lon="6.34887">
        <ele>1290.0</ele>
      </trkpt>
      <trkpt lat="44.48686" lon="6.34889">
        <ele>1292.1</ele>
      </trkpt>
      <trkpt lat="44.48708" lon="6.34885">
        <ele>1294.0</ele>
      </trkpt>
      <trkpt lat="44.48727" lon="6.3488">
        <ele>1295.3</ele>
      </trkpt>
      <trkpt lat="44.48753" lon="6.34867">
        <ele>1296.1</ele>
      </trkpt>
      <trkpt lat="44.48775" lon="6.34857">
        <ele>1296.2</ele>
      </trkpt>
      <trkpt lat="44.48791" lon="6.34854">
        <ele>1296.8</ele>
      </trkpt>
      <trkpt lat="44.48817" lon="6.34854">
        <ele>1298.6</ele>
      </trkpt>
      <trkpt lat="44.48828" lon="6.34856">
        <ele>1299.7</ele>
      </trkpt>
      <trkpt lat="44.48852" lon="6.34868">
        <ele>1301.1</ele>
      </trkpt>
      <trkpt lat="44.48903" lon="6.3491">
        <ele>1303.4</ele>
      </trkpt>
      <trkpt lat="44.48957" lon="6.34939">
        <ele>1302.0</ele>
      </trkpt>
      <trkpt lat="44.48964" lon="6.34946">
        <ele>1302.4</ele>
      </trkpt>
      <trkpt lat="44.48969" lon="6.34957">
        <ele>1303.9</ele>
      </trkpt>
      <trkpt lat="44.48976" lon="6.34973">
        <ele>1306.0</ele>
      </trkpt>
      <trkpt lat="44.48982" lon="6.34985">
        <ele>1307.4</ele>
      </trkpt>
      <trkpt lat="44.4899" lon="6.34993">
        <ele>1307.5</ele>
      </trkpt>
      <trkpt lat="44.48994" lon="6.34996">
        <ele>1307.4</ele>
      </trkpt>
      <trkpt lat="44.49007" lon="6.34997">
        <ele>1305.1</ele>
      </trkpt>
      <trkpt lat="44.49013" lon="6.34995">
        <ele>1303.6</ele>
      </trkpt>
      <trkpt lat="44.49029" lon="6.34988">
        <ele>1298.9</ele>
      </trkpt>
      <trkpt lat="44.49035" lon="6.34987">
        <ele>1297.5</ele>
      </trkpt>
      <trkpt lat="44.4904" lon="6.34988">
        <ele>1296.7</ele>
      </trkpt>
      <trkpt lat="44.49089" lon="6.35007">
        <ele>1293.0</ele>
      </trkpt>
      <trkpt lat="44.49094" lon="6.35016">
        <ele>1294.8</ele>
      </trkpt>
      <trkpt lat="44.49104" lon="6.35038">
        <ele>1299.8</ele>
      </trkpt>
      <trkpt lat="44.49111" lon="6.35054">
        <ele>1303.4</ele>
      </trkpt>
      <trkpt lat="44.49115" lon="6.35057">
        <ele>1303.6</ele>
      </trkpt>
      <trkpt lat="44.49119" lon="6.35057">
        <ele>1302.8</ele>
      </trkpt>
      <trkpt lat="44.49132" lon="6.35053">
        <ele>1299.0</ele>
      </trkpt>
      <trkpt lat="44.49142" lon="6.35046">
        <ele>1294.8</ele>
      </trkpt>
      <trkpt lat="44.49152" lon="6.35043">
        <ele>1291.8</ele>
      </trkpt>
      <trkpt lat="44.49163" lon="6.35043">
        <ele>1289.7</ele>
      </trkpt>
      <trkpt lat="44.49178" lon="6.35055">
        <ele>1291.5</ele>
      </trkpt>
      <trkpt lat="44.49232" lon="6.35073">
        <ele>1290.4</ele>
      </trkpt>
      <trkpt lat="44.49257" lon="6.35082">
        <ele>1289.0</ele>
      </trkpt>
      <trkpt lat="44.49288" lon="6.35092">
        <ele>1285.1</ele>
      </trkpt>
      <trkpt lat="44.49318" lon="6.3509">
        <ele>1277.6</ele>
      </trkpt>
      <trkpt lat="44.49328" lon="6.35091">
        <ele>1275.6</ele>
      </trkpt>
      <trkpt lat="44.49339" lon="6.35095">
        <ele>1274.1</ele>
      </trkpt>
      <trkpt lat="44.49366" lon="6.35115">
        <ele>1272.1</ele>
      </trkpt>
      <trkpt lat="44.49373" lon="6.35119">
        <ele>1271.0</ele>
      </trkpt>
      <trkpt lat="44.49382" lon="6.35121">
        <ele>1268.8</ele>
      </trkpt>
      <trkpt lat="44.49402" lon="6.35122">
        <ele>1262.9</ele>
      </trkpt>
      <trkpt lat="44.49408" lon="6.35125">
        <ele>1261.7</ele>
      </trkpt>
      <trkpt lat="44.49413" lon="6.35135">
        <ele>1262.3</ele>
      </trkpt>
      <trkpt lat="44.49421" lon="6.35178">
        <ele>1266.9</ele>
      </trkpt>
      <trkpt lat="44.49428" lon="6.352">
        <ele>1265.8</ele>
      </trkpt>
      <trkpt lat="44.49437" lon="6.35222">
        <ele>1264.7</ele>
      </trkpt>
      <trkpt lat="44.49454" lon="6.35257">
        <ele>1264.8</ele>
      </trkpt>
      <trkpt lat="44.49458" lon="6.35262">
        <ele>1265.2</ele>
      </trkpt>
      <trkpt lat="44.49463" lon="6.35264">
        <ele>1264.6</ele>
      </trkpt>
      <trkpt lat="44.49468" lon="6.35262">
        <ele>1262.9</ele>
      </trkpt>
      <trkpt lat="44.49489" lon="6.35247">
        <ele>1254.1</ele>
      </trkpt>
      <trkpt lat="44.49496" lon="6.35243">
        <ele>1251.6</ele>
      </trkpt>
      <trkpt lat="44.49514" lon="6.35246">
        <ele>1248.0</ele>
      </trkpt>
      <trkpt lat="44.49524" lon="6.35253">
        <ele>1248.0</ele>
      </trkpt>
      <trkpt lat="44.49532" lon="6.35254">
        <ele>1246.7</ele>
      </trkpt>
      <trkpt lat="44.49546" lon="6.35255">
        <ele>1244.3</ele>
      </trkpt>
      <trkpt lat="44.49558" lon="6.3526">
        <ele>1244.3</ele>
      </trkpt>
      <trkpt lat="44.4958" lon="6.35272">
        <ele>1246.9</ele>
      </trkpt>
      <trkpt lat="44.49588" lon="6.35275">
        <ele>1247.2</ele>
      </trkpt>
      <trkpt lat="44.49628" lon="6.35276">
        <ele>1240.1</ele>
      </trkpt>
      <trkpt lat="44.49643" lon="6.35276">
        <ele>1237.2</ele>
      </trkpt>
      <trkpt lat="44.49676" lon="6.35265">
        <ele>1224.8</ele>
      </trkpt>
      <trkpt lat="44.49719" lon="6.35242">
        <ele>1207.9</ele>
      </trkpt>
      <trkpt lat="44.49725" lon="6.3524">
        <ele>1206.2</ele>
      </trkpt>
      <trkpt lat="44.49736" lon="6.35242">
        <ele>1205.8</ele>
      </trkpt>
      <trkpt lat="44.49755" lon="6.35254">
        <ele>1206.5</ele>
      </trkpt>
      <trkpt lat="44.4977" lon="6.35268">
        <ele>1202.4</ele>
      </trkpt>
      <trkpt lat="44.49777" lon="6.35277">
        <ele>1200.9</ele>
      </trkpt>
      <trkpt lat="44.49786" lon="6.35293">
        <ele>1199.8</ele>
      </trkpt>
      <trkpt lat="44.49791" lon="6.35323">
        <ele>1203.6</ele>
      </trkpt>
      <trkpt lat="44.49795" lon="6.35338">
        <ele>1203.4</ele>
      </trkpt>
      <trkpt lat="44.49801" lon="6.35357">
        <ele>1199.2</ele>
      </trkpt>
      <trkpt lat="44.49804" lon="6.35364">
        <ele>1197.3</ele>
      </trkpt>
      <trkpt lat="44.49806" lon="6.35372">
        <ele>1195.9</ele>
      </trkpt>
      <trkpt lat="44.49805" lon="6.3538">
        <ele>1196.1</ele>
      </trkpt>
      <trkpt lat="44.49802" lon="6.35388">
        <ele>1197.4</ele>
      </trkpt>
      <trkpt lat="44.49791" lon="6.35401">
        <ele>1202.6</ele>
      </trkpt>
      <trkpt lat="44.49786" lon="6.35412">
        <ele>1204.7</ele>
      </trkpt>
      <trkpt lat="44.49782" lon="6.35423">
        <ele>1205.9</ele>
      </trkpt>
      <trkpt lat="44.49779" lon="6.35443">
        <ele>1205.5</ele>
      </trkpt>
      <trkpt lat="44.49777" lon="6.35477">
        <ele>1203.2</ele>
      </trkpt>
      <trkpt lat="44.49774" lon="6.35499">
        <ele>1202.4</ele>
      </trkpt>
      <trkpt lat="44.49772" lon="6.3552">
        <ele>1204.1</ele>
      </trkpt>
      <trkpt lat="44.49773" lon="6.3553">
        <ele>1204.1</ele>
      </trkpt>
      <trkpt lat="44.49777" lon="6.35536">
        <ele>1202.8</ele>
      </trkpt>
      <trkpt lat="44.4981" lon="6.35555">
        <ele>1191.8</ele>
      </trkpt>
      <trkpt lat="44.49822" lon="6.35553">
        <ele>1187.2</ele>
      </trkpt>
      <trkpt lat="44.49835" lon="6.35549">
        <ele>1182.0</ele>
      </trkpt>
      <trkpt lat="44.49843" lon="6.35548">
        <ele>1179.5</ele>
      </trkpt>
      <trkpt lat="44.49853" lon="6.35548">
        <ele>1176.5</ele>
      </trkpt>
      <trkpt lat="44.4986" lon="6.35554">
        <ele>1175.1</ele>
      </trkpt>
      <trkpt lat="44.49866" lon="6.35562">
        <ele>1174.3</ele>
      </trkpt>
      <trkpt lat="44.4987" lon="6.35575">
        <ele>1174.6</ele>
      </trkpt>
      <trkpt lat="44.49874" lon="6.35593">
        <ele>1175.9</ele>
      </trkpt>
      <trkpt lat="44.49884" lon="6.35606">
        <ele>1174.5</ele>
      </trkpt>
      <trkpt lat="44.4989" lon="6.35614">
        <ele>1173.6</ele>
      </trkpt>
      <trkpt lat="44.49901" lon="6.35625">
        <ele>1170.9</ele>
      </trkpt>
      <trkpt lat="44.49923" lon="6.35662">
        <ele>1167.3</ele>
      </trkpt>
      <trkpt lat="44.49932" lon="6.35667">
        <ele>1166.1</ele>
      </trkpt>
      <trkpt lat="44.4995" lon="6.35673">
        <ele>1164.0</ele>
      </trkpt>
      <trkpt lat="44.49982" lon="6.35682">
        <ele>1159.7</ele>
      </trkpt>
      <trkpt lat="44.50029" lon="6.35678">
        <ele>1151.4</ele>
      </trkpt>
      <trkpt lat="44.50062" lon="6.35663">
        <ele>1144.1</ele>
      </trkpt>
      <trkpt lat="44.50071" lon="6.35663">
        <ele>1142.9</ele>
      </trkpt>
      <trkpt lat="44.50081" lon="6.35666">
        <ele>1142.2</ele>
      </trkpt>
      <trkpt lat="44.5009" lon="6.35669">
        <ele>1141.2</ele>
      </trkpt>
      <trkpt lat="44.50096" lon="6.35674">
        <ele>1141.1</ele>
      </trkpt>
      <trkpt lat="44.50116" lon="6.35685">
        <ele>1139.6</ele>
      </trkpt>
      <trkpt lat="44.5013" lon="6.35689">
        <ele>1137.7</ele>
      </trkpt>
      <trkpt lat="44.50146" lon="6.35696">
        <ele>1136.1</ele>
      </trkpt>
      <trkpt lat="44.50166" lon="6.35711">
        <ele>1135.1</ele>
      </trkpt>
      <trkpt lat="44.5018" lon="6.35724">
        <ele>1135.7</ele>
      </trkpt>
      <trkpt lat="44.50189" lon="6.35739">
        <ele>1136.9</ele>
      </trkpt>
      <trkpt lat="44.50194" lon="6.35742">
        <ele>1136.6</ele>
      </trkpt>
      <trkpt lat="44.50199" lon="6.35741">
        <ele>1135.7</ele>
      </trkpt>
      <trkpt lat="44.5021" lon="6.35738">
        <ele>1133.8</ele>
      </trkpt>
      <trkpt lat="44.50221" lon="6.35731">
        <ele>1131.4</ele>
      </trkpt>
      <trkpt lat="44.50226" lon="6.3572">
        <ele>1129.6</ele>
      </trkpt>
      <trkpt lat="44.50229" lon="6.35709">
        <ele>1128.2</ele>
      </trkpt>
      <trkpt lat="44.50232" lon="6.35678">
        <ele>1124.9</ele>
      </trkpt>
      <trkpt lat="44.5023" lon="6.35669">
        <ele>1124.2</ele>
      </trkpt>
      <trkpt lat="44.50232" lon="6.35645">
        <ele>1120.4</ele>
      </trkpt>
      <trkpt lat="44.50235" lon="6.35634">
        <ele>1118.7</ele>
      </trkpt>
      <trkpt lat="44.50239" lon="6.35625">
        <ele>1117.4</ele>
      </trkpt>
      <trkpt lat="44.50246" lon="6.35619">
        <ele>1116.6</ele>
      </trkpt>
      <trkpt lat="44.50255" lon="6.35615">
        <ele>1116.3</ele>
      </trkpt>
      <trkpt lat="44.5027" lon="6.35613">
        <ele>1116.6</ele>
      </trkpt>
      <trkpt lat="44.50292" lon="6.35625">
        <ele>1118.3</ele>
      </trkpt>
      <trkpt lat="44.50312" lon="6.35622">
        <ele>1118.5</ele>
      </trkpt>
      <trkpt lat="44.50321" lon="6.35626">
        <ele>1118.8</ele>
      </trkpt>
      <trkpt lat="44.50355" lon="6.35663">
        <ele>1119.2</ele>
      </trkpt>
      <trkpt lat="44.50361" lon="6.35673">
        <ele>1119.0</ele>
      </trkpt>
      <trkpt lat="44.50361" lon="6.35673">
        <ele>1119.0</ele>
      </trkpt>
      <trkpt lat="44.5037" lon="6.35687">
        <ele>1118.7</ele>
      </trkpt>
      <trkpt lat="44.50379" lon="6.35708">
        <ele>1118.4</ele>
      </trkpt>
      <trkpt lat="44.50394" lon="6.35741">
        <ele>1117.8</ele>
      </trkpt>
      <trkpt lat="44.50415" lon="6.35797">
        <ele>1116.0</ele>
      </trkpt>
      <trkpt lat="44.5042" lon="6.35827">
        <ele>1114.7</ele>
      </trkpt>
      <trkpt lat="44.5042" lon="6.35846">
        <ele>1114.4</ele>
      </trkpt>
      <trkpt lat="44.50416" lon="6.35857">
        <ele>1114.8</ele>
      </trkpt>
      <trkpt lat="44.50414" lon="6.35868">
        <ele>1114.8</ele>
      </trkpt>
      <trkpt lat="44.50414" lon="6.3588">
        <ele>1114.7</ele>
      </trkpt>
      <trkpt lat="44.50422" lon="6.35926">
        <ele>1113.6</ele>
      </trkpt>
      <trkpt lat="44.50461" lon="6.35971">
        <ele>1110.7</ele>
      </trkpt>
      <trkpt lat="44.50469" lon="6.36003">
        <ele>1111.7</ele>
      </trkpt>
      <trkpt lat="44.50473" lon="6.36037">
        <ele>1111.3</ele>
      </trkpt>
      <trkpt lat="44.50467" lon="6.36112">
        <ele>1107.7</ele>
      </trkpt>
      <trkpt lat="44.50455" lon="6.36146">
        <ele>1103.5</ele>
      </trkpt>
      <trkpt lat="44.50434" lon="6.36186">
        <ele>1097.4</ele>
      </trkpt>
      <trkpt lat="44.50406" lon="6.36219">
        <ele>1093.7</ele>
      </trkpt>
      <trkpt lat="44.5039" lon="6.36252">
        <ele>1090.7</ele>
      </trkpt>
      <trkpt lat="44.50389" lon="6.36266">
        <ele>1090.3</ele>
      </trkpt>
      <trkpt lat="44.50393" lon="6.3628">
        <ele>1088.8</ele>
      </trkpt>
      <trkpt lat="44.50403" lon="6.36297">
        <ele>1085.4</ele>
      </trkpt>
      <trkpt lat="44.50422" lon="6.36334">
        <ele>1078.0</ele>
      </trkpt>
      <trkpt lat="44.50431" lon="6.36383">
        <ele>1076.2</ele>
      </trkpt>
      <trkpt lat="44.5044" lon="6.36406">
        <ele>1074.3</ele>
      </trkpt>
      <trkpt lat="44.50433" lon="6.36421">
        <ele>1076.1</ele>
      </trkpt>
      <trkpt lat="44.50428" lon="6.36454">
        <ele>1080.9</ele>
      </trkpt>
      <trkpt lat="44.50427" lon="6.36501">
        <ele>1086.6</ele>
      </trkpt>
      <trkpt lat="44.50431" lon="6.36524">
        <ele>1091.0</ele>
      </trkpt>
      <trkpt lat="44.50439" lon="6.36544">
        <ele>1093.8</ele>
      </trkpt>
      <trkpt lat="44.50451" lon="6.36569">
        <ele>1097.1</ele>
      </trkpt>
      <trkpt lat="44.50462" lon="6.36583">
        <ele>1098.1</ele>
      </trkpt>
      <trkpt lat="44.50482" lon="6.366">
        <ele>1099.7</ele>
      </trkpt>
      <trkpt lat="44.50535" lon="6.36631">
        <ele>1101.4</ele>
      </trkpt>
      <trkpt lat="44.50535" lon="6.36631">
        <ele>1101.4</ele>
      </trkpt>
      <trkpt lat="44.50592" lon="6.36662">
        <ele>1103.5</ele>
      </trkpt>
      <trkpt lat="44.50616" lon="6.36679">
        <ele>1101.6</ele>
      </trkpt>
      <trkpt lat="44.50628" lon="6.36692">
        <ele>1100.7</ele>
      </trkpt>
      <trkpt lat="44.50636" lon="6.36713">
        <ele>1101.6</ele>
      </trkpt>
      <trkpt lat="44.50636" lon="6.36736">
        <ele>1104.6</ele>
      </trkpt>
      <trkpt lat="44.50632" lon="6.36759">
        <ele>1107.3</ele>
      </trkpt>
      <trkpt lat="44.50627" lon="6.36782">
        <ele>1108.8</ele>
      </trkpt>
      <trkpt lat="44.50616" lon="6.36804">
        <ele>1112.6</ele>
      </trkpt>
      <trkpt lat="44.50597" lon="6.36836">
        <ele>1120.6</ele>
      </trkpt>
      <trkpt lat="44.50581" lon="6.36873">
        <ele>1124.8</ele>
      </trkpt>
      <trkpt lat="44.50566" lon="6.36912">
        <ele>1127.6</ele>
      </trkpt>
      <trkpt lat="44.5055" lon="6.36937">
        <ele>1128.0</ele>
      </trkpt>
      <trkpt lat="44.50524" lon="6.3696">
        <ele>1131.7</ele>
      </trkpt>
      <trkpt lat="44.50489" lon="6.3698">
        <ele>1138.2</ele>
      </trkpt>
      <trkpt lat="44.50419" lon="6.37006">
        <ele>1148.7</ele>
      </trkpt>
      <trkpt lat="44.50396" lon="6.37041">
        <ele>1149.1</ele>
      </trkpt>
      <trkpt lat="44.50386" lon="6.37053">
        <ele>1149.4</ele>
      </trkpt>
      <trkpt lat="44.50379" lon="6.37056">
        <ele>1150.4</ele>
      </trkpt>
      <trkpt lat="44.50371" lon="6.37057">
        <ele>1151.9</ele>
      </trkpt>
      <trkpt lat="44.50354" lon="6.37054">
        <ele>1156.0</ele>
      </trkpt>
      <trkpt lat="44.50348" lon="6.37054">
        <ele>1157.2</ele>
      </trkpt>
      <trkpt lat="44.5033" lon="6.37061">
        <ele>1160.3</ele>
      </trkpt>
      <trkpt lat="44.50311" lon="6.37066">
        <ele>1161.4</ele>
      </trkpt>
      <trkpt lat="44.50305" lon="6.37069">
        <ele>1161.8</ele>
      </trkpt>
      <trkpt lat="44.50301" lon="6.37072">
        <ele>1162.0</ele>
      </trkpt>
      <trkpt lat="44.50301" lon="6.37074">
        <ele>1162.1</ele>
      </trkpt>
      <trkpt lat="44.503" lon="6.37077">
        <ele>1162.2</ele>
      </trkpt>
      <trkpt lat="44.503" lon="6.37083">
        <ele>1162.5</ele>
      </trkpt>
      <trkpt lat="44.50301" lon="6.37089">
        <ele>1162.8</ele>
      </trkpt>
      <trkpt lat="44.50312" lon="6.37104">
        <ele>1163.7</ele>
      </trkpt>
      <trkpt lat="44.50329" lon="6.37113">
        <ele>1157.1</ele>
      </trkpt>
      <trkpt lat="44.50333" lon="6.37119">
        <ele>1155.6</ele>
      </trkpt>
      <trkpt lat="44.50334" lon="6.37127">
        <ele>1155.4</ele>
      </trkpt>
      <trkpt lat="44.50334" lon="6.37137">
        <ele>1155.5</ele>
      </trkpt>
      <trkpt lat="44.50329" lon="6.37192">
        <ele>1159.8</ele>
      </trkpt>
      <trkpt lat="44.50332" lon="6.3724">
        <ele>1162.6</ele>
      </trkpt>
      <trkpt lat="44.50335" lon="6.37285">
        <ele>1166.7</ele>
      </trkpt>
      <trkpt lat="44.50338" lon="6.37381">
        <ele>1172.7</ele>
      </trkpt>
      <trkpt lat="44.50334" lon="6.37404">
        <ele>1174.5</ele>
      </trkpt>
      <trkpt lat="44.5033" lon="6.3742">
        <ele>1176.1</ele>
      </trkpt>
      <trkpt lat="44.50313" lon="6.37445">
        <ele>1180.7</ele>
      </trkpt>
      <trkpt lat="44.50285" lon="6.37455">
        <ele>1188.5</ele>
      </trkpt>
      <trkpt lat="44.50258" lon="6.37462">
        <ele>1195.6</ele>
      </trkpt>
      <trkpt lat="44.50215" lon="6.37498">
        <ele>1201.6</ele>
      </trkpt>
      <trkpt lat="44.50181" lon="6.37546">
        <ele>1206.0</ele>
      </trkpt>
      <trkpt lat="44.50169" lon="6.37566">
        <ele>1206.4</ele>
      </trkpt>
      <trkpt lat="44.50153" lon="6.37599">
        <ele>1209.3</ele>
      </trkpt>
      <trkpt lat="44.50146" lon="6.37633">
        <ele>1210.2</ele>
      </trkpt>
      <trkpt lat="44.50141" lon="6.37694">
        <ele>1210.1</ele>
      </trkpt>
      <trkpt lat="44.50135" lon="6.37717">
        <ele>1211.8</ele>
      </trkpt>
      <trkpt lat="44.50134" lon="6.37728">
        <ele>1212.0</ele>
      </trkpt>
      <trkpt lat="44.50139" lon="6.37778">
        <ele>1209.8</ele>
      </trkpt>
      <trkpt lat="44.50139" lon="6.37791">
        <ele>1209.6</ele>
      </trkpt>
      <trkpt lat="44.50135" lon="6.37813">
        <ele>1210.5</ele>
      </trkpt>
      <trkpt lat="44.5013" lon="6.37833">
        <ele>1211.6</ele>
      </trkpt>
      <trkpt lat="44.50128" lon="6.37853">
        <ele>1209.9</ele>
      </trkpt>
      <trkpt lat="44.50129" lon="6.37896">
        <ele>1205.0</ele>
      </trkpt>
      <trkpt lat="44.50128" lon="6.37915">
        <ele>1203.1</ele>
      </trkpt>
      <trkpt lat="44.50124" lon="6.37928">
        <ele>1201.9</ele>
      </trkpt>
      <trkpt lat="44.50118" lon="6.37938">
        <ele>1201.4</ele>
      </trkpt>
      <trkpt lat="44.50111" lon="6.37944">
        <ele>1201.9</ele>
      </trkpt>
      <trkpt lat="44.50104" lon="6.37948">
        <ele>1202.6</ele>
      </trkpt>
      <trkpt lat="44.50097" lon="6.3795">
        <ele>1203.7</ele>
      </trkpt>
      <trkpt lat="44.50087" lon="6.37952">
        <ele>1205.3</ele>
      </trkpt>
      <trkpt lat="44.50061" lon="6.37963">
        <ele>1211.2</ele>
      </trkpt>
      <trkpt lat="44.50056" lon="6.3797">
        <ele>1211.6</ele>
      </trkpt>
      <trkpt lat="44.50052" lon="6.37978">
        <ele>1211.5</ele>
      </trkpt>
      <trkpt lat="44.5004" lon="6.38018">
        <ele>1209.5</ele>
      </trkpt>
      <trkpt lat="44.50034" lon="6.38032">
        <ele>1209.9</ele>
      </trkpt>
      <trkpt lat="44.50027" lon="6.38042">
        <ele>1211.2</ele>
      </trkpt>
      <trkpt lat="44.5001" lon="6.38062">
        <ele>1215.2</ele>
      </trkpt>
      <trkpt lat="44.50008" lon="6.38071">
        <ele>1215.1</ele>
      </trkpt>
      <trkpt lat="44.50008" lon="6.38091">
        <ele>1213.7</ele>
      </trkpt>
      <trkpt lat="44.50006" lon="6.38101">
        <ele>1214.0</ele>
      </trkpt>
      <trkpt lat="44.50003" lon="6.38108">
        <ele>1214.7</ele>
      </trkpt>
      <trkpt lat="44.49965" lon="6.38134">
        <ele>1231.3</ele>
      </trkpt>
      <trkpt lat="44.49958" lon="6.38142">
        <ele>1233.8</ele>
      </trkpt>
      <trkpt lat="44.49955" lon="6.38151">
        <ele>1234.2</ele>
      </trkpt>
      <trkpt lat="44.49953" lon="6.3816">
        <ele>1234.1</ele>
      </trkpt>
      <trkpt lat="44.49954" lon="6.38166">
        <ele>1232.9</ele>
      </trkpt>
      <trkpt lat="44.49954" lon="6.38166">
        <ele>1232.9</ele>
      </trkpt>
      <trkpt lat="44.49973" lon="6.38187">
        <ele>1226.6</ele>
      </trkpt>
      <trkpt lat="44.49977" lon="6.38194">
        <ele>1225.6</ele>
      </trkpt>
      <trkpt lat="44.4998" lon="6.38205">
        <ele>1225.6</ele>
      </trkpt>
      <trkpt lat="44.49979" lon="6.38247">
        <ele>1230.2</ele>
      </trkpt>
      <trkpt lat="44.49982" lon="6.38257">
        <ele>1231.4</ele>
      </trkpt>
      <trkpt lat="44.49986" lon="6.38264">
        <ele>1231.9</ele>
      </trkpt>
      <trkpt lat="44.49995" lon="6.3827">
        <ele>1230.8</ele>
      </trkpt>
      <trkpt lat="44.50023" lon="6.38281">
        <ele>1227.4</ele>
      </trkpt>
      <trkpt lat="44.50033" lon="6.38283">
        <ele>1226.0</ele>
      </trkpt>
      <trkpt lat="44.50046" lon="6.38283">
        <ele>1223.3</ele>
      </trkpt>
      <trkpt lat="44.50057" lon="6.38284">
        <ele>1221.4</ele>
      </trkpt>
      <trkpt lat="44.50065" lon="6.3829">
        <ele>1221.9</ele>
      </trkpt>
      <trkpt lat="44.50077" lon="6.38301">
        <ele>1223.7</ele>
      </trkpt>
      <trkpt lat="44.50083" lon="6.38306">
        <ele>1224.6</ele>
      </trkpt>
      <trkpt lat="44.50093" lon="6.38309">
        <ele>1223.6</ele>
      </trkpt>
      <trkpt lat="44.50119" lon="6.3831">
        <ele>1218.4</ele>
      </trkpt>
      <trkpt lat="44.50124" lon="6.38315">
        <ele>1219.1</ele>
      </trkpt>
      <trkpt lat="44.50131" lon="6.38331">
        <ele>1223.3</ele>
      </trkpt>
      <trkpt lat="44.50133" lon="6.38345">
        <ele>1226.5</ele>
      </trkpt>
      <trkpt lat="44.50134" lon="6.38379">
        <ele>1234.5</ele>
      </trkpt>
      <trkpt lat="44.50138" lon="6.38412">
        <ele>1241.7</ele>
      </trkpt>
      <trkpt lat="44.50141" lon="6.38422">
        <ele>1244.0</ele>
      </trkpt>
      <trkpt lat="44.50145" lon="6.38429">
        <ele>1245.6</ele>
      </trkpt>
      <trkpt lat="44.50184" lon="6.38459">
        <ele>1249.8</ele>
      </trkpt>
      <trkpt lat="44.50196" lon="6.38464">
        <ele>1250.5</ele>
      </trkpt>
      <trkpt lat="44.50222" lon="6.38466">
        <ele>1249.2</ele>
      </trkpt>
      <trkpt lat="44.50247" lon="6.38478">
        <ele>1251.8</ele>
      </trkpt>
      <trkpt lat="44.50276" lon="6.38482">
        <ele>1252.9</ele>
      </trkpt>
      <trkpt lat="44.50291" lon="6.38477">
        <ele>1250.9</ele>
      </trkpt>
      <trkpt lat="44.50304" lon="6.38469">
        <ele>1247.9</ele>
      </trkpt>
      <trkpt lat="44.50309" lon="6.38469">
        <ele>1247.9</ele>
      </trkpt>
      <trkpt lat="44.50315" lon="6.38471">
        <ele>1248.6</ele>
      </trkpt>
      <trkpt lat="44.50318" lon="6.38476">
        <ele>1250.4</ele>
      </trkpt>
      <trkpt lat="44.50324" lon="6.38494">
        <ele>1256.9</ele>
      </trkpt>
      <trkpt lat="44.50329" lon="6.38503">
        <ele>1260.4</ele>
      </trkpt>
      <trkpt lat="44.50335" lon="6.3851">
        <ele>1263.4</ele>
      </trkpt>
      <trkpt lat="44.50377" lon="6.38536">
        <ele>1272.7</ele>
      </trkpt>
      <trkpt lat="44.50402" lon="6.38543">
        <ele>1274.4</ele>
      </trkpt>
      <trkpt lat="44.50419" lon="6.38543">
        <ele>1273.7</ele>
      </trkpt>
      <trkpt lat="44.50434" lon="6.38541">
        <ele>1273.5</ele>
      </trkpt>
      <trkpt lat="44.50445" lon="6.38535">
        <ele>1271.8</ele>
      </trkpt>
      <trkpt lat="44.5046" lon="6.38524">
        <ele>1269.3</ele>
      </trkpt>
      <trkpt lat="44.50468" lon="6.38517">
        <ele>1268.0</ele>
      </trkpt>
      <trkpt lat="44.50475" lon="6.38506">
        <ele>1265.7</ele>
      </trkpt>
      <trkpt lat="44.50485" lon="6.38497">
        <ele>1264.4</ele>
      </trkpt>
      <trkpt lat="44.50491" lon="6.38496">
        <ele>1265.0</ele>
      </trkpt>
      <trkpt lat="44.50499" lon="6.38497">
        <ele>1266.6</ele>
      </trkpt>
      <trkpt lat="44.50523" lon="6.38505">
        <ele>1268.2</ele>
      </trkpt>
      <trkpt lat="44.50529" lon="6.3851">
        <ele>1268.7</ele>
      </trkpt>
      <trkpt lat="44.50532" lon="6.38517">
        <ele>1269.4</ele>
      </trkpt>
      <trkpt lat="44.50533" lon="6.38525">
        <ele>1270.4</ele>
      </trkpt>
      <trkpt lat="44.50532" lon="6.38533">
        <ele>1271.5</ele>
      </trkpt>
      <trkpt lat="44.50505" lon="6.38578">
        <ele>1282.9</ele>
      </trkpt>
      <trkpt lat="44.5049" lon="6.38633">
        <ele>1287.2</ele>
      </trkpt>
      <trkpt lat="44.50482" lon="6.38654">
        <ele>1290.1</ele>
      </trkpt>
      <trkpt lat="44.50436" lon="6.38697">
        <ele>1307.5</ele>
      </trkpt>
      <trkpt lat="44.50429" lon="6.3871">
        <ele>1310.7</ele>
      </trkpt>
      <trkpt lat="44.50426" lon="6.38722">
        <ele>1312.6</ele>
      </trkpt>
      <trkpt lat="44.50426" lon="6.38733">
        <ele>1313.3</ele>
      </trkpt>
      <trkpt lat="44.50429" lon="6.38748">
        <ele>1313.1</ele>
      </trkpt>
      <trkpt lat="44.50442" lon="6.38771">
        <ele>1310.0</ele>
      </trkpt>
      <trkpt lat="44.50445" lon="6.3878">
        <ele>1309.6</ele>
      </trkpt>
      <trkpt lat="44.50445" lon="6.3879">
        <ele>1310.5</ele>
      </trkpt>
      <trkpt lat="44.50439" lon="6.38835">
        <ele>1316.5</ele>
      </trkpt>
      <trkpt lat="44.50433" lon="6.38852">
        <ele>1319.0</ele>
      </trkpt>
      <trkpt lat="44.50433" lon="6.38871">
        <ele>1319.3</ele>
      </trkpt>
      <trkpt lat="44.50436" lon="6.38884">
        <ele>1318.6</ele>
      </trkpt>
      <trkpt lat="44.50448" lon="6.38909">
        <ele>1315.4</ele>
      </trkpt>
      <trkpt lat="44.50456" lon="6.38931">
        <ele>1314.2</ele>
      </trkpt>
      <trkpt lat="44.50458" lon="6.38953">
        <ele>1315.2</ele>
      </trkpt>
      <trkpt lat="44.50458" lon="6.38965">
        <ele>1316.1</ele>
      </trkpt>
      <trkpt lat="44.50457" lon="6.38975">
        <ele>1317.1</ele>
      </trkpt>
      <trkpt lat="44.50453" lon="6.38981">
        <ele>1318.6</ele>
      </trkpt>
      <trkpt lat="44.50449" lon="6.38984">
        <ele>1320.0</ele>
      </trkpt>
      <trkpt lat="44.50444" lon="6.38983">
        <ele>1321.3</ele>
      </trkpt>
      <trkpt lat="44.5044" lon="6.3898">
        <ele>1322.2</ele>
      </trkpt>
      <trkpt lat="44.50427" lon="6.3894">
        <ele>1323.4</ele>
      </trkpt>
      <trkpt lat="44.50412" lon="6.38903">
        <ele>1326.9</ele>
      </trkpt>
      <trkpt lat="44.50399" lon="6.38862">
        <ele>1331.6</ele>
      </trkpt>
      <trkpt lat="44.50398" lon="6.38847">
        <ele>1331.7</ele>
      </trkpt>
      <trkpt lat="44.504" lon="6.38833">
        <ele>1330.8</ele>
      </trkpt>
      <trkpt lat="44.50403" lon="6.38815">
        <ele>1328.1</ele>
      </trkpt>
      <trkpt lat="44.50402" lon="6.38804">
        <ele>1327.4</ele>
      </trkpt>
      <trkpt lat="44.50399" lon="6.38795">
        <ele>1327.6</ele>
      </trkpt>
      <trkpt lat="44.50393" lon="6.38788">
        <ele>1329.0</ele>
      </trkpt>
      <trkpt lat="44.50386" lon="6.38787">
        <ele>1331.2</ele>
      </trkpt>
      <trkpt lat="44.50378" lon="6.38789">
        <ele>1334.0</ele>
      </trkpt>
      <trkpt lat="44.50373" lon="6.38795">
        <ele>1336.2</ele>
      </trkpt>
      <trkpt lat="44.5037" lon="6.38801">
        <ele>1337.9</ele>
      </trkpt>
      <trkpt lat="44.50369" lon="6.38811">
        <ele>1339.2</ele>
      </trkpt>
      <trkpt lat="44.50383" lon="6.38848">
        <ele>1337.1</ele>
      </trkpt>
      <trkpt lat="44.5039" lon="6.38884">
        <ele>1335.4</ele>
      </trkpt>
      <trkpt lat="44.50391" lon="6.38903">
        <ele>1335.5</ele>
      </trkpt>
      <trkpt lat="44.50389" lon="6.38947">
        <ele>1338.3</ele>
      </trkpt>
      <trkpt lat="44.50386" lon="6.38964">
        <ele>1340.5</ele>
      </trkpt>
      <trkpt lat="44.50377" lon="6.38995">
        <ele>1345.9</ele>
      </trkpt>
      <trkpt lat="44.50377" lon="6.39006">
        <ele>1346.6</ele>
      </trkpt>
      <trkpt lat="44.50379" lon="6.39016">
        <ele>1346.6</ele>
      </trkpt>
      <trkpt lat="44.50389" lon="6.39051">
        <ele>1345.4</ele>
      </trkpt>
      <trkpt lat="44.50396" lon="6.39128">
        <ele>1342.0</ele>
      </trkpt>
      <trkpt lat="44.50395" lon="6.39138">
        <ele>1341.5</ele>
      </trkpt>
      <trkpt lat="44.50392" lon="6.39145">
        <ele>1341.9</ele>
      </trkpt>
      <trkpt lat="44.50387" lon="6.3915">
        <ele>1343.0</ele>
      </trkpt>
      <trkpt lat="44.50381" lon="6.39153">
        <ele>1344.5</ele>
      </trkpt>
      <trkpt lat="44.50363" lon="6.39159">
        <ele>1349.3</ele>
      </trkpt>
      <trkpt lat="44.50352" lon="6.3917">
        <ele>1351.3</ele>
      </trkpt>
      <trkpt lat="44.50349" lon="6.39178">
        <ele>1351.5</ele>
      </trkpt>
      <trkpt lat="44.50346" lon="6.39189">
        <ele>1351.6</ele>
      </trkpt>
      <trkpt lat="44.5034" lon="6.39224">
        <ele>1351.1</ele>
      </trkpt>
      <trkpt lat="44.50336" lon="6.39234">
        <ele>1351.9</ele>
      </trkpt>
      <trkpt lat="44.50331" lon="6.39241">
        <ele>1353.1</ele>
      </trkpt>
      <trkpt lat="44.50324" lon="6.39246">
        <ele>1354.5</ele>
      </trkpt>
      <trkpt lat="44.50316" lon="6.39249">
        <ele>1356.2</ele>
      </trkpt>
      <trkpt lat="44.50297" lon="6.39252">
        <ele>1360.7</ele>
      </trkpt>
      <trkpt lat="44.50291" lon="6.39253">
        <ele>1362.2</ele>
      </trkpt>
      <trkpt lat="44.50286" lon="6.39257">
        <ele>1363.4</ele>
      </trkpt>
      <trkpt lat="44.50281" lon="6.39264">
        <ele>1364.6</ele>
      </trkpt>
      <trkpt lat="44.50266" lon="6.39304">
        <ele>1369.0</ele>
      </trkpt>
      <trkpt lat="44.50265" lon="6.39314">
        <ele>1369.4</ele>
      </trkpt>
      <trkpt lat="44.50265" lon="6.39322">
        <ele>1369.5</ele>
      </trkpt>
      <trkpt lat="44.50268" lon="6.39329">
        <ele>1368.8</ele>
      </trkpt>
      <trkpt lat="44.50273" lon="6.39334">
        <ele>1367.4</ele>
      </trkpt>
      <trkpt lat="44.50288" lon="6.3934">
        <ele>1363.7</ele>
      </trkpt>
      <trkpt lat="44.50291" lon="6.39343">
        <ele>1363.1</ele>
      </trkpt>
      <trkpt lat="44.50293" lon="6.39347">
        <ele>1362.9</ele>
      </trkpt>
      <trkpt lat="44.50294" lon="6.39355">
        <ele>1363.4</ele>
      </trkpt>
      <trkpt lat="44.50292" lon="6.39367">
        <ele>1365.1</ele>
      </trkpt>
      <trkpt lat="44.50287" lon="6.39379">
        <ele>1367.5</ele>
      </trkpt>
      <trkpt lat="44.50283" lon="6.39386">
        <ele>1369.2</ele>
      </trkpt>
      <trkpt lat="44.50261" lon="6.39404">
        <ele>1375.7</ele>
      </trkpt>
      <trkpt lat="44.50228" lon="6.39445">
        <ele>1391.7</ele>
      </trkpt>
      <trkpt lat="44.5022" lon="6.39458">
        <ele>1396.2</ele>
      </trkpt>
      <trkpt lat="44.50212" lon="6.39485">
        <ele>1401.9</ele>
      </trkpt>
      <trkpt lat="44.50212" lon="6.39493">
        <ele>1402.7</ele>
      </trkpt>
      <trkpt lat="44.50213" lon="6.39499">
        <ele>1403.1</ele>
      </trkpt>
      <trkpt lat="44.50219" lon="6.39502">
        <ele>1402.0</ele>
      </trkpt>
      <trkpt lat="44.50226" lon="6.39503">
        <ele>1400.4</ele>
      </trkpt>
      <trkpt lat="44.50237" lon="6.39498">
        <ele>1396.3</ele>
      </trkpt>
      <trkpt lat="44.50246" lon="6.39496">
        <ele>1393.5</ele>
      </trkpt>
      <trkpt lat="44.50262" lon="6.39494">
        <ele>1391.3</ele>
      </trkpt>
      <trkpt lat="44.5028" lon="6.39497">
        <ele>1390.9</ele>
      </trkpt>
      <trkpt lat="44.50288" lon="6.39496">
        <ele>1390.2</ele>
      </trkpt>
      <trkpt lat="44.503" lon="6.39491">
        <ele>1388.2</ele>
      </trkpt>
      <trkpt lat="44.50318" lon="6.39486">
        <ele>1385.5</ele>
      </trkpt>
      <trkpt lat="44.50369" lon="6.3948">
        <ele>1377.5</ele>
      </trkpt>
      <trkpt lat="44.50376" lon="6.39481">
        <ele>1376.8</ele>
      </trkpt>
      <trkpt lat="44.50381" lon="6.39485">
        <ele>1377.2</ele>
      </trkpt>
      <trkpt lat="44.50389" lon="6.39502">
        <ele>1379.9</ele>
      </trkpt>
      <trkpt lat="44.50426" lon="6.39595">
        <ele>1380.8</ele>
      </trkpt>
      <trkpt lat="44.5043" lon="6.39616">
        <ele>1380.7</ele>
      </trkpt>
      <trkpt lat="44.50437" lon="6.39636">
        <ele>1380.0</ele>
      </trkpt>
      <trkpt lat="44.50446" lon="6.39678">
        <ele>1380.6</ele>
      </trkpt>
      <trkpt lat="44.5045" lon="6.3969">
        <ele>1380.7</ele>
      </trkpt>
      <trkpt lat="44.50456" lon="6.39699">
        <ele>1380.1</ele>
      </trkpt>
      <trkpt lat="44.50464" lon="6.39705">
        <ele>1378.7</ele>
      </trkpt>
      <trkpt lat="44.50479" lon="6.39706">
        <ele>1375.2</ele>
      </trkpt>
      <trkpt lat="44.50511" lon="6.39699">
        <ele>1367.5</ele>
      </trkpt>
      <trkpt lat="44.50525" lon="6.39702">
        <ele>1364.6</ele>
      </trkpt>
      <trkpt lat="44.50534" lon="6.39708">
        <ele>1362.9</ele>
      </trkpt>
      <trkpt lat="44.50542" lon="6.39717">
        <ele>1361.6</ele>
      </trkpt>
      <trkpt lat="44.50547" lon="6.39726">
        <ele>1361.0</ele>
      </trkpt>
      <trkpt lat="44.50553" lon="6.39746">
        <ele>1360.7</ele>
      </trkpt>
      <trkpt lat="44.50554" lon="6.39756">
        <ele>1361.1</ele>
      </trkpt>
      <trkpt lat="44.50552" lon="6.39765">
        <ele>1362.2</ele>
      </trkpt>
      <trkpt lat="44.50545" lon="6.39787">
        <ele>1365.9</ele>
      </trkpt>
      <trkpt lat="44.50544" lon="6.39795">
        <ele>1366.8</ele>
      </trkpt>
      <trkpt lat="44.50544" lon="6.39802">
        <ele>1367.5</ele>
      </trkpt>
      <trkpt lat="44.50557" lon="6.39826">
        <ele>1365.0</ele>
      </trkpt>
      <trkpt lat="44.50584" lon="6.39865">
        <ele>1362.3</ele>
      </trkpt>
      <trkpt lat="44.50596" lon="6.39879">
        <ele>1361.9</ele>
      </trkpt>
      <trkpt lat="44.5061" lon="6.39892">
        <ele>1360.7</ele>
      </trkpt>
      <trkpt lat="44.5062" lon="6.399">
        <ele>1359.4</ele>
      </trkpt>
      <trkpt lat="44.50633" lon="6.39906">
        <ele>1356.8</ele>
      </trkpt>
      <trkpt lat="44.50664" lon="6.39915">
        <ele>1349.5</ele>
      </trkpt>
      <trkpt lat="44.50724" lon="6.39914">
        <ele>1336.2</ele>
      </trkpt>
      <trkpt lat="44.50732" lon="6.39916">
        <ele>1334.8</ele>
      </trkpt>
      <trkpt lat="44.50737" lon="6.3992">
        <ele>1333.7</ele>
      </trkpt>
      <trkpt lat="44.50741" lon="6.39926">
        <ele>1332.7</ele>
      </trkpt>
      <trkpt lat="44.50747" lon="6.39945">
        <ele>1330.7</ele>
      </trkpt>
      <trkpt lat="44.5075" lon="6.39949">
        <ele>1329.8</ele>
      </trkpt>
      <trkpt lat="44.50753" lon="6.3995">
        <ele>1329.1</ele>
      </trkpt>
      <trkpt lat="44.50757" lon="6.39949">
        <ele>1328.1</ele>
      </trkpt>
      <trkpt lat="44.50759" lon="6.39945">
        <ele>1327.8</ele>
      </trkpt>
      <trkpt lat="44.5076" lon="6.39939">
        <ele>1327.8</ele>
      </trkpt>
      <trkpt lat="44.50759" lon="6.39931">
        <ele>1328.3</ele>
      </trkpt>
      <trkpt lat="44.50756" lon="6.39919">
        <ele>1329.5</ele>
      </trkpt>
      <trkpt lat="44.50752" lon="6.39911">
        <ele>1329.7</ele>
      </trkpt>
      <trkpt lat="44.50745" lon="6.39901">
        <ele>1329.8</ele>
      </trkpt>
      <trkpt lat="44.50738" lon="6.39895">
        <ele>1330.4</ele>
      </trkpt>
      <trkpt lat="44.5073" lon="6.39892">
        <ele>1331.7</ele>
      </trkpt>
      <trkpt lat="44.50723" lon="6.39891">
        <ele>1333.0</ele>
      </trkpt>
      <trkpt lat="44.50697" lon="6.3989">
        <ele>1338.4</ele>
      </trkpt>
      <trkpt lat="44.50692" lon="6.39886">
        <ele>1338.9</ele>
      </trkpt>
      <trkpt lat="44.50691" lon="6.3988">
        <ele>1338.1</ele>
      </trkpt>
      <trkpt lat="44.50693" lon="6.39874">
        <ele>1336.8</ele>
      </trkpt>
      <trkpt lat="44.50698" lon="6.3987">
        <ele>1335.2</ele>
      </trkpt>
      <trkpt lat="44.50734" lon="6.39869">
        <ele>1327.5</ele>
      </trkpt>
      <trkpt lat="44.50754" lon="6.39876">
        <ele>1324.2</ele>
      </trkpt>
      <trkpt lat="44.5078" lon="6.399">
        <ele>1321.5</ele>
      </trkpt>
      <trkpt lat="44.50796" lon="6.39911">
        <ele>1319.2</ele>
      </trkpt>
      <trkpt lat="44.50855" lon="6.39943">
        <ele>1307.2</ele>
      </trkpt>
      <trkpt lat="44.50869" lon="6.39953">
        <ele>1305.0</ele>
      </trkpt>
      <trkpt lat="44.50874" lon="6.3996">
        <ele>1304.0</ele>
      </trkpt>
      <trkpt lat="44.50879" lon="6.39956">
        <ele>1303.7</ele>
      </trkpt>
      <trkpt lat="44.50877" lon="6.39943">
        <ele>1304.7</ele>
      </trkpt>
      <trkpt lat="44.50873" lon="6.39935">
        <ele>1305.6</ele>
      </trkpt>
      <trkpt lat="44.50869" lon="6.39927">
        <ele>1306.5</ele>
      </trkpt>
      <trkpt lat="44.50862" lon="6.39919">
        <ele>1307.8</ele>
      </trkpt>
      <trkpt lat="44.50836" lon="6.39903">
        <ele>1309.1</ele>
      </trkpt>
      <trkpt lat="44.50833" lon="6.39895">
        <ele>1308.5</ele>
      </trkpt>
      <trkpt lat="44.50832" lon="6.39889">
        <ele>1308.0</ele>
      </trkpt>
      <trkpt lat="44.50835" lon="6.39885">
        <ele>1307.0</ele>
      </trkpt>
      <trkpt lat="44.50839" lon="6.39883">
        <ele>1306.4</ele>
      </trkpt>
      <trkpt lat="44.50855" lon="6.39892">
        <ele>1305.8</ele>
      </trkpt>
      <trkpt lat="44.50866" lon="6.39895">
        <ele>1305.0</ele>
      </trkpt>
      <trkpt lat="44.50911" lon="6.39895">
        <ele>1300.3</ele>
      </trkpt>
      <trkpt lat="44.50939" lon="6.39902">
        <ele>1298.7</ele>
      </trkpt>
      <trkpt lat="44.50948" lon="6.39906">
        <ele>1298.5</ele>
      </trkpt>
      <trkpt lat="44.50953" lon="6.39911">
        <ele>1298.7</ele>
      </trkpt>
      <trkpt lat="44.50958" lon="6.39918">
        <ele>1299.0</ele>
      </trkpt>
      <trkpt lat="44.50962" lon="6.39929">
        <ele>1298.2</ele>
      </trkpt>
      <trkpt lat="44.50989" lon="6.40021">
        <ele>1291.4</ele>
      </trkpt>
      <trkpt lat="44.51" lon="6.40041">
        <ele>1288.6</ele>
      </trkpt>
      <trkpt lat="44.51038" lon="6.40102">
        <ele>1282.8</ele>
      </trkpt>
      <trkpt lat="44.51053" lon="6.40119">
        <ele>1280.2</ele>
      </trkpt>
      <trkpt lat="44.51065" lon="6.40131">
        <ele>1278.4</ele>
      </trkpt>
      <trkpt lat="44.5111" lon="6.40162">
        <ele>1271.9</ele>
      </trkpt>
      <trkpt lat="44.51141" lon="6.40168">
        <ele>1269.8</ele>
      </trkpt>
      <trkpt lat="44.51175" lon="6.40171">
        <ele>1266.8</ele>
      </trkpt>
      <trkpt lat="44.51204" lon="6.40164">
        <ele>1263.5</ele>
      </trkpt>
      <trkpt lat="44.51217" lon="6.40161">
        <ele>1261.8</ele>
      </trkpt>
      <trkpt lat="44.51228" lon="6.40154">
        <ele>1261.3</ele>
      </trkpt>
      <trkpt lat="44.51234" lon="6.40147">
        <ele>1261.8</ele>
      </trkpt>
      <trkpt lat="44.51242" lon="6.40125">
        <ele>1265.3</ele>
      </trkpt>
      <trkpt lat="44.51248" lon="6.401">
        <ele>1269.7</ele>
      </trkpt>
      <trkpt lat="44.5127" lon="6.40089">
        <ele>1266.2</ele>
      </trkpt>
      <trkpt lat="44.51301" lon="6.40059">
        <ele>1263.7</ele>
      </trkpt>
      <trkpt lat="44.51311" lon="6.40053">
        <ele>1262.1</ele>
      </trkpt>
      <trkpt lat="44.51319" lon="6.40051">
        <ele>1260.2</ele>
      </trkpt>
      <trkpt lat="44.51325" lon="6.40051">
        <ele>1258.5</ele>
      </trkpt>
      <trkpt lat="44.51334" lon="6.4005">
        <ele>1256.0</ele>
      </trkpt>
      <trkpt lat="44.51339" lon="6.40047">
        <ele>1254.0</ele>
      </trkpt>
      <trkpt lat="44.51345" lon="6.40039">
        <ele>1252.2</ele>
      </trkpt>
      <trkpt lat="44.51352" lon="6.40021">
        <ele>1251.4</ele>
      </trkpt>
      <trkpt lat="44.51361" lon="6.39987">
        <ele>1250.3</ele>
      </trkpt>
      <trkpt lat="44.5137" lon="6.39931">
        <ele>1249.0</ele>
      </trkpt>
      <trkpt lat="44.51373" lon="6.39895">
        <ele>1245.3</ele>
      </trkpt>
      <trkpt lat="44.51373" lon="6.39878">
        <ele>1243.1</ele>
      </trkpt>
      <trkpt lat="44.5137" lon="6.3986">
        <ele>1242.1</ele>
      </trkpt>
      <trkpt lat="44.51365" lon="6.39843">
        <ele>1241.7</ele>
      </trkpt>
      <trkpt lat="44.51358" lon="6.3983">
        <ele>1241.6</ele>
      </trkpt>
      <trkpt lat="44.5135" lon="6.39818">
        <ele>1240.0</ele>
      </trkpt>
      <trkpt lat="44.5134" lon="6.39806">
        <ele>1238.5</ele>
      </trkpt>
      <trkpt lat="44.51326" lon="6.39796">
        <ele>1237.6</ele>
      </trkpt>
      <trkpt lat="44.51311" lon="6.39787">
        <ele>1236.2</ele>
      </trkpt>
      <trkpt lat="44.5129" lon="6.39777">
        <ele>1234.9</ele>
      </trkpt>
      <trkpt lat="44.51259" lon="6.3977">
        <ele>1236.0</ele>
      </trkpt>
      <trkpt lat="44.51224" lon="6.39755">
        <ele>1233.2</ele>
      </trkpt>
      <trkpt lat="44.51213" lon="6.39748">
        <ele>1231.4</ele>
      </trkpt>
      <trkpt lat="44.51187" lon="6.39726">
        <ele>1225.3</ele>
      </trkpt>
      <trkpt lat="44.51163" lon="6.39721">
        <ele>1226.3</ele>
      </trkpt>
      <trkpt lat="44.51142" lon="6.39721">
        <ele>1229.2</ele>
      </trkpt>
      <trkpt lat="44.51078" lon="6.39699">
        <ele>1230.0</ele>
      </trkpt>
      <trkpt lat="44.51075" lon="6.39697">
        <ele>1229.8</ele>
      </trkpt>
      <trkpt lat="44.51072" lon="6.39692">
        <ele>1228.5</ele>
      </trkpt>
      <trkpt lat="44.5107" lon="6.39684">
        <ele>1225.9</ele>
      </trkpt>
      <trkpt lat="44.51059" lon="6.39633">
        <ele>1210.0</ele>
      </trkpt>
      <trkpt lat="44.51055" lon="6.39624">
        <ele>1207.8</ele>
      </trkpt>
      <trkpt lat="44.5105" lon="6.39616">
        <ele>1206.1</ele>
      </trkpt>
      <trkpt lat="44.51044" lon="6.3961">
        <ele>1205.4</ele>
      </trkpt>
      <trkpt lat="44.51022" lon="6.39604">
        <ele>1208.4</ele>
      </trkpt>
      <trkpt lat="44.50988" lon="6.39605">
        <ele>1217.7</ele>
      </trkpt>
      <trkpt lat="44.50981" lon="6.39602">
        <ele>1219.2</ele>
      </trkpt>
      <trkpt lat="44.50976" lon="6.39595">
        <ele>1219.0</ele>
      </trkpt>
      <trkpt lat="44.50976" lon="6.39595">
        <ele>1219.0</ele>
      </trkpt>
      <trkpt lat="44.50974" lon="6.3959">
        <ele>1218.4</ele>
      </trkpt>
      <trkpt lat="44.50975" lon="6.3953">
        <ele>1205.5</ele>
      </trkpt>
      <trkpt lat="44.50971" lon="6.3949">
        <ele>1199.0</ele>
      </trkpt>
      <trkpt lat="44.50963" lon="6.39465">
        <ele>1196.9</ele>
      </trkpt>
      <trkpt lat="44.50958" lon="6.39454">
        <ele>1196.7</ele>
      </trkpt>
      <trkpt lat="44.50951" lon="6.39446">
        <ele>1198.0</ele>
      </trkpt>
      <trkpt lat="44.50937" lon="6.39438">
        <ele>1202.4</ele>
      </trkpt>
      <trkpt lat="44.50933" lon="6.39434">
        <ele>1203.4</ele>
      </trkpt>
      <trkpt lat="44.50931" lon="6.39427">
        <ele>1202.8</ele>
      </trkpt>
      <trkpt lat="44.50932" lon="6.39418">
        <ele>1200.5</ele>
      </trkpt>
      <trkpt lat="44.50935" lon="6.39408">
        <ele>1198.5</ele>
      </trkpt>
      <trkpt lat="44.50941" lon="6.39397">
        <ele>1195.4</ele>
      </trkpt>
      <trkpt lat="44.50941" lon="6.39397">
        <ele>1195.4</ele>
      </trkpt>
      <trkpt lat="44.50953" lon="6.39379">
        <ele>1189.0</ele>
      </trkpt>
      <trkpt lat="44.50973" lon="6.39342">
        <ele>1177.2</ele>
      </trkpt>
      <trkpt lat="44.5098" lon="6.39309">
        <ele>1172.9</ele>
      </trkpt>
      <trkpt lat="44.51002" lon="6.39252">
        <ele>1166.0</ele>
      </trkpt>
      <trkpt lat="44.51003" lon="6.39236">
        <ele>1164.8</ele>
      </trkpt>
      <trkpt lat="44.51002" lon="6.39215">
        <ele>1164.0</ele>
      </trkpt>
      <trkpt lat="44.51004" lon="6.3921">
        <ele>1162.8</ele>
      </trkpt>
      <trkpt lat="44.51007" lon="6.39208">
        <ele>1161.3</ele>
      </trkpt>
      <trkpt lat="44.5101" lon="6.39209">
        <ele>1160.0</ele>
      </trkpt>
      <trkpt lat="44.51013" lon="6.39213">
        <ele>1158.8</ele>
      </trkpt>
      <trkpt lat="44.51015" lon="6.39239">
        <ele>1159.4</ele>
      </trkpt>
      <trkpt lat="44.51009" lon="6.39298">
        <ele>1160.5</ele>
      </trkpt>
      <trkpt lat="44.5101" lon="6.39326">
        <ele>1158.8</ele>
      </trkpt>
      <trkpt lat="44.51009" lon="6.39339">
        <ele>1159.4</ele>
      </trkpt>
      <trkpt lat="44.51005" lon="6.39352">
        <ele>1162.3</ele>
      </trkpt>
      <trkpt lat="44.50998" lon="6.39365">
        <ele>1166.6</ele>
      </trkpt>
      <trkpt lat="44.50996" lon="6.39373">
        <ele>1168.2</ele>
      </trkpt>
      <trkpt lat="44.50998" lon="6.39383">
        <ele>1168.1</ele>
      </trkpt>
      <trkpt lat="44.51005" lon="6.39391">
        <ele>1165.7</ele>
      </trkpt>
      <trkpt lat="44.51023" lon="6.39401">
        <ele>1159.1</ele>
      </trkpt>
      <trkpt lat="44.51032" lon="6.39408">
        <ele>1156.0</ele>
      </trkpt>
      <trkpt lat="44.51038" lon="6.39415">
        <ele>1154.3</ele>
      </trkpt>
      <trkpt lat="44.51044" lon="6.39429">
        <ele>1154.9</ele>
      </trkpt>
      <trkpt lat="44.51052" lon="6.39454">
        <ele>1157.6</ele>
      </trkpt>
      <trkpt lat="44.51056" lon="6.39457">
        <ele>1156.7</ele>
      </trkpt>
      <trkpt lat="44.51056" lon="6.39457">
        <ele>1156.7</ele>
      </trkpt>
      <trkpt lat="44.51062" lon="6.39459">
        <ele>1154.7</ele>
      </trkpt>
      <trkpt lat="44.5108" lon="6.39452">
        <ele>1145.8</ele>
      </trkpt>
      <trkpt lat="44.51086" lon="6.39451">
        <ele>1143.6</ele>
      </trkpt>
      <trkpt lat="44.51097" lon="6.39455">
        <ele>1142.1</ele>
      </trkpt>
      <trkpt lat="44.51118" lon="6.39464">
        <ele>1139.5</ele>
      </trkpt>
      <trkpt lat="44.51126" lon="6.39471">
        <ele>1139.5</ele>
      </trkpt>
      <trkpt lat="44.51133" lon="6.39482">
        <ele>1140.7</ele>
      </trkpt>
      <trkpt lat="44.51137" lon="6.39495">
        <ele>1143.1</ele>
      </trkpt>
      <trkpt lat="44.51141" lon="6.39499">
        <ele>1143.3</ele>
      </trkpt>
      <trkpt lat="44.51147" lon="6.39501">
        <ele>1142.6</ele>
      </trkpt>
      <trkpt lat="44.5119" lon="6.39493">
        <ele>1133.0</ele>
      </trkpt>
      <trkpt lat="44.51201" lon="6.39489">
        <ele>1130.3</ele>
      </trkpt>
      <trkpt lat="44.51211" lon="6.39488">
        <ele>1128.6</ele>
      </trkpt>
      <trkpt lat="44.51232" lon="6.39489">
        <ele>1126.0</ele>
      </trkpt>
      <trkpt lat="44.51264" lon="6.39494">
        <ele>1123.5</ele>
      </trkpt>
      <trkpt lat="44.51291" lon="6.39501">
        <ele>1123.0</ele>
      </trkpt>
      <trkpt lat="44.51318" lon="6.39505">
        <ele>1121.9</ele>
      </trkpt>
      <trkpt lat="44.51355" lon="6.39512">
        <ele>1121.3</ele>
      </trkpt>
      <trkpt lat="44.51431" lon="6.39505">
        <ele>1109.8</ele>
      </trkpt>
      <trkpt lat="44.51444" lon="6.39505">
        <ele>1107.2</ele>
      </trkpt>
      <trkpt lat="44.51455" lon="6.39507">
        <ele>1105.4</ele>
      </trkpt>
      <trkpt lat="44.51465" lon="6.39511">
        <ele>1104.3</ele>
      </trkpt>
      <trkpt lat="44.51476" lon="6.39516">
        <ele>1103.1</ele>
      </trkpt>
      <trkpt lat="44.51503" lon="6.39534">
        <ele>1099.3</ele>
      </trkpt>
      <trkpt lat="44.51509" lon="6.39542">
        <ele>1097.8</ele>
      </trkpt>
      <trkpt lat="44.5151" lon="6.3955">
        <ele>1098.6</ele>
      </trkpt>
      <trkpt lat="44.5151" lon="6.39559">
        <ele>1100.0</ele>
      </trkpt>
      <trkpt lat="44.51508" lon="6.39599">
        <ele>1109.9</ele>
      </trkpt>
      <trkpt lat="44.5151" lon="6.39609">
        <ele>1112.0</ele>
      </trkpt>
      <trkpt lat="44.51514" lon="6.39618">
        <ele>1112.9</ele>
      </trkpt>
      <trkpt lat="44.5152" lon="6.39626">
        <ele>1112.5</ele>
      </trkpt>
      <trkpt lat="44.51546" lon="6.39647">
        <ele>1106.5</ele>
      </trkpt>
      <trkpt lat="44.51554" lon="6.39652">
        <ele>1104.3</ele>
      </trkpt>
      <trkpt lat="44.51617" lon="6.39674">
        <ele>1083.4</ele>
      </trkpt>
      <trkpt lat="44.51628" lon="6.39681">
        <ele>1080.6</ele>
      </trkpt>
      <trkpt lat="44.51651" lon="6.397">
        <ele>1074.6</ele>
      </trkpt>
      <trkpt lat="44.51656" lon="6.39705">
        <ele>1073.2</ele>
      </trkpt>
      <trkpt lat="44.51659" lon="6.3971">
        <ele>1072.7</ele>
      </trkpt>
      <trkpt lat="44.51661" lon="6.3973">
        <ele>1075.5</ele>
      </trkpt>
      <trkpt lat="44.51658" lon="6.39797">
        <ele>1081.2</ele>
      </trkpt>
      <trkpt lat="44.51654" lon="6.39829">
        <ele>1083.7</ele>
      </trkpt>
      <trkpt lat="44.51655" lon="6.39837">
        <ele>1083.0</ele>
      </trkpt>
      <trkpt lat="44.51657" lon="6.39847">
        <ele>1081.6</ele>
      </trkpt>
      <trkpt lat="44.51662" lon="6.39858">
        <ele>1078.3</ele>
      </trkpt>
      <trkpt lat="44.51665" lon="6.39871">
        <ele>1076.1</ele>
      </trkpt>
      <trkpt lat="44.51667" lon="6.39885">
        <ele>1074.6</ele>
      </trkpt>
      <trkpt lat="44.51667" lon="6.39899">
        <ele>1074.3</ele>
      </trkpt>
      <trkpt lat="44.51667" lon="6.39899">
        <ele>1074.3</ele>
      </trkpt>
      <trkpt lat="44.51666" lon="6.39921">
        <ele>1074.1</ele>
      </trkpt>
      <trkpt lat="44.51659" lon="6.39956">
        <ele>1075.9</ele>
      </trkpt>
      <trkpt lat="44.51659" lon="6.39965">
        <ele>1075.3</ele>
      </trkpt>
      <trkpt lat="44.51659" lon="6.3998">
        <ele>1074.2</ele>
      </trkpt>
      <trkpt lat="44.51665" lon="6.40017">
        <ele>1068.8</ele>
      </trkpt>
      <trkpt lat="44.51666" lon="6.40033">
        <ele>1068.0</ele>
      </trkpt>
      <trkpt lat="44.51665" lon="6.40076">
        <ele>1067.9</ele>
      </trkpt>
      <trkpt lat="44.5167" lon="6.40104">
        <ele>1065.5</ele>
      </trkpt>
      <trkpt lat="44.51674" lon="6.40112">
        <ele>1064.0</ele>
      </trkpt>
      <trkpt lat="44.51676" lon="6.40116">
        <ele>1063.2</ele>
      </trkpt>
      <trkpt lat="44.51681" lon="6.4012">
        <ele>1061.4</ele>
      </trkpt>
      <trkpt lat="44.51699" lon="6.40127">
        <ele>1054.8</ele>
      </trkpt>
      <trkpt lat="44.51705" lon="6.40131">
        <ele>1052.6</ele>
      </trkpt>
      <trkpt lat="44.51712" lon="6.40139">
        <ele>1050.0</ele>
      </trkpt>
      <trkpt lat="44.51717" lon="6.40152">
        <ele>1048.0</ele>
      </trkpt>
      <trkpt lat="44.51723" lon="6.40175">
        <ele>1045.1</ele>
      </trkpt>
      <trkpt lat="44.51725" lon="6.40187">
        <ele>1043.5</ele>
      </trkpt>
      <trkpt lat="44.51725" lon="6.40201">
        <ele>1042.4</ele>
      </trkpt>
      <trkpt lat="44.51722" lon="6.4021">
        <ele>1043.0</ele>
      </trkpt>
      <trkpt lat="44.51719" lon="6.4022">
        <ele>1043.5</ele>
      </trkpt>
      <trkpt lat="44.51709" lon="6.40234">
        <ele>1046.7</ele>
      </trkpt>
      <trkpt lat="44.51679" lon="6.40274">
        <ele>1056.1</ele>
      </trkpt>
      <trkpt lat="44.51675" lon="6.40282">
        <ele>1057.1</ele>
      </trkpt>
      <trkpt lat="44.51673" lon="6.40292">
        <ele>1057.0</ele>
      </trkpt>
      <trkpt lat="44.51674" lon="6.40304">
        <ele>1055.4</ele>
      </trkpt>
      <trkpt lat="44.51676" lon="6.40318">
        <ele>1053.0</ele>
      </trkpt>
      <trkpt lat="44.51689" lon="6.40348">
        <ele>1042.7</ele>
      </trkpt>
      <trkpt lat="44.51691" lon="6.40362">
        <ele>1039.4</ele>
      </trkpt>
      <trkpt lat="44.51691" lon="6.40374">
        <ele>1037.5</ele>
      </trkpt>
      <trkpt lat="44.51688" lon="6.40406">
        <ele>1033.9</ele>
      </trkpt>
      <trkpt lat="44.51684" lon="6.40418">
        <ele>1034.0</ele>
      </trkpt>
      <trkpt lat="44.51679" lon="6.40429">
        <ele>1034.1</ele>
      </trkpt>
      <trkpt lat="44.51673" lon="6.40439">
        <ele>1035.0</ele>
      </trkpt>
      <trkpt lat="44.51667" lon="6.40446">
        <ele>1036.5</ele>
      </trkpt>
      <trkpt lat="44.5163" lon="6.4047">
        <ele>1046.4</ele>
      </trkpt>
      <trkpt lat="44.51627" lon="6.40476">
        <ele>1046.4</ele>
      </trkpt>
      <trkpt lat="44.51624" lon="6.40483">
        <ele>1046.3</ele>
      </trkpt>
      <trkpt lat="44.51625" lon="6.40495">
        <ele>1043.5</ele>
      </trkpt>
      <trkpt lat="44.51633" lon="6.40526">
        <ele>1031.4</ele>
      </trkpt>
      <trkpt lat="44.51633" lon="6.40538">
        <ele>1027.8</ele>
      </trkpt>
      <trkpt lat="44.51631" lon="6.40549">
        <ele>1025.4</ele>
      </trkpt>
      <trkpt lat="44.51615" lon="6.4058">
        <ele>1023.5</ele>
      </trkpt>
      <trkpt lat="44.51593" lon="6.40611">
        <ele>1022.2</ele>
      </trkpt>
      <trkpt lat="44.51586" lon="6.40618">
        <ele>1022.6</ele>
      </trkpt>
      <trkpt lat="44.51578" lon="6.40624">
        <ele>1022.7</ele>
      </trkpt>
      <trkpt lat="44.51568" lon="6.40629">
        <ele>1023.1</ele>
      </trkpt>
      <trkpt lat="44.51558" lon="6.40631">
        <ele>1024.8</ele>
      </trkpt>
      <trkpt lat="44.51543" lon="6.4063">
        <ele>1028.8</ele>
      </trkpt>
      <trkpt lat="44.51536" lon="6.40632">
        <ele>1029.7</ele>
      </trkpt>
      <trkpt lat="44.51515" lon="6.4065">
        <ele>1027.8</ele>
      </trkpt>
      <trkpt lat="44.51455" lon="6.40714">
        <ele>1022.2</ele>
      </trkpt>
      <trkpt lat="44.51409" lon="6.4078">
        <ele>1012.3</ele>
      </trkpt>
      <trkpt lat="44.51398" lon="6.40791">
        <ele>1011.7</ele>
      </trkpt>
      <trkpt lat="44.51386" lon="6.40796">
        <ele>1013.0</ele>
      </trkpt>
      <trkpt lat="44.51356" lon="6.40804">
        <ele>1017.6</ele>
      </trkpt>
      <trkpt lat="44.51346" lon="6.40808">
        <ele>1018.9</ele>
      </trkpt>
      <trkpt lat="44.5134" lon="6.40813">
        <ele>1019.1</ele>
      </trkpt>
      <trkpt lat="44.51338" lon="6.4082">
        <ele>1018.0</ele>
      </trkpt>
      <trkpt lat="44.51338" lon="6.40828">
        <ele>1016.1</ele>
      </trkpt>
      <trkpt lat="44.5134" lon="6.40835">
        <ele>1014.1</ele>
      </trkpt>
      <trkpt lat="44.51376" lon="6.40864">
        <ele>999.3</ele>
      </trkpt>
      <trkpt lat="44.51379" lon="6.40872">
        <ele>996.7</ele>
      </trkpt>
      <trkpt lat="44.51378" lon="6.40881">
        <ele>995.1</ele>
      </trkpt>
      <trkpt lat="44.51373" lon="6.40892">
        <ele>994.3</ele>
      </trkpt>
      <trkpt lat="44.51341" lon="6.40918">
        <ele>999.9</ele>
      </trkpt>
      <trkpt lat="44.51329" lon="6.40926">
        <ele>1001.2</ele>
      </trkpt>
      <trkpt lat="44.51321" lon="6.40934">
        <ele>1001.0</ele>
      </trkpt>
      <trkpt lat="44.51304" lon="6.40963">
        <ele>996.6</ele>
      </trkpt>
      <trkpt lat="44.51296" lon="6.40973">
        <ele>995.8</ele>
      </trkpt>
      <trkpt lat="44.5128" lon="6.40986">
        <ele>996.4</ele>
      </trkpt>
      <trkpt lat="44.51261" lon="6.41009">
        <ele>995.8</ele>
      </trkpt>
      <trkpt lat="44.51253" lon="6.41014">
        <ele>997.1</ele>
      </trkpt>
      <trkpt lat="44.51247" lon="6.41015">
        <ele>998.9</ele>
      </trkpt>
      <trkpt lat="44.51222" lon="6.41014">
        <ele>1008.3</ele>
      </trkpt>
      <trkpt lat="44.51216" lon="6.41015">
        <ele>1010.3</ele>
      </trkpt>
      <trkpt lat="44.51213" lon="6.4102">
        <ele>1010.6</ele>
      </trkpt>
      <trkpt lat="44.5121" lon="6.41028">
        <ele>1010.5</ele>
      </trkpt>
      <trkpt lat="44.51211" lon="6.41051">
        <ele>1006.4</ele>
      </trkpt>
      <trkpt lat="44.51215" lon="6.4106">
        <ele>1003.2</ele>
      </trkpt>
      <trkpt lat="44.51219" lon="6.41064">
        <ele>1000.8</ele>
      </trkpt>
      <trkpt lat="44.51227" lon="6.41067">
        <ele>996.7</ele>
      </trkpt>
      <trkpt lat="44.51245" lon="6.4107">
        <ele>988.1</ele>
      </trkpt>
      <trkpt lat="44.51251" lon="6.41073">
        <ele>985.0</ele>
      </trkpt>
      <trkpt lat="44.51255" lon="6.41079">
        <ele>982.7</ele>
      </trkpt>
      <trkpt lat="44.51255" lon="6.41085">
        <ele>981.7</ele>
      </trkpt>
      <trkpt lat="44.51255" lon="6.41095">
        <ele>981.3</ele>
      </trkpt>
      <trkpt lat="44.51242" lon="6.4115">
        <ele>982.3</ele>
      </trkpt>
      <trkpt lat="44.51239" lon="6.4116">
        <ele>982.8</ele>
      </trkpt>
      <trkpt lat="44.51231" lon="6.41174">
        <ele>985.9</ele>
      </trkpt>
      <trkpt lat="44.51229" lon="6.41184">
        <ele>987.1</ele>
      </trkpt>
      <trkpt lat="44.5123" lon="6.41191">
        <ele>987.1</ele>
      </trkpt>
      <trkpt lat="44.51234" lon="6.41195">
        <ele>986.1</ele>
      </trkpt>
      <trkpt lat="44.51237" lon="6.41194">
        <ele>985.1</ele>
      </trkpt>
      <trkpt lat="44.51242" lon="6.41192">
        <ele>983.3</ele>
      </trkpt>
      <trkpt lat="44.51246" lon="6.41184">
        <ele>981.3</ele>
      </trkpt>
      <trkpt lat="44.51273" lon="6.41114">
        <ele>977.9</ele>
      </trkpt>
      <trkpt lat="44.51287" lon="6.41092">
        <ele>974.6</ele>
      </trkpt>
      <trkpt lat="44.51295" lon="6.41088">
        <ele>972.6</ele>
      </trkpt>
      <trkpt lat="44.51297" lon="6.41089">
        <ele>972.2</ele>
      </trkpt>
      <trkpt lat="44.51299" lon="6.41091">
        <ele>972.0</ele>
      </trkpt>
      <trkpt lat="44.51305" lon="6.41088">
        <ele>970.3</ele>
      </trkpt>
      <trkpt lat="44.51333" lon="6.41084">
        <ele>963.2</ele>
      </trkpt>
      <trkpt lat="44.51348" lon="6.4108">
        <ele>963.0</ele>
      </trkpt>
      <trkpt lat="44.51358" lon="6.41076">
        <ele>963.1</ele>
      </trkpt>
      <trkpt lat="44.51366" lon="6.41069">
        <ele>963.2</ele>
      </trkpt>
      <trkpt lat="44.51371" lon="6.41062">
        <ele>963.2</ele>
      </trkpt>
      <trkpt lat="44.5138" lon="6.41057">
        <ele>962.6</ele>
      </trkpt>
      <trkpt lat="44.51418" lon="6.41043">
        <ele>958.0</ele>
      </trkpt>
      <trkpt lat="44.51452" lon="6.41027">
        <ele>952.9</ele>
      </trkpt>
      <trkpt lat="44.51458" lon="6.41022">
        <ele>951.3</ele>
      </trkpt>
      <trkpt lat="44.51467" lon="6.41011">
        <ele>947.7</ele>
      </trkpt>
      <trkpt lat="44.51477" lon="6.40997">
        <ele>943.8</ele>
      </trkpt>
      <trkpt lat="44.51477" lon="6.40997">
        <ele>943.8</ele>
      </trkpt>
      <trkpt lat="44.51482" lon="6.4099">
        <ele>943.8</ele>
      </trkpt>
      <trkpt lat="44.51498" lon="6.40979">
        <ele>941.7</ele>
      </trkpt>
      <trkpt lat="44.51534" lon="6.40969">
        <ele>939.5</ele>
      </trkpt>
      <trkpt lat="44.51567" lon="6.40965">
        <ele>936.7</ele>
      </trkpt>
      <trkpt lat="44.51585" lon="6.4096">
        <ele>934.9</ele>
      </trkpt>
      <trkpt lat="44.51593" lon="6.40962">
        <ele>934.4</ele>
      </trkpt>
      <trkpt lat="44.51603" lon="6.40969">
        <ele>933.9</ele>
      </trkpt>
      <trkpt lat="44.5161" lon="6.40981">
        <ele>933.3</ele>
      </trkpt>
      <trkpt lat="44.51613" lon="6.40984">
        <ele>933.1</ele>
      </trkpt>
      <trkpt lat="44.51617" lon="6.40986">
        <ele>932.9</ele>
      </trkpt>
      <trkpt lat="44.51623" lon="6.40985">
        <ele>932.6</ele>
      </trkpt>
      <trkpt lat="44.51628" lon="6.40979">
        <ele>932.3</ele>
      </trkpt>
      <trkpt lat="44.51647" lon="6.40938">
        <ele>925.4</ele>
      </trkpt>
      <trkpt lat="44.51669" lon="6.409">
        <ele>920.3</ele>
      </trkpt>
      <trkpt lat="44.51672" lon="6.40902">
        <ele>919.9</ele>
      </trkpt>
      <trkpt lat="44.51691" lon="6.40901">
        <ele>917.9</ele>
      </trkpt>
      <trkpt lat="44.51698" lon="6.40904">
        <ele>917.1</ele>
      </trkpt>
      <trkpt lat="44.51703" lon="6.4091">
        <ele>916.5</ele>
      </trkpt>
      <trkpt lat="44.51706" lon="6.40918">
        <ele>916.4</ele>
      </trkpt>
      <trkpt lat="44.51708" lon="6.4093">
        <ele>918.4</ele>
      </trkpt>
      <trkpt lat="44.5171" lon="6.40951">
        <ele>922.1</ele>
      </trkpt>
      <trkpt lat="44.51714" lon="6.40972">
        <ele>925.6</ele>
      </trkpt>
      <trkpt lat="44.51727" lon="6.41009">
        <ele>933.4</ele>
      </trkpt>
      <trkpt lat="44.51732" lon="6.41019">
        <ele>936.8</ele>
      </trkpt>
      <trkpt lat="44.51736" lon="6.41024">
        <ele>938.4</ele>
      </trkpt>
      <trkpt lat="44.51741" lon="6.41025">
        <ele>938.5</ele>
      </trkpt>
      <trkpt lat="44.51745" lon="6.41023">
        <ele>937.6</ele>
      </trkpt>
      <trkpt lat="44.51748" lon="6.41018">
        <ele>935.6</ele>
      </trkpt>
      <trkpt lat="44.51759" lon="6.40996">
        <ele>930.5</ele>
      </trkpt>
      <trkpt lat="44.51763" lon="6.40992">
        <ele>930.7</ele>
      </trkpt>
      <trkpt lat="44.51768" lon="6.40991">
        <ele>931.7</ele>
      </trkpt>
      <trkpt lat="44.5178" lon="6.40994">
        <ele>935.4</ele>
      </trkpt>
      <trkpt lat="44.51784" lon="6.40993">
        <ele>936.1</ele>
      </trkpt>
      <trkpt lat="44.51787" lon="6.40991">
        <ele>936.3</ele>
      </trkpt>
      <trkpt lat="44.51795" lon="6.40979">
        <ele>934.8</ele>
      </trkpt>
      <trkpt lat="44.518" lon="6.40975">
        <ele>934.7</ele>
      </trkpt>
      <trkpt lat="44.51827" lon="6.40968">
        <ele>937.9</ele>
      </trkpt>
      <trkpt lat="44.51838" lon="6.40961">
        <ele>937.2</ele>
      </trkpt>
      <trkpt lat="44.5187" lon="6.40945">
        <ele>937.0</ele>
      </trkpt>
      <trkpt lat="44.51897" lon="6.40922">
        <ele>934.6</ele>
      </trkpt>
      <trkpt lat="44.51903" lon="6.40922">
        <ele>935.8</ele>
      </trkpt>
      <trkpt lat="44.5191" lon="6.40925">
        <ele>938.1</ele>
      </trkpt>
      <trkpt lat="44.51917" lon="6.40931">
        <ele>941.1</ele>
      </trkpt>
      <trkpt lat="44.51952" lon="6.40982">
        <ele>954.0</ele>
      </trkpt>
      <trkpt lat="44.51958" lon="6.40988">
        <ele>955.3</ele>
      </trkpt>
      <trkpt lat="44.51963" lon="6.4099">
        <ele>955.5</ele>
      </trkpt>
      <trkpt lat="44.51971" lon="6.4099">
        <ele>955.1</ele>
      </trkpt>
      <trkpt lat="44.51985" lon="6.40986">
        <ele>953.3</ele>
      </trkpt>
      <trkpt lat="44.51999" lon="6.40985">
        <ele>952.3</ele>
      </trkpt>
      <trkpt lat="44.52006" lon="6.40985">
        <ele>952.3</ele>
      </trkpt>
      <trkpt lat="44.52031" lon="6.40996">
        <ele>955.1</ele>
      </trkpt>
      <trkpt lat="44.52046" lon="6.41005">
        <ele>957.4</ele>
      </trkpt>
      <trkpt lat="44.52061" lon="6.41015">
        <ele>960.1</ele>
      </trkpt>
      <trkpt lat="44.52076" lon="6.41029">
        <ele>963.7</ele>
      </trkpt>
      <trkpt lat="44.5209" lon="6.41051">
        <ele>970.5</ele>
      </trkpt>
      <trkpt lat="44.52096" lon="6.41053">
        <ele>971.9</ele>
      </trkpt>
      <trkpt lat="44.52103" lon="6.41052">
        <ele>972.7</ele>
      </trkpt>
      <trkpt lat="44.5211" lon="6.41047">
        <ele>972.4</ele>
      </trkpt>
      <trkpt lat="44.52121" lon="6.41037">
        <ele>971.4</ele>
      </trkpt>
      <trkpt lat="44.52152" lon="6.40998">
        <ele>966.3</ele>
      </trkpt>
      <trkpt lat="44.52162" lon="6.40988">
        <ele>966.0</ele>
      </trkpt>
      <trkpt lat="44.52171" lon="6.40983">
        <ele>965.3</ele>
      </trkpt>
      <trkpt lat="44.52186" lon="6.40983">
        <ele>964.0</ele>
      </trkpt>
      <trkpt lat="44.52199" lon="6.40985">
        <ele>963.3</ele>
      </trkpt>
      <trkpt lat="44.52213" lon="6.40992">
        <ele>964.0</ele>
      </trkpt>
      <trkpt lat="44.52242" lon="6.41009">
        <ele>967.9</ele>
      </trkpt>
      <trkpt lat="44.52254" lon="6.41021">
        <ele>971.3</ele>
      </trkpt>
      <trkpt lat="44.52272" lon="6.41043">
        <ele>974.6</ele>
      </trkpt>
      <trkpt lat="44.52287" lon="6.41064">
        <ele>977.0</ele>
      </trkpt>
      <trkpt lat="44.52295" lon="6.41085">
        <ele>980.5</ele>
      </trkpt>
      <trkpt lat="44.52304" lon="6.41103">
        <ele>980.0</ele>
      </trkpt>
      <trkpt lat="44.52319" lon="6.41126">
        <ele>977.5</ele>
      </trkpt>
      <trkpt lat="44.52324" lon="6.41137">
        <ele>977.0</ele>
      </trkpt>
      <trkpt lat="44.52326" lon="6.41149">
        <ele>977.8</ele>
      </trkpt>
      <trkpt lat="44.52325" lon="6.41162">
        <ele>980.0</ele>
      </trkpt>
      <trkpt lat="44.5232" lon="6.41192">
        <ele>984.6</ele>
      </trkpt>
      <trkpt lat="44.52319" lon="6.41204">
        <ele>985.9</ele>
      </trkpt>
      <trkpt lat="44.52323" lon="6.41221">
        <ele>985.2</ele>
      </trkpt>
      <trkpt lat="44.52325" lon="6.41239">
        <ele>985.4</ele>
      </trkpt>
      <trkpt lat="44.52323" lon="6.41265">
        <ele>987.2</ele>
      </trkpt>
      <trkpt lat="44.52317" lon="6.41313">
        <ele>990.6</ele>
      </trkpt>
      <trkpt lat="44.52304" lon="6.41376">
        <ele>995.8</ele>
      </trkpt>
      <trkpt lat="44.52292" lon="6.41438">
        <ele>998.8</ele>
      </trkpt>
      <trkpt lat="44.52282" lon="6.41513">
        <ele>999.3</ele>
      </trkpt>
      <trkpt lat="44.52275" lon="6.41583">
        <ele>1000.2</ele>
      </trkpt>
      <trkpt lat="44.52268" lon="6.41623">
        <ele>1002.9</ele>
      </trkpt>
      <trkpt lat="44.52266" lon="6.41643">
        <ele>1003.6</ele>
      </trkpt>
      <trkpt lat="44.52267" lon="6.41664">
        <ele>1003.1</ele>
      </trkpt>
      <trkpt lat="44.52285" lon="6.41729">
        <ele>997.0</ele>
      </trkpt>
      <trkpt lat="44.52291" lon="6.41765">
        <ele>994.6</ele>
      </trkpt>
      <trkpt lat="44.52291" lon="6.41783">
        <ele>993.9</ele>
      </trkpt>
      <trkpt lat="44.52287" lon="6.41864">
        <ele>988.4</ele>
      </trkpt>
      <trkpt lat="44.52278" lon="6.41935">
        <ele>981.7</ele>
      </trkpt>
      <trkpt lat="44.5227" lon="6.42007">
        <ele>977.2</ele>
      </trkpt>
      <trkpt lat="44.5226" lon="6.42038">
        <ele>975.9</ele>
      </trkpt>
      <trkpt lat="44.5225" lon="6.4206">
        <ele>975.5</ele>
      </trkpt>
      <trkpt lat="44.52231" lon="6.42097">
        <ele>974.8</ele>
      </trkpt>
      <trkpt lat="44.52223" lon="6.42107">
        <ele>975.7</ele>
      </trkpt>
      <trkpt lat="44.52214" lon="6.42112">
        <ele>977.7</ele>
      </trkpt>
      <trkpt lat="44.52201" lon="6.42118">
        <ele>980.6</ele>
      </trkpt>
      <trkpt lat="44.52192" lon="6.42127">
        <ele>981.7</ele>
      </trkpt>
      <trkpt lat="44.52186" lon="6.42142">
        <ele>980.9</ele>
      </trkpt>
      <trkpt lat="44.52177" lon="6.42162">
        <ele>980.0</ele>
      </trkpt>
      <trkpt lat="44.5214" lon="6.4223">
        <ele>980.0</ele>
      </trkpt>
      <trkpt lat="44.52131" lon="6.42241">
        <ele>980.3</ele>
      </trkpt>
      <trkpt lat="44.52122" lon="6.42247">
        <ele>981.2</ele>
      </trkpt>
      <trkpt lat="44.52105" lon="6.42254">
        <ele>984.0</ele>
      </trkpt>
      <trkpt lat="44.52089" lon="6.42258">
        <ele>987.1</ele>
      </trkpt>
      <trkpt lat="44.52071" lon="6.42258">
        <ele>990.9</ele>
      </trkpt>
      <trkpt lat="44.52065" lon="6.4226">
        <ele>992.0</ele>
      </trkpt>
      <trkpt lat="44.5206" lon="6.42266">
        <ele>992.6</ele>
      </trkpt>
      <trkpt lat="44.52058" lon="6.42274">
        <ele>992.4</ele>
      </trkpt>
      <trkpt lat="44.52059" lon="6.42283">
        <ele>991.5</ele>
      </trkpt>
      <trkpt lat="44.52063" lon="6.42291">
        <ele>990.1</ele>
      </trkpt>
      <trkpt lat="44.52078" lon="6.42306">
        <ele>985.5</ele>
      </trkpt>
      <trkpt lat="44.52084" lon="6.42313">
        <ele>983.6</ele>
      </trkpt>
      <trkpt lat="44.52086" lon="6.42322">
        <ele>982.3</ele>
      </trkpt>
      <trkpt lat="44.52087" lon="6.42332">
        <ele>981.3</ele>
      </trkpt>
      <trkpt lat="44.52085" lon="6.4234">
        <ele>981.3</ele>
      </trkpt>
      <trkpt lat="44.52074" lon="6.42377">
        <ele>982.3</ele>
      </trkpt>
      <trkpt lat="44.52072" lon="6.42398">
        <ele>981.8</ele>
      </trkpt>
      <trkpt lat="44.52072" lon="6.42398">
        <ele>981.8</ele>
      </trkpt>
      <trkpt lat="44.52071" lon="6.42444">
        <ele>980.0</ele>
      </trkpt>
      <trkpt lat="44.52068" lon="6.42458">
        <ele>980.0</ele>
      </trkpt>
      <trkpt lat="44.52059" lon="6.42485">
        <ele>980.5</ele>
      </trkpt>
      <trkpt lat="44.52058" lon="6.42493">
        <ele>980.3</ele>
      </trkpt>
      <trkpt lat="44.52057" lon="6.42502">
        <ele>979.9</ele>
      </trkpt>
      <trkpt lat="44.52059" lon="6.42518">
        <ele>978.3</ele>
      </trkpt>
      <trkpt lat="44.52059" lon="6.42531">
        <ele>977.3</ele>
      </trkpt>
      <trkpt lat="44.52057" lon="6.4254">
        <ele>977.0</ele>
      </trkpt>
      <trkpt lat="44.52052" lon="6.4255">
        <ele>977.2</ele>
      </trkpt>
      <trkpt lat="44.52046" lon="6.42558">
        <ele>977.7</ele>
      </trkpt>
      <trkpt lat="44.52019" lon="6.42579">
        <ele>980.9</ele>
      </trkpt>
      <trkpt lat="44.52014" lon="6.42584">
        <ele>981.6</ele>
      </trkpt>
      <trkpt lat="44.52012" lon="6.42589">
        <ele>982.8</ele>
      </trkpt>
      <trkpt lat="44.5201" lon="6.42594">
        <ele>984.0</ele>
      </trkpt>
      <trkpt lat="44.5201" lon="6.42598">
        <ele>984.7</ele>
      </trkpt>
      <trkpt lat="44.52011" lon="6.42601">
        <ele>985.0</ele>
      </trkpt>
      <trkpt lat="44.52014" lon="6.42605">
        <ele>985.2</ele>
      </trkpt>
      <trkpt lat="44.52037" lon="6.42617">
        <ele>983.4</ele>
      </trkpt>
      <trkpt lat="44.52059" lon="6.42623">
        <ele>980.7</ele>
      </trkpt>
      <trkpt lat="44.52069" lon="6.42629">
        <ele>980.2</ele>
      </trkpt>
      <trkpt lat="44.52077" lon="6.42635">
        <ele>980.0</ele>
      </trkpt>
      <trkpt lat="44.52084" lon="6.4264">
        <ele>979.9</ele>
      </trkpt>
      <trkpt lat="44.52139" lon="6.42654">
        <ele>982.5</ele>
      </trkpt>
      <trkpt lat="44.52155" lon="6.42655">
        <ele>982.6</ele>
      </trkpt>
      <trkpt lat="44.52169" lon="6.42652">
        <ele>982.3</ele>
      </trkpt>
      <trkpt lat="44.52181" lon="6.42648">
        <ele>983.1</ele>
      </trkpt>
      <trkpt lat="44.52191" lon="6.42642">
        <ele>983.3</ele>
      </trkpt>
      <trkpt lat="44.52209" lon="6.42624">
        <ele>982.1</ele>
      </trkpt>
      <trkpt lat="44.52217" lon="6.42613">
        <ele>981.1</ele>
      </trkpt>
      <trkpt lat="44.52228" lon="6.42595">
        <ele>979.1</ele>
      </trkpt>
      <trkpt lat="44.52231" lon="6.42594">
        <ele>979.3</ele>
      </trkpt>
      <trkpt lat="44.52234" lon="6.42594">
        <ele>979.8</ele>
      </trkpt>
      <trkpt lat="44.52237" lon="6.42595">
        <ele>980.4</ele>
      </trkpt>
      <trkpt lat="44.52238" lon="6.42598">
        <ele>981.1</ele>
      </trkpt>
      <trkpt lat="44.52256" lon="6.42593">
        <ele>981.7</ele>
      </trkpt>
      <trkpt lat="44.5231" lon="6.42583">
        <ele>978.5</ele>
      </trkpt>
      <trkpt lat="44.52364" lon="6.42573">
        <ele>968.2</ele>
      </trkpt>
      <trkpt lat="44.52371" lon="6.42573">
        <ele>966.6</ele>
      </trkpt>
      <trkpt lat="44.52378" lon="6.42576">
        <ele>965.5</ele>
      </trkpt>
      <trkpt lat="44.52384" lon="6.42583">
        <ele>965.2</ele>
      </trkpt>
      <trkpt lat="44.5239" lon="6.42591">
        <ele>964.4</ele>
      </trkpt>
      <trkpt lat="44.52395" lon="6.42607">
        <ele>964.5</ele>
      </trkpt>
      <trkpt lat="44.52417" lon="6.42678">
        <ele>961.3</ele>
      </trkpt>
      <trkpt lat="44.52421" lon="6.42693">
        <ele>959.0</ele>
      </trkpt>
      <trkpt lat="44.52422" lon="6.42706">
        <ele>957.9</ele>
      </trkpt>
      <trkpt lat="44.52421" lon="6.42719">
        <ele>957.7</ele>
      </trkpt>
      <trkpt lat="44.52413" lon="6.42735">
        <ele>959.8</ele>
      </trkpt>
      <trkpt lat="44.524" lon="6.42756">
        <ele>961.7</ele>
      </trkpt>
      <trkpt lat="44.52387" lon="6.42775">
        <ele>961.5</ele>
      </trkpt>
      <trkpt lat="44.5238" lon="6.42795">
        <ele>959.4</ele>
      </trkpt>
      <trkpt lat="44.52374" lon="6.42825">
        <ele>955.1</ele>
      </trkpt>
      <trkpt lat="44.52368" lon="6.42835">
        <ele>954.9</ele>
      </trkpt>
      <trkpt lat="44.5236" lon="6.42842">
        <ele>956.0</ele>
      </trkpt>
      <trkpt lat="44.52352" lon="6.42845">
        <ele>958.1</ele>
      </trkpt>
      <trkpt lat="44.52348" lon="6.42849">
        <ele>958.6</ele>
      </trkpt>
      <trkpt lat="44.52345" lon="6.42858">
        <ele>957.7</ele>
      </trkpt>
      <trkpt lat="44.52343" lon="6.42872">
        <ele>955.4</ele>
      </trkpt>
      <trkpt lat="44.52345" lon="6.42891">
        <ele>950.4</ele>
      </trkpt>
      <trkpt lat="44.52345" lon="6.42901">
        <ele>948.2</ele>
      </trkpt>
      <trkpt lat="44.52334" lon="6.42928">
        <ele>946.4</ele>
      </trkpt>
      <trkpt lat="44.5233" lon="6.42933">
        <ele>946.3</ele>
      </trkpt>
      <trkpt lat="44.52325" lon="6.42937">
        <ele>946.6</ele>
      </trkpt>
      <trkpt lat="44.52309" lon="6.42942">
        <ele>949.8</ele>
      </trkpt>
      <trkpt lat="44.52303" lon="6.42946">
        <ele>950.4</ele>
      </trkpt>
      <trkpt lat="44.52298" lon="6.42955">
        <ele>949.3</ele>
      </trkpt>
      <trkpt lat="44.52284" lon="6.42992">
        <ele>943.0</ele>
      </trkpt>
      <trkpt lat="44.5228" lon="6.42999">
        <ele>942.3</ele>
      </trkpt>
      <trkpt lat="44.52275" lon="6.43003">
        <ele>943.2</ele>
      </trkpt>
      <trkpt lat="44.5226" lon="6.43008">
        <ele>946.8</ele>
      </trkpt>
      <trkpt lat="44.52254" lon="6.43013">
        <ele>947.7</ele>
      </trkpt>
      <trkpt lat="44.52234" lon="6.43035">
        <ele>949.5</ele>
      </trkpt>
      <trkpt lat="44.52217" lon="6.43069">
        <ele>947.9</ele>
      </trkpt>
      <trkpt lat="44.52212" lon="6.43076">
        <ele>947.9</ele>
      </trkpt>
      <trkpt lat="44.52207" lon="6.43082">
        <ele>948.1</ele>
      </trkpt>
      <trkpt lat="44.522" lon="6.43087">
        <ele>950.4</ele>
      </trkpt>
      <trkpt lat="44.52197" lon="6.43093">
        <ele>952.4</ele>
      </trkpt>
      <trkpt lat="44.52196" lon="6.43099">
        <ele>953.9</ele>
      </trkpt>
      <trkpt lat="44.52196" lon="6.43106">
        <ele>955.4</ele>
      </trkpt>
      <trkpt lat="44.52202" lon="6.43112">
        <ele>955.6</ele>
      </trkpt>
      <trkpt lat="44.52221" lon="6.43112">
        <ele>952.4</ele>
      </trkpt>
      <trkpt lat="44.52258" lon="6.43105">
        <ele>944.2</ele>
      </trkpt>
      <trkpt lat="44.52265" lon="6.43105">
        <ele>943.7</ele>
      </trkpt>
      <trkpt lat="44.52278" lon="6.43112">
        <ele>945.6</ele>
      </trkpt>
      <trkpt lat="44.52282" lon="6.43113">
        <ele>945.7</ele>
      </trkpt>
      <trkpt lat="44.52297" lon="6.43113">
        <ele>944.8</ele>
      </trkpt>
      <trkpt lat="44.52306" lon="6.43114">
        <ele>944.7</ele>
      </trkpt>
      <trkpt lat="44.52315" lon="6.43118">
        <ele>946.0</ele>
      </trkpt>
      <trkpt lat="44.52322" lon="6.43117">
        <ele>945.2</ele>
      </trkpt>
      <trkpt lat="44.52332" lon="6.43113">
        <ele>942.7</ele>
      </trkpt>
      <trkpt lat="44.52346" lon="6.4311">
        <ele>940.5</ele>
      </trkpt>
      <trkpt lat="44.52351" lon="6.43107">
        <ele>938.9</ele>
      </trkpt>
      <trkpt lat="44.52358" lon="6.43099">
        <ele>935.0</ele>
      </trkpt>
      <trkpt lat="44.52364" lon="6.43095">
        <ele>933.1</ele>
      </trkpt>
      <trkpt lat="44.52381" lon="6.43085">
        <ele>928.7</ele>
      </trkpt>
      <trkpt lat="44.52389" lon="6.43078">
        <ele>926.8</ele>
      </trkpt>
      <trkpt lat="44.52402" lon="6.43071">
        <ele>924.7</ele>
      </trkpt>
      <trkpt lat="44.52415" lon="6.43065">
        <ele>922.2</ele>
      </trkpt>
      <trkpt lat="44.52432" lon="6.43054">
        <ele>917.5</ele>
      </trkpt>
      <trkpt lat="44.52455" lon="6.43045">
        <ele>913.1</ele>
      </trkpt>
      <trkpt lat="44.52491" lon="6.43034">
        <ele>907.0</ele>
      </trkpt>
      <trkpt lat="44.52522" lon="6.43031">
        <ele>904.2</ele>
      </trkpt>
      <trkpt lat="44.52568" lon="6.43021">
        <ele>899.0</ele>
      </trkpt>
      <trkpt lat="44.52577" lon="6.4302">
        <ele>898.3</ele>
      </trkpt>
      <trkpt lat="44.52584" lon="6.43022">
        <ele>898.3</ele>
      </trkpt>
      <trkpt lat="44.52591" lon="6.43026">
        <ele>897.3</ele>
      </trkpt>
      <trkpt lat="44.52607" lon="6.43049">
        <ele>898.8</ele>
      </trkpt>
      <trkpt lat="44.52614" lon="6.43055">
        <ele>898.6</ele>
      </trkpt>
      <trkpt lat="44.52637" lon="6.43059">
        <ele>893.7</ele>
      </trkpt>
      <trkpt lat="44.52642" lon="6.43063">
        <ele>893.6</ele>
      </trkpt>
      <trkpt lat="44.52652" lon="6.43088">
        <ele>897.7</ele>
      </trkpt>
      <trkpt lat="44.52656" lon="6.43126">
        <ele>898.3</ele>
      </trkpt>
      <trkpt lat="44.52663" lon="6.43166">
        <ele>898.0</ele>
      </trkpt>
      <trkpt lat="44.52686" lon="6.4323">
        <ele>893.9</ele>
      </trkpt>
      <trkpt lat="44.527" lon="6.43264">
        <ele>892.7</ele>
      </trkpt>
      <trkpt lat="44.52712" lon="6.43285">
        <ele>891.4</ele>
      </trkpt>
      <trkpt lat="44.5272" lon="6.43296">
        <ele>890.0</ele>
      </trkpt>
      <trkpt lat="44.52734" lon="6.43308">
        <ele>886.7</ele>
      </trkpt>
      <trkpt lat="44.52739" lon="6.43315">
        <ele>885.4</ele>
      </trkpt>
      <trkpt lat="44.52745" lon="6.43326">
        <ele>883.6</ele>
      </trkpt>
      <trkpt lat="44.52749" lon="6.43341">
        <ele>882.6</ele>
      </trkpt>
      <trkpt lat="44.52756" lon="6.43434">
        <ele>883.2</ele>
      </trkpt>
      <trkpt lat="44.52761" lon="6.43484">
        <ele>880.8</ele>
      </trkpt>
      <trkpt lat="44.52762" lon="6.43508">
        <ele>880.0</ele>
      </trkpt>
      <trkpt lat="44.52763" lon="6.43524">
        <ele>879.5</ele>
      </trkpt>
      <trkpt lat="44.52769" lon="6.43544">
        <ele>877.3</ele>
      </trkpt>
      <trkpt lat="44.52776" lon="6.43571">
        <ele>874.7</ele>
      </trkpt>
      <trkpt lat="44.52795" lon="6.43603">
        <ele>868.9</ele>
      </trkpt>
      <trkpt lat="44.52805" lon="6.43614">
        <ele>866.1</ele>
      </trkpt>
      <trkpt lat="44.52817" lon="6.43624">
        <ele>862.9</ele>
      </trkpt>
      <trkpt lat="44.5283" lon="6.43634">
        <ele>859.4</ele>
      </trkpt>
      <trkpt lat="44.52837" lon="6.43643">
        <ele>857.9</ele>
      </trkpt>
      <trkpt lat="44.52841" lon="6.4365">
        <ele>857.2</ele>
      </trkpt>
      <trkpt lat="44.52843" lon="6.43658">
        <ele>856.9</ele>
      </trkpt>
      <trkpt lat="44.52843" lon="6.43665">
        <ele>857.2</ele>
      </trkpt>
      <trkpt lat="44.52838" lon="6.43692">
        <ele>857.5</ele>
      </trkpt>
      <trkpt lat="44.52833" lon="6.43736">
        <ele>856.8</ele>
      </trkpt>
      <trkpt lat="44.5283" lon="6.43743">
        <ele>857.5</ele>
      </trkpt>
      <trkpt lat="44.52815" lon="6.43775">
        <ele>862.2</ele>
      </trkpt>
      <trkpt lat="44.52815" lon="6.4379">
        <ele>862.0</ele>
      </trkpt>
      <trkpt lat="44.52816" lon="6.43795">
        <ele>861.6</ele>
      </trkpt>
      <trkpt lat="44.52818" lon="6.43799">
        <ele>860.8</ele>
      </trkpt>
      <trkpt lat="44.52821" lon="6.43803">
        <ele>859.6</ele>
      </trkpt>
      <trkpt lat="44.52841" lon="6.43811">
        <ele>852.9</ele>
      </trkpt>
      <trkpt lat="44.52846" lon="6.43815">
        <ele>851.8</ele>
      </trkpt>
      <trkpt lat="44.52849" lon="6.4382">
        <ele>851.1</ele>
      </trkpt>
      <trkpt lat="44.52853" lon="6.43831">
        <ele>850.2</ele>
      </trkpt>
      <trkpt lat="44.52855" lon="6.43843">
        <ele>849.5</ele>
      </trkpt>
      <trkpt lat="44.52856" lon="6.43854">
        <ele>848.9</ele>
      </trkpt>
      <trkpt lat="44.52856" lon="6.43868">
        <ele>848.5</ele>
      </trkpt>
      <trkpt lat="44.52848" lon="6.43906">
        <ele>849.0</ele>
      </trkpt>
      <trkpt lat="44.52839" lon="6.43927">
        <ele>850.7</ele>
      </trkpt>
      <trkpt lat="44.52823" lon="6.4395">
        <ele>855.0</ele>
      </trkpt>
      <trkpt lat="44.52794" lon="6.43983">
        <ele>862.8</ele>
      </trkpt>
      <trkpt lat="44.52786" lon="6.44006">
        <ele>864.3</ele>
      </trkpt>
      <trkpt lat="44.52785" lon="6.4402">
        <ele>865.1</ele>
      </trkpt>
      <trkpt lat="44.52789" lon="6.44026">
        <ele>864.5</ele>
      </trkpt>
      <trkpt lat="44.52794" lon="6.44027">
        <ele>863.4</ele>
      </trkpt>
      <trkpt lat="44.52803" lon="6.44015">
        <ele>860.5</ele>
      </trkpt>
      <trkpt lat="44.52878" lon="6.43995">
        <ele>847.4</ele>
      </trkpt>
      <trkpt lat="44.52906" lon="6.43989">
        <ele>844.4</ele>
      </trkpt>
      <trkpt lat="44.52932" lon="6.43989">
        <ele>843.1</ele>
      </trkpt>
      <trkpt lat="44.5295" lon="6.43989">
        <ele>842.8</ele>
      </trkpt>
      <trkpt lat="44.52989" lon="6.43988">
        <ele>841.8</ele>
      </trkpt>
      <trkpt lat="44.53013" lon="6.43983">
        <ele>838.9</ele>
      </trkpt>
      <trkpt lat="44.5303" lon="6.43982">
        <ele>836.7</ele>
      </trkpt>
      <trkpt lat="44.5304" lon="6.43983">
        <ele>835.7</ele>
      </trkpt>
      <trkpt lat="44.53052" lon="6.43988">
        <ele>834.9</ele>
      </trkpt>
      <trkpt lat="44.53088" lon="6.44">
        <ele>831.7</ele>
      </trkpt>
      <trkpt lat="44.53097" lon="6.44001">
        <ele>831.2</ele>
      </trkpt>
      <trkpt lat="44.53109" lon="6.44">
        <ele>830.5</ele>
      </trkpt>
      <trkpt lat="44.53114" lon="6.43998">
        <ele>830.0</ele>
      </trkpt>
      <trkpt lat="44.53114" lon="6.43998">
        <ele>830.0</ele>
      </trkpt>
      <trkpt lat="44.53161" lon="6.43982">
        <ele>826.2</ele>
      </trkpt>
      <trkpt lat="44.53176" lon="6.43973">
        <ele>824.7</ele>
      </trkpt>
      <trkpt lat="44.53192" lon="6.44056">
        <ele>826.8</ele>
      </trkpt>
      <trkpt lat="44.53198" lon="6.44095">
        <ele>828.0</ele>
      </trkpt>
      <trkpt lat="44.53203" lon="6.44135">
        <ele>829.2</ele>
      </trkpt>
      <trkpt lat="44.53207" lon="6.44177">
        <ele>830.1</ele>
      </trkpt>
      <trkpt lat="44.53209" lon="6.44206">
        <ele>830.7</ele>
      </trkpt>
      <trkpt lat="44.53211" lon="6.44251">
        <ele>831.8</ele>
      </trkpt>
      <trkpt lat="44.53208" lon="6.44298">
        <ele>832.9</ele>
      </trkpt>
      <trkpt lat="44.53207" lon="6.44335">
        <ele>833.6</ele>
      </trkpt>
      <trkpt lat="44.53207" lon="6.44335">
        <ele>833.6</ele>
      </trkpt>
      <trkpt lat="44.53206" lon="6.4441">
        <ele>834.1</ele>
      </trkpt>
      <trkpt lat="44.53204" lon="6.44484">
        <ele>835.0</ele>
      </trkpt>
      <trkpt lat="44.53207" lon="6.44561">
        <ele>836.2</ele>
      </trkpt>
      <trkpt lat="44.53212" lon="6.44664">
        <ele>836.6</ele>
      </trkpt>
      <trkpt lat="44.53212" lon="6.44664">
        <ele>836.6</ele>
      </trkpt>
      <trkpt lat="44.53218" lon="6.4475">
        <ele>835.3</ele>
      </trkpt>
      <trkpt lat="44.53224" lon="6.44837">
        <ele>835.2</ele>
      </trkpt>
      <trkpt lat="44.53229" lon="6.44923">
        <ele>833.9</ele>
      </trkpt>
      <trkpt lat="44.53234" lon="6.4497">
        <ele>832.3</ele>
      </trkpt>
      <trkpt lat="44.53234" lon="6.4497">
        <ele>832.3</ele>
      </trkpt>
      <trkpt lat="44.53236" lon="6.44986">
        <ele>831.7</ele>
      </trkpt>
      <trkpt lat="44.53243" lon="6.45097">
        <ele>829.3</ele>
      </trkpt>
      <trkpt lat="44.53251" lon="6.45222">
        <ele>824.6</ele>
      </trkpt>
      <trkpt lat="44.53259" lon="6.45347">
        <ele>817.3</ele>
      </trkpt>
      <trkpt lat="44.53267" lon="6.45472">
        <ele>813.7</ele>
      </trkpt>
      <trkpt lat="44.53275" lon="6.45597">
        <ele>810.3</ele>
      </trkpt>
      <trkpt lat="44.53282" lon="6.45721">
        <ele>810.3</ele>
      </trkpt>
      <trkpt lat="44.5329" lon="6.45846">
        <ele>807.6</ele>
      </trkpt>
      <trkpt lat="44.53298" lon="6.45971">
        <ele>807.2</ele>
      </trkpt>
      <trkpt lat="44.53301" lon="6.46007">
        <ele>807.0</ele>
      </trkpt>
      <trkpt lat="44.53306" lon="6.46068">
        <ele>807.5</ele>
      </trkpt>
      <trkpt lat="44.53313" lon="6.46127">
        <ele>806.2</ele>
      </trkpt>
      <trkpt lat="44.53323" lon="6.46193">
        <ele>802.0</ele>
      </trkpt>
      <trkpt lat="44.53337" lon="6.46256">
        <ele>794.8</ele>
      </trkpt>
      <trkpt lat="44.53347" lon="6.463">
        <ele>794.1</ele>
      </trkpt>
      <trkpt lat="44.53366" lon="6.46365">
        <ele>791.9</ele>
      </trkpt>
      <trkpt lat="44.53393" lon="6.4645">
        <ele>788.2</ele>
      </trkpt>
      <trkpt lat="44.53419" lon="6.46518">
        <ele>784.6</ele>
      </trkpt>
      <trkpt lat="44.53437" lon="6.46561">
        <ele>783.5</ele>
      </trkpt>
      <trkpt lat="44.53459" lon="6.4662">
        <ele>783.2</ele>
      </trkpt>
      <trkpt lat="44.53468" lon="6.46645">
        <ele>783.5</ele>
      </trkpt>
      <trkpt lat="44.5347" lon="6.46654">
        <ele>783.5</ele>
      </trkpt>
      <trkpt lat="44.5347" lon="6.46664">
        <ele>783.6</ele>
      </trkpt>
      <trkpt lat="44.53469" lon="6.46669">
        <ele>783.6</ele>
      </trkpt>
      <trkpt lat="44.53466" lon="6.46675">
        <ele>783.5</ele>
      </trkpt>
      <trkpt lat="44.53456" lon="6.46682">
        <ele>783.4</ele>
      </trkpt>
      <trkpt lat="44.53436" lon="6.46691">
        <ele>783.2</ele>
      </trkpt>
      <trkpt lat="44.53412" lon="6.46696">
        <ele>783.8</ele>
      </trkpt>
      <trkpt lat="44.53404" lon="6.46698">
        <ele>785.1</ele>
      </trkpt>
      <trkpt lat="44.53386" lon="6.46707">
        <ele>788.3</ele>
      </trkpt>
      <trkpt lat="44.53376" lon="6.46714">
        <ele>790.2</ele>
      </trkpt>
      <trkpt lat="44.53367" lon="6.46723">
        <ele>792.0</ele>
      </trkpt>
      <trkpt lat="44.53357" lon="6.46735">
        <ele>794.1</ele>
      </trkpt>
      <trkpt lat="44.53352" lon="6.46744">
        <ele>795.2</ele>
      </trkpt>
      <trkpt lat="44.53349" lon="6.46752">
        <ele>795.9</ele>
      </trkpt>
      <trkpt lat="44.53347" lon="6.46761">
        <ele>796.0</ele>
      </trkpt>
      <trkpt lat="44.53347" lon="6.4677">
        <ele>795.7</ele>
      </trkpt>
      <trkpt lat="44.53355" lon="6.46873">
        <ele>792.6</ele>
      </trkpt>
      <trkpt lat="44.53355" lon="6.46873">
        <ele>792.6</ele>
      </trkpt>
      <trkpt lat="44.53359" lon="6.4693">
        <ele>793.2</ele>
      </trkpt>
      <trkpt lat="44.53368" lon="6.46974">
        <ele>794.6</ele>
      </trkpt>
      <trkpt lat="44.53375" lon="6.47003">
        <ele>795.6</ele>
      </trkpt>
      <trkpt lat="44.53386" lon="6.47043">
        <ele>796.4</ele>
      </trkpt>
      <trkpt lat="44.53396" lon="6.47078">
        <ele>797.0</ele>
      </trkpt>
      <trkpt lat="44.53417" lon="6.47109">
        <ele>796.3</ele>
      </trkpt>
      <trkpt lat="44.53411" lon="6.47113">
        <ele>796.8</ele>
      </trkpt>
      <trkpt lat="44.53405" lon="6.47113">
        <ele>797.2</ele>
      </trkpt>
      <trkpt lat="44.53405" lon="6.47113">
        <ele>797.2</ele>
      </trkpt>
      <trkpt lat="44.53354" lon="6.4711">
        <ele>800.8</ele>
      </trkpt>
      <trkpt lat="44.53315" lon="6.47099">
        <ele>803.8</ele>
      </trkpt>
      <trkpt lat="44.53306" lon="6.47116">
        <ele>805.6</ele>
      </trkpt>
      <trkpt lat="44.53304" lon="6.47136">
        <ele>806.9</ele>
      </trkpt>
      <trkpt lat="44.5331" lon="6.47164">
        <ele>807.7</ele>
      </trkpt>
      <trkpt lat="44.5331" lon="6.47164">
        <ele>807.7</ele>
      </trkpt>
      <trkpt lat="44.53331" lon="6.47224">
        <ele>810.8</ele>
      </trkpt>
      <trkpt lat="44.53347" lon="6.47252">
        <ele>811.1</ele>
      </trkpt>
      <trkpt lat="44.53354" lon="6.47271">
        <ele>811.0</ele>
      </trkpt>
      <trkpt lat="44.53375" lon="6.47269">
        <ele>807.8</ele>
      </trkpt>
      <trkpt lat="44.53395" lon="6.47274">
        <ele>805.1</ele>
      </trkpt>
      <trkpt lat="44.53407" lon="6.4728">
        <ele>803.5</ele>
      </trkpt>
      <trkpt lat="44.53412" lon="6.47309">
        <ele>803.8</ele>
      </trkpt>
      <trkpt lat="44.53417" lon="6.47324">
        <ele>803.6</ele>
      </trkpt>
      <trkpt lat="44.5344" lon="6.47367">
        <ele>805.5</ele>
      </trkpt>
      <trkpt lat="44.53462" lon="6.47401">
        <ele>805.1</ele>
      </trkpt>
      <trkpt lat="44.53497" lon="6.47446">
        <ele>803.5</ele>
      </trkpt>
      <trkpt lat="44.53535" lon="6.47487">
        <ele>801.8</ele>
      </trkpt>
      <trkpt lat="44.53573" lon="6.47538">
        <ele>800.5</ele>
      </trkpt>
      <trkpt lat="44.5361" lon="6.47602">
        <ele>801.4</ele>
      </trkpt>
      <trkpt lat="44.5361" lon="6.47602">
        <ele>801.4</ele>
      </trkpt>
      <trkpt lat="44.5361" lon="6.47602">
        <ele>801.4</ele>
      </trkpt>
      <trkpt lat="44.53642" lon="6.47657">
        <ele>800.9</ele>
      </trkpt>
      <trkpt lat="44.53657" lon="6.47685">
        <ele>799.6</ele>
      </trkpt>
      <trkpt lat="44.53671" lon="6.47716">
        <ele>798.9</ele>
      </trkpt>
      <trkpt lat="44.53694" lon="6.47748">
        <ele>796.3</ele>
      </trkpt>
      <trkpt lat="44.53707" lon="6.47773">
        <ele>795.3</ele>
      </trkpt>
      <trkpt lat="44.53715" lon="6.47791">
        <ele>794.6</ele>
      </trkpt>
      <trkpt lat="44.53726" lon="6.47827">
        <ele>794.0</ele>
      </trkpt>
      <trkpt lat="44.53733" lon="6.47846">
        <ele>793.6</ele>
      </trkpt>
      <trkpt lat="44.53743" lon="6.47866">
        <ele>792.6</ele>
      </trkpt>
      <trkpt lat="44.53751" lon="6.47881">
        <ele>792.0</ele>
      </trkpt>
      <trkpt lat="44.53771" lon="6.47912">
        <ele>794.1</ele>
      </trkpt>
      <trkpt lat="44.53772" lon="6.47918">
        <ele>794.5</ele>
      </trkpt>
      <trkpt lat="44.53773" lon="6.47929">
        <ele>795.1</ele>
      </trkpt>
      <trkpt lat="44.53773" lon="6.47934">
        <ele>795.3</ele>
      </trkpt>
      <trkpt lat="44.53774" lon="6.47946">
        <ele>795.9</ele>
      </trkpt>
      <trkpt lat="44.53778" lon="6.47974">
        <ele>797.5</ele>
      </trkpt>
      <trkpt lat="44.53785" lon="6.4804">
        <ele>800.9</ele>
      </trkpt>
      <trkpt lat="44.53788" lon="6.48068">
        <ele>801.8</ele>
      </trkpt>
      <trkpt lat="44.53788" lon="6.48098">
        <ele>803.3</ele>
      </trkpt>
      <trkpt lat="44.53788" lon="6.48131">
        <ele>805.1</ele>
      </trkpt>
      <trkpt lat="44.53782" lon="6.48194">
        <ele>809.7</ele>
      </trkpt>
      <trkpt lat="44.53783" lon="6.48228">
        <ele>812.1</ele>
      </trkpt>
      <trkpt lat="44.53782" lon="6.48246">
        <ele>813.5</ele>
      </trkpt>
      <trkpt lat="44.53784" lon="6.48267">
        <ele>815.1</ele>
      </trkpt>
      <trkpt lat="44.53783" lon="6.48344">
        <ele>822.3</ele>
      </trkpt>
      <trkpt lat="44.53785" lon="6.48367">
        <ele>824.0</ele>
      </trkpt>
      <trkpt lat="44.53784" lon="6.48385">
        <ele>825.6</ele>
      </trkpt>
      <trkpt lat="44.53781" lon="6.484">
        <ele>827.0</ele>
      </trkpt>
      <trkpt lat="44.53758" lon="6.48462">
        <ele>832.5</ele>
      </trkpt>
      <trkpt lat="44.53756" lon="6.48467">
        <ele>832.9</ele>
      </trkpt>
      <trkpt lat="44.53747" lon="6.48521">
        <ele>835.9</ele>
      </trkpt>
      <trkpt lat="44.53732" lon="6.48597">
        <ele>839.6</ele>
      </trkpt>
      <trkpt lat="44.53727" lon="6.4863">
        <ele>841.4</ele>
      </trkpt>
      <trkpt lat="44.53721" lon="6.48704">
        <ele>844.5</ele>
      </trkpt>
      <trkpt lat="44.53721" lon="6.48817">
        <ele>846.3</ele>
      </trkpt>
      <trkpt lat="44.53726" lon="6.48929">
        <ele>848.2</ele>
      </trkpt>
      <trkpt lat="44.53731" lon="6.4904">
        <ele>852.7</ele>
      </trkpt>
      <trkpt lat="44.53737" lon="6.49151">
        <ele>856.5</ele>
      </trkpt>
      <trkpt lat="44.53738" lon="6.49184">
        <ele>857.4</ele>
      </trkpt>
      <trkpt lat="44.5375" lon="6.4927">
        <ele>857.2</ele>
      </trkpt>
      <trkpt lat="44.53753" lon="6.49283">
        <ele>857.0</ele>
      </trkpt>
      <trkpt lat="44.53755" lon="6.49293">
        <ele>856.9</ele>
      </trkpt>
      <trkpt lat="44.5376" lon="6.49306">
        <ele>856.4</ele>
      </trkpt>
      <trkpt lat="44.53769" lon="6.49324">
        <ele>855.6</ele>
      </trkpt>
      <trkpt lat="44.53776" lon="6.49334">
        <ele>854.9</ele>
      </trkpt>
      <trkpt lat="44.53782" lon="6.4934">
        <ele>854.6</ele>
      </trkpt>
      <trkpt lat="44.53795" lon="6.4935">
        <ele>853.7</ele>
      </trkpt>
      <trkpt lat="44.538" lon="6.49355">
        <ele>853.5</ele>
      </trkpt>
      <trkpt lat="44.53806" lon="6.49362">
        <ele>853.2</ele>
      </trkpt>
      <trkpt lat="44.53815" lon="6.49381">
        <ele>853.5</ele>
      </trkpt>
      <trkpt lat="44.53827" lon="6.49414">
        <ele>854.5</ele>
      </trkpt>
      <trkpt lat="44.53837" lon="6.49454">
        <ele>855.1</ele>
      </trkpt>
      <trkpt lat="44.53841" lon="6.4946">
        <ele>855.0</ele>
      </trkpt>
      <trkpt lat="44.53844" lon="6.49463">
        <ele>854.9</ele>
      </trkpt>
      <trkpt lat="44.53846" lon="6.49475">
        <ele>855.3</ele>
      </trkpt>
      <trkpt lat="44.53862" lon="6.49554">
        <ele>857.6</ele>
      </trkpt>
      <trkpt lat="44.53866" lon="6.49573">
        <ele>858.1</ele>
      </trkpt>
      <trkpt lat="44.53867" lon="6.49578">
        <ele>858.2</ele>
      </trkpt>
      <trkpt lat="44.5386" lon="6.49611">
        <ele>856.6</ele>
      </trkpt>
      <trkpt lat="44.5385" lon="6.4963">
        <ele>855.7</ele>
      </trkpt>
      <trkpt lat="44.53835" lon="6.49668">
        <ele>854.3</ele>
      </trkpt>
      <trkpt lat="44.53831" lon="6.49683">
        <ele>853.7</ele>
      </trkpt>
      <trkpt lat="44.53828" lon="6.49703">
        <ele>853.1</ele>
      </trkpt>
      <trkpt lat="44.53824" lon="6.49732">
        <ele>852.2</ele>
      </trkpt>
      <trkpt lat="44.53857" lon="6.49737">
        <ele>850.0</ele>
      </trkpt>
      <trkpt lat="44.53885" lon="6.49746">
        <ele>848.0</ele>
      </trkpt>
      <trkpt lat="44.53909" lon="6.49758">
        <ele>847.4</ele>
      </trkpt>
      <trkpt lat="44.53909" lon="6.49758">
        <ele>847.4</ele>
      </trkpt>
      <trkpt lat="44.53925" lon="6.49766">
        <ele>847.8</ele>
      </trkpt>
      <trkpt lat="44.53953" lon="6.49776">
        <ele>848.8</ele>
      </trkpt>
      <trkpt lat="44.54011" lon="6.49776">
        <ele>848.1</ele>
      </trkpt>
      <trkpt lat="44.54065" lon="6.49774">
        <ele>846.1</ele>
      </trkpt>
      <trkpt lat="44.5412" lon="6.49772">
        <ele>844.1</ele>
      </trkpt>
      <trkpt lat="44.54135" lon="6.4977">
        <ele>843.3</ele>
      </trkpt>
      <trkpt lat="44.54149" lon="6.49767">
        <ele>842.6</ele>
      </trkpt>
      <trkpt lat="44.54155" lon="6.49764">
        <ele>842.0</ele>
      </trkpt>
      <trkpt lat="44.54162" lon="6.49759">
        <ele>841.2</ele>
      </trkpt>
      <trkpt lat="44.54168" lon="6.49767">
        <ele>841.9</ele>
      </trkpt>
      <trkpt lat="44.54172" lon="6.49771">
        <ele>842.1</ele>
      </trkpt>
      <trkpt lat="44.54177" lon="6.49774">
        <ele>842.1</ele>
      </trkpt>
      <trkpt lat="44.54186" lon="6.49775">
        <ele>841.5</ele>
      </trkpt>
      <trkpt lat="44.54236" lon="6.49769">
        <ele>836.9</ele>
      </trkpt>
      <trkpt lat="44.54248" lon="6.49769">
        <ele>836.0</ele>
      </trkpt>
      <trkpt lat="44.5426" lon="6.49774">
        <ele>835.8</ele>
      </trkpt>
      <trkpt lat="44.54285" lon="6.49787">
        <ele>835.4</ele>
      </trkpt>
      <trkpt lat="44.54305" lon="6.49796">
        <ele>834.6</ele>
      </trkpt>
      <trkpt lat="44.54332" lon="6.49806">
        <ele>833.1</ele>
      </trkpt>
      <trkpt lat="44.54351" lon="6.49812">
        <ele>832.2</ele>
      </trkpt>
      <trkpt lat="44.5437" lon="6.49812">
        <ele>831.1</ele>
      </trkpt>
      <trkpt lat="44.54386" lon="6.49811">
        <ele>830.2</ele>
      </trkpt>
      <trkpt lat="44.5443" lon="6.498">
        <ele>828.3</ele>
      </trkpt>
      <trkpt lat="44.54456" lon="6.49798">
        <ele>828.4</ele>
      </trkpt>
      <trkpt lat="44.54471" lon="6.49801">
        <ele>828.6</ele>
      </trkpt>
      <trkpt lat="44.54525" lon="6.49819">
        <ele>828.0</ele>
      </trkpt>
      <trkpt lat="44.54543" lon="6.49828">
        <ele>827.2</ele>
      </trkpt>
      <trkpt lat="44.54555" lon="6.49839">
        <ele>826.9</ele>
      </trkpt>
      <trkpt lat="44.5459" lon="6.49878">
        <ele>826.7</ele>
      </trkpt>
      <trkpt lat="44.54609" lon="6.49901">
        <ele>826.9</ele>
      </trkpt>
      <trkpt lat="44.54635" lon="6.49937">
        <ele>827.7</ele>
      </trkpt>
      <trkpt lat="44.54649" lon="6.49951">
        <ele>827.9</ele>
      </trkpt>
      <trkpt lat="44.5466" lon="6.49959">
        <ele>827.9</ele>
      </trkpt>
      <trkpt lat="44.54684" lon="6.4997">
        <ele>827.2</ele>
      </trkpt>
      <trkpt lat="44.54698" lon="6.49973">
        <ele>826.5</ele>
      </trkpt>
      <trkpt lat="44.54723" lon="6.49971">
        <ele>824.9</ele>
      </trkpt>
      <trkpt lat="44.54737" lon="6.49973">
        <ele>824.1</ele>
      </trkpt>
      <trkpt lat="44.54749" lon="6.49977">
        <ele>823.5</ele>
      </trkpt>
      <trkpt lat="44.5476" lon="6.49983">
        <ele>823.0</ele>
      </trkpt>
      <trkpt lat="44.54782" lon="6.50005">
        <ele>821.8</ele>
      </trkpt>
      <trkpt lat="44.54809" lon="6.50033">
        <ele>820.1</ele>
      </trkpt>
      <trkpt lat="44.54838" lon="6.50059">
        <ele>818.4</ele>
      </trkpt>
      <trkpt lat="44.54902" lon="6.50103">
        <ele>817.5</ele>
      </trkpt>
      <trkpt lat="44.5494" lon="6.50131">
        <ele>817.7</ele>
      </trkpt>
      <trkpt lat="44.54978" lon="6.50149">
        <ele>815.9</ele>
      </trkpt>
      <trkpt lat="44.54993" lon="6.50159">
        <ele>815.2</ele>
      </trkpt>
      <trkpt lat="44.55007" lon="6.50171">
        <ele>814.6</ele>
      </trkpt>
      <trkpt lat="44.5507" lon="6.50234">
        <ele>811.8</ele>
      </trkpt>
      <trkpt lat="44.55101" lon="6.50273">
        <ele>812.2</ele>
      </trkpt>
      <trkpt lat="44.5514" lon="6.50328">
        <ele>812.3</ele>
      </trkpt>
      <trkpt lat="44.5518" lon="6.50382">
        <ele>812.2</ele>
      </trkpt>
      <trkpt lat="44.55196" lon="6.504">
        <ele>812.7</ele>
      </trkpt>
      <trkpt lat="44.55234" lon="6.50431">
        <ele>811.9</ele>
      </trkpt>
      <trkpt lat="44.5526" lon="6.50449">
        <ele>811.5</ele>
      </trkpt>
      <trkpt lat="44.55269" lon="6.50454">
        <ele>811.5</ele>
      </trkpt>
      <trkpt lat="44.55269" lon="6.50454">
        <ele>811.5</ele>
      </trkpt>
      <trkpt lat="44.55292" lon="6.50466">
        <ele>811.1</ele>
      </trkpt>
      <trkpt lat="44.5536" lon="6.50493">
        <ele>808.0</ele>
      </trkpt>
      <trkpt lat="44.55377" lon="6.50503">
        <ele>807.0</ele>
      </trkpt>
      <trkpt lat="44.55394" lon="6.50515">
        <ele>806.3</ele>
      </trkpt>
      <trkpt lat="44.55453" lon="6.50565">
        <ele>804.8</ele>
      </trkpt>
      <trkpt lat="44.55513" lon="6.50614">
        <ele>804.3</ele>
      </trkpt>
      <trkpt lat="44.55572" lon="6.50664">
        <ele>804.6</ele>
      </trkpt>
      <trkpt lat="44.55572" lon="6.50663">
        <ele>804.6</ele>
      </trkpt>
      <trkpt lat="44.55614" lon="6.50698">
        <ele>805.2</ele>
      </trkpt>
      <trkpt lat="44.55662" lon="6.50727">
        <ele>804.2</ele>
      </trkpt>
      <trkpt lat="44.55709" lon="6.50756">
        <ele>802.1</ele>
      </trkpt>
      <trkpt lat="44.55774" lon="6.50804">
        <ele>806.4</ele>
      </trkpt>
      <trkpt lat="44.55819" lon="6.50846">
        <ele>812.0</ele>
      </trkpt>
      <trkpt lat="44.55835" lon="6.50853">
        <ele>813.0</ele>
      </trkpt>
      <trkpt lat="44.55891" lon="6.5087">
        <ele>808.5</ele>
      </trkpt>
      <trkpt lat="44.55911" lon="6.50882">
        <ele>806.9</ele>
      </trkpt>
      <trkpt lat="44.55918" lon="6.5089">
        <ele>806.6</ele>
      </trkpt>
      <trkpt lat="44.55933" lon="6.50915">
        <ele>806.9</ele>
      </trkpt>
      <trkpt lat="44.55948" lon="6.50947">
        <ele>808.6</ele>
      </trkpt>
      <trkpt lat="44.55955" lon="6.50978">
        <ele>810.9</ele>
      </trkpt>
      <trkpt lat="44.55963" lon="6.51067">
        <ele>813.9</ele>
      </trkpt>
      <trkpt lat="44.55971" lon="6.51097">
        <ele>811.1</ele>
      </trkpt>
      <trkpt lat="44.55984" lon="6.5113">
        <ele>806.1</ele>
      </trkpt>
      <trkpt lat="44.55993" lon="6.51148">
        <ele>803.5</ele>
      </trkpt>
      <trkpt lat="44.56048" lon="6.51245">
        <ele>799.1</ele>
      </trkpt>
      <trkpt lat="44.56068" lon="6.51276">
        <ele>797.7</ele>
      </trkpt>
      <trkpt lat="44.56097" lon="6.51316">
        <ele>798.0</ele>
      </trkpt>
      <trkpt lat="44.56135" lon="6.5135">
        <ele>799.9</ele>
      </trkpt>
      <trkpt lat="44.56174" lon="6.51384">
        <ele>801.5</ele>
      </trkpt>
      <trkpt lat="44.56188" lon="6.51405">
        <ele>801.8</ele>
      </trkpt>
      <trkpt lat="44.56194" lon="6.5142">
        <ele>801.9</ele>
      </trkpt>
      <trkpt lat="44.56219" lon="6.51522">
        <ele>810.4</ele>
      </trkpt>
      <trkpt lat="44.56245" lon="6.51624">
        <ele>819.5</ele>
      </trkpt>
      <trkpt lat="44.5627" lon="6.51726">
        <ele>826.5</ele>
      </trkpt>
      <trkpt lat="44.56288" lon="6.51759">
        <ele>827.4</ele>
      </trkpt>
      <trkpt lat="44.56307" lon="6.51789">
        <ele>827.7</ele>
      </trkpt>
      <trkpt lat="44.56347" lon="6.51845">
        <ele>827.8</ele>
      </trkpt>
      <trkpt lat="44.56355" lon="6.51861">
        <ele>829.4</ele>
      </trkpt>
      <trkpt lat="44.56366" lon="6.51887">
        <ele>831.2</ele>
      </trkpt>
      <trkpt lat="44.56396" lon="6.5197">
        <ele>837.4</ele>
      </trkpt>
      <trkpt lat="44.56425" lon="6.52052">
        <ele>842.4</ele>
      </trkpt>
      <trkpt lat="44.56438" lon="6.52102">
        <ele>845.8</ele>
      </trkpt>
      <trkpt lat="44.5644" lon="6.52128">
        <ele>847.1</ele>
      </trkpt>
      <trkpt lat="44.5644" lon="6.52215">
        <ele>851.0</ele>
      </trkpt>
      <trkpt lat="44.56442" lon="6.52231">
        <ele>851.4</ele>
      </trkpt>
      <trkpt lat="44.56445" lon="6.52249">
        <ele>851.9</ele>
      </trkpt>
      <trkpt lat="44.56462" lon="6.52287">
        <ele>855.0</ele>
      </trkpt>
      <trkpt lat="44.5647" lon="6.523">
        <ele>856.2</ele>
      </trkpt>
      <trkpt lat="44.56483" lon="6.52318">
        <ele>858.1</ele>
      </trkpt>
      <trkpt lat="44.56488" lon="6.52322">
        <ele>858.8</ele>
      </trkpt>
      <trkpt lat="44.56502" lon="6.52322">
        <ele>860.2</ele>
      </trkpt>
      <trkpt lat="44.56508" lon="6.52318">
        <ele>861.7</ele>
      </trkpt>
      <trkpt lat="44.56515" lon="6.52311">
        <ele>863.0</ele>
      </trkpt>
      <trkpt lat="44.56523" lon="6.523">
        <ele>863.8</ele>
      </trkpt>
      <trkpt lat="44.56562" lon="6.52226">
        <ele>861.7</ele>
      </trkpt>
      <trkpt lat="44.56576" lon="6.52206">
        <ele>861.8</ele>
      </trkpt>
      <trkpt lat="44.56584" lon="6.52197">
        <ele>861.9</ele>
      </trkpt>
      <trkpt lat="44.56613" lon="6.52174">
        <ele>864.2</ele>
      </trkpt>
      <trkpt lat="44.56683" lon="6.5213">
        <ele>872.9</ele>
      </trkpt>
      <trkpt lat="44.567" lon="6.5212">
        <ele>872.9</ele>
      </trkpt>
      <trkpt lat="44.56713" lon="6.52119">
        <ele>873.3</ele>
      </trkpt>
      <trkpt lat="44.56724" lon="6.52123">
        <ele>873.9</ele>
      </trkpt>
      <trkpt lat="44.56792" lon="6.52163">
        <ele>876.1</ele>
      </trkpt>
      <trkpt lat="44.5686" lon="6.52203">
        <ele>879.6</ele>
      </trkpt>
      <trkpt lat="44.56924" lon="6.52237">
        <ele>885.5</ele>
      </trkpt>
      <trkpt lat="44.56989" lon="6.52271">
        <ele>886.8</ele>
      </trkpt>
      <trkpt lat="44.57004" lon="6.52277">
        <ele>886.8</ele>
      </trkpt>
      <trkpt lat="44.57074" lon="6.52284">
        <ele>886.1</ele>
      </trkpt>
      <trkpt lat="44.57144" lon="6.52292">
        <ele>890.0</ele>
      </trkpt>
      <trkpt lat="44.57198" lon="6.52299">
        <ele>890.7</ele>
      </trkpt>
      <trkpt lat="44.57229" lon="6.5231">
        <ele>890.8</ele>
      </trkpt>
      <trkpt lat="44.57237" lon="6.52319">
        <ele>891.7</ele>
      </trkpt>
      <trkpt lat="44.5728" lon="6.52374">
        <ele>901.1</ele>
      </trkpt>
      <trkpt lat="44.57289" lon="6.52383">
        <ele>903.2</ele>
      </trkpt>
      <trkpt lat="44.573" lon="6.5239">
        <ele>905.1</ele>
      </trkpt>
      <trkpt lat="44.57311" lon="6.52391">
        <ele>905.9</ele>
      </trkpt>
      <trkpt lat="44.57322" lon="6.52388">
        <ele>906.1</ele>
      </trkpt>
      <trkpt lat="44.57332" lon="6.52381">
        <ele>905.5</ele>
      </trkpt>
      <trkpt lat="44.57355" lon="6.52351">
        <ele>901.4</ele>
      </trkpt>
      <trkpt lat="44.57365" lon="6.52345">
        <ele>900.8</ele>
      </trkpt>
      <trkpt lat="44.57376" lon="6.52343">
        <ele>901.0</ele>
      </trkpt>
      <trkpt lat="44.57386" lon="6.52345">
        <ele>901.9</ele>
      </trkpt>
      <trkpt lat="44.57403" lon="6.5236">
        <ele>905.9</ele>
      </trkpt>
      <trkpt lat="44.57428" lon="6.5239">
        <ele>912.8</ele>
      </trkpt>
      <trkpt lat="44.57446" lon="6.52415">
        <ele>917.2</ele>
      </trkpt>
      <trkpt lat="44.5746" lon="6.52431">
        <ele>919.1</ele>
      </trkpt>
      <trkpt lat="44.57477" lon="6.52445">
        <ele>920.6</ele>
      </trkpt>
      <trkpt lat="44.57492" lon="6.52453">
        <ele>921.4</ele>
      </trkpt>
      <trkpt lat="44.57506" lon="6.52457">
        <ele>921.5</ele>
      </trkpt>
      <trkpt lat="44.57544" lon="6.52461">
        <ele>920.6</ele>
      </trkpt>
      <trkpt lat="44.57565" lon="6.52471">
        <ele>921.5</ele>
      </trkpt>
      <trkpt lat="44.57573" lon="6.52479">
        <ele>922.6</ele>
      </trkpt>
      <trkpt lat="44.57595" lon="6.5251">
        <ele>926.2</ele>
      </trkpt>
      <trkpt lat="44.57607" lon="6.52526">
        <ele>927.3</ele>
      </trkpt>
      <trkpt lat="44.57621" lon="6.52536">
        <ele>927.3</ele>
      </trkpt>
      <trkpt lat="44.57658" lon="6.52558">
        <ele>926.7</ele>
      </trkpt>
      <trkpt lat="44.57732" lon="6.52592">
        <ele>928.5</ele>
      </trkpt>
      <trkpt lat="44.57807" lon="6.52627">
        <ele>928.6</ele>
      </trkpt>
      <trkpt lat="44.578" lon="6.52645">
        <ele>931.3</ele>
      </trkpt>
      <trkpt lat="44.57796" lon="6.5265">
        <ele>932.4</ele>
      </trkpt>
      <trkpt lat="44.5779" lon="6.52653">
        <ele>933.5</ele>
      </trkpt>
      <trkpt lat="44.57775" lon="6.52648">
        <ele>934.6</ele>
      </trkpt>
      <trkpt lat="44.57767" lon="6.52642">
        <ele>934.7</ele>
      </trkpt>
      <trkpt lat="44.57767" lon="6.52642">
        <ele>934.7</ele>
      </trkpt>
      <trkpt lat="44.57752" lon="6.52632">
        <ele>934.6</ele>
      </trkpt>
      <trkpt lat="44.57733" lon="6.52624">
        <ele>934.3</ele>
      </trkpt>
      <trkpt lat="44.57716" lon="6.52624">
        <ele>935.4</ele>
      </trkpt>
      <trkpt lat="44.57674" lon="6.52636">
        <ele>940.3</ele>
      </trkpt>
      <trkpt lat="44.57665" lon="6.52636">
        <ele>940.9</ele>
      </trkpt>
      <trkpt lat="44.57648" lon="6.5263">
        <ele>940.9</ele>
      </trkpt>
      <trkpt lat="44.57623" lon="6.52617">
        <ele>940.5</ele>
      </trkpt>
      <trkpt lat="44.57611" lon="6.52616">
        <ele>941.4</ele>
      </trkpt>
      <trkpt lat="44.576" lon="6.52623">
        <ele>943.4</ele>
      </trkpt>
      <trkpt lat="44.57596" lon="6.52627">
        <ele>944.3</ele>
      </trkpt>
      <trkpt lat="44.57593" lon="6.52636">
        <ele>945.9</ele>
      </trkpt>
      <trkpt lat="44.57593" lon="6.52648">
        <ele>947.7</ele>
      </trkpt>
      <trkpt lat="44.57594" lon="6.52656">
        <ele>948.9</ele>
      </trkpt>
      <trkpt lat="44.57601" lon="6.52669">
        <ele>950.4</ele>
      </trkpt>
      <trkpt lat="44.57606" lon="6.52674">
        <ele>950.7</ele>
      </trkpt>
      <trkpt lat="44.57632" lon="6.52691">
        <ele>951.3</ele>
      </trkpt>
      <trkpt lat="44.57701" lon="6.52726">
        <ele>952.4</ele>
      </trkpt>
      <trkpt lat="44.57701" lon="6.52726">
        <ele>952.4</ele>
      </trkpt>
      <trkpt lat="44.57701" lon="6.52726">
        <ele>952.4</ele>
      </trkpt>
      <trkpt lat="44.57716" lon="6.52735">
        <ele>953.3</ele>
      </trkpt>
      <trkpt lat="44.5773" lon="6.52746">
        <ele>954.6</ele>
      </trkpt>
      <trkpt lat="44.57779" lon="6.52795">
        <ele>959.3</ele>
      </trkpt>
      <trkpt lat="44.57792" lon="6.52809">
        <ele>960.6</ele>
      </trkpt>
      <trkpt lat="44.57802" lon="6.52825">
        <ele>962.7</ele>
      </trkpt>
      <trkpt lat="44.57809" lon="6.52841">
        <ele>964.7</ele>
      </trkpt>
      <trkpt lat="44.57817" lon="6.52866">
        <ele>966.9</ele>
      </trkpt>
      <trkpt lat="44.57828" lon="6.52904">
        <ele>970.2</ele>
      </trkpt>
      <trkpt lat="44.57847" lon="6.52959">
        <ele>975.9</ele>
      </trkpt>
      <trkpt lat="44.57873" lon="6.53029">
        <ele>982.4</ele>
      </trkpt>
      <trkpt lat="44.57882" lon="6.53046">
        <ele>983.5</ele>
      </trkpt>
      <trkpt lat="44.57894" lon="6.5306">
        <ele>983.8</ele>
      </trkpt>
      <trkpt lat="44.57908" lon="6.53071">
        <ele>983.3</ele>
      </trkpt>
      <trkpt lat="44.57931" lon="6.53087">
        <ele>983.5</ele>
      </trkpt>
      <trkpt lat="44.57942" lon="6.53097">
        <ele>984.0</ele>
      </trkpt>
      <trkpt lat="44.57948" lon="6.53105">
        <ele>984.6</ele>
      </trkpt>
      <trkpt lat="44.57952" lon="6.53114">
        <ele>985.5</ele>
      </trkpt>
      <trkpt lat="44.57976" lon="6.53181">
        <ele>992.4</ele>
      </trkpt>
      <trkpt lat="44.57984" lon="6.53195">
        <ele>993.4</ele>
      </trkpt>
      <trkpt lat="44.57994" lon="6.53208">
        <ele>994.0</ele>
      </trkpt>
      <trkpt lat="44.58002" lon="6.53215">
        <ele>994.0</ele>
      </trkpt>
      <trkpt lat="44.58021" lon="6.53228">
        <ele>993.8</ele>
      </trkpt>
      <trkpt lat="44.58057" lon="6.53256">
        <ele>994.9</ele>
      </trkpt>
      <trkpt lat="44.58063" lon="6.53262">
        <ele>995.4</ele>
      </trkpt>
      <trkpt lat="44.58065" lon="6.53269">
        <ele>996.4</ele>
      </trkpt>
      <trkpt lat="44.58067" lon="6.53285">
        <ele>998.8</ele>
      </trkpt>
      <trkpt lat="44.58066" lon="6.53295">
        <ele>1000.5</ele>
      </trkpt>
      <trkpt lat="44.58064" lon="6.53301">
        <ele>1001.6</ele>
      </trkpt>
      <trkpt lat="44.5806" lon="6.53307">
        <ele>1003.0</ele>
      </trkpt>
      <trkpt lat="44.58055" lon="6.53312">
        <ele>1004.2</ele>
      </trkpt>
      <trkpt lat="44.58044" lon="6.53319">
        <ele>1006.4</ele>
      </trkpt>
      <trkpt lat="44.58034" lon="6.5332">
        <ele>1007.5</ele>
      </trkpt>
      <trkpt lat="44.58028" lon="6.53318">
        <ele>1007.7</ele>
      </trkpt>
      <trkpt lat="44.5802" lon="6.53314">
        <ele>1007.7</ele>
      </trkpt>
      <trkpt lat="44.58007" lon="6.53305">
        <ele>1007.3</ele>
      </trkpt>
      <trkpt lat="44.57992" lon="6.53299">
        <ele>1007.7</ele>
      </trkpt>
      <trkpt lat="44.57914" lon="6.53274">
        <ele>1011.7</ele>
      </trkpt>
      <trkpt lat="44.57898" lon="6.53264">
        <ele>1012.0</ele>
      </trkpt>
      <trkpt lat="44.57877" lon="6.53246">
        <ele>1011.7</ele>
      </trkpt>
      <trkpt lat="44.57866" lon="6.53242">
        <ele>1012.5</ele>
      </trkpt>
      <trkpt lat="44.57856" lon="6.5324">
        <ele>1013.6</ele>
      </trkpt>
      <trkpt lat="44.57845" lon="6.5324">
        <ele>1015.0</ele>
      </trkpt>
      <trkpt lat="44.57812" lon="6.53245">
        <ele>1019.9</ele>
      </trkpt>
      <trkpt lat="44.57803" lon="6.53245">
        <ele>1020.9</ele>
      </trkpt>
      <trkpt lat="44.57795" lon="6.53243">
        <ele>1021.6</ele>
      </trkpt>
      <trkpt lat="44.57787" lon="6.5324">
        <ele>1022.2</ele>
      </trkpt>
      <trkpt lat="44.57757" lon="6.53215">
        <ele>1022.5</ele>
      </trkpt>
      <trkpt lat="44.57746" lon="6.53211">
        <ele>1023.0</ele>
      </trkpt>
      <trkpt lat="44.57737" lon="6.5321">
        <ele>1023.3</ele>
      </trkpt>
      <trkpt lat="44.57724" lon="6.53214">
        <ele>1024.3</ele>
      </trkpt>
      <trkpt lat="44.57709" lon="6.53219">
        <ele>1025.6</ele>
      </trkpt>
      <trkpt lat="44.57668" lon="6.53239">
        <ele>1029.6</ele>
      </trkpt>
      <trkpt lat="44.57658" lon="6.53245">
        <ele>1030.7</ele>
      </trkpt>
      <trkpt lat="44.5765" lon="6.53251">
        <ele>1031.7</ele>
      </trkpt>
      <trkpt lat="44.57641" lon="6.53265">
        <ele>1034.2</ele>
      </trkpt>
      <trkpt lat="44.57631" lon="6.53287">
        <ele>1038.0</ele>
      </trkpt>
      <trkpt lat="44.57625" lon="6.53293">
        <ele>1039.2</ele>
      </trkpt>
      <trkpt lat="44.5762" lon="6.53296">
        <ele>1039.9</ele>
      </trkpt>
      <trkpt lat="44.57612" lon="6.53299">
        <ele>1040.8</ele>
      </trkpt>
      <trkpt lat="44.57604" lon="6.533">
        <ele>1041.4</ele>
      </trkpt>
      <trkpt lat="44.57564" lon="6.533">
        <ele>1042.8</ele>
      </trkpt>
      <trkpt lat="44.57532" lon="6.53299">
        <ele>1043.3</ele>
      </trkpt>
      <trkpt lat="44.57506" lon="6.53302">
        <ele>1044.5</ele>
      </trkpt>
      <trkpt lat="44.57478" lon="6.53307">
        <ele>1047.5</ele>
      </trkpt>
      <trkpt lat="44.57451" lon="6.53314">
        <ele>1051.0</ele>
      </trkpt>
      <trkpt lat="44.57422" lon="6.53316">
        <ele>1053.7</ele>
      </trkpt>
      <trkpt lat="44.57409" lon="6.53314">
        <ele>1054.5</ele>
      </trkpt>
      <trkpt lat="44.57403" lon="6.53313">
        <ele>1054.9</ele>
      </trkpt>
      <trkpt lat="44.57403" lon="6.53313">
        <ele>1054.9</ele>
      </trkpt>
      <trkpt lat="44.57396" lon="6.53311">
        <ele>1055.3</ele>
      </trkpt>
      <trkpt lat="44.57381" lon="6.53301">
        <ele>1055.2</ele>
      </trkpt>
      <trkpt lat="44.57367" lon="6.53294">
        <ele>1055.4</ele>
      </trkpt>
      <trkpt lat="44.57358" lon="6.53292">
        <ele>1056.0</ele>
      </trkpt>
      <trkpt lat="44.57349" lon="6.53294">
        <ele>1057.3</ele>
      </trkpt>
      <trkpt lat="44.57342" lon="6.53297">
        <ele>1058.5</ele>
      </trkpt>
      <trkpt lat="44.57337" lon="6.53302">
        <ele>1059.7</ele>
      </trkpt>
      <trkpt lat="44.57329" lon="6.53314">
        <ele>1062.1</ele>
      </trkpt>
      <trkpt lat="44.57313" lon="6.53346">
        <ele>1066.1</ele>
      </trkpt>
      <trkpt lat="44.57273" lon="6.53437">
        <ele>1071.5</ele>
      </trkpt>
      <trkpt lat="44.57263" lon="6.53453">
        <ele>1072.6</ele>
      </trkpt>
      <trkpt lat="44.57256" lon="6.53463">
        <ele>1073.3</ele>
      </trkpt>
      <trkpt lat="44.57249" lon="6.53469">
        <ele>1073.8</ele>
      </trkpt>
      <trkpt lat="44.5724" lon="6.53473">
        <ele>1074.3</ele>
      </trkpt>
      <trkpt lat="44.57192" lon="6.53481">
        <ele>1075.6</ele>
      </trkpt>
      <trkpt lat="44.57181" lon="6.53485">
        <ele>1076.0</ele>
      </trkpt>
      <trkpt lat="44.57173" lon="6.53492">
        <ele>1076.5</ele>
      </trkpt>
      <trkpt lat="44.57156" lon="6.53511">
        <ele>1079.6</ele>
      </trkpt>
      <trkpt lat="44.57137" lon="6.53527">
        <ele>1083.8</ele>
      </trkpt>
      <trkpt lat="44.57125" lon="6.53528">
        <ele>1084.9</ele>
      </trkpt>
      <trkpt lat="44.57085" lon="6.53527">
        <ele>1087.7</ele>
      </trkpt>
      <trkpt lat="44.57044" lon="6.53523">
        <ele>1088.0</ele>
      </trkpt>
      <trkpt lat="44.5703" lon="6.53525">
        <ele>1088.7</ele>
      </trkpt>
      <trkpt lat="44.56992" lon="6.53543">
        <ele>1093.2</ele>
      </trkpt>
      <trkpt lat="44.56992" lon="6.53543">
        <ele>1093.2</ele>
      </trkpt>
      <trkpt lat="44.56981" lon="6.53545">
        <ele>1094.2</ele>
      </trkpt>
      <trkpt lat="44.5697" lon="6.53544">
        <ele>1094.7</ele>
      </trkpt>
      <trkpt lat="44.56952" lon="6.53537">
        <ele>1094.5</ele>
      </trkpt>
      <trkpt lat="44.56912" lon="6.53517">
        <ele>1093.3</ele>
      </trkpt>
      <trkpt lat="44.56889" lon="6.53496">
        <ele>1091.4</ele>
      </trkpt>
      <trkpt lat="44.56876" lon="6.53478">
        <ele>1089.9</ele>
      </trkpt>
      <trkpt lat="44.56869" lon="6.53473">
        <ele>1089.8</ele>
      </trkpt>
      <trkpt lat="44.5686" lon="6.53472">
        <ele>1090.5</ele>
      </trkpt>
      <trkpt lat="44.56851" lon="6.53475">
        <ele>1091.7</ele>
      </trkpt>
      <trkpt lat="44.56842" lon="6.53478">
        <ele>1092.9</ele>
      </trkpt>
      <trkpt lat="44.56829" lon="6.53491">
        <ele>1094.5</ele>
      </trkpt>
      <trkpt lat="44.5682" lon="6.53505">
        <ele>1094.8</ele>
      </trkpt>
      <trkpt lat="44.56809" lon="6.53527">
        <ele>1095.2</ele>
      </trkpt>
      <trkpt lat="44.56801" lon="6.5355">
        <ele>1095.9</ele>
      </trkpt>
      <trkpt lat="44.56793" lon="6.53581">
        <ele>1097.0</ele>
      </trkpt>
      <trkpt lat="44.56778" lon="6.53636">
        <ele>1098.8</ele>
      </trkpt>
      <trkpt lat="44.56771" lon="6.53653">
        <ele>1099.0</ele>
      </trkpt>
      <trkpt lat="44.56763" lon="6.53665">
        <ele>1098.8</ele>
      </trkpt>
      <trkpt lat="44.56757" lon="6.53674">
        <ele>1099.3</ele>
      </trkpt>
      <trkpt lat="44.56757" lon="6.53674">
        <ele>1099.3</ele>
      </trkpt>
      <trkpt lat="44.56755" lon="6.53676">
        <ele>1099.3</ele>
      </trkpt>
      <trkpt lat="44.56759" lon="6.53685">
        <ele>1101.4</ele>
      </trkpt>
      <trkpt lat="44.56762" lon="6.53685">
        <ele>1101.9</ele>
      </trkpt>
      <trkpt lat="44.56765" lon="6.53683">
        <ele>1102.0</ele>
      </trkpt>
      <trkpt lat="44.56769" lon="6.53674">
        <ele>1101.0</ele>
      </trkpt>
      <trkpt lat="44.56775" lon="6.53667">
        <ele>1100.7</ele>
      </trkpt>
      <trkpt lat="44.56788" lon="6.53656">
        <ele>1101.7</ele>
      </trkpt>
      <trkpt lat="44.56809" lon="6.53643">
        <ele>1103.8</ele>
      </trkpt>
      <trkpt lat="44.5682" lon="6.53634">
        <ele>1104.7</ele>
      </trkpt>
      <trkpt lat="44.56834" lon="6.53624">
        <ele>1106.0</ele>
      </trkpt>
      <trkpt lat="44.56847" lon="6.53618">
        <ele>1106.5</ele>
      </trkpt>
      <trkpt lat="44.56859" lon="6.53614">
        <ele>1107.0</ele>
      </trkpt>
      <trkpt lat="44.56882" lon="6.53613">
        <ele>1108.4</ele>
      </trkpt>
      <trkpt lat="44.56901" lon="6.53621">
        <ele>1111.0</ele>
      </trkpt>
      <trkpt lat="44.56919" lon="6.53631">
        <ele>1114.0</ele>
      </trkpt>
      <trkpt lat="44.56922" lon="6.53633">
        <ele>1114.1</ele>
      </trkpt>
      <trkpt lat="44.56922" lon="6.53637">
        <ele>1114.9</ele>
      </trkpt>
      <trkpt lat="44.56922" lon="6.5364">
        <ele>1115.4</ele>
      </trkpt>
      <trkpt lat="44.56921" lon="6.53644">
        <ele>1116.3</ele>
      </trkpt>
      <trkpt lat="44.56917" lon="6.53646">
        <ele>1117.0</ele>
      </trkpt>
      <trkpt lat="44.56891" lon="6.53653">
        <ele>1115.2</ele>
      </trkpt>
      <trkpt lat="44.56885" lon="6.53656">
        <ele>1114.9</ele>
      </trkpt>
      <trkpt lat="44.56878" lon="6.53662">
        <ele>1114.8</ele>
      </trkpt>
      <trkpt lat="44.56874" lon="6.53669">
        <ele>1115.3</ele>
      </trkpt>
      <trkpt lat="44.5687" lon="6.53676">
        <ele>1115.9</ele>
      </trkpt>
      <trkpt lat="44.56861" lon="6.53704">
        <ele>1119.7</ele>
      </trkpt>
      <trkpt lat="44.56852" lon="6.53723">
        <ele>1122.1</ele>
      </trkpt>
      <trkpt lat="44.5685" lon="6.5373">
        <ele>1123.1</ele>
      </trkpt>
      <trkpt lat="44.5685" lon="6.53735">
        <ele>1124.0</ele>
      </trkpt>
      <trkpt lat="44.56851" lon="6.53738">
        <ele>1124.7</ele>
      </trkpt>
      <trkpt lat="44.56853" lon="6.5374">
        <ele>1125.3</ele>
      </trkpt>
      <trkpt lat="44.56856" lon="6.5374">
        <ele>1125.6</ele>
      </trkpt>
      <trkpt lat="44.56881" lon="6.53726">
        <ele>1126.0</ele>
      </trkpt>
      <trkpt lat="44.56891" lon="6.53723">
        <ele>1126.7</ele>
      </trkpt>
      <trkpt lat="44.56899" lon="6.53722">
        <ele>1127.5</ele>
      </trkpt>
      <trkpt lat="44.56909" lon="6.53723">
        <ele>1128.9</ele>
      </trkpt>
      <trkpt lat="44.5692" lon="6.53728">
        <ele>1130.4</ele>
      </trkpt>
      <trkpt lat="44.56926" lon="6.53732">
        <ele>1130.6</ele>
      </trkpt>
      <trkpt lat="44.56945" lon="6.53764">
        <ele>1134.2</ele>
      </trkpt>
      <trkpt lat="44.56945" lon="6.53764">
        <ele>1134.2</ele>
      </trkpt>
      <trkpt lat="44.56961" lon="6.53793">
        <ele>1137.1</ele>
      </trkpt>
      <trkpt lat="44.56965" lon="6.53798">
        <ele>1137.6</ele>
      </trkpt>
      <trkpt lat="44.5699" lon="6.53809">
        <ele>1138.6</ele>
      </trkpt>
      <trkpt lat="44.56998" lon="6.53813">
        <ele>1139.1</ele>
      </trkpt>
      <trkpt lat="44.57026" lon="6.5384">
        <ele>1143.4</ele>
      </trkpt>
      <trkpt lat="44.57033" lon="6.53843">
        <ele>1143.9</ele>
      </trkpt>
      <trkpt lat="44.57039" lon="6.53842">
        <ele>1143.7</ele>
      </trkpt>
      <trkpt lat="44.57045" lon="6.5384">
        <ele>1143.3</ele>
      </trkpt>
      <trkpt lat="44.57069" lon="6.53817">
        <ele>1139.5</ele>
      </trkpt>
      <trkpt lat="44.570768" lon="6.538131">
        <ele>1138.5</ele>
      </trkpt>
      <trkpt lat="44.570974" lon="6.538145">
        <ele>1140.2</ele>
      </trkpt>
      <trkpt lat="44.571159" lon="6.538259">
        <ele>1142.0</ele>
      </trkpt>
      <trkpt lat="44.571304" lon="6.538443">
        <ele>1143.7</ele>
      </trkpt>
      <trkpt lat="44.571395" lon="6.538641">
        <ele>1145.2</ele>
      </trkpt>
      <trkpt lat="44.571558" lon="6.538873">
        <ele>1147.2</ele>
      </trkpt>
      <trkpt lat="44.571729" lon="6.538957">
        <ele>1148.8</ele>
      </trkpt>
      <trkpt lat="44.572004" lon="6.538939">
        <ele>1151.2</ele>
      </trkpt>
      <trkpt lat="44.572308" lon="6.539122">
        <ele>1154.1</ele>
      </trkpt>
      <trkpt lat="44.572362" lon="6.539337">
        <ele>1155.6</ele>
      </trkpt>
      <trkpt lat="44.572162" lon="6.539479">
        <ele>1158.0</ele>
      </trkpt>
      <trkpt lat="44.572196" lon="6.539601">
        <ele>1158.9</ele>
      </trkpt>
      <trkpt lat="44.572326" lon="6.539772">
        <ele>1160.8</ele>
      </trkpt>
      <trkpt lat="44.572601" lon="6.540041">
        <ele>1164.2</ele>
      </trkpt>
      <trkpt lat="44.57278" lon="6.54016">
        <ele>1166.3</ele>
      </trkpt>
      <trkpt lat="44.572907" lon="6.540334">
        <ele>1168.1</ele>
      </trkpt>
      <trkpt lat="44.573121" lon="6.540727">
        <ele>1171.7</ele>
      </trkpt>
      <trkpt lat="44.573526" lon="6.541028">
        <ele>1176.3</ele>
      </trkpt>
      <trkpt lat="44.5739" lon="6.541553">
        <ele>1181.6</ele>
      </trkpt>
      <trkpt lat="44.574153" lon="6.541793">
        <ele>1184.6</ele>
      </trkpt>
      <trkpt lat="44.574519" lon="6.541929">
        <ele>1188.4</ele>
      </trkpt>
      <trkpt lat="44.574695" lon="6.542029">
        <ele>1190.3</ele>
      </trkpt>
      <trkpt lat="44.574909" lon="6.542361">
        <ele>1193.1</ele>
      </trkpt>
      <trkpt lat="44.575188" lon="6.542598">
        <ele>1195.8</ele>
      </trkpt>
      <trkpt lat="44.575442" lon="6.542718">
        <ele>1198.0</ele>
      </trkpt>
      <trkpt lat="44.575852" lon="6.542788">
        <ele>1201.5</ele>
      </trkpt>
      <trkpt lat="44.576171" lon="6.542925">
        <ele>1204.2</ele>
      </trkpt>
      <trkpt lat="44.576522" lon="6.543183">
        <ele>1206.7</ele>
      </trkpt>
      <trkpt lat="44.576727" lon="6.543394">
        <ele>1207.5</ele>
      </trkpt>
      <trkpt lat="44.576849" lon="6.54357">
        <ele>1208.1</ele>
      </trkpt>
      <trkpt lat="44.577004" lon="6.543693">
        <ele>1208.6</ele>
      </trkpt>
      <trkpt lat="44.57709" lon="6.543724">
        <ele>1208.9</ele>
      </trkpt>
      <trkpt lat="44.577651" lon="6.543729">
        <ele>1210.6</ele>
      </trkpt>
      <trkpt lat="44.578295" lon="6.543858">
        <ele>1212.5</ele>
      </trkpt>
      <trkpt lat="44.578618" lon="6.543929">
        <ele>1213.3</ele>
      </trkpt>
      <trkpt lat="44.57886" lon="6.544025">
        <ele>1214.0</ele>
      </trkpt>
      <trkpt lat="44.578962" lon="6.544109">
        <ele>1214.3</ele>
      </trkpt>
      <trkpt lat="44.579211" lon="6.544413">
        <ele>1215.1</ele>
      </trkpt>
      <trkpt lat="44.57927" lon="6.544445">
        <ele>1215.3</ele>
      </trkpt>
      <trkpt lat="44.579603" lon="6.544421">
        <ele>1216.2</ele>
      </trkpt>
      <trkpt lat="44.579688" lon="6.544438">
        <ele>1216.4</ele>
      </trkpt>
      <trkpt lat="44.57983" lon="6.544551">
        <ele>1217.3</ele>
      </trkpt>
      <trkpt lat="44.580143" lon="6.545141">
        <ele>1220.7</ele>
      </trkpt>
      <trkpt lat="44.580293" lon="6.545569">
        <ele>1222.9</ele>
      </trkpt>
      <trkpt lat="44.580565" lon="6.545871">
        <ele>1225.1</ele>
      </trkpt>
      <trkpt lat="44.580793" lon="6.546252">
        <ele>1227.4</ele>
      </trkpt>
      <trkpt lat="44.581018" lon="6.546537">
        <ele>1230.1</ele>
      </trkpt>
      <trkpt lat="44.581397" lon="6.547285">
        <ele>1237.0</ele>
      </trkpt>
      <trkpt lat="44.581477" lon="6.547473">
        <ele>1238.6</ele>
      </trkpt>
      <trkpt lat="44.581744" lon="6.548396">
        <ele>1246.1</ele>
      </trkpt>
      <trkpt lat="44.581857" lon="6.548629">
        <ele>1247.9</ele>
      </trkpt>
      <trkpt lat="44.581935" lon="6.548864">
        <ele>1249.5</ele>
      </trkpt>
      <trkpt lat="44.582025" lon="6.549412">
        <ele>1252.8</ele>
      </trkpt>
      <trkpt lat="44.582254" lon="6.550216">
        <ele>1257.9</ele>
      </trkpt>
      <trkpt lat="44.582551" lon="6.551472">
        <ele>1260.6</ele>
      </trkpt>
      <trkpt lat="44.582616" lon="6.55159">
        <ele>1260.3</ele>
      </trkpt>
      <trkpt lat="44.582681" lon="6.551617">
        <ele>1260.1</ele>
      </trkpt>
      <trkpt lat="44.58273" lon="6.551595">
        <ele>1260.0</ele>
      </trkpt>
      <trkpt lat="44.582761" lon="6.551525">
        <ele>1259.8</ele>
      </trkpt>
      <trkpt lat="44.582849" lon="6.551105">
        <ele>1259.0</ele>
      </trkpt>
      <trkpt lat="44.582909" lon="6.550597">
        <ele>1258.0</ele>
      </trkpt>
      <trkpt lat="44.583026" lon="6.550044">
        <ele>1257.2</ele>
      </trkpt>
      <trkpt lat="44.583155" lon="6.549146">
        <ele>1260.4</ele>
      </trkpt>
      <trkpt lat="44.583182" lon="6.54868">
        <ele>1262.1</ele>
      </trkpt>
      <trkpt lat="44.583273" lon="6.548634">
        <ele>1262.6</ele>
      </trkpt>
      <trkpt lat="44.583418" lon="6.548699">
        <ele>1263.3</ele>
      </trkpt>
      <trkpt lat="44.584477" lon="6.549632">
        <ele>1273.4</ele>
      </trkpt>
      <trkpt lat="44.584869" lon="6.550079">
        <ele>1278.6</ele>
      </trkpt>
      <trkpt lat="44.585238" lon="6.550646">
        <ele>1284.2</ele>
      </trkpt>
      <trkpt lat="44.585379" lon="6.55072">
        <ele>1285.6</ele>
      </trkpt>
      <trkpt lat="44.585422" lon="6.550814">
        <ele>1286.4</ele>
      </trkpt>
      <trkpt lat="44.585194" lon="6.55092">
        <ele>1288.8</ele>
      </trkpt>
      <trkpt lat="44.584903" lon="6.551216">
        <ele>1292.3</ele>
      </trkpt>
      <trkpt lat="44.584426" lon="6.551413">
        <ele>1297.2</ele>
      </trkpt>
      <trkpt lat="44.584113" lon="6.551431">
        <ele>1300.3</ele>
      </trkpt>
      <trkpt lat="44.584063" lon="6.551498">
        <ele>1300.9</ele>
      </trkpt>
      <trkpt lat="44.584075" lon="6.551572">
        <ele>1301.5</ele>
      </trkpt>
      <trkpt lat="44.584165" lon="6.551617">
        <ele>1302.6</ele>
      </trkpt>
      <trkpt lat="44.584584" lon="6.551663">
        <ele>1308.6</ele>
      </trkpt>
      <trkpt lat="44.584883" lon="6.551786">
        <ele>1313.0</ele>
      </trkpt>
      <trkpt lat="44.585228" lon="6.552006">
        <ele>1318.4</ele>
      </trkpt>
      <trkpt lat="44.585301" lon="6.552029">
        <ele>1319.5</ele>
      </trkpt>
      <trkpt lat="44.585462" lon="6.552009">
        <ele>1321.7</ele>
      </trkpt>
      <trkpt lat="44.585634" lon="6.552065">
        <ele>1324.3</ele>
      </trkpt>
      <trkpt lat="44.585901" lon="6.552244">
        <ele>1328.4</ele>
      </trkpt>
      <trkpt lat="44.586563" lon="6.552527">
        <ele>1338.1</ele>
      </trkpt>
      <trkpt lat="44.586879" lon="6.552745">
        <ele>1343.0</ele>
      </trkpt>
      <trkpt lat="44.58729" lon="6.552936">
        <ele>1349.0</ele>
      </trkpt>
      <trkpt lat="44.587751" lon="6.553319">
        <ele>1356.2</ele>
      </trkpt>
      <trkpt lat="44.587912" lon="6.553346">
        <ele>1358.3</ele>
      </trkpt>
      <trkpt lat="44.588122" lon="6.553298">
        <ele>1361.1</ele>
      </trkpt>
      <trkpt lat="44.588255" lon="6.553339">
        <ele>1362.9</ele>
      </trkpt>
      <trkpt lat="44.588367" lon="6.553473">
        <ele>1364.8</ele>
      </trkpt>
      <trkpt lat="44.5885" lon="6.553955">
        <ele>1369.6</ele>
      </trkpt>
      <trkpt lat="44.588625" lon="6.554097">
        <ele>1371.7</ele>
      </trkpt>
      <trkpt lat="44.588992" lon="6.554349">
        <ele>1377.5</ele>
      </trkpt>
      <trkpt lat="44.589138" lon="6.554611">
        <ele>1382.0</ele>
      </trkpt>
      <trkpt lat="44.589332" lon="6.554841">
        <ele>1386.9</ele>
      </trkpt>
      <trkpt lat="44.58934" lon="6.554949">
        <ele>1388.3</ele>
      </trkpt>
      <trkpt lat="44.58905" lon="6.555222">
        <ele>1395.0</ele>
      </trkpt>
      <trkpt lat="44.58864" lon="6.555918">
        <ele>1407.3</ele>
      </trkpt>
      <trkpt lat="44.5886" lon="6.556129">
        <ele>1410.3</ele>
      </trkpt>
      <trkpt lat="44.58863" lon="6.55642">
        <ele>1414.0</ele>
      </trkpt>
      <trkpt lat="44.588614" lon="6.55657">
        <ele>1416.0</ele>
      </trkpt>
      <trkpt lat="44.588574" lon="6.556707">
        <ele>1417.8</ele>
      </trkpt>
      <trkpt lat="44.58832" lon="6.557165">
        <ele>1425.2</ele>
      </trkpt>
      <trkpt lat="44.588232" lon="6.557524">
        <ele>1430.0</ele>
      </trkpt>
      <trkpt lat="44.588148" lon="6.558097">
        <ele>1437.4</ele>
      </trkpt>
      <trkpt lat="44.588109" lon="6.558216">
        <ele>1439.0</ele>
      </trkpt>
      <trkpt lat="44.588014" lon="6.558334">
        <ele>1441.3</ele>
      </trkpt>
      <trkpt lat="44.587894" lon="6.558548">
        <ele>1443.6</ele>
      </trkpt>
      <trkpt lat="44.587696" lon="6.559271">
        <ele>1448.8</ele>
      </trkpt>
      <trkpt lat="44.58768" lon="6.559441">
        <ele>1450.0</ele>
      </trkpt>
      <trkpt lat="44.58773" lon="6.559728">
        <ele>1452.0</ele>
      </trkpt>
      <trkpt lat="44.587834" lon="6.559927">
        <ele>1453.6</ele>
      </trkpt>
      <trkpt lat="44.588025" lon="6.560115">
        <ele>1455.8</ele>
      </trkpt>
      <trkpt lat="44.588191" lon="6.560203">
        <ele>1457.5</ele>
      </trkpt>
      <trkpt lat="44.5884" lon="6.560226">
        <ele>1459.5</ele>
      </trkpt>
      <trkpt lat="44.588913" lon="6.560176">
        <ele>1463.8</ele>
      </trkpt>
      <trkpt lat="44.589289" lon="6.560298">
        <ele>1467.1</ele>
      </trkpt>
      <trkpt lat="44.589397" lon="6.560365">
        <ele>1468.1</ele>
      </trkpt>
      <trkpt lat="44.589602" lon="6.560564">
        <ele>1470.1</ele>
      </trkpt>
      <trkpt lat="44.589669" lon="6.560635">
        <ele>1470.9</ele>
      </trkpt>
      <trkpt lat="44.589779" lon="6.56084">
        <ele>1472.4</ele>
      </trkpt>
      <trkpt lat="44.590129" lon="6.561218">
        <ele>1475.5</ele>
      </trkpt>
      <trkpt lat="44.590204" lon="6.561259">
        <ele>1475.9</ele>
      </trkpt>
      <trkpt lat="44.590521" lon="6.561307">
        <ele>1477.5</ele>
      </trkpt>
      <trkpt lat="44.591045" lon="6.56159">
        <ele>1480.4</ele>
      </trkpt>
      <trkpt lat="44.591296" lon="6.561686">
        <ele>1481.7</ele>
      </trkpt>
      <trkpt lat="44.591526" lon="6.561715">
        <ele>1482.9</ele>
      </trkpt>
      <trkpt lat="44.591994" lon="6.561682">
        <ele>1485.2</ele>
      </trkpt>
      <trkpt lat="44.592466" lon="6.562004">
        <ele>1487.6</ele>
      </trkpt>
      <trkpt lat="44.592562" lon="6.56203">
        <ele>1488.1</ele>
      </trkpt>
      <trkpt lat="44.592763" lon="6.562024">
        <ele>1489.0</ele>
      </trkpt>
      <trkpt lat="44.593107" lon="6.561925">
        <ele>1490.6</ele>
      </trkpt>
      <trkpt lat="44.59353" lon="6.561737">
        <ele>1493.7</ele>
      </trkpt>
      <trkpt lat="44.593769" lon="6.561574">
        <ele>1497.1</ele>
      </trkpt>
      <trkpt lat="44.593874" lon="6.561585">
        <ele>1498.4</ele>
      </trkpt>
      <trkpt lat="44.594081" lon="6.561729">
        <ele>1501.3</ele>
      </trkpt>
      <trkpt lat="44.594448" lon="6.561833">
        <ele>1506.0</ele>
      </trkpt>
      <trkpt lat="44.594607" lon="6.561937">
        <ele>1508.2</ele>
      </trkpt>
      <trkpt lat="44.594918" lon="6.562388">
        <ele>1513.8</ele>
      </trkpt>
      <trkpt lat="44.595305" lon="6.562832">
        <ele>1517.2</ele>
      </trkpt>
      <trkpt lat="44.595382" lon="6.562876">
        <ele>1517.7</ele>
      </trkpt>
      <trkpt lat="44.595648" lon="6.562893">
        <ele>1519.3</ele>
      </trkpt>
      <trkpt lat="44.595947" lon="6.562785">
        <ele>1521.2</ele>
      </trkpt>
      <trkpt lat="44.596585" lon="6.563018">
        <ele>1525.1</ele>
      </trkpt>
      <trkpt lat="44.597292" lon="6.563103">
        <ele>1530.0</ele>
      </trkpt>
      <trkpt lat="44.597373" lon="6.563107">
        <ele>1530.6</ele>
      </trkpt>
      <trkpt lat="44.597714" lon="6.562975">
        <ele>1533.1</ele>
      </trkpt>
      <trkpt lat="44.597783" lon="6.562995">
        <ele>1533.6</ele>
      </trkpt>
      <trkpt lat="44.598008" lon="6.563127">
        <ele>1535.3</ele>
      </trkpt>
      <trkpt lat="44.598354" lon="6.563195">
        <ele>1537.7</ele>
      </trkpt>
      <trkpt lat="44.598801" lon="6.563438">
        <ele>1542.9</ele>
      </trkpt>
      <trkpt lat="44.599073" lon="6.563493">
        <ele>1546.0</ele>
      </trkpt>
      <trkpt lat="44.599466" lon="6.563783">
        <ele>1551.0</ele>
      </trkpt>
      <trkpt lat="44.599584" lon="6.563817">
        <ele>1552.4</ele>
      </trkpt>
      <trkpt lat="44.599837" lon="6.563819">
        <ele>1555.2</ele>
      </trkpt>
      <trkpt lat="44.59992" lon="6.563854">
        <ele>1556.2</ele>
      </trkpt>
      <trkpt lat="44.599979" lon="6.563905">
        <ele>1557.0</ele>
      </trkpt>
      <trkpt lat="44.600122" lon="6.564212">
        <ele>1559.3</ele>
      </trkpt>
      <trkpt lat="44.600324" lon="6.5643">
        <ele>1560.9</ele>
      </trkpt>
      <trkpt lat="44.600579" lon="6.564216">
        <ele>1562.8</ele>
      </trkpt>
      <trkpt lat="44.60064" lon="6.564228">
        <ele>1563.2</ele>
      </trkpt>
      <trkpt lat="44.600686" lon="6.564249">
        <ele>1563.6</ele>
      </trkpt>
      <trkpt lat="44.600721" lon="6.564307">
        <ele>1564.0</ele>
      </trkpt>
      <trkpt lat="44.600723" lon="6.564456">
        <ele>1564.8</ele>
      </trkpt>
      <trkpt lat="44.600688" lon="6.564538">
        <ele>1565.3</ele>
      </trkpt>
      <trkpt lat="44.600642" lon="6.564572">
        <ele>1565.7</ele>
      </trkpt>
      <trkpt lat="44.600509" lon="6.564568">
        <ele>1566.6</ele>
      </trkpt>
      <trkpt lat="44.599998" lon="6.564335">
        <ele>1570.6</ele>
      </trkpt>
      <trkpt lat="44.599414" lon="6.564261">
        <ele>1573.9</ele>
      </trkpt>
      <trkpt lat="44.599256" lon="6.564269">
        <ele>1574.7</ele>
      </trkpt>
      <trkpt lat="44.598631" lon="6.563996">
        <ele>1578.2</ele>
      </trkpt>
      <trkpt lat="44.598321" lon="6.563915">
        <ele>1579.9</ele>
      </trkpt>
      <trkpt lat="44.598183" lon="6.563957">
        <ele>1580.6</ele>
      </trkpt>
      <trkpt lat="44.597606" lon="6.564349">
        <ele>1588.0</ele>
      </trkpt>
      <trkpt lat="44.597339" lon="6.564479">
        <ele>1591.4</ele>
      </trkpt>
      <trkpt lat="44.596796" lon="6.564563">
        <ele>1598.1</ele>
      </trkpt>
      <trkpt lat="44.596153" lon="6.564843">
        <ele>1605.2</ele>
      </trkpt>
      <trkpt lat="44.595709" lon="6.56496">
        <ele>1609.1</ele>
      </trkpt>
      <trkpt lat="44.595444" lon="6.564913">
        <ele>1611.4</ele>
      </trkpt>
      <trkpt lat="44.595156" lon="6.56491">
        <ele>1613.9</ele>
      </trkpt>
      <trkpt lat="44.594168" lon="6.565129">
        <ele>1623.3</ele>
      </trkpt>
      <trkpt lat="44.593961" lon="6.565224">
        <ele>1625.5</ele>
      </trkpt>
      <trkpt lat="44.593727" lon="6.565287">
        <ele>1628.0</ele>
      </trkpt>
      <trkpt lat="44.59221" lon="6.565523">
        <ele>1644.9</ele>
      </trkpt>
      <trkpt lat="44.591844" lon="6.5655">
        <ele>1649.4</ele>
      </trkpt>
      <trkpt lat="44.591571" lon="6.565568">
        <ele>1652.8</ele>
      </trkpt>
      <trkpt lat="44.591435" lon="6.565527">
        <ele>1654.5</ele>
      </trkpt>
      <trkpt lat="44.590878" lon="6.565191">
        <ele>1661.8</ele>
      </trkpt>
      <trkpt lat="44.590799" lon="6.565172">
        <ele>1662.7</ele>
      </trkpt>
      <trkpt lat="44.590651" lon="6.565195">
        <ele>1664.5</ele>
      </trkpt>
      <trkpt lat="44.590371" lon="6.565341">
        <ele>1668.0</ele>
      </trkpt>
      <trkpt lat="44.590171" lon="6.565361">
        <ele>1670.4</ele>
      </trkpt>
      <trkpt lat="44.589841" lon="6.565313">
        <ele>1674.3</ele>
      </trkpt>
      <trkpt lat="44.588981" lon="6.565105">
        <ele>1684.3</ele>
      </trkpt>
      <trkpt lat="44.588604" lon="6.564976">
        <ele>1688.6</ele>
      </trkpt>
      <trkpt lat="44.588182" lon="6.564935">
        <ele>1693.3</ele>
      </trkpt>
      <trkpt lat="44.587586" lon="6.564995">
        <ele>1699.9</ele>
      </trkpt>
      <trkpt lat="44.58752" lon="6.564973">
        <ele>1700.6</ele>
      </trkpt>
      <trkpt lat="44.587419" lon="6.564839">
        <ele>1702.0</ele>
      </trkpt>
      <trkpt lat="44.587229" lon="6.564454">
        <ele>1705.5</ele>
      </trkpt>
      <trkpt lat="44.587177" lon="6.564409">
        <ele>1706.2</ele>
      </trkpt>
      <trkpt lat="44.58707" lon="6.564386">
        <ele>1707.3</ele>
      </trkpt>
      <trkpt lat="44.587042" lon="6.564413">
        <ele>1707.7</ele>
      </trkpt>
      <trkpt lat="44.586996" lon="6.564466">
        <ele>1708.3</ele>
      </trkpt>
      <trkpt lat="44.58701" lon="6.564627">
        <ele>1709.5</ele>
      </trkpt>
      <trkpt lat="44.587213" lon="6.564817">
        <ele>1712.1</ele>
      </trkpt>
      <trkpt lat="44.587397" lon="6.565212">
        <ele>1715.6</ele>
      </trkpt>
      <trkpt lat="44.58747" lon="6.565283">
        <ele>1716.5</ele>
      </trkpt>
      <trkpt lat="44.587989" lon="6.565388">
        <ele>1721.7</ele>
      </trkpt>
      <trkpt lat="44.588294" lon="6.565542">
        <ele>1724.7</ele>
      </trkpt>
      <trkpt lat="44.588373" lon="6.565613">
        <ele>1725.6</ele>
      </trkpt>
      <trkpt lat="44.588459" lon="6.565784">
        <ele>1727.0</ele>
      </trkpt>
      <trkpt lat="44.588652" lon="6.565959">
        <ele>1729.2</ele>
      </trkpt>
      <trkpt lat="44.58898" lon="6.566097">
        <ele>1732.4</ele>
      </trkpt>
      <trkpt lat="44.589155" lon="6.566213">
        <ele>1734.3</ele>
      </trkpt>
      <trkpt lat="44.589397" lon="6.566479">
        <ele>1737.0</ele>
      </trkpt>
      <trkpt lat="44.589485" lon="6.56654">
        <ele>1737.8</ele>
      </trkpt>
      <trkpt lat="44.589909" lon="6.566683">
        <ele>1741.5</ele>
      </trkpt>
      <trkpt lat="44.590023" lon="6.566749">
        <ele>1742.5</ele>
      </trkpt>
      <trkpt lat="44.590414" lon="6.567153">
        <ele>1746.6</ele>
      </trkpt>
      <trkpt lat="44.591178" lon="6.567472">
        <ele>1754.0</ele>
      </trkpt>
      <trkpt lat="44.591252" lon="6.567532">
        <ele>1754.9</ele>
      </trkpt>
      <trkpt lat="44.591475" lon="6.567831">
        <ele>1758.3</ele>
      </trkpt>
      <trkpt lat="44.591723" lon="6.568036">
        <ele>1761.4</ele>
      </trkpt>
      <trkpt lat="44.592144" lon="6.568177">
        <ele>1766.1</ele>
      </trkpt>
      <trkpt lat="44.592468" lon="6.568431">
        <ele>1770.1</ele>
      </trkpt>
      <trkpt lat="44.592989" lon="6.568702">
        <ele>1776.8</ele>
      </trkpt>
      <trkpt lat="44.593457" lon="6.569038">
        <ele>1783.0</ele>
      </trkpt>
      <trkpt lat="44.593518" lon="6.5691">
        <ele>1783.9</ele>
      </trkpt>
      <trkpt lat="44.593585" lon="6.56926">
        <ele>1785.5</ele>
      </trkpt>
      <trkpt lat="44.5935" lon="6.569311">
        <ele>1786.6</ele>
      </trkpt>
      <trkpt lat="44.593395" lon="6.569467">
        <ele>1788.5</ele>
      </trkpt>
      <trkpt lat="44.593356" lon="6.569598">
        <ele>1789.7</ele>
      </trkpt>
      <trkpt lat="44.59318" lon="6.569895">
        <ele>1792.2</ele>
      </trkpt>
      <trkpt lat="44.593166" lon="6.570064">
        <ele>1792.9</ele>
      </trkpt>
      <trkpt lat="44.593196" lon="6.570186">
        <ele>1793.4</ele>
      </trkpt>
      <trkpt lat="44.593404" lon="6.570694">
        <ele>1795.6</ele>
      </trkpt>
      <trkpt lat="44.59396" lon="6.570884">
        <ele>1798.6</ele>
      </trkpt>
      <trkpt lat="44.594636" lon="6.57133">
        <ele>1802.1</ele>
      </trkpt>
      <trkpt lat="44.594689" lon="6.571408">
        <ele>1802.3</ele>
      </trkpt>
      <trkpt lat="44.594744" lon="6.57162">
        <ele>1802.8</ele>
      </trkpt>
      <trkpt lat="44.594724" lon="6.57238">
        <ele>1804.5</ele>
      </trkpt>
      <trkpt lat="44.59468" lon="6.572744">
        <ele>1805.3</ele>
      </trkpt>
      <trkpt lat="44.594623" lon="6.572922">
        <ele>1805.8</ele>
      </trkpt>
      <trkpt lat="44.594493" lon="6.573135">
        <ele>1806.4</ele>
      </trkpt>
      <trkpt lat="44.594348" lon="6.573539">
        <ele>1807.7</ele>
      </trkpt>
      <trkpt lat="44.594243" lon="6.573621">
        <ele>1808.3</ele>
      </trkpt>
      <trkpt lat="44.59412" lon="6.573629">
        <ele>1808.8</ele>
      </trkpt>
      <trkpt lat="44.59407" lon="6.573671">
        <ele>1809.1</ele>
      </trkpt>
      <trkpt lat="44.593881" lon="6.574084">
        <ele>1810.8</ele>
      </trkpt>
      <trkpt lat="44.593757" lon="6.574183">
        <ele>1811.5</ele>
      </trkpt>
      <trkpt lat="44.593609" lon="6.57413">
        <ele>1812.2</ele>
      </trkpt>
      <trkpt lat="44.593539" lon="6.573987">
        <ele>1812.8</ele>
      </trkpt>
      <trkpt lat="44.593486" lon="6.573861">
        <ele>1813.3</ele>
      </trkpt>
      <trkpt lat="44.593435" lon="6.573367">
        <ele>1815.0</ele>
      </trkpt>
      <trkpt lat="44.593346" lon="6.573205">
        <ele>1815.9</ele>
      </trkpt>
      <trkpt lat="44.593295" lon="6.573188">
        <ele>1816.5</ele>
      </trkpt>
      <trkpt lat="44.593159" lon="6.573207">
        <ele>1818.0</ele>
      </trkpt>
      <trkpt lat="44.593088" lon="6.573264">
        <ele>1818.9</ele>
      </trkpt>
      <trkpt lat="44.592963" lon="6.573543">
        <ele>1821.5</ele>
      </trkpt>
      <trkpt lat="44.592838" lon="6.573744">
        <ele>1823.6</ele>
      </trkpt>
      <trkpt lat="44.592747" lon="6.573789">
        <ele>1824.7</ele>
      </trkpt>
      <trkpt lat="44.591916" lon="6.573797">
        <ele>1833.9</ele>
      </trkpt>
      <trkpt lat="44.591628" lon="6.573731">
        <ele>1836.2</ele>
      </trkpt>
      <trkpt lat="44.591436" lon="6.573931">
        <ele>1837.4</ele>
      </trkpt>
      <trkpt lat="44.591367" lon="6.574074">
        <ele>1838.0</ele>
      </trkpt>
      <trkpt lat="44.591317" lon="6.574238">
        <ele>1838.7</ele>
      </trkpt>
      <trkpt lat="44.591213" lon="6.574804">
        <ele>1840.8</ele>
      </trkpt>
      <trkpt lat="44.591124" lon="6.575088">
        <ele>1841.9</ele>
      </trkpt>
      <trkpt lat="44.591058" lon="6.575395">
        <ele>1843.1</ele>
      </trkpt>
      <trkpt lat="44.591037" lon="6.575611">
        <ele>1843.9</ele>
      </trkpt>
      <trkpt lat="44.591046" lon="6.576705">
        <ele>1844.7</ele>
      </trkpt>
      <trkpt lat="44.591082" lon="6.577054">
        <ele>1844.7</ele>
      </trkpt>
      <trkpt lat="44.591187" lon="6.577564">
        <ele>1844.8</ele>
      </trkpt>
      <trkpt lat="44.591226" lon="6.57806">
        <ele>1844.8</ele>
      </trkpt>
      <trkpt lat="44.591533" lon="6.579836">
        <ele>1851.2</ele>
      </trkpt>
      <trkpt lat="44.591528" lon="6.5801">
        <ele>1852.2</ele>
      </trkpt>
      <trkpt lat="44.591291" lon="6.580619">
        <ele>1854.7</ele>
      </trkpt>
      <trkpt lat="44.591203" lon="6.581334">
        <ele>1858.9</ele>
      </trkpt>
      <trkpt lat="44.591088" lon="6.581665">
        <ele>1861.1</ele>
      </trkpt>
      <trkpt lat="44.590981" lon="6.581824">
        <ele>1862.4</ele>
      </trkpt>
      <trkpt lat="44.590689" lon="6.582162">
        <ele>1865.6</ele>
      </trkpt>
      <trkpt lat="44.590366" lon="6.582699">
        <ele>1869.7</ele>
      </trkpt>
      <trkpt lat="44.590144" lon="6.583117">
        <ele>1871.4</ele>
      </trkpt>
      <trkpt lat="44.590075" lon="6.583619">
        <ele>1872.9</ele>
      </trkpt>
      <trkpt lat="44.590139" lon="6.584646">
        <ele>1876.0</ele>
      </trkpt>
      <trkpt lat="44.590062" lon="6.585102">
        <ele>1877.4</ele>
      </trkpt>
      <trkpt lat="44.589916" lon="6.585386">
        <ele>1877.6</ele>
      </trkpt>
      <trkpt lat="44.58988" lon="6.585511">
        <ele>1877.7</ele>
      </trkpt>
      <trkpt lat="44.589946" lon="6.586682">
        <ele>1878.4</ele>
      </trkpt>
      <trkpt lat="44.589885" lon="6.587073">
        <ele>1878.6</ele>
      </trkpt>
      <trkpt lat="44.58964" lon="6.587858">
        <ele>1880.0</ele>
      </trkpt>
      <trkpt lat="44.5894" lon="6.588429">
        <ele>1881.9</ele>
      </trkpt>
      <trkpt lat="44.589247" lon="6.588702">
        <ele>1882.8</ele>
      </trkpt>
      <trkpt lat="44.588968" lon="6.588997">
        <ele>1884.2</ele>
      </trkpt>
      <trkpt lat="44.588872" lon="6.589181">
        <ele>1884.9</ele>
      </trkpt>
      <trkpt lat="44.588805" lon="6.589422">
        <ele>1885.6</ele>
      </trkpt>
      <trkpt lat="44.58883" lon="6.589997">
        <ele>1886.1</ele>
      </trkpt>
      <trkpt lat="44.588929" lon="6.590432">
        <ele>1886.1</ele>
      </trkpt>
      <trkpt lat="44.589218" lon="6.59103">
        <ele>1886.1</ele>
      </trkpt>
      <trkpt lat="44.589452" lon="6.591358">
        <ele>1886.1</ele>
      </trkpt>
      <trkpt lat="44.589514" lon="6.591526">
        <ele>1886.1</ele>
      </trkpt>
      <trkpt lat="44.589502" lon="6.591715">
        <ele>1886.1</ele>
      </trkpt>
      <trkpt lat="44.589365" lon="6.592433">
        <ele>1887.3</ele>
      </trkpt>
      <trkpt lat="44.589348" lon="6.592734">
        <ele>1887.8</ele>
      </trkpt>
      <trkpt lat="44.589246" lon="6.593075">
        <ele>1888.5</ele>
      </trkpt>
      <trkpt lat="44.589247" lon="6.593205">
        <ele>1888.7</ele>
      </trkpt>
      <trkpt lat="44.589296" lon="6.593498">
        <ele>1889.3</ele>
      </trkpt>
      <trkpt lat="44.589362" lon="6.593601">
        <ele>1889.6</ele>
      </trkpt>
      <trkpt lat="44.589507" lon="6.593739">
        <ele>1890.0</ele>
      </trkpt>
      <trkpt lat="44.589514" lon="6.593991">
        <ele>1890.5</ele>
      </trkpt>
      <trkpt lat="44.589364" lon="6.594383">
        <ele>1891.6</ele>
      </trkpt>
      <trkpt lat="44.589054" lon="6.594667">
        <ele>1893.2</ele>
      </trkpt>
      <trkpt lat="44.588885" lon="6.595069">
        <ele>1894.7</ele>
      </trkpt>
      <trkpt lat="44.588831" lon="6.595282">
        <ele>1895.3</ele>
      </trkpt>
      <trkpt lat="44.588273" lon="6.596247">
        <ele>1898.2</ele>
      </trkpt>
      <trkpt lat="44.588204" lon="6.596319">
        <ele>1898.1</ele>
      </trkpt>
      <trkpt lat="44.5879" lon="6.596518">
        <ele>1897.7</ele>
      </trkpt>
      <trkpt lat="44.58782" lon="6.596597">
        <ele>1897.6</ele>
      </trkpt>
      <trkpt lat="44.587742" lon="6.596784">
        <ele>1897.4</ele>
      </trkpt>
      <trkpt lat="44.587566" lon="6.596928">
        <ele>1897.1</ele>
      </trkpt>
      <trkpt lat="44.587058" lon="6.597055">
        <ele>1896.5</ele>
      </trkpt>
      <trkpt lat="44.586772" lon="6.597161">
        <ele>1896.4</ele>
      </trkpt>
      <trkpt lat="44.586695" lon="6.597165">
        <ele>1896.6</ele>
      </trkpt>
      <trkpt lat="44.586246" lon="6.597006">
        <ele>1897.8</ele>
      </trkpt>
      <trkpt lat="44.585758" lon="6.596936">
        <ele>1899.1</ele>
      </trkpt>
      <trkpt lat="44.585328" lon="6.59703">
        <ele>1900.3</ele>
      </trkpt>
      <trkpt lat="44.584959" lon="6.596946">
        <ele>1901.5</ele>
      </trkpt>
      <trkpt lat="44.584734" lon="6.596943">
        <ele>1902.7</ele>
      </trkpt>
      <trkpt lat="44.58463" lon="6.596913">
        <ele>1903.2</ele>
      </trkpt>
      <trkpt lat="44.58438" lon="6.596772">
        <ele>1904.6</ele>
      </trkpt>
      <trkpt lat="44.584206" lon="6.596802">
        <ele>1905.5</ele>
      </trkpt>
      <trkpt lat="44.583939" lon="6.596997">
        <ele>1907.0</ele>
      </trkpt>
      <trkpt lat="44.583875" lon="6.597146">
        <ele>1907.6</ele>
      </trkpt>
      <trkpt lat="44.583885" lon="6.597301">
        <ele>1908.2</ele>
      </trkpt>
      <trkpt lat="44.58402" lon="6.597719">
        <ele>1909.9</ele>
      </trkpt>
      <trkpt lat="44.584025" lon="6.598027">
        <ele>1911.3</ele>
      </trkpt>
      <trkpt lat="44.584035" lon="6.598257">
        <ele>1912.4</ele>
      </trkpt>
      <trkpt lat="44.584095" lon="6.598447">
        <ele>1913.4</ele>
      </trkpt>
      <trkpt lat="44.584195" lon="6.598578">
        <ele>1914.3</ele>
      </trkpt>
      <trkpt lat="44.584651" lon="6.59896">
        <ele>1917.9</ele>
      </trkpt>
      <trkpt lat="44.584705" lon="6.599194">
        <ele>1919.1</ele>
      </trkpt>
      <trkpt lat="44.584863" lon="6.599469">
        <ele>1920.8</ele>
      </trkpt>
      <trkpt lat="44.585057" lon="6.59974">
        <ele>1922.6</ele>
      </trkpt>
      <trkpt lat="44.585352" lon="6.600239">
        <ele>1925.3</ele>
      </trkpt>
      <trkpt lat="44.585656" lon="6.600565">
        <ele>1927.4</ele>
      </trkpt>
      <trkpt lat="44.585756" lon="6.60071">
        <ele>1928.2</ele>
      </trkpt>
      <trkpt lat="44.585958" lon="6.601071">
        <ele>1930.1</ele>
      </trkpt>
      <trkpt lat="44.586033" lon="6.601147">
        <ele>1930.6</ele>
      </trkpt>
      <trkpt lat="44.58659" lon="6.601404">
        <ele>1933.9</ele>
      </trkpt>
      <trkpt lat="44.586723" lon="6.601492">
        <ele>1934.7</ele>
      </trkpt>
      <trkpt lat="44.587284" lon="6.601956">
        <ele>1938.3</ele>
      </trkpt>
      <trkpt lat="44.588149" lon="6.603175">
        <ele>1945.9</ele>
      </trkpt>
      <trkpt lat="44.588731" lon="6.604181">
        <ele>1952.7</ele>
      </trkpt>
      <trkpt lat="44.588948" lon="6.604382">
        <ele>1954.6</ele>
      </trkpt>
      <trkpt lat="44.589209" lon="6.604477">
        <ele>1956.8</ele>
      </trkpt>
      <trkpt lat="44.58961" lon="6.605346">
        <ele>1963.0</ele>
      </trkpt>
      <trkpt lat="44.589618" lon="6.605625">
        <ele>1964.7</ele>
      </trkpt>
      <trkpt lat="44.58947" lon="6.606439">
        <ele>1969.8</ele>
      </trkpt>
      <trkpt lat="44.589424" lon="6.606635">
        <ele>1971.1</ele>
      </trkpt>
      <trkpt lat="44.589278" lon="6.60699">
        <ele>1971.8</ele>
      </trkpt>
      <trkpt lat="44.589133" lon="6.607205">
        <ele>1972.3</ele>
      </trkpt>
      <trkpt lat="44.588796" lon="6.607563">
        <ele>1973.3</ele>
      </trkpt>
      <trkpt lat="44.588688" lon="6.607867">
        <ele>1973.9</ele>
      </trkpt>
      <trkpt lat="44.588529" lon="6.60817">
        <ele>1974.6</ele>
      </trkpt>
      <trkpt lat="44.588256" lon="6.608337">
        <ele>1975.3</ele>
      </trkpt>
      <trkpt lat="44.588011" lon="6.608771">
        <ele>1976.0</ele>
      </trkpt>
      <trkpt lat="44.587874" lon="6.60912">
        <ele>1976.6</ele>
      </trkpt>
      <trkpt lat="44.587714" lon="6.609267">
        <ele>1976.9</ele>
      </trkpt>
      <trkpt lat="44.587458" lon="6.609377">
        <ele>1977.4</ele>
      </trkpt>
      <trkpt lat="44.587201" lon="6.609396">
        <ele>1977.8</ele>
      </trkpt>
      <trkpt lat="44.586849" lon="6.609365">
        <ele>1978.5</ele>
      </trkpt>
      <trkpt lat="44.58671" lon="6.609419">
        <ele>1978.7</ele>
      </trkpt>
      <trkpt lat="44.586586" lon="6.609489">
        <ele>1979.0</ele>
      </trkpt>
      <trkpt lat="44.58629" lon="6.609561">
        <ele>1979.6</ele>
      </trkpt>
      <trkpt lat="44.586086" lon="6.609546">
        <ele>1980.0</ele>
      </trkpt>
      <trkpt lat="44.585764" lon="6.609459">
        <ele>1980.7</ele>
      </trkpt>
      <trkpt lat="44.585708" lon="6.60948">
        <ele>1980.8</ele>
      </trkpt>
      <trkpt lat="44.585665" lon="6.609562">
        <ele>1980.9</ele>
      </trkpt>
      <trkpt lat="44.585657" lon="6.609639">
        <ele>1981.0</ele>
      </trkpt>
      <trkpt lat="44.585682" lon="6.609943">
        <ele>1981.5</ele>
      </trkpt>
      <trkpt lat="44.58567" lon="6.610349">
        <ele>1982.0</ele>
      </trkpt>
      <trkpt lat="44.585731" lon="6.610497">
        <ele>1982.3</ele>
      </trkpt>
      <trkpt lat="44.586144" lon="6.611252">
        <ele>1988.8</ele>
      </trkpt>
      <trkpt lat="44.586385" lon="6.611825">
        <ele>1993.4</ele>
      </trkpt>
      <trkpt lat="44.586748" lon="6.612428">
        <ele>1998.8</ele>
      </trkpt>
      <trkpt lat="44.587373" lon="6.613702">
        <ele>2016.7</ele>
      </trkpt>
      <trkpt lat="44.587457" lon="6.614228">
        <ele>2023.2</ele>
      </trkpt>
      <trkpt lat="44.587489" lon="6.6146">
        <ele>2027.7</ele>
      </trkpt>
      <trkpt lat="44.587543" lon="6.614798">
        <ele>2030.0</ele>
      </trkpt>
      <trkpt lat="44.587571" lon="6.61516">
        <ele>2031.7</ele>
      </trkpt>
      <trkpt lat="44.587628" lon="6.615407">
        <ele>2033.0</ele>
      </trkpt>
      <trkpt lat="44.587682" lon="6.616208">
        <ele>2036.8</ele>
      </trkpt>
      <trkpt lat="44.58779" lon="6.616727">
        <ele>2039.4</ele>
      </trkpt>
      <trkpt lat="44.587786" lon="6.616914">
        <ele>2040.3</ele>
      </trkpt>
      <trkpt lat="44.587684" lon="6.617294">
        <ele>2042.1</ele>
      </trkpt>
      <trkpt lat="44.58757" lon="6.617573">
        <ele>2042.9</ele>
      </trkpt>
      <trkpt lat="44.587573" lon="6.61772">
        <ele>2043.3</ele>
      </trkpt>
      <trkpt lat="44.587634" lon="6.617817">
        <ele>2043.6</ele>
      </trkpt>
      <trkpt lat="44.58786" lon="6.618003">
        <ele>2044.6</ele>
      </trkpt>
      <trkpt lat="44.587929" lon="6.618125">
        <ele>2044.9</ele>
      </trkpt>
      <trkpt lat="44.587944" lon="6.618505">
        <ele>2045.9</ele>
      </trkpt>
      <trkpt lat="44.588051" lon="6.618902">
        <ele>2047.0</ele>
      </trkpt>
      <trkpt lat="44.588153" lon="6.61942">
        <ele>2048.4</ele>
      </trkpt>
      <trkpt lat="44.588136" lon="6.619517">
        <ele>2049.4</ele>
      </trkpt>
      <trkpt lat="44.588102" lon="6.619556">
        <ele>2050.0</ele>
      </trkpt>
      <trkpt lat="44.587957" lon="6.619595">
        <ele>2052.0</ele>
      </trkpt>
      <trkpt lat="44.587536" lon="6.619476">
        <ele>2057.8</ele>
      </trkpt>
      <trkpt lat="44.586976" lon="6.619508">
        <ele>2065.4</ele>
      </trkpt>
      <trkpt lat="44.586551" lon="6.619731">
        <ele>2071.5</ele>
      </trkpt>
      <trkpt lat="44.586272" lon="6.619825">
        <ele>2074.8</ele>
      </trkpt>
      <trkpt lat="44.586063" lon="6.620013">
        <ele>2077.5</ele>
      </trkpt>
      <trkpt lat="44.586013" lon="6.6201">
        <ele>2078.4</ele>
      </trkpt>
      <trkpt lat="44.585933" lon="6.62034">
        <ele>2080.4</ele>
      </trkpt>
      <trkpt lat="44.585742" lon="6.620622">
        <ele>2083.4</ele>
      </trkpt>
      <trkpt lat="44.585727" lon="6.620793">
        <ele>2084.7</ele>
      </trkpt>
      <trkpt lat="44.585891" lon="6.621318">
        <ele>2089.1</ele>
      </trkpt>
      <trkpt lat="44.586008" lon="6.621477">
        <ele>2090.9</ele>
      </trkpt>
      <trkpt lat="44.586148" lon="6.621807">
        <ele>2093.1</ele>
      </trkpt>
      <trkpt lat="44.586314" lon="6.622017">
        <ele>2094.6</ele>
      </trkpt>
      <trkpt lat="44.586607" lon="6.622158">
        <ele>2096.6</ele>
      </trkpt>
      <trkpt lat="44.586772" lon="6.62254">
        <ele>2098.7</ele>
      </trkpt>
      <trkpt lat="44.586843" lon="6.622649">
        <ele>2099.3</ele>
      </trkpt>
      <trkpt lat="44.586915" lon="6.622708">
        <ele>2099.9</ele>
      </trkpt>
      <trkpt lat="44.587217" lon="6.622826">
        <ele>2101.9</ele>
      </trkpt>
      <trkpt lat="44.587471" lon="6.622874">
        <ele>2103.6</ele>
      </trkpt>
      <trkpt lat="44.587629" lon="6.622979">
        <ele>2104.4</ele>
      </trkpt>
      <trkpt lat="44.588279" lon="6.623824">
        <ele>2108.2</ele>
      </trkpt>
      <trkpt lat="44.588558" lon="6.624073">
        <ele>2109.6</ele>
      </trkpt>
      <trkpt lat="44.58883" lon="6.624231">
        <ele>2110.9</ele>
      </trkpt>
      <trkpt lat="44.589533" lon="6.62448">
        <ele>2120.5</ele>
      </trkpt>
      <trkpt lat="44.589595" lon="6.624549">
        <ele>2121.7</ele>
      </trkpt>
      <trkpt lat="44.589637" lon="6.624647">
        <ele>2122.9</ele>
      </trkpt>
      <trkpt lat="44.589669" lon="6.624902">
        <ele>2125.7</ele>
      </trkpt>
      <trkpt lat="44.589666" lon="6.625468">
        <ele>2131.9</ele>
      </trkpt>
      <trkpt lat="44.58973" lon="6.625961">
        <ele>2137.3</ele>
      </trkpt>
      <trkpt lat="44.589596" lon="6.62675">
        <ele>2145.5</ele>
      </trkpt>
      <trkpt lat="44.589642" lon="6.627158">
        <ele>2149.6</ele>
      </trkpt>
      <trkpt lat="44.589469" lon="6.627697">
        <ele>2155.5</ele>
      </trkpt>
      <trkpt lat="44.589331" lon="6.627934">
        <ele>2158.5</ele>
      </trkpt>
      <trkpt lat="44.589318" lon="6.628052">
        <ele>2159.7</ele>
      </trkpt>
      <trkpt lat="44.589358" lon="6.628154">
        <ele>2160.8</ele>
      </trkpt>
      <trkpt lat="44.589438" lon="6.628231">
        <ele>2162.2</ele>
      </trkpt>
      <trkpt lat="44.589469" lon="6.628314">
        <ele>2163.1</ele>
      </trkpt>
      <trkpt lat="44.589557" lon="6.628943">
        <ele>2167.1</ele>
      </trkpt>
      <trkpt lat="44.589566" lon="6.629092">
        <ele>2168.0</ele>
      </trkpt>
      <trkpt lat="44.589539" lon="6.629442">
        <ele>2170.0</ele>
      </trkpt>
      <trkpt lat="44.589618" lon="6.629958">
        <ele>2173.0</ele>
      </trkpt>
      <trkpt lat="44.589646" lon="6.630461">
        <ele>2175.9</ele>
      </trkpt>
      <trkpt lat="44.589634" lon="6.630783">
        <ele>2177.8</ele>
      </trkpt>
      <trkpt lat="44.58966" lon="6.631036">
        <ele>2179.1</ele>
      </trkpt>
      <trkpt lat="44.589688" lon="6.631119">
        <ele>2179.5</ele>
      </trkpt>
      <trkpt lat="44.589731" lon="6.631165">
        <ele>2179.8</ele>
      </trkpt>
      <trkpt lat="44.590042" lon="6.631309">
        <ele>2181.9</ele>
      </trkpt>
      <trkpt lat="44.590089" lon="6.6314">
        <ele>2182.4</ele>
      </trkpt>
      <trkpt lat="44.590077" lon="6.631537">
        <ele>2183.0</ele>
      </trkpt>
      <trkpt lat="44.58993" lon="6.632053">
        <ele>2185.5</ele>
      </trkpt>
      <trkpt lat="44.589955" lon="6.63221">
        <ele>2186.2</ele>
      </trkpt>
      <trkpt lat="44.590057" lon="6.632343">
        <ele>2187.1</ele>
      </trkpt>
      <trkpt lat="44.59008" lon="6.632415">
        <ele>2187.4</ele>
      </trkpt>
      <trkpt lat="44.590078" lon="6.632604">
        <ele>2188.3</ele>
      </trkpt>
      <trkpt lat="44.590003" lon="6.632858">
        <ele>2189.5</ele>
      </trkpt>
      <trkpt lat="44.589938" lon="6.632981">
        <ele>2190.4</ele>
      </trkpt>
      <trkpt lat="44.589826" lon="6.633091">
        <ele>2191.7</ele>
      </trkpt>
      <trkpt lat="44.589737" lon="6.633102">
        <ele>2192.6</ele>
      </trkpt>
      <trkpt lat="44.589706" lon="6.633063">
        <ele>2193.0</ele>
      </trkpt>
      <trkpt lat="44.589693" lon="6.632983">
        <ele>2193.6</ele>
      </trkpt>
      <trkpt lat="44.589735" lon="6.632696">
        <ele>2195.6</ele>
      </trkpt>
      <trkpt lat="44.589725" lon="6.632605">
        <ele>2196.2</ele>
      </trkpt>
      <trkpt lat="44.589632" lon="6.63233">
        <ele>2198.3</ele>
      </trkpt>
      <trkpt lat="44.589625" lon="6.632238">
        <ele>2198.9</ele>
      </trkpt>
      <trkpt lat="44.589653" lon="6.631897">
        <ele>2201.3</ele>
      </trkpt>
      <trkpt lat="44.589644" lon="6.631778">
        <ele>2202.1</ele>
      </trkpt>
      <trkpt lat="44.589562" lon="6.631693">
        <ele>2203.1</ele>
      </trkpt>
      <trkpt lat="44.589465" lon="6.631731">
        <ele>2204.1</ele>
      </trkpt>
      <trkpt lat="44.589437" lon="6.631779">
        <ele>2204.5</ele>
      </trkpt>
      <trkpt lat="44.589378" lon="6.632212">
        <ele>2207.6</ele>
      </trkpt>
      <trkpt lat="44.589378" lon="6.632212">
        <ele>2207.6</ele>
      </trkpt>
      <trkpt lat="44.589227" lon="6.632482">
        <ele>2210.5</ele>
      </trkpt>
      <trkpt lat="44.589239" lon="6.632805">
        <ele>2213.2</ele>
      </trkpt>
      <trkpt lat="44.589205" lon="6.632962">
        <ele>2214.6</ele>
      </trkpt>
      <trkpt lat="44.588979" lon="6.633567">
        <ele>2220.3</ele>
      </trkpt>
      <trkpt lat="44.588844" lon="6.633744">
        <ele>2222.5</ele>
      </trkpt>
      <trkpt lat="44.588565" lon="6.63396">
        <ele>2226.3</ele>
      </trkpt>
      <trkpt lat="44.588504" lon="6.634059">
        <ele>2227.4</ele>
      </trkpt>
      <trkpt lat="44.588255" lon="6.634601">
        <ele>2231.9</ele>
      </trkpt>
      <trkpt lat="44.588071" lon="6.635085">
        <ele>2235.6</ele>
      </trkpt>
      <trkpt lat="44.588042" lon="6.635246">
        <ele>2236.8</ele>
      </trkpt>
      <trkpt lat="44.588066" lon="6.635318">
        <ele>2237.3</ele>
      </trkpt>
      <trkpt lat="44.588216" lon="6.635491">
        <ele>2239.1</ele>
      </trkpt>
      <trkpt lat="44.588243" lon="6.635571">
        <ele>2239.7</ele>
      </trkpt>
      <trkpt lat="44.588231" lon="6.635844">
        <ele>2241.6</ele>
      </trkpt>
      <trkpt lat="44.588327" lon="6.636012">
        <ele>2243.0</ele>
      </trkpt>
      <trkpt lat="44.588352" lon="6.636112">
        <ele>2243.8</ele>
      </trkpt>
      <trkpt lat="44.588339" lon="6.636174">
        <ele>2244.2</ele>
      </trkpt>
      <trkpt lat="44.58817" lon="6.636346">
        <ele>2246.0</ele>
      </trkpt>
      <trkpt lat="44.588013" lon="6.636639">
        <ele>2248.0</ele>
      </trkpt>
      <trkpt lat="44.587833" lon="6.63685">
        <ele>2249.8</ele>
      </trkpt>
      <trkpt lat="44.587535" lon="6.637373">
        <ele>2253.4</ele>
      </trkpt>
      <trkpt lat="44.587489" lon="6.637416">
        <ele>2253.8</ele>
      </trkpt>
      <trkpt lat="44.587291" lon="6.63746">
        <ele>2255.3</ele>
      </trkpt>
      <trkpt lat="44.587166" lon="6.637523">
        <ele>2256.3</ele>
      </trkpt>
      <trkpt lat="44.5869" lon="6.637836">
        <ele>2258.9</ele>
      </trkpt>
      <trkpt lat="44.586855" lon="6.637999">
        <ele>2259.5</ele>
      </trkpt>
      <trkpt lat="44.586858" lon="6.63808">
        <ele>2259.7</ele>
      </trkpt>
      <trkpt lat="44.586914" lon="6.638227">
        <ele>2260.2</ele>
      </trkpt>
      <trkpt lat="44.587084" lon="6.638501">
        <ele>2261.3</ele>
      </trkpt>
      <trkpt lat="44.587204" lon="6.639018">
        <ele>2263.0</ele>
      </trkpt>
      <trkpt lat="44.587353" lon="6.639332">
        <ele>2264.1</ele>
      </trkpt>
      <trkpt lat="44.587536" lon="6.639645">
        <ele>2265.4</ele>
      </trkpt>
      <trkpt lat="44.587714" lon="6.640075">
        <ele>2266.7</ele>
      </trkpt>
      <trkpt lat="44.587745" lon="6.640229">
        <ele>2266.7</ele>
      </trkpt>
      <trkpt lat="44.587733" lon="6.640378">
        <ele>2266.7</ele>
      </trkpt>
      <trkpt lat="44.587403" lon="6.641026">
        <ele>2266.9</ele>
      </trkpt>
      <trkpt lat="44.587341" lon="6.641202">
        <ele>2266.9</ele>
      </trkpt>
      <trkpt lat="44.587217" lon="6.641447">
        <ele>2266.9</ele>
      </trkpt>
      <trkpt lat="44.587249" lon="6.641541">
        <ele>2266.9</ele>
      </trkpt>
      <trkpt lat="44.587314" lon="6.641565">
        <ele>2267.0</ele>
      </trkpt>
      <trkpt lat="44.587671" lon="6.641647">
        <ele>2267.0</ele>
      </trkpt>
      <trkpt lat="44.588022" lon="6.64152">
        <ele>2267.4</ele>
      </trkpt>
      <trkpt lat="44.588157" lon="6.641561">
        <ele>2267.6</ele>
      </trkpt>
      <trkpt lat="44.58829" lon="6.641646">
        <ele>2267.8</ele>
      </trkpt>
      <trkpt lat="44.58843" lon="6.641728">
        <ele>2268.0</ele>
      </trkpt>
      <trkpt lat="44.588721" lon="6.641819">
        <ele>2268.3</ele>
      </trkpt>
      <trkpt lat="44.588776" lon="6.641801">
        <ele>2268.4</ele>
      </trkpt>
      <trkpt lat="44.588829" lon="6.641701">
        <ele>2268.5</ele>
      </trkpt>
      <trkpt lat="44.588897" lon="6.641304">
        <ele>2268.9</ele>
      </trkpt>
      <trkpt lat="44.588937" lon="6.641214">
        <ele>2269.0</ele>
      </trkpt>
      <trkpt lat="44.589051" lon="6.641121">
        <ele>2269.2</ele>
      </trkpt>
      <trkpt lat="44.58927" lon="6.641186">
        <ele>2269.7</ele>
      </trkpt>
      <trkpt lat="44.589351" lon="6.641176">
        <ele>2270.0</ele>
      </trkpt>
      <trkpt lat="44.589596" lon="6.641074">
        <ele>2271.1</ele>
      </trkpt>
      <trkpt lat="44.590028" lon="6.640806">
        <ele>2273.1</ele>
      </trkpt>
      <trkpt lat="44.590209" lon="6.640773">
        <ele>2273.9</ele>
      </trkpt>
      <trkpt lat="44.590462" lon="6.640816">
        <ele>2275.0</ele>
      </trkpt>
      <trkpt lat="44.590947" lon="6.640698">
        <ele>2277.1</ele>
      </trkpt>
      <trkpt lat="44.591064" lon="6.640575">
        <ele>2278.1</ele>
      </trkpt>
      <trkpt lat="44.59113" lon="6.640227">
        <ele>2280.0</ele>
      </trkpt>
      <trkpt lat="44.591339" lon="6.640016">
        <ele>2281.8</ele>
      </trkpt>
      <trkpt lat="44.591435" lon="6.639849">
        <ele>2282.9</ele>
      </trkpt>
      <trkpt lat="44.591715" lon="6.639468">
        <ele>2285.7</ele>
      </trkpt>
      <trkpt lat="44.591776" lon="6.639425">
        <ele>2286.2</ele>
      </trkpt>
      <trkpt lat="44.591884" lon="6.639432">
        <ele>2287.0</ele>
      </trkpt>
      <trkpt lat="44.59194" lon="6.639465">
        <ele>2287.5</ele>
      </trkpt>
      <trkpt lat="44.592053" lon="6.639621">
        <ele>2288.6</ele>
      </trkpt>
      <trkpt lat="44.592129" lon="6.639657">
        <ele>2289.2</ele>
      </trkpt>
      <trkpt lat="44.59218" lon="6.639642">
        <ele>2289.6</ele>
      </trkpt>
      <trkpt lat="44.592307" lon="6.639554">
        <ele>2290.9</ele>
      </trkpt>
      <trkpt lat="44.592531" lon="6.639242">
        <ele>2294.3</ele>
      </trkpt>
      <trkpt lat="44.592683" lon="6.639112">
        <ele>2296.2</ele>
      </trkpt>
      <trkpt lat="44.592751" lon="6.639112">
        <ele>2296.9</ele>
      </trkpt>
      <trkpt lat="44.592842" lon="6.63922">
        <ele>2298.2</ele>
      </trkpt>
      <trkpt lat="44.592862" lon="6.639432">
        <ele>2299.9</ele>
      </trkpt>
      <trkpt lat="44.592841" lon="6.639544">
        <ele>2300.7</ele>
      </trkpt>
      <trkpt lat="44.592795" lon="6.639623">
        <ele>2301.5</ele>
      </trkpt>
      <trkpt lat="44.592649" lon="6.639749">
        <ele>2303.4</ele>
      </trkpt>
      <trkpt lat="44.59264" lon="6.639961">
        <ele>2305.0</ele>
      </trkpt>
      <trkpt lat="44.592672" lon="6.640093">
        <ele>2306.1</ele>
      </trkpt>
      <trkpt lat="44.592803" lon="6.640275">
        <ele>2308.1</ele>
      </trkpt>
      <trkpt lat="44.593129" lon="6.640451">
        <ele>2311.6</ele>
      </trkpt>
      <trkpt lat="44.593217" lon="6.640471">
        <ele>2312.5</ele>
      </trkpt>
      <trkpt lat="44.593372" lon="6.640403">
        <ele>2314.1</ele>
      </trkpt>
      <trkpt lat="44.593559" lon="6.64005">
        <ele>2317.1</ele>
      </trkpt>
      <trkpt lat="44.593671" lon="6.639921">
        <ele>2318.5</ele>
      </trkpt>
      <trkpt lat="44.594017" lon="6.639939">
        <ele>2321.9</ele>
      </trkpt>
      <trkpt lat="44.594471" lon="6.63983">
        <ele>2326.4</ele>
      </trkpt>
      <trkpt lat="44.594534" lon="6.639747">
        <ele>2327.2</ele>
      </trkpt>
      <trkpt lat="44.594763" lon="6.639283">
        <ele>2331.1</ele>
      </trkpt>
      <trkpt lat="44.594824" lon="6.6392">
        <ele>2331.9</ele>
      </trkpt>
      <trkpt lat="44.594904" lon="6.639165">
        <ele>2332.7</ele>
      </trkpt>
      <trkpt lat="44.595183" lon="6.639121">
        <ele>2335.4</ele>
      </trkpt>
      <trkpt lat="44.595596" lon="6.63899">
        <ele>2339.5</ele>
      </trkpt>
      <trkpt lat="44.595646" lon="6.638996">
        <ele>2340.0</ele>
      </trkpt>
      <trkpt lat="44.59568" lon="6.639072">
        <ele>2340.6</ele>
      </trkpt>
      <trkpt lat="44.595653" lon="6.639146">
        <ele>2341.2</ele>
      </trkpt>
      <trkpt lat="44.595245" lon="6.639462">
        <ele>2345.8</ele>
      </trkpt>
      <trkpt lat="44.595243" lon="6.639584">
        <ele>2346.6</ele>
      </trkpt>
      <trkpt lat="44.595266" lon="6.639611">
        <ele>2347.0</ele>
      </trkpt>
      <trkpt lat="44.595315" lon="6.639605">
        <ele>2347.5</ele>
      </trkpt>
      <trkpt lat="44.596006" lon="6.639296">
        <ele>2354.9</ele>
      </trkpt>
      <trkpt lat="44.596135" lon="6.639175">
        <ele>2356.5</ele>
      </trkpt>
      <trkpt lat="44.596624" lon="6.638408">
        <ele>2363.7</ele>
      </trkpt>
      <trkpt lat="44.596818" lon="6.638004">
        <ele>2366.5</ele>
      </trkpt>
      <trkpt lat="44.59699" lon="6.63776">
        <ele>2368.4</ele>
      </trkpt>
      <trkpt lat="44.597432" lon="6.637534">
        <ele>2372.1</ele>
      </trkpt>
      <trkpt lat="44.597609" lon="6.63735">
        <ele>2373.9</ele>
      </trkpt>
      <trkpt lat="44.597745" lon="6.63725">
        <ele>2375.1</ele>
      </trkpt>
      <trkpt lat="44.597981" lon="6.637205">
        <ele>2376.9</ele>
      </trkpt>
      <trkpt lat="44.598186" lon="6.63722">
        <ele>2377.3</ele>
      </trkpt>
      <trkpt lat="44.598231" lon="6.63718">
        <ele>2377.3</ele>
      </trkpt>
      <trkpt lat="44.598266" lon="6.637099">
        <ele>2377.4</ele>
      </trkpt>
      <trkpt lat="44.598373" lon="6.636285">
        <ele>2378.3</ele>
      </trkpt>
      <trkpt lat="44.598419" lon="6.636205">
        <ele>2378.5</ele>
      </trkpt>
      <trkpt lat="44.598692" lon="6.635883">
        <ele>2379.0</ele>
      </trkpt>
      <trkpt lat="44.599134" lon="6.635709">
        <ele>2379.7</ele>
      </trkpt>
      <trkpt lat="44.599326" lon="6.635271">
        <ele>2378.2</ele>
      </trkpt>
      <trkpt lat="44.599396" lon="6.635195">
        <ele>2377.9</ele>
      </trkpt>
      <trkpt lat="44.599972" lon="6.634921">
        <ele>2375.5</ele>
      </trkpt>
      <trkpt lat="44.600324" lon="6.634405">
        <ele>2373.5</ele>
      </trkpt>
      <trkpt lat="44.600378" lon="6.634307">
        <ele>2373.2</ele>
      </trkpt>
      <trkpt lat="44.600453" lon="6.634063">
        <ele>2372.5</ele>
      </trkpt>
      <trkpt lat="44.600501" lon="6.633975">
        <ele>2372.3</ele>
      </trkpt>
      <trkpt lat="44.600835" lon="6.6336">
        <ele>2371.4</ele>
      </trkpt>
      <trkpt lat="44.600897" lon="6.633497">
        <ele>2371.1</ele>
      </trkpt>
      <trkpt lat="44.600929" lon="6.633289">
        <ele>2370.8</ele>
      </trkpt>
      <trkpt lat="44.600859" lon="6.633109">
        <ele>2370.5</ele>
      </trkpt>
      <trkpt lat="44.600647" lon="6.63281">
        <ele>2369.8</ele>
      </trkpt>
      <trkpt lat="44.600607" lon="6.632678">
        <ele>2369.6</ele>
      </trkpt>
      <trkpt lat="44.600595" lon="6.632498">
        <ele>2369.3</ele>
      </trkpt>
      <trkpt lat="44.600524" lon="6.632214">
        <ele>2368.8</ele>
      </trkpt>
      <trkpt lat="44.600558" lon="6.631941">
        <ele>2367.7</ele>
      </trkpt>
      <trkpt lat="44.600555" lon="6.631771">
        <ele>2366.6</ele>
      </trkpt>
      <trkpt lat="44.600426" lon="6.631326">
        <ele>2363.6</ele>
      </trkpt>
      <trkpt lat="44.600456" lon="6.631044">
        <ele>2361.8</ele>
      </trkpt>
      <trkpt lat="44.600577" lon="6.630721">
        <ele>2359.5</ele>
      </trkpt>
      <trkpt lat="44.600811" lon="6.630367">
        <ele>2356.4</ele>
      </trkpt>
      <trkpt lat="44.600916" lon="6.630264">
        <ele>2355.3</ele>
      </trkpt>
      <trkpt lat="44.601171" lon="6.630088">
        <ele>2352.8</ele>
      </trkpt>
      <trkpt lat="44.601503" lon="6.629742">
        <ele>2347.8</ele>
      </trkpt>
      <trkpt lat="44.601576" lon="6.629609">
        <ele>2346.4</ele>
      </trkpt>
      <trkpt lat="44.6017" lon="6.629218">
        <ele>2342.7</ele>
      </trkpt>
      <trkpt lat="44.601698" lon="6.628866">
        <ele>2339.6</ele>
      </trkpt>
      <trkpt lat="44.601722" lon="6.628713">
        <ele>2338.3</ele>
      </trkpt>
      <trkpt lat="44.60198" lon="6.628106">
        <ele>2332.2</ele>
      </trkpt>
      <trkpt lat="44.602056" lon="6.628013">
        <ele>2331.0</ele>
      </trkpt>
      <trkpt lat="44.602185" lon="6.627928">
        <ele>2329.0</ele>
      </trkpt>
      <trkpt lat="44.603071" lon="6.627477">
        <ele>2315.9</ele>
      </trkpt>
      <trkpt lat="44.603211" lon="6.627355">
        <ele>2313.6</ele>
      </trkpt>
      <trkpt lat="44.603803" lon="6.626041">
        <ele>2298.5</ele>
      </trkpt>
      <trkpt lat="44.603843" lon="6.625964">
        <ele>2297.6</ele>
      </trkpt>
      <trkpt lat="44.603902" lon="6.625932">
        <ele>2296.7</ele>
      </trkpt>
      <trkpt lat="44.604003" lon="6.625991">
        <ele>2295.3</ele>
      </trkpt>
      <trkpt lat="44.604079" lon="6.626263">
        <ele>2292.5</ele>
      </trkpt>
      <trkpt lat="44.604174" lon="6.626342">
        <ele>2291.1</ele>
      </trkpt>
      <trkpt lat="44.604592" lon="6.626439">
        <ele>2285.4</ele>
      </trkpt>
      <trkpt lat="44.605039" lon="6.626498">
        <ele>2280.1</ele>
      </trkpt>
      <trkpt lat="44.605296" lon="6.626607">
        <ele>2277.5</ele>
      </trkpt>
      <trkpt lat="44.605578" lon="6.626833">
        <ele>2274.3</ele>
      </trkpt>
      <trkpt lat="44.605677" lon="6.626869">
        <ele>2273.3</ele>
      </trkpt>
      <trkpt lat="44.605777" lon="6.627044">
        <ele>2271.7</ele>
      </trkpt>
      <trkpt lat="44.605775" lon="6.627199">
        <ele>2270.7</ele>
      </trkpt>
      <trkpt lat="44.605728" lon="6.62736">
        <ele>2269.4</ele>
      </trkpt>
      <trkpt lat="44.60565" lon="6.627486">
        <ele>2268.3</ele>
      </trkpt>
      <trkpt lat="44.60539" lon="6.627718">
        <ele>2265.3</ele>
      </trkpt>
      <trkpt lat="44.60527" lon="6.62791">
        <ele>2263.6</ele>
      </trkpt>
      <trkpt lat="44.605256" lon="6.628031">
        <ele>2262.8</ele>
      </trkpt>
      <trkpt lat="44.605281" lon="6.628151">
        <ele>2262.0</ele>
      </trkpt>
      <trkpt lat="44.605547" lon="6.628498">
        <ele>2258.7</ele>
      </trkpt>
      <trkpt lat="44.605575" lon="6.62865">
        <ele>2257.7</ele>
      </trkpt>
      <trkpt lat="44.605535" lon="6.628791">
        <ele>2256.7</ele>
      </trkpt>
      <trkpt lat="44.605489" lon="6.62885">
        <ele>2256.2</ele>
      </trkpt>
      <trkpt lat="44.605466" lon="6.628867">
        <ele>2255.9</ele>
      </trkpt>
      <trkpt lat="44.605168" lon="6.629078">
        <ele>2252.9</ele>
      </trkpt>
      <trkpt lat="44.605147" lon="6.62926">
        <ele>2251.7</ele>
      </trkpt>
      <trkpt lat="44.605214" lon="6.629322">
        <ele>2251.0</ele>
      </trkpt>
      <trkpt lat="44.605314" lon="6.629314">
        <ele>2250.1</ele>
      </trkpt>
      <trkpt lat="44.605794" lon="6.629116">
        <ele>2245.4</ele>
      </trkpt>
      <trkpt lat="44.605909" lon="6.628983">
        <ele>2244.0</ele>
      </trkpt>
      <trkpt lat="44.60603" lon="6.628673">
        <ele>2241.6</ele>
      </trkpt>
      <trkpt lat="44.606101" lon="6.628655">
        <ele>2240.9</ele>
      </trkpt>
      <trkpt lat="44.60612" lon="6.628776">
        <ele>2240.1</ele>
      </trkpt>
      <trkpt lat="44.606018" lon="6.629179">
        <ele>2237.2</ele>
      </trkpt>
      <trkpt lat="44.60599" lon="6.629293">
        <ele>2236.3</ele>
      </trkpt>
      <trkpt lat="44.605857" lon="6.629526">
        <ele>2234.3</ele>
      </trkpt>
      <trkpt lat="44.605608" lon="6.629853">
        <ele>2231.0</ele>
      </trkpt>
      <trkpt lat="44.605556" lon="6.630022">
        <ele>2229.7</ele>
      </trkpt>
      <trkpt lat="44.605586" lon="6.630116">
        <ele>2228.9</ele>
      </trkpt>
      <trkpt lat="44.605691" lon="6.630144">
        <ele>2227.8</ele>
      </trkpt>
      <trkpt lat="44.606119" lon="6.630044">
        <ele>2223.4</ele>
      </trkpt>
      <trkpt lat="44.606488" lon="6.629781">
        <ele>2219.1</ele>
      </trkpt>
      <trkpt lat="44.606899" lon="6.62965">
        <ele>2214.8</ele>
      </trkpt>
      <trkpt lat="44.607099" lon="6.629553">
        <ele>2212.6</ele>
      </trkpt>
      <trkpt lat="44.607257" lon="6.629371">
        <ele>2210.3</ele>
      </trkpt>
      <trkpt lat="44.607608" lon="6.629108">
        <ele>2205.9</ele>
      </trkpt>
      <trkpt lat="44.607656" lon="6.629019">
        <ele>2205.0</ele>
      </trkpt>
      <trkpt lat="44.607805" lon="6.628405">
        <ele>2199.8</ele>
      </trkpt>
      <trkpt lat="44.607914" lon="6.62822">
        <ele>2197.9</ele>
      </trkpt>
      <trkpt lat="44.608017" lon="6.628119">
        <ele>2196.5</ele>
      </trkpt>
      <trkpt lat="44.608261" lon="6.627932">
        <ele>2193.4</ele>
      </trkpt>
      <trkpt lat="44.608378" lon="6.627743">
        <ele>2191.4</ele>
      </trkpt>
      <trkpt lat="44.608405" lon="6.627561">
        <ele>2189.8</ele>
      </trkpt>
      <trkpt lat="44.608376" lon="6.627269">
        <ele>2187.4</ele>
      </trkpt>
      <trkpt lat="44.60832" lon="6.626994">
        <ele>2185.0</ele>
      </trkpt>
      <trkpt lat="44.608324" lon="6.626888">
        <ele>2184.1</ele>
      </trkpt>
      <trkpt lat="44.608401" lon="6.626639">
        <ele>2181.9</ele>
      </trkpt>
      <trkpt lat="44.608597" lon="6.626261">
        <ele>2178.0</ele>
      </trkpt>
      <trkpt lat="44.60863" lon="6.626123">
        <ele>2176.8</ele>
      </trkpt>
      <trkpt lat="44.608613" lon="6.626018">
        <ele>2175.9</ele>
      </trkpt>
      <trkpt lat="44.608496" lon="6.625762">
        <ele>2173.3</ele>
      </trkpt>
      <trkpt lat="44.608429" lon="6.625535">
        <ele>2171.3</ele>
      </trkpt>
      <trkpt lat="44.608407" lon="6.625223">
        <ele>2169.3</ele>
      </trkpt>
      <trkpt lat="44.608358" lon="6.624941">
        <ele>2167.5</ele>
      </trkpt>
      <trkpt lat="44.608376" lon="6.624799">
        <ele>2166.6</ele>
      </trkpt>
      <trkpt lat="44.608425" lon="6.624732">
        <ele>2166.1</ele>
      </trkpt>
      <trkpt lat="44.608506" lon="6.624728">
        <ele>2165.4</ele>
      </trkpt>
      <trkpt lat="44.608541" lon="6.624756">
        <ele>2165.0</ele>
      </trkpt>
      <trkpt lat="44.608652" lon="6.625103">
        <ele>2162.7</ele>
      </trkpt>
      <trkpt lat="44.608876" lon="6.62526">
        <ele>2160.5</ele>
      </trkpt>
      <trkpt lat="44.609006" lon="6.625236">
        <ele>2159.3</ele>
      </trkpt>
      <trkpt lat="44.609082" lon="6.625089">
        <ele>2158.2</ele>
      </trkpt>
      <trkpt lat="44.60909" lon="6.625001">
        <ele>2157.7</ele>
      </trkpt>
      <trkpt lat="44.609057" lon="6.624843">
        <ele>2156.7</ele>
      </trkpt>
      <trkpt lat="44.608778" lon="6.624495">
        <ele>2152.9</ele>
      </trkpt>
      <trkpt lat="44.608719" lon="6.624387">
        <ele>2151.9</ele>
      </trkpt>
      <trkpt lat="44.608714" lon="6.624287">
        <ele>2151.1</ele>
      </trkpt>
      <trkpt lat="44.608753" lon="6.624201">
        <ele>2150.4</ele>
      </trkpt>
      <trkpt lat="44.608967" lon="6.62391">
        <ele>2147.2</ele>
      </trkpt>
      <trkpt lat="44.609179" lon="6.623702">
        <ele>2144.4</ele>
      </trkpt>
      <trkpt lat="44.609269" lon="6.623668">
        <ele>2143.4</ele>
      </trkpt>
      <trkpt lat="44.609569" lon="6.623652">
        <ele>2140.2</ele>
      </trkpt>
      <trkpt lat="44.609668" lon="6.623714">
        <ele>2139.1</ele>
      </trkpt>
      <trkpt lat="44.610551" lon="6.624748">
        <ele>2126.7</ele>
      </trkpt>
      <trkpt lat="44.610658" lon="6.62482">
        <ele>2125.4</ele>
      </trkpt>
      <trkpt lat="44.611173" lon="6.624663">
        <ele>2119.7</ele>
      </trkpt>
      <trkpt lat="44.611335" lon="6.624649">
        <ele>2118.0</ele>
      </trkpt>
      <trkpt lat="44.611795" lon="6.62472">
        <ele>2114.2</ele>
      </trkpt>
      <trkpt lat="44.611866" lon="6.624706">
        <ele>2113.6</ele>
      </trkpt>
      <trkpt lat="44.61203" lon="6.624565">
        <ele>2112.1</ele>
      </trkpt>
      <trkpt lat="44.612308" lon="6.624185">
        <ele>2109.1</ele>
      </trkpt>
      <trkpt lat="44.612375" lon="6.624144">
        <ele>2108.6</ele>
      </trkpt>
      <trkpt lat="44.612512" lon="6.624121">
        <ele>2107.5</ele>
      </trkpt>
      <trkpt lat="44.612977" lon="6.624284">
        <ele>2103.8</ele>
      </trkpt>
      <trkpt lat="44.613128" lon="6.624274">
        <ele>2102.6</ele>
      </trkpt>
      <trkpt lat="44.613313" lon="6.624211">
        <ele>2101.0</ele>
      </trkpt>
      <trkpt lat="44.613438" lon="6.624221">
        <ele>2100.0</ele>
      </trkpt>
      <trkpt lat="44.613534" lon="6.62432">
        <ele>2099.0</ele>
      </trkpt>
      <trkpt lat="44.613717" lon="6.624673">
        <ele>2096.5</ele>
      </trkpt>
      <trkpt lat="44.613814" lon="6.624736">
        <ele>2095.6</ele>
      </trkpt>
      <trkpt lat="44.613947" lon="6.624744">
        <ele>2094.5</ele>
      </trkpt>
      <trkpt lat="44.614058" lon="6.624792">
        <ele>2093.6</ele>
      </trkpt>
      <trkpt lat="44.614238" lon="6.624871">
        <ele>2092.0</ele>
      </trkpt>
      <trkpt lat="44.614352" lon="6.62486">
        <ele>2091.1</ele>
      </trkpt>
      <trkpt lat="44.614463" lon="6.624783">
        <ele>2090.1</ele>
      </trkpt>
      <trkpt lat="44.614625" lon="6.624484">
        <ele>2087.8</ele>
      </trkpt>
      <trkpt lat="44.61472" lon="6.624032">
        <ele>2084.3</ele>
      </trkpt>
      <trkpt lat="44.614789" lon="6.623976">
        <ele>2083.4</ele>
      </trkpt>
      <trkpt lat="44.614867" lon="6.624014">
        <ele>2082.6</ele>
      </trkpt>
      <trkpt lat="44.61497" lon="6.624186">
        <ele>2080.9</ele>
      </trkpt>
      <trkpt lat="44.615049" lon="6.624264">
        <ele>2079.9</ele>
      </trkpt>
      <trkpt lat="44.615259" lon="6.624385">
        <ele>2077.5</ele>
      </trkpt>
      <trkpt lat="44.615561" lon="6.624443">
        <ele>2074.3</ele>
      </trkpt>
      <trkpt lat="44.615969" lon="6.624416">
        <ele>2070.1</ele>
      </trkpt>
      <trkpt lat="44.616279" lon="6.624356">
        <ele>2066.5</ele>
      </trkpt>
      <trkpt lat="44.616643" lon="6.624139">
        <ele>2062.0</ele>
      </trkpt>
      <trkpt lat="44.616807" lon="6.624096">
        <ele>2060.1</ele>
      </trkpt>
      <trkpt lat="44.616869" lon="6.624107">
        <ele>2059.4</ele>
      </trkpt>
      <trkpt lat="44.617136" lon="6.624409">
        <ele>2055.5</ele>
      </trkpt>
      <trkpt lat="44.617228" lon="6.624446">
        <ele>2054.4</ele>
      </trkpt>
      <trkpt lat="44.617393" lon="6.624433">
        <ele>2052.6</ele>
      </trkpt>
      <trkpt lat="44.617527" lon="6.624352">
        <ele>2050.9</ele>
      </trkpt>
      <trkpt lat="44.617649" lon="6.624223">
        <ele>2049.2</ele>
      </trkpt>
      <trkpt lat="44.617778" lon="6.624171">
        <ele>2048.2</ele>
      </trkpt>
      <trkpt lat="44.618219" lon="6.624346">
        <ele>2044.7</ele>
      </trkpt>
      <trkpt lat="44.618467" lon="6.624346">
        <ele>2042.8</ele>
      </trkpt>
      <trkpt lat="44.618762" lon="6.624196">
        <ele>2040.5</ele>
      </trkpt>
      <trkpt lat="44.619287" lon="6.623835">
        <ele>2036.1</ele>
      </trkpt>
      <trkpt lat="44.619384" lon="6.623812">
        <ele>2035.3</ele>
      </trkpt>
      <trkpt lat="44.619593" lon="6.623818">
        <ele>2033.6</ele>
      </trkpt>
      <trkpt lat="44.619692" lon="6.62386">
        <ele>2032.8</ele>
      </trkpt>
      <trkpt lat="44.619939" lon="6.624054">
        <ele>2030.5</ele>
      </trkpt>
      <trkpt lat="44.62005" lon="6.624109">
        <ele>2029.6</ele>
      </trkpt>
      <trkpt lat="44.620159" lon="6.624143">
        <ele>2028.7</ele>
      </trkpt>
      <trkpt lat="44.620278" lon="6.624127">
        <ele>2027.7</ele>
      </trkpt>
      <trkpt lat="44.620529" lon="6.623994">
        <ele>2025.6</ele>
      </trkpt>
      <trkpt lat="44.620651" lon="6.623894">
        <ele>2024.4</ele>
      </trkpt>
      <trkpt lat="44.621063" lon="6.623713">
        <ele>2020.9</ele>
      </trkpt>
      <trkpt lat="44.621373" lon="6.623543">
        <ele>2017.3</ele>
      </trkpt>
      <trkpt lat="44.621658" lon="6.623433">
        <ele>2014.2</ele>
      </trkpt>
      <trkpt lat="44.621984" lon="6.623228">
        <ele>2010.4</ele>
      </trkpt>
      <trkpt lat="44.622048" lon="6.623224">
        <ele>2009.7</ele>
      </trkpt>
      <trkpt lat="44.622065" lon="6.623286">
        <ele>2009.2</ele>
      </trkpt>
      <trkpt lat="44.622052" lon="6.623323">
        <ele>2008.8</ele>
      </trkpt>
      <trkpt lat="44.621738" lon="6.623795">
        <ele>2003.9</ele>
      </trkpt>
      <trkpt lat="44.621552" lon="6.624005">
        <ele>2001.3</ele>
      </trkpt>
      <trkpt lat="44.621356" lon="6.6243">
        <ele>1997.6</ele>
      </trkpt>
      <trkpt lat="44.621159" lon="6.624782">
        <ele>1992.5</ele>
      </trkpt>
      <trkpt lat="44.620966" lon="6.625088">
        <ele>1988.8</ele>
      </trkpt>
      <trkpt lat="44.620697" lon="6.625354">
        <ele>1984.5</ele>
      </trkpt>
      <trkpt lat="44.620643" lon="6.625441">
        <ele>1983.5</ele>
      </trkpt>
      <trkpt lat="44.620607" lon="6.625539">
        <ele>1982.5</ele>
      </trkpt>
      <trkpt lat="44.620586" lon="6.62585">
        <ele>1979.6</ele>
      </trkpt>
      <trkpt lat="44.620556" lon="6.625987">
        <ele>1978.4</ele>
      </trkpt>
      <trkpt lat="44.620498" lon="6.62612">
        <ele>1977.1</ele>
      </trkpt>
      <trkpt lat="44.619995" lon="6.626609">
        <ele>1970.0</ele>
      </trkpt>
      <trkpt lat="44.619454" lon="6.627057">
        <ele>1962.8</ele>
      </trkpt>
      <trkpt lat="44.619416" lon="6.627161">
        <ele>1961.9</ele>
      </trkpt>
      <trkpt lat="44.619371" lon="6.627492">
        <ele>1959.1</ele>
      </trkpt>
      <trkpt lat="44.619287" lon="6.627614">
        <ele>1957.8</ele>
      </trkpt>
      <trkpt lat="44.618927" lon="6.627825">
        <ele>1954.0</ele>
      </trkpt>
      <trkpt lat="44.618415" lon="6.628241">
        <ele>1948.3</ele>
      </trkpt>
      <trkpt lat="44.618256" lon="6.628307">
        <ele>1946.7</ele>
      </trkpt>
      <trkpt lat="44.618215" lon="6.628455">
        <ele>1945.6</ele>
      </trkpt>
      <trkpt lat="44.618243" lon="6.628536">
        <ele>1945.0</ele>
      </trkpt>
      <trkpt lat="44.618681" lon="6.628974">
        <ele>1939.7</ele>
      </trkpt>
      <trkpt lat="44.619023" lon="6.629251">
        <ele>1935.4</ele>
      </trkpt>
      <trkpt lat="44.619076" lon="6.629309">
        <ele>1934.6</ele>
      </trkpt>
      <trkpt lat="44.61911" lon="6.6294">
        <ele>1933.8</ele>
      </trkpt>
      <trkpt lat="44.61909" lon="6.629603">
        <ele>1932.2</ele>
      </trkpt>
      <trkpt lat="44.618861" lon="6.630114">
        <ele>1927.5</ele>
      </trkpt>
      <trkpt lat="44.618822" lon="6.630323">
        <ele>1925.8</ele>
      </trkpt>
      <trkpt lat="44.618856" lon="6.630804">
        <ele>1922.0</ele>
      </trkpt>
      <trkpt lat="44.619022" lon="6.631228">
        <ele>1918.4</ele>
      </trkpt>
      <trkpt lat="44.619471" lon="6.631628">
        <ele>1913.0</ele>
      </trkpt>
      <trkpt lat="44.61956" lon="6.631677">
        <ele>1912.1</ele>
      </trkpt>
      <trkpt lat="44.619862" lon="6.631707">
        <ele>1909.0</ele>
      </trkpt>
      <trkpt lat="44.620059" lon="6.631783">
        <ele>1906.9</ele>
      </trkpt>
      <trkpt lat="44.620112" lon="6.631773">
        <ele>1906.4</ele>
      </trkpt>
      <trkpt lat="44.620253" lon="6.631645">
        <ele>1904.7</ele>
      </trkpt>
      <trkpt lat="44.620398" lon="6.631469">
        <ele>1902.7</ele>
      </trkpt>
      <trkpt lat="44.620477" lon="6.631298">
        <ele>1901.3</ele>
      </trkpt>
      <trkpt lat="44.620568" lon="6.631196">
        <ele>1900.1</ele>
      </trkpt>
      <trkpt lat="44.620748" lon="6.631187">
        <ele>1898.3</ele>
      </trkpt>
      <trkpt lat="44.621092" lon="6.63124">
        <ele>1894.8</ele>
      </trkpt>
      <trkpt lat="44.621221" lon="6.631283">
        <ele>1893.5</ele>
      </trkpt>
      <trkpt lat="44.621401" lon="6.631429">
        <ele>1891.4</ele>
      </trkpt>
      <trkpt lat="44.621363" lon="6.631659">
        <ele>1889.7</ele>
      </trkpt>
      <trkpt lat="44.621379" lon="6.631809">
        <ele>1888.6</ele>
      </trkpt>
      <trkpt lat="44.621879" lon="6.631889">
        <ele>1883.9</ele>
      </trkpt>
      <trkpt lat="44.62197" lon="6.631904">
        <ele>1883.2</ele>
      </trkpt>
      <trkpt lat="44.622133" lon="6.631897">
        <ele>1881.9</ele>
      </trkpt>
      <trkpt lat="44.622482" lon="6.631861">
        <ele>1879.2</ele>
      </trkpt>
      <trkpt lat="44.622661" lon="6.631832">
        <ele>1877.8</ele>
      </trkpt>
      <trkpt lat="44.62271" lon="6.631857">
        <ele>1877.4</ele>
      </trkpt>
      <trkpt lat="44.622589" lon="6.632037">
        <ele>1876.0</ele>
      </trkpt>
      <trkpt lat="44.62242" lon="6.632227">
        <ele>1874.4</ele>
      </trkpt>
      <trkpt lat="44.622373" lon="6.632297">
        <ele>1873.8</ele>
      </trkpt>
      <trkpt lat="44.622322" lon="6.632373">
        <ele>1873.3</ele>
      </trkpt>
      <trkpt lat="44.622296" lon="6.632433">
        <ele>1872.9</ele>
      </trkpt>
      <trkpt lat="44.622186" lon="6.632684">
        <ele>1871.3</ele>
      </trkpt>
      <trkpt lat="44.622083" lon="6.632919">
        <ele>1870.3</ele>
      </trkpt>
      <trkpt lat="44.622052" lon="6.63299">
        <ele>1870.1</ele>
      </trkpt>
      <trkpt lat="44.622046" lon="6.633136">
        <ele>1869.6</ele>
      </trkpt>
      <trkpt lat="44.622104" lon="6.633311">
        <ele>1869.1</ele>
      </trkpt>
      <trkpt lat="44.622429" lon="6.633519">
        <ele>1867.7</ele>
      </trkpt>
      <trkpt lat="44.622602" lon="6.633409">
        <ele>1866.9</ele>
      </trkpt>
      <trkpt lat="44.622647" lon="6.633513">
        <ele>1866.6</ele>
      </trkpt>
      <trkpt lat="44.622749" lon="6.633629">
        <ele>1866.0</ele>
      </trkpt>
      <trkpt lat="44.622978" lon="6.63376">
        <ele>1865.0</ele>
      </trkpt>
      <trkpt lat="44.623239" lon="6.633889">
        <ele>1863.9</ele>
      </trkpt>
      <trkpt lat="44.623385" lon="6.634028">
        <ele>1863.5</ele>
      </trkpt>
      <trkpt lat="44.623449" lon="6.634146">
        <ele>1863.3</ele>
      </trkpt>
      <trkpt lat="44.623554" lon="6.634439">
        <ele>1863.0</ele>
      </trkpt>
      <trkpt lat="44.623634" lon="6.634759">
        <ele>1862.6</ele>
      </trkpt>
      <trkpt lat="44.623673" lon="6.635088">
        <ele>1862.2</ele>
      </trkpt>
      <trkpt lat="44.623681" lon="6.636008">
        <ele>1861.2</ele>
      </trkpt>
      <trkpt lat="44.623972" lon="6.636319">
        <ele>1859.7</ele>
      </trkpt>
      <trkpt lat="44.624084" lon="6.636612">
        <ele>1857.9</ele>
      </trkpt>
      <trkpt lat="44.624226" lon="6.636837">
        <ele>1856.3</ele>
      </trkpt>
      <trkpt lat="44.624292" lon="6.636833">
        <ele>1855.8</ele>
      </trkpt>
      <trkpt lat="44.624345" lon="6.636899">
        <ele>1855.2</ele>
      </trkpt>
      <trkpt lat="44.624352" lon="6.636872">
        <ele>1855.1</ele>
      </trkpt>
      <trkpt lat="44.62443" lon="6.636837">
        <ele>1854.4</ele>
      </trkpt>
      <trkpt lat="44.624501" lon="6.636856">
        <ele>1853.9</ele>
      </trkpt>
      <trkpt lat="44.624577" lon="6.636947">
        <ele>1853.1</ele>
      </trkpt>
      <trkpt lat="44.624936" lon="6.637623">
        <ele>1848.6</ele>
      </trkpt>
      <trkpt lat="44.625168" lon="6.638009">
        <ele>1845.2</ele>
      </trkpt>
      <trkpt lat="44.625223" lon="6.637899">
        <ele>1844.1</ele>
      </trkpt>
      <trkpt lat="44.625265" lon="6.637879">
        <ele>1843.6</ele>
      </trkpt>
      <trkpt lat="44.62537" lon="6.637935">
        <ele>1842.3</ele>
      </trkpt>
      <trkpt lat="44.625492" lon="6.638144">
        <ele>1840.1</ele>
      </trkpt>
      <trkpt lat="44.625608" lon="6.638556">
        <ele>1836.5</ele>
      </trkpt>
      <trkpt lat="44.625777" lon="6.639405">
        <ele>1829.3</ele>
      </trkpt>
      <trkpt lat="44.625824" lon="6.639505">
        <ele>1828.4</ele>
      </trkpt>
      <trkpt lat="44.62588" lon="6.63955">
        <ele>1827.6</ele>
      </trkpt>
      <trkpt lat="44.62596" lon="6.639519">
        <ele>1826.7</ele>
      </trkpt>
      <trkpt lat="44.625974" lon="6.639468">
        <ele>1826.2</ele>
      </trkpt>
      <trkpt lat="44.625941" lon="6.639112">
        <ele>1823.3</ele>
      </trkpt>
      <trkpt lat="44.625995" lon="6.638927">
        <ele>1821.7</ele>
      </trkpt>
      <trkpt lat="44.626088" lon="6.638878">
        <ele>1820.5</ele>
      </trkpt>
      <trkpt lat="44.626135" lon="6.638917">
        <ele>1819.9</ele>
      </trkpt>
      <trkpt lat="44.62616" lon="6.638996">
        <ele>1819.2</ele>
      </trkpt>
      <trkpt lat="44.626177" lon="6.639256">
        <ele>1817.1</ele>
      </trkpt>
      <trkpt lat="44.62634" lon="6.63969">
        <ele>1813.0</ele>
      </trkpt>
      <trkpt lat="44.626345" lon="6.639803">
        <ele>1812.1</ele>
      </trkpt>
      <trkpt lat="44.626322" lon="6.639877">
        <ele>1811.5</ele>
      </trkpt>
      <trkpt lat="44.626224" lon="6.640046">
        <ele>1809.7</ele>
      </trkpt>
      <trkpt lat="44.626102" lon="6.640141">
        <ele>1808.1</ele>
      </trkpt>
      <trkpt lat="44.62565" lon="6.640386">
        <ele>1804.5</ele>
      </trkpt>
      <trkpt lat="44.625481" lon="6.640542">
        <ele>1803.5</ele>
      </trkpt>
      <trkpt lat="44.625048" lon="6.641276">
        <ele>1800.1</ele>
      </trkpt>
      <trkpt lat="44.624859" lon="6.641665">
        <ele>1798.4</ele>
      </trkpt>
      <trkpt lat="44.624789" lon="6.641901">
        <ele>1797.5</ele>
      </trkpt>
      <trkpt lat="44.624691" lon="6.642544">
        <ele>1794.5</ele>
      </trkpt>
      <trkpt lat="44.624593" lon="6.642921">
        <ele>1792.5</ele>
      </trkpt>
      <trkpt lat="44.624553" lon="6.643333">
        <ele>1790.5</ele>
      </trkpt>
      <trkpt lat="44.624567" lon="6.643451">
        <ele>1789.9</ele>
      </trkpt>
      <trkpt lat="44.624613" lon="6.643577">
        <ele>1789.2</ele>
      </trkpt>
      <trkpt lat="44.624781" lon="6.643833">
        <ele>1787.5</ele>
      </trkpt>
      <trkpt lat="44.624822" lon="6.643978">
        <ele>1786.7</ele>
      </trkpt>
      <trkpt lat="44.624887" lon="6.644477">
        <ele>1784.1</ele>
      </trkpt>
      <trkpt lat="44.624983" lon="6.644644">
        <ele>1782.7</ele>
      </trkpt>
      <trkpt lat="44.625047" lon="6.644816">
        <ele>1781.4</ele>
      </trkpt>
      <trkpt lat="44.625" lon="6.645138">
        <ele>1779.3</ele>
      </trkpt>
      <trkpt lat="44.625011" lon="6.645245">
        <ele>1778.6</ele>
      </trkpt>
      <trkpt lat="44.625047" lon="6.645359">
        <ele>1777.7</ele>
      </trkpt>
      <trkpt lat="44.625215" lon="6.645636">
        <ele>1775.4</ele>
      </trkpt>
      <trkpt lat="44.625286" lon="6.645799">
        <ele>1774.1</ele>
      </trkpt>
      <trkpt lat="44.625485" lon="6.646492">
        <ele>1769.2</ele>
      </trkpt>
      <trkpt lat="44.625744" lon="6.647045">
        <ele>1763.8</ele>
      </trkpt>
      <trkpt lat="44.625832" lon="6.647184">
        <ele>1762.2</ele>
      </trkpt>
      <trkpt lat="44.626075" lon="6.647454">
        <ele>1758.5</ele>
      </trkpt>
      <trkpt lat="44.626687" lon="6.647961">
        <ele>1749.8</ele>
      </trkpt>
      <trkpt lat="44.626877" lon="6.648135">
        <ele>1747.1</ele>
      </trkpt>
      <trkpt lat="44.62695" lon="6.648253">
        <ele>1745.7</ele>
      </trkpt>
      <trkpt lat="44.627103" lon="6.648354">
        <ele>1743.7</ele>
      </trkpt>
      <trkpt lat="44.627199" lon="6.648362">
        <ele>1742.6</ele>
      </trkpt>
      <trkpt lat="44.627432" lon="6.648263">
        <ele>1739.7</ele>
      </trkpt>
      <trkpt lat="44.627498" lon="6.648127">
        <ele>1738.3</ele>
      </trkpt>
      <trkpt lat="44.627471" lon="6.647946">
        <ele>1736.7</ele>
      </trkpt>
      <trkpt lat="44.627196" lon="6.647691">
        <ele>1732.8</ele>
      </trkpt>
      <trkpt lat="44.62699" lon="6.647579">
        <ele>1730.2</ele>
      </trkpt>
      <trkpt lat="44.626956" lon="6.647517">
        <ele>1729.5</ele>
      </trkpt>
      <trkpt lat="44.62696" lon="6.647407">
        <ele>1728.6</ele>
      </trkpt>
      <trkpt lat="44.62699" lon="6.647349">
        <ele>1728.0</ele>
      </trkpt>
      <trkpt lat="44.627052" lon="6.647321">
        <ele>1727.2</ele>
      </trkpt>
      <trkpt lat="44.62749" lon="6.647341">
        <ele>1722.7</ele>
      </trkpt>
      <trkpt lat="44.62788" lon="6.647298">
        <ele>1719.3</ele>
      </trkpt>
      <trkpt lat="44.628137" lon="6.647218">
        <ele>1717.0</ele>
      </trkpt>
      <trkpt lat="44.628215" lon="6.647166">
        <ele>1716.2</ele>
      </trkpt>
      <trkpt lat="44.628215" lon="6.647045">
        <ele>1715.4</ele>
      </trkpt>
      <trkpt lat="44.628186" lon="6.646999">
        <ele>1715.1</ele>
      </trkpt>
      <trkpt lat="44.628134" lon="6.64697">
        <ele>1714.6</ele>
      </trkpt>
      <trkpt lat="44.627896" lon="6.647013">
        <ele>1712.5</ele>
      </trkpt>
      <trkpt lat="44.627848" lon="6.646998">
        <ele>1712.0</ele>
      </trkpt>
      <trkpt lat="44.627809" lon="6.64696">
        <ele>1711.6</ele>
      </trkpt>
      <trkpt lat="44.627783" lon="6.646832">
        <ele>1710.8</ele>
      </trkpt>
      <trkpt lat="44.627861" lon="6.646663">
        <ele>1709.5</ele>
      </trkpt>
      <trkpt lat="44.628304" lon="6.646053">
        <ele>1704.2</ele>
      </trkpt>
      <trkpt lat="44.628387" lon="6.646037">
        <ele>1703.5</ele>
      </trkpt>
      <trkpt lat="44.628431" lon="6.646063">
        <ele>1703.1</ele>
      </trkpt>
      <trkpt lat="44.628913" lon="6.647041">
        <ele>1695.9</ele>
      </trkpt>
      <trkpt lat="44.629246" lon="6.647423">
        <ele>1692.1</ele>
      </trkpt>
      <trkpt lat="44.62928" lon="6.647521">
        <ele>1691.3</ele>
      </trkpt>
      <trkpt lat="44.629278" lon="6.647698">
        <ele>1690.1</ele>
      </trkpt>
      <trkpt lat="44.629073" lon="6.648493">
        <ele>1684.5</ele>
      </trkpt>
      <trkpt lat="44.629067" lon="6.648657">
        <ele>1683.4</ele>
      </trkpt>
      <trkpt lat="44.629081" lon="6.648806">
        <ele>1682.4</ele>
      </trkpt>
      <trkpt lat="44.629237" lon="6.649231">
        <ele>1679.2</ele>
      </trkpt>
      <trkpt lat="44.629294" lon="6.649475">
        <ele>1677.5</ele>
      </trkpt>
      <trkpt lat="44.629329" lon="6.649531">
        <ele>1677.0</ele>
      </trkpt>
      <trkpt lat="44.629413" lon="6.64954">
        <ele>1676.0</ele>
      </trkpt>
      <trkpt lat="44.629507" lon="6.649417">
        <ele>1674.4</ele>
      </trkpt>
      <trkpt lat="44.62974" lon="6.648888">
        <ele>1669.0</ele>
      </trkpt>
      <trkpt lat="44.62985" lon="6.648573">
        <ele>1665.9</ele>
      </trkpt>
      <trkpt lat="44.629913" lon="6.648502">
        <ele>1664.9</ele>
      </trkpt>
      <trkpt lat="44.629958" lon="6.648508">
        <ele>1664.3</ele>
      </trkpt>
      <trkpt lat="44.63006" lon="6.648617">
        <ele>1662.8</ele>
      </trkpt>
      <trkpt lat="44.630158" lon="6.648967">
        <ele>1659.5</ele>
      </trkpt>
      <trkpt lat="44.630203" lon="6.649058">
        <ele>1658.5</ele>
      </trkpt>
      <trkpt lat="44.630309" lon="6.649126">
        <ele>1657.1</ele>
      </trkpt>
      <trkpt lat="44.630371" lon="6.64913">
        <ele>1656.3</ele>
      </trkpt>
      <trkpt lat="44.630696" lon="6.648943">
        <ele>1652.4</ele>
      </trkpt>
      <trkpt lat="44.631047" lon="6.648799">
        <ele>1648.7</ele>
      </trkpt>
      <trkpt lat="44.631115" lon="6.64868">
        <ele>1647.6</ele>
      </trkpt>
      <trkpt lat="44.631155" lon="6.648463">
        <ele>1645.9</ele>
      </trkpt>
      <trkpt lat="44.63118" lon="6.648425">
        <ele>1645.5</ele>
      </trkpt>
      <trkpt lat="44.631186" lon="6.648416">
        <ele>1645.5</ele>
      </trkpt>
      <trkpt lat="44.631281" lon="6.648405">
        <ele>1644.5</ele>
      </trkpt>
      <trkpt lat="44.631681" lon="6.648833">
        <ele>1639.3</ele>
      </trkpt>
      <trkpt lat="44.631845" lon="6.649172">
        <ele>1636.3</ele>
      </trkpt>
      <trkpt lat="44.631941" lon="6.649185">
        <ele>1635.5</ele>
      </trkpt>
      <trkpt lat="44.632027" lon="6.649102">
        <ele>1634.6</ele>
      </trkpt>
      <trkpt lat="44.63211" lon="6.648912">
        <ele>1633.3</ele>
      </trkpt>
      <trkpt lat="44.632106" lon="6.648692">
        <ele>1631.9</ele>
      </trkpt>
      <trkpt lat="44.631938" lon="6.648244">
        <ele>1628.9</ele>
      </trkpt>
      <trkpt lat="44.631805" lon="6.648082">
        <ele>1627.4</ele>
      </trkpt>
      <trkpt lat="44.631778" lon="6.648008">
        <ele>1626.9</ele>
      </trkpt>
      <trkpt lat="44.6318" lon="6.647902">
        <ele>1626.2</ele>
      </trkpt>
      <trkpt lat="44.63183" lon="6.647887">
        <ele>1625.9</ele>
      </trkpt>
      <trkpt lat="44.63191" lon="6.647922">
        <ele>1625.2</ele>
      </trkpt>
      <trkpt lat="44.63219" lon="6.648213">
        <ele>1622.3</ele>
      </trkpt>
      <trkpt lat="44.632371" lon="6.648471">
        <ele>1620.1</ele>
      </trkpt>
      <trkpt lat="44.632444" lon="6.648485">
        <ele>1619.4</ele>
      </trkpt>
      <trkpt lat="44.632467" lon="6.648445">
        <ele>1619.1</ele>
      </trkpt>
      <trkpt lat="44.632452" lon="6.648274">
        <ele>1618.0</ele>
      </trkpt>
      <trkpt lat="44.632244" lon="6.647791">
        <ele>1614.4</ele>
      </trkpt>
      <trkpt lat="44.632056" lon="6.647453">
        <ele>1611.6</ele>
      </trkpt>
      <trkpt lat="44.632011" lon="6.647332">
        <ele>1610.7</ele>
      </trkpt>
      <trkpt lat="44.632004" lon="6.64725">
        <ele>1610.2</ele>
      </trkpt>
      <trkpt lat="44.632026" lon="6.647202">
        <ele>1609.9</ele>
      </trkpt>
      <trkpt lat="44.632109" lon="6.647203">
        <ele>1609.1</ele>
      </trkpt>
      <trkpt lat="44.632164" lon="6.647277">
        <ele>1608.4</ele>
      </trkpt>
      <trkpt lat="44.632511" lon="6.647551">
        <ele>1604.9</ele>
      </trkpt>
      <trkpt lat="44.632752" lon="6.647873">
        <ele>1602.1</ele>
      </trkpt>
      <trkpt lat="44.632802" lon="6.647879">
        <ele>1601.7</ele>
      </trkpt>
      <trkpt lat="44.632863" lon="6.647839">
        <ele>1601.2</ele>
      </trkpt>
      <trkpt lat="44.632867" lon="6.647732">
        <ele>1600.5</ele>
      </trkpt>
      <trkpt lat="44.632837" lon="6.647665">
        <ele>1600.1</ele>
      </trkpt>
      <trkpt lat="44.632665" lon="6.647426">
        <ele>1598.1</ele>
      </trkpt>
      <trkpt lat="44.632453" lon="6.646956">
        <ele>1594.9</ele>
      </trkpt>
      <trkpt lat="44.632354" lon="6.646801">
        <ele>1593.6</ele>
      </trkpt>
      <trkpt lat="44.632181" lon="6.646581">
        <ele>1591.7</ele>
      </trkpt>
      <trkpt lat="44.631906" lon="6.646401">
        <ele>1589.1</ele>
      </trkpt>
      <trkpt lat="44.631772" lon="6.64627">
        <ele>1587.6</ele>
      </trkpt>
      <trkpt lat="44.631714" lon="6.646149">
        <ele>1586.6</ele>
      </trkpt>
      <trkpt lat="44.631683" lon="6.645888">
        <ele>1584.9</ele>
      </trkpt>
      <trkpt lat="44.631809" lon="6.645205">
        <ele>1580.2</ele>
      </trkpt>
      <trkpt lat="44.631874" lon="6.645146">
        <ele>1579.5</ele>
      </trkpt>
      <trkpt lat="44.631949" lon="6.645225">
        <ele>1578.6</ele>
      </trkpt>
      <trkpt lat="44.631962" lon="6.645432">
        <ele>1577.2</ele>
      </trkpt>
      <trkpt lat="44.632033" lon="6.645582">
        <ele>1576.0</ele>
      </trkpt>
      <trkpt lat="44.632157" lon="6.645622">
        <ele>1574.9</ele>
      </trkpt>
      <trkpt lat="44.632224" lon="6.64561">
        <ele>1574.2</ele>
      </trkpt>
      <trkpt lat="44.632389" lon="6.645503">
        <ele>1572.4</ele>
      </trkpt>
      <trkpt lat="44.632478" lon="6.645519">
        <ele>1571.5</ele>
      </trkpt>
      <trkpt lat="44.632543" lon="6.645613">
        <ele>1570.5</ele>
      </trkpt>
      <trkpt lat="44.632579" lon="6.645943">
        <ele>1567.9</ele>
      </trkpt>
      <trkpt lat="44.632615" lon="6.64602">
        <ele>1567.2</ele>
      </trkpt>
      <trkpt lat="44.632657" lon="6.646042">
        <ele>1566.8</ele>
      </trkpt>
      <trkpt lat="44.632743" lon="6.646">
        <ele>1565.8</ele>
      </trkpt>
      <trkpt lat="44.632754" lon="6.645949">
        <ele>1565.4</ele>
      </trkpt>
      <trkpt lat="44.632729" lon="6.645698">
        <ele>1563.5</ele>
      </trkpt>
      <trkpt lat="44.632759" lon="6.645531">
        <ele>1562.2</ele>
      </trkpt>
      <trkpt lat="44.633075" lon="6.645105">
        <ele>1557.5</ele>
      </trkpt>
      <trkpt lat="44.633092" lon="6.644895">
        <ele>1555.9</ele>
      </trkpt>
      <trkpt lat="44.633017" lon="6.644462">
        <ele>1552.7</ele>
      </trkpt>
      <trkpt lat="44.632995" lon="6.64408">
        <ele>1550.0</ele>
      </trkpt>
      <trkpt lat="44.632959" lon="6.643999">
        <ele>1549.4</ele>
      </trkpt>
      <trkpt lat="44.632889" lon="6.643944">
        <ele>1548.6</ele>
      </trkpt>
      <trkpt lat="44.632693" lon="6.643885">
        <ele>1546.7</ele>
      </trkpt>
      <trkpt lat="44.63266" lon="6.643837">
        <ele>1546.2</ele>
      </trkpt>
      <trkpt lat="44.632626" lon="6.643671">
        <ele>1545.0</ele>
      </trkpt>
      <trkpt lat="44.632645" lon="6.643601">
        <ele>1544.5</ele>
      </trkpt>
      <trkpt lat="44.632695" lon="6.643562">
        <ele>1544.0</ele>
      </trkpt>
      <trkpt lat="44.633459" lon="6.643246">
        <ele>1536.3</ele>
      </trkpt>
      <trkpt lat="44.633537" lon="6.643236">
        <ele>1535.7</ele>
      </trkpt>
      <trkpt lat="44.633675" lon="6.643281">
        <ele>1534.5</ele>
      </trkpt>
      <trkpt lat="44.633734" lon="6.643352">
        <ele>1533.9</ele>
      </trkpt>
      <trkpt lat="44.63378" lon="6.643439">
        <ele>1533.3</ele>
      </trkpt>
      <trkpt lat="44.633814" lon="6.643578">
        <ele>1532.4</ele>
      </trkpt>
      <trkpt lat="44.633887" lon="6.644175">
        <ele>1528.9</ele>
      </trkpt>
      <trkpt lat="44.633918" lon="6.644227">
        <ele>1528.5</ele>
      </trkpt>
      <trkpt lat="44.63407" lon="6.64429">
        <ele>1527.2</ele>
      </trkpt>
      <trkpt lat="44.634142" lon="6.644356">
        <ele>1526.5</ele>
      </trkpt>
      <trkpt lat="44.634147" lon="6.644489">
        <ele>1525.7</ele>
      </trkpt>
      <trkpt lat="44.633972" lon="6.645035">
        <ele>1522.2</ele>
      </trkpt>
      <trkpt lat="44.63395" lon="6.645186">
        <ele>1521.2</ele>
      </trkpt>
      <trkpt lat="44.633956" lon="6.645446">
        <ele>1519.6</ele>
      </trkpt>
      <trkpt lat="44.633988" lon="6.645547">
        <ele>1518.9</ele>
      </trkpt>
      <trkpt lat="44.634032" lon="6.645629">
        <ele>1518.2</ele>
      </trkpt>
      <trkpt lat="44.634092" lon="6.64567">
        <ele>1517.6</ele>
      </trkpt>
      <trkpt lat="44.63439" lon="6.645712">
        <ele>1514.9</ele>
      </trkpt>
      <trkpt lat="44.634573" lon="6.645799">
        <ele>1513.2</ele>
      </trkpt>
      <trkpt lat="44.634661" lon="6.645854">
        <ele>1512.3</ele>
      </trkpt>
      <trkpt lat="44.634828" lon="6.646067">
        <ele>1510.3</ele>
      </trkpt>
      <trkpt lat="44.634888" lon="6.64621">
        <ele>1509.2</ele>
      </trkpt>
      <trkpt lat="44.634928" lon="6.646391">
        <ele>1508.0</ele>
      </trkpt>
      <trkpt lat="44.635003" lon="6.647168">
        <ele>1502.4</ele>
      </trkpt>
      <trkpt lat="44.635111" lon="6.647435">
        <ele>1499.9</ele>
      </trkpt>
      <trkpt lat="44.635175" lon="6.647501">
        <ele>1499.1</ele>
      </trkpt>
      <trkpt lat="44.635264" lon="6.647534">
        <ele>1498.1</ele>
      </trkpt>
      <trkpt lat="44.63535" lon="6.647518">
        <ele>1497.1</ele>
      </trkpt>
      <trkpt lat="44.635492" lon="6.647411">
        <ele>1495.3</ele>
      </trkpt>
      <trkpt lat="44.635602" lon="6.647183">
        <ele>1493.2</ele>
      </trkpt>
      <trkpt lat="44.635705" lon="6.646824">
        <ele>1490.1</ele>
      </trkpt>
      <trkpt lat="44.635758" lon="6.646463">
        <ele>1487.2</ele>
      </trkpt>
      <trkpt lat="44.635759" lon="6.646289">
        <ele>1485.9</ele>
      </trkpt>
      <trkpt lat="44.635728" lon="6.646075">
        <ele>1484.1</ele>
      </trkpt>
      <trkpt lat="44.635736" lon="6.645982">
        <ele>1483.4</ele>
      </trkpt>
      <trkpt lat="44.635756" lon="6.645834">
        <ele>1482.2</ele>
      </trkpt>
      <trkpt lat="44.635811" lon="6.645669">
        <ele>1480.7</ele>
      </trkpt>
      <trkpt lat="44.635999" lon="6.645327">
        <ele>1477.3</ele>
      </trkpt>
      <trkpt lat="44.636112" lon="6.644907">
        <ele>1473.7</ele>
      </trkpt>
      <trkpt lat="44.63637" lon="6.644459">
        <ele>1469.1</ele>
      </trkpt>
      <trkpt lat="44.636535" lon="6.644047">
        <ele>1465.5</ele>
      </trkpt>
      <trkpt lat="44.636609" lon="6.643628">
        <ele>1463.2</ele>
      </trkpt>
      <trkpt lat="44.636618" lon="6.64314">
        <ele>1460.6</ele>
      </trkpt>
      <trkpt lat="44.636572" lon="6.643011">
        <ele>1459.9</ele>
      </trkpt>
      <trkpt lat="44.636471" lon="6.642882">
        <ele>1458.8</ele>
      </trkpt>
      <trkpt lat="44.636185" lon="6.642625">
        <ele>1456.3</ele>
      </trkpt>
      <trkpt lat="44.636101" lon="6.642485">
        <ele>1455.3</ele>
      </trkpt>
      <trkpt lat="44.636074" lon="6.642335">
        <ele>1454.5</ele>
      </trkpt>
      <trkpt lat="44.636074" lon="6.642204">
        <ele>1453.8</ele>
      </trkpt>
      <trkpt lat="44.636107" lon="6.642037">
        <ele>1452.8</ele>
      </trkpt>
      <trkpt lat="44.636258" lon="6.641729">
        <ele>1450.6</ele>
      </trkpt>
      <trkpt lat="44.636343" lon="6.641461">
        <ele>1448.8</ele>
      </trkpt>
      <trkpt lat="44.636347" lon="6.641241">
        <ele>1447.4</ele>
      </trkpt>
      <trkpt lat="44.636256" lon="6.641096">
        <ele>1446.2</ele>
      </trkpt>
      <trkpt lat="44.636072" lon="6.640964">
        <ele>1444.4</ele>
      </trkpt>
      <trkpt lat="44.635965" lon="6.640828">
        <ele>1443.1</ele>
      </trkpt>
      <trkpt lat="44.635738" lon="6.640361">
        <ele>1439.6</ele>
      </trkpt>
      <trkpt lat="44.635416" lon="6.640002">
        <ele>1435.9</ele>
      </trkpt>
      <trkpt lat="44.63536" lon="6.639875">
        <ele>1434.8</ele>
      </trkpt>
      <trkpt lat="44.63536" lon="6.639757">
        <ele>1433.9</ele>
      </trkpt>
      <trkpt lat="44.635389" lon="6.63969">
        <ele>1433.3</ele>
      </trkpt>
      <trkpt lat="44.635444" lon="6.639645">
        <ele>1432.7</ele>
      </trkpt>
      <trkpt lat="44.635517" lon="6.639661">
        <ele>1431.9</ele>
      </trkpt>
      <trkpt lat="44.635901" lon="6.639824">
        <ele>1427.8</ele>
      </trkpt>
      <trkpt lat="44.636179" lon="6.64006">
        <ele>1424.4</ele>
      </trkpt>
      <trkpt lat="44.636393" lon="6.640161">
        <ele>1422.1</ele>
      </trkpt>
      <trkpt lat="44.636621" lon="6.640203">
        <ele>1419.7</ele>
      </trkpt>
      <trkpt lat="44.636726" lon="6.640276">
        <ele>1418.5</ele>
      </trkpt>
      <trkpt lat="44.636954" lon="6.640617">
        <ele>1414.4</ele>
      </trkpt>
      <trkpt lat="44.637119" lon="6.640774">
        <ele>1411.9</ele>
      </trkpt>
      <trkpt lat="44.63735" lon="6.641246">
        <ele>1406.8</ele>
      </trkpt>
      <trkpt lat="44.637447" lon="6.641352">
        <ele>1405.2</ele>
      </trkpt>
      <trkpt lat="44.637582" lon="6.641477">
        <ele>1403.2</ele>
      </trkpt>
      <trkpt lat="44.638097" lon="6.641807">
        <ele>1396.1</ele>
      </trkpt>
      <trkpt lat="44.638376" lon="6.64208">
        <ele>1392.0</ele>
      </trkpt>
      <trkpt lat="44.638498" lon="6.642311">
        <ele>1389.6</ele>
      </trkpt>
      <trkpt lat="44.638693" lon="6.642622">
        <ele>1386.1</ele>
      </trkpt>
      <trkpt lat="44.638924" lon="6.642931">
        <ele>1382.3</ele>
      </trkpt>
      <trkpt lat="44.63917" lon="6.643352">
        <ele>1377.7</ele>
      </trkpt>
      <trkpt lat="44.639207" lon="6.643432">
        <ele>1376.9</ele>
      </trkpt>
      <trkpt lat="44.639227" lon="6.643639">
        <ele>1375.2</ele>
      </trkpt>
      <trkpt lat="44.639271" lon="6.643775">
        <ele>1373.9</ele>
      </trkpt>
      <trkpt lat="44.639536" lon="6.643928">
        <ele>1371.1</ele>
      </trkpt>
      <trkpt lat="44.639652" lon="6.644078">
        <ele>1369.6</ele>
      </trkpt>
      <trkpt lat="44.639742" lon="6.644131">
        <ele>1368.6</ele>
      </trkpt>
      <trkpt lat="44.639983" lon="6.64418">
        <ele>1366.2</ele>
      </trkpt>
      <trkpt lat="44.640023" lon="6.644223">
        <ele>1365.7</ele>
      </trkpt>
      <trkpt lat="44.640159" lon="6.644642">
        <ele>1362.5</ele>
      </trkpt>
      <trkpt lat="44.640278" lon="6.644831">
        <ele>1360.7</ele>
      </trkpt>
      <trkpt lat="44.640309" lon="6.644923">
        <ele>1360.0</ele>
      </trkpt>
      <trkpt lat="44.640314" lon="6.645411">
        <ele>1356.6</ele>
      </trkpt>
      <trkpt lat="44.640357" lon="6.645802">
        <ele>1353.0</ele>
      </trkpt>
      <trkpt lat="44.640446" lon="6.646019">
        <ele>1350.7</ele>
      </trkpt>
      <trkpt lat="44.64058" lon="6.646081">
        <ele>1348.9</ele>
      </trkpt>
      <trkpt lat="44.640918" lon="6.645919">
        <ele>1344.3</ele>
      </trkpt>
      <trkpt lat="44.641026" lon="6.645908">
        <ele>1342.9</ele>
      </trkpt>
      <trkpt lat="44.64113" lon="6.64599">
        <ele>1341.3</ele>
      </trkpt>
      <trkpt lat="44.641267" lon="6.646243">
        <ele>1338.4</ele>
      </trkpt>
      <trkpt lat="44.64144" lon="6.646415">
        <ele>1335.6</ele>
      </trkpt>
      <trkpt lat="44.641653" lon="6.646483">
        <ele>1332.7</ele>
      </trkpt>
      <trkpt lat="44.64188" lon="6.646615">
        <ele>1328.8</ele>
      </trkpt>
      <trkpt lat="44.64196" lon="6.64662">
        <ele>1327.6</ele>
      </trkpt>
      <trkpt lat="44.642017" lon="6.646578">
        <ele>1326.6</ele>
      </trkpt>
      <trkpt lat="44.642086" lon="6.646448">
        <ele>1324.7</ele>
      </trkpt>
      <trkpt lat="44.642084" lon="6.646286">
        <ele>1322.9</ele>
      </trkpt>
      <trkpt lat="44.642057" lon="6.646164">
        <ele>1321.5</ele>
      </trkpt>
      <trkpt lat="44.641907" lon="6.645771">
        <ele>1316.4</ele>
      </trkpt>
      <trkpt lat="44.6419" lon="6.645684">
        <ele>1315.5</ele>
      </trkpt>
      <trkpt lat="44.641912" lon="6.645591">
        <ele>1314.4</ele>
      </trkpt>
      <trkpt lat="44.642014" lon="6.645345">
        <ele>1311.2</ele>
      </trkpt>
      <trkpt lat="44.642135" lon="6.644905">
        <ele>1305.9</ele>
      </trkpt>
      <trkpt lat="44.642229" lon="6.64465">
        <ele>1303.6</ele>
      </trkpt>
      <trkpt lat="44.642296" lon="6.644567">
        <ele>1302.8</ele>
      </trkpt>
      <trkpt lat="44.642444" lon="6.64447">
        <ele>1301.4</ele>
      </trkpt>
      <trkpt lat="44.642569" lon="6.644408">
        <ele>1300.3</ele>
      </trkpt>
      <trkpt lat="44.642813" lon="6.644355">
        <ele>1298.1</ele>
      </trkpt>
      <trkpt lat="44.643154" lon="6.643879">
        <ele>1294.0</ele>
      </trkpt>
      <trkpt lat="44.643334" lon="6.643716">
        <ele>1292.2</ele>
      </trkpt>
      <trkpt lat="44.643327" lon="6.643651">
        <ele>1291.8</ele>
      </trkpt>
      <trkpt lat="44.64326" lon="6.643621">
        <ele>1291.2</ele>
      </trkpt>
      <trkpt lat="44.643194" lon="6.643661">
        <ele>1290.6</ele>
      </trkpt>
      <trkpt lat="44.642988" lon="6.643907">
        <ele>1288.8</ele>
      </trkpt>
      <trkpt lat="44.642756" lon="6.644058">
        <ele>1287.8</ele>
      </trkpt>
      <trkpt lat="44.642412" lon="6.643993">
        <ele>1286.5</ele>
      </trkpt>
      <trkpt lat="44.64206" lon="6.644014">
        <ele>1285.2</ele>
      </trkpt>
      <trkpt lat="44.642012" lon="6.643985">
        <ele>1285.0</ele>
      </trkpt>
      <trkpt lat="44.641837" lon="6.644003">
        <ele>1284.3</ele>
      </trkpt>
      <trkpt lat="44.641701" lon="6.643926">
        <ele>1283.8</ele>
      </trkpt>
      <trkpt lat="44.641634" lon="6.643793">
        <ele>1283.3</ele>
      </trkpt>
      <trkpt lat="44.641644" lon="6.643718">
        <ele>1283.1</ele>
      </trkpt>
      <trkpt lat="44.641678" lon="6.643672">
        <ele>1283.0</ele>
      </trkpt>
      <trkpt lat="44.641688" lon="6.6436">
        <ele>1282.8</ele>
      </trkpt>
      <trkpt lat="44.64177" lon="6.643466">
        <ele>1281.9</ele>
      </trkpt>
      <trkpt lat="44.641894" lon="6.643175">
        <ele>1278.6</ele>
      </trkpt>
      <trkpt lat="44.641945" lon="6.642957">
        <ele>1276.4</ele>
      </trkpt>
      <trkpt lat="44.641986" lon="6.642558">
        <ele>1272.5</ele>
      </trkpt>
      <trkpt lat="44.642096" lon="6.642175">
        <ele>1268.5</ele>
      </trkpt>
      <trkpt lat="44.642323" lon="6.641655">
        <ele>1262.6</ele>
      </trkpt>
      <trkpt lat="44.642464" lon="6.641532">
        <ele>1260.3</ele>
      </trkpt>
      <trkpt lat="44.642477" lon="6.641615">
        <ele>1259.5</ele>
      </trkpt>
      <trkpt lat="44.642452" lon="6.641846">
        <ele>1257.4</ele>
      </trkpt>
      <trkpt lat="44.642359" lon="6.64217">
        <ele>1254.9</ele>
      </trkpt>
      <trkpt lat="44.642382" lon="6.642408">
        <ele>1253.2</ele>
      </trkpt>
      <trkpt lat="44.642438" lon="6.642485">
        <ele>1252.4</ele>
      </trkpt>
      <trkpt lat="44.642507" lon="6.642501">
        <ele>1251.6</ele>
      </trkpt>
      <trkpt lat="44.642786" lon="6.642467">
        <ele>1248.8</ele>
      </trkpt>
      <trkpt lat="44.643323" lon="6.642303">
        <ele>1243.2</ele>
      </trkpt>
      <trkpt lat="44.643746" lon="6.642217">
        <ele>1238.6</ele>
      </trkpt>
      <trkpt lat="44.643924" lon="6.642178">
        <ele>1236.3</ele>
      </trkpt>
      <trkpt lat="44.644341" lon="6.642008">
        <ele>1230.7</ele>
      </trkpt>
      <trkpt lat="44.645296" lon="6.641494">
        <ele>1217.4</ele>
      </trkpt>
      <trkpt lat="44.645725" lon="6.641365">
        <ele>1214.4</ele>
      </trkpt>
      <trkpt lat="44.645919" lon="6.641365">
        <ele>1213.4</ele>
      </trkpt>
      <trkpt lat="44.646057" lon="6.641418">
        <ele>1212.6</ele>
      </trkpt>
      <trkpt lat="44.646109" lon="6.641482">
        <ele>1212.2</ele>
      </trkpt>
      <trkpt lat="44.64626" lon="6.642001">
        <ele>1210.0</ele>
      </trkpt>
      <trkpt lat="44.646459" lon="6.642453">
        <ele>1207.9</ele>
      </trkpt>
      <trkpt lat="44.646518" lon="6.642521">
        <ele>1207.4</ele>
      </trkpt>
      <trkpt lat="44.646579" lon="6.642547">
        <ele>1207.1</ele>
      </trkpt>
      <trkpt lat="44.646802" lon="6.642509">
        <ele>1205.8</ele>
      </trkpt>
      <trkpt lat="44.647014" lon="6.642539">
        <ele>1204.4</ele>
      </trkpt>
      <trkpt lat="44.647261" lon="6.642672">
        <ele>1202.7</ele>
      </trkpt>
      <trkpt lat="44.647352" lon="6.64276">
        <ele>1202.0</ele>
      </trkpt>
      <trkpt lat="44.647425" lon="6.64289">
        <ele>1201.3</ele>
      </trkpt>
      <trkpt lat="44.647484" lon="6.643105">
        <ele>1200.2</ele>
      </trkpt>
      <trkpt lat="44.647607" lon="6.6438">
        <ele>1197.0</ele>
      </trkpt>
      <trkpt lat="44.647807" lon="6.644217">
        <ele>1194.7</ele>
      </trkpt>
      <trkpt lat="44.648037" lon="6.644605">
        <ele>1192.0</ele>
      </trkpt>
      <trkpt lat="44.648108" lon="6.644849">
        <ele>1190.6</ele>
      </trkpt>
      <trkpt lat="44.648159" lon="6.645143">
        <ele>1189.0</ele>
      </trkpt>
      <trkpt lat="44.648218" lon="6.64572">
        <ele>1186.0</ele>
      </trkpt>
      <trkpt lat="44.648235" lon="6.645758">
        <ele>1185.8</ele>
      </trkpt>
      <trkpt lat="44.648266" lon="6.645763">
        <ele>1185.5</ele>
      </trkpt>
      <trkpt lat="44.648273" lon="6.645754">
        <ele>1185.5</ele>
      </trkpt>
      <trkpt lat="44.648321" lon="6.645688">
        <ele>1185.0</ele>
      </trkpt>
      <trkpt lat="44.6483" lon="6.645161">
        <ele>1182.2</ele>
      </trkpt>
      <trkpt lat="44.648296" lon="6.643821">
        <ele>1173.4</ele>
      </trkpt>
      <trkpt lat="44.648458" lon="6.642791">
        <ele>1166.4</ele>
      </trkpt>
      <trkpt lat="44.648459" lon="6.642776">
        <ele>1166.3</ele>
      </trkpt>
      <trkpt lat="44.648524" lon="6.641804">
        <ele>1158.6</ele>
      </trkpt>
      <trkpt lat="44.648497" lon="6.641353">
        <ele>1154.9</ele>
      </trkpt>
      <trkpt lat="44.648306" lon="6.640677">
        <ele>1149.0</ele>
      </trkpt>
      <trkpt lat="44.648296" lon="6.640579">
        <ele>1148.2</ele>
      </trkpt>
      <trkpt lat="44.648228" lon="6.640295">
        <ele>1145.7</ele>
      </trkpt>
      <trkpt lat="44.648162" lon="6.640217">
        <ele>1144.7</ele>
      </trkpt>
      <trkpt lat="44.648095" lon="6.640216">
        <ele>1144.2</ele>
      </trkpt>
      <trkpt lat="44.647969" lon="6.640331">
        <ele>1143.5</ele>
      </trkpt>
      <trkpt lat="44.647928" lon="6.640338">
        <ele>1143.3</ele>
      </trkpt>
      <trkpt lat="44.647866" lon="6.640322">
        <ele>1143.0</ele>
      </trkpt>
      <trkpt lat="44.647703" lon="6.640199">
        <ele>1142.1</ele>
      </trkpt>
      <trkpt lat="44.647642" lon="6.640077">
        <ele>1141.6</ele>
      </trkpt>
      <trkpt lat="44.647312" lon="6.639641">
        <ele>1139.4</ele>
      </trkpt>
      <trkpt lat="44.64729" lon="6.63961">
        <ele>1139.3</ele>
      </trkpt>
      <trkpt lat="44.647203" lon="6.639458">
        <ele>1138.6</ele>
      </trkpt>
      <trkpt lat="44.647071" lon="6.639362">
        <ele>1137.9</ele>
      </trkpt>
      <trkpt lat="44.646814" lon="6.639308">
        <ele>1136.7</ele>
      </trkpt>
      <trkpt lat="44.64659" lon="6.639346">
        <ele>1135.5</ele>
      </trkpt>
      <trkpt lat="44.646499" lon="6.639334">
        <ele>1134.8</ele>
      </trkpt>
      <trkpt lat="44.646264" lon="6.639273">
        <ele>1132.9</ele>
      </trkpt>
      <trkpt lat="44.646126" lon="6.639195">
        <ele>1131.8</ele>
      </trkpt>
      <trkpt lat="44.645952" lon="6.638978">
        <ele>1130.0</ele>
      </trkpt>
      <trkpt lat="44.645909" lon="6.638834">
        <ele>1129.2</ele>
      </trkpt>
      <trkpt lat="44.645948" lon="6.638694">
        <ele>1128.4</ele>
      </trkpt>
      <trkpt lat="44.646034" lon="6.638644">
        <ele>1127.6</ele>
      </trkpt>
      <trkpt lat="44.646097" lon="6.638644">
        <ele>1127.2</ele>
      </trkpt>
      <trkpt lat="44.646233" lon="6.638675">
        <ele>1126.1</ele>
      </trkpt>
      <trkpt lat="44.646425" lon="6.638769">
        <ele>1124.6</ele>
      </trkpt>
      <trkpt lat="44.64665" lon="6.638781">
        <ele>1122.8</ele>
      </trkpt>
      <trkpt lat="44.646771" lon="6.638758">
        <ele>1121.8</ele>
      </trkpt>
      <trkpt lat="44.646904" lon="6.638698">
        <ele>1119.7</ele>
      </trkpt>
      <trkpt lat="44.647052" lon="6.638631">
        <ele>1117.3</ele>
      </trkpt>
      <trkpt lat="44.647358" lon="6.638389">
        <ele>1111.9</ele>
      </trkpt>
      <trkpt lat="44.647625" lon="6.638124">
        <ele>1106.9</ele>
      </trkpt>
      <trkpt lat="44.647711" lon="6.638014">
        <ele>1105.1</ele>
      </trkpt>
      <trkpt lat="44.647874" lon="6.637679">
        <ele>1100.7</ele>
      </trkpt>
      <trkpt lat="44.648022" lon="6.637475">
        <ele>1097.6</ele>
      </trkpt>
      <trkpt lat="44.648186" lon="6.637321">
        <ele>1094.5</ele>
      </trkpt>
      <trkpt lat="44.648633" lon="6.63709">
        <ele>1089.3</ele>
      </trkpt>
      <trkpt lat="44.648717" lon="6.63711">
        <ele>1088.4</ele>
      </trkpt>
      <trkpt lat="44.64876" lon="6.636976">
        <ele>1087.2</ele>
      </trkpt>
      <trkpt lat="44.648939" lon="6.637001">
        <ele>1085.3</ele>
      </trkpt>
      <trkpt lat="44.64999" lon="6.637038">
        <ele>1074.0</ele>
      </trkpt>
      <trkpt lat="44.650668" lon="6.637132">
        <ele>1068.3</ele>
      </trkpt>
      <trkpt lat="44.651103" lon="6.637224">
        <ele>1064.5</ele>
      </trkpt>
      <trkpt lat="44.651338" lon="6.637334">
        <ele>1062.4</ele>
      </trkpt>
      <trkpt lat="44.651772" lon="6.637633">
        <ele>1058.3</ele>
      </trkpt>
      <trkpt lat="44.651778" lon="6.637639">
        <ele>1058.3</ele>
      </trkpt>
      <trkpt lat="44.652002" lon="6.637855">
        <ele>1056.0</ele>
      </trkpt>
      <trkpt lat="44.652381" lon="6.638318">
        <ele>1051.8</ele>
      </trkpt>
      <trkpt lat="44.652501" lon="6.638418">
        <ele>1050.6</ele>
      </trkpt>
      <trkpt lat="44.652779" lon="6.638549">
        <ele>1048.1</ele>
      </trkpt>
      <trkpt lat="44.653189" lon="6.638606">
        <ele>1044.7</ele>
      </trkpt>
      <trkpt lat="44.653388" lon="6.638657">
        <ele>1043.1</ele>
      </trkpt>
      <trkpt lat="44.653533" lon="6.638735">
        <ele>1042.0</ele>
      </trkpt>
      <trkpt lat="44.653716" lon="6.638894">
        <ele>1040.4</ele>
      </trkpt>
      <trkpt lat="44.654061" lon="6.639333">
        <ele>1037.0</ele>
      </trkpt>
      <trkpt lat="44.654167" lon="6.639602">
        <ele>1035.4</ele>
      </trkpt>
      <trkpt lat="44.654246" lon="6.640001">
        <ele>1033.2</ele>
      </trkpt>
      <trkpt lat="44.654306" lon="6.640144">
        <ele>1032.3</ele>
      </trkpt>
      <trkpt lat="44.654376" lon="6.640235">
        <ele>1031.6</ele>
      </trkpt>
      <trkpt lat="44.654522" lon="6.640278">
        <ele>1030.3</ele>
      </trkpt>
      <trkpt lat="44.654668" lon="6.640226">
        <ele>1028.9</ele>
      </trkpt>
      <trkpt lat="44.654734" lon="6.640157">
        <ele>1028.1</ele>
      </trkpt>
      <trkpt lat="44.6548" lon="6.640011">
        <ele>1026.9</ele>
      </trkpt>
      <trkpt lat="44.654819" lon="6.639723">
        <ele>1024.9</ele>
      </trkpt>
      <trkpt lat="44.654598" lon="6.638109">
        <ele>1013.7</ele>
      </trkpt>
      <trkpt lat="44.654604" lon="6.637953">
        <ele>1013.2</ele>
      </trkpt>
      <trkpt lat="44.654683" lon="6.637688">
        <ele>1012.1</ele>
      </trkpt>
      <trkpt lat="44.65476" lon="6.637599">
        <ele>1011.6</ele>
      </trkpt>
      <trkpt lat="44.654864" lon="6.637542">
        <ele>1011.0</ele>
      </trkpt>
      <trkpt lat="44.654989" lon="6.637534">
        <ele>1010.4</ele>
      </trkpt>
      <trkpt lat="44.654993" lon="6.637536">
        <ele>1010.4</ele>
      </trkpt>
      <trkpt lat="44.655105" lon="6.637572">
        <ele>1009.8</ele>
      </trkpt>
      <trkpt lat="44.655186" lon="6.637645">
        <ele>1009.3</ele>
      </trkpt>
      <trkpt lat="44.655289" lon="6.637857">
        <ele>1008.4</ele>
      </trkpt>
      <trkpt lat="44.655306" lon="6.638002">
        <ele>1007.8</ele>
      </trkpt>
      <trkpt lat="44.65529" lon="6.638352">
        <ele>1006.5</ele>
      </trkpt>
      <trkpt lat="44.655327" lon="6.638649">
        <ele>1005.4</ele>
      </trkpt>
      <trkpt lat="44.655685" lon="6.640081">
        <ele>1000.7</ele>
      </trkpt>
      <trkpt lat="44.65576" lon="6.640264">
        <ele>1000.0</ele>
      </trkpt>
      <trkpt lat="44.655942" lon="6.640513">
        <ele>998.9</ele>
      </trkpt>
      <trkpt lat="44.656222" lon="6.640728">
        <ele>997.6</ele>
      </trkpt>
      <trkpt lat="44.656445" lon="6.6409">
        <ele>996.2</ele>
      </trkpt>
      <trkpt lat="44.656664" lon="6.641207">
        <ele>993.9</ele>
      </trkpt>
      <trkpt lat="44.65683" lon="6.641481">
        <ele>992.1</ele>
      </trkpt>
      <trkpt lat="44.656909" lon="6.641678">
        <ele>990.9</ele>
      </trkpt>
      <trkpt lat="44.657062" lon="6.64228">
        <ele>987.6</ele>
      </trkpt>
      <trkpt lat="44.657187" lon="6.642553">
        <ele>985.9</ele>
      </trkpt>
      <trkpt lat="44.657338" lon="6.642953">
        <ele>983.7</ele>
      </trkpt>
      <trkpt lat="44.65736" lon="6.643046">
        <ele>983.5</ele>
      </trkpt>
      <trkpt lat="44.657431" lon="6.643658">
        <ele>981.9</ele>
      </trkpt>
      <trkpt lat="44.657558" lon="6.644273">
        <ele>980.3</ele>
      </trkpt>
      <trkpt lat="44.657611" lon="6.644444">
        <ele>979.8</ele>
      </trkpt>
      <trkpt lat="44.657681" lon="6.644595">
        <ele>979.3</ele>
      </trkpt>
      <trkpt lat="44.657795" lon="6.64475">
        <ele>978.8</ele>
      </trkpt>
      <trkpt lat="44.657835" lon="6.64481">
        <ele>978.6</ele>
      </trkpt>
      <trkpt lat="44.657916" lon="6.644931">
        <ele>978.2</ele>
      </trkpt>
      <trkpt lat="44.6579" lon="6.64498">
        <ele>973.5</ele>
      </trkpt>
      <trkpt lat="44.65789" lon="6.64504">
        <ele>973.9</ele>
      </trkpt>
      <trkpt lat="44.65791" lon="6.64525">
        <ele>975.3</ele>
      </trkpt>
      <trkpt lat="44.65789" lon="6.64589">
        <ele>980.4</ele>
      </trkpt>
      <trkpt lat="44.65793" lon="6.64635">
        <ele>986.8</ele>
      </trkpt>
      <trkpt lat="44.65799" lon="6.64676">
        <ele>991.2</ele>
      </trkpt>
      <trkpt lat="44.65799" lon="6.64676">
        <ele>991.2</ele>
      </trkpt>
      <trkpt lat="44.65816" lon="6.6479">
        <ele>996.7</ele>
      </trkpt>
      <trkpt lat="44.65821" lon="6.64789">
        <ele>995.4</ele>
      </trkpt>
      <trkpt lat="44.65822" lon="6.64789">
        <ele>995.1</ele>
      </trkpt>
      <trkpt lat="44.65824" lon="6.6479">
        <ele>994.7</ele>
      </trkpt>
      <trkpt lat="44.65827" lon="6.64788">
        <ele>993.8</ele>
      </trkpt>
      <trkpt lat="44.6583" lon="6.64787">
        <ele>993.0</ele>
      </trkpt>
      <trkpt lat="44.6584" lon="6.64789">
        <ele>992.3</ele>
      </trkpt>
      <trkpt lat="44.6587" lon="6.64794">
        <ele>992.8</ele>
      </trkpt>
      <trkpt lat="44.65883" lon="6.64799">
        <ele>993.0</ele>
      </trkpt>
      <trkpt lat="44.6589" lon="6.64804">
        <ele>993.2</ele>
      </trkpt>
      <trkpt lat="44.65911" lon="6.64816">
        <ele>993.6</ele>
      </trkpt>
      <trkpt lat="44.65911" lon="6.64816">
        <ele>993.6</ele>
      </trkpt>
      <trkpt lat="44.65957" lon="6.64847">
        <ele>999.1</ele>
      </trkpt>
      <trkpt lat="44.65965" lon="6.6485">
        <ele>1000.0</ele>
      </trkpt>
      <trkpt lat="44.65985" lon="6.64851">
        <ele>1001.4</ele>
      </trkpt>
      <trkpt lat="44.65984" lon="6.6488">
        <ele>1003.9</ele>
      </trkpt>
      <trkpt lat="44.65983" lon="6.64902">
        <ele>1005.7</ele>
      </trkpt>
      <trkpt lat="44.65983" lon="6.64902">
        <ele>1005.7</ele>
      </trkpt>
      <trkpt lat="44.65981" lon="6.64941">
        <ele>1007.4</ele>
      </trkpt>
      <trkpt lat="44.65982" lon="6.64951">
        <ele>1007.7</ele>
      </trkpt>
      <trkpt lat="44.65997" lon="6.64993">
        <ele>1009.6</ele>
      </trkpt>
      <trkpt lat="44.66017" lon="6.65066">
        <ele>1013.0</ele>
      </trkpt>
      <trkpt lat="44.66023" lon="6.65077">
        <ele>1013.8</ele>
      </trkpt>
      <trkpt lat="44.66028" lon="6.65088">
        <ele>1014.5</ele>
      </trkpt>
      <trkpt lat="44.66028" lon="6.65088">
        <ele>1014.5</ele>
      </trkpt>
      <trkpt lat="44.66038" lon="6.6511">
        <ele>1016.2</ele>
      </trkpt>
      <trkpt lat="44.66048" lon="6.65128">
        <ele>1017.6</ele>
      </trkpt>
      <trkpt lat="44.660868" lon="6.651901">
        <ele>1018.6</ele>
      </trkpt>
      <trkpt lat="44.660972" lon="6.652064">
        <ele>1019.8</ele>
      </trkpt>
      <trkpt lat="44.661063" lon="6.652298">
        <ele>1021.1</ele>
      </trkpt>
      <trkpt lat="44.661073" lon="6.652375">
        <ele>1021.5</ele>
      </trkpt>
      <trkpt lat="44.661061" lon="6.652786">
        <ele>1023.7</ele>
      </trkpt>
      <trkpt lat="44.660999" lon="6.653044">
        <ele>1025.1</ele>
      </trkpt>
      <trkpt lat="44.66093" lon="6.653191">
        <ele>1026.0</ele>
      </trkpt>
      <trkpt lat="44.660802" lon="6.653323">
        <ele>1027.1</ele>
      </trkpt>
      <trkpt lat="44.660649" lon="6.653437">
        <ele>1028.4</ele>
      </trkpt>
      <trkpt lat="44.660561" lon="6.65346">
        <ele>1029.0</ele>
      </trkpt>
      <trkpt lat="44.660325" lon="6.653445">
        <ele>1030.7</ele>
      </trkpt>
      <trkpt lat="44.660394" lon="6.654015">
        <ele>1034.6</ele>
      </trkpt>
      <trkpt lat="44.660425" lon="6.654335">
        <ele>1036.7</ele>
      </trkpt>
      <trkpt lat="44.660428" lon="6.654361">
        <ele>1036.9</ele>
      </trkpt>
      <trkpt lat="44.660459" lon="6.65491">
        <ele>1040.6</ele>
      </trkpt>
      <trkpt lat="44.66046" lon="6.655065">
        <ele>1041.7</ele>
      </trkpt>
      <trkpt lat="44.66046" lon="6.655163">
        <ele>1042.3</ele>
      </trkpt>
      <trkpt lat="44.660573" lon="6.655768">
        <ele>1046.5</ele>
      </trkpt>
      <trkpt lat="44.660618" lon="6.656183">
        <ele>1049.8</ele>
      </trkpt>
      <trkpt lat="44.660602" lon="6.6567">
        <ele>1054.3</ele>
      </trkpt>
      <trkpt lat="44.660648" lon="6.656904">
        <ele>1056.1</ele>
      </trkpt>
      <trkpt lat="44.660715" lon="6.657348">
        <ele>1060.1</ele>
      </trkpt>
      <trkpt lat="44.660717" lon="6.657382">
        <ele>1060.4</ele>
      </trkpt>
      <trkpt lat="44.660713" lon="6.657588">
        <ele>1062.1</ele>
      </trkpt>
      <trkpt lat="44.660629" lon="6.658178">
        <ele>1067.4</ele>
      </trkpt>
      <trkpt lat="44.660417" lon="6.658654">
        <ele>1072.6</ele>
      </trkpt>
      <trkpt lat="44.660394" lon="6.658629">
        <ele>1073.0</ele>
      </trkpt>
      <trkpt lat="44.659663" lon="6.660154">
        <ele>1091.5</ele>
      </trkpt>
      <trkpt lat="44.659564" lon="6.66045">
        <ele>1094.7</ele>
      </trkpt>
      <trkpt lat="44.659313" lon="6.661055">
        <ele>1098.7</ele>
      </trkpt>
      <trkpt lat="44.659254" lon="6.661092">
        <ele>1099.2</ele>
      </trkpt>
      <trkpt lat="44.658904" lon="6.661481">
        <ele>1102.5</ele>
      </trkpt>
      <trkpt lat="44.659435" lon="6.661752">
        <ele>1106.7</ele>
      </trkpt>
      <trkpt lat="44.659539" lon="6.661805">
        <ele>1107.5</ele>
      </trkpt>
      <trkpt lat="44.659944" lon="6.662139">
        <ele>1108.9</ele>
      </trkpt>
      <trkpt lat="44.660136" lon="6.662355">
        <ele>1109.1</ele>
      </trkpt>
      <trkpt lat="44.660616" lon="6.662999">
        <ele>1109.6</ele>
      </trkpt>
      <trkpt lat="44.660987" lon="6.663453">
        <ele>1110.0</ele>
      </trkpt>
      <trkpt lat="44.660987" lon="6.663453">
        <ele>1110.0</ele>
      </trkpt>
      <trkpt lat="44.661612" lon="6.664073">
        <ele>1112.5</ele>
      </trkpt>
      <trkpt lat="44.661746" lon="6.664829">
        <ele>1114.5</ele>
      </trkpt>
      <trkpt lat="44.661803" lon="6.664957">
        <ele>1114.8</ele>
      </trkpt>
      <trkpt lat="44.661923" lon="6.664993">
        <ele>1115.3</ele>
      </trkpt>
      <trkpt lat="44.661987" lon="6.664971">
        <ele>1115.5</ele>
      </trkpt>
      <trkpt lat="44.662016" lon="6.665017">
        <ele>1115.7</ele>
      </trkpt>
      <trkpt lat="44.66207" lon="6.665033">
        <ele>1115.9</ele>
      </trkpt>
      <trkpt lat="44.662652" lon="6.664776">
        <ele>1121.0</ele>
      </trkpt>
      <trkpt lat="44.663253" lon="6.664811">
        <ele>1127.2</ele>
      </trkpt>
      <trkpt lat="44.663474" lon="6.664931">
        <ele>1129.7</ele>
      </trkpt>
      <trkpt lat="44.663861" lon="6.665311">
        <ele>1134.5</ele>
      </trkpt>
      <trkpt lat="44.663962" lon="6.665489">
        <ele>1136.4</ele>
      </trkpt>
      <trkpt lat="44.663987" lon="6.665601">
        <ele>1137.5</ele>
      </trkpt>
      <trkpt lat="44.663986" lon="6.665785">
        <ele>1139.1</ele>
      </trkpt>
      <trkpt lat="44.663854" lon="6.667257">
        <ele>1152.3</ele>
      </trkpt>
      <trkpt lat="44.663798" lon="6.668446">
        <ele>1158.7</ele>
      </trkpt>
      <trkpt lat="44.663963" lon="6.669107">
        <ele>1160.2</ele>
      </trkpt>
      <trkpt lat="44.66401" lon="6.669211">
        <ele>1160.5</ele>
      </trkpt>
      <trkpt lat="44.664082" lon="6.669271">
        <ele>1160.8</ele>
      </trkpt>
      <trkpt lat="44.664149" lon="6.669297">
        <ele>1161.0</ele>
      </trkpt>
      <trkpt lat="44.664233" lon="6.669292">
        <ele>1161.2</ele>
      </trkpt>
      <trkpt lat="44.66449" lon="6.669276">
        <ele>1162.0</ele>
      </trkpt>
      <trkpt lat="44.664997" lon="6.669164">
        <ele>1164.1</ele>
      </trkpt>
      <trkpt lat="44.665185" lon="6.669082">
        <ele>1165.1</ele>
      </trkpt>
      <trkpt lat="44.665269" lon="6.669081">
        <ele>1165.6</ele>
      </trkpt>
      <trkpt lat="44.665443" lon="6.669121">
        <ele>1166.5</ele>
      </trkpt>
      <trkpt lat="44.665504" lon="6.669164">
        <ele>1166.8</ele>
      </trkpt>
      <trkpt lat="44.665579" lon="6.669247">
        <ele>1167.4</ele>
      </trkpt>
      <trkpt lat="44.665636" lon="6.669366">
        <ele>1167.9</ele>
      </trkpt>
      <trkpt lat="44.665659" lon="6.669561">
        <ele>1168.6</ele>
      </trkpt>
      <trkpt lat="44.665492" lon="6.670179">
        <ele>1171.1</ele>
      </trkpt>
      <trkpt lat="44.665478" lon="6.670341">
        <ele>1171.7</ele>
      </trkpt>
      <trkpt lat="44.665491" lon="6.670907">
        <ele>1173.0</ele>
      </trkpt>
      <trkpt lat="44.665387" lon="6.671598">
        <ele>1174.3</ele>
      </trkpt>
      <trkpt lat="44.665385" lon="6.671886">
        <ele>1174.8</ele>
      </trkpt>
      <trkpt lat="44.665328" lon="6.672289">
        <ele>1175.5</ele>
      </trkpt>
      <trkpt lat="44.665324" lon="6.672444">
        <ele>1175.8</ele>
      </trkpt>
      <trkpt lat="44.665439" lon="6.673402">
        <ele>1175.8</ele>
      </trkpt>
      <trkpt lat="44.665412" lon="6.674074">
        <ele>1174.4</ele>
      </trkpt>
      <trkpt lat="44.665483" lon="6.67434">
        <ele>1173.7</ele>
      </trkpt>
      <trkpt lat="44.66542" lon="6.674682">
        <ele>1173.0</ele>
      </trkpt>
      <trkpt lat="44.665422" lon="6.674784">
        <ele>1172.7</ele>
      </trkpt>
      <trkpt lat="44.665445" lon="6.674857">
        <ele>1172.6</ele>
      </trkpt>
      <trkpt lat="44.665724" lon="6.67515">
        <ele>1171.5</ele>
      </trkpt>
      <trkpt lat="44.665779" lon="6.675259">
        <ele>1171.2</ele>
      </trkpt>
      <trkpt lat="44.665831" lon="6.675592">
        <ele>1170.7</ele>
      </trkpt>
      <trkpt lat="44.665826" lon="6.676062">
        <ele>1170.1</ele>
      </trkpt>
      <trkpt lat="44.665948" lon="6.676403">
        <ele>1169.6</ele>
      </trkpt>
      <trkpt lat="44.666161" lon="6.676665">
        <ele>1169.1</ele>
      </trkpt>
      <trkpt lat="44.666275" lon="6.676887">
        <ele>1168.7</ele>
      </trkpt>
      <trkpt lat="44.666405" lon="6.677175">
        <ele>1168.3</ele>
      </trkpt>
      <trkpt lat="44.66671" lon="6.67785">
        <ele>1169.8</ele>
      </trkpt>
      <trkpt lat="44.667153" lon="6.678733">
        <ele>1174.3</ele>
      </trkpt>
      <trkpt lat="44.667394" lon="6.679476">
        <ele>1177.7</ele>
      </trkpt>
      <trkpt lat="44.66764" lon="6.679897">
        <ele>1179.3</ele>
      </trkpt>
      <trkpt lat="44.667888" lon="6.680232">
        <ele>1180.5</ele>
      </trkpt>
      <trkpt lat="44.668385" lon="6.680695">
        <ele>1182.7</ele>
      </trkpt>
      <trkpt lat="44.668959" lon="6.681206">
        <ele>1184.1</ele>
      </trkpt>
      <trkpt lat="44.669481" lon="6.681967">
        <ele>1178.6</ele>
      </trkpt>
      <trkpt lat="44.670252" lon="6.682623">
        <ele>1172.0</ele>
      </trkpt>
      <trkpt lat="44.670426" lon="6.682714">
        <ele>1170.5</ele>
      </trkpt>
      <trkpt lat="44.670544" lon="6.68283">
        <ele>1169.2</ele>
      </trkpt>
      <trkpt lat="44.670648" lon="6.682838">
        <ele>1168.2</ele>
      </trkpt>
      <trkpt lat="44.670953" lon="6.682769">
        <ele>1165.4</ele>
      </trkpt>
      <trkpt lat="44.671029" lon="6.682788">
        <ele>1164.7</ele>
      </trkpt>
      <trkpt lat="44.671791" lon="6.683216">
        <ele>1157.3</ele>
      </trkpt>
      <trkpt lat="44.672023" lon="6.683477">
        <ele>1154.8</ele>
      </trkpt>
      <trkpt lat="44.67236" lon="6.683737">
        <ele>1152.1</ele>
      </trkpt>
      <trkpt lat="44.672739" lon="6.684181">
        <ele>1148.6</ele>
      </trkpt>
      <trkpt lat="44.673157" lon="6.684605">
        <ele>1144.9</ele>
      </trkpt>
      <trkpt lat="44.673364" lon="6.684713">
        <ele>1143.4</ele>
      </trkpt>
      <trkpt lat="44.673453" lon="6.684856">
        <ele>1142.8</ele>
      </trkpt>
      <trkpt lat="44.673583" lon="6.685228">
        <ele>1143.2</ele>
      </trkpt>
      <trkpt lat="44.673582" lon="6.685333">
        <ele>1143.3</ele>
      </trkpt>
      <trkpt lat="44.673423" lon="6.685603">
        <ele>1143.6</ele>
      </trkpt>
      <trkpt lat="44.673395" lon="6.685698">
        <ele>1143.7</ele>
      </trkpt>
      <trkpt lat="44.673344" lon="6.686742">
        <ele>1144.8</ele>
      </trkpt>
      <trkpt lat="44.673367" lon="6.687202">
        <ele>1145.1</ele>
      </trkpt>
      <trkpt lat="44.674081" lon="6.688998">
        <ele>1124.0</ele>
      </trkpt>
      <trkpt lat="44.674247" lon="6.689344">
        <ele>1119.7</ele>
      </trkpt>
      <trkpt lat="44.674858" lon="6.689799">
        <ele>1114.8</ele>
      </trkpt>
      <trkpt lat="44.675044" lon="6.689865">
        <ele>1113.5</ele>
      </trkpt>
      <trkpt lat="44.675095" lon="6.689945">
        <ele>1113.0</ele>
      </trkpt>
      <trkpt lat="44.675097" lon="6.690078">
        <ele>1112.4</ele>
      </trkpt>
      <trkpt lat="44.675044" lon="6.690171">
        <ele>1111.8</ele>
      </trkpt>
      <trkpt lat="44.674962" lon="6.690208">
        <ele>1111.2</ele>
      </trkpt>
      <trkpt lat="44.674733" lon="6.690158">
        <ele>1109.6</ele>
      </trkpt>
      <trkpt lat="44.674622" lon="6.690223">
        <ele>1108.8</ele>
      </trkpt>
      <trkpt lat="44.674414" lon="6.690269">
        <ele>1107.4</ele>
      </trkpt>
      <trkpt lat="44.674225" lon="6.690455">
        <ele>1106.1</ele>
      </trkpt>
      <trkpt lat="44.6742" lon="6.690542">
        <ele>1105.7</ele>
      </trkpt>
      <trkpt lat="44.674222" lon="6.690675">
        <ele>1105.1</ele>
      </trkpt>
      <trkpt lat="44.674272" lon="6.690746">
        <ele>1104.7</ele>
      </trkpt>
      <trkpt lat="44.674595" lon="6.690961">
        <ele>1102.7</ele>
      </trkpt>
      <trkpt lat="44.674698" lon="6.69114">
        <ele>1101.8</ele>
      </trkpt>
      <trkpt lat="44.675098" lon="6.691418">
        <ele>1099.2</ele>
      </trkpt>
      <trkpt lat="44.675238" lon="6.691706">
        <ele>1097.8</ele>
      </trkpt>
      <trkpt lat="44.675313" lon="6.692208">
        <ele>1093.9</ele>
      </trkpt>
      <trkpt lat="44.675355" lon="6.692335">
        <ele>1092.5</ele>
      </trkpt>
      <trkpt lat="44.675526" lon="6.692488">
        <ele>1089.5</ele>
      </trkpt>
      <trkpt lat="44.675834" lon="6.692643">
        <ele>1084.7</ele>
      </trkpt>
      <trkpt lat="44.676161" lon="6.69307">
        <ele>1078.1</ele>
      </trkpt>
      <trkpt lat="44.676256" lon="6.693106">
        <ele>1076.7</ele>
      </trkpt>
      <trkpt lat="44.676439" lon="6.693272">
        <ele>1073.5</ele>
      </trkpt>
      <trkpt lat="44.676533" lon="6.693418">
        <ele>1071.4</ele>
      </trkpt>
      <trkpt lat="44.676558" lon="6.693479">
        <ele>1070.7</ele>
      </trkpt>
      <trkpt lat="44.676598" lon="6.693616">
        <ele>1070.2</ele>
      </trkpt>
      <trkpt lat="44.676669" lon="6.693762">
        <ele>1069.9</ele>
      </trkpt>
      <trkpt lat="44.676795" lon="6.693884">
        <ele>1069.4</ele>
      </trkpt>
      <trkpt lat="44.676868" lon="6.693905">
        <ele>1069.2</ele>
      </trkpt>
      <trkpt lat="44.6772" lon="6.693781">
        <ele>1068.2</ele>
      </trkpt>
      <trkpt lat="44.677382" lon="6.693882">
        <ele>1067.7</ele>
      </trkpt>
      <trkpt lat="44.677555" lon="6.694072">
        <ele>1067.0</ele>
      </trkpt>
      <trkpt lat="44.67809" lon="6.69489">
        <ele>1065.9</ele>
      </trkpt>
      <trkpt lat="44.678148" lon="6.694949">
        <ele>1066.2</ele>
      </trkpt>
      <trkpt lat="44.678275" lon="6.695007">
        <ele>1066.6</ele>
      </trkpt>
      <trkpt lat="44.678688" lon="6.69505">
        <ele>1067.9</ele>
      </trkpt>
      <trkpt lat="44.678874" lon="6.695141">
        <ele>1068.5</ele>
      </trkpt>
      <trkpt lat="44.679018" lon="6.695273">
        <ele>1069.0</ele>
      </trkpt>
      <trkpt lat="44.679263" lon="6.695436">
        <ele>1069.8</ele>
      </trkpt>
      <trkpt lat="44.679394" lon="6.695489">
        <ele>1070.2</ele>
      </trkpt>
      <trkpt lat="44.68022" lon="6.69566">
        <ele>1070.9</ele>
      </trkpt>
      <trkpt lat="44.680494" lon="6.695817">
        <ele>1070.9</ele>
      </trkpt>
      <trkpt lat="44.680764" lon="6.696064">
        <ele>1070.9</ele>
      </trkpt>
      <trkpt lat="44.681201" lon="6.696685">
        <ele>1071.2</ele>
      </trkpt>
      <trkpt lat="44.681359" lon="6.69686">
        <ele>1071.8</ele>
      </trkpt>
      <trkpt lat="44.681753" lon="6.697203">
        <ele>1073.3</ele>
      </trkpt>
      <trkpt lat="44.681876" lon="6.697299">
        <ele>1073.8</ele>
      </trkpt>
      <trkpt lat="44.682005" lon="6.69735">
        <ele>1074.2</ele>
      </trkpt>
      <trkpt lat="44.682151" lon="6.697354">
        <ele>1074.7</ele>
      </trkpt>
      <trkpt lat="44.682607" lon="6.697256">
        <ele>1076.2</ele>
      </trkpt>
      <trkpt lat="44.683614" lon="6.697425">
        <ele>1080.1</ele>
      </trkpt>
      <trkpt lat="44.68391" lon="6.697582">
        <ele>1081.4</ele>
      </trkpt>
      <trkpt lat="44.684041" lon="6.6977">
        <ele>1082.0</ele>
      </trkpt>
      <trkpt lat="44.68424" lon="6.697959">
        <ele>1083.1</ele>
      </trkpt>
      <trkpt lat="44.684369" lon="6.698068">
        <ele>1083.7</ele>
      </trkpt>
      <trkpt lat="44.684503" lon="6.698135">
        <ele>1083.9</ele>
      </trkpt>
      <trkpt lat="44.684664" lon="6.698158">
        <ele>1083.5</ele>
      </trkpt>
      <trkpt lat="44.685051" lon="6.698133">
        <ele>1082.6</ele>
      </trkpt>
      <trkpt lat="44.685875" lon="6.698219">
        <ele>1080.7</ele>
      </trkpt>
      <trkpt lat="44.686546" lon="6.698397">
        <ele>1080.4</ele>
      </trkpt>
      <trkpt lat="44.686747" lon="6.698477">
        <ele>1080.8</ele>
      </trkpt>
      <trkpt lat="44.687289" lon="6.698821">
        <ele>1081.7</ele>
      </trkpt>
      <trkpt lat="44.688391" lon="6.699624">
        <ele>1084.5</ele>
      </trkpt>
      <trkpt lat="44.6916" lon="6.702395">
        <ele>1092.0</ele>
      </trkpt>
      <trkpt lat="44.691819" lon="6.702604">
        <ele>1092.6</ele>
      </trkpt>
      <trkpt lat="44.69218" lon="6.703066">
        <ele>1093.8</ele>
      </trkpt>
      <trkpt lat="44.692347" lon="6.703333">
        <ele>1094.4</ele>
      </trkpt>
      <trkpt lat="44.692717" lon="6.704088">
        <ele>1096.7</ele>
      </trkpt>
      <trkpt lat="44.692902" lon="6.704401">
        <ele>1097.7</ele>
      </trkpt>
      <trkpt lat="44.693141" lon="6.704686">
        <ele>1098.9</ele>
      </trkpt>
      <trkpt lat="44.693592" lon="6.705074">
        <ele>1100.8</ele>
      </trkpt>
      <trkpt lat="44.694138" lon="6.705405">
        <ele>1103.0</ele>
      </trkpt>
      <trkpt lat="44.695438" lon="6.706054">
        <ele>1108.0</ele>
      </trkpt>
      <trkpt lat="44.695678" lon="6.70622">
        <ele>1108.8</ele>
      </trkpt>
      <trkpt lat="44.69591" lon="6.706429">
        <ele>1109.7</ele>
      </trkpt>
      <trkpt lat="44.697584" lon="6.708284">
        <ele>1116.6</ele>
      </trkpt>
      <trkpt lat="44.697708" lon="6.70843">
        <ele>1117.1</ele>
      </trkpt>
      <trkpt lat="44.698016" lon="6.70879">
        <ele>1118.5</ele>
      </trkpt>
      <trkpt lat="44.698223" lon="6.709089">
        <ele>1119.7</ele>
      </trkpt>
      <trkpt lat="44.698716" lon="6.709934">
        <ele>1125.2</ele>
      </trkpt>
      <trkpt lat="44.698844" lon="6.710171">
        <ele>1126.7</ele>
      </trkpt>
      <trkpt lat="44.699694" lon="6.711663">
        <ele>1134.7</ele>
      </trkpt>
      <trkpt lat="44.699907" lon="6.712177">
        <ele>1136.6</ele>
      </trkpt>
      <trkpt lat="44.700103" lon="6.712869">
        <ele>1139.0</ele>
      </trkpt>
      <trkpt lat="44.700268" lon="6.713315">
        <ele>1140.2</ele>
      </trkpt>
      <trkpt lat="44.700795" lon="6.714426">
        <ele>1140.9</ele>
      </trkpt>
      <trkpt lat="44.700897" lon="6.71469">
        <ele>1141.1</ele>
      </trkpt>
      <trkpt lat="44.701159" lon="6.715467">
        <ele>1141.6</ele>
      </trkpt>
      <trkpt lat="44.701307" lon="6.715736">
        <ele>1141.9</ele>
      </trkpt>
      <trkpt lat="44.701555" lon="6.716042">
        <ele>1142.4</ele>
      </trkpt>
      <trkpt lat="44.702196" lon="6.716636">
        <ele>1143.4</ele>
      </trkpt>
      <trkpt lat="44.70245" lon="6.717015">
        <ele>1144.0</ele>
      </trkpt>
      <trkpt lat="44.702558" lon="6.717248">
        <ele>1144.8</ele>
      </trkpt>
      <trkpt lat="44.702876" lon="6.718147">
        <ele>1148.1</ele>
      </trkpt>
      <trkpt lat="44.703101" lon="6.718539">
        <ele>1149.7</ele>
      </trkpt>
      <trkpt lat="44.703243" lon="6.718702">
        <ele>1150.5</ele>
      </trkpt>
      <trkpt lat="44.703396" lon="6.718827">
        <ele>1151.3</ele>
      </trkpt>
      <trkpt lat="44.704437" lon="6.719381">
        <ele>1155.0</ele>
      </trkpt>
      <trkpt lat="44.704755" lon="6.719672">
        <ele>1156.2</ele>
      </trkpt>
      <trkpt lat="44.704878" lon="6.719847">
        <ele>1156.8</ele>
      </trkpt>
      <trkpt lat="44.705066" lon="6.720257">
        <ele>1157.6</ele>
      </trkpt>
      <trkpt lat="44.705131" lon="6.720458">
        <ele>1157.3</ele>
      </trkpt>
      <trkpt lat="44.70518" lon="6.720734">
        <ele>1156.9</ele>
      </trkpt>
      <trkpt lat="44.705218" lon="6.72128">
        <ele>1156.0</ele>
      </trkpt>
      <trkpt lat="44.705238" lon="6.722526">
        <ele>1154.1</ele>
      </trkpt>
      <trkpt lat="44.705301" lon="6.723003">
        <ele>1154.1</ele>
      </trkpt>
      <trkpt lat="44.705352" lon="6.723217">
        <ele>1154.3</ele>
      </trkpt>
      <trkpt lat="44.705515" lon="6.723718">
        <ele>1154.8</ele>
      </trkpt>
      <trkpt lat="44.705632" lon="6.723951">
        <ele>1155.1</ele>
      </trkpt>
      <trkpt lat="44.706299" lon="6.724966">
        <ele>1156.5</ele>
      </trkpt>
      <trkpt lat="44.706561" lon="6.725459">
        <ele>1157.7</ele>
      </trkpt>
      <trkpt lat="44.708254" lon="6.729065">
        <ele>1168.0</ele>
      </trkpt>
      <trkpt lat="44.708691" lon="6.730208">
        <ele>1173.2</ele>
      </trkpt>
      <trkpt lat="44.70897" lon="6.73134">
        <ele>1177.8</ele>
      </trkpt>
      <trkpt lat="44.709014" lon="6.731631">
        <ele>1177.8</ele>
      </trkpt>
      <trkpt lat="44.709011" lon="6.7321">
        <ele>1177.8</ele>
      </trkpt>
      <trkpt lat="44.708924" lon="6.732569">
        <ele>1177.8</ele>
      </trkpt>
      <trkpt lat="44.708519" lon="6.733518">
        <ele>1177.8</ele>
      </trkpt>
      <trkpt lat="44.708341" lon="6.734106">
        <ele>1178.0</ele>
      </trkpt>
      <trkpt lat="44.708284" lon="6.734417">
        <ele>1178.2</ele>
      </trkpt>
      <trkpt lat="44.708232" lon="6.735064">
        <ele>1178.5</ele>
      </trkpt>
      <trkpt lat="44.70825" lon="6.73543">
        <ele>1178.7</ele>
      </trkpt>
      <trkpt lat="44.708367" lon="6.736124">
        <ele>1179.1</ele>
      </trkpt>
      <trkpt lat="44.708568" lon="6.736739">
        <ele>1179.8</ele>
      </trkpt>
      <trkpt lat="44.710564" lon="6.740706">
        <ele>1186.1</ele>
      </trkpt>
      <trkpt lat="44.71089" lon="6.741264">
        <ele>1187.6</ele>
      </trkpt>
      <trkpt lat="44.711171" lon="6.74162">
        <ele>1188.7</ele>
      </trkpt>
      <trkpt lat="44.711279" lon="6.741723">
        <ele>1189.1</ele>
      </trkpt>
      <trkpt lat="44.711498" lon="6.741934">
        <ele>1189.8</ele>
      </trkpt>
      <trkpt lat="44.711766" lon="6.742231">
        <ele>1190.4</ele>
      </trkpt>
      <trkpt lat="44.711919" lon="6.742545">
        <ele>1190.7</ele>
      </trkpt>
      <trkpt lat="44.712009" lon="6.742869">
        <ele>1191.0</ele>
      </trkpt>
      <trkpt lat="44.712061" lon="6.743227">
        <ele>1191.3</ele>
      </trkpt>
      <trkpt lat="44.712155" lon="6.743668">
        <ele>1191.6</ele>
      </trkpt>
      <trkpt lat="44.712327" lon="6.74411">
        <ele>1192.0</ele>
      </trkpt>
      <trkpt lat="44.713633" lon="6.746675">
        <ele>1193.7</ele>
      </trkpt>
      <trkpt lat="44.714933" lon="6.74921">
        <ele>1196.4</ele>
      </trkpt>
      <trkpt lat="44.715121" lon="6.749682">
        <ele>1197.2</ele>
      </trkpt>
      <trkpt lat="44.715227" lon="6.749996">
        <ele>1197.6</ele>
      </trkpt>
      <trkpt lat="44.715429" lon="6.750786">
        <ele>1198.9</ele>
      </trkpt>
      <trkpt lat="44.715516" lon="6.751221">
        <ele>1200.0</ele>
      </trkpt>
      <trkpt lat="44.715575" lon="6.751669">
        <ele>1201.0</ele>
      </trkpt>
      <trkpt lat="44.715857" lon="6.755964">
        <ele>1209.1</ele>
      </trkpt>
      <trkpt lat="44.715929" lon="6.756438">
        <ele>1209.3</ele>
      </trkpt>
      <trkpt lat="44.715997" lon="6.756706">
        <ele>1209.5</ele>
      </trkpt>
      <trkpt lat="44.716175" lon="6.75723">
        <ele>1209.7</ele>
      </trkpt>
      <trkpt lat="44.717342" lon="6.759829">
        <ele>1210.7</ele>
      </trkpt>
      <trkpt lat="44.717627" lon="6.760305">
        <ele>1211.5</ele>
      </trkpt>
      <trkpt lat="44.717806" lon="6.760536">
        <ele>1212.1</ele>
      </trkpt>
      <trkpt lat="44.718038" lon="6.760777">
        <ele>1212.9</ele>
      </trkpt>
      <trkpt lat="44.718297" lon="6.760989">
        <ele>1213.7</ele>
      </trkpt>
      <trkpt lat="44.718668" lon="6.761224">
        <ele>1214.7</ele>
      </trkpt>
      <trkpt lat="44.719325" lon="6.76149">
        <ele>1218.8</ele>
      </trkpt>
      <trkpt lat="44.719655" lon="6.761604">
        <ele>1221.7</ele>
      </trkpt>
      <trkpt lat="44.720404" lon="6.761871">
        <ele>1228.4</ele>
      </trkpt>
      <trkpt lat="44.72201" lon="6.762478">
        <ele>1254.1</ele>
      </trkpt>
      <trkpt lat="44.722498" lon="6.762508">
        <ele>1262.2</ele>
      </trkpt>
      <trkpt lat="44.723422" lon="6.762433">
        <ele>1274.9</ele>
      </trkpt>
      <trkpt lat="44.723819" lon="6.76247">
        <ele>1280.3</ele>
      </trkpt>
      <trkpt lat="44.724022" lon="6.762538">
        <ele>1283.2</ele>
      </trkpt>
      <trkpt lat="44.72437" lon="6.762737">
        <ele>1286.4</ele>
      </trkpt>
      <trkpt lat="44.725093" lon="6.763403">
        <ele>1288.0</ele>
      </trkpt>
      <trkpt lat="44.725235" lon="6.763504">
        <ele>1288.3</ele>
      </trkpt>
      <trkpt lat="44.726544" lon="6.763989">
        <ele>1288.6</ele>
      </trkpt>
      <trkpt lat="44.727742" lon="6.764171">
        <ele>1287.7</ele>
      </trkpt>
      <trkpt lat="44.728106" lon="6.764196">
        <ele>1288.2</ele>
      </trkpt>
      <trkpt lat="44.72879" lon="6.763979">
        <ele>1289.1</ele>
      </trkpt>
      <trkpt lat="44.729079" lon="6.763964">
        <ele>1289.5</ele>
      </trkpt>
      <trkpt lat="44.729292" lon="6.764001">
        <ele>1289.7</ele>
      </trkpt>
      <trkpt lat="44.729483" lon="6.764074">
        <ele>1288.8</ele>
      </trkpt>
      <trkpt lat="44.729888" lon="6.76434">
        <ele>1284.6</ele>
      </trkpt>
      <trkpt lat="44.730144" lon="6.764629">
        <ele>1281.5</ele>
      </trkpt>
      <trkpt lat="44.73029" lon="6.764843">
        <ele>1279.6</ele>
      </trkpt>
      <trkpt lat="44.730764" lon="6.765631">
        <ele>1272.9</ele>
      </trkpt>
      <trkpt lat="44.731187" lon="6.766519">
        <ele>1269.6</ele>
      </trkpt>
      <trkpt lat="44.731266" lon="6.766645">
        <ele>1269.1</ele>
      </trkpt>
      <trkpt lat="44.73146" lon="6.766846">
        <ele>1268.0</ele>
      </trkpt>
      <trkpt lat="44.731567" lon="6.766939">
        <ele>1267.5</ele>
      </trkpt>
      <trkpt lat="44.731736" lon="6.767019">
        <ele>1266.7</ele>
      </trkpt>
      <trkpt lat="44.732802" lon="6.767192">
        <ele>1265.0</ele>
      </trkpt>
      <trkpt lat="44.733425" lon="6.767414">
        <ele>1264.8</ele>
      </trkpt>
      <trkpt lat="44.734805" lon="6.768016">
        <ele>1265.7</ele>
      </trkpt>
      <trkpt lat="44.73525" lon="6.76816">
        <ele>1266.2</ele>
      </trkpt>
      <trkpt lat="44.736395" lon="6.76823">
        <ele>1269.3</ele>
      </trkpt>
      <trkpt lat="44.737318" lon="6.76843">
        <ele>1272.4</ele>
      </trkpt>
      <trkpt lat="44.737416" lon="6.768457">
        <ele>1272.9</ele>
      </trkpt>
      <trkpt lat="44.737678" lon="6.768513">
        <ele>1274.7</ele>
      </trkpt>
      <trkpt lat="44.737808" lon="6.768519">
        <ele>1275.6</ele>
      </trkpt>
      <trkpt lat="44.737914" lon="6.768502">
        <ele>1276.3</ele>
      </trkpt>
      <trkpt lat="44.737974" lon="6.768481">
        <ele>1276.7</ele>
      </trkpt>
      <trkpt lat="44.73803" lon="6.768452">
        <ele>1277.1</ele>
      </trkpt>
      <trkpt lat="44.738092" lon="6.768414">
        <ele>1277.6</ele>
      </trkpt>
      <trkpt lat="44.738147" lon="6.768364">
        <ele>1278.0</ele>
      </trkpt>
      <trkpt lat="44.738852" lon="6.767476">
        <ele>1284.3</ele>
      </trkpt>
      <trkpt lat="44.739465" lon="6.766848">
        <ele>1290.3</ele>
      </trkpt>
      <trkpt lat="44.739751" lon="6.766654">
        <ele>1292.8</ele>
      </trkpt>
      <trkpt lat="44.739877" lon="6.76662">
        <ele>1293.8</ele>
      </trkpt>
      <trkpt lat="44.740284" lon="6.766663">
        <ele>1297.1</ele>
      </trkpt>
      <trkpt lat="44.740449" lon="6.766639">
        <ele>1298.4</ele>
      </trkpt>
      <trkpt lat="44.740959" lon="6.766434">
        <ele>1302.8</ele>
      </trkpt>
      <trkpt lat="44.741196" lon="6.766386">
        <ele>1304.9</ele>
      </trkpt>
      <trkpt lat="44.741361" lon="6.766416">
        <ele>1306.3</ele>
      </trkpt>
      <trkpt lat="44.741958" lon="6.76667">
        <ele>1311.6</ele>
      </trkpt>
      <trkpt lat="44.742503" lon="6.766805">
        <ele>1315.5</ele>
      </trkpt>
      <trkpt lat="44.742655" lon="6.766874">
        <ele>1316.4</ele>
      </trkpt>
      <trkpt lat="44.742747" lon="6.766953">
        <ele>1316.9</ele>
      </trkpt>
      <trkpt lat="44.743066" lon="6.767342">
        <ele>1319.2</ele>
      </trkpt>
      <trkpt lat="44.743166" lon="6.767421">
        <ele>1319.8</ele>
      </trkpt>
      <trkpt lat="44.743577" lon="6.767524">
        <ele>1322.1</ele>
      </trkpt>
      <trkpt lat="44.743696" lon="6.767659">
        <ele>1322.9</ele>
      </trkpt>
      <trkpt lat="44.743868" lon="6.768087">
        <ele>1325.0</ele>
      </trkpt>
      <trkpt lat="44.743962" lon="6.768197">
        <ele>1325.8</ele>
      </trkpt>
      <trkpt lat="44.744076" lon="6.768187">
        <ele>1326.5</ele>
      </trkpt>
      <trkpt lat="44.74413" lon="6.768095">
        <ele>1327.1</ele>
      </trkpt>
      <trkpt lat="44.744138" lon="6.767952">
        <ele>1327.7</ele>
      </trkpt>
      <trkpt lat="44.744096" lon="6.767622">
        <ele>1329.2</ele>
      </trkpt>
      <trkpt lat="44.744135" lon="6.767408">
        <ele>1330.2</ele>
      </trkpt>
      <trkpt lat="44.744217" lon="6.76726">
        <ele>1331.1</ele>
      </trkpt>
      <trkpt lat="44.74437" lon="6.767182">
        <ele>1332.1</ele>
      </trkpt>
      <trkpt lat="44.744473" lon="6.767218">
        <ele>1332.8</ele>
      </trkpt>
      <trkpt lat="44.744542" lon="6.767321">
        <ele>1333.5</ele>
      </trkpt>
      <trkpt lat="44.744578" lon="6.767487">
        <ele>1334.2</ele>
      </trkpt>
      <trkpt lat="44.744563" lon="6.767685">
        <ele>1335.1</ele>
      </trkpt>
      <trkpt lat="44.744381" lon="6.768262">
        <ele>1339.7</ele>
      </trkpt>
      <trkpt lat="44.744333" lon="6.768607">
        <ele>1342.2</ele>
      </trkpt>
      <trkpt lat="44.744337" lon="6.768827">
        <ele>1343.9</ele>
      </trkpt>
      <trkpt lat="44.74437" lon="6.769073">
        <ele>1345.7</ele>
      </trkpt>
      <trkpt lat="44.744489" lon="6.769571">
        <ele>1349.6</ele>
      </trkpt>
      <trkpt lat="44.744562" lon="6.769698">
        <ele>1350.8</ele>
      </trkpt>
      <trkpt lat="44.744645" lon="6.76978">
        <ele>1351.8</ele>
      </trkpt>
      <trkpt lat="44.745026" lon="6.770019">
        <ele>1353.1</ele>
      </trkpt>
      <trkpt lat="44.745497" lon="6.770124">
        <ele>1351.3</ele>
      </trkpt>
      <trkpt lat="44.74584" lon="6.770323">
        <ele>1349.8</ele>
      </trkpt>
      <trkpt lat="44.746351" lon="6.770469">
        <ele>1347.8</ele>
      </trkpt>
      <trkpt lat="44.746703" lon="6.770694">
        <ele>1346.7</ele>
      </trkpt>
      <trkpt lat="44.746839" lon="6.77081">
        <ele>1346.4</ele>
      </trkpt>
      <trkpt lat="44.746969" lon="6.770968">
        <ele>1346.1</ele>
      </trkpt>
      <trkpt lat="44.747448" lon="6.771585">
        <ele>1344.9</ele>
      </trkpt>
      <trkpt lat="44.747606" lon="6.771833">
        <ele>1344.4</ele>
      </trkpt>
      <trkpt lat="44.747871" lon="6.772314">
        <ele>1343.6</ele>
      </trkpt>
      <trkpt lat="44.748036" lon="6.772529">
        <ele>1343.5</ele>
      </trkpt>
      <trkpt lat="44.748993" lon="6.773584">
        <ele>1342.8</ele>
      </trkpt>
      <trkpt lat="44.749481" lon="6.774325">
        <ele>1342.2</ele>
      </trkpt>
      <trkpt lat="44.749649" lon="6.77457">
        <ele>1342.0</ele>
      </trkpt>
      <trkpt lat="44.749972" lon="6.775153">
        <ele>1341.4</ele>
      </trkpt>
      <trkpt lat="44.750613" lon="6.775856">
        <ele>1340.4</ele>
      </trkpt>
      <trkpt lat="44.750706" lon="6.775994">
        <ele>1340.1</ele>
      </trkpt>
      <trkpt lat="44.751046" lon="6.776841">
        <ele>1338.7</ele>
      </trkpt>
      <trkpt lat="44.751134" lon="6.776968">
        <ele>1338.5</ele>
      </trkpt>
      <trkpt lat="44.751426" lon="6.777178">
        <ele>1337.8</ele>
      </trkpt>
      <trkpt lat="44.751523" lon="6.777278">
        <ele>1337.6</ele>
      </trkpt>
      <trkpt lat="44.752091" lon="6.778094">
        <ele>1336.5</ele>
      </trkpt>
      <trkpt lat="44.752485" lon="6.778822">
        <ele>1335.8</ele>
      </trkpt>
      <trkpt lat="44.75288" lon="6.779387">
        <ele>1335.2</ele>
      </trkpt>
      <trkpt lat="44.753084" lon="6.779788">
        <ele>1336.2</ele>
      </trkpt>
      <trkpt lat="44.753276" lon="6.780058">
        <ele>1337.0</ele>
      </trkpt>
      <trkpt lat="44.754095" lon="6.78097">
        <ele>1340.1</ele>
      </trkpt>
      <trkpt lat="44.754206" lon="6.781131">
        <ele>1340.5</ele>
      </trkpt>
      <trkpt lat="44.754393" lon="6.781528">
        <ele>1341.3</ele>
      </trkpt>
      <trkpt lat="44.754557" lon="6.782033">
        <ele>1342.2</ele>
      </trkpt>
      <trkpt lat="44.755249" lon="6.78428">
        <ele>1346.6</ele>
      </trkpt>
      <trkpt lat="44.755395" lon="6.784997">
        <ele>1348.3</ele>
      </trkpt>
      <trkpt lat="44.75544" lon="6.785343">
        <ele>1349.1</ele>
      </trkpt>
      <trkpt lat="44.755444" lon="6.7856">
        <ele>1349.7</ele>
      </trkpt>
      <trkpt lat="44.755429" lon="6.785837">
        <ele>1350.4</ele>
      </trkpt>
      <trkpt lat="44.75533" lon="6.786442">
        <ele>1355.7</ele>
      </trkpt>
      <trkpt lat="44.75533" lon="6.786442">
        <ele>1355.7</ele>
      </trkpt>
      <trkpt lat="44.755333" lon="6.786623">
        <ele>1357.2</ele>
      </trkpt>
      <trkpt lat="44.755371" lon="6.78678">
        <ele>1358.6</ele>
      </trkpt>
      <trkpt lat="44.755472" lon="6.787025">
        <ele>1361.0</ele>
      </trkpt>
      <trkpt lat="44.75575" lon="6.787679">
        <ele>1367.5</ele>
      </trkpt>
      <trkpt lat="44.755817" lon="6.78775">
        <ele>1368.5</ele>
      </trkpt>
      <trkpt lat="44.755967" lon="6.787747">
        <ele>1370.3</ele>
      </trkpt>
      <trkpt lat="44.756068" lon="6.787782">
        <ele>1371.5</ele>
      </trkpt>
      <trkpt lat="44.756211" lon="6.788004">
        <ele>1373.4</ele>
      </trkpt>
      <trkpt lat="44.75639" lon="6.78817">
        <ele>1375.4</ele>
      </trkpt>
      <trkpt lat="44.756986" lon="6.788304">
        <ele>1380.8</ele>
      </trkpt>
      <trkpt lat="44.757058" lon="6.788373">
        <ele>1381.6</ele>
      </trkpt>
      <trkpt lat="44.757099" lon="6.788506">
        <ele>1382.5</ele>
      </trkpt>
      <trkpt lat="44.757078" lon="6.788625">
        <ele>1383.3</ele>
      </trkpt>
      <trkpt lat="44.757029" lon="6.788701">
        <ele>1383.9</ele>
      </trkpt>
      <trkpt lat="44.75667" lon="6.788952">
        <ele>1387.5</ele>
      </trkpt>
      <trkpt lat="44.756519" lon="6.789118">
        <ele>1387.3</ele>
      </trkpt>
      <trkpt lat="44.75647" lon="6.789178">
        <ele>1387.1</ele>
      </trkpt>
      <trkpt lat="44.756424" lon="6.789389">
        <ele>1386.6</ele>
      </trkpt>
      <trkpt lat="44.756423" lon="6.789536">
        <ele>1386.3</ele>
      </trkpt>
      <trkpt lat="44.756423" lon="6.789561">
        <ele>1386.3</ele>
      </trkpt>
      <trkpt lat="44.756435" lon="6.789989">
        <ele>1385.4</ele>
      </trkpt>
      <trkpt lat="44.756492" lon="6.790092">
        <ele>1385.1</ele>
      </trkpt>
      <trkpt lat="44.756627" lon="6.790167">
        <ele>1384.7</ele>
      </trkpt>
      <trkpt lat="44.756662" lon="6.790128">
        <ele>1384.5</ele>
      </trkpt>
      <trkpt lat="44.756753" lon="6.790185">
        <ele>1384.2</ele>
      </trkpt>
      <trkpt lat="44.757081" lon="6.790687">
        <ele>1382.8</ele>
      </trkpt>
      <trkpt lat="44.757357" lon="6.791161">
        <ele>1383.5</ele>
      </trkpt>
      <trkpt lat="44.757763" lon="6.792013">
        <ele>1386.0</ele>
      </trkpt>
      <trkpt lat="44.757839" lon="6.792092">
        <ele>1386.3</ele>
      </trkpt>
      <trkpt lat="44.757857" lon="6.792065">
        <ele>1386.4</ele>
      </trkpt>
      <trkpt lat="44.757855" lon="6.791981">
        <ele>1386.6</ele>
      </trkpt>
      <trkpt lat="44.757703" lon="6.791668">
        <ele>1387.5</ele>
      </trkpt>
      <trkpt lat="44.757615" lon="6.791144">
        <ele>1389.4</ele>
      </trkpt>
      <trkpt lat="44.757393" lon="6.790345">
        <ele>1395.6</ele>
      </trkpt>
      <trkpt lat="44.757334" lon="6.789788">
        <ele>1399.7</ele>
      </trkpt>
      <trkpt lat="44.757291" lon="6.78935">
        <ele>1402.9</ele>
      </trkpt>
      <trkpt lat="44.757338" lon="6.789147">
        <ele>1404.5</ele>
      </trkpt>
      <trkpt lat="44.757409" lon="6.789083">
        <ele>1405.3</ele>
      </trkpt>
      <trkpt lat="44.757612" lon="6.789052">
        <ele>1407.5</ele>
      </trkpt>
      <trkpt lat="44.757652" lon="6.789015">
        <ele>1408.1</ele>
      </trkpt>
      <trkpt lat="44.757814" lon="6.788732">
        <ele>1411.3</ele>
      </trkpt>
      <trkpt lat="44.758049" lon="6.788527">
        <ele>1414.7</ele>
      </trkpt>
      <trkpt lat="44.758222" lon="6.788132">
        <ele>1418.7</ele>
      </trkpt>
      <trkpt lat="44.758448" lon="6.787919">
        <ele>1422.1</ele>
      </trkpt>
      <trkpt lat="44.758704" lon="6.787463">
        <ele>1427.2</ele>
      </trkpt>
      <trkpt lat="44.7588" lon="6.787401">
        <ele>1428.5</ele>
      </trkpt>
      <trkpt lat="44.75901" lon="6.787359">
        <ele>1430.8</ele>
      </trkpt>
      <trkpt lat="44.7591" lon="6.787294">
        <ele>1431.9</ele>
      </trkpt>
      <trkpt lat="44.759151" lon="6.78718">
        <ele>1432.9</ele>
      </trkpt>
      <trkpt lat="44.759121" lon="6.786958">
        <ele>1434.6</ele>
      </trkpt>
      <trkpt lat="44.759164" lon="6.786825">
        <ele>1435.7</ele>
      </trkpt>
      <trkpt lat="44.759623" lon="6.786538">
        <ele>1441.0</ele>
      </trkpt>
      <trkpt lat="44.759678" lon="6.78643">
        <ele>1442.0</ele>
      </trkpt>
      <trkpt lat="44.759712" lon="6.786145">
        <ele>1444.2</ele>
      </trkpt>
      <trkpt lat="44.759928" lon="6.786032">
        <ele>1446.6</ele>
      </trkpt>
      <trkpt lat="44.760118" lon="6.785719">
        <ele>1449.9</ele>
      </trkpt>
      <trkpt lat="44.760465" lon="6.785458">
        <ele>1454.7</ele>
      </trkpt>
      <trkpt lat="44.760795" lon="6.785055">
        <ele>1460.1</ele>
      </trkpt>
      <trkpt lat="44.760976" lon="6.78467">
        <ele>1464.1</ele>
      </trkpt>
      <trkpt lat="44.76119" lon="6.784406">
        <ele>1467.5</ele>
      </trkpt>
      <trkpt lat="44.761274" lon="6.78407">
        <ele>1470.6</ele>
      </trkpt>
      <trkpt lat="44.761562" lon="6.78338">
        <ele>1477.8</ele>
      </trkpt>
      <trkpt lat="44.761929" lon="6.782852">
        <ele>1484.4</ele>
      </trkpt>
      <trkpt lat="44.762133" lon="6.782387">
        <ele>1489.4</ele>
      </trkpt>
      <trkpt lat="44.762503" lon="6.781719">
        <ele>1496.9</ele>
      </trkpt>
      <trkpt lat="44.762623" lon="6.78161">
        <ele>1498.7</ele>
      </trkpt>
      <trkpt lat="44.762963" lon="6.781543">
        <ele>1503.0</ele>
      </trkpt>
      <trkpt lat="44.763404" lon="6.781326">
        <ele>1508.9</ele>
      </trkpt>
      <trkpt lat="44.76386" lon="6.781162">
        <ele>1514.8</ele>
      </trkpt>
      <trkpt lat="44.763952" lon="6.781102">
        <ele>1516.1</ele>
      </trkpt>
      <trkpt lat="44.764295" lon="6.78074">
        <ele>1521.1</ele>
      </trkpt>
      <trkpt lat="44.764402" lon="6.780531">
        <ele>1523.2</ele>
      </trkpt>
      <trkpt lat="44.76447" lon="6.780255">
        <ele>1525.7</ele>
      </trkpt>
      <trkpt lat="44.764667" lon="6.779854">
        <ele>1529.7</ele>
      </trkpt>
      <trkpt lat="44.764718" lon="6.779696">
        <ele>1531.2</ele>
      </trkpt>
      <trkpt lat="44.764716" lon="6.779185">
        <ele>1535.4</ele>
      </trkpt>
      <trkpt lat="44.764783" lon="6.778895">
        <ele>1537.8</ele>
      </trkpt>
      <trkpt lat="44.765001" lon="6.778491">
        <ele>1541.6</ele>
      </trkpt>
      <trkpt lat="44.765268" lon="6.778271">
        <ele>1544.8</ele>
      </trkpt>
      <trkpt lat="44.765298" lon="6.778212">
        <ele>1545.4</ele>
      </trkpt>
      <trkpt lat="44.765365" lon="6.777968">
        <ele>1547.3</ele>
      </trkpt>
      <trkpt lat="44.765476" lon="6.777681">
        <ele>1549.7</ele>
      </trkpt>
      <trkpt lat="44.765664" lon="6.777667">
        <ele>1551.7</ele>
      </trkpt>
      <trkpt lat="44.765842" lon="6.777719">
        <ele>1553.6</ele>
      </trkpt>
      <trkpt lat="44.766551" lon="6.777977">
        <ele>1560.8</ele>
      </trkpt>
      <trkpt lat="44.76671" lon="6.77811">
        <ele>1562.5</ele>
      </trkpt>
      <trkpt lat="44.767009" lon="6.778484">
        <ele>1566.4</ele>
      </trkpt>
      <trkpt lat="44.767091" lon="6.778531">
        <ele>1567.2</ele>
      </trkpt>
      <trkpt lat="44.767154" lon="6.778512">
        <ele>1567.8</ele>
      </trkpt>
      <trkpt lat="44.767166" lon="6.778473">
        <ele>1568.1</ele>
      </trkpt>
      <trkpt lat="44.767149" lon="6.778361">
        <ele>1568.9</ele>
      </trkpt>
      <trkpt lat="44.766965" lon="6.777988">
        <ele>1572.0</ele>
      </trkpt>
      <trkpt lat="44.766613" lon="6.777502">
        <ele>1577.5</ele>
      </trkpt>
      <trkpt lat="44.76631" lon="6.776829">
        <ele>1583.9</ele>
      </trkpt>
      <trkpt lat="44.766301" lon="6.776667">
        <ele>1585.2</ele>
      </trkpt>
      <trkpt lat="44.766412" lon="6.776456">
        <ele>1587.3</ele>
      </trkpt>
      <trkpt lat="44.766562" lon="6.776043">
        <ele>1591.1</ele>
      </trkpt>
      <trkpt lat="44.766602" lon="6.775292">
        <ele>1599.0</ele>
      </trkpt>
      <trkpt lat="44.766694" lon="6.774911">
        <ele>1603.8</ele>
      </trkpt>
      <trkpt lat="44.766793" lon="6.774305">
        <ele>1611.1</ele>
      </trkpt>
      <trkpt lat="44.766901" lon="6.774141">
        <ele>1613.8</ele>
      </trkpt>
      <trkpt lat="44.767172" lon="6.773908">
        <ele>1619.0</ele>
      </trkpt>
      <trkpt lat="44.767254" lon="6.773781">
        <ele>1621.1</ele>
      </trkpt>
      <trkpt lat="44.767365" lon="6.773439">
        <ele>1625.4</ele>
      </trkpt>
      <trkpt lat="44.76747" lon="6.773248">
        <ele>1628.1</ele>
      </trkpt>
      <trkpt lat="44.767823" lon="6.772364">
        <ele>1639.5</ele>
      </trkpt>
      <trkpt lat="44.767847" lon="6.772202">
        <ele>1641.3</ele>
      </trkpt>
      <trkpt lat="44.767834" lon="6.771964">
        <ele>1644.0</ele>
      </trkpt>
      <trkpt lat="44.767855" lon="6.77176">
        <ele>1646.3</ele>
      </trkpt>
      <trkpt lat="44.768077" lon="6.771087">
        <ele>1653.5</ele>
      </trkpt>
      <trkpt lat="44.768121" lon="6.770994">
        <ele>1654.4</ele>
      </trkpt>
      <trkpt lat="44.768545" lon="6.770484">
        <ele>1660.4</ele>
      </trkpt>
      <trkpt lat="44.768582" lon="6.770079">
        <ele>1663.5</ele>
      </trkpt>
      <trkpt lat="44.768643" lon="6.769981">
        <ele>1664.5</ele>
      </trkpt>
      <trkpt lat="44.768892" lon="6.769838">
        <ele>1667.4</ele>
      </trkpt>
      <trkpt lat="44.768942" lon="6.769831">
        <ele>1667.9</ele>
      </trkpt>
      <trkpt lat="44.768976" lon="6.769888">
        <ele>1668.5</ele>
      </trkpt>
      <trkpt lat="44.768947" lon="6.769968">
        <ele>1669.1</ele>
      </trkpt>
      <trkpt lat="44.768759" lon="6.770083">
        <ele>1671.2</ele>
      </trkpt>
      <trkpt lat="44.7687" lon="6.770188">
        <ele>1671.9</ele>
      </trkpt>
      <trkpt lat="44.768686" lon="6.770264">
        <ele>1672.4</ele>
      </trkpt>
      <trkpt lat="44.768724" lon="6.770581">
        <ele>1674.2</ele>
      </trkpt>
      <trkpt lat="44.76857" lon="6.771065">
        <ele>1677.3</ele>
      </trkpt>
      <trkpt lat="44.768558" lon="6.771577">
        <ele>1680.2</ele>
      </trkpt>
      <trkpt lat="44.768587" lon="6.771793">
        <ele>1681.5</ele>
      </trkpt>
      <trkpt lat="44.768777" lon="6.772267">
        <ele>1684.6</ele>
      </trkpt>
      <trkpt lat="44.76884" lon="6.77276">
        <ele>1689.5</ele>
      </trkpt>
      <trkpt lat="44.768846" lon="6.772989">
        <ele>1692.0</ele>
      </trkpt>
      <trkpt lat="44.768793" lon="6.77345">
        <ele>1697.0</ele>
      </trkpt>
      <trkpt lat="44.768804" lon="6.773524">
        <ele>1697.8</ele>
      </trkpt>
      <trkpt lat="44.769057" lon="6.773948">
        <ele>1703.7</ele>
      </trkpt>
      <trkpt lat="44.76913" lon="6.774245">
        <ele>1707.1</ele>
      </trkpt>
      <trkpt lat="44.769168" lon="6.774235">
        <ele>1707.7</ele>
      </trkpt>
      <trkpt lat="44.769187" lon="6.774144">
        <ele>1708.7</ele>
      </trkpt>
      <trkpt lat="44.769107" lon="6.773633">
        <ele>1713.7</ele>
      </trkpt>
      <trkpt lat="44.769112" lon="6.773409">
        <ele>1715.4</ele>
      </trkpt>
      <trkpt lat="44.769546" lon="6.772867">
        <ele>1721.6</ele>
      </trkpt>
      <trkpt lat="44.769668" lon="6.772523">
        <ele>1724.5</ele>
      </trkpt>
      <trkpt lat="44.769843" lon="6.771762">
        <ele>1730.5</ele>
      </trkpt>
      <trkpt lat="44.769877" lon="6.771709">
        <ele>1731.1</ele>
      </trkpt>
      <trkpt lat="44.769949" lon="6.771698">
        <ele>1731.8</ele>
      </trkpt>
      <trkpt lat="44.770352" lon="6.771961">
        <ele>1736.3</ele>
      </trkpt>
      <trkpt lat="44.770404" lon="6.77196">
        <ele>1736.8</ele>
      </trkpt>
      <trkpt lat="44.770446" lon="6.771922">
        <ele>1737.3</ele>
      </trkpt>
      <trkpt lat="44.77066" lon="6.771072">
        <ele>1743.8</ele>
      </trkpt>
      <trkpt lat="44.770782" lon="6.77085">
        <ele>1745.8</ele>
      </trkpt>
      <trkpt lat="44.770856" lon="6.770775">
        <ele>1746.7</ele>
      </trkpt>
      <trkpt lat="44.77093" lon="6.77075">
        <ele>1747.5</ele>
      </trkpt>
      <trkpt lat="44.771142" lon="6.7708">
        <ele>1749.7</ele>
      </trkpt>
      <trkpt lat="44.771237" lon="6.770778">
        <ele>1751.0</ele>
      </trkpt>
      <trkpt lat="44.771601" lon="6.770541">
        <ele>1756.6</ele>
      </trkpt>
      <trkpt lat="44.771999" lon="6.769881">
        <ele>1765.2</ele>
      </trkpt>
      <trkpt lat="44.772242" lon="6.769602">
        <ele>1769.6</ele>
      </trkpt>
      <trkpt lat="44.772332" lon="6.769442">
        <ele>1771.6</ele>
      </trkpt>
      <trkpt lat="44.772457" lon="6.769344">
        <ele>1773.6</ele>
      </trkpt>
      <trkpt lat="44.772537" lon="6.769326">
        <ele>1774.7</ele>
      </trkpt>
      <trkpt lat="44.772703" lon="6.769354">
        <ele>1777.2</ele>
      </trkpt>
      <trkpt lat="44.773602" lon="6.769895">
        <ele>1792.0</ele>
      </trkpt>
      <trkpt lat="44.773657" lon="6.769905">
        <ele>1792.9</ele>
      </trkpt>
      <trkpt lat="44.773716" lon="6.769825">
        <ele>1794.1</ele>
      </trkpt>
      <trkpt lat="44.773755" lon="6.769645">
        <ele>1796.1</ele>
      </trkpt>
      <trkpt lat="44.773749" lon="6.769542">
        <ele>1797.2</ele>
      </trkpt>
      <trkpt lat="44.773692" lon="6.769328">
        <ele>1799.7</ele>
      </trkpt>
      <trkpt lat="44.773696" lon="6.769188">
        <ele>1801.2</ele>
      </trkpt>
      <trkpt lat="44.77378" lon="6.769033">
        <ele>1802.5</ele>
      </trkpt>
      <trkpt lat="44.77386" lon="6.768977">
        <ele>1803.1</ele>
      </trkpt>
      <trkpt lat="44.774163" lon="6.768872">
        <ele>1805.4</ele>
      </trkpt>
      <trkpt lat="44.77427" lon="6.7689">
        <ele>1806.1</ele>
      </trkpt>
      <trkpt lat="44.774617" lon="6.769153">
        <ele>1808.9</ele>
      </trkpt>
      <trkpt lat="44.774695" lon="6.769188">
        <ele>1809.5</ele>
      </trkpt>
      <trkpt lat="44.774865" lon="6.769198">
        <ele>1810.7</ele>
      </trkpt>
      <trkpt lat="44.774949" lon="6.769078">
        <ele>1811.5</ele>
      </trkpt>
      <trkpt lat="44.775036" lon="6.768726">
        <ele>1813.4</ele>
      </trkpt>
      <trkpt lat="44.775118" lon="6.768594">
        <ele>1814.3</ele>
      </trkpt>
      <trkpt lat="44.775214" lon="6.768457">
        <ele>1814.5</ele>
      </trkpt>
      <trkpt lat="44.775318" lon="6.768363">
        <ele>1814.3</ele>
      </trkpt>
      <trkpt lat="44.775629" lon="6.768204">
        <ele>1813.8</ele>
      </trkpt>
      <trkpt lat="44.775805" lon="6.768042">
        <ele>1813.5</ele>
      </trkpt>
      <trkpt lat="44.776061" lon="6.767772">
        <ele>1813.0</ele>
      </trkpt>
      <trkpt lat="44.776168" lon="6.767505">
        <ele>1812.7</ele>
      </trkpt>
      <trkpt lat="44.776181" lon="6.767259">
        <ele>1812.4</ele>
      </trkpt>
      <trkpt lat="44.776161" lon="6.767198">
        <ele>1812.3</ele>
      </trkpt>
      <trkpt lat="44.776104" lon="6.767213">
        <ele>1812.2</ele>
      </trkpt>
      <trkpt lat="44.776058" lon="6.767385">
        <ele>1812.0</ele>
      </trkpt>
      <trkpt lat="44.775981" lon="6.767543">
        <ele>1811.8</ele>
      </trkpt>
      <trkpt lat="44.775925" lon="6.767584">
        <ele>1811.5</ele>
      </trkpt>
      <trkpt lat="44.775883" lon="6.76758">
        <ele>1811.4</ele>
      </trkpt>
      <trkpt lat="44.77587" lon="6.767514">
        <ele>1811.2</ele>
      </trkpt>
      <trkpt lat="44.775944" lon="6.767349">
        <ele>1810.8</ele>
      </trkpt>
      <trkpt lat="44.775967" lon="6.766816">
        <ele>1809.5</ele>
      </trkpt>
      <trkpt lat="44.776008" lon="6.766588">
        <ele>1808.9</ele>
      </trkpt>
      <trkpt lat="44.776073" lon="6.766411">
        <ele>1808.5</ele>
      </trkpt>
      <trkpt lat="44.776133" lon="6.766349">
        <ele>1808.2</ele>
      </trkpt>
      <trkpt lat="44.776209" lon="6.766324">
        <ele>1807.9</ele>
      </trkpt>
      <trkpt lat="44.776525" lon="6.766324">
        <ele>1806.9</ele>
      </trkpt>
      <trkpt lat="44.776697" lon="6.766242">
        <ele>1806.3</ele>
      </trkpt>
      <trkpt lat="44.776742" lon="6.766185">
        <ele>1806.1</ele>
      </trkpt>
      <trkpt lat="44.776717" lon="6.76608">
        <ele>1805.9</ele>
      </trkpt>
      <trkpt lat="44.776435" lon="6.765798">
        <ele>1806.3</ele>
      </trkpt>
      <trkpt lat="44.776377" lon="6.765719">
        <ele>1806.4</ele>
      </trkpt>
      <trkpt lat="44.776212" lon="6.765623">
        <ele>1806.6</ele>
      </trkpt>
      <trkpt lat="44.776146" lon="6.765469">
        <ele>1806.7</ele>
      </trkpt>
      <trkpt lat="44.776081" lon="6.765141">
        <ele>1807.0</ele>
      </trkpt>
      <trkpt lat="44.775968" lon="6.765027">
        <ele>1807.2</ele>
      </trkpt>
      <trkpt lat="44.775741" lon="6.764888">
        <ele>1807.5</ele>
      </trkpt>
      <trkpt lat="44.775466" lon="6.764882">
        <ele>1807.8</ele>
      </trkpt>
      <trkpt lat="44.775322" lon="6.764969">
        <ele>1808.0</ele>
      </trkpt>
      <trkpt lat="44.775167" lon="6.765226">
        <ele>1808.2</ele>
      </trkpt>
      <trkpt lat="44.775032" lon="6.765341">
        <ele>1808.3</ele>
      </trkpt>
      <trkpt lat="44.774822" lon="6.765423">
        <ele>1808.5</ele>
      </trkpt>
      <trkpt lat="44.774638" lon="6.765618">
        <ele>1808.7</ele>
      </trkpt>
      <trkpt lat="44.774516" lon="6.765686">
        <ele>1808.8</ele>
      </trkpt>
      <trkpt lat="44.774295" lon="6.765693">
        <ele>1809.0</ele>
      </trkpt>
      <trkpt lat="44.774169" lon="6.765657">
        <ele>1809.1</ele>
      </trkpt>
      <trkpt lat="44.773914" lon="6.765405">
        <ele>1809.4</ele>
      </trkpt>
      <trkpt lat="44.773599" lon="6.764883">
        <ele>1810.7</ele>
      </trkpt>
      <trkpt lat="44.773445" lon="6.764712">
        <ele>1811.5</ele>
      </trkpt>
      <trkpt lat="44.773029" lon="6.764679">
        <ele>1813.0</ele>
      </trkpt>
      <trkpt lat="44.772886" lon="6.764629">
        <ele>1813.5</ele>
      </trkpt>
      <trkpt lat="44.772225" lon="6.764659">
        <ele>1815.9</ele>
      </trkpt>
      <trkpt lat="44.77199" lon="6.764608">
        <ele>1816.4</ele>
      </trkpt>
      <trkpt lat="44.771831" lon="6.764574">
        <ele>1816.7</ele>
      </trkpt>
      <trkpt lat="44.771716" lon="6.764579">
        <ele>1816.9</ele>
      </trkpt>
      <trkpt lat="44.771544" lon="6.764686">
        <ele>1817.2</ele>
      </trkpt>
      <trkpt lat="44.77139" lon="6.764704">
        <ele>1817.4</ele>
      </trkpt>
      <trkpt lat="44.771203" lon="6.764684">
        <ele>1817.7</ele>
      </trkpt>
      <trkpt lat="44.770991" lon="6.764941">
        <ele>1818.2</ele>
      </trkpt>
      <trkpt lat="44.77083" lon="6.765046">
        <ele>1818.5</ele>
      </trkpt>
      <trkpt lat="44.770632" lon="6.765099">
        <ele>1818.8</ele>
      </trkpt>
      <trkpt lat="44.769918" lon="6.765604">
        <ele>1818.9</ele>
      </trkpt>
      <trkpt lat="44.769629" lon="6.765984">
        <ele>1818.8</ele>
      </trkpt>
      <trkpt lat="44.76955" lon="6.766031">
        <ele>1818.8</ele>
      </trkpt>
      <trkpt lat="44.769428" lon="6.766049">
        <ele>1818.8</ele>
      </trkpt>
      <trkpt lat="44.768681" lon="6.765874">
        <ele>1817.8</ele>
      </trkpt>
      <trkpt lat="44.768528" lon="6.765936">
        <ele>1817.1</ele>
      </trkpt>
      <trkpt lat="44.768476" lon="6.766049">
        <ele>1816.7</ele>
      </trkpt>
      <trkpt lat="44.768448" lon="6.766256">
        <ele>1816.1</ele>
      </trkpt>
      <trkpt lat="44.768293" lon="6.766849">
        <ele>1814.3</ele>
      </trkpt>
      <trkpt lat="44.768173" lon="6.76707">
        <ele>1813.5</ele>
      </trkpt>
      <trkpt lat="44.767993" lon="6.767325">
        <ele>1812.4</ele>
      </trkpt>
      <trkpt lat="44.767652" lon="6.767607">
        <ele>1811.5</ele>
      </trkpt>
      <trkpt lat="44.767115" lon="6.767863">
        <ele>1812.6</ele>
      </trkpt>
      <trkpt lat="44.766905" lon="6.767885">
        <ele>1813.0</ele>
      </trkpt>
      <trkpt lat="44.766278" lon="6.767574">
        <ele>1814.3</ele>
      </trkpt>
      <trkpt lat="44.76546" lon="6.767439">
        <ele>1818.7</ele>
      </trkpt>
      <trkpt lat="44.7652" lon="6.767423">
        <ele>1820.5</ele>
      </trkpt>
      <trkpt lat="44.764983" lon="6.767478">
        <ele>1822.0</ele>
      </trkpt>
      <trkpt lat="44.764683" lon="6.767639">
        <ele>1824.1</ele>
      </trkpt>
      <trkpt lat="44.764504" lon="6.767695">
        <ele>1825.3</ele>
      </trkpt>
      <trkpt lat="44.764326" lon="6.767783">
        <ele>1826.6</ele>
      </trkpt>
      <trkpt lat="44.764269" lon="6.767853">
        <ele>1827.1</ele>
      </trkpt>
      <trkpt lat="44.764163" lon="6.767836">
        <ele>1827.7</ele>
      </trkpt>
      <trkpt lat="44.764146" lon="6.767774">
        <ele>1828.0</ele>
      </trkpt>
      <trkpt lat="44.764168" lon="6.76769">
        <ele>1828.4</ele>
      </trkpt>
      <trkpt lat="44.764724" lon="6.767259">
        <ele>1832.4</ele>
      </trkpt>
      <trkpt lat="44.76476" lon="6.76713">
        <ele>1833.0</ele>
      </trkpt>
      <trkpt lat="44.764741" lon="6.767062">
        <ele>1833.3</ele>
      </trkpt>
      <trkpt lat="44.764674" lon="6.766999">
        <ele>1833.8</ele>
      </trkpt>
      <trkpt lat="44.76437" lon="6.766947">
        <ele>1835.7</ele>
      </trkpt>
      <trkpt lat="44.764121" lon="6.766724">
        <ele>1837.5</ele>
      </trkpt>
      <trkpt lat="44.764013" lon="6.766712">
        <ele>1838.1</ele>
      </trkpt>
      <trkpt lat="44.763624" lon="6.76682">
        <ele>1839.1</ele>
      </trkpt>
      <trkpt lat="44.762981" lon="6.766743">
        <ele>1840.8</ele>
      </trkpt>
      <trkpt lat="44.762823" lon="6.76667">
        <ele>1841.2</ele>
      </trkpt>
      <trkpt lat="44.761859" lon="6.766066">
        <ele>1844.6</ele>
      </trkpt>
      <trkpt lat="44.761474" lon="6.76592">
        <ele>1846.1</ele>
      </trkpt>
      <trkpt lat="44.761134" lon="6.765735">
        <ele>1847.4</ele>
      </trkpt>
      <trkpt lat="44.761025" lon="6.765588">
        <ele>1848.0</ele>
      </trkpt>
      <trkpt lat="44.760976" lon="6.765398">
        <ele>1848.5</ele>
      </trkpt>
      <trkpt lat="44.761001" lon="6.765248">
        <ele>1848.9</ele>
      </trkpt>
      <trkpt lat="44.76105" lon="6.765143">
        <ele>1849.3</ele>
      </trkpt>
      <trkpt lat="44.761258" lon="6.764981">
        <ele>1850.5</ele>
      </trkpt>
      <trkpt lat="44.761604" lon="6.764834">
        <ele>1852.4</ele>
      </trkpt>
      <trkpt lat="44.76201" lon="6.76479">
        <ele>1854.6</ele>
      </trkpt>
      <trkpt lat="44.762082" lon="6.764721">
        <ele>1855.0</ele>
      </trkpt>
      <trkpt lat="44.762129" lon="6.764558">
        <ele>1855.7</ele>
      </trkpt>
      <trkpt lat="44.762136" lon="6.76433">
        <ele>1856.6</ele>
      </trkpt>
      <trkpt lat="44.762078" lon="6.764054">
        <ele>1857.6</ele>
      </trkpt>
      <trkpt lat="44.762065" lon="6.763811">
        <ele>1858.6</ele>
      </trkpt>
      <trkpt lat="44.762093" lon="6.763124">
        <ele>1862.0</ele>
      </trkpt>
      <trkpt lat="44.762152" lon="6.763028">
        <ele>1862.6</ele>
      </trkpt>
      <trkpt lat="44.762196" lon="6.763003">
        <ele>1863.0</ele>
      </trkpt>
      <trkpt lat="44.762519" lon="6.763024">
        <ele>1865.3</ele>
      </trkpt>
      <trkpt lat="44.762732" lon="6.76299">
        <ele>1866.9</ele>
      </trkpt>
      <trkpt lat="44.763253" lon="6.762731">
        <ele>1870.9</ele>
      </trkpt>
      <trkpt lat="44.763332" lon="6.762656">
        <ele>1871.6</ele>
      </trkpt>
      <trkpt lat="44.763447" lon="6.762494">
        <ele>1872.8</ele>
      </trkpt>
      <trkpt lat="44.763619" lon="6.762072">
        <ele>1875.2</ele>
      </trkpt>
      <trkpt lat="44.764017" lon="6.761601">
        <ele>1878.8</ele>
      </trkpt>
      <trkpt lat="44.764475" lon="6.761141">
        <ele>1882.7</ele>
      </trkpt>
      <trkpt lat="44.764579" lon="6.760799">
        <ele>1884.6</ele>
      </trkpt>
      <trkpt lat="44.764722" lon="6.760595">
        <ele>1885.4</ele>
      </trkpt>
      <trkpt lat="44.764929" lon="6.760441">
        <ele>1886.4</ele>
      </trkpt>
      <trkpt lat="44.765205" lon="6.760396">
        <ele>1887.5</ele>
      </trkpt>
      <trkpt lat="44.765394" lon="6.760433">
        <ele>1888.3</ele>
      </trkpt>
      <trkpt lat="44.765648" lon="6.760582">
        <ele>1889.4</ele>
      </trkpt>
      <trkpt lat="44.765748" lon="6.760564">
        <ele>1889.8</ele>
      </trkpt>
      <trkpt lat="44.76616" lon="6.760041">
        <ele>1892.0</ele>
      </trkpt>
      <trkpt lat="44.766254" lon="6.759953">
        <ele>1892.2</ele>
      </trkpt>
      <trkpt lat="44.766496" lon="6.759809">
        <ele>1892.8</ele>
      </trkpt>
      <trkpt lat="44.766718" lon="6.759611">
        <ele>1893.3</ele>
      </trkpt>
      <trkpt lat="44.766871" lon="6.75938">
        <ele>1893.8</ele>
      </trkpt>
      <trkpt lat="44.766976" lon="6.759147">
        <ele>1894.2</ele>
      </trkpt>
      <trkpt lat="44.767025" lon="6.759029">
        <ele>1894.4</ele>
      </trkpt>
      <trkpt lat="44.767052" lon="6.758608">
        <ele>1895.0</ele>
      </trkpt>
      <trkpt lat="44.767157" lon="6.758205">
        <ele>1895.7</ele>
      </trkpt>
      <trkpt lat="44.767203" lon="6.75805">
        <ele>1895.7</ele>
      </trkpt>
      <trkpt lat="44.76738" lon="6.757688">
        <ele>1895.6</ele>
      </trkpt>
      <trkpt lat="44.767398" lon="6.757572">
        <ele>1895.6</ele>
      </trkpt>
      <trkpt lat="44.7674" lon="6.757158">
        <ele>1895.5</ele>
      </trkpt>
      <trkpt lat="44.767506" lon="6.756601">
        <ele>1895.4</ele>
      </trkpt>
      <trkpt lat="44.767577" lon="6.75634">
        <ele>1895.4</ele>
      </trkpt>
      <trkpt lat="44.767812" lon="6.755864">
        <ele>1895.3</ele>
      </trkpt>
      <trkpt lat="44.767955" lon="6.755268">
        <ele>1895.0</ele>
      </trkpt>
      <trkpt lat="44.768021" lon="6.755126">
        <ele>1894.9</ele>
      </trkpt>
      <trkpt lat="44.768173" lon="6.754926">
        <ele>1894.8</ele>
      </trkpt>
      <trkpt lat="44.768269" lon="6.754696">
        <ele>1894.7</ele>
      </trkpt>
      <trkpt lat="44.768399" lon="6.754496">
        <ele>1894.6</ele>
      </trkpt>
      <trkpt lat="44.76843" lon="6.754376">
        <ele>1894.5</ele>
      </trkpt>
      <trkpt lat="44.768449" lon="6.754258">
        <ele>1894.5</ele>
      </trkpt>
      <trkpt lat="44.768444" lon="6.754026">
        <ele>1894.3</ele>
      </trkpt>
      <trkpt lat="44.768355" lon="6.75375">
        <ele>1894.2</ele>
      </trkpt>
      <trkpt lat="44.768342" lon="6.753627">
        <ele>1894.2</ele>
      </trkpt>
      <trkpt lat="44.768399" lon="6.753032">
        <ele>1894.4</ele>
      </trkpt>
      <trkpt lat="44.768394" lon="6.752901">
        <ele>1894.4</ele>
      </trkpt>
      <trkpt lat="44.768294" lon="6.752361">
        <ele>1894.6</ele>
      </trkpt>
      <trkpt lat="44.768304" lon="6.752285">
        <ele>1894.6</ele>
      </trkpt>
      <trkpt lat="44.768337" lon="6.752234">
        <ele>1894.6</ele>
      </trkpt>
      <trkpt lat="44.768504" lon="6.752172">
        <ele>1894.7</ele>
      </trkpt>
      <trkpt lat="44.768887" lon="6.752202">
        <ele>1894.9</ele>
      </trkpt>
      <trkpt lat="44.769075" lon="6.752178">
        <ele>1894.9</ele>
      </trkpt>
      <trkpt lat="44.769361" lon="6.751914">
        <ele>1895.9</ele>
      </trkpt>
      <trkpt lat="44.769656" lon="6.751811">
        <ele>1896.7</ele>
      </trkpt>
      <trkpt lat="44.769728" lon="6.751742">
        <ele>1896.9</ele>
      </trkpt>
      <trkpt lat="44.769871" lon="6.751556">
        <ele>1897.5</ele>
      </trkpt>
      <trkpt lat="44.77013" lon="6.751298">
        <ele>1898.3</ele>
      </trkpt>
      <trkpt lat="44.770145" lon="6.751101">
        <ele>1898.7</ele>
      </trkpt>
      <trkpt lat="44.77013" lon="6.750923">
        <ele>1899.1</ele>
      </trkpt>
      <trkpt lat="44.770057" lon="6.750566">
        <ele>1899.8</ele>
      </trkpt>
      <trkpt lat="44.769923" lon="6.750144">
        <ele>1898.0</ele>
      </trkpt>
      <trkpt lat="44.769687" lon="6.749671">
        <ele>1895.3</ele>
      </trkpt>
      <trkpt lat="44.769582" lon="6.749189">
        <ele>1892.9</ele>
      </trkpt>
      <trkpt lat="44.769588" lon="6.748733">
        <ele>1890.8</ele>
      </trkpt>
      <trkpt lat="44.769545" lon="6.748117">
        <ele>1887.9</ele>
      </trkpt>
      <trkpt lat="44.769636" lon="6.747657">
        <ele>1885.8</ele>
      </trkpt>
      <trkpt lat="44.769827" lon="6.74715">
        <ele>1883.1</ele>
      </trkpt>
      <trkpt lat="44.77107" lon="6.74574">
        <ele>1872.9</ele>
      </trkpt>
      <trkpt lat="44.77138" lon="6.745479">
        <ele>1870.6</ele>
      </trkpt>
      <trkpt lat="44.772021" lon="6.745165">
        <ele>1866.3</ele>
      </trkpt>
      <trkpt lat="44.772485" lon="6.745029">
        <ele>1862.1</ele>
      </trkpt>
      <trkpt lat="44.772674" lon="6.745041">
        <ele>1860.1</ele>
      </trkpt>
      <trkpt lat="44.772854" lon="6.74486">
        <ele>1857.7</ele>
      </trkpt>
      <trkpt lat="44.773043" lon="6.744364">
        <ele>1853.4</ele>
      </trkpt>
      <trkpt lat="44.773113" lon="6.744018">
        <ele>1850.7</ele>
      </trkpt>
      <trkpt lat="44.773249" lon="6.743882">
        <ele>1848.9</ele>
      </trkpt>
      <trkpt lat="44.773538" lon="6.743732">
        <ele>1845.7</ele>
      </trkpt>
      <trkpt lat="44.773799" lon="6.743469">
        <ele>1842.9</ele>
      </trkpt>
      <trkpt lat="44.773939" lon="6.743373">
        <ele>1841.5</ele>
      </trkpt>
      <trkpt lat="44.774143" lon="6.743307">
        <ele>1839.7</ele>
      </trkpt>
      <trkpt lat="44.774341" lon="6.743334">
        <ele>1837.9</ele>
      </trkpt>
      <trkpt lat="44.774492" lon="6.743416">
        <ele>1836.5</ele>
      </trkpt>
      <trkpt lat="44.775253" lon="6.743214">
        <ele>1829.7</ele>
      </trkpt>
      <trkpt lat="44.775507" lon="6.743113">
        <ele>1826.9</ele>
      </trkpt>
      <trkpt lat="44.775895" lon="6.742787">
        <ele>1822.1</ele>
      </trkpt>
      <trkpt lat="44.776141" lon="6.742646">
        <ele>1819.3</ele>
      </trkpt>
      <trkpt lat="44.776871" lon="6.742242">
        <ele>1811.0</ele>
      </trkpt>
      <trkpt lat="44.777134" lon="6.742132">
        <ele>1808.7</ele>
      </trkpt>
      <trkpt lat="44.777844" lon="6.741928">
        <ele>1802.4</ele>
      </trkpt>
      <trkpt lat="44.77876" lon="6.741774">
        <ele>1794.6</ele>
      </trkpt>
      <trkpt lat="44.779006" lon="6.741578">
        <ele>1792.7</ele>
      </trkpt>
      <trkpt lat="44.780504" lon="6.741425">
        <ele>1782.3</ele>
      </trkpt>
      <trkpt lat="44.780933" lon="6.741251">
        <ele>1779.3</ele>
      </trkpt>
      <trkpt lat="44.781016" lon="6.741244">
        <ele>1778.8</ele>
      </trkpt>
      <trkpt lat="44.781097" lon="6.741276">
        <ele>1778.2</ele>
      </trkpt>
      <trkpt lat="44.781245" lon="6.741441">
        <ele>1777.0</ele>
      </trkpt>
      <trkpt lat="44.781347" lon="6.741504">
        <ele>1776.2</ele>
      </trkpt>
      <trkpt lat="44.782012" lon="6.741606">
        <ele>1771.8</ele>
      </trkpt>
      <trkpt lat="44.782355" lon="6.741881">
        <ele>1768.2</ele>
      </trkpt>
      <trkpt lat="44.782763" lon="6.742465">
        <ele>1762.4</ele>
      </trkpt>
      <trkpt lat="44.782847" lon="6.742545">
        <ele>1761.4</ele>
      </trkpt>
      <trkpt lat="44.782938" lon="6.742585">
        <ele>1760.4</ele>
      </trkpt>
      <trkpt lat="44.782996" lon="6.742573">
        <ele>1759.8</ele>
      </trkpt>
      <trkpt lat="44.783098" lon="6.742501">
        <ele>1758.7</ele>
      </trkpt>
      <trkpt lat="44.783185" lon="6.742351">
        <ele>1757.3</ele>
      </trkpt>
      <trkpt lat="44.78324" lon="6.742074">
        <ele>1755.3</ele>
      </trkpt>
      <trkpt lat="44.783232" lon="6.741785">
        <ele>1753.2</ele>
      </trkpt>
      <trkpt lat="44.783185" lon="6.741424">
        <ele>1749.4</ele>
      </trkpt>
      <trkpt lat="44.78277" lon="6.740306">
        <ele>1736.0</ele>
      </trkpt>
      <trkpt lat="44.782632" lon="6.74001">
        <ele>1732.3</ele>
      </trkpt>
      <trkpt lat="44.782421" lon="6.739641">
        <ele>1727.3</ele>
      </trkpt>
      <trkpt lat="44.78228" lon="6.739275">
        <ele>1722.9</ele>
      </trkpt>
      <trkpt lat="44.782215" lon="6.738975">
        <ele>1719.6</ele>
      </trkpt>
      <trkpt lat="44.782115" lon="6.738263">
        <ele>1712.0</ele>
      </trkpt>
      <trkpt lat="44.781766" lon="6.737401">
        <ele>1701.6</ele>
      </trkpt>
      <trkpt lat="44.78168" lon="6.737122">
        <ele>1699.0</ele>
      </trkpt>
      <trkpt lat="44.781563" lon="6.736645">
        <ele>1695.6</ele>
      </trkpt>
      <trkpt lat="44.781384" lon="6.736287">
        <ele>1692.7</ele>
      </trkpt>
      <trkpt lat="44.781188" lon="6.736051">
        <ele>1690.3</ele>
      </trkpt>
      <trkpt lat="44.781228" lon="6.735851">
        <ele>1689.0</ele>
      </trkpt>
      <trkpt lat="44.781428" lon="6.735451">
        <ele>1685.7</ele>
      </trkpt>
      <trkpt lat="44.78137" lon="6.734945">
        <ele>1683.3</ele>
      </trkpt>
      <trkpt lat="44.781423" lon="6.734935">
        <ele>1683.4</ele>
      </trkpt>
      <trkpt lat="44.781508" lon="6.734934">
        <ele>1683.6</ele>
      </trkpt>
      <trkpt lat="44.781823" lon="6.734945">
        <ele>1684.1</ele>
      </trkpt>
      <trkpt lat="44.781859" lon="6.734946">
        <ele>1684.2</ele>
      </trkpt>
      <trkpt lat="44.782025" lon="6.734953">
        <ele>1684.4</ele>
      </trkpt>
      <trkpt lat="44.78268" lon="6.734933">
        <ele>1685.6</ele>
      </trkpt>
      <trkpt lat="44.78318" lon="6.734829">
        <ele>1687.0</ele>
      </trkpt>
      <trkpt lat="44.7837" lon="6.73467">
        <ele>1690.9</ele>
      </trkpt>
      <trkpt lat="44.784087" lon="6.734442">
        <ele>1694.0</ele>
      </trkpt>
      <trkpt lat="44.784282" lon="6.734327">
        <ele>1695.6</ele>
      </trkpt>
      <trkpt lat="44.785334" lon="6.733678">
        <ele>1704.3</ele>
      </trkpt>
      <trkpt lat="44.786062" lon="6.733249">
        <ele>1710.6</ele>
      </trkpt>
      <trkpt lat="44.786347" lon="6.733148">
        <ele>1712.9</ele>
      </trkpt>
      <trkpt lat="44.786848" lon="6.733067">
        <ele>1716.9</ele>
      </trkpt>
      <trkpt lat="44.787608" lon="6.733109">
        <ele>1722.9</ele>
      </trkpt>
      <trkpt lat="44.788732" lon="6.732999">
        <ele>1731.4</ele>
      </trkpt>
      <trkpt lat="44.789265" lon="6.732903">
        <ele>1735.2</ele>
      </trkpt>
      <trkpt lat="44.789542" lon="6.732754">
        <ele>1737.3</ele>
      </trkpt>
      <trkpt lat="44.789952" lon="6.73248">
        <ele>1740.5</ele>
      </trkpt>
      <trkpt lat="44.790015" lon="6.732439">
        <ele>1741.1</ele>
      </trkpt>
      <trkpt lat="44.790053" lon="6.732417">
        <ele>1741.4</ele>
      </trkpt>
      <trkpt lat="44.790067" lon="6.732348">
        <ele>1741.9</ele>
      </trkpt>
      <trkpt lat="44.790194" lon="6.732159">
        <ele>1743.4</ele>
      </trkpt>
      <trkpt lat="44.790331" lon="6.731849">
        <ele>1745.7</ele>
      </trkpt>
      <trkpt lat="44.791243" lon="6.730357">
        <ele>1757.6</ele>
      </trkpt>
      <trkpt lat="44.791334" lon="6.730105">
        <ele>1759.3</ele>
      </trkpt>
      <trkpt lat="44.791653" lon="6.729537">
        <ele>1763.8</ele>
      </trkpt>
      <trkpt lat="44.792304" lon="6.72858">
        <ele>1771.8</ele>
      </trkpt>
      <trkpt lat="44.792436" lon="6.728401">
        <ele>1773.4</ele>
      </trkpt>
      <trkpt lat="44.792616" lon="6.727928">
        <ele>1776.6</ele>
      </trkpt>
      <trkpt lat="44.79284" lon="6.727531">
        <ele>1779.6</ele>
      </trkpt>
      <trkpt lat="44.792868" lon="6.727462">
        <ele>1780.1</ele>
      </trkpt>
      <trkpt lat="44.792911" lon="6.72711">
        <ele>1782.2</ele>
      </trkpt>
      <trkpt lat="44.792988" lon="6.726882">
        <ele>1783.8</ele>
      </trkpt>
      <trkpt lat="44.793124" lon="6.726746">
        <ele>1785.2</ele>
      </trkpt>
      <trkpt lat="44.79323" lon="6.726677">
        <ele>1786.1</ele>
      </trkpt>
      <trkpt lat="44.793414" lon="6.726629">
        <ele>1787.5</ele>
      </trkpt>
      <trkpt lat="44.793544" lon="6.726628">
        <ele>1788.3</ele>
      </trkpt>
      <trkpt lat="44.793684" lon="6.726669">
        <ele>1789.3</ele>
      </trkpt>
      <trkpt lat="44.793772" lon="6.726551">
        <ele>1790.1</ele>
      </trkpt>
      <trkpt lat="44.793993" lon="6.726428">
        <ele>1791.6</ele>
      </trkpt>
      <trkpt lat="44.794067" lon="6.726341">
        <ele>1792.3</ele>
      </trkpt>
      <trkpt lat="44.794148" lon="6.725946">
        <ele>1794.2</ele>
      </trkpt>
      <trkpt lat="44.794351" lon="6.725763">
        <ele>1795.8</ele>
      </trkpt>
      <trkpt lat="44.79441" lon="6.725678">
        <ele>1796.3</ele>
      </trkpt>
      <trkpt lat="44.794724" lon="6.72493">
        <ele>1799.4</ele>
      </trkpt>
      <trkpt lat="44.795007" lon="6.724323">
        <ele>1801.1</ele>
      </trkpt>
      <trkpt lat="44.795379" lon="6.723633">
        <ele>1803.1</ele>
      </trkpt>
      <trkpt lat="44.795533" lon="6.723443">
        <ele>1803.8</ele>
      </trkpt>
      <trkpt lat="44.795751" lon="6.723245">
        <ele>1804.7</ele>
      </trkpt>
      <trkpt lat="44.795985" lon="6.72307">
        <ele>1805.6</ele>
      </trkpt>
      <trkpt lat="44.796742" lon="6.722448">
        <ele>1808.9</ele>
      </trkpt>
      <trkpt lat="44.796869" lon="6.722214">
        <ele>1809.6</ele>
      </trkpt>
      <trkpt lat="44.797084" lon="6.721702">
        <ele>1811.3</ele>
      </trkpt>
      <trkpt lat="44.79739" lon="6.721348">
        <ele>1813.4</ele>
      </trkpt>
      <trkpt lat="44.797743" lon="6.721038">
        <ele>1815.7</ele>
      </trkpt>
      <trkpt lat="44.798088" lon="6.720456">
        <ele>1818.6</ele>
      </trkpt>
      <trkpt lat="44.798301" lon="6.720208">
        <ele>1820.0</ele>
      </trkpt>
      <trkpt lat="44.798458" lon="6.7195">
        <ele>1822.9</ele>
      </trkpt>
      <trkpt lat="44.79848" lon="6.719072">
        <ele>1824.6</ele>
      </trkpt>
      <trkpt lat="44.798532" lon="6.718803">
        <ele>1825.6</ele>
      </trkpt>
      <trkpt lat="44.798754" lon="6.718421">
        <ele>1827.5</ele>
      </trkpt>
      <trkpt lat="44.798884" lon="6.718019">
        <ele>1829.2</ele>
      </trkpt>
      <trkpt lat="44.798988" lon="6.717796">
        <ele>1830.3</ele>
      </trkpt>
      <trkpt lat="44.799426" lon="6.717088">
        <ele>1834.5</ele>
      </trkpt>
      <trkpt lat="44.799455" lon="6.716911">
        <ele>1835.3</ele>
      </trkpt>
      <trkpt lat="44.799484" lon="6.716243">
        <ele>1838.3</ele>
      </trkpt>
      <trkpt lat="44.799533" lon="6.715996">
        <ele>1839.5</ele>
      </trkpt>
      <trkpt lat="44.799533" lon="6.715996">
        <ele>1839.5</ele>
      </trkpt>
      <trkpt lat="44.799686" lon="6.715627">
        <ele>1841.4</ele>
      </trkpt>
      <trkpt lat="44.799804" lon="6.715181">
        <ele>1844.8</ele>
      </trkpt>
      <trkpt lat="44.799978" lon="6.714558">
        <ele>1849.8</ele>
      </trkpt>
      <trkpt lat="44.800178" lon="6.713842">
        <ele>1855.7</ele>
      </trkpt>
      <trkpt lat="44.80021" lon="6.713656">
        <ele>1857.1</ele>
      </trkpt>
      <trkpt lat="44.800222" lon="6.713369">
        <ele>1859.3</ele>
      </trkpt>
      <trkpt lat="44.800189" lon="6.71299">
        <ele>1862.5</ele>
      </trkpt>
      <trkpt lat="44.800216" lon="6.712894">
        <ele>1863.4</ele>
      </trkpt>
      <trkpt lat="44.80044" lon="6.712436">
        <ele>1868.6</ele>
      </trkpt>
      <trkpt lat="44.800505" lon="6.712214">
        <ele>1870.9</ele>
      </trkpt>
      <trkpt lat="44.800734" lon="6.711844">
        <ele>1875.5</ele>
      </trkpt>
      <trkpt lat="44.800966" lon="6.711651">
        <ele>1879.1</ele>
      </trkpt>
      <trkpt lat="44.800973" lon="6.711649">
        <ele>1879.1</ele>
      </trkpt>
      <trkpt lat="44.801269" lon="6.711565">
        <ele>1883.1</ele>
      </trkpt>
      <trkpt lat="44.801444" lon="6.711387">
        <ele>1885.8</ele>
      </trkpt>
      <trkpt lat="44.801628" lon="6.711291">
        <ele>1888.0</ele>
      </trkpt>
      <trkpt lat="44.801791" lon="6.711107">
        <ele>1890.4</ele>
      </trkpt>
      <trkpt lat="44.801932" lon="6.710962">
        <ele>1892.3</ele>
      </trkpt>
      <trkpt lat="44.802135" lon="6.710639">
        <ele>1895.8</ele>
      </trkpt>
      <trkpt lat="44.80218" lon="6.710566">
        <ele>1896.6</ele>
      </trkpt>
      <trkpt lat="44.802327" lon="6.710457">
        <ele>1898.4</ele>
      </trkpt>
      <trkpt lat="44.80257" lon="6.709842">
        <ele>1904.0</ele>
      </trkpt>
      <trkpt lat="44.802752" lon="6.709524">
        <ele>1907.5</ele>
      </trkpt>
      <trkpt lat="44.803023" lon="6.709242">
        <ele>1911.7</ele>
      </trkpt>
      <trkpt lat="44.803852" lon="6.708759">
        <ele>1922.7</ele>
      </trkpt>
      <trkpt lat="44.803992" lon="6.708736">
        <ele>1924.4</ele>
      </trkpt>
      <trkpt lat="44.804259" lon="6.708772">
        <ele>1927.7</ele>
      </trkpt>
      <trkpt lat="44.804502" lon="6.708736">
        <ele>1930.8</ele>
      </trkpt>
      <trkpt lat="44.804609" lon="6.708667">
        <ele>1932.3</ele>
      </trkpt>
      <trkpt lat="44.804651" lon="6.708601">
        <ele>1933.1</ele>
      </trkpt>
      <trkpt lat="44.804685" lon="6.708498">
        <ele>1934.1</ele>
      </trkpt>
      <trkpt lat="44.804742" lon="6.708101">
        <ele>1937.7</ele>
      </trkpt>
      <trkpt lat="44.804854" lon="6.707908">
        <ele>1939.9</ele>
      </trkpt>
      <trkpt lat="44.804954" lon="6.707598">
        <ele>1943.0</ele>
      </trkpt>
      <trkpt lat="44.805036" lon="6.707429">
        <ele>1944.8</ele>
      </trkpt>
      <trkpt lat="44.805151" lon="6.707233">
        <ele>1947.1</ele>
      </trkpt>
      <trkpt lat="44.805211" lon="6.707105">
        <ele>1948.4</ele>
      </trkpt>
      <trkpt lat="44.80534" lon="6.706799">
        <ele>1951.4</ele>
      </trkpt>
      <trkpt lat="44.80534" lon="6.706799">
        <ele>1951.4</ele>
      </trkpt>
      <trkpt lat="44.80534" lon="6.706799">
        <ele>1951.4</ele>
      </trkpt>
      <trkpt lat="44.805416" lon="6.706745">
        <ele>1952.4</ele>
      </trkpt>
      <trkpt lat="44.805478" lon="6.706796">
        <ele>1953.2</ele>
      </trkpt>
      <trkpt lat="44.805502" lon="6.706872">
        <ele>1953.9</ele>
      </trkpt>
      <trkpt lat="44.805535" lon="6.707189">
        <ele>1956.5</ele>
      </trkpt>
      <trkpt lat="44.805556" lon="6.707238">
        <ele>1956.9</ele>
      </trkpt>
      <trkpt lat="44.805614" lon="6.707287">
        <ele>1957.7</ele>
      </trkpt>
      <trkpt lat="44.805659" lon="6.707268">
        <ele>1958.3</ele>
      </trkpt>
      <trkpt lat="44.805702" lon="6.707208">
        <ele>1958.9</ele>
      </trkpt>
      <trkpt lat="44.805802" lon="6.706925">
        <ele>1961.5</ele>
      </trkpt>
      <trkpt lat="44.805935" lon="6.706722">
        <ele>1963.7</ele>
      </trkpt>
      <trkpt lat="44.805992" lon="6.706721">
        <ele>1964.4</ele>
      </trkpt>
      <trkpt lat="44.80603" lon="6.706772">
        <ele>1965.0</ele>
      </trkpt>
      <trkpt lat="44.806009" lon="6.706947">
        <ele>1966.4</ele>
      </trkpt>
      <trkpt lat="44.805861" lon="6.707398">
        <ele>1970.4</ele>
      </trkpt>
      <trkpt lat="44.805878" lon="6.707536">
        <ele>1971.7</ele>
      </trkpt>
      <trkpt lat="44.805938" lon="6.707585">
        <ele>1972.7</ele>
      </trkpt>
      <trkpt lat="44.806136" lon="6.707517">
        <ele>1975.3</ele>
      </trkpt>
      <trkpt lat="44.806579" lon="6.707083">
        <ele>1982.4</ele>
      </trkpt>
      <trkpt lat="44.806637" lon="6.706941">
        <ele>1983.9</ele>
      </trkpt>
      <trkpt lat="44.806621" lon="6.706659">
        <ele>1986.6</ele>
      </trkpt>
      <trkpt lat="44.80659" lon="6.706568">
        <ele>1987.5</ele>
      </trkpt>
      <trkpt lat="44.806427" lon="6.706323">
        <ele>1990.6</ele>
      </trkpt>
      <trkpt lat="44.806385" lon="6.706218">
        <ele>1991.7</ele>
      </trkpt>
      <trkpt lat="44.806281" lon="6.705701">
        <ele>1997.4</ele>
      </trkpt>
      <trkpt lat="44.806263" lon="6.705431">
        <ele>2000.4</ele>
      </trkpt>
      <trkpt lat="44.806274" lon="6.705261">
        <ele>2002.4</ele>
      </trkpt>
      <trkpt lat="44.806468" lon="6.704494">
        <ele>2011.7</ele>
      </trkpt>
      <trkpt lat="44.80661" lon="6.703795">
        <ele>2019.9</ele>
      </trkpt>
      <trkpt lat="44.806642" lon="6.703519">
        <ele>2023.1</ele>
      </trkpt>
      <trkpt lat="44.806591" lon="6.703317">
        <ele>2025.4</ele>
      </trkpt>
      <trkpt lat="44.806519" lon="6.703179">
        <ele>2027.3</ele>
      </trkpt>
      <trkpt lat="44.806278" lon="6.702881">
        <ele>2032.2</ele>
      </trkpt>
      <trkpt lat="44.806213" lon="6.702565">
        <ele>2035.8</ele>
      </trkpt>
      <trkpt lat="44.806102" lon="6.702359">
        <ele>2038.6</ele>
      </trkpt>
      <trkpt lat="44.805993" lon="6.702117">
        <ele>2041.7</ele>
      </trkpt>
      <trkpt lat="44.805942" lon="6.701981">
        <ele>2043.3</ele>
      </trkpt>
      <trkpt lat="44.805916" lon="6.701859">
        <ele>2044.7</ele>
      </trkpt>
      <trkpt lat="44.805828" lon="6.700468">
        <ele>2056.4</ele>
      </trkpt>
      <trkpt lat="44.805731" lon="6.699905">
        <ele>2060.3</ele>
      </trkpt>
      <trkpt lat="44.805755" lon="6.699861">
        <ele>2060.7</ele>
      </trkpt>
      <trkpt lat="44.805796" lon="6.699883">
        <ele>2061.1</ele>
      </trkpt>
      <trkpt lat="44.805864" lon="6.700059">
        <ele>2062.5</ele>
      </trkpt>
      <trkpt lat="44.806021" lon="6.700567">
        <ele>2066.3</ele>
      </trkpt>
      <trkpt lat="44.80611" lon="6.70095">
        <ele>2070.2</ele>
      </trkpt>
      <trkpt lat="44.806142" lon="6.701035">
        <ele>2071.3</ele>
      </trkpt>
      <trkpt lat="44.806169" lon="6.701052">
        <ele>2071.8</ele>
      </trkpt>
      <trkpt lat="44.806186" lon="6.701018">
        <ele>2072.3</ele>
      </trkpt>
      <trkpt lat="44.806114" lon="6.700188">
        <ele>2082.4</ele>
      </trkpt>
      <trkpt lat="44.806041" lon="6.699734">
        <ele>2088.0</ele>
      </trkpt>
      <trkpt lat="44.80608" lon="6.699706">
        <ele>2088.7</ele>
      </trkpt>
      <trkpt lat="44.806105" lon="6.699738">
        <ele>2089.3</ele>
      </trkpt>
      <trkpt lat="44.806278" lon="6.7003">
        <ele>2096.7</ele>
      </trkpt>
      <trkpt lat="44.806317" lon="6.700333">
        <ele>2097.5</ele>
      </trkpt>
      <trkpt lat="44.80633" lon="6.700263">
        <ele>2098.3</ele>
      </trkpt>
      <trkpt lat="44.806192" lon="6.69962">
        <ele>2106.3</ele>
      </trkpt>
      <trkpt lat="44.805917" lon="6.699007">
        <ele>2114.9</ele>
      </trkpt>
      <trkpt lat="44.805811" lon="6.698908">
        <ele>2117.1</ele>
      </trkpt>
      <trkpt lat="44.805667" lon="6.698836">
        <ele>2119.6</ele>
      </trkpt>
      <trkpt lat="44.805498" lon="6.698597">
        <ele>2123.6</ele>
      </trkpt>
      <trkpt lat="44.805379" lon="6.698506">
        <ele>2125.9</ele>
      </trkpt>
      <trkpt lat="44.80526" lon="6.698426">
        <ele>2128.1</ele>
      </trkpt>
      <trkpt lat="44.8047" lon="6.697835">
        <ele>2131.0</ele>
      </trkpt>
      <trkpt lat="44.804464" lon="6.697744">
        <ele>2132.0</ele>
      </trkpt>
      <trkpt lat="44.804298" lon="6.697769">
        <ele>2132.6</ele>
      </trkpt>
      <trkpt lat="44.804128" lon="6.697621">
        <ele>2133.4</ele>
      </trkpt>
      <trkpt lat="44.80404" lon="6.697385">
        <ele>2134.2</ele>
      </trkpt>
      <trkpt lat="44.80397" lon="6.696782">
        <ele>2137.5</ele>
      </trkpt>
      <trkpt lat="44.803998" lon="6.696707">
        <ele>2138.6</ele>
      </trkpt>
      <trkpt lat="44.803997" lon="6.696604">
        <ele>2139.8</ele>
      </trkpt>
      <trkpt lat="44.804225" lon="6.696244">
        <ele>2145.8</ele>
      </trkpt>
      <trkpt lat="44.804248" lon="6.696257">
        <ele>2146.3</ele>
      </trkpt>
      <trkpt lat="44.804222" lon="6.696431">
        <ele>2148.5</ele>
      </trkpt>
      <trkpt lat="44.804239" lon="6.69644">
        <ele>2148.8</ele>
      </trkpt>
      <trkpt lat="44.804352" lon="6.696237">
        <ele>2152.0</ele>
      </trkpt>
      <trkpt lat="44.80458" lon="6.695997">
        <ele>2157.0</ele>
      </trkpt>
      <trkpt lat="44.804714" lon="6.69595">
        <ele>2159.4</ele>
      </trkpt>
      <trkpt lat="44.804737" lon="6.695793">
        <ele>2161.4</ele>
      </trkpt>
      <trkpt lat="44.804724" lon="6.695699">
        <ele>2162.5</ele>
      </trkpt>
      <trkpt lat="44.804773" lon="6.695517">
        <ele>2165.0</ele>
      </trkpt>
      <trkpt lat="44.804898" lon="6.695721">
        <ele>2168.6</ele>
      </trkpt>
      <trkpt lat="44.804936" lon="6.695661">
        <ele>2169.8</ele>
      </trkpt>
      <trkpt lat="44.80497" lon="6.695726">
        <ele>2171.0</ele>
      </trkpt>
      <trkpt lat="44.805072" lon="6.695772">
        <ele>2173.2</ele>
      </trkpt>
      <trkpt lat="44.805146" lon="6.695866">
        <ele>2175.3</ele>
      </trkpt>
      <trkpt lat="44.805135" lon="6.696019">
        <ele>2177.6</ele>
      </trkpt>
      <trkpt lat="44.805054" lon="6.696219">
        <ele>2181.0</ele>
      </trkpt>
      <trkpt lat="44.80518" lon="6.696203">
        <ele>2183.6</ele>
      </trkpt>
      <trkpt lat="44.805378" lon="6.696239">
        <ele>2187.8</ele>
      </trkpt>
      <trkpt lat="44.805434" lon="6.696205">
        <ele>2189.1</ele>
      </trkpt>
      <trkpt lat="44.805447" lon="6.696235">
        <ele>2189.6</ele>
      </trkpt>
      <trkpt lat="44.80541" lon="6.696321">
        <ele>2191.1</ele>
      </trkpt>
      <trkpt lat="44.805428" lon="6.696329">
        <ele>2191.5</ele>
      </trkpt>
      <trkpt lat="44.805845" lon="6.695993">
        <ele>2201.5</ele>
      </trkpt>
      <trkpt lat="44.805922" lon="6.695885">
        <ele>2203.8</ele>
      </trkpt>
      <trkpt lat="44.805983" lon="6.695674">
        <ele>2207.0</ele>
      </trkpt>
      <trkpt lat="44.805898" lon="6.69552">
        <ele>2209.7</ele>
      </trkpt>
      <trkpt lat="44.80587" lon="6.695257">
        <ele>2213.3</ele>
      </trkpt>
      <trkpt lat="44.805706" lon="6.695002">
        <ele>2218.1</ele>
      </trkpt>
      <trkpt lat="44.80577" lon="6.694966">
        <ele>2219.4</ele>
      </trkpt>
      <trkpt lat="44.805779" lon="6.694804">
        <ele>2221.7</ele>
      </trkpt>
      <trkpt lat="44.805854" lon="6.69467">
        <ele>2224.0</ele>
      </trkpt>
      <trkpt lat="44.806084" lon="6.694688">
        <ele>2228.5</ele>
      </trkpt>
      <trkpt lat="44.806185" lon="6.694745">
        <ele>2230.6</ele>
      </trkpt>
      <trkpt lat="44.806312" lon="6.694699">
        <ele>2233.2</ele>
      </trkpt>
      <trkpt lat="44.806523" lon="6.694527">
        <ele>2237.9</ele>
      </trkpt>
      <trkpt lat="44.806589" lon="6.69439">
        <ele>2240.2</ele>
      </trkpt>
      <trkpt lat="44.80701" lon="6.693908">
        <ele>2251.5</ele>
      </trkpt>
      <trkpt lat="44.807118" lon="6.69371">
        <ele>2255.2</ele>
      </trkpt>
      <trkpt lat="44.807242" lon="6.693314">
        <ele>2261.6</ele>
      </trkpt>
      <trkpt lat="44.807501" lon="6.69297">
        <ele>2269.0</ele>
      </trkpt>
      <trkpt lat="44.807598" lon="6.692885">
        <ele>2271.3</ele>
      </trkpt>
      <trkpt lat="44.807685" lon="6.692871">
        <ele>2273.2</ele>
      </trkpt>
      <trkpt lat="44.807779" lon="6.692781">
        <ele>2275.5</ele>
      </trkpt>
      <trkpt lat="44.80789" lon="6.692757">
        <ele>2277.9</ele>
      </trkpt>
      <trkpt lat="44.808121" lon="6.692644">
        <ele>2283.1</ele>
      </trkpt>
      <trkpt lat="44.80823" lon="6.692645">
        <ele>2285.5</ele>
      </trkpt>
      <trkpt lat="44.808305" lon="6.692558">
        <ele>2287.6</ele>
      </trkpt>
      <trkpt lat="44.80849" lon="6.692457">
        <ele>2291.8</ele>
      </trkpt>
      <trkpt lat="44.808533" lon="6.692406">
        <ele>2293.0</ele>
      </trkpt>
      <trkpt lat="44.808583" lon="6.692406">
        <ele>2294.1</ele>
      </trkpt>
      <trkpt lat="44.808605" lon="6.692321">
        <ele>2295.5</ele>
      </trkpt>
      <trkpt lat="44.808657" lon="6.692308">
        <ele>2296.6</ele>
      </trkpt>
      <trkpt lat="44.808682" lon="6.692265">
        <ele>2297.5</ele>
      </trkpt>
      <trkpt lat="44.808699" lon="6.692279">
        <ele>2297.9</ele>
      </trkpt>
      <trkpt lat="44.808694" lon="6.692381">
        <ele>2299.4</ele>
      </trkpt>
      <trkpt lat="44.808736" lon="6.692471">
        <ele>2301.1</ele>
      </trkpt>
      <trkpt lat="44.80873" lon="6.692559">
        <ele>2302.4</ele>
      </trkpt>
      <trkpt lat="44.808771" lon="6.692547">
        <ele>2303.3</ele>
      </trkpt>
      <trkpt lat="44.80926" lon="6.691915">
        <ele>2317.7</ele>
      </trkpt>
      <trkpt lat="44.809351" lon="6.691622">
        <ele>2323.0</ele>
      </trkpt>
      <trkpt lat="44.809451" lon="6.691426">
        <ele>2326.9</ele>
      </trkpt>
      <trkpt lat="44.809689" lon="6.691095">
        <ele>2334.6</ele>
      </trkpt>
      <trkpt lat="44.810117" lon="6.690871">
        <ele>2345.2</ele>
      </trkpt>
      <trkpt lat="44.810207" lon="6.690763">
        <ele>2347.9</ele>
      </trkpt>
      <trkpt lat="44.81035" lon="6.690666">
        <ele>2351.6</ele>
      </trkpt>
      <trkpt lat="44.810597" lon="6.690435">
        <ele>2358.3</ele>
      </trkpt>
      <trkpt lat="44.81076" lon="6.690146">
        <ele>2364.1</ele>
      </trkpt>
      <trkpt lat="44.810879" lon="6.689765">
        <ele>2370.6</ele>
      </trkpt>
      <trkpt lat="44.810978" lon="6.689589">
        <ele>2374.1</ele>
      </trkpt>
      <trkpt lat="44.811088" lon="6.689465">
        <ele>2377.2</ele>
      </trkpt>
      <trkpt lat="44.811186" lon="6.689134">
        <ele>2382.8</ele>
      </trkpt>
      <trkpt lat="44.811231" lon="6.689062">
        <ele>2384.3</ele>
      </trkpt>
      <trkpt lat="44.811432" lon="6.689602">
        <ele>2393.8</ele>
      </trkpt>
      <trkpt lat="44.811432" lon="6.689602">
        <ele>2393.8</ele>
      </trkpt>
      <trkpt lat="44.811456" lon="6.689597">
        <ele>2394.3</ele>
      </trkpt>
      <trkpt lat="44.811529" lon="6.689072">
        <ele>2402.9</ele>
      </trkpt>
      <trkpt lat="44.811548" lon="6.689056">
        <ele>2403.4</ele>
      </trkpt>
      <trkpt lat="44.811587" lon="6.689234">
        <ele>2406.5</ele>
      </trkpt>
      <trkpt lat="44.811639" lon="6.689331">
        <ele>2408.5</ele>
      </trkpt>
      <trkpt lat="44.81166" lon="6.689314">
        <ele>2409.0</ele>
      </trkpt>
      <trkpt lat="44.811661" lon="6.689096">
        <ele>2412.6</ele>
      </trkpt>
      <trkpt lat="44.811704" lon="6.689085">
        <ele>2413.6</ele>
      </trkpt>
      <trkpt lat="44.811708" lon="6.689193">
        <ele>2415.3</ele>
      </trkpt>
      <trkpt lat="44.81176" lon="6.689398">
        <ele>2418.9</ele>
      </trkpt>
      <trkpt lat="44.811817" lon="6.689529">
        <ele>2421.4</ele>
      </trkpt>
      <trkpt lat="44.811842" lon="6.689535">
        <ele>2422.0</ele>
      </trkpt>
      <trkpt lat="44.811879" lon="6.688947">
        <ele>2431.6</ele>
      </trkpt>
      <trkpt lat="44.811921" lon="6.6888">
        <ele>2434.1</ele>
      </trkpt>
      <trkpt lat="44.81194" lon="6.688602">
        <ele>2437.4</ele>
      </trkpt>
      <trkpt lat="44.812055" lon="6.688187">
        <ele>2439.7</ele>
      </trkpt>
      <trkpt lat="44.812129" lon="6.688093">
        <ele>2440.3</ele>
      </trkpt>
      <trkpt lat="44.812275" lon="6.687994">
        <ele>2441.4</ele>
      </trkpt>
      <trkpt lat="44.812422" lon="6.687822">
        <ele>2442.7</ele>
      </trkpt>
      <trkpt lat="44.812662" lon="6.687743">
        <ele>2444.3</ele>
      </trkpt>
      <trkpt lat="44.812774" lon="6.687676">
        <ele>2445.1</ele>
      </trkpt>
      <trkpt lat="44.81297" lon="6.687631">
        <ele>2446.4</ele>
      </trkpt>
      <trkpt lat="44.812941" lon="6.687562">
        <ele>2446.8</ele>
      </trkpt>
      <trkpt lat="44.812991" lon="6.687539">
        <ele>2447.1</ele>
      </trkpt>
      <trkpt lat="44.812964" lon="6.687486">
        <ele>2447.4</ele>
      </trkpt>
      <trkpt lat="44.812978" lon="6.687458">
        <ele>2447.6</ele>
      </trkpt>
      <trkpt lat="44.812948" lon="6.687418">
        <ele>2447.9</ele>
      </trkpt>
      <trkpt lat="44.813018" lon="6.68738">
        <ele>2448.4</ele>
      </trkpt>
      <trkpt lat="44.81295" lon="6.6873">
        <ele>2449.0</ele>
      </trkpt>
      <trkpt lat="44.813091" lon="6.687253">
        <ele>2448.2</ele>
      </trkpt>
      <trkpt lat="44.813167" lon="6.687268">
        <ele>2446.2</ele>
      </trkpt>
      <trkpt lat="44.813608" lon="6.687568">
        <ele>2433.9</ele>
      </trkpt>
      <trkpt lat="44.813697" lon="6.687719">
        <ele>2430.4</ele>
      </trkpt>
      <trkpt lat="44.813929" lon="6.6879">
        <ele>2423.7</ele>
      </trkpt>
      <trkpt lat="44.814021" lon="6.687888">
        <ele>2421.3</ele>
      </trkpt>
      <trkpt lat="44.814093" lon="6.687764">
        <ele>2418.5</ele>
      </trkpt>
      <trkpt lat="44.814371" lon="6.687502">
        <ele>2410.0</ele>
      </trkpt>
      <trkpt lat="44.814622" lon="6.687611">
        <ele>2403.3</ele>
      </trkpt>
      <trkpt lat="44.814831" lon="6.687637">
        <ele>2397.6</ele>
      </trkpt>
      <trkpt lat="44.81515" lon="6.687598">
        <ele>2388.7</ele>
      </trkpt>
      <trkpt lat="44.815269" lon="6.687657">
        <ele>2385.3</ele>
      </trkpt>
      <trkpt lat="44.815401" lon="6.687644">
        <ele>2381.6</ele>
      </trkpt>
      <trkpt lat="44.815533" lon="6.687515">
        <ele>2377.2</ele>
      </trkpt>
      <trkpt lat="44.81561" lon="6.687491">
        <ele>2375.0</ele>
      </trkpt>
      <trkpt lat="44.815669" lon="6.687424">
        <ele>2372.9</ele>
      </trkpt>
      <trkpt lat="44.815845" lon="6.686995">
        <ele>2363.2</ele>
      </trkpt>
      <trkpt lat="44.816104" lon="6.686473">
        <ele>2351.2</ele>
      </trkpt>
      <trkpt lat="44.816197" lon="6.686161">
        <ele>2345.4</ele>
      </trkpt>
      <trkpt lat="44.81628" lon="6.685774">
        <ele>2338.4</ele>
      </trkpt>
      <trkpt lat="44.816376" lon="6.685535">
        <ele>2333.7</ele>
      </trkpt>
      <trkpt lat="44.816387" lon="6.685459">
        <ele>2332.4</ele>
      </trkpt>
      <trkpt lat="44.816367" lon="6.685356">
        <ele>2330.5</ele>
      </trkpt>
      <trkpt lat="44.816268" lon="6.685297">
        <ele>2327.9</ele>
      </trkpt>
      <trkpt lat="44.816336" lon="6.685184">
        <ele>2325.4</ele>
      </trkpt>
      <trkpt lat="44.816375" lon="6.684878">
        <ele>2320.0</ele>
      </trkpt>
      <trkpt lat="44.816403" lon="6.684823">
        <ele>2318.8</ele>
      </trkpt>
      <trkpt lat="44.816568" lon="6.684678">
        <ele>2314.1</ele>
      </trkpt>
      <trkpt lat="44.816752" lon="6.684334">
        <ele>2307.3</ele>
      </trkpt>
      <trkpt lat="44.816936" lon="6.684308">
        <ele>2303.5</ele>
      </trkpt>
      <trkpt lat="44.81707" lon="6.684235">
        <ele>2300.5</ele>
      </trkpt>
      <trkpt lat="44.817178" lon="6.683768">
        <ele>2293.3</ele>
      </trkpt>
      <trkpt lat="44.817511" lon="6.682737">
        <ele>2276.7</ele>
      </trkpt>
      <trkpt lat="44.817837" lon="6.682342">
        <ele>2268.1</ele>
      </trkpt>
      <trkpt lat="44.817999" lon="6.6822">
        <ele>2264.4</ele>
      </trkpt>
      <trkpt lat="44.818087" lon="6.682178">
        <ele>2262.7</ele>
      </trkpt>
      <trkpt lat="44.818353" lon="6.681979">
        <ele>2256.8</ele>
      </trkpt>
      <trkpt lat="44.818439" lon="6.681972">
        <ele>2255.1</ele>
      </trkpt>
      <trkpt lat="44.818769" lon="6.681783">
        <ele>2248.2</ele>
      </trkpt>
      <trkpt lat="44.818991" lon="6.681461">
        <ele>2242.0</ele>
      </trkpt>
      <trkpt lat="44.819045" lon="6.681133">
        <ele>2237.6</ele>
      </trkpt>
      <trkpt lat="44.819075" lon="6.681057">
        <ele>2236.7</ele>
      </trkpt>
      <trkpt lat="44.819308" lon="6.680876">
        <ele>2232.4</ele>
      </trkpt>
      <trkpt lat="44.819688" lon="6.680474">
        <ele>2224.9</ele>
      </trkpt>
      <trkpt lat="44.820354" lon="6.680227">
        <ele>2213.9</ele>
      </trkpt>
      <trkpt lat="44.820406" lon="6.680252">
        <ele>2213.1</ele>
      </trkpt>
      <trkpt lat="44.82059" lon="6.680169">
        <ele>2210.0</ele>
      </trkpt>
      <trkpt lat="44.820633" lon="6.680227">
        <ele>2209.3</ele>
      </trkpt>
      <trkpt lat="44.820672" lon="6.680222">
        <ele>2208.9</ele>
      </trkpt>
      <trkpt lat="44.820833" lon="6.680077">
        <ele>2206.6</ele>
      </trkpt>
      <trkpt lat="44.821011" lon="6.680007">
        <ele>2204.4</ele>
      </trkpt>
      <trkpt lat="44.821232" lon="6.679871">
        <ele>2201.6</ele>
      </trkpt>
      <trkpt lat="44.821334" lon="6.679907">
        <ele>2200.3</ele>
      </trkpt>
      <trkpt lat="44.821464" lon="6.679907">
        <ele>2198.8</ele>
      </trkpt>
      <trkpt lat="44.821872" lon="6.680036">
        <ele>2193.9</ele>
      </trkpt>
      <trkpt lat="44.821979" lon="6.680016">
        <ele>2192.6</ele>
      </trkpt>
      <trkpt lat="44.822203" lon="6.679874">
        <ele>2189.7</ele>
      </trkpt>
      <trkpt lat="44.822582" lon="6.679556">
        <ele>2184.7</ele>
      </trkpt>
      <trkpt lat="44.823062" lon="6.679396">
        <ele>2179.2</ele>
      </trkpt>
      <trkpt lat="44.823308" lon="6.679366">
        <ele>2176.5</ele>
      </trkpt>
      <trkpt lat="44.823548" lon="6.679457">
        <ele>2173.7</ele>
      </trkpt>
      <trkpt lat="44.823736" lon="6.679555">
        <ele>2171.5</ele>
      </trkpt>
      <trkpt lat="44.823846" lon="6.679574">
        <ele>2170.3</ele>
      </trkpt>
      <trkpt lat="44.823897" lon="6.679536">
        <ele>2169.6</ele>
      </trkpt>
      <trkpt lat="44.823968" lon="6.679417">
        <ele>2168.4</ele>
      </trkpt>
      <trkpt lat="44.823989" lon="6.679335">
        <ele>2167.7</ele>
      </trkpt>
      <trkpt lat="44.823975" lon="6.679154">
        <ele>2166.3</ele>
      </trkpt>
      <trkpt lat="44.823871" lon="6.678785">
        <ele>2163.2</ele>
      </trkpt>
      <trkpt lat="44.823883" lon="6.678597">
        <ele>2161.7</ele>
      </trkpt>
      <trkpt lat="44.823927" lon="6.678517">
        <ele>2160.9</ele>
      </trkpt>
      <trkpt lat="44.82397" lon="6.678507">
        <ele>2160.4</ele>
      </trkpt>
      <trkpt lat="44.824036" lon="6.678548">
        <ele>2159.6</ele>
      </trkpt>
      <trkpt lat="44.824195" lon="6.678773">
        <ele>2157.1</ele>
      </trkpt>
      <trkpt lat="44.824254" lon="6.678735">
        <ele>2156.4</ele>
      </trkpt>
      <trkpt lat="44.824367" lon="6.678541">
        <ele>2154.4</ele>
      </trkpt>
      <trkpt lat="44.824501" lon="6.678489">
        <ele>2152.9</ele>
      </trkpt>
      <trkpt lat="44.82463" lon="6.678554">
        <ele>2151.4</ele>
      </trkpt>
      <trkpt lat="44.824766" lon="6.678684">
        <ele>2149.6</ele>
      </trkpt>
      <trkpt lat="44.824832" lon="6.678682">
        <ele>2148.8</ele>
      </trkpt>
      <trkpt lat="44.82489" lon="6.67866">
        <ele>2148.2</ele>
      </trkpt>
      <trkpt lat="44.824927" lon="6.678604">
        <ele>2147.6</ele>
      </trkpt>
      <trkpt lat="44.824985" lon="6.678371">
        <ele>2145.7</ele>
      </trkpt>
      <trkpt lat="44.825073" lon="6.678247">
        <ele>2144.3</ele>
      </trkpt>
      <trkpt lat="44.825156" lon="6.678259">
        <ele>2143.4</ele>
      </trkpt>
      <trkpt lat="44.825279" lon="6.678463">
        <ele>2141.3</ele>
      </trkpt>
      <trkpt lat="44.825329" lon="6.678505">
        <ele>2140.7</ele>
      </trkpt>
      <trkpt lat="44.825485" lon="6.67852">
        <ele>2139.0</ele>
      </trkpt>
      <trkpt lat="44.825532" lon="6.678484">
        <ele>2138.4</ele>
      </trkpt>
      <trkpt lat="44.825558" lon="6.678414">
        <ele>2137.8</ele>
      </trkpt>
      <trkpt lat="44.825644" lon="6.678088">
        <ele>2135.1</ele>
      </trkpt>
      <trkpt lat="44.825685" lon="6.678078">
        <ele>2134.6</ele>
      </trkpt>
      <trkpt lat="44.825798" lon="6.678142">
        <ele>2133.3</ele>
      </trkpt>
      <trkpt lat="44.825983" lon="6.678188">
        <ele>2131.2</ele>
      </trkpt>
      <trkpt lat="44.826211" lon="6.678102">
        <ele>2128.6</ele>
      </trkpt>
      <trkpt lat="44.826539" lon="6.678025">
        <ele>2124.7</ele>
      </trkpt>
      <trkpt lat="44.826906" lon="6.677822">
        <ele>2120.1</ele>
      </trkpt>
      <trkpt lat="44.82701" lon="6.677798">
        <ele>2118.8</ele>
      </trkpt>
      <trkpt lat="44.827269" lon="6.677609">
        <ele>2115.4</ele>
      </trkpt>
      <trkpt lat="44.827422" lon="6.677536">
        <ele>2113.5</ele>
      </trkpt>
      <trkpt lat="44.828077" lon="6.677372">
        <ele>2107.0</ele>
      </trkpt>
      <trkpt lat="44.828196" lon="6.677312">
        <ele>2106.2</ele>
      </trkpt>
      <trkpt lat="44.828314" lon="6.677252">
        <ele>2105.5</ele>
      </trkpt>
      <trkpt lat="44.828333" lon="6.677163">
        <ele>2105.1</ele>
      </trkpt>
      <trkpt lat="44.828319" lon="6.677127">
        <ele>2104.9</ele>
      </trkpt>
      <trkpt lat="44.828142" lon="6.677003">
        <ele>2103.8</ele>
      </trkpt>
      <trkpt lat="44.827985" lon="6.676692">
        <ele>2102.2</ele>
      </trkpt>
      <trkpt lat="44.827655" lon="6.67627">
        <ele>2099.6</ele>
      </trkpt>
      <trkpt lat="44.827611" lon="6.676186">
        <ele>2099.1</ele>
      </trkpt>
      <trkpt lat="44.8276" lon="6.67609">
        <ele>2098.7</ele>
      </trkpt>
      <trkpt lat="44.82763" lon="6.676031">
        <ele>2098.4</ele>
      </trkpt>
      <trkpt lat="44.82776" lon="6.67592">
        <ele>2097.6</ele>
      </trkpt>
      <trkpt lat="44.827835" lon="6.675793">
        <ele>2097.3</ele>
      </trkpt>
      <trkpt lat="44.82794" lon="6.675559">
        <ele>2096.8</ele>
      </trkpt>
      <trkpt lat="44.828248" lon="6.675329">
        <ele>2095.9</ele>
      </trkpt>
      <trkpt lat="44.828413" lon="6.675136">
        <ele>2095.3</ele>
      </trkpt>
      <trkpt lat="44.828555" lon="6.674932">
        <ele>2094.8</ele>
      </trkpt>
      <trkpt lat="44.82881" lon="6.674426">
        <ele>2093.7</ele>
      </trkpt>
      <trkpt lat="44.828832" lon="6.674381">
        <ele>2093.6</ele>
      </trkpt>
      <trkpt lat="44.82891" lon="6.674291">
        <ele>2093.3</ele>
      </trkpt>
      <trkpt lat="44.829091" lon="6.674157">
        <ele>2092.5</ele>
      </trkpt>
      <trkpt lat="44.829316" lon="6.673765">
        <ele>2090.2</ele>
      </trkpt>
      <trkpt lat="44.829442" lon="6.673619">
        <ele>2089.1</ele>
      </trkpt>
      <trkpt lat="44.829758" lon="6.673364">
        <ele>2086.8</ele>
      </trkpt>
      <trkpt lat="44.830026" lon="6.673054">
        <ele>2084.6</ele>
      </trkpt>
      <trkpt lat="44.830647" lon="6.672513">
        <ele>2078.9</ele>
      </trkpt>
      <trkpt lat="44.831099" lon="6.672236">
        <ele>2073.8</ele>
      </trkpt>
      <trkpt lat="44.83128" lon="6.672046">
        <ele>2071.4</ele>
      </trkpt>
      <trkpt lat="44.832028" lon="6.671598">
        <ele>2062.9</ele>
      </trkpt>
      <trkpt lat="44.83218" lon="6.671438">
        <ele>2060.8</ele>
      </trkpt>
      <trkpt lat="44.832327" lon="6.671204">
        <ele>2058.2</ele>
      </trkpt>
      <trkpt lat="44.832462" lon="6.671122">
        <ele>2056.6</ele>
      </trkpt>
      <trkpt lat="44.832792" lon="6.671008">
        <ele>2052.7</ele>
      </trkpt>
      <trkpt lat="44.832989" lon="6.67085">
        <ele>2050.1</ele>
      </trkpt>
      <trkpt lat="44.833125" lon="6.670792">
        <ele>2048.5</ele>
      </trkpt>
      <trkpt lat="44.833235" lon="6.670746">
        <ele>2047.2</ele>
      </trkpt>
      <trkpt lat="44.833598" lon="6.670489">
        <ele>2042.6</ele>
      </trkpt>
      <trkpt lat="44.833653" lon="6.670414">
        <ele>2041.8</ele>
      </trkpt>
      <trkpt lat="44.833773" lon="6.67011">
        <ele>2039.3</ele>
      </trkpt>
      <trkpt lat="44.833956" lon="6.669826">
        <ele>2036.5</ele>
      </trkpt>
      <trkpt lat="44.834246" lon="6.669771">
        <ele>2033.5</ele>
      </trkpt>
      <trkpt lat="44.834322" lon="6.669698">
        <ele>2032.6</ele>
      </trkpt>
      <trkpt lat="44.834399" lon="6.669533">
        <ele>2031.2</ele>
      </trkpt>
      <trkpt lat="44.834743" lon="6.669431">
        <ele>2027.6</ele>
      </trkpt>
      <trkpt lat="44.834925" lon="6.669259">
        <ele>2025.4</ele>
      </trkpt>
      <trkpt lat="44.835162" lon="6.66894">
        <ele>2022.0</ele>
      </trkpt>
      <trkpt lat="44.835239" lon="6.668786">
        <ele>2020.6</ele>
      </trkpt>
      <trkpt lat="44.835296" lon="6.668642">
        <ele>2019.4</ele>
      </trkpt>
      <trkpt lat="44.835445" lon="6.667981">
        <ele>2014.2</ele>
      </trkpt>
      <trkpt lat="44.835554" lon="6.667829">
        <ele>2012.6</ele>
      </trkpt>
      <trkpt lat="44.835697" lon="6.667722">
        <ele>2010.9</ele>
      </trkpt>
      <trkpt lat="44.835829" lon="6.667431">
        <ele>2008.3</ele>
      </trkpt>
      <trkpt lat="44.835989" lon="6.667265">
        <ele>2006.2</ele>
      </trkpt>
      <trkpt lat="44.836109" lon="6.666789">
        <ele>2001.7</ele>
      </trkpt>
      <trkpt lat="44.836283" lon="6.666648">
        <ele>1998.9</ele>
      </trkpt>
      <trkpt lat="44.836583" lon="6.666406">
        <ele>1994.1</ele>
      </trkpt>
      <trkpt lat="44.836832" lon="6.666385">
        <ele>1990.7</ele>
      </trkpt>
      <trkpt lat="44.83689" lon="6.66634">
        <ele>1989.8</ele>
      </trkpt>
      <trkpt lat="44.836909" lon="6.666211">
        <ele>1988.5</ele>
      </trkpt>
      <trkpt lat="44.836986" lon="6.666038">
        <ele>1986.5</ele>
      </trkpt>
      <trkpt lat="44.836986" lon="6.665892">
        <ele>1985.1</ele>
      </trkpt>
      <trkpt lat="44.836849" lon="6.665752">
        <ele>1982.7</ele>
      </trkpt>
      <trkpt lat="44.836436" lon="6.665064">
        <ele>1974.6</ele>
      </trkpt>
      <trkpt lat="44.836422" lon="6.664954">
        <ele>1973.7</ele>
      </trkpt>
      <trkpt lat="44.836489" lon="6.664935">
        <ele>1972.8</ele>
      </trkpt>
      <trkpt lat="44.837009" lon="6.665027">
        <ele>1966.4</ele>
      </trkpt>
      <trkpt lat="44.837233" lon="6.665095">
        <ele>1963.6</ele>
      </trkpt>
      <trkpt lat="44.837292" lon="6.665056">
        <ele>1962.8</ele>
      </trkpt>
      <trkpt lat="44.837298" lon="6.665016">
        <ele>1962.5</ele>
      </trkpt>
      <trkpt lat="44.837252" lon="6.664904">
        <ele>1961.4</ele>
      </trkpt>
      <trkpt lat="44.836851" lon="6.664525">
        <ele>1955.8</ele>
      </trkpt>
      <trkpt lat="44.836828" lon="6.664262">
        <ele>1953.8</ele>
      </trkpt>
      <trkpt lat="44.836755" lon="6.664027">
        <ele>1951.9</ele>
      </trkpt>
      <trkpt lat="44.836638" lon="6.663813">
        <ele>1949.9</ele>
      </trkpt>
      <trkpt lat="44.836385" lon="6.663517">
        <ele>1946.3</ele>
      </trkpt>
      <trkpt lat="44.836324" lon="6.663381">
        <ele>1945.1</ele>
      </trkpt>
      <trkpt lat="44.836309" lon="6.663227">
        <ele>1944.0</ele>
      </trkpt>
      <trkpt lat="44.836206" lon="6.662792">
        <ele>1940.5</ele>
      </trkpt>
      <trkpt lat="44.836123" lon="6.662524">
        <ele>1938.2</ele>
      </trkpt>
      <trkpt lat="44.835851" lon="6.661829">
        <ele>1931.8</ele>
      </trkpt>
      <trkpt lat="44.835779" lon="6.66175">
        <ele>1930.8</ele>
      </trkpt>
      <trkpt lat="44.835621" lon="6.661683">
        <ele>1928.9</ele>
      </trkpt>
      <trkpt lat="44.835611" lon="6.661603">
        <ele>1928.2</ele>
      </trkpt>
      <trkpt lat="44.835676" lon="6.661561">
        <ele>1927.4</ele>
      </trkpt>
      <trkpt lat="44.835863" lon="6.661575">
        <ele>1925.3</ele>
      </trkpt>
      <trkpt lat="44.83611" lon="6.661753">
        <ele>1922.1</ele>
      </trkpt>
      <trkpt lat="44.836555" lon="6.662232">
        <ele>1916.0</ele>
      </trkpt>
      <trkpt lat="44.836675" lon="6.662405">
        <ele>1914.3</ele>
      </trkpt>
      <trkpt lat="44.836854" lon="6.662476">
        <ele>1912.3</ele>
      </trkpt>
      <trkpt lat="44.836914" lon="6.662429">
        <ele>1911.6</ele>
      </trkpt>
      <trkpt lat="44.83688" lon="6.662339">
        <ele>1910.9</ele>
      </trkpt>
      <trkpt lat="44.836762" lon="6.662237">
        <ele>1909.5</ele>
      </trkpt>
      <trkpt lat="44.836518" lon="6.661721">
        <ele>1904.9</ele>
      </trkpt>
      <trkpt lat="44.836282" lon="6.6611">
        <ele>1899.9</ele>
      </trkpt>
      <trkpt lat="44.836013" lon="6.660643">
        <ele>1897.3</ele>
      </trkpt>
      <trkpt lat="44.835969" lon="6.660514">
        <ele>1896.6</ele>
      </trkpt>
      <trkpt lat="44.835915" lon="6.660095">
        <ele>1894.7</ele>
      </trkpt>
      <trkpt lat="44.835853" lon="6.66001">
        <ele>1894.2</ele>
      </trkpt>
      <trkpt lat="44.835792" lon="6.659971">
        <ele>1893.8</ele>
      </trkpt>
      <trkpt lat="44.835428" lon="6.659857">
        <ele>1891.4</ele>
      </trkpt>
      <trkpt lat="44.835339" lon="6.659762">
        <ele>1890.7</ele>
      </trkpt>
      <trkpt lat="44.835096" lon="6.659395">
        <ele>1888.6</ele>
      </trkpt>
      <trkpt lat="44.834963" lon="6.659127">
        <ele>1887.6</ele>
      </trkpt>
      <trkpt lat="44.834696" lon="6.658883">
        <ele>1886.1</ele>
      </trkpt>
      <trkpt lat="44.834428" lon="6.658406">
        <ele>1884.2</ele>
      </trkpt>
      <trkpt lat="44.834253" lon="6.658184">
        <ele>1883.1</ele>
      </trkpt>
      <trkpt lat="44.833991" lon="6.657943">
        <ele>1881.7</ele>
      </trkpt>
      <trkpt lat="44.833893" lon="6.657701">
        <ele>1880.8</ele>
      </trkpt>
      <trkpt lat="44.833833" lon="6.657618">
        <ele>1880.4</ele>
      </trkpt>
      <trkpt lat="44.833564" lon="6.657482">
        <ele>1878.7</ele>
      </trkpt>
      <trkpt lat="44.833424" lon="6.657235">
        <ele>1877.5</ele>
      </trkpt>
      <trkpt lat="44.83324" lon="6.657023">
        <ele>1876.1</ele>
      </trkpt>
      <trkpt lat="44.8332" lon="6.656938">
        <ele>1875.7</ele>
      </trkpt>
      <trkpt lat="44.833144" lon="6.656506">
        <ele>1873.9</ele>
      </trkpt>
      <trkpt lat="44.833058" lon="6.656175">
        <ele>1872.5</ele>
      </trkpt>
      <trkpt lat="44.832935" lon="6.655887">
        <ele>1871.1</ele>
      </trkpt>
      <trkpt lat="44.832819" lon="6.655727">
        <ele>1870.2</ele>
      </trkpt>
      <trkpt lat="44.832599" lon="6.655588">
        <ele>1868.8</ele>
      </trkpt>
      <trkpt lat="44.832545" lon="6.655525">
        <ele>1868.5</ele>
      </trkpt>
      <trkpt lat="44.83231" lon="6.6551">
        <ele>1866.3</ele>
      </trkpt>
      <trkpt lat="44.832286" lon="6.655012">
        <ele>1865.9</ele>
      </trkpt>
      <trkpt lat="44.832276" lon="6.654893">
        <ele>1865.5</ele>
      </trkpt>
      <trkpt lat="44.832391" lon="6.654741">
        <ele>1864.6</ele>
      </trkpt>
      <trkpt lat="44.832492" lon="6.654672">
        <ele>1863.9</ele>
      </trkpt>
      <trkpt lat="44.832547" lon="6.654625">
        <ele>1863.6</ele>
      </trkpt>
      <trkpt lat="44.832562" lon="6.654615">
        <ele>1863.5</ele>
      </trkpt>
      <trkpt lat="44.83258" lon="6.654607">
        <ele>1863.4</ele>
      </trkpt>
      <trkpt lat="44.832647" lon="6.654649">
        <ele>1863.0</ele>
      </trkpt>
      <trkpt lat="44.832774" lon="6.654829">
        <ele>1862.0</ele>
      </trkpt>
      <trkpt lat="44.832893" lon="6.654925">
        <ele>1861.2</ele>
      </trkpt>
      <trkpt lat="44.832921" lon="6.655">
        <ele>1860.9</ele>
      </trkpt>
      <trkpt lat="44.833008" lon="6.655236">
        <ele>1859.6</ele>
      </trkpt>
      <trkpt lat="44.833048" lon="6.655283">
        <ele>1859.2</ele>
      </trkpt>
      <trkpt lat="44.833337" lon="6.655398">
        <ele>1857.0</ele>
      </trkpt>
      <trkpt lat="44.834172" lon="6.656049">
        <ele>1849.9</ele>
      </trkpt>
      <trkpt lat="44.835197" lon="6.656392">
        <ele>1838.9</ele>
      </trkpt>
      <trkpt lat="44.835546" lon="6.656558">
        <ele>1834.3</ele>
      </trkpt>
      <trkpt lat="44.83585" lon="6.656759">
        <ele>1830.2</ele>
      </trkpt>
      <trkpt lat="44.835893" lon="6.656813">
        <ele>1829.5</ele>
      </trkpt>
      <trkpt lat="44.83602" lon="6.656972">
        <ele>1827.4</ele>
      </trkpt>
      <trkpt lat="44.836282" lon="6.657199">
        <ele>1823.9</ele>
      </trkpt>
      <trkpt lat="44.836567" lon="6.657281">
        <ele>1820.9</ele>
      </trkpt>
      <trkpt lat="44.83669" lon="6.657341">
        <ele>1819.6</ele>
      </trkpt>
      <trkpt lat="44.836902" lon="6.657594">
        <ele>1816.7</ele>
      </trkpt>
      <trkpt lat="44.837061" lon="6.657686">
        <ele>1815.0</ele>
      </trkpt>
      <trkpt lat="44.837391" lon="6.657762">
        <ele>1811.5</ele>
      </trkpt>
      <trkpt lat="44.837498" lon="6.657807">
        <ele>1810.4</ele>
      </trkpt>
      <trkpt lat="44.837645" lon="6.65787">
        <ele>1808.8</ele>
      </trkpt>
      <trkpt lat="44.837838" lon="6.657914">
        <ele>1806.8</ele>
      </trkpt>
      <trkpt lat="44.837865" lon="6.657975">
        <ele>1806.4</ele>
      </trkpt>
      <trkpt lat="44.837847" lon="6.658029">
        <ele>1806.1</ele>
      </trkpt>
      <trkpt lat="44.837541" lon="6.658041">
        <ele>1804.1</ele>
      </trkpt>
      <trkpt lat="44.836954" lon="6.658173">
        <ele>1800.3</ele>
      </trkpt>
      <trkpt lat="44.836911" lon="6.658237">
        <ele>1799.9</ele>
      </trkpt>
      <trkpt lat="44.836925" lon="6.658283">
        <ele>1799.6</ele>
      </trkpt>
      <trkpt lat="44.836939" lon="6.658292">
        <ele>1799.5</ele>
      </trkpt>
      <trkpt lat="44.836985" lon="6.658322">
        <ele>1799.2</ele>
      </trkpt>
      <trkpt lat="44.837446" lon="6.658248">
        <ele>1796.2</ele>
      </trkpt>
      <trkpt lat="44.837546" lon="6.658255">
        <ele>1795.5</ele>
      </trkpt>
      <trkpt lat="44.837786" lon="6.658416">
        <ele>1793.2</ele>
      </trkpt>
      <trkpt lat="44.838053" lon="6.658466">
        <ele>1790.4</ele>
      </trkpt>
      <trkpt lat="44.83834" lon="6.658684">
        <ele>1787.1</ele>
      </trkpt>
      <trkpt lat="44.838844" lon="6.658771">
        <ele>1781.9</ele>
      </trkpt>
      <trkpt lat="44.839834" lon="6.659001">
        <ele>1773.2</ele>
      </trkpt>
      <trkpt lat="44.839977" lon="6.659021">
        <ele>1772.2</ele>
      </trkpt>
      <trkpt lat="44.840194" lon="6.658995">
        <ele>1770.7</ele>
      </trkpt>
      <trkpt lat="44.840429" lon="6.658779">
        <ele>1768.7</ele>
      </trkpt>
      <trkpt lat="44.840485" lon="6.65879">
        <ele>1768.3</ele>
      </trkpt>
      <trkpt lat="44.840425" lon="6.659015">
        <ele>1767.1</ele>
      </trkpt>
      <trkpt lat="44.840292" lon="6.659263">
        <ele>1765.6</ele>
      </trkpt>
      <trkpt lat="44.840179" lon="6.659419">
        <ele>1764.5</ele>
      </trkpt>
      <trkpt lat="44.84003" lon="6.659557">
        <ele>1763.2</ele>
      </trkpt>
      <trkpt lat="44.839988" lon="6.659577">
        <ele>1762.8</ele>
      </trkpt>
      <trkpt lat="44.839875" lon="6.659557">
        <ele>1762.0</ele>
      </trkpt>
      <trkpt lat="44.839724" lon="6.659538">
        <ele>1760.8</ele>
      </trkpt>
      <trkpt lat="44.839649" lon="6.659657">
        <ele>1760.0</ele>
      </trkpt>
      <trkpt lat="44.839604" lon="6.659943">
        <ele>1758.4</ele>
      </trkpt>
      <trkpt lat="44.839607" lon="6.659967">
        <ele>1758.3</ele>
      </trkpt>
      <trkpt lat="44.839666" lon="6.660044">
        <ele>1757.7</ele>
      </trkpt>
      <trkpt lat="44.840221" lon="6.660183">
        <ele>1753.4</ele>
      </trkpt>
      <trkpt lat="44.84083" lon="6.660421">
        <ele>1748.4</ele>
      </trkpt>
      <trkpt lat="44.841011" lon="6.660418">
        <ele>1746.8</ele>
      </trkpt>
      <trkpt lat="44.841345" lon="6.660244">
        <ele>1743.6</ele>
      </trkpt>
      <trkpt lat="44.84164" lon="6.660151">
        <ele>1740.9</ele>
      </trkpt>
      <trkpt lat="44.842098" lon="6.660058">
        <ele>1736.8</ele>
      </trkpt>
      <trkpt lat="44.842197" lon="6.660041">
        <ele>1735.9</ele>
      </trkpt>
      <trkpt lat="44.842622" lon="6.660053">
        <ele>1732.6</ele>
      </trkpt>
      <trkpt lat="44.842914" lon="6.660104">
        <ele>1730.6</ele>
      </trkpt>
      <trkpt lat="44.843135" lon="6.660232">
        <ele>1729.0</ele>
      </trkpt>
      <trkpt lat="44.843201" lon="6.660279">
        <ele>1728.5</ele>
      </trkpt>
      <trkpt lat="44.84331" lon="6.660293">
        <ele>1727.7</ele>
      </trkpt>
      <trkpt lat="44.843552" lon="6.660171">
        <ele>1726.0</ele>
      </trkpt>
      <trkpt lat="44.843747" lon="6.66013">
        <ele>1724.6</ele>
      </trkpt>
      <trkpt lat="44.844764" lon="6.659422">
        <ele>1718.5</ele>
      </trkpt>
      <trkpt lat="44.844943" lon="6.659235">
        <ele>1717.5</ele>
      </trkpt>
      <trkpt lat="44.844998" lon="6.659125">
        <ele>1717.0</ele>
      </trkpt>
      <trkpt lat="44.845019" lon="6.65904">
        <ele>1716.7</ele>
      </trkpt>
      <trkpt lat="44.845093" lon="6.658921">
        <ele>1716.2</ele>
      </trkpt>
      <trkpt lat="44.845588" lon="6.658773">
        <ele>1713.9</ele>
      </trkpt>
      <trkpt lat="44.845747" lon="6.658655">
        <ele>1712.7</ele>
      </trkpt>
      <trkpt lat="44.846325" lon="6.657889">
        <ele>1707.2</ele>
      </trkpt>
      <trkpt lat="44.846705" lon="6.657512">
        <ele>1704.0</ele>
      </trkpt>
      <trkpt lat="44.846947" lon="6.657433">
        <ele>1702.3</ele>
      </trkpt>
      <trkpt lat="44.847436" lon="6.65736">
        <ele>1697.7</ele>
      </trkpt>
      <trkpt lat="44.847631" lon="6.657288">
        <ele>1695.6</ele>
      </trkpt>
      <trkpt lat="44.847729" lon="6.657177">
        <ele>1694.3</ele>
      </trkpt>
      <trkpt lat="44.847926" lon="6.65708">
        <ele>1692.1</ele>
      </trkpt>
      <trkpt lat="44.848679" lon="6.656903">
        <ele>1684.1</ele>
      </trkpt>
      <trkpt lat="44.849179" lon="6.656444">
        <ele>1679.8</ele>
      </trkpt>
      <trkpt lat="44.849417" lon="6.656074">
        <ele>1677.6</ele>
      </trkpt>
      <trkpt lat="44.84974" lon="6.655647">
        <ele>1674.8</ele>
      </trkpt>
      <trkpt lat="44.849981" lon="6.655462">
        <ele>1673.1</ele>
      </trkpt>
      <trkpt lat="44.850563" lon="6.655183">
        <ele>1668.9</ele>
      </trkpt>
      <trkpt lat="44.851127" lon="6.654851">
        <ele>1664.4</ele>
      </trkpt>
      <trkpt lat="44.851284" lon="6.654806">
        <ele>1663.2</ele>
      </trkpt>
      <trkpt lat="44.851944" lon="6.655039">
        <ele>1658.1</ele>
      </trkpt>
      <trkpt lat="44.852102" lon="6.655097">
        <ele>1656.6</ele>
      </trkpt>
      <trkpt lat="44.852262" lon="6.655079">
        <ele>1655.1</ele>
      </trkpt>
      <trkpt lat="44.852485" lon="6.655121">
        <ele>1653.0</ele>
      </trkpt>
      <trkpt lat="44.852552" lon="6.655115">
        <ele>1652.4</ele>
      </trkpt>
      <trkpt lat="44.852655" lon="6.655006">
        <ele>1651.1</ele>
      </trkpt>
      <trkpt lat="44.852705" lon="6.654949">
        <ele>1650.5</ele>
      </trkpt>
      <trkpt lat="44.852766" lon="6.654879">
        <ele>1649.8</ele>
      </trkpt>
      <trkpt lat="44.852923" lon="6.654751">
        <ele>1648.1</ele>
      </trkpt>
      <trkpt lat="44.85296" lon="6.654721">
        <ele>1647.7</ele>
      </trkpt>
      <trkpt lat="44.853136" lon="6.654565">
        <ele>1645.7</ele>
      </trkpt>
      <trkpt lat="44.853368" lon="6.654147">
        <ele>1642.2</ele>
      </trkpt>
      <trkpt lat="44.853412" lon="6.654126">
        <ele>1641.7</ele>
      </trkpt>
      <trkpt lat="44.853692" lon="6.65413">
        <ele>1639.1</ele>
      </trkpt>
      <trkpt lat="44.853818" lon="6.654092">
        <ele>1637.9</ele>
      </trkpt>
      <trkpt lat="44.854268" lon="6.653839">
        <ele>1633.4</ele>
      </trkpt>
      <trkpt lat="44.854496" lon="6.653667">
        <ele>1631.0</ele>
      </trkpt>
      <trkpt lat="44.854652" lon="6.653659">
        <ele>1629.6</ele>
      </trkpt>
      <trkpt lat="44.855067" lon="6.653397">
        <ele>1625.4</ele>
      </trkpt>
      <trkpt lat="44.855234" lon="6.653383">
        <ele>1623.8</ele>
      </trkpt>
      <trkpt lat="44.855683" lon="6.653487">
        <ele>1619.6</ele>
      </trkpt>
      <trkpt lat="44.85574" lon="6.653472">
        <ele>1619.1</ele>
      </trkpt>
      <trkpt lat="44.855845" lon="6.653357">
        <ele>1617.9</ele>
      </trkpt>
      <trkpt lat="44.85598" lon="6.653308">
        <ele>1616.6</ele>
      </trkpt>
      <trkpt lat="44.856329" lon="6.65329">
        <ele>1613.4</ele>
      </trkpt>
      <trkpt lat="44.856408" lon="6.653247">
        <ele>1612.6</ele>
      </trkpt>
      <trkpt lat="44.85652" lon="6.653084">
        <ele>1611.1</ele>
      </trkpt>
      <trkpt lat="44.856643" lon="6.65281">
        <ele>1609.0</ele>
      </trkpt>
      <trkpt lat="44.856723" lon="6.652734">
        <ele>1608.1</ele>
      </trkpt>
      <trkpt lat="44.857045" lon="6.652709">
        <ele>1606.2</ele>
      </trkpt>
      <trkpt lat="44.857177" lon="6.652661">
        <ele>1605.4</ele>
      </trkpt>
      <trkpt lat="44.857538" lon="6.652329">
        <ele>1602.9</ele>
      </trkpt>
      <trkpt lat="44.857751" lon="6.652195">
        <ele>1601.6</ele>
      </trkpt>
      <trkpt lat="44.857961" lon="6.651995">
        <ele>1600.1</ele>
      </trkpt>
      <trkpt lat="44.858116" lon="6.651894">
        <ele>1599.2</ele>
      </trkpt>
      <trkpt lat="44.858569" lon="6.651334">
        <ele>1594.7</ele>
      </trkpt>
      <trkpt lat="44.858707" lon="6.651222">
        <ele>1593.2</ele>
      </trkpt>
      <trkpt lat="44.858776" lon="6.651103">
        <ele>1592.2</ele>
      </trkpt>
      <trkpt lat="44.858979" lon="6.650934">
        <ele>1590.1</ele>
      </trkpt>
      <trkpt lat="44.859069" lon="6.6508">
        <ele>1588.9</ele>
      </trkpt>
      <trkpt lat="44.859125" lon="6.650659">
        <ele>1587.9</ele>
      </trkpt>
      <trkpt lat="44.859234" lon="6.650291">
        <ele>1585.3</ele>
      </trkpt>
      <trkpt lat="44.859291" lon="6.650246">
        <ele>1584.7</ele>
      </trkpt>
      <trkpt lat="44.859364" lon="6.650236">
        <ele>1584.1</ele>
      </trkpt>
      <trkpt lat="44.859907" lon="6.650283">
        <ele>1578.4</ele>
      </trkpt>
      <trkpt lat="44.860089" lon="6.650224">
        <ele>1576.1</ele>
      </trkpt>
      <trkpt lat="44.860228" lon="6.65007">
        <ele>1573.9</ele>
      </trkpt>
      <trkpt lat="44.86053" lon="6.649474">
        <ele>1567.4</ele>
      </trkpt>
      <trkpt lat="44.861008" lon="6.648999">
        <ele>1560.2</ele>
      </trkpt>
      <trkpt lat="44.861472" lon="6.648847">
        <ele>1553.7</ele>
      </trkpt>
      <trkpt lat="44.8621" lon="6.648015">
        <ele>1541.5</ele>
      </trkpt>
      <trkpt lat="44.862496" lon="6.648038">
        <ele>1535.9</ele>
      </trkpt>
      <trkpt lat="44.863023" lon="6.647861">
        <ele>1528.9</ele>
      </trkpt>
      <trkpt lat="44.863076" lon="6.647807">
        <ele>1528.1</ele>
      </trkpt>
      <trkpt lat="44.863101" lon="6.647708">
        <ele>1527.2</ele>
      </trkpt>
      <trkpt lat="44.863143" lon="6.647386">
        <ele>1524.3</ele>
      </trkpt>
      <trkpt lat="44.863332" lon="6.646929">
        <ele>1519.6</ele>
      </trkpt>
      <trkpt lat="44.863395" lon="6.646834">
        <ele>1518.5</ele>
      </trkpt>
      <trkpt lat="44.863623" lon="6.64664">
        <ele>1515.1</ele>
      </trkpt>
      <trkpt lat="44.863891" lon="6.645905">
        <ele>1508.0</ele>
      </trkpt>
      <trkpt lat="44.864122" lon="6.645762">
        <ele>1504.9</ele>
      </trkpt>
      <trkpt lat="44.864518" lon="6.645429">
        <ele>1499.4</ele>
      </trkpt>
      <trkpt lat="44.864558" lon="6.645331">
        <ele>1498.5</ele>
      </trkpt>
      <trkpt lat="44.864581" lon="6.644987">
        <ele>1495.5</ele>
      </trkpt>
      <trkpt lat="44.864612" lon="6.644906">
        <ele>1494.8</ele>
      </trkpt>
      <trkpt lat="44.864916" lon="6.644762">
        <ele>1490.9</ele>
      </trkpt>
      <trkpt lat="44.865221" lon="6.644523">
        <ele>1486.5</ele>
      </trkpt>
      <trkpt lat="44.865262" lon="6.644418">
        <ele>1485.4</ele>
      </trkpt>
      <trkpt lat="44.865379" lon="6.644253">
        <ele>1483.2</ele>
      </trkpt>
      <trkpt lat="44.86579" lon="6.643805">
        <ele>1476.4</ele>
      </trkpt>
      <trkpt lat="44.86617" lon="6.643142">
        <ele>1468.5</ele>
      </trkpt>
      <trkpt lat="44.866444" lon="6.642999">
        <ele>1464.5</ele>
      </trkpt>
      <trkpt lat="44.866717" lon="6.642855">
        <ele>1460.1</ele>
      </trkpt>
      <trkpt lat="44.867092" lon="6.642548">
        <ele>1453.5</ele>
      </trkpt>
      <trkpt lat="44.86715" lon="6.642476">
        <ele>1452.4</ele>
      </trkpt>
      <trkpt lat="44.867222" lon="6.642271">
        <ele>1449.9</ele>
      </trkpt>
      <trkpt lat="44.867441" lon="6.641882">
        <ele>1444.6</ele>
      </trkpt>
      <trkpt lat="44.867601" lon="6.641683">
        <ele>1441.4</ele>
      </trkpt>
      <trkpt lat="44.867877" lon="6.641413">
        <ele>1436.7</ele>
      </trkpt>
      <trkpt lat="44.867934" lon="6.641324">
        <ele>1435.6</ele>
      </trkpt>
      <trkpt lat="44.867988" lon="6.641122">
        <ele>1433.7</ele>
      </trkpt>
      <trkpt lat="44.868043" lon="6.641065">
        <ele>1432.8</ele>
      </trkpt>
      <trkpt lat="44.868161" lon="6.641032">
        <ele>1431.3</ele>
      </trkpt>
      <trkpt lat="44.868196" lon="6.640991">
        <ele>1430.7</ele>
      </trkpt>
      <trkpt lat="44.868332" lon="6.640535">
        <ele>1426.3</ele>
      </trkpt>
      <trkpt lat="44.868531" lon="6.6404">
        <ele>1423.4</ele>
      </trkpt>
      <trkpt lat="44.868583" lon="6.640293">
        <ele>1422.3</ele>
      </trkpt>
      <trkpt lat="44.868625" lon="6.64007">
        <ele>1420.2</ele>
      </trkpt>
      <trkpt lat="44.868608" lon="6.639713">
        <ele>1417.0</ele>
      </trkpt>
      <trkpt lat="44.868626" lon="6.63962">
        <ele>1416.1</ele>
      </trkpt>
      <trkpt lat="44.868718" lon="6.63953">
        <ele>1414.9</ele>
      </trkpt>
      <trkpt lat="44.868931" lon="6.639452">
        <ele>1412.5</ele>
      </trkpt>
      <trkpt lat="44.868992" lon="6.63939">
        <ele>1411.6</ele>
      </trkpt>
      <trkpt lat="44.869086" lon="6.639161">
        <ele>1409.6</ele>
      </trkpt>
      <trkpt lat="44.869295" lon="6.638991">
        <ele>1407.0</ele>
      </trkpt>
      <trkpt lat="44.869331" lon="6.638931">
        <ele>1406.4</ele>
      </trkpt>
      <trkpt lat="44.869445" lon="6.638478">
        <ele>1402.6</ele>
      </trkpt>
      <trkpt lat="44.86945" lon="6.638379">
        <ele>1401.9</ele>
      </trkpt>
      <trkpt lat="44.869414" lon="6.63825">
        <ele>1400.8</ele>
      </trkpt>
      <trkpt lat="44.869234" lon="6.637828">
        <ele>1397.0</ele>
      </trkpt>
      <trkpt lat="44.86924" lon="6.637738">
        <ele>1396.3</ele>
      </trkpt>
      <trkpt lat="44.869314" lon="6.637615">
        <ele>1395.0</ele>
      </trkpt>
      <trkpt lat="44.86945" lon="6.637548">
        <ele>1393.4</ele>
      </trkpt>
      <trkpt lat="44.869666" lon="6.637537">
        <ele>1390.9</ele>
      </trkpt>
      <trkpt lat="44.86973" lon="6.637437">
        <ele>1389.9</ele>
      </trkpt>
      <trkpt lat="44.869738" lon="6.636665">
        <ele>1383.7</ele>
      </trkpt>
      <trkpt lat="44.869738" lon="6.636665">
        <ele>1383.7</ele>
      </trkpt>
      <trkpt lat="44.869838" lon="6.636">
        <ele>1378.3</ele>
      </trkpt>
      <trkpt lat="44.869883" lon="6.635748">
        <ele>1376.2</ele>
      </trkpt>
      <trkpt lat="44.869948" lon="6.635695">
        <ele>1375.2</ele>
      </trkpt>
      <trkpt lat="44.869962" lon="6.636251">
        <ele>1369.9</ele>
      </trkpt>
      <trkpt lat="44.870011" lon="6.6367">
        <ele>1365.5</ele>
      </trkpt>
      <trkpt lat="44.870273" lon="6.637303">
        <ele>1358.8</ele>
      </trkpt>
      <trkpt lat="44.870346" lon="6.637285">
        <ele>1357.8</ele>
      </trkpt>
      <trkpt lat="44.870362" lon="6.637222">
        <ele>1357.1</ele>
      </trkpt>
      <trkpt lat="44.87035" lon="6.637057">
        <ele>1355.5</ele>
      </trkpt>
      <trkpt lat="44.870394" lon="6.636748">
        <ele>1352.5</ele>
      </trkpt>
      <trkpt lat="44.870375" lon="6.636354">
        <ele>1348.5</ele>
      </trkpt>
      <trkpt lat="44.870403" lon="6.636257">
        <ele>1347.4</ele>
      </trkpt>
      <trkpt lat="44.870577" lon="6.635934">
        <ele>1343.3</ele>
      </trkpt>
      <trkpt lat="44.870644" lon="6.635759">
        <ele>1341.2</ele>
      </trkpt>
      <trkpt lat="44.870706" lon="6.635476">
        <ele>1338.2</ele>
      </trkpt>
      <trkpt lat="44.870734" lon="6.635083">
        <ele>1334.2</ele>
      </trkpt>
      <trkpt lat="44.870936" lon="6.634645">
        <ele>1328.8</ele>
      </trkpt>
      <trkpt lat="44.871142" lon="6.634259">
        <ele>1323.9</ele>
      </trkpt>
      <trkpt lat="44.871276" lon="6.63384">
        <ele>1319.2</ele>
      </trkpt>
      <trkpt lat="44.871446" lon="6.633416">
        <ele>1314.2</ele>
      </trkpt>
      <trkpt lat="44.871514" lon="6.633118">
        <ele>1311.0</ele>
      </trkpt>
      <trkpt lat="44.871552" lon="6.632974">
        <ele>1309.4</ele>
      </trkpt>
      <trkpt lat="44.871595" lon="6.632912">
        <ele>1308.5</ele>
      </trkpt>
      <trkpt lat="44.871932" lon="6.632787">
        <ele>1303.5</ele>
      </trkpt>
      <trkpt lat="44.872025" lon="6.632714">
        <ele>1302.0</ele>
      </trkpt>
      <trkpt lat="44.872056" lon="6.632659">
        <ele>1301.2</ele>
      </trkpt>
      <trkpt lat="44.872054" lon="6.632539">
        <ele>1300.0</ele>
      </trkpt>
      <trkpt lat="44.871888" lon="6.632242">
        <ele>1297.3</ele>
      </trkpt>
      <trkpt lat="44.871859" lon="6.632115">
        <ele>1296.4</ele>
      </trkpt>
      <trkpt lat="44.871877" lon="6.631995">
        <ele>1295.5</ele>
      </trkpt>
      <trkpt lat="44.87193" lon="6.631882">
        <ele>1294.6</ele>
      </trkpt>
      <trkpt lat="44.871976" lon="6.631752">
        <ele>1293.6</ele>
      </trkpt>
      <trkpt lat="44.871969" lon="6.631536">
        <ele>1292.1</ele>
      </trkpt>
      <trkpt lat="44.872268" lon="6.631659">
        <ele>1289.0</ele>
      </trkpt>
      <trkpt lat="44.872462" lon="6.631755">
        <ele>1287.0</ele>
      </trkpt>
      <trkpt lat="44.872638" lon="6.631922">
        <ele>1284.9</ele>
      </trkpt>
      <trkpt lat="44.872674" lon="6.631982">
        <ele>1284.3</ele>
      </trkpt>
      <trkpt lat="44.87278" lon="6.632217">
        <ele>1282.4</ele>
      </trkpt>
      <trkpt lat="44.872836" lon="6.632341">
        <ele>1281.6</ele>
      </trkpt>
      <trkpt lat="44.872873" lon="6.632428">
        <ele>1281.0</ele>
      </trkpt>
      <trkpt lat="44.873006" lon="6.632724">
        <ele>1279.2</ele>
      </trkpt>
      <trkpt lat="44.873138" lon="6.632814">
        <ele>1278.1</ele>
      </trkpt>
      <trkpt lat="44.87326" lon="6.632796">
        <ele>1277.2</ele>
      </trkpt>
      <trkpt lat="44.873515" lon="6.632696">
        <ele>1275.3</ele>
      </trkpt>
      <trkpt lat="44.873564" lon="6.632701">
        <ele>1275.0</ele>
      </trkpt>
      <trkpt lat="44.873594" lon="6.632737">
        <ele>1274.7</ele>
      </trkpt>
      <trkpt lat="44.87363" lon="6.632889">
        <ele>1273.8</ele>
      </trkpt>
      <trkpt lat="44.87359" lon="6.633283">
        <ele>1271.8</ele>
      </trkpt>
      <trkpt lat="44.8736" lon="6.633374">
        <ele>1271.3</ele>
      </trkpt>
      <trkpt lat="44.873649" lon="6.633497">
        <ele>1270.6</ele>
      </trkpt>
      <trkpt lat="44.873683" lon="6.633544">
        <ele>1270.2</ele>
      </trkpt>
      <trkpt lat="44.873819" lon="6.633656">
        <ele>1269.1</ele>
      </trkpt>
      <trkpt lat="44.873882" lon="6.633697">
        <ele>1268.7</ele>
      </trkpt>
      <trkpt lat="44.874117" lon="6.633805">
        <ele>1267.2</ele>
      </trkpt>
      <trkpt lat="44.874139" lon="6.633814">
        <ele>1267.1</ele>
      </trkpt>
      <trkpt lat="44.874274" lon="6.63387">
        <ele>1266.2</ele>
      </trkpt>
      <trkpt lat="44.874347" lon="6.633886">
        <ele>1265.8</ele>
      </trkpt>
      <trkpt lat="44.874768" lon="6.633551">
        <ele>1262.9</ele>
      </trkpt>
      <trkpt lat="44.874953" lon="6.633367">
        <ele>1261.5</ele>
      </trkpt>
      <trkpt lat="44.875058" lon="6.633348">
        <ele>1260.9</ele>
      </trkpt>
      <trkpt lat="44.875209" lon="6.633322">
        <ele>1260.0</ele>
      </trkpt>
      <trkpt lat="44.875374" lon="6.633249">
        <ele>1259.0</ele>
      </trkpt>
      <trkpt lat="44.875799" lon="6.633126">
        <ele>1256.6</ele>
      </trkpt>
      <trkpt lat="44.875859" lon="6.633117">
        <ele>1256.3</ele>
      </trkpt>
      <trkpt lat="44.875928" lon="6.633105">
        <ele>1255.9</ele>
      </trkpt>
      <trkpt lat="44.876177" lon="6.633064">
        <ele>1254.5</ele>
      </trkpt>
      <trkpt lat="44.87622" lon="6.633057">
        <ele>1254.3</ele>
      </trkpt>
      <trkpt lat="44.876355" lon="6.633042">
        <ele>1253.6</ele>
      </trkpt>
      <trkpt lat="44.876476" lon="6.633026">
        <ele>1252.9</ele>
      </trkpt>
      <trkpt lat="44.876615" lon="6.63296">
        <ele>1252.1</ele>
      </trkpt>
      <trkpt lat="44.8767" lon="6.633053">
        <ele>1251.5</ele>
      </trkpt>
      <trkpt lat="44.87695" lon="6.633276">
        <ele>1250.0</ele>
      </trkpt>
      <trkpt lat="44.877141" lon="6.633369">
        <ele>1248.9</ele>
      </trkpt>
      <trkpt lat="44.877259" lon="6.633358">
        <ele>1248.5</ele>
      </trkpt>
      <trkpt lat="44.877585" lon="6.633296">
        <ele>1247.7</ele>
      </trkpt>
      <trkpt lat="44.877671" lon="6.633283">
        <ele>1247.5</ele>
      </trkpt>
      <trkpt lat="44.877868" lon="6.633257">
        <ele>1247.0</ele>
      </trkpt>
      <trkpt lat="44.87809" lon="6.63328">
        <ele>1246.5</ele>
      </trkpt>
      <trkpt lat="44.878129" lon="6.633295">
        <ele>1246.4</ele>
      </trkpt>
      <trkpt lat="44.878779" lon="6.63379">
        <ele>1244.7</ele>
      </trkpt>
      <trkpt lat="44.878914" lon="6.633864">
        <ele>1244.3</ele>
      </trkpt>
      <trkpt lat="44.87916" lon="6.63388">
        <ele>1243.5</ele>
      </trkpt>
      <trkpt lat="44.879326" lon="6.63383">
        <ele>1242.9</ele>
      </trkpt>
      <trkpt lat="44.879402" lon="6.633777">
        <ele>1242.6</ele>
      </trkpt>
      <trkpt lat="44.879439" lon="6.633744">
        <ele>1242.5</ele>
      </trkpt>
      <trkpt lat="44.879477" lon="6.633712">
        <ele>1242.3</ele>
      </trkpt>
      <trkpt lat="44.879656" lon="6.633535">
        <ele>1241.6</ele>
      </trkpt>
      <trkpt lat="44.879687" lon="6.63351">
        <ele>1241.4</ele>
      </trkpt>
      <trkpt lat="44.879852" lon="6.633394">
        <ele>1240.8</ele>
      </trkpt>
      <trkpt lat="44.880119" lon="6.633287">
        <ele>1239.8</ele>
      </trkpt>
      <trkpt lat="44.880394" lon="6.633288">
        <ele>1238.9</ele>
      </trkpt>
      <trkpt lat="44.880684" lon="6.633283">
        <ele>1237.8</ele>
      </trkpt>
      <trkpt lat="44.880957" lon="6.633226">
        <ele>1236.6</ele>
      </trkpt>
      <trkpt lat="44.881038" lon="6.633197">
        <ele>1236.2</ele>
      </trkpt>
      <trkpt lat="44.881118" lon="6.633092">
        <ele>1235.8</ele>
      </trkpt>
      <trkpt lat="44.881358" lon="6.633118">
        <ele>1234.7</ele>
      </trkpt>
      <trkpt lat="44.881495" lon="6.633133">
        <ele>1234.1</ele>
      </trkpt>
      <trkpt lat="44.881738" lon="6.633269">
        <ele>1233.0</ele>
      </trkpt>
      <trkpt lat="44.882086" lon="6.633614">
        <ele>1231.2</ele>
      </trkpt>
      <trkpt lat="44.882207" lon="6.633726">
        <ele>1230.5</ele>
      </trkpt>
      <trkpt lat="44.882377" lon="6.633823">
        <ele>1229.5</ele>
      </trkpt>
      <trkpt lat="44.882372" lon="6.633906">
        <ele>1229.2</ele>
      </trkpt>
      <trkpt lat="44.8824" lon="6.633979">
        <ele>1228.9</ele>
      </trkpt>
      <trkpt lat="44.882472" lon="6.634021">
        <ele>1228.4</ele>
      </trkpt>
      <trkpt lat="44.882553" lon="6.633961">
        <ele>1227.9</ele>
      </trkpt>
      <trkpt lat="44.882567" lon="6.633833">
        <ele>1227.4</ele>
      </trkpt>
      <trkpt lat="44.882531" lon="6.633762">
        <ele>1227.0</ele>
      </trkpt>
      <trkpt lat="44.882614" lon="6.633603">
        <ele>1226.2</ele>
      </trkpt>
      <trkpt lat="44.882685" lon="6.633422">
        <ele>1225.4</ele>
      </trkpt>
      <trkpt lat="44.882756" lon="6.633055">
        <ele>1223.9</ele>
      </trkpt>
      <trkpt lat="44.882859" lon="6.632916">
        <ele>1223.1</ele>
      </trkpt>
      <trkpt lat="44.882964" lon="6.632875">
        <ele>1222.5</ele>
      </trkpt>
      <trkpt lat="44.88326" lon="6.632877">
        <ele>1220.8</ele>
      </trkpt>
      <trkpt lat="44.883472" lon="6.632882">
        <ele>1219.9</ele>
      </trkpt>
      <trkpt lat="44.883928" lon="6.632894">
        <ele>1218.3</ele>
      </trkpt>
      <trkpt lat="44.884166" lon="6.632901">
        <ele>1217.5</ele>
      </trkpt>
      <trkpt lat="44.884193" lon="6.632903">
        <ele>1217.4</ele>
      </trkpt>
      <trkpt lat="44.884408" lon="6.632907">
        <ele>1216.6</ele>
      </trkpt>
      <trkpt lat="44.88455" lon="6.63294">
        <ele>1216.1</ele>
      </trkpt>
      <trkpt lat="44.88462" lon="6.632979">
        <ele>1215.9</ele>
      </trkpt>
      <trkpt lat="44.88471" lon="6.633069">
        <ele>1215.5</ele>
      </trkpt>
      <trkpt lat="44.884765" lon="6.63312">
        <ele>1215.3</ele>
      </trkpt>
      <trkpt lat="44.884898" lon="6.633397">
        <ele>1214.5</ele>
      </trkpt>
      <trkpt lat="44.88495" lon="6.633508">
        <ele>1214.1</ele>
      </trkpt>
      <trkpt lat="44.88498" lon="6.633553">
        <ele>1214.1</ele>
      </trkpt>
      <trkpt lat="44.885062" lon="6.633643">
        <ele>1214.0</ele>
      </trkpt>
      <trkpt lat="44.88513" lon="6.633705">
        <ele>1214.0</ele>
      </trkpt>
      <trkpt lat="44.885269" lon="6.633821">
        <ele>1213.9</ele>
      </trkpt>
      <trkpt lat="44.88535" lon="6.633889">
        <ele>1213.9</ele>
      </trkpt>
      <trkpt lat="44.885521" lon="6.634046">
        <ele>1213.8</ele>
      </trkpt>
      <trkpt lat="44.885536" lon="6.634058">
        <ele>1213.8</ele>
      </trkpt>
      <trkpt lat="44.885616" lon="6.634131">
        <ele>1213.7</ele>
      </trkpt>
      <trkpt lat="44.885684" lon="6.634182">
        <ele>1213.7</ele>
      </trkpt>
      <trkpt lat="44.885708" lon="6.634198">
        <ele>1213.7</ele>
      </trkpt>
      <trkpt lat="44.885779" lon="6.634242">
        <ele>1213.7</ele>
      </trkpt>
      <trkpt lat="44.885846" lon="6.634269">
        <ele>1213.6</ele>
      </trkpt>
      <trkpt lat="44.88593" lon="6.634267">
        <ele>1213.6</ele>
      </trkpt>
      <trkpt lat="44.886346" lon="6.634079">
        <ele>1213.4</ele>
      </trkpt>
      <trkpt lat="44.886623" lon="6.633909">
        <ele>1213.2</ele>
      </trkpt>
      <trkpt lat="44.886661" lon="6.633885">
        <ele>1213.1</ele>
      </trkpt>
      <trkpt lat="44.886897" lon="6.633736">
        <ele>1212.8</ele>
      </trkpt>
      <trkpt lat="44.88695" lon="6.633715">
        <ele>1212.7</ele>
      </trkpt>
      <trkpt lat="44.886981" lon="6.633703">
        <ele>1212.7</ele>
      </trkpt>
      <trkpt lat="44.887116" lon="6.63363">
        <ele>1212.5</ele>
      </trkpt>
      <trkpt lat="44.887142" lon="6.633647">
        <ele>1212.4</ele>
      </trkpt>
      <trkpt lat="44.887182" lon="6.633649">
        <ele>1212.4</ele>
      </trkpt>
      <trkpt lat="44.887216" lon="6.63363">
        <ele>1212.3</ele>
      </trkpt>
      <trkpt lat="44.887461" lon="6.633638">
        <ele>1212.0</ele>
      </trkpt>
      <trkpt lat="44.887777" lon="6.633726">
        <ele>1211.5</ele>
      </trkpt>
      <trkpt lat="44.887834" lon="6.633743">
        <ele>1211.4</ele>
      </trkpt>
      <trkpt lat="44.888119" lon="6.63387">
        <ele>1211.0</ele>
      </trkpt>
      <trkpt lat="44.88854" lon="6.634034">
        <ele>1210.0</ele>
      </trkpt>
      <trkpt lat="44.88868" lon="6.634111">
        <ele>1209.5</ele>
      </trkpt>
      <trkpt lat="44.888785" lon="6.634162">
        <ele>1209.2</ele>
      </trkpt>
      <trkpt lat="44.888813" lon="6.634177">
        <ele>1209.1</ele>
      </trkpt>
      <trkpt lat="44.889126" lon="6.63433">
        <ele>1208.1</ele>
      </trkpt>
      <trkpt lat="44.889128" lon="6.634395">
        <ele>1208.0</ele>
      </trkpt>
      <trkpt lat="44.889156" lon="6.634445">
        <ele>1207.9</ele>
      </trkpt>
      <trkpt lat="44.88924" lon="6.634437">
        <ele>1207.6</ele>
      </trkpt>
      <trkpt lat="44.889266" lon="6.634365">
        <ele>1207.5</ele>
      </trkpt>
      <trkpt lat="44.889252" lon="6.6343">
        <ele>1207.3</ele>
      </trkpt>
      <trkpt lat="44.889213" lon="6.634262">
        <ele>1207.2</ele>
      </trkpt>
      <trkpt lat="44.889252" lon="6.63411">
        <ele>1206.8</ele>
      </trkpt>
      <trkpt lat="44.889398" lon="6.633509">
        <ele>1205.5</ele>
      </trkpt>
      <trkpt lat="44.889489" lon="6.633369">
        <ele>1205.3</ele>
      </trkpt>
      <trkpt lat="44.889536" lon="6.633334">
        <ele>1205.3</ele>
      </trkpt>
      <trkpt lat="44.889665" lon="6.633321">
        <ele>1205.1</ele>
      </trkpt>
      <trkpt lat="44.889709" lon="6.633317">
        <ele>1205.1</ele>
      </trkpt>
      <trkpt lat="44.889896" lon="6.633424">
        <ele>1204.8</ele>
      </trkpt>
      <trkpt lat="44.89002" lon="6.633509">
        <ele>1204.7</ele>
      </trkpt>
      <trkpt lat="44.890073" lon="6.633544">
        <ele>1204.6</ele>
      </trkpt>
      <trkpt lat="44.890223" lon="6.633639">
        <ele>1204.4</ele>
      </trkpt>
      <trkpt lat="44.890632" lon="6.633871">
        <ele>1204.0</ele>
      </trkpt>
      <trkpt lat="44.890913" lon="6.633912">
        <ele>1203.7</ele>
      </trkpt>
      <trkpt lat="44.891259" lon="6.633847">
        <ele>1203.6</ele>
      </trkpt>
      <trkpt lat="44.891558" lon="6.633832">
        <ele>1203.7</ele>
      </trkpt>
      <trkpt lat="44.891558" lon="6.633832">
        <ele>1203.7</ele>
      </trkpt>
      <trkpt lat="44.892485" lon="6.633911">
        <ele>1204.1</ele>
      </trkpt>
      <trkpt lat="44.892961" lon="6.633836">
        <ele>1204.4</ele>
      </trkpt>
      <trkpt lat="44.893051" lon="6.633803">
        <ele>1204.5</ele>
      </trkpt>
      <trkpt lat="44.89312" lon="6.63378">
        <ele>1204.6</ele>
      </trkpt>
      <trkpt lat="44.89316" lon="6.633764">
        <ele>1204.6</ele>
      </trkpt>
      <trkpt lat="44.893292" lon="6.633715">
        <ele>1204.7</ele>
      </trkpt>
      <trkpt lat="44.893859" lon="6.63351">
        <ele>1205.2</ele>
      </trkpt>
      <trkpt lat="44.893961" lon="6.633489">
        <ele>1205.3</ele>
      </trkpt>
      <trkpt lat="44.893984" lon="6.633565">
        <ele>1205.4</ele>
      </trkpt>
      <trkpt lat="44.894042" lon="6.633604">
        <ele>1205.5</ele>
      </trkpt>
      <trkpt lat="44.894104" lon="6.633577">
        <ele>1205.5</ele>
      </trkpt>
      <trkpt lat="44.894134" lon="6.63351">
        <ele>1205.6</ele>
      </trkpt>
      <trkpt lat="44.894129" lon="6.63343">
        <ele>1205.6</ele>
      </trkpt>
      <trkpt lat="44.894187" lon="6.633393">
        <ele>1205.7</ele>
      </trkpt>
      <trkpt lat="44.894363" lon="6.633325">
        <ele>1205.8</ele>
      </trkpt>
      <trkpt lat="44.894402" lon="6.63331">
        <ele>1205.9</ele>
      </trkpt>
      <trkpt lat="44.894449" lon="6.633292">
        <ele>1205.9</ele>
      </trkpt>
      <trkpt lat="44.894485" lon="6.63328">
        <ele>1205.9</ele>
      </trkpt>
      <trkpt lat="44.894893" lon="6.633136">
        <ele>1206.9</ele>
      </trkpt>
      <trkpt lat="44.89497" lon="6.633109">
        <ele>1207.1</ele>
      </trkpt>
      <trkpt lat="44.89512" lon="6.633059">
        <ele>1207.5</ele>
      </trkpt>
      <trkpt lat="44.895238" lon="6.633029">
        <ele>1207.8</ele>
      </trkpt>
      <trkpt lat="44.895372" lon="6.633004">
        <ele>1208.1</ele>
      </trkpt>
      <trkpt lat="44.895578" lon="6.632965">
        <ele>1208.6</ele>
      </trkpt>
      <trkpt lat="44.89567" lon="6.632963">
        <ele>1208.8</ele>
      </trkpt>
      <trkpt lat="44.89575" lon="6.632948">
        <ele>1209.0</ele>
      </trkpt>
      <trkpt lat="44.895809" lon="6.632977">
        <ele>1209.1</ele>
      </trkpt>
      <trkpt lat="44.895866" lon="6.632942">
        <ele>1209.3</ele>
      </trkpt>
      <trkpt lat="44.896003" lon="6.633061">
        <ele>1209.7</ele>
      </trkpt>
      <trkpt lat="44.896096" lon="6.633301">
        <ele>1210.1</ele>
      </trkpt>
      <trkpt lat="44.896136" lon="6.633407">
        <ele>1210.5</ele>
      </trkpt>
      <trkpt lat="44.896211" lon="6.633611">
        <ele>1211.5</ele>
      </trkpt>
      <trkpt lat="44.896245" lon="6.6337">
        <ele>1211.9</ele>
      </trkpt>
      <trkpt lat="44.896255" lon="6.633728">
        <ele>1212.1</ele>
      </trkpt>
      <trkpt lat="44.896429" lon="6.634252">
        <ele>1214.5</ele>
      </trkpt>
      <trkpt lat="44.896508" lon="6.634484">
        <ele>1215.6</ele>
      </trkpt>
      <trkpt lat="44.896524" lon="6.634537">
        <ele>1215.9</ele>
      </trkpt>
      <trkpt lat="44.896529" lon="6.634648">
        <ele>1216.4</ele>
      </trkpt>
      <trkpt lat="44.896609" lon="6.634714">
        <ele>1216.9</ele>
      </trkpt>
      <trkpt lat="44.896634" lon="6.634798">
        <ele>1217.3</ele>
      </trkpt>
      <trkpt lat="44.89688" lon="6.635487">
        <ele>1220.6</ele>
      </trkpt>
      <trkpt lat="44.897319" lon="6.636661">
        <ele>1232.1</ele>
      </trkpt>
      <trkpt lat="44.897535" lon="6.637224">
        <ele>1237.9</ele>
      </trkpt>
      <trkpt lat="44.897549" lon="6.637263">
        <ele>1238.3</ele>
      </trkpt>
      <trkpt lat="44.897565" lon="6.637303">
        <ele>1238.7</ele>
      </trkpt>
      <trkpt lat="44.897641" lon="6.637499">
        <ele>1240.7</ele>
      </trkpt>
      <trkpt lat="44.897707" lon="6.637661">
        <ele>1242.4</ele>
      </trkpt>
      <trkpt lat="44.897793" lon="6.63788">
        <ele>1244.7</ele>
      </trkpt>
      <trkpt lat="44.897884" lon="6.638128">
        <ele>1247.5</ele>
      </trkpt>
      <trkpt lat="44.897951" lon="6.638306">
        <ele>1249.5</ele>
      </trkpt>
      <trkpt lat="44.89802" lon="6.638502">
        <ele>1251.7</ele>
      </trkpt>
      <trkpt lat="44.898061" lon="6.638607">
        <ele>1252.9</ele>
      </trkpt>
      <trkpt lat="44.898144" lon="6.638835">
        <ele>1255.4</ele>
      </trkpt>
      <trkpt lat="44.89819" lon="6.638953">
        <ele>1256.8</ele>
      </trkpt>
      <trkpt lat="44.898256" lon="6.639125">
        <ele>1258.7</ele>
      </trkpt>
      <trkpt lat="44.898319" lon="6.639292">
        <ele>1260.6</ele>
      </trkpt>
      <trkpt lat="44.898407" lon="6.639523">
        <ele>1263.2</ele>
      </trkpt>
      <trkpt lat="44.898414" lon="6.639542">
        <ele>1263.4</ele>
      </trkpt>
      <trkpt lat="44.898575" lon="6.639977">
        <ele>1268.3</ele>
      </trkpt>
      <trkpt lat="44.8986" lon="6.640047">
        <ele>1269.1</ele>
      </trkpt>
      <trkpt lat="44.898613" lon="6.640081">
        <ele>1269.3</ele>
      </trkpt>
      <trkpt lat="44.898692" lon="6.640293">
        <ele>1270.4</ele>
      </trkpt>
      <trkpt lat="44.898736" lon="6.640411">
        <ele>1270.9</ele>
      </trkpt>
      <trkpt lat="44.898771" lon="6.640501">
        <ele>1271.4</ele>
      </trkpt>
      <trkpt lat="44.898954" lon="6.640993">
        <ele>1273.8</ele>
      </trkpt>
      <trkpt lat="44.899025" lon="6.641139">
        <ele>1274.5</ele>
      </trkpt>
      <trkpt lat="44.899076" lon="6.641209">
        <ele>1275.0</ele>
      </trkpt>
      <trkpt lat="44.899187" lon="6.641283">
        <ele>1275.7</ele>
      </trkpt>
      <trkpt lat="44.899144" lon="6.641398">
        <ele>1276.3</ele>
      </trkpt>
      <trkpt lat="44.899064" lon="6.641439">
        <ele>1276.8</ele>
      </trkpt>
      <trkpt lat="44.898965" lon="6.641479">
        <ele>1277.4</ele>
      </trkpt>
      <trkpt lat="44.898956" lon="6.6415">
        <ele>1277.5</ele>
      </trkpt>
      <trkpt lat="44.898904" lon="6.641622">
        <ele>1278.1</ele>
      </trkpt>
      <trkpt lat="44.898881" lon="6.641675">
        <ele>1278.4</ele>
      </trkpt>
      <trkpt lat="44.898839" lon="6.641805">
        <ele>1279.0</ele>
      </trkpt>
      <trkpt lat="44.898825" lon="6.642001">
        <ele>1279.9</ele>
      </trkpt>
      <trkpt lat="44.898826" lon="6.642038">
        <ele>1280.0</ele>
      </trkpt>
      <trkpt lat="44.898806" lon="6.642301">
        <ele>1279.8</ele>
      </trkpt>
      <trkpt lat="44.898794" lon="6.642402">
        <ele>1279.6</ele>
      </trkpt>
      <trkpt lat="44.898605" lon="6.642431">
        <ele>1279.1</ele>
      </trkpt>
      <trkpt lat="44.898587" lon="6.642432">
        <ele>1279.1</ele>
      </trkpt>
      <trkpt lat="44.898558" lon="6.642433">
        <ele>1279.0</ele>
      </trkpt>
      <trkpt lat="44.898487" lon="6.642434">
        <ele>1278.8</ele>
      </trkpt>
      <trkpt lat="44.898347" lon="6.642435">
        <ele>1278.4</ele>
      </trkpt>
      <trkpt lat="44.898251" lon="6.642467">
        <ele>1278.2</ele>
      </trkpt>
      <trkpt lat="44.89821" lon="6.642514">
        <ele>1278.1</ele>
      </trkpt>
      <trkpt lat="44.898166" lon="6.642574">
        <ele>1277.9</ele>
      </trkpt>
      <trkpt lat="44.898037" lon="6.642891">
        <ele>1277.2</ele>
      </trkpt>
      <trkpt lat="44.897993" lon="6.642964">
        <ele>1277.1</ele>
      </trkpt>
      <trkpt lat="44.897995" lon="6.643407">
        <ele>1276.2</ele>
      </trkpt>
      <trkpt lat="44.897968" lon="6.643677">
        <ele>1275.7</ele>
      </trkpt>
      <trkpt lat="44.89787" lon="6.643923">
        <ele>1275.8</ele>
      </trkpt>
      <trkpt lat="44.8978" lon="6.644149">
        <ele>1276.1</ele>
      </trkpt>
      <trkpt lat="44.897741" lon="6.644486">
        <ele>1276.5</ele>
      </trkpt>
      <trkpt lat="44.897756" lon="6.644534">
        <ele>1276.6</ele>
      </trkpt>
      <trkpt lat="44.897928" lon="6.644624">
        <ele>1276.9</ele>
      </trkpt>
      <trkpt lat="44.898057" lon="6.644392">
        <ele>1277.2</ele>
      </trkpt>
      <trkpt lat="44.8981" lon="6.644411">
        <ele>1277.3</ele>
      </trkpt>
      <trkpt lat="44.898102" lon="6.644456">
        <ele>1277.4</ele>
      </trkpt>
      <trkpt lat="44.897986" lon="6.644663">
        <ele>1277.7</ele>
      </trkpt>
      <trkpt lat="44.897868" lon="6.645042">
        <ele>1278.2</ele>
      </trkpt>
      <trkpt lat="44.897782" lon="6.645223">
        <ele>1278.4</ele>
      </trkpt>
      <trkpt lat="44.897787" lon="6.645301">
        <ele>1278.5</ele>
      </trkpt>
      <trkpt lat="44.897745" lon="6.645405">
        <ele>1278.7</ele>
      </trkpt>
      <trkpt lat="44.897746" lon="6.645467">
        <ele>1278.9</ele>
      </trkpt>
      <trkpt lat="44.89788" lon="6.645544">
        <ele>1279.5</ele>
      </trkpt>
      <trkpt lat="44.898118" lon="6.645834">
        <ele>1280.8</ele>
      </trkpt>
      <trkpt lat="44.898097" lon="6.645899">
        <ele>1281.0</ele>
      </trkpt>
      <trkpt lat="44.897969" lon="6.645833">
        <ele>1281.5</ele>
      </trkpt>
      <trkpt lat="44.897917" lon="6.645845">
        <ele>1281.7</ele>
      </trkpt>
      <trkpt lat="44.897873" lon="6.64591">
        <ele>1282.0</ele>
      </trkpt>
      <trkpt lat="44.89789" lon="6.646024">
        <ele>1282.3</ele>
      </trkpt>
      <trkpt lat="44.898006" lon="6.646103">
        <ele>1282.8</ele>
      </trkpt>
      <trkpt lat="44.898137" lon="6.646077">
        <ele>1283.4</ele>
      </trkpt>
      <trkpt lat="44.898195" lon="6.646094">
        <ele>1283.6</ele>
      </trkpt>
      <trkpt lat="44.898347" lon="6.646349">
        <ele>1284.5</ele>
      </trkpt>
      <trkpt lat="44.898641" lon="6.646589">
        <ele>1285.9</ele>
      </trkpt>
      <trkpt lat="44.898795" lon="6.646795">
        <ele>1287.2</ele>
      </trkpt>
      <trkpt lat="44.898883" lon="6.646979">
        <ele>1288.1</ele>
      </trkpt>
      <trkpt lat="44.898912" lon="6.647155">
        <ele>1288.8</ele>
      </trkpt>
      <trkpt lat="44.898716" lon="6.647577">
        <ele>1290.9</ele>
      </trkpt>
      <trkpt lat="44.898644" lon="6.647696">
        <ele>1291.5</ele>
      </trkpt>
      <trkpt lat="44.898537" lon="6.64782">
        <ele>1292.3</ele>
      </trkpt>
      <trkpt lat="44.898305" lon="6.647922">
        <ele>1293.7</ele>
      </trkpt>
      <trkpt lat="44.898066" lon="6.647792">
        <ele>1295.2</ele>
      </trkpt>
      <trkpt lat="44.897973" lon="6.64778">
        <ele>1295.8</ele>
      </trkpt>
      <trkpt lat="44.897926" lon="6.64781">
        <ele>1296.1</ele>
      </trkpt>
      <trkpt lat="44.897935" lon="6.647866">
        <ele>1296.4</ele>
      </trkpt>
      <trkpt lat="44.898209" lon="6.648113">
        <ele>1301.9</ele>
      </trkpt>
      <trkpt lat="44.898475" lon="6.648452">
        <ele>1307.9</ele>
      </trkpt>
      <trkpt lat="44.898445" lon="6.648494">
        <ele>1308.6</ele>
      </trkpt>
      <trkpt lat="44.898359" lon="6.648509">
        <ele>1310.0</ele>
      </trkpt>
      <trkpt lat="44.897892" lon="6.648352">
        <ele>1318.1</ele>
      </trkpt>
      <trkpt lat="44.89773" lon="6.648464">
        <ele>1321.1</ele>
      </trkpt>
      <trkpt lat="44.897594" lon="6.648504">
        <ele>1323.4</ele>
      </trkpt>
      <trkpt lat="44.897321" lon="6.648516">
        <ele>1328.4</ele>
      </trkpt>
      <trkpt lat="44.897101" lon="6.64843">
        <ele>1333.0</ele>
      </trkpt>
      <trkpt lat="44.89684" lon="6.648213">
        <ele>1339.2</ele>
      </trkpt>
      <trkpt lat="44.89683" lon="6.648258">
        <ele>1339.9</ele>
      </trkpt>
      <trkpt lat="44.896853" lon="6.648329">
        <ele>1341.0</ele>
      </trkpt>
      <trkpt lat="44.896997" lon="6.648624">
        <ele>1346.2</ele>
      </trkpt>
      <trkpt lat="44.897074" lon="6.648854">
        <ele>1349.8</ele>
      </trkpt>
      <trkpt lat="44.897409" lon="6.649552">
        <ele>1362.0</ele>
      </trkpt>
      <trkpt lat="44.897594" lon="6.649787">
        <ele>1366.6</ele>
      </trkpt>
      <trkpt lat="44.897708" lon="6.649888">
        <ele>1369.0</ele>
      </trkpt>
      <trkpt lat="44.897977" lon="6.650045">
        <ele>1374.2</ele>
      </trkpt>
      <trkpt lat="44.897982" lon="6.650104">
        <ele>1374.9</ele>
      </trkpt>
      <trkpt lat="44.897823" lon="6.650122">
        <ele>1377.8</ele>
      </trkpt>
      <trkpt lat="44.897338" lon="6.650094">
        <ele>1386.5</ele>
      </trkpt>
      <trkpt lat="44.897045" lon="6.649964">
        <ele>1392.0</ele>
      </trkpt>
      <trkpt lat="44.89677" lon="6.64974">
        <ele>1396.8</ele>
      </trkpt>
      <trkpt lat="44.896175" lon="6.649">
        <ele>1405.8</ele>
      </trkpt>
      <trkpt lat="44.896114" lon="6.648969">
        <ele>1406.6</ele>
      </trkpt>
      <trkpt lat="44.89612" lon="6.649061">
        <ele>1407.3</ele>
      </trkpt>
      <trkpt lat="44.896359" lon="6.649501">
        <ele>1411.8</ele>
      </trkpt>
      <trkpt lat="44.896515" lon="6.649958">
        <ele>1415.7</ele>
      </trkpt>
      <trkpt lat="44.896719" lon="6.650361">
        <ele>1414.5</ele>
      </trkpt>
      <trkpt lat="44.897079" lon="6.650677">
        <ele>1413.2</ele>
      </trkpt>
      <trkpt lat="44.897338" lon="6.650804">
        <ele>1412.3</ele>
      </trkpt>
      <trkpt lat="44.897637" lon="6.650902">
        <ele>1411.3</ele>
      </trkpt>
      <trkpt lat="44.89795" lon="6.650933">
        <ele>1410.3</ele>
      </trkpt>
      <trkpt lat="44.898089" lon="6.651028">
        <ele>1410.1</ele>
      </trkpt>
      <trkpt lat="44.898172" lon="6.651123">
        <ele>1410.6</ele>
      </trkpt>
      <trkpt lat="44.898204" lon="6.651426">
        <ele>1411.7</ele>
      </trkpt>
      <trkpt lat="44.898252" lon="6.651547">
        <ele>1412.1</ele>
      </trkpt>
      <trkpt lat="44.898512" lon="6.652001">
        <ele>1414.0</ele>
      </trkpt>
      <trkpt lat="44.898543" lon="6.652116">
        <ele>1414.5</ele>
      </trkpt>
      <trkpt lat="44.898532" lon="6.652212">
        <ele>1414.8</ele>
      </trkpt>
      <trkpt lat="44.898452" lon="6.652332">
        <ele>1415.3</ele>
      </trkpt>
      <trkpt lat="44.898234" lon="6.652439">
        <ele>1416.4</ele>
      </trkpt>
      <trkpt lat="44.89811" lon="6.652548">
        <ele>1417.1</ele>
      </trkpt>
      <trkpt lat="44.89808" lon="6.652579">
        <ele>1417.3</ele>
      </trkpt>
      <trkpt lat="44.897862" lon="6.652608">
        <ele>1418.3</ele>
      </trkpt>
      <trkpt lat="44.897344" lon="6.652762">
        <ele>1421.9</ele>
      </trkpt>
      <trkpt lat="44.895831" lon="6.653536">
        <ele>1431.8</ele>
      </trkpt>
      <trkpt lat="44.895564" lon="6.653717">
        <ele>1432.7</ele>
      </trkpt>
      <trkpt lat="44.894909" lon="6.654354">
        <ele>1435.1</ele>
      </trkpt>
      <trkpt lat="44.89497" lon="6.654536">
        <ele>1435.6</ele>
      </trkpt>
      <trkpt lat="44.894977" lon="6.654692">
        <ele>1435.9</ele>
      </trkpt>
      <trkpt lat="44.894932" lon="6.654942">
        <ele>1436.5</ele>
      </trkpt>
      <trkpt lat="44.894915" lon="6.655202">
        <ele>1437.0</ele>
      </trkpt>
      <trkpt lat="44.894944" lon="6.655439">
        <ele>1437.5</ele>
      </trkpt>
      <trkpt lat="44.895" lon="6.655652">
        <ele>1438.0</ele>
      </trkpt>
      <trkpt lat="44.895294" lon="6.656365">
        <ele>1439.7</ele>
      </trkpt>
      <trkpt lat="44.895335" lon="6.656727">
        <ele>1440.5</ele>
      </trkpt>
      <trkpt lat="44.895426" lon="6.656932">
        <ele>1441.0</ele>
      </trkpt>
      <trkpt lat="44.895548" lon="6.657096">
        <ele>1441.5</ele>
      </trkpt>
      <trkpt lat="44.89579" lon="6.657347">
        <ele>1442.6</ele>
      </trkpt>
      <trkpt lat="44.896036" lon="6.657426">
        <ele>1443.6</ele>
      </trkpt>
      <trkpt lat="44.896409" lon="6.657422">
        <ele>1445.1</ele>
      </trkpt>
      <trkpt lat="44.896484" lon="6.657447">
        <ele>1445.4</ele>
      </trkpt>
      <trkpt lat="44.896602" lon="6.657504">
        <ele>1445.8</ele>
      </trkpt>
      <trkpt lat="44.896727" lon="6.657629">
        <ele>1446.4</ele>
      </trkpt>
      <trkpt lat="44.897248" lon="6.657968">
        <ele>1448.6</ele>
      </trkpt>
      <trkpt lat="44.897359" lon="6.658097">
        <ele>1449.2</ele>
      </trkpt>
      <trkpt lat="44.897569" lon="6.658662">
        <ele>1450.8</ele>
      </trkpt>
      <trkpt lat="44.897633" lon="6.658747">
        <ele>1451.2</ele>
      </trkpt>
      <trkpt lat="44.89816" lon="6.659156">
        <ele>1453.4</ele>
      </trkpt>
      <trkpt lat="44.898209" lon="6.659258">
        <ele>1453.7</ele>
      </trkpt>
      <trkpt lat="44.898204" lon="6.659338">
        <ele>1453.9</ele>
      </trkpt>
      <trkpt lat="44.898102" lon="6.659491">
        <ele>1454.5</ele>
      </trkpt>
      <trkpt lat="44.898072" lon="6.659575">
        <ele>1454.7</ele>
      </trkpt>
      <trkpt lat="44.898115" lon="6.65987">
        <ele>1455.2</ele>
      </trkpt>
      <trkpt lat="44.898113" lon="6.66015">
        <ele>1455.1</ele>
      </trkpt>
      <trkpt lat="44.89816" lon="6.66029">
        <ele>1455.1</ele>
      </trkpt>
      <trkpt lat="44.898311" lon="6.660413">
        <ele>1455.0</ele>
      </trkpt>
      <trkpt lat="44.898415" lon="6.660593">
        <ele>1454.9</ele>
      </trkpt>
      <trkpt lat="44.898441" lon="6.660738">
        <ele>1454.8</ele>
      </trkpt>
      <trkpt lat="44.898395" lon="6.660919">
        <ele>1454.8</ele>
      </trkpt>
      <trkpt lat="44.89844" lon="6.66109">
        <ele>1454.7</ele>
      </trkpt>
      <trkpt lat="44.898677" lon="6.661265">
        <ele>1454.6</ele>
      </trkpt>
      <trkpt lat="44.898735" lon="6.66134">
        <ele>1454.5</ele>
      </trkpt>
      <trkpt lat="44.898806" lon="6.661541">
        <ele>1454.4</ele>
      </trkpt>
      <trkpt lat="44.898818" lon="6.661701">
        <ele>1454.4</ele>
      </trkpt>
      <trkpt lat="44.898783" lon="6.661925">
        <ele>1454.4</ele>
      </trkpt>
      <trkpt lat="44.89889" lon="6.662122">
        <ele>1454.6</ele>
      </trkpt>
      <trkpt lat="44.898917" lon="6.662275">
        <ele>1454.7</ele>
      </trkpt>
      <trkpt lat="44.89905" lon="6.662523">
        <ele>1454.9</ele>
      </trkpt>
      <trkpt lat="44.899097" lon="6.662942">
        <ele>1455.2</ele>
      </trkpt>
      <trkpt lat="44.899221" lon="6.663165">
        <ele>1455.4</ele>
      </trkpt>
      <trkpt lat="44.899225" lon="6.663586">
        <ele>1455.7</ele>
      </trkpt>
      <trkpt lat="44.899184" lon="6.663899">
        <ele>1456.0</ele>
      </trkpt>
      <trkpt lat="44.899211" lon="6.663959">
        <ele>1456.0</ele>
      </trkpt>
      <trkpt lat="44.8994" lon="6.664097">
        <ele>1456.0</ele>
      </trkpt>
      <trkpt lat="44.899826" lon="6.664491">
        <ele>1454.9</ele>
      </trkpt>
      <trkpt lat="44.899914" lon="6.664616">
        <ele>1454.6</ele>
      </trkpt>
      <trkpt lat="44.899954" lon="6.664729">
        <ele>1454.5</ele>
      </trkpt>
      <trkpt lat="44.899941" lon="6.665119">
        <ele>1453.9</ele>
      </trkpt>
      <trkpt lat="44.899969" lon="6.665289">
        <ele>1453.6</ele>
      </trkpt>
      <trkpt lat="44.900073" lon="6.665498">
        <ele>1453.2</ele>
      </trkpt>
      <trkpt lat="44.900145" lon="6.665586">
        <ele>1453.0</ele>
      </trkpt>
      <trkpt lat="44.900325" lon="6.665705">
        <ele>1452.6</ele>
      </trkpt>
      <trkpt lat="44.900761" lon="6.666107">
        <ele>1450.4</ele>
      </trkpt>
      <trkpt lat="44.901107" lon="6.666317">
        <ele>1448.5</ele>
      </trkpt>
      <trkpt lat="44.901665" lon="6.666496">
        <ele>1445.7</ele>
      </trkpt>
      <trkpt lat="44.901933" lon="6.666478">
        <ele>1444.4</ele>
      </trkpt>
      <trkpt lat="44.902304" lon="6.666637">
        <ele>1443.4</ele>
      </trkpt>
      <trkpt lat="44.902735" lon="6.666634">
        <ele>1443.2</ele>
      </trkpt>
      <trkpt lat="44.903089" lon="6.66675">
        <ele>1443.1</ele>
      </trkpt>
      <trkpt lat="44.903523" lon="6.667128">
        <ele>1443.0</ele>
      </trkpt>
      <trkpt lat="44.903882" lon="6.667219">
        <ele>1442.9</ele>
      </trkpt>
      <trkpt lat="44.904502" lon="6.667478">
        <ele>1443.4</ele>
      </trkpt>
      <trkpt lat="44.905243" lon="6.667843">
        <ele>1443.9</ele>
      </trkpt>
      <trkpt lat="44.905708" lon="6.668213">
        <ele>1443.7</ele>
      </trkpt>
      <trkpt lat="44.905977" lon="6.668385">
        <ele>1443.2</ele>
      </trkpt>
      <trkpt lat="44.906083" lon="6.668557">
        <ele>1442.9</ele>
      </trkpt>
      <trkpt lat="44.906151" lon="6.668735">
        <ele>1442.7</ele>
      </trkpt>
      <trkpt lat="44.906221" lon="6.668845">
        <ele>1442.5</ele>
      </trkpt>
      <trkpt lat="44.906291" lon="6.668884">
        <ele>1442.4</ele>
      </trkpt>
      <trkpt lat="44.906451" lon="6.6689">
        <ele>1442.1</ele>
      </trkpt>
      <trkpt lat="44.90651" lon="6.669118">
        <ele>1441.8</ele>
      </trkpt>
      <trkpt lat="44.906721" lon="6.669475">
        <ele>1441.2</ele>
      </trkpt>
      <trkpt lat="44.906899" lon="6.669556">
        <ele>1441.0</ele>
      </trkpt>
      <trkpt lat="44.907082" lon="6.669738">
        <ele>1440.9</ele>
      </trkpt>
      <trkpt lat="44.907197" lon="6.6698">
        <ele>1440.8</ele>
      </trkpt>
      <trkpt lat="44.907252" lon="6.669855">
        <ele>1440.8</ele>
      </trkpt>
      <trkpt lat="44.907339" lon="6.670023">
        <ele>1440.7</ele>
      </trkpt>
      <trkpt lat="44.907576" lon="6.670133">
        <ele>1440.6</ele>
      </trkpt>
      <trkpt lat="44.90763" lon="6.670186">
        <ele>1440.6</ele>
      </trkpt>
      <trkpt lat="44.907689" lon="6.670262">
        <ele>1440.6</ele>
      </trkpt>
      <trkpt lat="44.907808" lon="6.670552">
        <ele>1440.5</ele>
      </trkpt>
      <trkpt lat="44.908037" lon="6.670792">
        <ele>1440.3</ele>
      </trkpt>
      <trkpt lat="44.908095" lon="6.670971">
        <ele>1440.3</ele>
      </trkpt>
      <trkpt lat="44.908123" lon="6.671057">
        <ele>1440.2</ele>
      </trkpt>
      <trkpt lat="44.908148" lon="6.671263">
        <ele>1440.8</ele>
      </trkpt>
      <trkpt lat="44.908163" lon="6.671862">
        <ele>1443.4</ele>
      </trkpt>
      <trkpt lat="44.908196" lon="6.672102">
        <ele>1444.5</ele>
      </trkpt>
      <trkpt lat="44.908259" lon="6.672291">
        <ele>1445.4</ele>
      </trkpt>
      <trkpt lat="44.908462" lon="6.672555">
        <ele>1447.2</ele>
      </trkpt>
      <trkpt lat="44.908679" lon="6.672719">
        <ele>1448.7</ele>
      </trkpt>
      <trkpt lat="44.909015" lon="6.673164">
        <ele>1451.5</ele>
      </trkpt>
      <trkpt lat="44.90953" lon="6.673533">
        <ele>1450.9</ele>
      </trkpt>
      <trkpt lat="44.909654" lon="6.67378">
        <ele>1450.7</ele>
      </trkpt>
      <trkpt lat="44.909816" lon="6.674194">
        <ele>1450.3</ele>
      </trkpt>
      <trkpt lat="44.910053" lon="6.67467">
        <ele>1449.9</ele>
      </trkpt>
      <trkpt lat="44.910449" lon="6.675156">
        <ele>1447.8</ele>
      </trkpt>
      <trkpt lat="44.910574" lon="6.675283">
        <ele>1446.8</ele>
      </trkpt>
      <trkpt lat="44.910854" lon="6.675568">
        <ele>1444.6</ele>
      </trkpt>
      <trkpt lat="44.910925" lon="6.675679">
        <ele>1443.9</ele>
      </trkpt>
      <trkpt lat="44.911044" lon="6.676038">
        <ele>1442.1</ele>
      </trkpt>
      <trkpt lat="44.911099" lon="6.676161">
        <ele>1441.4</ele>
      </trkpt>
      <trkpt lat="44.911219" lon="6.676331">
        <ele>1440.3</ele>
      </trkpt>
      <trkpt lat="44.91134" lon="6.676649">
        <ele>1438.6</ele>
      </trkpt>
      <trkpt lat="44.911661" lon="6.67691">
        <ele>1435.4</ele>
      </trkpt>
      <trkpt lat="44.911914" lon="6.677267">
        <ele>1432.1</ele>
      </trkpt>
      <trkpt lat="44.912033" lon="6.677317">
        <ele>1430.9</ele>
      </trkpt>
      <trkpt lat="44.912458" lon="6.677193">
        <ele>1426.8</ele>
      </trkpt>
      <trkpt lat="44.913102" lon="6.677157">
        <ele>1421.0</ele>
      </trkpt>
      <trkpt lat="44.913317" lon="6.677096">
        <ele>1420.6</ele>
      </trkpt>
      <trkpt lat="44.913501" lon="6.677082">
        <ele>1420.2</ele>
      </trkpt>
      <trkpt lat="44.913966" lon="6.677249">
        <ele>1419.3</ele>
      </trkpt>
      <trkpt lat="44.914116" lon="6.677355">
        <ele>1419.0</ele>
      </trkpt>
      <trkpt lat="44.914352" lon="6.677688">
        <ele>1418.3</ele>
      </trkpt>
      <trkpt lat="44.91459" lon="6.678212">
        <ele>1417.7</ele>
      </trkpt>
      <trkpt lat="44.914914" lon="6.678712">
        <ele>1418.7</ele>
      </trkpt>
      <trkpt lat="44.915055" lon="6.679285">
        <ele>1419.6</ele>
      </trkpt>
      <trkpt lat="44.915139" lon="6.679432">
        <ele>1419.9</ele>
      </trkpt>
      <trkpt lat="44.9153" lon="6.679549">
        <ele>1420.2</ele>
      </trkpt>
      <trkpt lat="44.915355" lon="6.679587">
        <ele>1420.4</ele>
      </trkpt>
      <trkpt lat="44.915422" lon="6.679689">
        <ele>1420.6</ele>
      </trkpt>
      <trkpt lat="44.915295" lon="6.679921">
        <ele>1421.0</ele>
      </trkpt>
      <trkpt lat="44.915211" lon="6.680219">
        <ele>1422.1</ele>
      </trkpt>
      <trkpt lat="44.915139" lon="6.680365">
        <ele>1423.4</ele>
      </trkpt>
      <trkpt lat="44.915022" lon="6.680428">
        <ele>1424.7</ele>
      </trkpt>
      <trkpt lat="44.914936" lon="6.680389">
        <ele>1425.6</ele>
      </trkpt>
      <trkpt lat="44.914859" lon="6.680416">
        <ele>1426.4</ele>
      </trkpt>
      <trkpt lat="44.914837" lon="6.680481">
        <ele>1426.9</ele>
      </trkpt>
      <trkpt lat="44.914844" lon="6.680669">
        <ele>1428.3</ele>
      </trkpt>
      <trkpt lat="44.914882" lon="6.681047">
        <ele>1431.0</ele>
      </trkpt>
      <trkpt lat="44.914851" lon="6.681156">
        <ele>1431.8</ele>
      </trkpt>
      <trkpt lat="44.914738" lon="6.681188">
        <ele>1433.0</ele>
      </trkpt>
      <trkpt lat="44.914607" lon="6.681157">
        <ele>1434.4</ele>
      </trkpt>
      <trkpt lat="44.914545" lon="6.681176">
        <ele>1435.0</ele>
      </trkpt>
      <trkpt lat="44.914508" lon="6.681227">
        <ele>1435.5</ele>
      </trkpt>
      <trkpt lat="44.914473" lon="6.681397">
        <ele>1436.8</ele>
      </trkpt>
      <trkpt lat="44.914484" lon="6.681495">
        <ele>1437.5</ele>
      </trkpt>
      <trkpt lat="44.914504" lon="6.681603">
        <ele>1438.3</ele>
      </trkpt>
      <trkpt lat="44.914593" lon="6.681752">
        <ele>1439.7</ele>
      </trkpt>
      <trkpt lat="44.914716" lon="6.681958">
        <ele>1441.8</ele>
      </trkpt>
      <trkpt lat="44.915197" lon="6.682567">
        <ele>1449.0</ele>
      </trkpt>
      <trkpt lat="44.915645" lon="6.683007">
        <ele>1455.0</ele>
      </trkpt>
      <trkpt lat="44.916101" lon="6.683397">
        <ele>1461.0</ele>
      </trkpt>
      <trkpt lat="44.916156" lon="6.683484">
        <ele>1461.9</ele>
      </trkpt>
      <trkpt lat="44.916259" lon="6.683865">
        <ele>1465.2</ele>
      </trkpt>
      <trkpt lat="44.916296" lon="6.683924">
        <ele>1465.8</ele>
      </trkpt>
      <trkpt lat="44.916352" lon="6.68396">
        <ele>1466.5</ele>
      </trkpt>
      <trkpt lat="44.916562" lon="6.68398">
        <ele>1468.9</ele>
      </trkpt>
      <trkpt lat="44.916686" lon="6.684049">
        <ele>1470.5</ele>
      </trkpt>
      <trkpt lat="44.916785" lon="6.684139">
        <ele>1471.8</ele>
      </trkpt>
      <trkpt lat="44.917066" lon="6.684564">
        <ele>1476.5</ele>
      </trkpt>
      <trkpt lat="44.917084" lon="6.684641">
        <ele>1477.1</ele>
      </trkpt>
      <trkpt lat="44.917028" lon="6.684973">
        <ele>1479.9</ele>
      </trkpt>
      <trkpt lat="44.917146" lon="6.685688">
        <ele>1484.0</ele>
      </trkpt>
      <trkpt lat="44.917147" lon="6.686393">
        <ele>1487.9</ele>
      </trkpt>
      <trkpt lat="44.917396" lon="6.686901">
        <ele>1491.3</ele>
      </trkpt>
      <trkpt lat="44.917505" lon="6.687021">
        <ele>1492.3</ele>
      </trkpt>
      <trkpt lat="44.917621" lon="6.687073">
        <ele>1493.3</ele>
      </trkpt>
      <trkpt lat="44.917721" lon="6.687048">
        <ele>1494.1</ele>
      </trkpt>
      <trkpt lat="44.917744" lon="6.687031">
        <ele>1494.4</ele>
      </trkpt>
      <trkpt lat="44.918124" lon="6.686758">
        <ele>1498.9</ele>
      </trkpt>
      <trkpt lat="44.918589" lon="6.686685">
        <ele>1503.9</ele>
      </trkpt>
      <trkpt lat="44.918942" lon="6.686878">
        <ele>1507.9</ele>
      </trkpt>
      <trkpt lat="44.919197" lon="6.68724">
        <ele>1511.8</ele>
      </trkpt>
      <trkpt lat="44.919202" lon="6.687316">
        <ele>1512.4</ele>
      </trkpt>
      <trkpt lat="44.919168" lon="6.687345">
        <ele>1512.8</ele>
      </trkpt>
      <trkpt lat="44.918932" lon="6.687178">
        <ele>1517.4</ele>
      </trkpt>
      <trkpt lat="44.918905" lon="6.687182">
        <ele>1517.9</ele>
      </trkpt>
      <trkpt lat="44.91888" lon="6.68725">
        <ele>1518.9</ele>
      </trkpt>
      <trkpt lat="44.9189" lon="6.687317">
        <ele>1519.9</ele>
      </trkpt>
      <trkpt lat="44.919255" lon="6.687694">
        <ele>1528.1</ele>
      </trkpt>
      <trkpt lat="44.919341" lon="6.687742">
        <ele>1529.8</ele>
      </trkpt>
      <trkpt lat="44.919545" lon="6.687761">
        <ele>1533.5</ele>
      </trkpt>
      <trkpt lat="44.919928" lon="6.688">
        <ele>1541.3</ele>
      </trkpt>
      <trkpt lat="44.919999" lon="6.688073">
        <ele>1542.9</ele>
      </trkpt>
      <trkpt lat="44.920118" lon="6.68823">
        <ele>1545.9</ele>
      </trkpt>
      <trkpt lat="44.920211" lon="6.688452">
        <ele>1547.8</ele>
      </trkpt>
      <trkpt lat="44.920266" lon="6.688823">
        <ele>1550.2</ele>
      </trkpt>
      <trkpt lat="44.920341" lon="6.689022">
        <ele>1551.6</ele>
      </trkpt>
      <trkpt lat="44.920394" lon="6.689089">
        <ele>1552.3</ele>
      </trkpt>
      <trkpt lat="44.920581" lon="6.689189">
        <ele>1554.1</ele>
      </trkpt>
      <trkpt lat="44.920758" lon="6.689526">
        <ele>1556.8</ele>
      </trkpt>
      <trkpt lat="44.92081" lon="6.689579">
        <ele>1557.4</ele>
      </trkpt>
      <trkpt lat="44.920918" lon="6.689614">
        <ele>1558.4</ele>
      </trkpt>
      <trkpt lat="44.921114" lon="6.689767">
        <ele>1560.4</ele>
      </trkpt>
      <trkpt lat="44.9212" lon="6.689917">
        <ele>1561.7</ele>
      </trkpt>
      <trkpt lat="44.921252" lon="6.690218">
        <ele>1563.5</ele>
      </trkpt>
      <trkpt lat="44.921294" lon="6.690325">
        <ele>1564.1</ele>
      </trkpt>
      <trkpt lat="44.921554" lon="6.690534">
        <ele>1566.3</ele>
      </trkpt>
      <trkpt lat="44.921693" lon="6.690717">
        <ele>1567.7</ele>
      </trkpt>
      <trkpt lat="44.922016" lon="6.691031">
        <ele>1570.6</ele>
      </trkpt>
      <trkpt lat="44.92205" lon="6.691344">
        <ele>1572.3</ele>
      </trkpt>
      <trkpt lat="44.922141" lon="6.691564">
        <ele>1573.6</ele>
      </trkpt>
      <trkpt lat="44.922164" lon="6.691739">
        <ele>1574.6</ele>
      </trkpt>
      <trkpt lat="44.921994" lon="6.692308">
        <ele>1577.6</ele>
      </trkpt>
      <trkpt lat="44.92198" lon="6.692423">
        <ele>1578.2</ele>
      </trkpt>
      <trkpt lat="44.922077" lon="6.692692">
        <ele>1579.6</ele>
      </trkpt>
      <trkpt lat="44.921953" lon="6.693007">
        <ele>1581.3</ele>
      </trkpt>
      <trkpt lat="44.921928" lon="6.693345">
        <ele>1582.9</ele>
      </trkpt>
      <trkpt lat="44.921758" lon="6.694025">
        <ele>1586.3</ele>
      </trkpt>
      <trkpt lat="44.921757" lon="6.694536">
        <ele>1588.1</ele>
      </trkpt>
      <trkpt lat="44.921832" lon="6.694638">
        <ele>1588.3</ele>
      </trkpt>
      <trkpt lat="44.922088" lon="6.694815">
        <ele>1588.7</ele>
      </trkpt>
      <trkpt lat="44.92235" lon="6.695247">
        <ele>1589.2</ele>
      </trkpt>
      <trkpt lat="44.922412" lon="6.695275">
        <ele>1589.3</ele>
      </trkpt>
      <trkpt lat="44.922655" lon="6.695262">
        <ele>1589.7</ele>
      </trkpt>
      <trkpt lat="44.922897" lon="6.695254">
        <ele>1590.0</ele>
      </trkpt>
      <trkpt lat="44.923283" lon="6.695318">
        <ele>1591.0</ele>
      </trkpt>
      <trkpt lat="44.923345" lon="6.695491">
        <ele>1592.4</ele>
      </trkpt>
      <trkpt lat="44.923423" lon="6.69562">
        <ele>1593.7</ele>
      </trkpt>
      <trkpt lat="44.923435" lon="6.695806">
        <ele>1595.0</ele>
      </trkpt>
      <trkpt lat="44.923383" lon="6.695989">
        <ele>1596.5</ele>
      </trkpt>
      <trkpt lat="44.92309" lon="6.696294">
        <ele>1600.3</ele>
      </trkpt>
      <trkpt lat="44.923056" lon="6.696347">
        <ele>1600.8</ele>
      </trkpt>
      <trkpt lat="44.923031" lon="6.696481">
        <ele>1601.8</ele>
      </trkpt>
      <trkpt lat="44.922973" lon="6.696486">
        <ele>1602.4</ele>
      </trkpt>
      <trkpt lat="44.92279" lon="6.696392">
        <ele>1604.4</ele>
      </trkpt>
      <trkpt lat="44.922762" lon="6.696379">
        <ele>1604.7</ele>
      </trkpt>
      <trkpt lat="44.922513" lon="6.696207">
        <ele>1607.6</ele>
      </trkpt>
      <trkpt lat="44.922201" lon="6.696068">
        <ele>1610.7</ele>
      </trkpt>
      <trkpt lat="44.921846" lon="6.695694">
        <ele>1614.6</ele>
      </trkpt>
      <trkpt lat="44.92149" lon="6.69518">
        <ele>1619.1</ele>
      </trkpt>
      <trkpt lat="44.921392" lon="6.69514">
        <ele>1619.9</ele>
      </trkpt>
      <trkpt lat="44.921154" lon="6.69512">
        <ele>1622.0</ele>
      </trkpt>
      <trkpt lat="44.921158" lon="6.694885">
        <ele>1623.5</ele>
      </trkpt>
      <trkpt lat="44.921236" lon="6.694641">
        <ele>1625.0</ele>
      </trkpt>
      <trkpt lat="44.921258" lon="6.6945">
        <ele>1625.4</ele>
      </trkpt>
      <trkpt lat="44.921249" lon="6.69439">
        <ele>1625.7</ele>
      </trkpt>
      <trkpt lat="44.921178" lon="6.694165">
        <ele>1626.4</ele>
      </trkpt>
      <trkpt lat="44.921171" lon="6.693473">
        <ele>1628.4</ele>
      </trkpt>
      <trkpt lat="44.921054" lon="6.692647">
        <ele>1630.7</ele>
      </trkpt>
      <trkpt lat="44.921164" lon="6.69216">
        <ele>1632.2</ele>
      </trkpt>
      <trkpt lat="44.921151" lon="6.692047">
        <ele>1632.7</ele>
      </trkpt>
      <trkpt lat="44.921059" lon="6.691871">
        <ele>1633.6</ele>
      </trkpt>
      <trkpt lat="44.921" lon="6.691821">
        <ele>1634.0</ele>
      </trkpt>
      <trkpt lat="44.920322" lon="6.691499">
        <ele>1638.2</ele>
      </trkpt>
      <trkpt lat="44.920176" lon="6.691284">
        <ele>1639.5</ele>
      </trkpt>
      <trkpt lat="44.919947" lon="6.691162">
        <ele>1640.9</ele>
      </trkpt>
      <trkpt lat="44.919608" lon="6.691171">
        <ele>1642.9</ele>
      </trkpt>
      <trkpt lat="44.919191" lon="6.690998">
        <ele>1645.1</ele>
      </trkpt>
      <trkpt lat="44.918897" lon="6.690953">
        <ele>1646.7</ele>
      </trkpt>
      <trkpt lat="44.918816" lon="6.690965">
        <ele>1647.1</ele>
      </trkpt>
      <trkpt lat="44.918315" lon="6.690883">
        <ele>1649.7</ele>
      </trkpt>
      <trkpt lat="44.918209" lon="6.690903">
        <ele>1650.3</ele>
      </trkpt>
      <trkpt lat="44.917949" lon="6.691012">
        <ele>1651.7</ele>
      </trkpt>
      <trkpt lat="44.917688" lon="6.69108">
        <ele>1654.9</ele>
      </trkpt>
      <trkpt lat="44.917653" lon="6.691166">
        <ele>1655.9</ele>
      </trkpt>
      <trkpt lat="44.917666" lon="6.691225">
        <ele>1656.5</ele>
      </trkpt>
      <trkpt lat="44.917745" lon="6.691287">
        <ele>1657.8</ele>
      </trkpt>
      <trkpt lat="44.917974" lon="6.691295">
        <ele>1661.0</ele>
      </trkpt>
      <trkpt lat="44.918113" lon="6.691336">
        <ele>1662.9</ele>
      </trkpt>
      <trkpt lat="44.918382" lon="6.69148">
        <ele>1667.0</ele>
      </trkpt>
      <trkpt lat="44.918542" lon="6.691615">
        <ele>1669.6</ele>
      </trkpt>
      <trkpt lat="44.918964" lon="6.692158">
        <ele>1677.5</ele>
      </trkpt>
      <trkpt lat="44.91921" lon="6.692664">
        <ele>1682.6</ele>
      </trkpt>
      <trkpt lat="44.919283" lon="6.692765">
        <ele>1683.8</ele>
      </trkpt>
      <trkpt lat="44.919581" lon="6.693008">
        <ele>1687.9</ele>
      </trkpt>
      <trkpt lat="44.91973" lon="6.693215">
        <ele>1690.4</ele>
      </trkpt>
      <trkpt lat="44.919953" lon="6.693628">
        <ele>1694.7</ele>
      </trkpt>
      <trkpt lat="44.919978" lon="6.69394">
        <ele>1697.4</ele>
      </trkpt>
      <trkpt lat="44.919957" lon="6.694043">
        <ele>1698.3</ele>
      </trkpt>
      <trkpt lat="44.919878" lon="6.694063">
        <ele>1698.9</ele>
      </trkpt>
      <trkpt lat="44.919811" lon="6.693914">
        <ele>1699.9</ele>
      </trkpt>
      <trkpt lat="44.919674" lon="6.693743">
        <ele>1701.3</ele>
      </trkpt>
      <trkpt lat="44.919419" lon="6.693536">
        <ele>1703.5</ele>
      </trkpt>
      <trkpt lat="44.919042" lon="6.693426">
        <ele>1706.5</ele>
      </trkpt>
      <trkpt lat="44.91857" lon="6.693147">
        <ele>1710.4</ele>
      </trkpt>
      <trkpt lat="44.918459" lon="6.693111">
        <ele>1711.3</ele>
      </trkpt>
      <trkpt lat="44.918121" lon="6.693107">
        <ele>1714.6</ele>
      </trkpt>
      <trkpt lat="44.917616" lon="6.693198">
        <ele>1720.3</ele>
      </trkpt>
      <trkpt lat="44.917387" lon="6.693124">
        <ele>1722.9</ele>
      </trkpt>
      <trkpt lat="44.917351" lon="6.693194">
        <ele>1723.6</ele>
      </trkpt>
      <trkpt lat="44.917386" lon="6.693288">
        <ele>1724.4</ele>
      </trkpt>
      <trkpt lat="44.918069" lon="6.693964">
        <ele>1734.0</ele>
      </trkpt>
      <trkpt lat="44.91824" lon="6.694328">
        <ele>1738.1</ele>
      </trkpt>
      <trkpt lat="44.91851" lon="6.69472">
        <ele>1743.3</ele>
      </trkpt>
      <trkpt lat="44.918644" lon="6.695081">
        <ele>1747.2</ele>
      </trkpt>
      <trkpt lat="44.918863" lon="6.695505">
        <ele>1752.1</ele>
      </trkpt>
      <trkpt lat="44.919002" lon="6.695904">
        <ele>1756.3</ele>
      </trkpt>
      <trkpt lat="44.919099" lon="6.696343">
        <ele>1758.9</ele>
      </trkpt>
      <trkpt lat="44.919139" lon="6.696714">
        <ele>1761.1</ele>
      </trkpt>
      <trkpt lat="44.919124" lon="6.696824">
        <ele>1761.7</ele>
      </trkpt>
      <trkpt lat="44.919078" lon="6.696851">
        <ele>1762.1</ele>
      </trkpt>
      <trkpt lat="44.919018" lon="6.696792">
        <ele>1762.7</ele>
      </trkpt>
      <trkpt lat="44.918927" lon="6.696457">
        <ele>1764.8</ele>
      </trkpt>
      <trkpt lat="44.918841" lon="6.696272">
        <ele>1766.0</ele>
      </trkpt>
      <trkpt lat="44.918712" lon="6.696097">
        <ele>1767.5</ele>
      </trkpt>
      <trkpt lat="44.918455" lon="6.69588">
        <ele>1769.9</ele>
      </trkpt>
      <trkpt lat="44.917488" lon="6.695271">
        <ele>1777.7</ele>
      </trkpt>
      <trkpt lat="44.917315" lon="6.6952">
        <ele>1779.0</ele>
      </trkpt>
      <trkpt lat="44.917036" lon="6.695152">
        <ele>1781.0</ele>
      </trkpt>
      <trkpt lat="44.916839" lon="6.695193">
        <ele>1782.4</ele>
      </trkpt>
      <trkpt lat="44.916585" lon="6.695329">
        <ele>1784.4</ele>
      </trkpt>
      <trkpt lat="44.916337" lon="6.695373">
        <ele>1786.3</ele>
      </trkpt>
      <trkpt lat="44.916096" lon="6.695335">
        <ele>1788.0</ele>
      </trkpt>
      <trkpt lat="44.915888" lon="6.695261">
        <ele>1789.6</ele>
      </trkpt>
      <trkpt lat="44.915848" lon="6.695272">
        <ele>1789.9</ele>
      </trkpt>
      <trkpt lat="44.915812" lon="6.695328">
        <ele>1790.3</ele>
      </trkpt>
      <trkpt lat="44.915838" lon="6.695394">
        <ele>1790.7</ele>
      </trkpt>
      <trkpt lat="44.915881" lon="6.695424">
        <ele>1791.1</ele>
      </trkpt>
      <trkpt lat="44.916424" lon="6.695699">
        <ele>1795.3</ele>
      </trkpt>
      <trkpt lat="44.916956" lon="6.696027">
        <ele>1798.6</ele>
      </trkpt>
      <trkpt lat="44.917662" lon="6.696686">
        <ele>1802.5</ele>
      </trkpt>
      <trkpt lat="44.917787" lon="6.69686">
        <ele>1803.3</ele>
      </trkpt>
      <trkpt lat="44.917941" lon="6.697263">
        <ele>1804.8</ele>
      </trkpt>
      <trkpt lat="44.918022" lon="6.697617">
        <ele>1805.6</ele>
      </trkpt>
      <trkpt lat="44.918214" lon="6.69845">
        <ele>1806.8</ele>
      </trkpt>
      <trkpt lat="44.918236" lon="6.698889">
        <ele>1807.4</ele>
      </trkpt>
      <trkpt lat="44.918272" lon="6.699005">
        <ele>1807.5</ele>
      </trkpt>
      <trkpt lat="44.918315" lon="6.699028">
        <ele>1807.6</ele>
      </trkpt>
      <trkpt lat="44.918604" lon="6.699007">
        <ele>1808.2</ele>
      </trkpt>
      <trkpt lat="44.918732" lon="6.699065">
        <ele>1808.4</ele>
      </trkpt>
      <trkpt lat="44.918783" lon="6.699146">
        <ele>1808.5</ele>
      </trkpt>
      <trkpt lat="44.918879" lon="6.699404">
        <ele>1808.9</ele>
      </trkpt>
      <trkpt lat="44.918985" lon="6.699803">
        <ele>1809.4</ele>
      </trkpt>
      <trkpt lat="44.919051" lon="6.699978">
        <ele>1809.6</ele>
      </trkpt>
      <trkpt lat="44.919383" lon="6.700597">
        <ele>1810.4</ele>
      </trkpt>
      <trkpt lat="44.919513" lon="6.701019">
        <ele>1811.0</ele>
      </trkpt>
      <trkpt lat="44.919708" lon="6.702">
        <ele>1811.5</ele>
      </trkpt>
      <trkpt lat="44.91997" lon="6.702553">
        <ele>1811.5</ele>
      </trkpt>
      <trkpt lat="44.920334" lon="6.703105">
        <ele>1811.4</ele>
      </trkpt>
      <trkpt lat="44.920642" lon="6.703823">
        <ele>1811.4</ele>
      </trkpt>
      <trkpt lat="44.920711" lon="6.704007">
        <ele>1811.3</ele>
      </trkpt>
      <trkpt lat="44.920884" lon="6.704417">
        <ele>1811.2</ele>
      </trkpt>
      <trkpt lat="44.921466" lon="6.705724">
        <ele>1810.8</ele>
      </trkpt>
      <trkpt lat="44.921843" lon="6.706332">
        <ele>1811.0</ele>
      </trkpt>
      <trkpt lat="44.922449" lon="6.707879">
        <ele>1811.6</ele>
      </trkpt>
      <trkpt lat="44.922599" lon="6.708118">
        <ele>1811.5</ele>
      </trkpt>
      <trkpt lat="44.923248" lon="6.708891">
        <ele>1811.0</ele>
      </trkpt>
      <trkpt lat="44.92368" lon="6.70932">
        <ele>1810.6</ele>
      </trkpt>
      <trkpt lat="44.923788" lon="6.709541">
        <ele>1810.5</ele>
      </trkpt>
      <trkpt lat="44.923895" lon="6.710131">
        <ele>1810.9</ele>
      </trkpt>
      <trkpt lat="44.924092" lon="6.710702">
        <ele>1811.3</ele>
      </trkpt>
      <trkpt lat="44.92424" lon="6.711055">
        <ele>1811.6</ele>
      </trkpt>
      <trkpt lat="44.9244" lon="6.711038">
        <ele>1811.8</ele>
      </trkpt>
      <trkpt lat="44.924467" lon="6.710989">
        <ele>1811.8</ele>
      </trkpt>
      <trkpt lat="44.924587" lon="6.710831">
        <ele>1812.0</ele>
      </trkpt>
      <trkpt lat="44.924692" lon="6.710751">
        <ele>1812.1</ele>
      </trkpt>
      <trkpt lat="44.924776" lon="6.71071">
        <ele>1812.2</ele>
      </trkpt>
      <trkpt lat="44.924889" lon="6.7107">
        <ele>1812.6</ele>
      </trkpt>
      <trkpt lat="44.925055" lon="6.710768">
        <ele>1813.4</ele>
      </trkpt>
      <trkpt lat="44.925229" lon="6.710922">
        <ele>1814.4</ele>
      </trkpt>
      <trkpt lat="44.925447" lon="6.711203">
        <ele>1815.9</ele>
      </trkpt>
      <trkpt lat="44.925573" lon="6.711441">
        <ele>1816.9</ele>
      </trkpt>
      <trkpt lat="44.925858" lon="6.712215">
        <ele>1819.9</ele>
      </trkpt>
      <trkpt lat="44.926227" lon="6.713059">
        <ele>1824.1</ele>
      </trkpt>
      <trkpt lat="44.92646" lon="6.71373">
        <ele>1827.6</ele>
      </trkpt>
      <trkpt lat="44.926609" lon="6.714265">
        <ele>1830.3</ele>
      </trkpt>
      <trkpt lat="44.926815" lon="6.714802">
        <ele>1833.1</ele>
      </trkpt>
      <trkpt lat="44.926858" lon="6.714967">
        <ele>1833.6</ele>
      </trkpt>
      <trkpt lat="44.927007" lon="6.715066">
        <ele>1834.2</ele>
      </trkpt>
      <trkpt lat="44.927142" lon="6.715346">
        <ele>1835.1</ele>
      </trkpt>
      <trkpt lat="44.927218" lon="6.715656">
        <ele>1836.0</ele>
      </trkpt>
      <trkpt lat="44.927236" lon="6.71607">
        <ele>1837.2</ele>
      </trkpt>
      <trkpt lat="44.927263" lon="6.716398">
        <ele>1838.1</ele>
      </trkpt>
      <trkpt lat="44.927223" lon="6.716698">
        <ele>1838.9</ele>
      </trkpt>
      <trkpt lat="44.92723" lon="6.716978">
        <ele>1839.7</ele>
      </trkpt>
      <trkpt lat="44.927281" lon="6.717129">
        <ele>1840.1</ele>
      </trkpt>
      <trkpt lat="44.927326" lon="6.717261">
        <ele>1840.5</ele>
      </trkpt>
      <trkpt lat="44.927396" lon="6.717397">
        <ele>1840.9</ele>
      </trkpt>
      <trkpt lat="44.927396" lon="6.717397">
        <ele>1838.5</ele>
      </trkpt>
      <trkpt lat="44.927581" lon="6.717637">
        <ele>1836.2</ele>
      </trkpt>
      <trkpt lat="44.927581" lon="6.717637">
        <ele>1836.2</ele>
      </trkpt>
      <trkpt lat="44.927714" lon="6.717824">
        <ele>1836.4</ele>
      </trkpt>
      <trkpt lat="44.927714" lon="6.717824">
        <ele>1836.4</ele>
      </trkpt>
      <trkpt lat="44.927836" lon="6.718117">
        <ele>1838.0</ele>
      </trkpt>
      <trkpt lat="44.927836" lon="6.718117">
        <ele>1838.0</ele>
      </trkpt>
      <trkpt lat="44.927947" lon="6.71829">
        <ele>1838.9</ele>
      </trkpt>
      <trkpt lat="44.927947" lon="6.71829">
        <ele>1838.9</ele>
      </trkpt>
      <trkpt lat="44.928123" lon="6.718372">
        <ele>1838.8</ele>
      </trkpt>
      <trkpt lat="44.928123" lon="6.718372">
        <ele>1838.8</ele>
      </trkpt>
      <trkpt lat="44.928298" lon="6.71847">
        <ele>1839.3</ele>
      </trkpt>
      <trkpt lat="44.928298" lon="6.71847">
        <ele>1839.3</ele>
      </trkpt>
      <trkpt lat="44.928474" lon="6.718642">
        <ele>1840.3</ele>
      </trkpt>
      <trkpt lat="44.928474" lon="6.718642">
        <ele>1840.3</ele>
      </trkpt>
      <trkpt lat="44.928649" lon="6.718815">
        <ele>1840.8</ele>
      </trkpt>
      <trkpt lat="44.928649" lon="6.718815">
        <ele>1840.8</ele>
      </trkpt>
      <trkpt lat="44.928824" lon="6.718988">
        <ele>1840.8</ele>
      </trkpt>
      <trkpt lat="44.928824" lon="6.718988">
        <ele>1840.8</ele>
      </trkpt>
      <trkpt lat="44.928989" lon="6.71913">
        <ele>1840.2</ele>
      </trkpt>
      <trkpt lat="44.928989" lon="6.71913">
        <ele>1840.2</ele>
      </trkpt>
      <trkpt lat="44.929122" lon="6.719228">
        <ele>1839.2</ele>
      </trkpt>
      <trkpt lat="44.929122" lon="6.719228">
        <ele>1839.2</ele>
      </trkpt>
      <trkpt lat="44.929244" lon="6.71937">
        <ele>1840.2</ele>
      </trkpt>
      <trkpt lat="44.929244" lon="6.71937">
        <ele>1840.2</ele>
      </trkpt>
      <trkpt lat="44.929313" lon="6.719573">
        <ele>1842.0</ele>
      </trkpt>
      <trkpt lat="44.929313" lon="6.719573">
        <ele>1842.0</ele>
      </trkpt>
      <trkpt lat="44.929457" lon="6.719821">
        <ele>1843.8</ele>
      </trkpt>
      <trkpt lat="44.929457" lon="6.719821">
        <ele>1843.8</ele>
      </trkpt>
      <trkpt lat="44.929557" lon="6.720068">
        <ele>1844.6</ele>
      </trkpt>
      <trkpt lat="44.929557" lon="6.720068">
        <ele>1844.6</ele>
      </trkpt>
      <trkpt lat="44.929637" lon="6.720391">
        <ele>1844.4</ele>
      </trkpt>
      <trkpt lat="44.929637" lon="6.720391">
        <ele>1844.4</ele>
      </trkpt>
      <trkpt lat="44.929717" lon="6.720714">
        <ele>1844.3</ele>
      </trkpt>
      <trkpt lat="44.929717" lon="6.720714">
        <ele>1844.3</ele>
      </trkpt>
      <trkpt lat="44.929828" lon="6.721036">
        <ele>1844.2</ele>
      </trkpt>
      <trkpt lat="44.929828" lon="6.721036">
        <ele>1844.2</ele>
      </trkpt>
      <trkpt lat="44.929951" lon="6.721359">
        <ele>1844.0</ele>
      </trkpt>
      <trkpt lat="44.929951" lon="6.721359">
        <ele>1844.0</ele>
      </trkpt>
      <trkpt lat="44.929954" lon="6.721632">
        <ele>1844.0</ele>
      </trkpt>
      <trkpt lat="44.92991" lon="6.722069">
        <ele>1843.7</ele>
      </trkpt>
      <trkpt lat="44.929931" lon="6.722459">
        <ele>1844.2</ele>
      </trkpt>
      <trkpt lat="44.930045" lon="6.722953">
        <ele>1844.7</ele>
      </trkpt>
      <trkpt lat="44.930229" lon="6.723556">
        <ele>1845.5</ele>
      </trkpt>
      <trkpt lat="44.930262" lon="6.723604">
        <ele>1845.5</ele>
      </trkpt>
      <trkpt lat="44.930368" lon="6.723639">
        <ele>1845.7</ele>
      </trkpt>
      <trkpt lat="44.930427" lon="6.723693">
        <ele>1845.8</ele>
      </trkpt>
      <trkpt lat="44.930567" lon="6.724095">
        <ele>1846.3</ele>
      </trkpt>
      <trkpt lat="44.93066" lon="6.724564">
        <ele>1847.9</ele>
      </trkpt>
      <trkpt lat="44.930882" lon="6.725358">
        <ele>1850.9</ele>
      </trkpt>
      <trkpt lat="44.930919" lon="6.725423">
        <ele>1851.2</ele>
      </trkpt>
      <trkpt lat="44.931095" lon="6.72559">
        <ele>1852.2</ele>
      </trkpt>
      <trkpt lat="44.931168" lon="6.725731">
        <ele>1852.8</ele>
      </trkpt>
      <trkpt lat="44.931125" lon="6.725777">
        <ele>1853.0</ele>
      </trkpt>
      <trkpt lat="44.931011" lon="6.725939">
        <ele>1853.8</ele>
      </trkpt>
      <trkpt lat="44.930903" lon="6.726322">
        <ele>1855.1</ele>
      </trkpt>
      <trkpt lat="44.930807" lon="6.726709">
        <ele>1855.3</ele>
      </trkpt>
      <trkpt lat="44.930692" lon="6.727032">
        <ele>1855.5</ele>
      </trkpt>
      <trkpt lat="44.930684" lon="6.72721">
        <ele>1855.6</ele>
      </trkpt>
      <trkpt lat="44.93081" lon="6.727447">
        <ele>1855.7</ele>
      </trkpt>
      <trkpt lat="44.931042" lon="6.728134">
        <ele>1856.1</ele>
      </trkpt>
      <trkpt lat="44.931158" lon="6.728475">
        <ele>1856.3</ele>
      </trkpt>
      <trkpt lat="44.931398" lon="6.728934">
        <ele>1855.7</ele>
      </trkpt>
      <trkpt lat="44.931348" lon="6.729295">
        <ele>1855.2</ele>
      </trkpt>
      <trkpt lat="44.931447" lon="6.730181">
        <ele>1854.0</ele>
      </trkpt>
      <trkpt lat="44.931438" lon="6.730416">
        <ele>1853.7</ele>
      </trkpt>
      <trkpt lat="44.931424" lon="6.730797">
        <ele>1853.2</ele>
      </trkpt>
      <trkpt lat="44.93156" lon="6.73184">
        <ele>1850.4</ele>
      </trkpt>
      <trkpt lat="44.93169" lon="6.73289">
        <ele>1846.2</ele>
      </trkpt>
      <trkpt lat="44.93175" lon="6.73306">
        <ele>1845.1</ele>
      </trkpt>
      <trkpt lat="44.9318" lon="6.73323">
        <ele>1844.1</ele>
      </trkpt>
      <trkpt lat="44.93184" lon="6.73346">
        <ele>1842.7</ele>
      </trkpt>
      <trkpt lat="44.9319" lon="6.73366">
        <ele>1840.9</ele>
      </trkpt>
      <trkpt lat="44.93208" lon="6.73406">
        <ele>1836.5</ele>
      </trkpt>
      <trkpt lat="44.9321" lon="6.73413">
        <ele>1835.9</ele>
      </trkpt>
      <trkpt lat="44.93211" lon="6.7342">
        <ele>1835.3</ele>
      </trkpt>
      <trkpt lat="44.9321" lon="6.73431">
        <ele>1834.6</ele>
      </trkpt>
      <trkpt lat="44.93207" lon="6.73437">
        <ele>1834.5</ele>
      </trkpt>
      <trkpt lat="44.93201" lon="6.73444">
        <ele>1834.6</ele>
      </trkpt>
      <trkpt lat="44.93193" lon="6.73449">
        <ele>1835.1</ele>
      </trkpt>
      <trkpt lat="44.93172" lon="6.73456">
        <ele>1836.7</ele>
      </trkpt>
      <trkpt lat="44.93165" lon="6.73462">
        <ele>1837.1</ele>
      </trkpt>
      <trkpt lat="44.93159" lon="6.73472">
        <ele>1837.8</ele>
      </trkpt>
      <trkpt lat="44.93155" lon="6.73483">
        <ele>1837.7</ele>
      </trkpt>
      <trkpt lat="44.93154" lon="6.73513">
        <ele>1833.9</ele>
      </trkpt>
      <trkpt lat="44.93153" lon="6.73518">
        <ele>1833.3</ele>
      </trkpt>
      <trkpt lat="44.93153" lon="6.73518">
        <ele>1833.3</ele>
      </trkpt>
      <trkpt lat="44.93145" lon="6.73542">
        <ele>1831.5</ele>
      </trkpt>
      <trkpt lat="44.93129" lon="6.73572">
        <ele>1829.9</ele>
      </trkpt>
      <trkpt lat="44.9311" lon="6.73599">
        <ele>1829.4</ele>
      </trkpt>
      <trkpt lat="44.93105" lon="6.73609">
        <ele>1828.8</ele>
      </trkpt>
      <trkpt lat="44.93098" lon="6.73652">
        <ele>1822.9</ele>
      </trkpt>
      <trkpt lat="44.93093" lon="6.73671">
        <ele>1820.9</ele>
      </trkpt>
      <trkpt lat="44.93084" lon="6.7368">
        <ele>1821.9</ele>
      </trkpt>
      <trkpt lat="44.93053" lon="6.73691">
        <ele>1829.8</ele>
      </trkpt>
      <trkpt lat="44.93047" lon="6.73694">
        <ele>1831.5</ele>
      </trkpt>
      <trkpt lat="44.93045" lon="6.73698">
        <ele>1832.5</ele>
      </trkpt>
      <trkpt lat="44.93047" lon="6.73703">
        <ele>1832.5</ele>
      </trkpt>
      <trkpt lat="44.93053" lon="6.73711">
        <ele>1831.9</ele>
      </trkpt>
      <trkpt lat="44.93061" lon="6.73728">
        <ele>1831.5</ele>
      </trkpt>
      <trkpt lat="44.93076" lon="6.73749">
        <ele>1829.1</ele>
      </trkpt>
      <trkpt lat="44.93103" lon="6.73771">
        <ele>1826.8</ele>
      </trkpt>
      <trkpt lat="44.93116" lon="6.73786">
        <ele>1826.1</ele>
      </trkpt>
      <trkpt lat="44.93123" lon="6.73804">
        <ele>1826.5</ele>
      </trkpt>
      <trkpt lat="44.93133" lon="6.7384">
        <ele>1827.5</ele>
      </trkpt>
      <trkpt lat="44.931344" lon="6.738646">
        <ele>1830.9</ele>
      </trkpt>
      <trkpt lat="44.931526" lon="6.739808">
        <ele>1832.0</ele>
      </trkpt>
      <trkpt lat="44.931526" lon="6.739858">
        <ele>1832.2</ele>
      </trkpt>
      <trkpt lat="44.931526" lon="6.740104">
        <ele>1833.1</ele>
      </trkpt>
      <trkpt lat="44.931479" lon="6.74032">
        <ele>1834.0</ele>
      </trkpt>
      <trkpt lat="44.931315" lon="6.740679">
        <ele>1835.6</ele>
      </trkpt>
      <trkpt lat="44.931275" lon="6.74088">
        <ele>1836.3</ele>
      </trkpt>
      <trkpt lat="44.931306" lon="6.741118">
        <ele>1837.2</ele>
      </trkpt>
      <trkpt lat="44.931368" lon="6.742166">
        <ele>1841.2</ele>
      </trkpt>
      <trkpt lat="44.931434" lon="6.742341">
        <ele>1841.7</ele>
      </trkpt>
      <trkpt lat="44.931591" lon="6.742506">
        <ele>1842.4</ele>
      </trkpt>
      <trkpt lat="44.932084" lon="6.742787">
        <ele>1844.2</ele>
      </trkpt>
      <trkpt lat="44.932142" lon="6.742872">
        <ele>1844.5</ele>
      </trkpt>
      <trkpt lat="44.932241" lon="6.743349">
        <ele>1845.7</ele>
      </trkpt>
      <trkpt lat="44.932227" lon="6.743503">
        <ele>1846.1</ele>
      </trkpt>
      <trkpt lat="44.932178" lon="6.7436">
        <ele>1846.4</ele>
      </trkpt>
      <trkpt lat="44.932164" lon="6.743816">
        <ele>1847.0</ele>
      </trkpt>
      <trkpt lat="44.932181" lon="6.743978">
        <ele>1847.4</ele>
      </trkpt>
      <trkpt lat="44.932783" lon="6.74462">
        <ele>1840.5</ele>
      </trkpt>
      <trkpt lat="44.932964" lon="6.744858">
        <ele>1838.1</ele>
      </trkpt>
      <trkpt lat="44.933057" lon="6.745046">
        <ele>1836.5</ele>
      </trkpt>
      <trkpt lat="44.933163" lon="6.745191">
        <ele>1835.1</ele>
      </trkpt>
      <trkpt lat="44.933594" lon="6.745567">
        <ele>1830.3</ele>
      </trkpt>
      <trkpt lat="44.933744" lon="6.745734">
        <ele>1828.4</ele>
      </trkpt>
      <trkpt lat="44.933898" lon="6.74611">
        <ele>1825.3</ele>
      </trkpt>
      <trkpt lat="44.933962" lon="6.746374">
        <ele>1823.3</ele>
      </trkpt>
      <trkpt lat="44.933996" lon="6.746783">
        <ele>1820.4</ele>
      </trkpt>
      <trkpt lat="44.934076" lon="6.747138">
        <ele>1817.8</ele>
      </trkpt>
      <trkpt lat="44.934339" lon="6.74759">
        <ele>1813.6</ele>
      </trkpt>
      <trkpt lat="44.934595" lon="6.747912">
        <ele>1809.8</ele>
      </trkpt>
      <trkpt lat="44.934796" lon="6.748087">
        <ele>1807.0</ele>
      </trkpt>
      <trkpt lat="44.93493" lon="6.74831">
        <ele>1804.6</ele>
      </trkpt>
      <trkpt lat="44.935185" lon="6.748633">
        <ele>1800.6</ele>
      </trkpt>
      <trkpt lat="44.935364" lon="6.74895">
        <ele>1797.2</ele>
      </trkpt>
      <trkpt lat="44.935497" lon="6.749073">
        <ele>1795.3</ele>
      </trkpt>
      <trkpt lat="44.935682" lon="6.749471">
        <ele>1791.3</ele>
      </trkpt>
      <trkpt lat="44.935983" lon="6.749697">
        <ele>1787.2</ele>
      </trkpt>
      <trkpt lat="44.93609" lon="6.749731">
        <ele>1785.9</ele>
      </trkpt>
      <trkpt lat="44.936307" lon="6.749866">
        <ele>1783.1</ele>
      </trkpt>
      <trkpt lat="44.936442" lon="6.749996">
        <ele>1781.2</ele>
      </trkpt>
      <trkpt lat="44.936708" lon="6.750089">
        <ele>1777.9</ele>
      </trkpt>
      <trkpt lat="44.936816" lon="6.750165">
        <ele>1776.5</ele>
      </trkpt>
      <trkpt lat="44.937036" lon="6.750557">
        <ele>1773.8</ele>
      </trkpt>
      <trkpt lat="44.93705" lon="6.75053">
        <ele>1773.6</ele>
      </trkpt>
      <trkpt lat="44.93709" lon="6.75046">
        <ele>1773.2</ele>
      </trkpt>
      <trkpt lat="44.9371" lon="6.75042">
        <ele>1772.9</ele>
      </trkpt>
      <trkpt lat="44.93688" lon="6.74982">
        <ele>1769.4</ele>
      </trkpt>
      <trkpt lat="44.93699" lon="6.74967">
        <ele>1767.8</ele>
      </trkpt>
      <trkpt lat="44.93702" lon="6.74957">
        <ele>1767.3</ele>
      </trkpt>
      <trkpt lat="44.93703" lon="6.74947">
        <ele>1766.9</ele>
      </trkpt>
      <trkpt lat="44.93699" lon="6.74931">
        <ele>1766.4</ele>
      </trkpt>
      <trkpt lat="44.93699" lon="6.74927">
        <ele>1766.2</ele>
      </trkpt>
      <trkpt lat="44.93702" lon="6.74918">
        <ele>1765.9</ele>
      </trkpt>
      <trkpt lat="44.93703" lon="6.74913">
        <ele>1766.1</ele>
      </trkpt>
      <trkpt lat="44.93702" lon="6.7489">
        <ele>1767.8</ele>
      </trkpt>
      <trkpt lat="44.93702" lon="6.74883">
        <ele>1768.3</ele>
      </trkpt>
      <trkpt lat="44.93703" lon="6.74879">
        <ele>1768.6</ele>
      </trkpt>
      <trkpt lat="44.93707" lon="6.74873">
        <ele>1769.1</ele>
      </trkpt>
      <trkpt lat="44.93723" lon="6.74859">
        <ele>1770.3</ele>
      </trkpt>
      <trkpt lat="44.93731" lon="6.74848">
        <ele>1771.0</ele>
      </trkpt>
      <trkpt lat="44.93735" lon="6.7484">
        <ele>1771.6</ele>
      </trkpt>
      <trkpt lat="44.93739" lon="6.74831">
        <ele>1772.1</ele>
      </trkpt>
      <trkpt lat="44.93743" lon="6.7481">
        <ele>1771.8</ele>
      </trkpt>
      <trkpt lat="44.93745" lon="6.74814">
        <ele>1771.8</ele>
      </trkpt>
      <trkpt lat="44.93751" lon="6.74823">
        <ele>1771.6</ele>
      </trkpt>
      <trkpt lat="44.93751" lon="6.74823">
        <ele>1771.6</ele>
      </trkpt>
      <trkpt lat="44.93753" lon="6.74826">
        <ele>1771.6</ele>
      </trkpt>
      <trkpt lat="44.93815" lon="6.74915">
        <ele>1770.3</ele>
      </trkpt>
      <trkpt lat="44.93877" lon="6.75005">
        <ele>1765.8</ele>
      </trkpt>
      <trkpt lat="44.93939" lon="6.75094">
        <ele>1765.6</ele>
      </trkpt>
      <trkpt lat="44.93976" lon="6.7515">
        <ele>1763.5</ele>
      </trkpt>
      <trkpt lat="44.93989" lon="6.75172">
        <ele>1761.0</ele>
      </trkpt>
      <trkpt lat="44.93999" lon="6.75192">
        <ele>1759.8</ele>
      </trkpt>
      <trkpt lat="44.94008" lon="6.75217">
        <ele>1760.7</ele>
      </trkpt>
      <trkpt lat="44.94014" lon="6.75235">
        <ele>1761.2</ele>
      </trkpt>
      <trkpt lat="44.94018" lon="6.75254">
        <ele>1761.0</ele>
      </trkpt>
      <trkpt lat="44.94034" lon="6.75349">
        <ele>1759.1</ele>
      </trkpt>
      <trkpt lat="44.9404" lon="6.75372">
        <ele>1758.3</ele>
      </trkpt>
      <trkpt lat="44.94053" lon="6.75408">
        <ele>1758.7</ele>
      </trkpt>
      <trkpt lat="44.94053" lon="6.75408">
        <ele>1758.7</ele>
      </trkpt>
      <trkpt lat="44.94084" lon="6.75494">
        <ele>1755.3</ele>
      </trkpt>
      <trkpt lat="44.94109" lon="6.75564">
        <ele>1752.9</ele>
      </trkpt>
      <trkpt lat="44.94113" lon="6.75584">
        <ele>1751.2</ele>
      </trkpt>
      <trkpt lat="44.94115" lon="6.75605">
        <ele>1751.0</ele>
      </trkpt>
      <trkpt lat="44.94115" lon="6.75619">
        <ele>1750.4</ele>
      </trkpt>
      <trkpt lat="44.94111" lon="6.75647">
        <ele>1748.4</ele>
      </trkpt>
      <trkpt lat="44.9411" lon="6.75662">
        <ele>1747.6</ele>
      </trkpt>
      <trkpt lat="44.9411" lon="6.75674">
        <ele>1746.8</ele>
      </trkpt>
      <trkpt lat="44.94112" lon="6.75688">
        <ele>1746.0</ele>
      </trkpt>
      <trkpt lat="44.94115" lon="6.75702">
        <ele>1745.3</ele>
      </trkpt>
      <trkpt lat="44.9412" lon="6.75711">
        <ele>1745.4</ele>
      </trkpt>
      <trkpt lat="44.94162" lon="6.75777">
        <ele>1746.1</ele>
      </trkpt>
      <trkpt lat="44.94183" lon="6.75811">
        <ele>1745.8</ele>
      </trkpt>
      <trkpt lat="44.94183" lon="6.75817">
        <ele>1745.1</ele>
      </trkpt>
      <trkpt lat="44.94185" lon="6.75822">
        <ele>1744.8</ele>
      </trkpt>
      <trkpt lat="44.94188" lon="6.75826">
        <ele>1744.6</ele>
      </trkpt>
      <trkpt lat="44.94191" lon="6.75829">
        <ele>1744.6</ele>
      </trkpt>
      <trkpt lat="44.94195" lon="6.7583">
        <ele>1744.8</ele>
      </trkpt>
      <trkpt lat="44.94199" lon="6.7583">
        <ele>1745.2</ele>
      </trkpt>
      <trkpt lat="44.94203" lon="6.75829">
        <ele>1745.6</ele>
      </trkpt>
      <trkpt lat="44.94219" lon="6.75836">
        <ele>1746.3</ele>
      </trkpt>
      <trkpt lat="44.94233" lon="6.75844">
        <ele>1747.0</ele>
      </trkpt>
      <trkpt lat="44.94279" lon="6.75888">
        <ele>1747.1</ele>
      </trkpt>
      <trkpt lat="44.94326" lon="6.75932">
        <ele>1740.7</ele>
      </trkpt>
      <trkpt lat="44.94319" lon="6.75947">
        <ele>1739.3</ele>
      </trkpt>
      <trkpt lat="44.94319" lon="6.75953">
        <ele>1738.7</ele>
      </trkpt>
      <trkpt lat="44.94322" lon="6.75959">
        <ele>1738.1</ele>
      </trkpt>
      <trkpt lat="44.94326" lon="6.75962">
        <ele>1737.7</ele>
      </trkpt>
      <trkpt lat="44.94342" lon="6.75966">
        <ele>1741.6</ele>
      </trkpt>
      <trkpt lat="44.94347" lon="6.75969">
        <ele>1743.8</ele>
      </trkpt>
      <trkpt lat="44.94353" lon="6.75972">
        <ele>1746.3</ele>
      </trkpt>
      <trkpt lat="44.94357" lon="6.75978">
        <ele>1747.3</ele>
      </trkpt>
      <trkpt lat="44.94359" lon="6.75988">
        <ele>1746.7</ele>
      </trkpt>
      <trkpt lat="44.94362" lon="6.76055">
        <ele>1729.7</ele>
      </trkpt>
      <trkpt lat="44.94365" lon="6.76071">
        <ele>1727.0</ele>
      </trkpt>
      <trkpt lat="44.94369" lon="6.7608">
        <ele>1726.4</ele>
      </trkpt>
      <trkpt lat="44.94378" lon="6.76093">
        <ele>1725.6</ele>
      </trkpt>
      <trkpt lat="44.94384" lon="6.76099">
        <ele>1725.1</ele>
      </trkpt>
      <trkpt lat="44.94387" lon="6.76106">
        <ele>1724.7</ele>
      </trkpt>
      <trkpt lat="44.94393" lon="6.7612">
        <ele>1723.9</ele>
      </trkpt>
      <trkpt lat="44.94393" lon="6.76133">
        <ele>1723.3</ele>
      </trkpt>
      <trkpt lat="44.94393" lon="6.76146">
        <ele>1722.7</ele>
      </trkpt>
      <trkpt lat="44.9439" lon="6.76167">
        <ele>1713.7</ele>
      </trkpt>
      <trkpt lat="44.94391" lon="6.76182">
        <ele>1707.6</ele>
      </trkpt>
      <trkpt lat="44.94397" lon="6.76214">
        <ele>1696.9</ele>
      </trkpt>
      <trkpt lat="44.94401" lon="6.76226">
        <ele>1693.9</ele>
      </trkpt>
      <trkpt lat="44.94408" lon="6.76235">
        <ele>1694.0</ele>
      </trkpt>
      <trkpt lat="44.94458" lon="6.7628">
        <ele>1710.9</ele>
      </trkpt>
      <trkpt lat="44.94469" lon="6.76294">
        <ele>1711.2</ele>
      </trkpt>
      <trkpt lat="44.94505" lon="6.76354">
        <ele>1703.4</ele>
      </trkpt>
      <trkpt lat="44.9451" lon="6.76371">
        <ele>1699.1</ele>
      </trkpt>
      <trkpt lat="44.9451" lon="6.76415">
        <ele>1681.9</ele>
      </trkpt>
      <trkpt lat="44.94512" lon="6.76426">
        <ele>1677.8</ele>
      </trkpt>
      <trkpt lat="44.94521" lon="6.76455">
        <ele>1668.2</ele>
      </trkpt>
      <trkpt lat="44.94521" lon="6.76455">
        <ele>1668.2</ele>
      </trkpt>
      <trkpt lat="44.94524" lon="6.76465">
        <ele>1664.9</ele>
      </trkpt>
      <trkpt lat="44.94531" lon="6.76478">
        <ele>1661.8</ele>
      </trkpt>
      <trkpt lat="44.94542" lon="6.76484">
        <ele>1663.5</ele>
      </trkpt>
      <trkpt lat="44.94555" lon="6.76486">
        <ele>1667.9</ele>
      </trkpt>
      <trkpt lat="44.94572" lon="6.76485">
        <ele>1675.4</ele>
      </trkpt>
      <trkpt lat="44.94625" lon="6.76477">
        <ele>1688.6</ele>
      </trkpt>
      <trkpt lat="44.94655" lon="6.76477">
        <ele>1692.1</ele>
      </trkpt>
      <trkpt lat="44.94669" lon="6.76478">
        <ele>1693.6</ele>
      </trkpt>
      <trkpt lat="44.94685" lon="6.76482">
        <ele>1691.7</ele>
      </trkpt>
      <trkpt lat="44.94695" lon="6.76487">
        <ele>1690.6</ele>
      </trkpt>
      <trkpt lat="44.9472" lon="6.76516">
        <ele>1686.9</ele>
      </trkpt>
      <trkpt lat="44.9474" lon="6.76548">
        <ele>1683.6</ele>
      </trkpt>
      <trkpt lat="44.94767" lon="6.76603">
        <ele>1678.3</ele>
      </trkpt>
      <trkpt lat="44.94801" lon="6.76669">
        <ele>1671.8</ele>
      </trkpt>
      <trkpt lat="44.94836" lon="6.76735">
        <ele>1665.3</ele>
      </trkpt>
      <trkpt lat="44.94867" lon="6.76792">
        <ele>1659.6</ele>
      </trkpt>
      <trkpt lat="44.94898" lon="6.76849">
        <ele>1654.0</ele>
      </trkpt>
      <trkpt lat="44.94926" lon="6.76902">
        <ele>1648.8</ele>
      </trkpt>
      <trkpt lat="44.94935" lon="6.76916">
        <ele>1648.5</ele>
      </trkpt>
      <trkpt lat="44.94959" lon="6.76942">
        <ele>1645.7</ele>
      </trkpt>
      <trkpt lat="44.94969" lon="6.76959">
        <ele>1644.2</ele>
      </trkpt>
      <trkpt lat="44.94982" lon="6.7707">
        <ele>1636.9</ele>
      </trkpt>
      <trkpt lat="44.9499" lon="6.77121">
        <ele>1633.5</ele>
      </trkpt>
      <trkpt lat="44.95004" lon="6.77173">
        <ele>1629.9</ele>
      </trkpt>
      <trkpt lat="44.95033" lon="6.77257">
        <ele>1623.8</ele>
      </trkpt>
      <trkpt lat="44.95055" lon="6.77333">
        <ele>1618.4</ele>
      </trkpt>
      <trkpt lat="44.95065" lon="6.7738">
        <ele>1615.2</ele>
      </trkpt>
      <trkpt lat="44.95068" lon="6.77412">
        <ele>1613.1</ele>
      </trkpt>
      <trkpt lat="44.95069" lon="6.7745">
        <ele>1610.7</ele>
      </trkpt>
      <trkpt lat="44.95066" lon="6.7755">
        <ele>1601.0</ele>
      </trkpt>
      <trkpt lat="44.95065" lon="6.77596">
        <ele>1597.0</ele>
      </trkpt>
      <trkpt lat="44.95068" lon="6.77624">
        <ele>1595.1</ele>
      </trkpt>
      <trkpt lat="44.95067" lon="6.77637">
        <ele>1593.3</ele>
      </trkpt>
      <trkpt lat="44.95062" lon="6.77656">
        <ele>1589.5</ele>
      </trkpt>
      <trkpt lat="44.95064" lon="6.7766">
        <ele>1589.8</ele>
      </trkpt>
      <trkpt lat="44.95066" lon="6.77663">
        <ele>1590.2</ele>
      </trkpt>
      <trkpt lat="44.95069" lon="6.77665">
        <ele>1591.0</ele>
      </trkpt>
      <trkpt lat="44.95081" lon="6.77667">
        <ele>1595.1</ele>
      </trkpt>
      <trkpt lat="44.95085" lon="6.77666">
        <ele>1596.7</ele>
      </trkpt>
      <trkpt lat="44.95093" lon="6.77688">
        <ele>1592.3</ele>
      </trkpt>
      <trkpt lat="44.95103" lon="6.77706">
        <ele>1589.9</ele>
      </trkpt>
      <trkpt lat="44.95114" lon="6.77723">
        <ele>1588.1</ele>
      </trkpt>
      <trkpt lat="44.95122" lon="6.77731">
        <ele>1588.3</ele>
      </trkpt>
      <trkpt lat="44.95122" lon="6.77732">
        <ele>1588.0</ele>
      </trkpt>
      <trkpt lat="44.95144" lon="6.77756">
        <ele>1587.6</ele>
      </trkpt>
      <trkpt lat="44.95175" lon="6.77794">
        <ele>1585.2</ele>
      </trkpt>
      <trkpt lat="44.95185" lon="6.77807">
        <ele>1584.9</ele>
      </trkpt>
      <trkpt lat="44.95191" lon="6.77819">
        <ele>1583.2</ele>
      </trkpt>
      <trkpt lat="44.95197" lon="6.77836">
        <ele>1580.4</ele>
      </trkpt>
      <trkpt lat="44.95204" lon="6.77865">
        <ele>1578.8</ele>
      </trkpt>
      <trkpt lat="44.95206" lon="6.77875">
        <ele>1578.1</ele>
      </trkpt>
      <trkpt lat="44.95206" lon="6.77885">
        <ele>1576.5</ele>
      </trkpt>
      <trkpt lat="44.95204" lon="6.77895">
        <ele>1573.9</ele>
      </trkpt>
      <trkpt lat="44.952" lon="6.77902">
        <ele>1570.7</ele>
      </trkpt>
      <trkpt lat="44.95196" lon="6.77905">
        <ele>1568.1</ele>
      </trkpt>
      <trkpt lat="44.9519" lon="6.77904">
        <ele>1565.3</ele>
      </trkpt>
      <trkpt lat="44.95186" lon="6.77899">
        <ele>1564.1</ele>
      </trkpt>
      <trkpt lat="44.95182" lon="6.77893">
        <ele>1563.2</ele>
      </trkpt>
      <trkpt lat="44.95175" lon="6.77874">
        <ele>1563.2</ele>
      </trkpt>
      <trkpt lat="44.95166" lon="6.77846">
        <ele>1564.3</ele>
      </trkpt>
      <trkpt lat="44.95159" lon="6.77829">
        <ele>1565.6</ele>
      </trkpt>
      <trkpt lat="44.95148" lon="6.77811">
        <ele>1568.1</ele>
      </trkpt>
      <trkpt lat="44.95136" lon="6.77796">
        <ele>1569.2</ele>
      </trkpt>
      <trkpt lat="44.95097" lon="6.77756">
        <ele>1570.5</ele>
      </trkpt>
      <trkpt lat="44.95088" lon="6.7775">
        <ele>1569.7</ele>
      </trkpt>
      <trkpt lat="44.95074" lon="6.77745">
        <ele>1567.0</ele>
      </trkpt>
      <trkpt lat="44.95058" lon="6.77742">
        <ele>1563.2</ele>
      </trkpt>
      <trkpt lat="44.95044" lon="6.77742">
        <ele>1559.1</ele>
      </trkpt>
      <trkpt lat="44.95028" lon="6.77738">
        <ele>1555.5</ele>
      </trkpt>
      <trkpt lat="44.95011" lon="6.77732">
        <ele>1552.1</ele>
      </trkpt>
      <trkpt lat="44.94998" lon="6.77723">
        <ele>1550.6</ele>
      </trkpt>
      <trkpt lat="44.94983" lon="6.77704">
        <ele>1551.2</ele>
      </trkpt>
      <trkpt lat="44.94953" lon="6.77652">
        <ele>1552.0</ele>
      </trkpt>
      <trkpt lat="44.94934" lon="6.7761">
        <ele>1548.6</ele>
      </trkpt>
      <trkpt lat="44.94921" lon="6.77568">
        <ele>1546.3</ele>
      </trkpt>
      <trkpt lat="44.94911" lon="6.77526">
        <ele>1544.0</ele>
      </trkpt>
      <trkpt lat="44.94905" lon="6.77474">
        <ele>1541.4</ele>
      </trkpt>
      <trkpt lat="44.94885" lon="6.77361">
        <ele>1535.6</ele>
      </trkpt>
      <trkpt lat="44.94873" lon="6.77324">
        <ele>1533.6</ele>
      </trkpt>
      <trkpt lat="44.94859" lon="6.77291">
        <ele>1531.6</ele>
      </trkpt>
      <trkpt lat="44.94837" lon="6.77255">
        <ele>1529.3</ele>
      </trkpt>
      <trkpt lat="44.94811" lon="6.77215">
        <ele>1526.5</ele>
      </trkpt>
      <trkpt lat="44.94799" lon="6.77193">
        <ele>1525.2</ele>
      </trkpt>
      <trkpt lat="44.94783" lon="6.77176">
        <ele>1521.9</ele>
      </trkpt>
      <trkpt lat="44.94773" lon="6.77171">
        <ele>1521.2</ele>
      </trkpt>
      <trkpt lat="44.94765" lon="6.77169">
        <ele>1520.8</ele>
      </trkpt>
      <trkpt lat="44.94757" lon="6.77169">
        <ele>1520.3</ele>
      </trkpt>
      <trkpt lat="44.94751" lon="6.77171">
        <ele>1519.9</ele>
      </trkpt>
      <trkpt lat="44.94745" lon="6.77174">
        <ele>1519.6</ele>
      </trkpt>
      <trkpt lat="44.94739" lon="6.7718">
        <ele>1519.2</ele>
      </trkpt>
      <trkpt lat="44.94732" lon="6.77192">
        <ele>1518.5</ele>
      </trkpt>
      <trkpt lat="44.94727" lon="6.77204">
        <ele>1518.0</ele>
      </trkpt>
      <trkpt lat="44.94724" lon="6.77213">
        <ele>1518.6</ele>
      </trkpt>
      <trkpt lat="44.94721" lon="6.77237">
        <ele>1518.1</ele>
      </trkpt>
      <trkpt lat="44.94719" lon="6.77262">
        <ele>1517.3</ele>
      </trkpt>
      <trkpt lat="44.94715" lon="6.7737">
        <ele>1513.8</ele>
      </trkpt>
      <trkpt lat="44.9471" lon="6.77479">
        <ele>1513.6</ele>
      </trkpt>
      <trkpt lat="44.94706" lon="6.77588">
        <ele>1513.1</ele>
      </trkpt>
      <trkpt lat="44.94706" lon="6.77588">
        <ele>1513.1</ele>
      </trkpt>
      <trkpt lat="44.94703" lon="6.77688">
        <ele>1508.2</ele>
      </trkpt>
      <trkpt lat="44.94703" lon="6.77704">
        <ele>1507.1</ele>
      </trkpt>
      <trkpt lat="44.94705" lon="6.77716">
        <ele>1505.8</ele>
      </trkpt>
      <trkpt lat="44.94708" lon="6.77727">
        <ele>1504.4</ele>
      </trkpt>
      <trkpt lat="44.94712" lon="6.77737">
        <ele>1502.7</ele>
      </trkpt>
      <trkpt lat="44.94719" lon="6.77748">
        <ele>1500.2</ele>
      </trkpt>
      <trkpt lat="44.94726" lon="6.77755">
        <ele>1499.1</ele>
      </trkpt>
      <trkpt lat="44.94752" lon="6.77781">
        <ele>1496.3</ele>
      </trkpt>
      <trkpt lat="44.94804" lon="6.77827">
        <ele>1489.8</ele>
      </trkpt>
      <trkpt lat="44.94821" lon="6.77847">
        <ele>1485.6</ele>
      </trkpt>
      <trkpt lat="44.94828" lon="6.77859">
        <ele>1484.1</ele>
      </trkpt>
      <trkpt lat="44.94835" lon="6.77872">
        <ele>1483.0</ele>
      </trkpt>
      <trkpt lat="44.94845" lon="6.77893">
        <ele>1483.1</ele>
      </trkpt>
      <trkpt lat="44.94874" lon="6.77958">
        <ele>1479.3</ele>
      </trkpt>
      <trkpt lat="44.94889" lon="6.77988">
        <ele>1473.9</ele>
      </trkpt>
      <trkpt lat="44.94893" lon="6.77997">
        <ele>1471.8</ele>
      </trkpt>
      <trkpt lat="44.949" lon="6.78018">
        <ele>1468.2</ele>
      </trkpt>
      <trkpt lat="44.94921" lon="6.78095">
        <ele>1457.1</ele>
      </trkpt>
      <trkpt lat="44.94921" lon="6.78095">
        <ele>1457.1</ele>
      </trkpt>
      <trkpt lat="44.94931" lon="6.78131">
        <ele>1454.0</ele>
      </trkpt>
      <trkpt lat="44.94938" lon="6.78151">
        <ele>1451.5</ele>
      </trkpt>
      <trkpt lat="44.94966" lon="6.78215">
        <ele>1441.9</ele>
      </trkpt>
      <trkpt lat="44.94973" lon="6.78233">
        <ele>1439.4</ele>
      </trkpt>
      <trkpt lat="44.94977" lon="6.78246">
        <ele>1438.0</ele>
      </trkpt>
      <trkpt lat="44.94982" lon="6.78267">
        <ele>1436.3</ele>
      </trkpt>
      <trkpt lat="44.94984" lon="6.78287">
        <ele>1435.5</ele>
      </trkpt>
      <trkpt lat="44.94985" lon="6.78307">
        <ele>1435.1</ele>
      </trkpt>
      <trkpt lat="44.94984" lon="6.78334">
        <ele>1435.2</ele>
      </trkpt>
      <trkpt lat="44.94981" lon="6.78352">
        <ele>1434.3</ele>
      </trkpt>
      <trkpt lat="44.94977" lon="6.78369">
        <ele>1433.7</ele>
      </trkpt>
      <trkpt lat="44.9497" lon="6.78385">
        <ele>1433.6</ele>
      </trkpt>
      <trkpt lat="44.94961" lon="6.78399">
        <ele>1434.0</ele>
      </trkpt>
      <trkpt lat="44.9495" lon="6.78412">
        <ele>1434.6</ele>
      </trkpt>
      <trkpt lat="44.94938" lon="6.78422">
        <ele>1434.9</ele>
      </trkpt>
      <trkpt lat="44.94914" lon="6.78433">
        <ele>1436.5</ele>
      </trkpt>
      <trkpt lat="44.94897" lon="6.78443">
        <ele>1436.0</ele>
      </trkpt>
      <trkpt lat="44.94889" lon="6.78449">
        <ele>1435.5</ele>
      </trkpt>
      <trkpt lat="44.94876" lon="6.78462">
        <ele>1434.1</ele>
      </trkpt>
      <trkpt lat="44.94849" lon="6.78492">
        <ele>1430.8</ele>
      </trkpt>
      <trkpt lat="44.9484" lon="6.78504">
        <ele>1429.9</ele>
      </trkpt>
      <trkpt lat="44.94837" lon="6.7851">
        <ele>1429.9</ele>
      </trkpt>
      <trkpt lat="44.94834" lon="6.78519">
        <ele>1429.8</ele>
      </trkpt>
      <trkpt lat="44.94833" lon="6.78529">
        <ele>1429.4</ele>
      </trkpt>
      <trkpt lat="44.94833" lon="6.78539">
        <ele>1428.8</ele>
      </trkpt>
      <trkpt lat="44.94834" lon="6.78548">
        <ele>1428.0</ele>
      </trkpt>
      <trkpt lat="44.94837" lon="6.78557">
        <ele>1427.0</ele>
      </trkpt>
      <trkpt lat="44.94841" lon="6.78565">
        <ele>1425.7</ele>
      </trkpt>
      <trkpt lat="44.94847" lon="6.78572">
        <ele>1424.2</ele>
      </trkpt>
      <trkpt lat="44.94855" lon="6.7858">
        <ele>1422.1</ele>
      </trkpt>
      <trkpt lat="44.94902" lon="6.78609">
        <ele>1414.7</ele>
      </trkpt>
      <trkpt lat="44.9493" lon="6.78629">
        <ele>1408.7</ele>
      </trkpt>
      <trkpt lat="44.94938" lon="6.78637">
        <ele>1406.6</ele>
      </trkpt>
      <trkpt lat="44.94945" lon="6.78645">
        <ele>1404.6</ele>
      </trkpt>
      <trkpt lat="44.94953" lon="6.78658">
        <ele>1402.2</ele>
      </trkpt>
      <trkpt lat="44.94958" lon="6.78669">
        <ele>1400.7</ele>
      </trkpt>
      <trkpt lat="44.94963" lon="6.7868">
        <ele>1399.5</ele>
      </trkpt>
      <trkpt lat="44.94967" lon="6.78696">
        <ele>1398.9</ele>
      </trkpt>
      <trkpt lat="44.9497" lon="6.78712">
        <ele>1398.6</ele>
      </trkpt>
      <trkpt lat="44.94971" lon="6.78726">
        <ele>1398.9</ele>
      </trkpt>
      <trkpt lat="44.94971" lon="6.78741">
        <ele>1399.7</ele>
      </trkpt>
      <trkpt lat="44.9497" lon="6.78755">
        <ele>1399.9</ele>
      </trkpt>
      <trkpt lat="44.94968" lon="6.7877">
        <ele>1399.1</ele>
      </trkpt>
      <trkpt lat="44.94951" lon="6.78829">
        <ele>1398.9</ele>
      </trkpt>
      <trkpt lat="44.9495" lon="6.78839">
        <ele>1398.9</ele>
      </trkpt>
      <trkpt lat="44.9495" lon="6.78849">
        <ele>1399.1</ele>
      </trkpt>
      <trkpt lat="44.94952" lon="6.78857">
        <ele>1398.7</ele>
      </trkpt>
      <trkpt lat="44.94955" lon="6.78865">
        <ele>1398.0</ele>
      </trkpt>
      <trkpt lat="44.94958" lon="6.78871">
        <ele>1397.2</ele>
      </trkpt>
      <trkpt lat="44.94963" lon="6.78876">
        <ele>1395.9</ele>
      </trkpt>
      <trkpt lat="44.94969" lon="6.7888">
        <ele>1394.3</ele>
      </trkpt>
      <trkpt lat="44.94976" lon="6.78882">
        <ele>1392.4</ele>
      </trkpt>
      <trkpt lat="44.94985" lon="6.78883">
        <ele>1389.9</ele>
      </trkpt>
      <trkpt lat="44.94994" lon="6.78891">
        <ele>1387.8</ele>
      </trkpt>
      <trkpt lat="44.95017" lon="6.78898">
        <ele>1383.4</ele>
      </trkpt>
      <trkpt lat="44.95044" lon="6.78908">
        <ele>1379.0</ele>
      </trkpt>
      <trkpt lat="44.95057" lon="6.78917">
        <ele>1377.1</ele>
      </trkpt>
      <trkpt lat="44.95078" lon="6.78943">
        <ele>1375.9</ele>
      </trkpt>
      <trkpt lat="44.95087" lon="6.78957">
        <ele>1375.5</ele>
      </trkpt>
      <trkpt lat="44.95106" lon="6.78988">
        <ele>1373.5</ele>
      </trkpt>
      <trkpt lat="44.95122" lon="6.79015">
        <ele>1370.4</ele>
      </trkpt>
      <trkpt lat="44.9514" lon="6.79069">
        <ele>1367.5</ele>
      </trkpt>
      <trkpt lat="44.95146" lon="6.79072">
        <ele>1366.0</ele>
      </trkpt>
      <trkpt lat="44.9515" lon="6.7907">
        <ele>1364.8</ele>
      </trkpt>
      <trkpt lat="44.95153" lon="6.79063">
        <ele>1363.7</ele>
      </trkpt>
      <trkpt lat="44.95151" lon="6.79051">
        <ele>1363.7</ele>
      </trkpt>
      <trkpt lat="44.95128" lon="6.78987">
        <ele>1367.4</ele>
      </trkpt>
      <trkpt lat="44.95129" lon="6.78979">
        <ele>1366.7</ele>
      </trkpt>
      <trkpt lat="44.95132" lon="6.78978">
        <ele>1365.8</ele>
      </trkpt>
      <trkpt lat="44.95134" lon="6.78977">
        <ele>1365.3</ele>
      </trkpt>
      <trkpt lat="44.9514" lon="6.7898">
        <ele>1363.8</ele>
      </trkpt>
      <trkpt lat="44.95157" lon="6.79009">
        <ele>1360.2</ele>
      </trkpt>
      <trkpt lat="44.95168" lon="6.79026">
        <ele>1358.2</ele>
      </trkpt>
      <trkpt lat="44.95182" lon="6.79039">
        <ele>1357.9</ele>
      </trkpt>
      <trkpt lat="44.95188" lon="6.79054">
        <ele>1358.0</ele>
      </trkpt>
      <trkpt lat="44.95198" lon="6.79089">
        <ele>1357.9</ele>
      </trkpt>
      <trkpt lat="44.95214" lon="6.79143">
        <ele>1355.7</ele>
      </trkpt>
      <trkpt lat="44.95214" lon="6.79143">
        <ele>1355.7</ele>
      </trkpt>
      <trkpt lat="44.95219" lon="6.79159">
        <ele>1355.1</ele>
      </trkpt>
      <trkpt lat="44.95231" lon="6.79191">
        <ele>1352.8</ele>
      </trkpt>
      <trkpt lat="44.95246" lon="6.79221">
        <ele>1350.9</ele>
      </trkpt>
      <trkpt lat="44.95246" lon="6.79221">
        <ele>1350.9</ele>
      </trkpt>
      <trkpt lat="44.9526" lon="6.7925">
        <ele>1349.2</ele>
      </trkpt>
      <trkpt lat="44.95277" lon="6.79288">
        <ele>1347.6</ele>
      </trkpt>
      <trkpt lat="44.95277" lon="6.79288">
        <ele>1347.6</ele>
      </trkpt>
      <trkpt lat="44.95288" lon="6.79312">
        <ele>1347.7</ele>
      </trkpt>
      <trkpt lat="44.95295" lon="6.79327">
        <ele>1347.8</ele>
      </trkpt>
      <trkpt lat="44.95305" lon="6.79349">
        <ele>1348.0</ele>
      </trkpt>
      <trkpt lat="44.95305" lon="6.79357">
        <ele>1348.0</ele>
      </trkpt>
      <trkpt lat="44.95301" lon="6.79356">
        <ele>1348.1</ele>
      </trkpt>
      <trkpt lat="44.95297" lon="6.79359">
        <ele>1348.1</ele>
      </trkpt>
      <trkpt lat="44.95294" lon="6.79366">
        <ele>1348.2</ele>
      </trkpt>
      <trkpt lat="44.95294" lon="6.79371">
        <ele>1348.4</ele>
      </trkpt>
      <trkpt lat="44.95296" lon="6.79376">
        <ele>1348.6</ele>
      </trkpt>
      <trkpt lat="44.95298" lon="6.79379">
        <ele>1348.8</ele>
      </trkpt>
      <trkpt lat="44.95303" lon="6.7938">
        <ele>1349.0</ele>
      </trkpt>
      <trkpt lat="44.95308" lon="6.79378">
        <ele>1349.1</ele>
      </trkpt>
      <trkpt lat="44.9531" lon="6.79372">
        <ele>1348.8</ele>
      </trkpt>
      <trkpt lat="44.95311" lon="6.79368">
        <ele>1348.6</ele>
      </trkpt>
      <trkpt lat="44.9531" lon="6.79363">
        <ele>1348.3</ele>
      </trkpt>
      <trkpt lat="44.95319" lon="6.79357">
        <ele>1347.9</ele>
      </trkpt>
      <trkpt lat="44.95325" lon="6.79354">
        <ele>1347.7</ele>
      </trkpt>
      <trkpt lat="44.95332" lon="6.79353">
        <ele>1347.7</ele>
      </trkpt>
      <trkpt lat="44.9534" lon="6.79354">
        <ele>1347.7</ele>
      </trkpt>
      <trkpt lat="44.9534" lon="6.79354">
        <ele>1347.7</ele>
      </trkpt>
      <trkpt lat="44.95428" lon="6.79381">
        <ele>1351.0</ele>
      </trkpt>
      <trkpt lat="44.95442" lon="6.79381">
        <ele>1351.3</ele>
      </trkpt>
      <trkpt lat="44.95453" lon="6.79377">
        <ele>1351.1</ele>
      </trkpt>
      <trkpt lat="44.95463" lon="6.79369">
        <ele>1350.5</ele>
      </trkpt>
      <trkpt lat="44.95507" lon="6.79327">
        <ele>1347.8</ele>
      </trkpt>
      <trkpt lat="44.95523" lon="6.79313">
        <ele>1347.0</ele>
      </trkpt>
      <trkpt lat="44.95532" lon="6.79308">
        <ele>1346.6</ele>
      </trkpt>
      <trkpt lat="44.95536" lon="6.79308">
        <ele>1346.7</ele>
      </trkpt>
      <trkpt lat="44.95539" lon="6.79306">
        <ele>1346.5</ele>
      </trkpt>
      <trkpt lat="44.95542" lon="6.79303">
        <ele>1346.2</ele>
      </trkpt>
      <trkpt lat="44.956066" lon="6.792992">
        <ele>1341.1</ele>
      </trkpt>
      <trkpt lat="44.956213" lon="6.793007">
        <ele>1341.1</ele>
      </trkpt>
      <trkpt lat="44.956379" lon="6.793081">
        <ele>1341.2</ele>
      </trkpt>
      <trkpt lat="44.9565" lon="6.793214">
        <ele>1341.2</ele>
      </trkpt>
      <trkpt lat="44.956932" lon="6.793864">
        <ele>1341.3</ele>
      </trkpt>
      <trkpt lat="44.957204" lon="6.794133">
        <ele>1340.6</ele>
      </trkpt>
      <trkpt lat="44.95767" lon="6.794472">
        <ele>1339.5</ele>
      </trkpt>
      <trkpt lat="44.958245" lon="6.794891">
        <ele>1338.1</ele>
      </trkpt>
      <trkpt lat="44.958593" lon="6.795102">
        <ele>1337.3</ele>
      </trkpt>
      <trkpt lat="44.95885" lon="6.795205">
        <ele>1336.8</ele>
      </trkpt>
      <trkpt lat="44.958986" lon="6.795232">
        <ele>1336.5</ele>
      </trkpt>
      <trkpt lat="44.959298" lon="6.795293">
        <ele>1335.9</ele>
      </trkpt>
      <trkpt lat="44.959726" lon="6.795347">
        <ele>1335.0</ele>
      </trkpt>
      <trkpt lat="44.959891" lon="6.795334">
        <ele>1334.7</ele>
      </trkpt>
      <trkpt lat="44.960337" lon="6.795193">
        <ele>1333.8</ele>
      </trkpt>
      <trkpt lat="44.960547" lon="6.795127">
        <ele>1333.5</ele>
      </trkpt>
      <trkpt lat="44.960868" lon="6.795077">
        <ele>1333.1</ele>
      </trkpt>
      <trkpt lat="44.961108" lon="6.795188">
        <ele>1332.7</ele>
      </trkpt>
      <trkpt lat="44.961263" lon="6.795321">
        <ele>1332.5</ele>
      </trkpt>
      <trkpt lat="44.961722" lon="6.795814">
        <ele>1331.7</ele>
      </trkpt>
      <trkpt lat="44.962036" lon="6.796029">
        <ele>1330.3</ele>
      </trkpt>
      <trkpt lat="44.962195" lon="6.796088">
        <ele>1329.2</ele>
      </trkpt>
      <trkpt lat="44.962547" lon="6.79613">
        <ele>1326.8</ele>
      </trkpt>
      <trkpt lat="44.963718" lon="6.795975">
        <ele>1319.1</ele>
      </trkpt>
      <trkpt lat="44.96401" lon="6.795997">
        <ele>1317.7</ele>
      </trkpt>
      <trkpt lat="44.964277" lon="6.796129">
        <ele>1316.5</ele>
      </trkpt>
      <trkpt lat="44.965207" lon="6.796727">
        <ele>1311.9</ele>
      </trkpt>
      <trkpt lat="44.965515" lon="6.796925">
        <ele>1311.0</ele>
      </trkpt>
      <trkpt lat="44.965595" lon="6.796974">
        <ele>1310.8</ele>
      </trkpt>
      <trkpt lat="44.96581" lon="6.797113">
        <ele>1310.4</ele>
      </trkpt>
      <trkpt lat="44.965949" lon="6.797198">
        <ele>1310.1</ele>
      </trkpt>
      <trkpt lat="44.966468" lon="6.797515">
        <ele>1309.1</ele>
      </trkpt>
      <trkpt lat="44.966502" lon="6.797536">
        <ele>1309.0</ele>
      </trkpt>
      <trkpt lat="44.966975" lon="6.797821">
        <ele>1308.1</ele>
      </trkpt>
      <trkpt lat="44.967571" lon="6.798388">
        <ele>1304.7</ele>
      </trkpt>
      <trkpt lat="44.96772" lon="6.798476">
        <ele>1304.0</ele>
      </trkpt>
      <trkpt lat="44.967932" lon="6.798548">
        <ele>1302.9</ele>
      </trkpt>
      <trkpt lat="44.968555" lon="6.798578">
        <ele>1300.0</ele>
      </trkpt>
      <trkpt lat="44.969899" lon="6.798562">
        <ele>1292.8</ele>
      </trkpt>
      <trkpt lat="44.970152" lon="6.798444">
        <ele>1291.3</ele>
      </trkpt>
      <trkpt lat="44.970201" lon="6.798409">
        <ele>1291.0</ele>
      </trkpt>
      <trkpt lat="44.970717" lon="6.798044">
        <ele>1289.5</ele>
      </trkpt>
      <trkpt lat="44.970993" lon="6.797986">
        <ele>1289.3</ele>
      </trkpt>
      <trkpt lat="44.97112" lon="6.798012">
        <ele>1289.2</ele>
      </trkpt>
      <trkpt lat="44.972216" lon="6.798571">
        <ele>1287.9</ele>
      </trkpt>
      <trkpt lat="44.973047" lon="6.798886">
        <ele>1285.6</ele>
      </trkpt>
      <trkpt lat="44.973267" lon="6.798968">
        <ele>1284.9</ele>
      </trkpt>
      <trkpt lat="44.973511" lon="6.799058">
        <ele>1284.3</ele>
      </trkpt>
      <trkpt lat="44.974267" lon="6.799329">
        <ele>1282.3</ele>
      </trkpt>
      <trkpt lat="44.975627" lon="6.799741">
        <ele>1278.9</ele>
      </trkpt>
      <trkpt lat="44.975937" lon="6.799914">
        <ele>1278.7</ele>
      </trkpt>
      <trkpt lat="44.976163" lon="6.800108">
        <ele>1278.5</ele>
      </trkpt>
      <trkpt lat="44.976366" lon="6.800388">
        <ele>1278.3</ele>
      </trkpt>
      <trkpt lat="44.976496" lon="6.800657">
        <ele>1278.2</ele>
      </trkpt>
      <trkpt lat="44.976918" lon="6.8022">
        <ele>1277.1</ele>
      </trkpt>
      <trkpt lat="44.977017" lon="6.802479">
        <ele>1276.8</ele>
      </trkpt>
      <trkpt lat="44.977195" lon="6.802845">
        <ele>1276.4</ele>
      </trkpt>
      <trkpt lat="44.977368" lon="6.803125">
        <ele>1276.0</ele>
      </trkpt>
      <trkpt lat="44.978051" lon="6.80402">
        <ele>1273.3</ele>
      </trkpt>
      <trkpt lat="44.978826" lon="6.805012">
        <ele>1268.6</ele>
      </trkpt>
      <trkpt lat="44.97908" lon="6.805301">
        <ele>1267.1</ele>
      </trkpt>
      <trkpt lat="44.979379" lon="6.805511">
        <ele>1264.7</ele>
      </trkpt>
      <trkpt lat="44.979544" lon="6.805585">
        <ele>1263.4</ele>
      </trkpt>
      <trkpt lat="44.979811" lon="6.805648">
        <ele>1261.5</ele>
      </trkpt>
      <trkpt lat="44.981077" lon="6.805944">
        <ele>1252.9</ele>
      </trkpt>
      <trkpt lat="44.9812" lon="6.806012">
        <ele>1252.3</ele>
      </trkpt>
      <trkpt lat="44.981758" lon="6.806443">
        <ele>1249.1</ele>
      </trkpt>
      <trkpt lat="44.982133" lon="6.806611">
        <ele>1247.2</ele>
      </trkpt>
      <trkpt lat="44.982435" lon="6.806702">
        <ele>1245.6</ele>
      </trkpt>
      <trkpt lat="44.982734" lon="6.806713">
        <ele>1245.6</ele>
      </trkpt>
      <trkpt lat="44.983176" lon="6.80674">
        <ele>1245.8</ele>
      </trkpt>
      <trkpt lat="44.983387" lon="6.806794">
        <ele>1245.8</ele>
      </trkpt>
      <trkpt lat="44.983642" lon="6.806901">
        <ele>1245.9</ele>
      </trkpt>
      <trkpt lat="44.983765" lon="6.80692">
        <ele>1246.0</ele>
      </trkpt>
      <trkpt lat="44.984413" lon="6.806858">
        <ele>1245.7</ele>
      </trkpt>
      <trkpt lat="44.984864" lon="6.806949">
        <ele>1244.5</ele>
      </trkpt>
      <trkpt lat="44.985215" lon="6.807055">
        <ele>1243.6</ele>
      </trkpt>
      <trkpt lat="44.98585" lon="6.807267">
        <ele>1241.8</ele>
      </trkpt>
      <trkpt lat="44.986465" lon="6.807576">
        <ele>1240.7</ele>
      </trkpt>
      <trkpt lat="44.986813" lon="6.807719">
        <ele>1240.2</ele>
      </trkpt>
      <trkpt lat="44.99011" lon="6.808543">
        <ele>1235.2</ele>
      </trkpt>
      <trkpt lat="44.99033" lon="6.808542">
        <ele>1234.7</ele>
      </trkpt>
      <trkpt lat="44.990467" lon="6.808541">
        <ele>1234.4</ele>
      </trkpt>
      <trkpt lat="44.99082" lon="6.808427">
        <ele>1233.7</ele>
      </trkpt>
      <trkpt lat="44.991041" lon="6.808293">
        <ele>1233.1</ele>
      </trkpt>
      <trkpt lat="44.991479" lon="6.807944">
        <ele>1232.0</ele>
      </trkpt>
      <trkpt lat="44.991776" lon="6.807823">
        <ele>1231.3</ele>
      </trkpt>
      <trkpt lat="44.993448" lon="6.807643">
        <ele>1229.2</ele>
      </trkpt>
      <trkpt lat="44.993784" lon="6.807646">
        <ele>1229.6</ele>
      </trkpt>
      <trkpt lat="44.994056" lon="6.807723">
        <ele>1230.0</ele>
      </trkpt>
      <trkpt lat="44.994908" lon="6.808207">
        <ele>1232.1</ele>
      </trkpt>
      <trkpt lat="44.995461" lon="6.808561">
        <ele>1235.5</ele>
      </trkpt>
      <trkpt lat="44.99593" lon="6.80888">
        <ele>1246.7</ele>
      </trkpt>
      <trkpt lat="44.99604" lon="6.80898">
        <ele>1247.9</ele>
      </trkpt>
      <trkpt lat="44.99628" lon="6.80922">
        <ele>1249.9</ele>
      </trkpt>
      <trkpt lat="44.99687" lon="6.80991">
        <ele>1248.6</ele>
      </trkpt>
      <trkpt lat="44.99749" lon="6.81066">
        <ele>1245.9</ele>
      </trkpt>
      <trkpt lat="44.99811" lon="6.81142">
        <ele>1241.8</ele>
      </trkpt>
      <trkpt lat="44.99824" lon="6.81155">
        <ele>1239.7</ele>
      </trkpt>
      <trkpt lat="44.99836" lon="6.81165">
        <ele>1237.7</ele>
      </trkpt>
      <trkpt lat="44.99862" lon="6.8118">
        <ele>1235.3</ele>
      </trkpt>
      <trkpt lat="44.99929" lon="6.81202">
        <ele>1215.0</ele>
      </trkpt>
      <trkpt lat="44.99997" lon="6.81223">
        <ele>1231.0</ele>
      </trkpt>
      <trkpt lat="45.00011" lon="6.81231">
        <ele>1222.0</ele>
      </trkpt>
      <trkpt lat="45.00042" lon="6.8125">
        <ele>1220.4</ele>
      </trkpt>
      <trkpt lat="45.00085" lon="6.81278">
        <ele>1220.0</ele>
      </trkpt>
      <trkpt lat="45.00128" lon="6.81305">
        <ele>1216.2</ele>
      </trkpt>
      <trkpt lat="45.00145" lon="6.81319">
        <ele>1214.0</ele>
      </trkpt>
      <trkpt lat="45.0016" lon="6.81338">
        <ele>1212.8</ele>
      </trkpt>
      <trkpt lat="45.00167" lon="6.81349">
        <ele>1213.3</ele>
      </trkpt>
      <trkpt lat="45.0018" lon="6.81382">
        <ele>1218.1</ele>
      </trkpt>
      <trkpt lat="45.00189" lon="6.81407">
        <ele>1219.6</ele>
      </trkpt>
      <trkpt lat="45.00189" lon="6.81407">
        <ele>1219.6</ele>
      </trkpt>
      <trkpt lat="45.00217" lon="6.81488">
        <ele>1214.2</ele>
      </trkpt>
      <trkpt lat="45.00245" lon="6.81568">
        <ele>1211.2</ele>
      </trkpt>
      <trkpt lat="45.00259" lon="6.81604">
        <ele>1213.4</ele>
      </trkpt>
      <trkpt lat="45.00274" lon="6.8163">
        <ele>1210.7</ele>
      </trkpt>
      <trkpt lat="45.00297" lon="6.81666">
        <ele>1206.9</ele>
      </trkpt>
      <trkpt lat="45.00338" lon="6.81721">
        <ele>1200.7</ele>
      </trkpt>
      <trkpt lat="45.00353" lon="6.81745">
        <ele>1198.2</ele>
      </trkpt>
      <trkpt lat="45.0039" lon="6.81819">
        <ele>1191.2</ele>
      </trkpt>
      <trkpt lat="45.00428" lon="6.81892">
        <ele>1188.6</ele>
      </trkpt>
      <trkpt lat="45.00437" lon="6.81911">
        <ele>1189.4</ele>
      </trkpt>
      <trkpt lat="45.00444" lon="6.8193">
        <ele>1188.9</ele>
      </trkpt>
      <trkpt lat="45.00449" lon="6.81947">
        <ele>1188.0</ele>
      </trkpt>
      <trkpt lat="45.00454" lon="6.81972">
        <ele>1186.8</ele>
      </trkpt>
      <trkpt lat="45.00464" lon="6.82035">
        <ele>1185.8</ele>
      </trkpt>
      <trkpt lat="45.00471" lon="6.82066">
        <ele>1184.8</ele>
      </trkpt>
      <trkpt lat="45.00477" lon="6.82085">
        <ele>1183.5</ele>
      </trkpt>
      <trkpt lat="45.00485" lon="6.82109">
        <ele>1185.6</ele>
      </trkpt>
      <trkpt lat="45.00493" lon="6.82127">
        <ele>1184.8</ele>
      </trkpt>
      <trkpt lat="45.00501" lon="6.82139">
        <ele>1184.3</ele>
      </trkpt>
      <trkpt lat="45.00546" lon="6.82202">
        <ele>1181.3</ele>
      </trkpt>
      <trkpt lat="45.00591" lon="6.82258">
        <ele>1178.6</ele>
      </trkpt>
      <trkpt lat="45.00591" lon="6.82258">
        <ele>1178.6</ele>
      </trkpt>
      <trkpt lat="45.00648" lon="6.82329">
        <ele>1172.0</ele>
      </trkpt>
      <trkpt lat="45.00704" lon="6.82399">
        <ele>1171.5</ele>
      </trkpt>
      <trkpt lat="45.00715" lon="6.8241">
        <ele>1170.0</ele>
      </trkpt>
      <trkpt lat="45.00724" lon="6.82417">
        <ele>1168.1</ele>
      </trkpt>
      <trkpt lat="45.00737" lon="6.82424">
        <ele>1164.8</ele>
      </trkpt>
      <trkpt lat="45.00748" lon="6.82429">
        <ele>1161.8</ele>
      </trkpt>
      <trkpt lat="45.00762" lon="6.82432">
        <ele>1160.4</ele>
      </trkpt>
      <trkpt lat="45.00803" lon="6.82433">
        <ele>1156.7</ele>
      </trkpt>
      <trkpt lat="45.00825" lon="6.82436">
        <ele>1155.0</ele>
      </trkpt>
      <trkpt lat="45.00838" lon="6.8244">
        <ele>1154.4</ele>
      </trkpt>
      <trkpt lat="45.00844" lon="6.82443">
        <ele>1154.2</ele>
      </trkpt>
      <trkpt lat="45.00844" lon="6.82443">
        <ele>1154.2</ele>
      </trkpt>
      <trkpt lat="45.00855" lon="6.82449">
        <ele>1153.6</ele>
      </trkpt>
      <trkpt lat="45.0087" lon="6.82461">
        <ele>1152.7</ele>
      </trkpt>
      <trkpt lat="45.00937" lon="6.82535">
        <ele>1147.6</ele>
      </trkpt>
      <trkpt lat="45.00961" lon="6.82562">
        <ele>1148.0</ele>
      </trkpt>
      <trkpt lat="45.00981" lon="6.82578">
        <ele>1147.1</ele>
      </trkpt>
      <trkpt lat="45.01001" lon="6.82589">
        <ele>1147.2</ele>
      </trkpt>
      <trkpt lat="45.010455" lon="6.82616">
        <ele>1142.2</ele>
      </trkpt>
      <trkpt lat="45.011112" lon="6.826819">
        <ele>1139.3</ele>
      </trkpt>
      <trkpt lat="45.012367" lon="6.827685">
        <ele>1133.9</ele>
      </trkpt>
      <trkpt lat="45.013735" lon="6.828629">
        <ele>1127.6</ele>
      </trkpt>
      <trkpt lat="45.014091" lon="6.828924">
        <ele>1125.9</ele>
      </trkpt>
      <trkpt lat="45.015402" lon="6.830122">
        <ele>1119.4</ele>
      </trkpt>
      <trkpt lat="45.016037" lon="6.830583">
        <ele>1116.4</ele>
      </trkpt>
      <trkpt lat="45.016863" lon="6.831044">
        <ele>1113.4</ele>
      </trkpt>
      <trkpt lat="45.01773" lon="6.831529">
        <ele>1110.3</ele>
      </trkpt>
      <trkpt lat="45.017958" lon="6.831619">
        <ele>1109.6</ele>
      </trkpt>
      <trkpt lat="45.018507" lon="6.831732">
        <ele>1108.4</ele>
      </trkpt>
      <trkpt lat="45.018875" lon="6.831733">
        <ele>1107.6</ele>
      </trkpt>
      <trkpt lat="45.01905" lon="6.831733">
        <ele>1107.2</ele>
      </trkpt>
      <trkpt lat="45.019307" lon="6.831692">
        <ele>1106.7</ele>
      </trkpt>
      <trkpt lat="45.01965" lon="6.831607">
        <ele>1105.9</ele>
      </trkpt>
      <trkpt lat="45.020634" lon="6.831259">
        <ele>1105.5</ele>
      </trkpt>
      <trkpt lat="45.020841" lon="6.831186">
        <ele>1105.4</ele>
      </trkpt>
      <trkpt lat="45.021152" lon="6.83109">
        <ele>1105.3</ele>
      </trkpt>
      <trkpt lat="45.021489" lon="6.831048">
        <ele>1105.0</ele>
      </trkpt>
      <trkpt lat="45.021992" lon="6.831046">
        <ele>1103.5</ele>
      </trkpt>
      <trkpt lat="45.022186" lon="6.831018">
        <ele>1102.9</ele>
      </trkpt>
      <trkpt lat="45.023174" lon="6.831017">
        <ele>1100.0</ele>
      </trkpt>
      <trkpt lat="45.023621" lon="6.830922">
        <ele>1098.2</ele>
      </trkpt>
      <trkpt lat="45.02461" lon="6.830682">
        <ele>1094.2</ele>
      </trkpt>
      <trkpt lat="45.025949" lon="6.830355">
        <ele>1090.2</ele>
      </trkpt>
      <trkpt lat="45.028089" lon="6.829823">
        <ele>1086.8</ele>
      </trkpt>
      <trkpt lat="45.028717" lon="6.829704">
        <ele>1086.0</ele>
      </trkpt>
      <trkpt lat="45.028985" lon="6.829736">
        <ele>1085.5</ele>
      </trkpt>
      <trkpt lat="45.029188" lon="6.829847">
        <ele>1085.1</ele>
      </trkpt>
      <trkpt lat="45.029877" lon="6.830487">
        <ele>1083.7</ele>
      </trkpt>
      <trkpt lat="45.02997" lon="6.830584">
        <ele>1083.5</ele>
      </trkpt>
      <trkpt lat="45.030069" lon="6.830692">
        <ele>1083.3</ele>
      </trkpt>
      <trkpt lat="45.030422" lon="6.831053">
        <ele>1082.6</ele>
      </trkpt>
      <trkpt lat="45.030566" lon="6.831216">
        <ele>1082.3</ele>
      </trkpt>
      <trkpt lat="45.030652" lon="6.831302">
        <ele>1082.1</ele>
      </trkpt>
      <trkpt lat="45.030755" lon="6.831406">
        <ele>1081.9</ele>
      </trkpt>
      <trkpt lat="45.030893" lon="6.831546">
        <ele>1081.6</ele>
      </trkpt>
      <trkpt lat="45.031119" lon="6.831776">
        <ele>1081.2</ele>
      </trkpt>
      <trkpt lat="45.031206" lon="6.831864">
        <ele>1081.0</ele>
      </trkpt>
      <trkpt lat="45.031398" lon="6.832051">
        <ele>1080.7</ele>
      </trkpt>
      <trkpt lat="45.0322" lon="6.832885">
        <ele>1079.3</ele>
      </trkpt>
      <trkpt lat="45.032726" lon="6.833142">
        <ele>1078.5</ele>
      </trkpt>
      <trkpt lat="45.032948" lon="6.833259">
        <ele>1078.2</ele>
      </trkpt>
      <trkpt lat="45.033134" lon="6.833402">
        <ele>1078.0</ele>
      </trkpt>
      <trkpt lat="45.033331" lon="6.833647">
        <ele>1077.7</ele>
      </trkpt>
      <trkpt lat="45.033475" lon="6.833502">
        <ele>1077.5</ele>
      </trkpt>
      <trkpt lat="45.033671" lon="6.833308">
        <ele>1077.3</ele>
      </trkpt>
      <trkpt lat="45.033808" lon="6.833167">
        <ele>1077.1</ele>
      </trkpt>
      <trkpt lat="45.03395" lon="6.833045">
        <ele>1077.0</ele>
      </trkpt>
      <trkpt lat="45.034028" lon="6.833006">
        <ele>1076.9</ele>
      </trkpt>
      <trkpt lat="45.034039" lon="6.832866">
        <ele>1076.8</ele>
      </trkpt>
      <trkpt lat="45.034207" lon="6.832508">
        <ele>1076.5</ele>
      </trkpt>
      <trkpt lat="45.03466" lon="6.831379">
        <ele>1076.2</ele>
      </trkpt>
      <trkpt lat="45.034688" lon="6.831307">
        <ele>1076.2</ele>
      </trkpt>
      <trkpt lat="45.034809" lon="6.830979">
        <ele>1076.2</ele>
      </trkpt>
      <trkpt lat="45.034897" lon="6.830597">
        <ele>1076.2</ele>
      </trkpt>
      <trkpt lat="45.03489" lon="6.830138">
        <ele>1076.2</ele>
      </trkpt>
      <trkpt lat="45.034877" lon="6.829837">
        <ele>1076.2</ele>
      </trkpt>
      <trkpt lat="45.034853" lon="6.829302">
        <ele>1077.5</ele>
      </trkpt>
      <trkpt lat="45.034847" lon="6.829202">
        <ele>1077.8</ele>
      </trkpt>
      <trkpt lat="45.034836" lon="6.82885">
        <ele>1078.9</ele>
      </trkpt>
      <trkpt lat="45.034772" lon="6.828708">
        <ele>1079.4</ele>
      </trkpt>
      <trkpt lat="45.034694" lon="6.828523">
        <ele>1080.1</ele>
      </trkpt>
      <trkpt lat="45.034488" lon="6.827831">
        <ele>1082.4</ele>
      </trkpt>
      <trkpt lat="45.034417" lon="6.827694">
        <ele>1083.0</ele>
      </trkpt>
      <trkpt lat="45.034255" lon="6.82748">
        <ele>1084.0</ele>
      </trkpt>
      <trkpt lat="45.033996" lon="6.827297">
        <ele>1085.0</ele>
      </trkpt>
      <trkpt lat="45.033873" lon="6.827096">
        <ele>1085.6</ele>
      </trkpt>
      <trkpt lat="45.033786" lon="6.826817">
        <ele>1086.4</ele>
      </trkpt>
      <trkpt lat="45.033764" lon="6.826426">
        <ele>1087.3</ele>
      </trkpt>
      <trkpt lat="45.033771" lon="6.825645">
        <ele>1089.2</ele>
      </trkpt>
      <trkpt lat="45.033938" lon="6.825213">
        <ele>1090.3</ele>
      </trkpt>
      <trkpt lat="45.034073" lon="6.825066">
        <ele>1090.3</ele>
      </trkpt>
      <trkpt lat="45.034076" lon="6.824344">
        <ele>1090.5</ele>
      </trkpt>
      <trkpt lat="45.034043" lon="6.823437">
        <ele>1090.8</ele>
      </trkpt>
      <trkpt lat="45.034085" lon="6.823126">
        <ele>1090.9</ele>
      </trkpt>
      <trkpt lat="45.034236" lon="6.822394">
        <ele>1089.7</ele>
      </trkpt>
      <trkpt lat="45.034217" lon="6.821823">
        <ele>1088.2</ele>
      </trkpt>
      <trkpt lat="45.034237" lon="6.821662">
        <ele>1087.8</ele>
      </trkpt>
      <trkpt lat="45.034335" lon="6.821462">
        <ele>1087.1</ele>
      </trkpt>
      <trkpt lat="45.034408" lon="6.821049">
        <ele>1086.0</ele>
      </trkpt>
      <trkpt lat="45.034588" lon="6.82047">
        <ele>1084.3</ele>
      </trkpt>
      <trkpt lat="45.034717" lon="6.819787">
        <ele>1083.5</ele>
      </trkpt>
      <trkpt lat="45.034763" lon="6.819656">
        <ele>1083.3</ele>
      </trkpt>
      <trkpt lat="45.035029" lon="6.819334">
        <ele>1082.8</ele>
      </trkpt>
      <trkpt lat="45.035378" lon="6.81908">
        <ele>1082.1</ele>
      </trkpt>
      <trkpt lat="45.035665" lon="6.818743">
        <ele>1081.5</ele>
      </trkpt>
      <trkpt lat="45.035816" lon="6.818514">
        <ele>1081.5</ele>
      </trkpt>
      <trkpt lat="45.035975" lon="6.818122">
        <ele>1082.0</ele>
      </trkpt>
      <trkpt lat="45.036134" lon="6.817811">
        <ele>1082.3</ele>
      </trkpt>
      <trkpt lat="45.036642" lon="6.817339">
        <ele>1083.2</ele>
      </trkpt>
      <trkpt lat="45.0371" lon="6.81695">
        <ele>1083.9</ele>
      </trkpt>
      <trkpt lat="45.037321" lon="6.816585">
        <ele>1083.9</ele>
      </trkpt>
      <trkpt lat="45.037786" lon="6.816221">
        <ele>1084.0</ele>
      </trkpt>
      <trkpt lat="45.037768" lon="6.816134">
        <ele>1084.0</ele>
      </trkpt>
      <trkpt lat="45.037789" lon="6.815968">
        <ele>1084.0</ele>
      </trkpt>
      <trkpt lat="45.037933" lon="6.815656">
        <ele>1084.0</ele>
      </trkpt>
      <trkpt lat="45.037982" lon="6.815357">
        <ele>1084.0</ele>
      </trkpt>
      <trkpt lat="45.037976" lon="6.814796">
        <ele>1084.3</ele>
      </trkpt>
      <trkpt lat="45.037873" lon="6.814334">
        <ele>1084.7</ele>
      </trkpt>
      <trkpt lat="45.03775" lon="6.813317">
        <ele>1085.5</ele>
      </trkpt>
      <trkpt lat="45.037703" lon="6.813099">
        <ele>1085.7</ele>
      </trkpt>
      <trkpt lat="45.037484" lon="6.812581">
        <ele>1086.3</ele>
      </trkpt>
      <trkpt lat="45.037372" lon="6.812073">
        <ele>1087.2</ele>
      </trkpt>
      <trkpt lat="45.037202" lon="6.811418">
        <ele>1088.4</ele>
      </trkpt>
      <trkpt lat="45.037187" lon="6.811141">
        <ele>1088.8</ele>
      </trkpt>
      <trkpt lat="45.037229" lon="6.810559">
        <ele>1089.8</ele>
      </trkpt>
      <trkpt lat="45.037139" lon="6.809802">
        <ele>1090.9</ele>
      </trkpt>
      <trkpt lat="45.037126" lon="6.809467">
        <ele>1091.3</ele>
      </trkpt>
      <trkpt lat="45.037149" lon="6.809268">
        <ele>1091.6</ele>
      </trkpt>
      <trkpt lat="45.037196" lon="6.809078">
        <ele>1091.8</ele>
      </trkpt>
      <trkpt lat="45.037221" lon="6.808974">
        <ele>1092.0</ele>
      </trkpt>
      <trkpt lat="45.037369" lon="6.808607">
        <ele>1092.5</ele>
      </trkpt>
      <trkpt lat="45.037486" lon="6.808238">
        <ele>1093.0</ele>
      </trkpt>
      <trkpt lat="45.037749" lon="6.807633">
        <ele>1094.3</ele>
      </trkpt>
      <trkpt lat="45.037854" lon="6.807099">
        <ele>1096.2</ele>
      </trkpt>
      <trkpt lat="45.037852" lon="6.806324">
        <ele>1098.8</ele>
      </trkpt>
      <trkpt lat="45.037942" lon="6.805838">
        <ele>1100.5</ele>
      </trkpt>
      <trkpt lat="45.038043" lon="6.805696">
        <ele>1101.1</ele>
      </trkpt>
      <trkpt lat="45.038109" lon="6.80543">
        <ele>1102.1</ele>
      </trkpt>
      <trkpt lat="45.038236" lon="6.804669">
        <ele>1106.3</ele>
      </trkpt>
      <trkpt lat="45.038271" lon="6.804019">
        <ele>1109.8</ele>
      </trkpt>
      <trkpt lat="45.038316" lon="6.803726">
        <ele>1111.4</ele>
      </trkpt>
      <trkpt lat="45.038245" lon="6.803284">
        <ele>1113.9</ele>
      </trkpt>
      <trkpt lat="45.038282" lon="6.803069">
        <ele>1115.1</ele>
      </trkpt>
      <trkpt lat="45.038581" lon="6.802179">
        <ele>1115.3</ele>
      </trkpt>
      <trkpt lat="45.038771" lon="6.80184">
        <ele>1115.0</ele>
      </trkpt>
      <trkpt lat="45.038998" lon="6.801527">
        <ele>1114.7</ele>
      </trkpt>
      <trkpt lat="45.039079" lon="6.801356">
        <ele>1114.5</ele>
      </trkpt>
      <trkpt lat="45.03911" lon="6.801208">
        <ele>1114.4</ele>
      </trkpt>
      <trkpt lat="45.039105" lon="6.800998">
        <ele>1114.2</ele>
      </trkpt>
      <trkpt lat="45.03919" lon="6.800656">
        <ele>1114.0</ele>
      </trkpt>
      <trkpt lat="45.039301" lon="6.800421">
        <ele>1114.1</ele>
      </trkpt>
      <trkpt lat="45.039412" lon="6.800027">
        <ele>1114.2</ele>
      </trkpt>
      <trkpt lat="45.039592" lon="6.799606">
        <ele>1114.4</ele>
      </trkpt>
      <trkpt lat="45.039711" lon="6.799334">
        <ele>1114.4</ele>
      </trkpt>
      <trkpt lat="45.039906" lon="6.799063">
        <ele>1114.5</ele>
      </trkpt>
      <trkpt lat="45.040099" lon="6.798608">
        <ele>1114.7</ele>
      </trkpt>
      <trkpt lat="45.040237" lon="6.797971">
        <ele>1116.5</ele>
      </trkpt>
      <trkpt lat="45.040336" lon="6.797385">
        <ele>1118.2</ele>
      </trkpt>
      <trkpt lat="45.04046" lon="6.796649">
        <ele>1120.4</ele>
      </trkpt>
      <trkpt lat="45.040548" lon="6.795251">
        <ele>1120.7</ele>
      </trkpt>
      <trkpt lat="45.040545" lon="6.794759">
        <ele>1120.1</ele>
      </trkpt>
      <trkpt lat="45.040441" lon="6.794213">
        <ele>1119.3</ele>
      </trkpt>
      <trkpt lat="45.04024" lon="6.793716">
        <ele>1118.6</ele>
      </trkpt>
      <trkpt lat="45.040104" lon="6.793218">
        <ele>1116.8</ele>
      </trkpt>
      <trkpt lat="45.040121" lon="6.792838">
        <ele>1115.4</ele>
      </trkpt>
      <trkpt lat="45.040188" lon="6.792534">
        <ele>1114.2</ele>
      </trkpt>
      <trkpt lat="45.040257" lon="6.792376">
        <ele>1113.5</ele>
      </trkpt>
      <trkpt lat="45.040408" lon="6.792166">
        <ele>1112.5</ele>
      </trkpt>
      <trkpt lat="45.040113" lon="6.791624">
        <ele>1110.0</ele>
      </trkpt>
      <trkpt lat="45.039915" lon="6.791111">
        <ele>1109.0</ele>
      </trkpt>
      <trkpt lat="45.039905" lon="6.791">
        <ele>1108.9</ele>
      </trkpt>
      <trkpt lat="45.039952" lon="6.790237">
        <ele>1108.4</ele>
      </trkpt>
      <trkpt lat="45.039998" lon="6.790048">
        <ele>1108.3</ele>
      </trkpt>
      <trkpt lat="45.040303" lon="6.789131">
        <ele>1107.6</ele>
      </trkpt>
      <trkpt lat="45.040469" lon="6.788828">
        <ele>1108.0</ele>
      </trkpt>
      <trkpt lat="45.040607" lon="6.788472">
        <ele>1108.5</ele>
      </trkpt>
      <trkpt lat="45.040818" lon="6.787762">
        <ele>1109.6</ele>
      </trkpt>
      <trkpt lat="45.040922" lon="6.787459">
        <ele>1110.1</ele>
      </trkpt>
      <trkpt lat="45.041047" lon="6.786821">
        <ele>1111.0</ele>
      </trkpt>
      <trkpt lat="45.041031" lon="6.786672">
        <ele>1111.3</ele>
      </trkpt>
      <trkpt lat="45.040925" lon="6.78635">
        <ele>1112.0</ele>
      </trkpt>
      <trkpt lat="45.040729" lon="6.785568">
        <ele>1113.7</ele>
      </trkpt>
      <trkpt lat="45.0407" lon="6.785331">
        <ele>1114.2</ele>
      </trkpt>
      <trkpt lat="45.04069" lon="6.784885">
        <ele>1115.1</ele>
      </trkpt>
      <trkpt lat="45.040736" lon="6.78468">
        <ele>1115.5</ele>
      </trkpt>
      <trkpt lat="45.040963" lon="6.784056">
        <ele>1117.5</ele>
      </trkpt>
      <trkpt lat="45.041016" lon="6.78371">
        <ele>1118.8</ele>
      </trkpt>
      <trkpt lat="45.041017" lon="6.783569">
        <ele>1119.3</ele>
      </trkpt>
      <trkpt lat="45.040981" lon="6.783358">
        <ele>1120.1</ele>
      </trkpt>
      <trkpt lat="45.040914" lon="6.783173">
        <ele>1120.9</ele>
      </trkpt>
      <trkpt lat="45.040871" lon="6.783053">
        <ele>1121.4</ele>
      </trkpt>
      <trkpt lat="45.040863" lon="6.782862">
        <ele>1122.1</ele>
      </trkpt>
      <trkpt lat="45.04076" lon="6.782562">
        <ele>1123.3</ele>
      </trkpt>
      <trkpt lat="45.040574" lon="6.781662">
        <ele>1126.2</ele>
      </trkpt>
      <trkpt lat="45.040538" lon="6.781239">
        <ele>1127.0</ele>
      </trkpt>
      <trkpt lat="45.040547" lon="6.780862">
        <ele>1127.8</ele>
      </trkpt>
      <trkpt lat="45.040604" lon="6.78072">
        <ele>1128.1</ele>
      </trkpt>
      <trkpt lat="45.04088" lon="6.780357">
        <ele>1129.2</ele>
      </trkpt>
      <trkpt lat="45.040975" lon="6.780045">
        <ele>1129.8</ele>
      </trkpt>
      <trkpt lat="45.041064" lon="6.779863">
        <ele>1130.3</ele>
      </trkpt>
      <trkpt lat="45.041108" lon="6.77969">
        <ele>1130.7</ele>
      </trkpt>
      <trkpt lat="45.041139" lon="6.779278">
        <ele>1132.5</ele>
      </trkpt>
      <trkpt lat="45.041243" lon="6.778692">
        <ele>1135.1</ele>
      </trkpt>
      <trkpt lat="45.04128" lon="6.778167">
        <ele>1137.4</ele>
      </trkpt>
      <trkpt lat="45.041255" lon="6.776803">
        <ele>1141.3</ele>
      </trkpt>
      <trkpt lat="45.041322" lon="6.77633">
        <ele>1140.9</ele>
      </trkpt>
      <trkpt lat="45.041794" lon="6.774512">
        <ele>1139.7</ele>
      </trkpt>
      <trkpt lat="45.041806" lon="6.774153">
        <ele>1140.1</ele>
      </trkpt>
      <trkpt lat="45.041893" lon="6.773157">
        <ele>1141.2</ele>
      </trkpt>
      <trkpt lat="45.041915" lon="6.772405">
        <ele>1141.9</ele>
      </trkpt>
      <trkpt lat="45.041901" lon="6.771374">
        <ele>1145.1</ele>
      </trkpt>
      <trkpt lat="45.041992" lon="6.770601">
        <ele>1147.8</ele>
      </trkpt>
      <trkpt lat="45.042009" lon="6.770523">
        <ele>1148.1</ele>
      </trkpt>
      <trkpt lat="45.042191" lon="6.7697">
        <ele>1150.8</ele>
      </trkpt>
      <trkpt lat="45.042257" lon="6.769484">
        <ele>1149.8</ele>
      </trkpt>
      <trkpt lat="45.042967" lon="6.768599">
        <ele>1143.8</ele>
      </trkpt>
      <trkpt lat="45.043037" lon="6.768468">
        <ele>1143.0</ele>
      </trkpt>
      <trkpt lat="45.043093" lon="6.768323">
        <ele>1142.3</ele>
      </trkpt>
      <trkpt lat="45.043192" lon="6.76774">
        <ele>1139.6</ele>
      </trkpt>
      <trkpt lat="45.043356" lon="6.767387">
        <ele>1139.1</ele>
      </trkpt>
      <trkpt lat="45.043466" lon="6.767012">
        <ele>1138.5</ele>
      </trkpt>
      <trkpt lat="45.043654" lon="6.766696">
        <ele>1138.0</ele>
      </trkpt>
      <trkpt lat="45.043858" lon="6.766498">
        <ele>1137.6</ele>
      </trkpt>
      <trkpt lat="45.04397" lon="6.766276">
        <ele>1137.2</ele>
      </trkpt>
      <trkpt lat="45.044028" lon="6.766189">
        <ele>1137.1</ele>
      </trkpt>
      <trkpt lat="45.044032" lon="6.766078">
        <ele>1136.9</ele>
      </trkpt>
      <trkpt lat="45.04408" lon="6.765951">
        <ele>1136.7</ele>
      </trkpt>
      <trkpt lat="45.044141" lon="6.765895">
        <ele>1136.6</ele>
      </trkpt>
      <trkpt lat="45.044362" lon="6.765808">
        <ele>1136.4</ele>
      </trkpt>
      <trkpt lat="45.044561" lon="6.765548">
        <ele>1136.7</ele>
      </trkpt>
      <trkpt lat="45.044651" lon="6.765302">
        <ele>1136.9</ele>
      </trkpt>
      <trkpt lat="45.044623" lon="6.765267">
        <ele>1137.0</ele>
      </trkpt>
      <trkpt lat="45.044874" lon="6.764629">
        <ele>1137.5</ele>
      </trkpt>
      <trkpt lat="45.045095" lon="6.763768">
        <ele>1138.2</ele>
      </trkpt>
      <trkpt lat="45.045376" lon="6.762848">
        <ele>1139.6</ele>
      </trkpt>
      <trkpt lat="45.045584" lon="6.761974">
        <ele>1141.0</ele>
      </trkpt>
      <trkpt lat="45.045645" lon="6.761559">
        <ele>1141.6</ele>
      </trkpt>
      <trkpt lat="45.045739" lon="6.761232">
        <ele>1142.1</ele>
      </trkpt>
      <trkpt lat="45.045784" lon="6.760845">
        <ele>1142.7</ele>
      </trkpt>
      <trkpt lat="45.045815" lon="6.760729">
        <ele>1142.8</ele>
      </trkpt>
      <trkpt lat="45.045986" lon="6.760454">
        <ele>1143.4</ele>
      </trkpt>
      <trkpt lat="45.046035" lon="6.760314">
        <ele>1143.6</ele>
      </trkpt>
      <trkpt lat="45.046264" lon="6.759345">
        <ele>1145.1</ele>
      </trkpt>
      <trkpt lat="45.046433" lon="6.758906">
        <ele>1145.8</ele>
      </trkpt>
      <trkpt lat="45.046568" lon="6.758424">
        <ele>1146.6</ele>
      </trkpt>
      <trkpt lat="45.046608" lon="6.758235">
        <ele>1146.9</ele>
      </trkpt>
      <trkpt lat="45.046594" lon="6.758021">
        <ele>1147.2</ele>
      </trkpt>
      <trkpt lat="45.046524" lon="6.757981">
        <ele>1147.3</ele>
      </trkpt>
      <trkpt lat="45.046622" lon="6.757501">
        <ele>1148.1</ele>
      </trkpt>
      <trkpt lat="45.046587" lon="6.757177">
        <ele>1148.6</ele>
      </trkpt>
      <trkpt lat="45.046624" lon="6.757018">
        <ele>1148.8</ele>
      </trkpt>
      <trkpt lat="45.046703" lon="6.756887">
        <ele>1149.1</ele>
      </trkpt>
      <trkpt lat="45.046795" lon="6.756647">
        <ele>1149.4</ele>
      </trkpt>
      <trkpt lat="45.046803" lon="6.756331">
        <ele>1149.5</ele>
      </trkpt>
      <trkpt lat="45.046657" lon="6.754827">
        <ele>1150.0</ele>
      </trkpt>
      <trkpt lat="45.04667" lon="6.754612">
        <ele>1150.1</ele>
      </trkpt>
      <trkpt lat="45.04665" lon="6.75442">
        <ele>1150.1</ele>
      </trkpt>
      <trkpt lat="45.04666" lon="6.754319">
        <ele>1150.2</ele>
      </trkpt>
      <trkpt lat="45.046754" lon="6.753668">
        <ele>1150.3</ele>
      </trkpt>
      <trkpt lat="45.046743" lon="6.753313">
        <ele>1150.4</ele>
      </trkpt>
      <trkpt lat="45.046868" lon="6.753017">
        <ele>1150.5</ele>
      </trkpt>
      <trkpt lat="45.046958" lon="6.752661">
        <ele>1150.5</ele>
      </trkpt>
      <trkpt lat="45.047455" lon="6.75169">
        <ele>1151.0</ele>
      </trkpt>
      <trkpt lat="45.047671" lon="6.751338">
        <ele>1151.6</ele>
      </trkpt>
      <trkpt lat="45.047964" lon="6.750593">
        <ele>1152.6</ele>
      </trkpt>
      <trkpt lat="45.048264" lon="6.750168">
        <ele>1153.4</ele>
      </trkpt>
      <trkpt lat="45.048381" lon="6.749878">
        <ele>1153.8</ele>
      </trkpt>
      <trkpt lat="45.048626" lon="6.74907">
        <ele>1155.2</ele>
      </trkpt>
      <trkpt lat="45.048736" lon="6.748944">
        <ele>1155.5</ele>
      </trkpt>
      <trkpt lat="45.048816" lon="6.748772">
        <ele>1155.9</ele>
      </trkpt>
      <trkpt lat="45.048864" lon="6.748327">
        <ele>1156.6</ele>
      </trkpt>
      <trkpt lat="45.049045" lon="6.747948">
        <ele>1157.4</ele>
      </trkpt>
      <trkpt lat="45.04915" lon="6.747384">
        <ele>1158.4</ele>
      </trkpt>
      <trkpt lat="45.049312" lon="6.746976">
        <ele>1159.4</ele>
      </trkpt>
      <trkpt lat="45.049564" lon="6.746467">
        <ele>1160.7</ele>
      </trkpt>
      <trkpt lat="45.049734" lon="6.745946">
        <ele>1161.9</ele>
      </trkpt>
      <trkpt lat="45.050045" lon="6.745412">
        <ele>1163.4</ele>
      </trkpt>
      <trkpt lat="45.050295" lon="6.744611">
        <ele>1164.9</ele>
      </trkpt>
      <trkpt lat="45.050657" lon="6.74395">
        <ele>1166.4</ele>
      </trkpt>
      <trkpt lat="45.050895" lon="6.743746">
        <ele>1167.1</ele>
      </trkpt>
      <trkpt lat="45.051275" lon="6.743482">
        <ele>1168.4</ele>
      </trkpt>
      <trkpt lat="45.051562" lon="6.74335">
        <ele>1170.0</ele>
      </trkpt>
      <trkpt lat="45.051779" lon="6.743217">
        <ele>1171.3</ele>
      </trkpt>
      <trkpt lat="45.051923" lon="6.74313">
        <ele>1172.1</ele>
      </trkpt>
      <trkpt lat="45.05229" lon="6.742707">
        <ele>1174.5</ele>
      </trkpt>
      <trkpt lat="45.052582" lon="6.74229">
        <ele>1176.7</ele>
      </trkpt>
      <trkpt lat="45.052834" lon="6.741703">
        <ele>1179.0</ele>
      </trkpt>
      <trkpt lat="45.05299" lon="6.741555">
        <ele>1179.9</ele>
      </trkpt>
      <trkpt lat="45.053064" lon="6.741443">
        <ele>1180.4</ele>
      </trkpt>
      <trkpt lat="45.053141" lon="6.741247">
        <ele>1181.1</ele>
      </trkpt>
      <trkpt lat="45.053338" lon="6.740555">
        <ele>1183.5</ele>
      </trkpt>
      <trkpt lat="45.053416" lon="6.740397">
        <ele>1184.2</ele>
      </trkpt>
      <trkpt lat="45.053459" lon="6.740245">
        <ele>1184.7</ele>
      </trkpt>
      <trkpt lat="45.053475" lon="6.739951">
        <ele>1185.6</ele>
      </trkpt>
      <trkpt lat="45.053508" lon="6.739792">
        <ele>1186.0</ele>
      </trkpt>
      <trkpt lat="45.053697" lon="6.739185">
        <ele>1187.5</ele>
      </trkpt>
      <trkpt lat="45.053719" lon="6.739112">
        <ele>1187.7</ele>
      </trkpt>
      <trkpt lat="45.054046" lon="6.737918">
        <ele>1190.7</ele>
      </trkpt>
      <trkpt lat="45.054304" lon="6.737459">
        <ele>1192.4</ele>
      </trkpt>
      <trkpt lat="45.054539" lon="6.737233">
        <ele>1193.9</ele>
      </trkpt>
      <trkpt lat="45.054861" lon="6.736683">
        <ele>1196.5</ele>
      </trkpt>
      <trkpt lat="45.054918" lon="6.736491">
        <ele>1197.3</ele>
      </trkpt>
      <trkpt lat="45.054968" lon="6.736146">
        <ele>1198.6</ele>
      </trkpt>
      <trkpt lat="45.055092" lon="6.735796">
        <ele>1200.0</ele>
      </trkpt>
      <trkpt lat="45.05538" lon="6.735328">
        <ele>1202.0</ele>
      </trkpt>
      <trkpt lat="45.055755" lon="6.734843">
        <ele>1204.1</ele>
      </trkpt>
      <trkpt lat="45.055811" lon="6.734646">
        <ele>1204.7</ele>
      </trkpt>
      <trkpt lat="45.055991" lon="6.734403">
        <ele>1205.7</ele>
      </trkpt>
      <trkpt lat="45.056181" lon="6.734268">
        <ele>1206.6</ele>
      </trkpt>
      <trkpt lat="45.056274" lon="6.734147">
        <ele>1207.1</ele>
      </trkpt>
      <trkpt lat="45.056895" lon="6.732293">
        <ele>1212.1</ele>
      </trkpt>
      <trkpt lat="45.056984" lon="6.732149">
        <ele>1212.5</ele>
      </trkpt>
      <trkpt lat="45.057211" lon="6.732007">
        <ele>1213.3</ele>
      </trkpt>
      <trkpt lat="45.057501" lon="6.731932">
        <ele>1214.1</ele>
      </trkpt>
      <trkpt lat="45.057586" lon="6.73187">
        <ele>1214.0</ele>
      </trkpt>
      <trkpt lat="45.057806" lon="6.731401">
        <ele>1213.7</ele>
      </trkpt>
      <trkpt lat="45.05796" lon="6.730976">
        <ele>1213.4</ele>
      </trkpt>
      <trkpt lat="45.058343" lon="6.730368">
        <ele>1213.0</ele>
      </trkpt>
      <trkpt lat="45.058479" lon="6.730231">
        <ele>1212.8</ele>
      </trkpt>
      <trkpt lat="45.059117" lon="6.729857">
        <ele>1212.7</ele>
      </trkpt>
      <trkpt lat="45.059582" lon="6.729375">
        <ele>1212.8</ele>
      </trkpt>
      <trkpt lat="45.059698" lon="6.729162">
        <ele>1212.8</ele>
      </trkpt>
      <trkpt lat="45.059781" lon="6.728842">
        <ele>1212.8</ele>
      </trkpt>
      <trkpt lat="45.060171" lon="6.728477">
        <ele>1213.1</ele>
      </trkpt>
      <trkpt lat="45.060214" lon="6.728382">
        <ele>1213.2</ele>
      </trkpt>
      <trkpt lat="45.060319" lon="6.727946">
        <ele>1213.6</ele>
      </trkpt>
      <trkpt lat="45.060392" lon="6.727838">
        <ele>1213.8</ele>
      </trkpt>
      <trkpt lat="45.060665" lon="6.727521">
        <ele>1214.2</ele>
      </trkpt>
      <trkpt lat="45.061025" lon="6.727275">
        <ele>1214.7</ele>
      </trkpt>
      <trkpt lat="45.061363" lon="6.72691">
        <ele>1215.5</ele>
      </trkpt>
      <trkpt lat="45.062295" lon="6.725577">
        <ele>1219.7</ele>
      </trkpt>
      <trkpt lat="45.06237" lon="6.725427">
        <ele>1220.1</ele>
      </trkpt>
      <trkpt lat="45.06242" lon="6.725207">
        <ele>1220.6</ele>
      </trkpt>
      <trkpt lat="45.062433" lon="6.725167">
        <ele>1220.7</ele>
      </trkpt>
      <trkpt lat="45.062674" lon="6.724458">
        <ele>1223.5</ele>
      </trkpt>
      <trkpt lat="45.062943" lon="6.72418">
        <ele>1225.3</ele>
      </trkpt>
      <trkpt lat="45.06338" lon="6.723589">
        <ele>1228.5</ele>
      </trkpt>
      <trkpt lat="45.064064" lon="6.722944">
        <ele>1229.9</ele>
      </trkpt>
      <trkpt lat="45.064234" lon="6.722748">
        <ele>1229.7</ele>
      </trkpt>
      <trkpt lat="45.064346" lon="6.722397">
        <ele>1229.4</ele>
      </trkpt>
      <trkpt lat="45.064368" lon="6.722244">
        <ele>1229.2</ele>
      </trkpt>
      <trkpt lat="45.06438" lon="6.722214">
        <ele>1229.2</ele>
      </trkpt>
      <trkpt lat="45.064429" lon="6.722217">
        <ele>1229.2</ele>
      </trkpt>
      <trkpt lat="45.064592" lon="6.722313">
        <ele>1228.9</ele>
      </trkpt>
      <trkpt lat="45.064643" lon="6.722309">
        <ele>1228.9</ele>
      </trkpt>
      <trkpt lat="45.064901" lon="6.722093">
        <ele>1228.5</ele>
      </trkpt>
      <trkpt lat="45.064978" lon="6.722073">
        <ele>1228.4</ele>
      </trkpt>
      <trkpt lat="45.065411" lon="6.722151">
        <ele>1227.9</ele>
      </trkpt>
      <trkpt lat="45.06559" lon="6.722228">
        <ele>1227.7</ele>
      </trkpt>
      <trkpt lat="45.065657" lon="6.722241">
        <ele>1227.6</ele>
      </trkpt>
      <trkpt lat="45.065874" lon="6.722271">
        <ele>1227.4</ele>
      </trkpt>
      <trkpt lat="45.066023" lon="6.722364">
        <ele>1227.2</ele>
      </trkpt>
      <trkpt lat="45.066119" lon="6.722484">
        <ele>1227.0</ele>
      </trkpt>
      <trkpt lat="45.066372" lon="6.722337">
        <ele>1226.7</ele>
      </trkpt>
      <trkpt lat="45.067282" lon="6.722044">
        <ele>1228.3</ele>
      </trkpt>
      <trkpt lat="45.067455" lon="6.721934">
        <ele>1229.0</ele>
      </trkpt>
      <trkpt lat="45.067545" lon="6.72184">
        <ele>1229.5</ele>
      </trkpt>
      <trkpt lat="45.067709" lon="6.721619">
        <ele>1230.3</ele>
      </trkpt>
      <trkpt lat="45.067846" lon="6.721356">
        <ele>1231.2</ele>
      </trkpt>
      <trkpt lat="45.067942" lon="6.721084">
        <ele>1232.0</ele>
      </trkpt>
      <trkpt lat="45.068072" lon="6.720714">
        <ele>1233.1</ele>
      </trkpt>
      <trkpt lat="45.068183" lon="6.720487">
        <ele>1233.7</ele>
      </trkpt>
      <trkpt lat="45.068811" lon="6.719518">
        <ele>1236.7</ele>
      </trkpt>
      <trkpt lat="45.069114" lon="6.719154">
        <ele>1237.9</ele>
      </trkpt>
      <trkpt lat="45.06948" lon="6.718807">
        <ele>1239.2</ele>
      </trkpt>
      <trkpt lat="45.069603" lon="6.718679">
        <ele>1239.6</ele>
      </trkpt>
      <trkpt lat="45.069695" lon="6.718565">
        <ele>1240.0</ele>
      </trkpt>
      <trkpt lat="45.069759" lon="6.718479">
        <ele>1240.2</ele>
      </trkpt>
      <trkpt lat="45.069795" lon="6.718425">
        <ele>1240.3</ele>
      </trkpt>
      <trkpt lat="45.070108" lon="6.717902">
        <ele>1241.6</ele>
      </trkpt>
      <trkpt lat="45.070217" lon="6.717665">
        <ele>1242.2</ele>
      </trkpt>
      <trkpt lat="45.070336" lon="6.717405">
        <ele>1242.8</ele>
      </trkpt>
      <trkpt lat="45.070443" lon="6.717228">
        <ele>1243.2</ele>
      </trkpt>
      <trkpt lat="45.070745" lon="6.716878">
        <ele>1243.0</ele>
      </trkpt>
      <trkpt lat="45.070844" lon="6.716763">
        <ele>1242.7</ele>
      </trkpt>
      <trkpt lat="45.071125" lon="6.716394">
        <ele>1241.7</ele>
      </trkpt>
      <trkpt lat="45.071331" lon="6.716113">
        <ele>1240.9</ele>
      </trkpt>
      <trkpt lat="45.07148" lon="6.715949">
        <ele>1240.4</ele>
      </trkpt>
      <trkpt lat="45.071607" lon="6.715854">
        <ele>1240.0</ele>
      </trkpt>
      <trkpt lat="45.07196" lon="6.715725">
        <ele>1239.1</ele>
      </trkpt>
      <trkpt lat="45.072448" lon="6.715492">
        <ele>1239.5</ele>
      </trkpt>
      <trkpt lat="45.073444" lon="6.714958">
        <ele>1240.7</ele>
      </trkpt>
      <trkpt lat="45.073629" lon="6.714861">
        <ele>1241.0</ele>
      </trkpt>
      <trkpt lat="45.073957" lon="6.714683">
        <ele>1241.6</ele>
      </trkpt>
      <trkpt lat="45.074043" lon="6.714638">
        <ele>1241.8</ele>
      </trkpt>
      <trkpt lat="45.074409" lon="6.714457">
        <ele>1242.6</ele>
      </trkpt>
      <trkpt lat="45.074618" lon="6.714349">
        <ele>1243.1</ele>
      </trkpt>
      <trkpt lat="45.074756" lon="6.714277">
        <ele>1243.4</ele>
      </trkpt>
      <trkpt lat="45.075094" lon="6.714096">
        <ele>1244.1</ele>
      </trkpt>
      <trkpt lat="45.075141" lon="6.71385">
        <ele>1244.5</ele>
      </trkpt>
      <trkpt lat="45.075135" lon="6.713824">
        <ele>1244.5</ele>
      </trkpt>
      <trkpt lat="45.075087" lon="6.713629">
        <ele>1245.0</ele>
      </trkpt>
      <trkpt lat="45.075059" lon="6.713528">
        <ele>1245.4</ele>
      </trkpt>
      <trkpt lat="45.075024" lon="6.713404">
        <ele>1246.1</ele>
      </trkpt>
      <trkpt lat="45.07502" lon="6.713319">
        <ele>1246.5</ele>
      </trkpt>
      <trkpt lat="45.07499" lon="6.712735">
        <ele>1249.1</ele>
      </trkpt>
      <trkpt lat="45.074972" lon="6.712377">
        <ele>1250.8</ele>
      </trkpt>
      <trkpt lat="45.07494" lon="6.711809">
        <ele>1253.4</ele>
      </trkpt>
      <trkpt lat="45.074925" lon="6.711564">
        <ele>1254.5</ele>
      </trkpt>
      <trkpt lat="45.074898" lon="6.711386">
        <ele>1255.3</ele>
      </trkpt>
      <trkpt lat="45.074774" lon="6.710936">
        <ele>1256.7</ele>
      </trkpt>
      <trkpt lat="45.074779" lon="6.710797">
        <ele>1256.9</ele>
      </trkpt>
      <trkpt lat="45.074851" lon="6.710576">
        <ele>1257.1</ele>
      </trkpt>
      <trkpt lat="45.075032" lon="6.710125">
        <ele>1257.6</ele>
      </trkpt>
      <trkpt lat="45.075119" lon="6.709917">
        <ele>1257.9</ele>
      </trkpt>
      <trkpt lat="45.075236" lon="6.709637">
        <ele>1258.2</ele>
      </trkpt>
      <trkpt lat="45.07526" lon="6.70958">
        <ele>1258.3</ele>
      </trkpt>
      <trkpt lat="45.075379" lon="6.709289">
        <ele>1258.7</ele>
      </trkpt>
      <trkpt lat="45.075401" lon="6.709236">
        <ele>1258.7</ele>
      </trkpt>
      <trkpt lat="45.075412" lon="6.709206">
        <ele>1258.7</ele>
      </trkpt>
      <trkpt lat="45.075544" lon="6.709023">
        <ele>1259.0</ele>
      </trkpt>
      <trkpt lat="45.075558" lon="6.709022">
        <ele>1259.0</ele>
      </trkpt>
      <trkpt lat="45.07566" lon="6.709092">
        <ele>1259.1</ele>
      </trkpt>
      <trkpt lat="45.07567" lon="6.709104">
        <ele>1259.1</ele>
      </trkpt>
      <trkpt lat="45.075675" lon="6.70911">
        <ele>1259.1</ele>
      </trkpt>
      <trkpt lat="45.075789" lon="6.709237">
        <ele>1259.1</ele>
      </trkpt>
      <trkpt lat="45.075818" lon="6.709269">
        <ele>1259.1</ele>
      </trkpt>
      <trkpt lat="45.076102" lon="6.709586">
        <ele>1259.1</ele>
      </trkpt>
      <trkpt lat="45.076078" lon="6.709647">
        <ele>1259.1</ele>
      </trkpt>
      <trkpt lat="45.076099" lon="6.709707">
        <ele>1259.1</ele>
      </trkpt>
      <trkpt lat="45.076161" lon="6.709706">
        <ele>1259.1</ele>
      </trkpt>
      <trkpt lat="45.076181" lon="6.709642">
        <ele>1259.1</ele>
      </trkpt>
      <trkpt lat="45.076343" lon="6.709588">
        <ele>1259.1</ele>
      </trkpt>
      <trkpt lat="45.076952" lon="6.709337">
        <ele>1259.1</ele>
      </trkpt>
      <trkpt lat="45.077575" lon="6.709095">
        <ele>1259.1</ele>
      </trkpt>
    </trkseg>
  </trk>
</gpx>
