<?xml version="1.0" encoding="UTF-8"?>
<gpx xmlns:gpxdata="http://www.cluetrust.com/XML/GPXDATA/1/0" xmlns:xsi="http://www.w3.org/2001/XMLSchema-instance" xmlns="http://www.topografix.com/GPX/1/1" version="1.1" creator="http://ridewithgps.com/" xsi:schemaLocation="http://www.topografix.com/GPX/1/1 http://www.topografix.com/GPX/1/1/gpx.xsd http://www.cluetrust.com/XML/GPXDATA/1/0 http://www.cluetrust.com/Schemas/gpxdata10.xsd">
  <metadata>
    <name>Alps Divide ULTRA 2025 - Section 1</name>
    <link href="https://ridewithgps.com/routes/50701117">
      <text>Alps Divide ULTRA 2025 - Section 1</text>
    </link>
    <time>2025-05-10T17:34:21Z</time>
  </metadata>
  <trk>
    <name>Alps Divide ULTRA 2025 - Section 1</name>
    <trkseg>
      <trkpt lat="43.77445" lon="7.50701">
        <ele>5.1</ele>
      </trkpt>
      <trkpt lat="43.77443" lon="7.50702">
        <ele>5.0</ele>
      </trkpt>
      <trkpt lat="43.7744" lon="7.50685">
        <ele>5.0</ele>
      </trkpt>
      <trkpt lat="43.77437" lon="7.50663">
        <ele>5.0</ele>
      </trkpt>
      <trkpt lat="43.77437" lon="7.50643">
        <ele>4.9</ele>
      </trkpt>
      <trkpt lat="43.77439" lon="7.50618">
        <ele>4.9</ele>
      </trkpt>
      <trkpt lat="43.77442" lon="7.50603">
        <ele>5.0</ele>
      </trkpt>
      <trkpt lat="43.77457" lon="7.50549">
        <ele>5.8</ele>
      </trkpt>
      <trkpt lat="43.77462" lon="7.50536">
        <ele>6.3</ele>
      </trkpt>
      <trkpt lat="43.77467" lon="7.50528">
        <ele>6.8</ele>
      </trkpt>
      <trkpt lat="43.77477" lon="7.50522">
        <ele>7.6</ele>
      </trkpt>
      <trkpt lat="43.7748" lon="7.50523">
        <ele>7.8</ele>
      </trkpt>
      <trkpt lat="43.77483" lon="7.5052">
        <ele>8.0</ele>
      </trkpt>
      <trkpt lat="43.77484" lon="7.50516">
        <ele>8.2</ele>
      </trkpt>
      <trkpt lat="43.77483" lon="7.50512">
        <ele>8.3</ele>
      </trkpt>
      <trkpt lat="43.7748" lon="7.50509">
        <ele>8.1</ele>
      </trkpt>
      <trkpt lat="43.77474" lon="7.50497">
        <ele>7.9</ele>
      </trkpt>
      <trkpt lat="43.77457" lon="7.50436">
        <ele>8.3</ele>
      </trkpt>
      <trkpt lat="43.7744" lon="7.50375">
        <ele>8.0</ele>
      </trkpt>
      <trkpt lat="43.77412" lon="7.50278">
        <ele>8.5</ele>
      </trkpt>
      <trkpt lat="43.77384" lon="7.5018">
        <ele>9.6</ele>
      </trkpt>
      <trkpt lat="43.77378" lon="7.50163">
        <ele>9.7</ele>
      </trkpt>
      <trkpt lat="43.77355" lon="7.50109">
        <ele>8.0</ele>
      </trkpt>
      <trkpt lat="43.77333" lon="7.50055">
        <ele>8.7</ele>
      </trkpt>
      <trkpt lat="43.77311" lon="7.50001">
        <ele>11.9</ele>
      </trkpt>
      <trkpt lat="43.77305" lon="7.49988">
        <ele>11.8</ele>
      </trkpt>
      <trkpt lat="43.773" lon="7.49979">
        <ele>11.6</ele>
      </trkpt>
      <trkpt lat="43.77289" lon="7.49967">
        <ele>10.9</ele>
      </trkpt>
      <trkpt lat="43.77285" lon="7.49962">
        <ele>10.5</ele>
      </trkpt>
      <trkpt lat="43.77265" lon="7.49924">
        <ele>7.1</ele>
      </trkpt>
      <trkpt lat="43.77249" lon="7.49891">
        <ele>5.3</ele>
      </trkpt>
      <trkpt lat="43.77249" lon="7.49891">
        <ele>5.3</ele>
      </trkpt>
      <trkpt lat="43.77228" lon="7.49848">
        <ele>5.2</ele>
      </trkpt>
      <trkpt lat="43.77227" lon="7.49839">
        <ele>5.3</ele>
      </trkpt>
      <trkpt lat="43.77225" lon="7.49819">
        <ele>6.6</ele>
      </trkpt>
      <trkpt lat="43.77224" lon="7.49812">
        <ele>7.1</ele>
      </trkpt>
      <trkpt lat="43.7722" lon="7.49801">
        <ele>7.8</ele>
      </trkpt>
      <trkpt lat="43.77186" lon="7.49733">
        <ele>9.2</ele>
      </trkpt>
      <trkpt lat="43.77151" lon="7.49665">
        <ele>10.5</ele>
      </trkpt>
      <trkpt lat="43.77107" lon="7.49582">
        <ele>9.7</ele>
      </trkpt>
      <trkpt lat="43.77063" lon="7.49499">
        <ele>9.8</ele>
      </trkpt>
      <trkpt lat="43.77013" lon="7.49404">
        <ele>8.3</ele>
      </trkpt>
      <trkpt lat="43.76963" lon="7.49309">
        <ele>10.7</ele>
      </trkpt>
      <trkpt lat="43.76951" lon="7.49288">
        <ele>9.0</ele>
      </trkpt>
      <trkpt lat="43.76908" lon="7.49227">
        <ele>5.4</ele>
      </trkpt>
      <trkpt lat="43.76866" lon="7.49166">
        <ele>6.8</ele>
      </trkpt>
      <trkpt lat="43.76824" lon="7.49108">
        <ele>8.3</ele>
      </trkpt>
      <trkpt lat="43.76783" lon="7.4905">
        <ele>7.3</ele>
      </trkpt>
      <trkpt lat="43.76767" lon="7.4903">
        <ele>7.0</ele>
      </trkpt>
      <trkpt lat="43.76767" lon="7.4903">
        <ele>7.0</ele>
      </trkpt>
      <trkpt lat="43.76748" lon="7.49006">
        <ele>7.1</ele>
      </trkpt>
      <trkpt lat="43.76732" lon="7.48989">
        <ele>8.0</ele>
      </trkpt>
      <trkpt lat="43.76745" lon="7.48964">
        <ele>6.2</ele>
      </trkpt>
      <trkpt lat="43.76749" lon="7.48957">
        <ele>5.6</ele>
      </trkpt>
      <trkpt lat="43.76765" lon="7.48972">
        <ele>6.2</ele>
      </trkpt>
      <trkpt lat="43.76795" lon="7.49007">
        <ele>6.6</ele>
      </trkpt>
      <trkpt lat="43.76825" lon="7.49049">
        <ele>7.7</ele>
      </trkpt>
      <trkpt lat="43.76825" lon="7.49049">
        <ele>7.7</ele>
      </trkpt>
      <trkpt lat="43.76878" lon="7.49124">
        <ele>8.6</ele>
      </trkpt>
      <trkpt lat="43.76915" lon="7.49062">
        <ele>13.7</ele>
      </trkpt>
      <trkpt lat="43.76917" lon="7.49056">
        <ele>14.3</ele>
      </trkpt>
      <trkpt lat="43.76919" lon="7.4904">
        <ele>15.8</ele>
      </trkpt>
      <trkpt lat="43.76918" lon="7.49023">
        <ele>17.2</ele>
      </trkpt>
      <trkpt lat="43.76917" lon="7.4901">
        <ele>18.2</ele>
      </trkpt>
      <trkpt lat="43.76912" lon="7.48998">
        <ele>18.4</ele>
      </trkpt>
      <trkpt lat="43.76895" lon="7.48961">
        <ele>17.7</ele>
      </trkpt>
      <trkpt lat="43.76891" lon="7.4895">
        <ele>17.6</ele>
      </trkpt>
      <trkpt lat="43.76889" lon="7.48942">
        <ele>17.7</ele>
      </trkpt>
      <trkpt lat="43.7689" lon="7.48933">
        <ele>18.3</ele>
      </trkpt>
      <trkpt lat="43.76905" lon="7.48896">
        <ele>23.0</ele>
      </trkpt>
      <trkpt lat="43.76912" lon="7.48871">
        <ele>26.0</ele>
      </trkpt>
      <trkpt lat="43.76914" lon="7.48861">
        <ele>27.1</ele>
      </trkpt>
      <trkpt lat="43.76912" lon="7.48851">
        <ele>28.3</ele>
      </trkpt>
      <trkpt lat="43.76908" lon="7.48841">
        <ele>29.6</ele>
      </trkpt>
      <trkpt lat="43.76887" lon="7.48802">
        <ele>30.7</ele>
      </trkpt>
      <trkpt lat="43.76886" lon="7.48796">
        <ele>31.3</ele>
      </trkpt>
      <trkpt lat="43.76885" lon="7.48788">
        <ele>32.2</ele>
      </trkpt>
      <trkpt lat="43.76886" lon="7.48781">
        <ele>33.4</ele>
      </trkpt>
      <trkpt lat="43.76891" lon="7.48774">
        <ele>35.4</ele>
      </trkpt>
      <trkpt lat="43.76913" lon="7.48749">
        <ele>43.4</ele>
      </trkpt>
      <trkpt lat="43.76921" lon="7.48746">
        <ele>45.6</ele>
      </trkpt>
      <trkpt lat="43.76927" lon="7.48745">
        <ele>47.3</ele>
      </trkpt>
      <trkpt lat="43.76931" lon="7.48747">
        <ele>48.0</ele>
      </trkpt>
      <trkpt lat="43.76935" lon="7.48756">
        <ele>47.9</ele>
      </trkpt>
      <trkpt lat="43.76939" lon="7.48787">
        <ele>45.3</ele>
      </trkpt>
      <trkpt lat="43.76941" lon="7.4882">
        <ele>42.0</ele>
      </trkpt>
      <trkpt lat="43.76943" lon="7.4884">
        <ele>40.4</ele>
      </trkpt>
      <trkpt lat="43.76948" lon="7.48867">
        <ele>38.6</ele>
      </trkpt>
      <trkpt lat="43.76951" lon="7.48875">
        <ele>38.5</ele>
      </trkpt>
      <trkpt lat="43.76954" lon="7.48879">
        <ele>38.9</ele>
      </trkpt>
      <trkpt lat="43.76958" lon="7.48879">
        <ele>40.1</ele>
      </trkpt>
      <trkpt lat="43.7696" lon="7.48876">
        <ele>41.1</ele>
      </trkpt>
      <trkpt lat="43.76962" lon="7.48871">
        <ele>42.4</ele>
      </trkpt>
      <trkpt lat="43.76962" lon="7.48863">
        <ele>43.6</ele>
      </trkpt>
      <trkpt lat="43.76961" lon="7.48849">
        <ele>45.2</ele>
      </trkpt>
      <trkpt lat="43.76961" lon="7.48836">
        <ele>47.1</ele>
      </trkpt>
      <trkpt lat="43.76962" lon="7.48826">
        <ele>48.5</ele>
      </trkpt>
      <trkpt lat="43.76966" lon="7.48811">
        <ele>51.1</ele>
      </trkpt>
      <trkpt lat="43.76992" lon="7.48723">
        <ele>63.9</ele>
      </trkpt>
      <trkpt lat="43.76999" lon="7.48702">
        <ele>66.0</ele>
      </trkpt>
      <trkpt lat="43.77" lon="7.48694">
        <ele>66.3</ele>
      </trkpt>
      <trkpt lat="43.77" lon="7.48687">
        <ele>66.5</ele>
      </trkpt>
      <trkpt lat="43.76999" lon="7.48679">
        <ele>66.6</ele>
      </trkpt>
      <trkpt lat="43.76994" lon="7.48673">
        <ele>66.0</ele>
      </trkpt>
      <trkpt lat="43.76989" lon="7.48669">
        <ele>65.5</ele>
      </trkpt>
      <trkpt lat="43.76959" lon="7.48661">
        <ele>61.5</ele>
      </trkpt>
      <trkpt lat="43.76925" lon="7.48656">
        <ele>56.6</ele>
      </trkpt>
      <trkpt lat="43.7692" lon="7.48654">
        <ele>55.9</ele>
      </trkpt>
      <trkpt lat="43.76916" lon="7.48651">
        <ele>55.1</ele>
      </trkpt>
      <trkpt lat="43.76915" lon="7.48646">
        <ele>54.6</ele>
      </trkpt>
      <trkpt lat="43.76917" lon="7.4864">
        <ele>54.8</ele>
      </trkpt>
      <trkpt lat="43.76921" lon="7.48634">
        <ele>55.1</ele>
      </trkpt>
      <trkpt lat="43.76929" lon="7.48629">
        <ele>56.1</ele>
      </trkpt>
      <trkpt lat="43.76995" lon="7.4861">
        <ele>66.2</ele>
      </trkpt>
      <trkpt lat="43.77012" lon="7.48612">
        <ele>68.4</ele>
      </trkpt>
      <trkpt lat="43.77025" lon="7.48616">
        <ele>70.1</ele>
      </trkpt>
      <trkpt lat="43.77048" lon="7.4862">
        <ele>72.9</ele>
      </trkpt>
      <trkpt lat="43.77076" lon="7.48632">
        <ele>76.8</ele>
      </trkpt>
      <trkpt lat="43.77096" lon="7.48636">
        <ele>79.4</ele>
      </trkpt>
      <trkpt lat="43.77109" lon="7.48636">
        <ele>81.0</ele>
      </trkpt>
      <trkpt lat="43.77156" lon="7.48619">
        <ele>86.0</ele>
      </trkpt>
      <trkpt lat="43.7717" lon="7.48615">
        <ele>87.4</ele>
      </trkpt>
      <trkpt lat="43.77209" lon="7.48612">
        <ele>89.9</ele>
      </trkpt>
      <trkpt lat="43.7722" lon="7.48606">
        <ele>90.6</ele>
      </trkpt>
      <trkpt lat="43.77224" lon="7.48603">
        <ele>90.9</ele>
      </trkpt>
      <trkpt lat="43.77224" lon="7.48603">
        <ele>90.9</ele>
      </trkpt>
      <trkpt lat="43.77235" lon="7.48592">
        <ele>91.7</ele>
      </trkpt>
      <trkpt lat="43.7725" lon="7.48575">
        <ele>93.4</ele>
      </trkpt>
      <trkpt lat="43.7726" lon="7.48559">
        <ele>91.7</ele>
      </trkpt>
      <trkpt lat="43.77272" lon="7.48532">
        <ele>90.9</ele>
      </trkpt>
      <trkpt lat="43.77287" lon="7.48487">
        <ele>92.4</ele>
      </trkpt>
      <trkpt lat="43.77301" lon="7.48432">
        <ele>97.2</ele>
      </trkpt>
      <trkpt lat="43.77302" lon="7.48421">
        <ele>98.5</ele>
      </trkpt>
      <trkpt lat="43.77302" lon="7.4841">
        <ele>99.7</ele>
      </trkpt>
      <trkpt lat="43.77299" lon="7.48388">
        <ele>102.1</ele>
      </trkpt>
      <trkpt lat="43.77299" lon="7.48375">
        <ele>103.4</ele>
      </trkpt>
      <trkpt lat="43.77314" lon="7.48295">
        <ele>114.6</ele>
      </trkpt>
      <trkpt lat="43.77322" lon="7.48261">
        <ele>119.7</ele>
      </trkpt>
      <trkpt lat="43.77326" lon="7.48242">
        <ele>122.4</ele>
      </trkpt>
      <trkpt lat="43.77329" lon="7.48204">
        <ele>127.6</ele>
      </trkpt>
      <trkpt lat="43.77328" lon="7.48196">
        <ele>128.5</ele>
      </trkpt>
      <trkpt lat="43.77326" lon="7.48189">
        <ele>129.2</ele>
      </trkpt>
      <trkpt lat="43.77321" lon="7.48183">
        <ele>129.3</ele>
      </trkpt>
      <trkpt lat="43.77313" lon="7.48181">
        <ele>128.6</ele>
      </trkpt>
      <trkpt lat="43.77272" lon="7.48189">
        <ele>122.7</ele>
      </trkpt>
      <trkpt lat="43.77259" lon="7.48192">
        <ele>120.9</ele>
      </trkpt>
      <trkpt lat="43.7725" lon="7.48192">
        <ele>119.9</ele>
      </trkpt>
      <trkpt lat="43.77245" lon="7.48188">
        <ele>119.2</ele>
      </trkpt>
      <trkpt lat="43.77241" lon="7.48181">
        <ele>119.0</ele>
      </trkpt>
      <trkpt lat="43.77239" lon="7.48173">
        <ele>119.1</ele>
      </trkpt>
      <trkpt lat="43.7724" lon="7.48164">
        <ele>119.6</ele>
      </trkpt>
      <trkpt lat="43.77284" lon="7.48071">
        <ele>126.9</ele>
      </trkpt>
      <trkpt lat="43.77308" lon="7.48023">
        <ele>131.5</ele>
      </trkpt>
      <trkpt lat="43.77366" lon="7.47936">
        <ele>136.9</ele>
      </trkpt>
      <trkpt lat="43.77378" lon="7.47919">
        <ele>138.8</ele>
      </trkpt>
      <trkpt lat="43.77395" lon="7.47902">
        <ele>140.0</ele>
      </trkpt>
      <trkpt lat="43.77415" lon="7.47889">
        <ele>142.8</ele>
      </trkpt>
      <trkpt lat="43.77438" lon="7.47871">
        <ele>141.5</ele>
      </trkpt>
      <trkpt lat="43.77455" lon="7.47862">
        <ele>142.4</ele>
      </trkpt>
      <trkpt lat="43.77528" lon="7.47828">
        <ele>147.0</ele>
      </trkpt>
      <trkpt lat="43.77602" lon="7.47794">
        <ele>144.2</ele>
      </trkpt>
      <trkpt lat="43.77614" lon="7.4779">
        <ele>143.4</ele>
      </trkpt>
      <trkpt lat="43.77637" lon="7.47784">
        <ele>142.9</ele>
      </trkpt>
      <trkpt lat="43.77648" lon="7.47779">
        <ele>143.0</ele>
      </trkpt>
      <trkpt lat="43.7766" lon="7.4777">
        <ele>143.8</ele>
      </trkpt>
      <trkpt lat="43.77676" lon="7.47753">
        <ele>145.2</ele>
      </trkpt>
      <trkpt lat="43.77722" lon="7.47691">
        <ele>145.0</ele>
      </trkpt>
      <trkpt lat="43.77777" lon="7.47622">
        <ele>150.2</ele>
      </trkpt>
      <trkpt lat="43.77832" lon="7.47554">
        <ele>157.2</ele>
      </trkpt>
      <trkpt lat="43.77838" lon="7.47548">
        <ele>157.8</ele>
      </trkpt>
      <trkpt lat="43.77887" lon="7.47515">
        <ele>164.0</ele>
      </trkpt>
      <trkpt lat="43.77935" lon="7.47482">
        <ele>170.1</ele>
      </trkpt>
      <trkpt lat="43.77935" lon="7.47482">
        <ele>170.1</ele>
      </trkpt>
      <trkpt lat="43.7796" lon="7.47465">
        <ele>172.4</ele>
      </trkpt>
      <trkpt lat="43.77967" lon="7.47463">
        <ele>173.3</ele>
      </trkpt>
      <trkpt lat="43.77975" lon="7.47464">
        <ele>174.6</ele>
      </trkpt>
      <trkpt lat="43.77983" lon="7.47468">
        <ele>176.3</ele>
      </trkpt>
      <trkpt lat="43.78" lon="7.47486">
        <ele>180.7</ele>
      </trkpt>
      <trkpt lat="43.78004" lon="7.47488">
        <ele>180.9</ele>
      </trkpt>
      <trkpt lat="43.7801" lon="7.47487">
        <ele>181.0</ele>
      </trkpt>
      <trkpt lat="43.78037" lon="7.47473">
        <ele>181.1</ele>
      </trkpt>
      <trkpt lat="43.78057" lon="7.47459">
        <ele>182.1</ele>
      </trkpt>
      <trkpt lat="43.7807" lon="7.47447">
        <ele>183.3</ele>
      </trkpt>
      <trkpt lat="43.78094" lon="7.47433">
        <ele>184.5</ele>
      </trkpt>
      <trkpt lat="43.78138" lon="7.47408">
        <ele>183.2</ele>
      </trkpt>
      <trkpt lat="43.78143" lon="7.47404">
        <ele>182.8</ele>
      </trkpt>
      <trkpt lat="43.78199" lon="7.47342">
        <ele>182.7</ele>
      </trkpt>
      <trkpt lat="43.78208" lon="7.47328">
        <ele>183.6</ele>
      </trkpt>
      <trkpt lat="43.78222" lon="7.47299">
        <ele>185.7</ele>
      </trkpt>
      <trkpt lat="43.78228" lon="7.47284">
        <ele>187.4</ele>
      </trkpt>
      <trkpt lat="43.78232" lon="7.47284">
        <ele>188.0</ele>
      </trkpt>
      <trkpt lat="43.78236" lon="7.47281">
        <ele>188.8</ele>
      </trkpt>
      <trkpt lat="43.7824" lon="7.47274">
        <ele>190.2</ele>
      </trkpt>
      <trkpt lat="43.78249" lon="7.47218">
        <ele>199.8</ele>
      </trkpt>
      <trkpt lat="43.78266" lon="7.47176">
        <ele>203.7</ele>
      </trkpt>
      <trkpt lat="43.78276" lon="7.47155">
        <ele>205.9</ele>
      </trkpt>
      <trkpt lat="43.78285" lon="7.47143">
        <ele>207.1</ele>
      </trkpt>
      <trkpt lat="43.78292" lon="7.47136">
        <ele>207.8</ele>
      </trkpt>
      <trkpt lat="43.78298" lon="7.47125">
        <ele>209.6</ele>
      </trkpt>
      <trkpt lat="43.78305" lon="7.47105">
        <ele>213.7</ele>
      </trkpt>
      <trkpt lat="43.78309" lon="7.47099">
        <ele>215.0</ele>
      </trkpt>
      <trkpt lat="43.78314" lon="7.47098">
        <ele>214.9</ele>
      </trkpt>
      <trkpt lat="43.78324" lon="7.47098">
        <ele>214.3</ele>
      </trkpt>
      <trkpt lat="43.78342" lon="7.47104">
        <ele>210.4</ele>
      </trkpt>
      <trkpt lat="43.78368" lon="7.47104">
        <ele>205.6</ele>
      </trkpt>
      <trkpt lat="43.78387" lon="7.4711">
        <ele>201.1</ele>
      </trkpt>
      <trkpt lat="43.78392" lon="7.47109">
        <ele>200.4</ele>
      </trkpt>
      <trkpt lat="43.78395" lon="7.47105">
        <ele>200.4</ele>
      </trkpt>
      <trkpt lat="43.78396" lon="7.47101">
        <ele>200.7</ele>
      </trkpt>
      <trkpt lat="43.78396" lon="7.47097">
        <ele>201.2</ele>
      </trkpt>
      <trkpt lat="43.78394" lon="7.47081">
        <ele>203.5</ele>
      </trkpt>
      <trkpt lat="43.78381" lon="7.47056">
        <ele>207.7</ele>
      </trkpt>
      <trkpt lat="43.78378" lon="7.47047">
        <ele>209.0</ele>
      </trkpt>
      <trkpt lat="43.78371" lon="7.47004">
        <ele>213.9</ele>
      </trkpt>
      <trkpt lat="43.78371" lon="7.46969">
        <ele>219.0</ele>
      </trkpt>
      <trkpt lat="43.78374" lon="7.46957">
        <ele>219.8</ele>
      </trkpt>
      <trkpt lat="43.78378" lon="7.46946">
        <ele>220.3</ele>
      </trkpt>
      <trkpt lat="43.78412" lon="7.46891">
        <ele>222.9</ele>
      </trkpt>
      <trkpt lat="43.78419" lon="7.46885">
        <ele>222.9</ele>
      </trkpt>
      <trkpt lat="43.78425" lon="7.46886">
        <ele>221.5</ele>
      </trkpt>
      <trkpt lat="43.7843" lon="7.46892">
        <ele>219.0</ele>
      </trkpt>
      <trkpt lat="43.78435" lon="7.4689">
        <ele>218.6</ele>
      </trkpt>
      <trkpt lat="43.78443" lon="7.46891">
        <ele>216.8</ele>
      </trkpt>
      <trkpt lat="43.78454" lon="7.46898">
        <ele>212.7</ele>
      </trkpt>
      <trkpt lat="43.78462" lon="7.46899">
        <ele>210.9</ele>
      </trkpt>
      <trkpt lat="43.78468" lon="7.46898">
        <ele>210.0</ele>
      </trkpt>
      <trkpt lat="43.78475" lon="7.46892">
        <ele>210.4</ele>
      </trkpt>
      <trkpt lat="43.78509" lon="7.46838">
        <ele>219.4</ele>
      </trkpt>
      <trkpt lat="43.78513" lon="7.46824">
        <ele>221.0</ele>
      </trkpt>
      <trkpt lat="43.78512" lon="7.46812">
        <ele>223.3</ele>
      </trkpt>
      <trkpt lat="43.78499" lon="7.46775">
        <ele>232.6</ele>
      </trkpt>
      <trkpt lat="43.78497" lon="7.46759">
        <ele>235.5</ele>
      </trkpt>
      <trkpt lat="43.78496" lon="7.46745">
        <ele>238.2</ele>
      </trkpt>
      <trkpt lat="43.78499" lon="7.46735">
        <ele>239.5</ele>
      </trkpt>
      <trkpt lat="43.78506" lon="7.46723">
        <ele>240.6</ele>
      </trkpt>
      <trkpt lat="43.78515" lon="7.46718">
        <ele>239.9</ele>
      </trkpt>
      <trkpt lat="43.78523" lon="7.46717">
        <ele>238.5</ele>
      </trkpt>
      <trkpt lat="43.78542" lon="7.46723">
        <ele>233.2</ele>
      </trkpt>
      <trkpt lat="43.7855" lon="7.46722">
        <ele>231.9</ele>
      </trkpt>
      <trkpt lat="43.78557" lon="7.46717">
        <ele>231.8</ele>
      </trkpt>
      <trkpt lat="43.78562" lon="7.46707">
        <ele>233.4</ele>
      </trkpt>
      <trkpt lat="43.78567" lon="7.46673">
        <ele>241.8</ele>
      </trkpt>
      <trkpt lat="43.78568" lon="7.46665">
        <ele>243.7</ele>
      </trkpt>
      <trkpt lat="43.78574" lon="7.46657">
        <ele>244.1</ele>
      </trkpt>
      <trkpt lat="43.78593" lon="7.46648">
        <ele>241.6</ele>
      </trkpt>
      <trkpt lat="43.78598" lon="7.46642">
        <ele>241.3</ele>
      </trkpt>
      <trkpt lat="43.78602" lon="7.46634">
        <ele>241.6</ele>
      </trkpt>
      <trkpt lat="43.78609" lon="7.46581">
        <ele>249.8</ele>
      </trkpt>
      <trkpt lat="43.78612" lon="7.46571">
        <ele>249.8</ele>
      </trkpt>
      <trkpt lat="43.78618" lon="7.46561">
        <ele>249.2</ele>
      </trkpt>
      <trkpt lat="43.7863" lon="7.46548">
        <ele>248.0</ele>
      </trkpt>
      <trkpt lat="43.78647" lon="7.46534">
        <ele>246.6</ele>
      </trkpt>
      <trkpt lat="43.7865" lon="7.4653">
        <ele>246.8</ele>
      </trkpt>
      <trkpt lat="43.78658" lon="7.46518">
        <ele>247.6</ele>
      </trkpt>
      <trkpt lat="43.78661" lon="7.46505">
        <ele>249.6</ele>
      </trkpt>
      <trkpt lat="43.78661" lon="7.46496">
        <ele>251.0</ele>
      </trkpt>
      <trkpt lat="43.78658" lon="7.46486">
        <ele>252.4</ele>
      </trkpt>
      <trkpt lat="43.78652" lon="7.46474">
        <ele>253.9</ele>
      </trkpt>
      <trkpt lat="43.7865" lon="7.46463">
        <ele>254.9</ele>
      </trkpt>
      <trkpt lat="43.78651" lon="7.46451">
        <ele>255.9</ele>
      </trkpt>
      <trkpt lat="43.78665" lon="7.46419">
        <ele>259.6</ele>
      </trkpt>
      <trkpt lat="43.78669" lon="7.46403">
        <ele>260.8</ele>
      </trkpt>
      <trkpt lat="43.78672" lon="7.46376">
        <ele>263.2</ele>
      </trkpt>
      <trkpt lat="43.78675" lon="7.46367">
        <ele>263.7</ele>
      </trkpt>
      <trkpt lat="43.78681" lon="7.4636">
        <ele>263.5</ele>
      </trkpt>
      <trkpt lat="43.78693" lon="7.46353">
        <ele>262.4</ele>
      </trkpt>
      <trkpt lat="43.78711" lon="7.46345">
        <ele>260.8</ele>
      </trkpt>
      <trkpt lat="43.78715" lon="7.46339">
        <ele>261.5</ele>
      </trkpt>
      <trkpt lat="43.78716" lon="7.46328">
        <ele>263.5</ele>
      </trkpt>
      <trkpt lat="43.78716" lon="7.46328">
        <ele>263.5</ele>
      </trkpt>
      <trkpt lat="43.78718" lon="7.46306">
        <ele>267.7</ele>
      </trkpt>
      <trkpt lat="43.7872" lon="7.46294">
        <ele>269.8</ele>
      </trkpt>
      <trkpt lat="43.78726" lon="7.46284">
        <ele>271.1</ele>
      </trkpt>
      <trkpt lat="43.78734" lon="7.46277">
        <ele>271.5</ele>
      </trkpt>
      <trkpt lat="43.78761" lon="7.46265">
        <ele>269.4</ele>
      </trkpt>
      <trkpt lat="43.78765" lon="7.4626">
        <ele>269.5</ele>
      </trkpt>
      <trkpt lat="43.78767" lon="7.46253">
        <ele>270.5</ele>
      </trkpt>
      <trkpt lat="43.78766" lon="7.46247">
        <ele>272.0</ele>
      </trkpt>
      <trkpt lat="43.78757" lon="7.46214">
        <ele>280.5</ele>
      </trkpt>
      <trkpt lat="43.78756" lon="7.462">
        <ele>283.5</ele>
      </trkpt>
      <trkpt lat="43.78757" lon="7.46182">
        <ele>286.9</ele>
      </trkpt>
      <trkpt lat="43.78762" lon="7.46171">
        <ele>288.2</ele>
      </trkpt>
      <trkpt lat="43.78768" lon="7.46159">
        <ele>289.7</ele>
      </trkpt>
      <trkpt lat="43.7877" lon="7.46156">
        <ele>290.1</ele>
      </trkpt>
      <trkpt lat="43.78785" lon="7.46142">
        <ele>291.5</ele>
      </trkpt>
      <trkpt lat="43.78793" lon="7.46139">
        <ele>291.5</ele>
      </trkpt>
      <trkpt lat="43.78799" lon="7.46138">
        <ele>291.3</ele>
      </trkpt>
      <trkpt lat="43.78808" lon="7.46139">
        <ele>290.2</ele>
      </trkpt>
      <trkpt lat="43.78835" lon="7.46147">
        <ele>285.0</ele>
      </trkpt>
      <trkpt lat="43.78847" lon="7.46149">
        <ele>283.7</ele>
      </trkpt>
      <trkpt lat="43.78856" lon="7.46148">
        <ele>283.6</ele>
      </trkpt>
      <trkpt lat="43.78865" lon="7.46145">
        <ele>284.2</ele>
      </trkpt>
      <trkpt lat="43.78871" lon="7.4614">
        <ele>285.6</ele>
      </trkpt>
      <trkpt lat="43.78878" lon="7.46131">
        <ele>288.5</ele>
      </trkpt>
      <trkpt lat="43.78902" lon="7.46077">
        <ele>306.5</ele>
      </trkpt>
      <trkpt lat="43.78906" lon="7.46069">
        <ele>309.6</ele>
      </trkpt>
      <trkpt lat="43.78909" lon="7.46066">
        <ele>310.7</ele>
      </trkpt>
      <trkpt lat="43.78912" lon="7.46065">
        <ele>310.9</ele>
      </trkpt>
      <trkpt lat="43.78919" lon="7.46066">
        <ele>310.4</ele>
      </trkpt>
      <trkpt lat="43.78927" lon="7.46072">
        <ele>308.5</ele>
      </trkpt>
      <trkpt lat="43.78951" lon="7.46097">
        <ele>300.2</ele>
      </trkpt>
      <trkpt lat="43.7896" lon="7.46106">
        <ele>297.2</ele>
      </trkpt>
      <trkpt lat="43.78971" lon="7.46113">
        <ele>295.0</ele>
      </trkpt>
      <trkpt lat="43.78979" lon="7.46115">
        <ele>294.5</ele>
      </trkpt>
      <trkpt lat="43.78995" lon="7.46117">
        <ele>294.3</ele>
      </trkpt>
      <trkpt lat="43.79002" lon="7.46116">
        <ele>294.8</ele>
      </trkpt>
      <trkpt lat="43.7901" lon="7.46113">
        <ele>295.8</ele>
      </trkpt>
      <trkpt lat="43.79015" lon="7.46107">
        <ele>298.2</ele>
      </trkpt>
      <trkpt lat="43.79024" lon="7.46088">
        <ele>306.1</ele>
      </trkpt>
      <trkpt lat="43.79038" lon="7.46072">
        <ele>312.4</ele>
      </trkpt>
      <trkpt lat="43.79064" lon="7.46052">
        <ele>320.3</ele>
      </trkpt>
      <trkpt lat="43.79075" lon="7.46048">
        <ele>321.8</ele>
      </trkpt>
      <trkpt lat="43.79078" lon="7.46047">
        <ele>322.2</ele>
      </trkpt>
      <trkpt lat="43.79093" lon="7.46054">
        <ele>320.3</ele>
      </trkpt>
      <trkpt lat="43.79116" lon="7.46072">
        <ele>315.6</ele>
      </trkpt>
      <trkpt lat="43.79126" lon="7.46078">
        <ele>314.4</ele>
      </trkpt>
      <trkpt lat="43.79143" lon="7.46081">
        <ele>315.6</ele>
      </trkpt>
      <trkpt lat="43.79155" lon="7.46079">
        <ele>318.1</ele>
      </trkpt>
      <trkpt lat="43.79169" lon="7.46076">
        <ele>321.0</ele>
      </trkpt>
      <trkpt lat="43.79185" lon="7.46068">
        <ele>324.7</ele>
      </trkpt>
      <trkpt lat="43.79203" lon="7.46057">
        <ele>329.5</ele>
      </trkpt>
      <trkpt lat="43.79223" lon="7.4605">
        <ele>332.7</ele>
      </trkpt>
      <trkpt lat="43.79231" lon="7.46051">
        <ele>332.4</ele>
      </trkpt>
      <trkpt lat="43.79244" lon="7.46055">
        <ele>331.1</ele>
      </trkpt>
      <trkpt lat="43.7926" lon="7.46064">
        <ele>330.9</ele>
      </trkpt>
      <trkpt lat="43.79263" lon="7.46065">
        <ele>331.6</ele>
      </trkpt>
      <trkpt lat="43.79267" lon="7.46063">
        <ele>333.6</ele>
      </trkpt>
      <trkpt lat="43.79268" lon="7.46057">
        <ele>336.0</ele>
      </trkpt>
      <trkpt lat="43.79266" lon="7.46051">
        <ele>337.5</ele>
      </trkpt>
      <trkpt lat="43.79251" lon="7.46047">
        <ele>334.7</ele>
      </trkpt>
      <trkpt lat="43.79233" lon="7.46033">
        <ele>339.6</ele>
      </trkpt>
      <trkpt lat="43.79218" lon="7.4603">
        <ele>340.6</ele>
      </trkpt>
      <trkpt lat="43.79177" lon="7.46037">
        <ele>337.1</ele>
      </trkpt>
      <trkpt lat="43.79163" lon="7.46035">
        <ele>337.3</ele>
      </trkpt>
      <trkpt lat="43.79152" lon="7.46028">
        <ele>338.8</ele>
      </trkpt>
      <trkpt lat="43.79118" lon="7.45981">
        <ele>355.7</ele>
      </trkpt>
      <trkpt lat="43.79107" lon="7.45973">
        <ele>358.5</ele>
      </trkpt>
      <trkpt lat="43.79071" lon="7.45958">
        <ele>363.2</ele>
      </trkpt>
      <trkpt lat="43.7906" lon="7.45955">
        <ele>364.3</ele>
      </trkpt>
      <trkpt lat="43.79023" lon="7.45955">
        <ele>362.8</ele>
      </trkpt>
      <trkpt lat="43.79019" lon="7.45953">
        <ele>363.6</ele>
      </trkpt>
      <trkpt lat="43.79017" lon="7.45947">
        <ele>366.3</ele>
      </trkpt>
      <trkpt lat="43.7902" lon="7.4594">
        <ele>369.6</ele>
      </trkpt>
      <trkpt lat="43.79024" lon="7.45939">
        <ele>370.2</ele>
      </trkpt>
      <trkpt lat="43.79037" lon="7.45944">
        <ele>368.5</ele>
      </trkpt>
      <trkpt lat="43.79045" lon="7.45946">
        <ele>367.9</ele>
      </trkpt>
      <trkpt lat="43.79057" lon="7.45945">
        <ele>368.9</ele>
      </trkpt>
      <trkpt lat="43.79066" lon="7.45941">
        <ele>371.2</ele>
      </trkpt>
      <trkpt lat="43.79073" lon="7.4594">
        <ele>372.0</ele>
      </trkpt>
      <trkpt lat="43.79079" lon="7.45941">
        <ele>371.8</ele>
      </trkpt>
      <trkpt lat="43.79088" lon="7.45945">
        <ele>370.4</ele>
      </trkpt>
      <trkpt lat="43.79102" lon="7.45949">
        <ele>369.6</ele>
      </trkpt>
      <trkpt lat="43.79114" lon="7.45949">
        <ele>370.5</ele>
      </trkpt>
      <trkpt lat="43.79132" lon="7.45945">
        <ele>373.8</ele>
      </trkpt>
      <trkpt lat="43.79142" lon="7.45946">
        <ele>374.1</ele>
      </trkpt>
      <trkpt lat="43.79162" lon="7.45958">
        <ele>370.3</ele>
      </trkpt>
      <trkpt lat="43.79178" lon="7.4596">
        <ele>369.6</ele>
      </trkpt>
      <trkpt lat="43.7919" lon="7.45956">
        <ele>371.2</ele>
      </trkpt>
      <trkpt lat="43.79204" lon="7.45951">
        <ele>373.1</ele>
      </trkpt>
      <trkpt lat="43.7923" lon="7.45933">
        <ele>380.1</ele>
      </trkpt>
      <trkpt lat="43.79244" lon="7.45925">
        <ele>382.9</ele>
      </trkpt>
      <trkpt lat="43.79269" lon="7.45917">
        <ele>387.5</ele>
      </trkpt>
      <trkpt lat="43.7928" lon="7.45915">
        <ele>389.2</ele>
      </trkpt>
      <trkpt lat="43.79292" lon="7.45916">
        <ele>389.8</ele>
      </trkpt>
      <trkpt lat="43.79301" lon="7.45918">
        <ele>389.8</ele>
      </trkpt>
      <trkpt lat="43.79319" lon="7.45925">
        <ele>388.9</ele>
      </trkpt>
      <trkpt lat="43.79336" lon="7.45934">
        <ele>388.0</ele>
      </trkpt>
      <trkpt lat="43.79358" lon="7.45951">
        <ele>389.8</ele>
      </trkpt>
      <trkpt lat="43.7937" lon="7.45961">
        <ele>391.3</ele>
      </trkpt>
      <trkpt lat="43.79374" lon="7.45963">
        <ele>392.2</ele>
      </trkpt>
      <trkpt lat="43.79379" lon="7.45962">
        <ele>394.3</ele>
      </trkpt>
      <trkpt lat="43.79404" lon="7.45955">
        <ele>404.6</ele>
      </trkpt>
      <trkpt lat="43.79411" lon="7.45956">
        <ele>406.9</ele>
      </trkpt>
      <trkpt lat="43.79417" lon="7.4596">
        <ele>408.4</ele>
      </trkpt>
      <trkpt lat="43.79422" lon="7.45966">
        <ele>409.7</ele>
      </trkpt>
      <trkpt lat="43.79426" lon="7.45977">
        <ele>409.8</ele>
      </trkpt>
      <trkpt lat="43.79427" lon="7.45987">
        <ele>408.8</ele>
      </trkpt>
      <trkpt lat="43.79426" lon="7.46001">
        <ele>406.4</ele>
      </trkpt>
      <trkpt lat="43.79427" lon="7.46014">
        <ele>406.4</ele>
      </trkpt>
      <trkpt lat="43.79433" lon="7.46042">
        <ele>408.7</ele>
      </trkpt>
      <trkpt lat="43.79433" lon="7.46063">
        <ele>408.1</ele>
      </trkpt>
      <trkpt lat="43.79431" lon="7.46075">
        <ele>406.4</ele>
      </trkpt>
      <trkpt lat="43.79428" lon="7.46086">
        <ele>404.1</ele>
      </trkpt>
      <trkpt lat="43.7941" lon="7.46119">
        <ele>394.1</ele>
      </trkpt>
      <trkpt lat="43.79408" lon="7.4613">
        <ele>393.5</ele>
      </trkpt>
      <trkpt lat="43.79407" lon="7.46145">
        <ele>393.6</ele>
      </trkpt>
      <trkpt lat="43.79412" lon="7.46184">
        <ele>398.9</ele>
      </trkpt>
      <trkpt lat="43.79413" lon="7.46198">
        <ele>400.6</ele>
      </trkpt>
      <trkpt lat="43.79412" lon="7.46221">
        <ele>402.0</ele>
      </trkpt>
      <trkpt lat="43.7941" lon="7.46235">
        <ele>402.1</ele>
      </trkpt>
      <trkpt lat="43.7941" lon="7.46235">
        <ele>402.1</ele>
      </trkpt>
      <trkpt lat="43.79405" lon="7.46272">
        <ele>400.9</ele>
      </trkpt>
      <trkpt lat="43.79405" lon="7.46288">
        <ele>401.1</ele>
      </trkpt>
      <trkpt lat="43.79406" lon="7.46302">
        <ele>401.8</ele>
      </trkpt>
      <trkpt lat="43.7941" lon="7.46315">
        <ele>404.1</ele>
      </trkpt>
      <trkpt lat="43.79425" lon="7.46349">
        <ele>409.2</ele>
      </trkpt>
      <trkpt lat="43.79429" lon="7.46353">
        <ele>410.3</ele>
      </trkpt>
      <trkpt lat="43.79434" lon="7.46351">
        <ele>412.2</ele>
      </trkpt>
      <trkpt lat="43.79437" lon="7.46345">
        <ele>413.7</ele>
      </trkpt>
      <trkpt lat="43.79436" lon="7.46339">
        <ele>413.8</ele>
      </trkpt>
      <trkpt lat="43.79428" lon="7.46322">
        <ele>411.6</ele>
      </trkpt>
      <trkpt lat="43.79426" lon="7.46306">
        <ele>410.8</ele>
      </trkpt>
      <trkpt lat="43.7943" lon="7.46288">
        <ele>412.0</ele>
      </trkpt>
      <trkpt lat="43.79445" lon="7.46244">
        <ele>417.2</ele>
      </trkpt>
      <trkpt lat="43.79453" lon="7.46231">
        <ele>420.6</ele>
      </trkpt>
      <trkpt lat="43.7946" lon="7.46224">
        <ele>423.8</ele>
      </trkpt>
      <trkpt lat="43.79492" lon="7.4621">
        <ele>439.9</ele>
      </trkpt>
      <trkpt lat="43.79501" lon="7.46205">
        <ele>445.3</ele>
      </trkpt>
      <trkpt lat="43.79506" lon="7.46198">
        <ele>450.0</ele>
      </trkpt>
      <trkpt lat="43.79509" lon="7.46191">
        <ele>453.5</ele>
      </trkpt>
      <trkpt lat="43.7951" lon="7.46181">
        <ele>456.2</ele>
      </trkpt>
      <trkpt lat="43.79508" lon="7.46172">
        <ele>456.4</ele>
      </trkpt>
      <trkpt lat="43.79494" lon="7.46142">
        <ele>448.4</ele>
      </trkpt>
      <trkpt lat="43.79485" lon="7.46119">
        <ele>443.3</ele>
      </trkpt>
      <trkpt lat="43.79473" lon="7.46095">
        <ele>435.7</ele>
      </trkpt>
      <trkpt lat="43.7947" lon="7.46084">
        <ele>433.8</ele>
      </trkpt>
      <trkpt lat="43.79469" lon="7.46068">
        <ele>432.0</ele>
      </trkpt>
      <trkpt lat="43.79469" lon="7.46042">
        <ele>430.1</ele>
      </trkpt>
      <trkpt lat="43.79471" lon="7.46029">
        <ele>430.3</ele>
      </trkpt>
      <trkpt lat="43.79476" lon="7.46017">
        <ele>432.0</ele>
      </trkpt>
      <trkpt lat="43.79484" lon="7.46008">
        <ele>435.2</ele>
      </trkpt>
      <trkpt lat="43.79514" lon="7.45988">
        <ele>450.1</ele>
      </trkpt>
      <trkpt lat="43.79522" lon="7.45976">
        <ele>454.4</ele>
      </trkpt>
      <trkpt lat="43.79535" lon="7.45946">
        <ele>460.2</ele>
      </trkpt>
      <trkpt lat="43.79536" lon="7.45935">
        <ele>460.4</ele>
      </trkpt>
      <trkpt lat="43.79536" lon="7.45924">
        <ele>460.1</ele>
      </trkpt>
      <trkpt lat="43.79533" lon="7.45913">
        <ele>460.3</ele>
      </trkpt>
      <trkpt lat="43.79528" lon="7.45904">
        <ele>461.9</ele>
      </trkpt>
      <trkpt lat="43.79519" lon="7.45888">
        <ele>465.0</ele>
      </trkpt>
      <trkpt lat="43.7948" lon="7.45845">
        <ele>467.9</ele>
      </trkpt>
      <trkpt lat="43.79466" lon="7.45835">
        <ele>466.1</ele>
      </trkpt>
      <trkpt lat="43.7942" lon="7.45806">
        <ele>465.5</ele>
      </trkpt>
      <trkpt lat="43.7941" lon="7.45798">
        <ele>467.8</ele>
      </trkpt>
      <trkpt lat="43.79373" lon="7.45753">
        <ele>486.4</ele>
      </trkpt>
      <trkpt lat="43.79362" lon="7.45745">
        <ele>487.7</ele>
      </trkpt>
      <trkpt lat="43.79354" lon="7.45744">
        <ele>485.9</ele>
      </trkpt>
      <trkpt lat="43.79334" lon="7.45746">
        <ele>478.6</ele>
      </trkpt>
      <trkpt lat="43.79317" lon="7.45743">
        <ele>476.3</ele>
      </trkpt>
      <trkpt lat="43.79298" lon="7.45738">
        <ele>474.5</ele>
      </trkpt>
      <trkpt lat="43.7928" lon="7.45728">
        <ele>475.3</ele>
      </trkpt>
      <trkpt lat="43.79262" lon="7.45711">
        <ele>479.1</ele>
      </trkpt>
      <trkpt lat="43.79253" lon="7.457">
        <ele>481.9</ele>
      </trkpt>
      <trkpt lat="43.79253" lon="7.457">
        <ele>481.9</ele>
      </trkpt>
      <trkpt lat="43.79216" lon="7.45657">
        <ele>497.2</ele>
      </trkpt>
      <trkpt lat="43.79201" lon="7.45645">
        <ele>500.2</ele>
      </trkpt>
      <trkpt lat="43.79191" lon="7.4564">
        <ele>500.4</ele>
      </trkpt>
      <trkpt lat="43.79178" lon="7.45638">
        <ele>498.4</ele>
      </trkpt>
      <trkpt lat="43.79161" lon="7.4564">
        <ele>496.0</ele>
      </trkpt>
      <trkpt lat="43.79149" lon="7.45644">
        <ele>496.2</ele>
      </trkpt>
      <trkpt lat="43.7914" lon="7.45651">
        <ele>495.3</ele>
      </trkpt>
      <trkpt lat="43.79115" lon="7.45682">
        <ele>489.8</ele>
      </trkpt>
      <trkpt lat="43.79103" lon="7.45692">
        <ele>488.2</ele>
      </trkpt>
      <trkpt lat="43.79088" lon="7.45697">
        <ele>488.9</ele>
      </trkpt>
      <trkpt lat="43.79078" lon="7.45699">
        <ele>487.4</ele>
      </trkpt>
      <trkpt lat="43.79063" lon="7.457">
        <ele>482.7</ele>
      </trkpt>
      <trkpt lat="43.79054" lon="7.45698">
        <ele>480.7</ele>
      </trkpt>
      <trkpt lat="43.79047" lon="7.45689">
        <ele>481.2</ele>
      </trkpt>
      <trkpt lat="43.79046" lon="7.45681">
        <ele>483.1</ele>
      </trkpt>
      <trkpt lat="43.79046" lon="7.4567">
        <ele>486.2</ele>
      </trkpt>
      <trkpt lat="43.79049" lon="7.45662">
        <ele>488.7</ele>
      </trkpt>
      <trkpt lat="43.79055" lon="7.45658">
        <ele>491.4</ele>
      </trkpt>
      <trkpt lat="43.79095" lon="7.4565">
        <ele>502.1</ele>
      </trkpt>
      <trkpt lat="43.79105" lon="7.45645">
        <ele>501.7</ele>
      </trkpt>
      <trkpt lat="43.79111" lon="7.45638">
        <ele>502.5</ele>
      </trkpt>
      <trkpt lat="43.79119" lon="7.45628">
        <ele>504.1</ele>
      </trkpt>
      <trkpt lat="43.79133" lon="7.456">
        <ele>510.4</ele>
      </trkpt>
      <trkpt lat="43.79146" lon="7.4558">
        <ele>516.5</ele>
      </trkpt>
      <trkpt lat="43.79154" lon="7.4557">
        <ele>521.5</ele>
      </trkpt>
      <trkpt lat="43.79163" lon="7.45564">
        <ele>525.2</ele>
      </trkpt>
      <trkpt lat="43.79176" lon="7.45562">
        <ele>530.8</ele>
      </trkpt>
      <trkpt lat="43.7919" lon="7.45563">
        <ele>536.5</ele>
      </trkpt>
      <trkpt lat="43.79252" lon="7.45591">
        <ele>542.3</ele>
      </trkpt>
      <trkpt lat="43.79267" lon="7.45601">
        <ele>542.2</ele>
      </trkpt>
      <trkpt lat="43.79281" lon="7.45616">
        <ele>538.5</ele>
      </trkpt>
      <trkpt lat="43.79299" lon="7.4564">
        <ele>530.5</ele>
      </trkpt>
      <trkpt lat="43.79309" lon="7.45657">
        <ele>523.5</ele>
      </trkpt>
      <trkpt lat="43.79318" lon="7.45662">
        <ele>523.6</ele>
      </trkpt>
      <trkpt lat="43.79334" lon="7.45663">
        <ele>528.4</ele>
      </trkpt>
      <trkpt lat="43.7935" lon="7.4566">
        <ele>533.1</ele>
      </trkpt>
      <trkpt lat="43.79366" lon="7.45654">
        <ele>539.5</ele>
      </trkpt>
      <trkpt lat="43.79374" lon="7.45655">
        <ele>540.3</ele>
      </trkpt>
      <trkpt lat="43.79383" lon="7.4566">
        <ele>538.8</ele>
      </trkpt>
      <trkpt lat="43.79422" lon="7.4569">
        <ele>531.0</ele>
      </trkpt>
      <trkpt lat="43.79439" lon="7.45699">
        <ele>529.6</ele>
      </trkpt>
      <trkpt lat="43.79452" lon="7.45701">
        <ele>530.9</ele>
      </trkpt>
      <trkpt lat="43.79465" lon="7.45698">
        <ele>534.5</ele>
      </trkpt>
      <trkpt lat="43.79514" lon="7.45678">
        <ele>551.4</ele>
      </trkpt>
      <trkpt lat="43.7953" lon="7.45673">
        <ele>555.3</ele>
      </trkpt>
      <trkpt lat="43.79542" lon="7.45675">
        <ele>555.8</ele>
      </trkpt>
      <trkpt lat="43.79557" lon="7.45683">
        <ele>554.7</ele>
      </trkpt>
      <trkpt lat="43.79591" lon="7.45703">
        <ele>553.1</ele>
      </trkpt>
      <trkpt lat="43.79618" lon="7.45716">
        <ele>553.1</ele>
      </trkpt>
      <trkpt lat="43.79637" lon="7.45719">
        <ele>555.0</ele>
      </trkpt>
      <trkpt lat="43.79672" lon="7.45721">
        <ele>559.6</ele>
      </trkpt>
      <trkpt lat="43.797" lon="7.45716">
        <ele>566.2</ele>
      </trkpt>
      <trkpt lat="43.7971" lon="7.45716">
        <ele>568.0</ele>
      </trkpt>
      <trkpt lat="43.79725" lon="7.45719">
        <ele>569.8</ele>
      </trkpt>
      <trkpt lat="43.79785" lon="7.45756">
        <ele>568.8</ele>
      </trkpt>
      <trkpt lat="43.79799" lon="7.45761">
        <ele>569.8</ele>
      </trkpt>
      <trkpt lat="43.79815" lon="7.45761">
        <ele>572.6</ele>
      </trkpt>
      <trkpt lat="43.79857" lon="7.4575">
        <ele>582.7</ele>
      </trkpt>
      <trkpt lat="43.79867" lon="7.45748">
        <ele>585.0</ele>
      </trkpt>
      <trkpt lat="43.79875" lon="7.45749">
        <ele>585.9</ele>
      </trkpt>
      <trkpt lat="43.79959" lon="7.45775">
        <ele>590.8</ele>
      </trkpt>
      <trkpt lat="43.80043" lon="7.45802">
        <ele>595.0</ele>
      </trkpt>
      <trkpt lat="43.80061" lon="7.45806">
        <ele>596.1</ele>
      </trkpt>
      <trkpt lat="43.80115" lon="7.45804">
        <ele>602.6</ele>
      </trkpt>
      <trkpt lat="43.80165" lon="7.45809">
        <ele>607.1</ele>
      </trkpt>
      <trkpt lat="43.80182" lon="7.45814">
        <ele>604.6</ele>
      </trkpt>
      <trkpt lat="43.80191" lon="7.45821">
        <ele>602.5</ele>
      </trkpt>
      <trkpt lat="43.802" lon="7.45832">
        <ele>600.2</ele>
      </trkpt>
      <trkpt lat="43.80206" lon="7.45845">
        <ele>600.1</ele>
      </trkpt>
      <trkpt lat="43.80212" lon="7.4585">
        <ele>599.9</ele>
      </trkpt>
      <trkpt lat="43.80217" lon="7.45851">
        <ele>599.6</ele>
      </trkpt>
      <trkpt lat="43.80226" lon="7.45848">
        <ele>598.9</ele>
      </trkpt>
      <trkpt lat="43.80232" lon="7.45841">
        <ele>598.3</ele>
      </trkpt>
      <trkpt lat="43.80238" lon="7.45827">
        <ele>598.0</ele>
      </trkpt>
      <trkpt lat="43.80239" lon="7.4581">
        <ele>598.8</ele>
      </trkpt>
      <trkpt lat="43.80238" lon="7.45795">
        <ele>599.7</ele>
      </trkpt>
      <trkpt lat="43.80236" lon="7.45757">
        <ele>602.1</ele>
      </trkpt>
      <trkpt lat="43.80237" lon="7.45738">
        <ele>604.6</ele>
      </trkpt>
      <trkpt lat="43.8024" lon="7.45717">
        <ele>607.7</ele>
      </trkpt>
      <trkpt lat="43.8025" lon="7.45678">
        <ele>611.1</ele>
      </trkpt>
      <trkpt lat="43.80257" lon="7.45646">
        <ele>617.4</ele>
      </trkpt>
      <trkpt lat="43.80261" lon="7.45631">
        <ele>621.3</ele>
      </trkpt>
      <trkpt lat="43.80274" lon="7.45605">
        <ele>620.6</ele>
      </trkpt>
      <trkpt lat="43.80278" lon="7.45601">
        <ele>620.4</ele>
      </trkpt>
      <trkpt lat="43.80283" lon="7.45602">
        <ele>620.3</ele>
      </trkpt>
      <trkpt lat="43.80293" lon="7.45609">
        <ele>620.0</ele>
      </trkpt>
      <trkpt lat="43.803" lon="7.4561">
        <ele>619.8</ele>
      </trkpt>
      <trkpt lat="43.80313" lon="7.45606">
        <ele>618.7</ele>
      </trkpt>
      <trkpt lat="43.80324" lon="7.45604">
        <ele>617.2</ele>
      </trkpt>
      <trkpt lat="43.80348" lon="7.45605">
        <ele>610.9</ele>
      </trkpt>
      <trkpt lat="43.8036" lon="7.45604">
        <ele>608.2</ele>
      </trkpt>
      <trkpt lat="43.80368" lon="7.456">
        <ele>607.8</ele>
      </trkpt>
      <trkpt lat="43.80374" lon="7.45595">
        <ele>608.3</ele>
      </trkpt>
      <trkpt lat="43.80378" lon="7.45587">
        <ele>610.6</ele>
      </trkpt>
      <trkpt lat="43.80389" lon="7.45545">
        <ele>627.0</ele>
      </trkpt>
      <trkpt lat="43.80394" lon="7.45536">
        <ele>629.5</ele>
      </trkpt>
      <trkpt lat="43.80398" lon="7.45531">
        <ele>630.4</ele>
      </trkpt>
      <trkpt lat="43.80405" lon="7.4553">
        <ele>628.3</ele>
      </trkpt>
      <trkpt lat="43.80417" lon="7.4553">
        <ele>624.0</ele>
      </trkpt>
      <trkpt lat="43.80451" lon="7.45534">
        <ele>616.6</ele>
      </trkpt>
      <trkpt lat="43.80456" lon="7.45532">
        <ele>616.5</ele>
      </trkpt>
      <trkpt lat="43.80461" lon="7.45527">
        <ele>617.7</ele>
      </trkpt>
      <trkpt lat="43.80481" lon="7.45499">
        <ele>625.1</ele>
      </trkpt>
      <trkpt lat="43.80492" lon="7.45486">
        <ele>628.6</ele>
      </trkpt>
      <trkpt lat="43.80533" lon="7.45436">
        <ele>630.4</ele>
      </trkpt>
      <trkpt lat="43.80538" lon="7.45426">
        <ele>631.5</ele>
      </trkpt>
      <trkpt lat="43.80545" lon="7.45401">
        <ele>636.1</ele>
      </trkpt>
      <trkpt lat="43.80552" lon="7.45387">
        <ele>636.5</ele>
      </trkpt>
      <trkpt lat="43.80557" lon="7.45379">
        <ele>636.1</ele>
      </trkpt>
      <trkpt lat="43.80567" lon="7.45367">
        <ele>634.0</ele>
      </trkpt>
      <trkpt lat="43.80571" lon="7.45357">
        <ele>634.6</ele>
      </trkpt>
      <trkpt lat="43.80572" lon="7.45348">
        <ele>636.6</ele>
      </trkpt>
      <trkpt lat="43.80572" lon="7.45338">
        <ele>639.5</ele>
      </trkpt>
      <trkpt lat="43.80569" lon="7.45327">
        <ele>644.2</ele>
      </trkpt>
      <trkpt lat="43.8056" lon="7.45313">
        <ele>653.2</ele>
      </trkpt>
      <trkpt lat="43.80557" lon="7.45295">
        <ele>659.7</ele>
      </trkpt>
      <trkpt lat="43.8056" lon="7.45284">
        <ele>660.8</ele>
      </trkpt>
      <trkpt lat="43.80564" lon="7.45274">
        <ele>660.9</ele>
      </trkpt>
      <trkpt lat="43.80579" lon="7.45253">
        <ele>656.9</ele>
      </trkpt>
      <trkpt lat="43.80586" lon="7.45241">
        <ele>654.6</ele>
      </trkpt>
      <trkpt lat="43.80593" lon="7.45211">
        <ele>654.6</ele>
      </trkpt>
      <trkpt lat="43.80592" lon="7.45122">
        <ele>664.1</ele>
      </trkpt>
      <trkpt lat="43.80586" lon="7.4508">
        <ele>669.6</ele>
      </trkpt>
      <trkpt lat="43.80592" lon="7.45055">
        <ele>677.0</ele>
      </trkpt>
      <trkpt lat="43.80614" lon="7.4502">
        <ele>685.8</ele>
      </trkpt>
      <trkpt lat="43.80646" lon="7.44986">
        <ele>697.5</ele>
      </trkpt>
      <trkpt lat="43.80655" lon="7.44977">
        <ele>701.9</ele>
      </trkpt>
      <trkpt lat="43.80665" lon="7.44974">
        <ele>702.4</ele>
      </trkpt>
      <trkpt lat="43.80671" lon="7.44973">
        <ele>704.1</ele>
      </trkpt>
      <trkpt lat="43.80677" lon="7.44975">
        <ele>704.6</ele>
      </trkpt>
      <trkpt lat="43.8068" lon="7.44978">
        <ele>703.7</ele>
      </trkpt>
      <trkpt lat="43.80682" lon="7.44982">
        <ele>701.9</ele>
      </trkpt>
      <trkpt lat="43.80686" lon="7.45037">
        <ele>678.7</ele>
      </trkpt>
      <trkpt lat="43.80691" lon="7.45048">
        <ele>676.5</ele>
      </trkpt>
      <trkpt lat="43.80698" lon="7.45057">
        <ele>675.9</ele>
      </trkpt>
      <trkpt lat="43.80706" lon="7.45064">
        <ele>676.5</ele>
      </trkpt>
      <trkpt lat="43.80726" lon="7.45071">
        <ele>682.2</ele>
      </trkpt>
      <trkpt lat="43.80744" lon="7.45083">
        <ele>685.6</ele>
      </trkpt>
      <trkpt lat="43.80749" lon="7.45085">
        <ele>686.9</ele>
      </trkpt>
      <trkpt lat="43.80769" lon="7.45088">
        <ele>693.8</ele>
      </trkpt>
      <trkpt lat="43.80773" lon="7.45091">
        <ele>694.2</ele>
      </trkpt>
      <trkpt lat="43.80795" lon="7.45127">
        <ele>688.3</ele>
      </trkpt>
      <trkpt lat="43.80799" lon="7.4513">
        <ele>688.6</ele>
      </trkpt>
      <trkpt lat="43.80808" lon="7.45136">
        <ele>689.7</ele>
      </trkpt>
      <trkpt lat="43.80819" lon="7.4514">
        <ele>692.5</ele>
      </trkpt>
      <trkpt lat="43.80829" lon="7.45142">
        <ele>695.6</ele>
      </trkpt>
      <trkpt lat="43.80838" lon="7.45146">
        <ele>697.1</ele>
      </trkpt>
      <trkpt lat="43.80853" lon="7.45164">
        <ele>694.2</ele>
      </trkpt>
      <trkpt lat="43.8086" lon="7.45175">
        <ele>693.1</ele>
      </trkpt>
      <trkpt lat="43.80864" lon="7.45199">
        <ele>688.0</ele>
      </trkpt>
      <trkpt lat="43.80865" lon="7.45235">
        <ele>678.8</ele>
      </trkpt>
      <trkpt lat="43.80866" lon="7.45244">
        <ele>676.8</ele>
      </trkpt>
      <trkpt lat="43.80874" lon="7.45252">
        <ele>677.0</ele>
      </trkpt>
      <trkpt lat="43.80885" lon="7.45256">
        <ele>678.8</ele>
      </trkpt>
      <trkpt lat="43.80916" lon="7.45258">
        <ele>686.9</ele>
      </trkpt>
      <trkpt lat="43.80929" lon="7.45254">
        <ele>685.4</ele>
      </trkpt>
      <trkpt lat="43.8094" lon="7.45246">
        <ele>685.2</ele>
      </trkpt>
      <trkpt lat="43.80954" lon="7.45228">
        <ele>686.9</ele>
      </trkpt>
      <trkpt lat="43.80963" lon="7.45211">
        <ele>690.3</ele>
      </trkpt>
      <trkpt lat="43.80971" lon="7.45183">
        <ele>698.1</ele>
      </trkpt>
      <trkpt lat="43.81014" lon="7.45098">
        <ele>707.1</ele>
      </trkpt>
      <trkpt lat="43.81019" lon="7.45084">
        <ele>707.9</ele>
      </trkpt>
      <trkpt lat="43.81021" lon="7.45072">
        <ele>709.6</ele>
      </trkpt>
      <trkpt lat="43.81016" lon="7.45044">
        <ele>718.3</ele>
      </trkpt>
      <trkpt lat="43.81016" lon="7.45034">
        <ele>720.5</ele>
      </trkpt>
      <trkpt lat="43.81023" lon="7.45023">
        <ele>719.3</ele>
      </trkpt>
      <trkpt lat="43.81029" lon="7.45021">
        <ele>716.6</ele>
      </trkpt>
      <trkpt lat="43.81039" lon="7.45022">
        <ele>711.0</ele>
      </trkpt>
      <trkpt lat="43.81052" lon="7.45022">
        <ele>704.2</ele>
      </trkpt>
      <trkpt lat="43.81061" lon="7.45015">
        <ele>700.6</ele>
      </trkpt>
      <trkpt lat="43.81066" lon="7.45004">
        <ele>699.9</ele>
      </trkpt>
      <trkpt lat="43.81064" lon="7.44978">
        <ele>704.7</ele>
      </trkpt>
      <trkpt lat="43.8106" lon="7.44958">
        <ele>709.8</ele>
      </trkpt>
      <trkpt lat="43.81052" lon="7.44944">
        <ele>716.4</ele>
      </trkpt>
      <trkpt lat="43.81048" lon="7.44933">
        <ele>720.4</ele>
      </trkpt>
      <trkpt lat="43.81048" lon="7.44908">
        <ele>724.4</ele>
      </trkpt>
      <trkpt lat="43.81045" lon="7.44898">
        <ele>728.1</ele>
      </trkpt>
      <trkpt lat="43.81045" lon="7.44898">
        <ele>728.1</ele>
      </trkpt>
      <trkpt lat="43.81041" lon="7.44884">
        <ele>732.9</ele>
      </trkpt>
      <trkpt lat="43.81043" lon="7.44866">
        <ele>735.2</ele>
      </trkpt>
      <trkpt lat="43.81048" lon="7.44855">
        <ele>734.6</ele>
      </trkpt>
      <trkpt lat="43.81056" lon="7.44846">
        <ele>732.2</ele>
      </trkpt>
      <trkpt lat="43.81061" lon="7.44836">
        <ele>731.7</ele>
      </trkpt>
      <trkpt lat="43.81071" lon="7.44792">
        <ele>741.1</ele>
      </trkpt>
      <trkpt lat="43.81078" lon="7.44779">
        <ele>742.3</ele>
      </trkpt>
      <trkpt lat="43.81086" lon="7.44772">
        <ele>742.9</ele>
      </trkpt>
      <trkpt lat="43.81093" lon="7.44774">
        <ele>743.6</ele>
      </trkpt>
      <trkpt lat="43.81096" lon="7.44782">
        <ele>741.3</ele>
      </trkpt>
      <trkpt lat="43.81097" lon="7.44798">
        <ele>735.7</ele>
      </trkpt>
      <trkpt lat="43.81099" lon="7.4481">
        <ele>731.7</ele>
      </trkpt>
      <trkpt lat="43.81106" lon="7.4482">
        <ele>729.2</ele>
      </trkpt>
      <trkpt lat="43.81122" lon="7.44826">
        <ele>729.4</ele>
      </trkpt>
      <trkpt lat="43.81138" lon="7.44842">
        <ele>725.6</ele>
      </trkpt>
      <trkpt lat="43.81146" lon="7.44847">
        <ele>724.6</ele>
      </trkpt>
      <trkpt lat="43.81182" lon="7.44852">
        <ele>723.2</ele>
      </trkpt>
      <trkpt lat="43.81199" lon="7.44861">
        <ele>717.9</ele>
      </trkpt>
      <trkpt lat="43.81205" lon="7.44858">
        <ele>718.7</ele>
      </trkpt>
      <trkpt lat="43.81233" lon="7.44833">
        <ele>725.9</ele>
      </trkpt>
      <trkpt lat="43.81242" lon="7.44818">
        <ele>730.2</ele>
      </trkpt>
      <trkpt lat="43.81259" lon="7.44777">
        <ele>739.6</ele>
      </trkpt>
      <trkpt lat="43.81265" lon="7.44751">
        <ele>746.1</ele>
      </trkpt>
      <trkpt lat="43.81264" lon="7.44739">
        <ele>749.8</ele>
      </trkpt>
      <trkpt lat="43.81258" lon="7.44729">
        <ele>754.8</ele>
      </trkpt>
      <trkpt lat="43.81255" lon="7.4472">
        <ele>758.4</ele>
      </trkpt>
      <trkpt lat="43.81258" lon="7.44714">
        <ele>759.0</ele>
      </trkpt>
      <trkpt lat="43.81275" lon="7.44707">
        <ele>754.7</ele>
      </trkpt>
      <trkpt lat="43.81298" lon="7.44693">
        <ele>750.3</ele>
      </trkpt>
      <trkpt lat="43.81309" lon="7.4469">
        <ele>747.1</ele>
      </trkpt>
      <trkpt lat="43.8134" lon="7.4469">
        <ele>738.3</ele>
      </trkpt>
      <trkpt lat="43.81355" lon="7.44686">
        <ele>739.5</ele>
      </trkpt>
      <trkpt lat="43.81359" lon="7.44684">
        <ele>740.0</ele>
      </trkpt>
      <trkpt lat="43.81371" lon="7.44674">
        <ele>742.3</ele>
      </trkpt>
      <trkpt lat="43.81403" lon="7.44641">
        <ele>743.6</ele>
      </trkpt>
      <trkpt lat="43.81411" lon="7.44628">
        <ele>742.5</ele>
      </trkpt>
      <trkpt lat="43.81418" lon="7.44628">
        <ele>741.9</ele>
      </trkpt>
      <trkpt lat="43.8143" lon="7.44621">
        <ele>744.0</ele>
      </trkpt>
      <trkpt lat="43.8144" lon="7.44609">
        <ele>745.0</ele>
      </trkpt>
      <trkpt lat="43.81452" lon="7.4459">
        <ele>745.3</ele>
      </trkpt>
      <trkpt lat="43.81478" lon="7.44551">
        <ele>742.1</ele>
      </trkpt>
      <trkpt lat="43.81493" lon="7.44534">
        <ele>738.3</ele>
      </trkpt>
      <trkpt lat="43.81566" lon="7.44475">
        <ele>745.3</ele>
      </trkpt>
      <trkpt lat="43.8163" lon="7.44428">
        <ele>752.5</ele>
      </trkpt>
      <trkpt lat="43.81698" lon="7.44391">
        <ele>753.5</ele>
      </trkpt>
      <trkpt lat="43.81709" lon="7.44389">
        <ele>754.1</ele>
      </trkpt>
      <trkpt lat="43.81727" lon="7.44393">
        <ele>757.9</ele>
      </trkpt>
      <trkpt lat="43.81736" lon="7.44398">
        <ele>760.9</ele>
      </trkpt>
      <trkpt lat="43.81762" lon="7.44429">
        <ele>775.1</ele>
      </trkpt>
      <trkpt lat="43.81776" lon="7.44436">
        <ele>779.3</ele>
      </trkpt>
      <trkpt lat="43.81793" lon="7.44441">
        <ele>783.0</ele>
      </trkpt>
      <trkpt lat="43.81801" lon="7.44441">
        <ele>783.9</ele>
      </trkpt>
      <trkpt lat="43.8181" lon="7.44435">
        <ele>783.0</ele>
      </trkpt>
      <trkpt lat="43.81819" lon="7.44418">
        <ele>778.5</ele>
      </trkpt>
      <trkpt lat="43.81841" lon="7.44389">
        <ele>776.6</ele>
      </trkpt>
      <trkpt lat="43.81847" lon="7.44376">
        <ele>775.7</ele>
      </trkpt>
      <trkpt lat="43.81857" lon="7.44346">
        <ele>771.6</ele>
      </trkpt>
      <trkpt lat="43.81863" lon="7.44337">
        <ele>771.2</ele>
      </trkpt>
      <trkpt lat="43.81868" lon="7.44333">
        <ele>771.7</ele>
      </trkpt>
      <trkpt lat="43.81874" lon="7.44331">
        <ele>773.1</ele>
      </trkpt>
      <trkpt lat="43.8189" lon="7.44329">
        <ele>777.4</ele>
      </trkpt>
      <trkpt lat="43.81898" lon="7.44332">
        <ele>780.8</ele>
      </trkpt>
      <trkpt lat="43.81901" lon="7.44341">
        <ele>784.5</ele>
      </trkpt>
      <trkpt lat="43.81899" lon="7.44348">
        <ele>785.9</ele>
      </trkpt>
      <trkpt lat="43.81891" lon="7.44352">
        <ele>784.5</ele>
      </trkpt>
      <trkpt lat="43.81881" lon="7.44355">
        <ele>782.0</ele>
      </trkpt>
      <trkpt lat="43.81874" lon="7.44363">
        <ele>781.8</ele>
      </trkpt>
      <trkpt lat="43.81869" lon="7.44375">
        <ele>783.3</ele>
      </trkpt>
      <trkpt lat="43.81851" lon="7.4444">
        <ele>794.3</ele>
      </trkpt>
      <trkpt lat="43.81834" lon="7.44505">
        <ele>807.9</ele>
      </trkpt>
      <trkpt lat="43.81829" lon="7.44517">
        <ele>811.3</ele>
      </trkpt>
      <trkpt lat="43.81818" lon="7.44527">
        <ele>813.4</ele>
      </trkpt>
      <trkpt lat="43.81804" lon="7.44534">
        <ele>814.0</ele>
      </trkpt>
      <trkpt lat="43.81794" lon="7.44535">
        <ele>813.1</ele>
      </trkpt>
      <trkpt lat="43.81785" lon="7.44532">
        <ele>811.3</ele>
      </trkpt>
      <trkpt lat="43.8177" lon="7.44517">
        <ele>805.8</ele>
      </trkpt>
      <trkpt lat="43.81762" lon="7.44512">
        <ele>803.8</ele>
      </trkpt>
      <trkpt lat="43.81735" lon="7.44507">
        <ele>800.0</ele>
      </trkpt>
      <trkpt lat="43.81728" lon="7.44508">
        <ele>799.5</ele>
      </trkpt>
      <trkpt lat="43.81722" lon="7.44511">
        <ele>799.6</ele>
      </trkpt>
      <trkpt lat="43.81722" lon="7.44519">
        <ele>801.5</ele>
      </trkpt>
      <trkpt lat="43.81725" lon="7.44526">
        <ele>803.5</ele>
      </trkpt>
      <trkpt lat="43.81745" lon="7.44532">
        <ele>806.8</ele>
      </trkpt>
      <trkpt lat="43.81752" lon="7.44538">
        <ele>808.9</ele>
      </trkpt>
      <trkpt lat="43.81766" lon="7.44561">
        <ele>816.3</ele>
      </trkpt>
      <trkpt lat="43.81771" lon="7.44566">
        <ele>818.4</ele>
      </trkpt>
      <trkpt lat="43.81779" lon="7.44567">
        <ele>819.9</ele>
      </trkpt>
      <trkpt lat="43.81814" lon="7.44567">
        <ele>825.4</ele>
      </trkpt>
      <trkpt lat="43.81837" lon="7.44565">
        <ele>829.4</ele>
      </trkpt>
      <trkpt lat="43.81855" lon="7.44554">
        <ele>833.1</ele>
      </trkpt>
      <trkpt lat="43.81867" lon="7.44539">
        <ele>832.6</ele>
      </trkpt>
      <trkpt lat="43.81883" lon="7.44518">
        <ele>831.2</ele>
      </trkpt>
      <trkpt lat="43.81914" lon="7.44458">
        <ele>824.4</ele>
      </trkpt>
      <trkpt lat="43.8192" lon="7.44457">
        <ele>826.2</ele>
      </trkpt>
      <trkpt lat="43.81925" lon="7.44462">
        <ele>829.2</ele>
      </trkpt>
      <trkpt lat="43.81923" lon="7.44473">
        <ele>831.7</ele>
      </trkpt>
      <trkpt lat="43.81913" lon="7.44488">
        <ele>832.3</ele>
      </trkpt>
      <trkpt lat="43.81899" lon="7.44515">
        <ele>836.2</ele>
      </trkpt>
      <trkpt lat="43.81876" lon="7.44552">
        <ele>841.0</ele>
      </trkpt>
      <trkpt lat="43.81876" lon="7.44558">
        <ele>843.2</ele>
      </trkpt>
      <trkpt lat="43.81879" lon="7.44563">
        <ele>846.2</ele>
      </trkpt>
      <trkpt lat="43.81884" lon="7.44563">
        <ele>848.3</ele>
      </trkpt>
      <trkpt lat="43.81915" lon="7.44511">
        <ele>840.7</ele>
      </trkpt>
      <trkpt lat="43.81924" lon="7.44494">
        <ele>838.1</ele>
      </trkpt>
      <trkpt lat="43.81937" lon="7.44481">
        <ele>838.9</ele>
      </trkpt>
      <trkpt lat="43.81951" lon="7.44473">
        <ele>841.1</ele>
      </trkpt>
      <trkpt lat="43.81967" lon="7.44469">
        <ele>845.1</ele>
      </trkpt>
      <trkpt lat="43.81987" lon="7.44468">
        <ele>851.3</ele>
      </trkpt>
      <trkpt lat="43.82016" lon="7.44473">
        <ele>864.2</ele>
      </trkpt>
      <trkpt lat="43.82026" lon="7.44471">
        <ele>867.5</ele>
      </trkpt>
      <trkpt lat="43.82032" lon="7.44466">
        <ele>868.1</ele>
      </trkpt>
      <trkpt lat="43.82038" lon="7.44459">
        <ele>868.2</ele>
      </trkpt>
      <trkpt lat="43.82045" lon="7.44446">
        <ele>866.7</ele>
      </trkpt>
      <trkpt lat="43.82062" lon="7.44393">
        <ele>858.3</ele>
      </trkpt>
      <trkpt lat="43.82068" lon="7.44381">
        <ele>857.9</ele>
      </trkpt>
      <trkpt lat="43.82077" lon="7.44369">
        <ele>859.0</ele>
      </trkpt>
      <trkpt lat="43.82095" lon="7.44351">
        <ele>860.3</ele>
      </trkpt>
      <trkpt lat="43.82111" lon="7.44341">
        <ele>861.8</ele>
      </trkpt>
      <trkpt lat="43.82127" lon="7.44332">
        <ele>863.5</ele>
      </trkpt>
      <trkpt lat="43.82142" lon="7.44326">
        <ele>865.2</ele>
      </trkpt>
      <trkpt lat="43.82155" lon="7.44325">
        <ele>868.4</ele>
      </trkpt>
      <trkpt lat="43.82184" lon="7.44337">
        <ele>879.6</ele>
      </trkpt>
      <trkpt lat="43.82188" lon="7.44337">
        <ele>880.5</ele>
      </trkpt>
      <trkpt lat="43.82194" lon="7.44331">
        <ele>880.1</ele>
      </trkpt>
      <trkpt lat="43.82205" lon="7.44315">
        <ele>877.7</ele>
      </trkpt>
      <trkpt lat="43.82245" lon="7.44269">
        <ele>878.8</ele>
      </trkpt>
      <trkpt lat="43.82257" lon="7.44252">
        <ele>880.1</ele>
      </trkpt>
      <trkpt lat="43.82273" lon="7.44224">
        <ele>885.4</ele>
      </trkpt>
      <trkpt lat="43.82276" lon="7.44222">
        <ele>886.6</ele>
      </trkpt>
      <trkpt lat="43.8228" lon="7.44222">
        <ele>888.4</ele>
      </trkpt>
      <trkpt lat="43.82287" lon="7.44227">
        <ele>891.6</ele>
      </trkpt>
      <trkpt lat="43.82288" lon="7.44232">
        <ele>892.0</ele>
      </trkpt>
      <trkpt lat="43.82286" lon="7.4424">
        <ele>891.2</ele>
      </trkpt>
      <trkpt lat="43.82278" lon="7.44248">
        <ele>888.1</ele>
      </trkpt>
      <trkpt lat="43.82269" lon="7.44264">
        <ele>886.8</ele>
      </trkpt>
      <trkpt lat="43.82254" lon="7.44306">
        <ele>889.0</ele>
      </trkpt>
      <trkpt lat="43.82251" lon="7.44322">
        <ele>891.1</ele>
      </trkpt>
      <trkpt lat="43.82253" lon="7.44365">
        <ele>897.6</ele>
      </trkpt>
      <trkpt lat="43.82256" lon="7.44374">
        <ele>899.5</ele>
      </trkpt>
      <trkpt lat="43.82262" lon="7.44379">
        <ele>901.7</ele>
      </trkpt>
      <trkpt lat="43.82267" lon="7.44378">
        <ele>902.9</ele>
      </trkpt>
      <trkpt lat="43.82272" lon="7.44372">
        <ele>903.4</ele>
      </trkpt>
      <trkpt lat="43.82275" lon="7.44347">
        <ele>901.0</ele>
      </trkpt>
      <trkpt lat="43.82278" lon="7.44332">
        <ele>899.9</ele>
      </trkpt>
      <trkpt lat="43.82288" lon="7.44305">
        <ele>899.0</ele>
      </trkpt>
      <trkpt lat="43.823" lon="7.44278">
        <ele>899.8</ele>
      </trkpt>
      <trkpt lat="43.82309" lon="7.4427">
        <ele>902.2</ele>
      </trkpt>
      <trkpt lat="43.82318" lon="7.44266">
        <ele>905.1</ele>
      </trkpt>
      <trkpt lat="43.82325" lon="7.44268">
        <ele>907.8</ele>
      </trkpt>
      <trkpt lat="43.8233" lon="7.4428">
        <ele>910.3</ele>
      </trkpt>
      <trkpt lat="43.82328" lon="7.44295">
        <ele>910.5</ele>
      </trkpt>
      <trkpt lat="43.82324" lon="7.44311">
        <ele>910.2</ele>
      </trkpt>
      <trkpt lat="43.82321" lon="7.4433">
        <ele>910.7</ele>
      </trkpt>
      <trkpt lat="43.82315" lon="7.44386">
        <ele>916.7</ele>
      </trkpt>
      <trkpt lat="43.82312" lon="7.44402">
        <ele>918.1</ele>
      </trkpt>
      <trkpt lat="43.8229" lon="7.44454">
        <ele>923.7</ele>
      </trkpt>
      <trkpt lat="43.82275" lon="7.44485">
        <ele>927.0</ele>
      </trkpt>
      <trkpt lat="43.82241" lon="7.44535">
        <ele>930.5</ele>
      </trkpt>
      <trkpt lat="43.82214" lon="7.44581">
        <ele>935.0</ele>
      </trkpt>
      <trkpt lat="43.82189" lon="7.44629">
        <ele>939.8</ele>
      </trkpt>
      <trkpt lat="43.82176" lon="7.44658">
        <ele>942.8</ele>
      </trkpt>
      <trkpt lat="43.82148" lon="7.44711">
        <ele>945.6</ele>
      </trkpt>
      <trkpt lat="43.82121" lon="7.4475">
        <ele>946.8</ele>
      </trkpt>
      <trkpt lat="43.82118" lon="7.44759">
        <ele>945.5</ele>
      </trkpt>
      <trkpt lat="43.82119" lon="7.44767">
        <ele>945.1</ele>
      </trkpt>
      <trkpt lat="43.82125" lon="7.44771">
        <ele>946.1</ele>
      </trkpt>
      <trkpt lat="43.8213" lon="7.44769">
        <ele>947.3</ele>
      </trkpt>
      <trkpt lat="43.82182" lon="7.44705">
        <ele>953.0</ele>
      </trkpt>
      <trkpt lat="43.82234" lon="7.44641">
        <ele>955.6</ele>
      </trkpt>
      <trkpt lat="43.82284" lon="7.44597">
        <ele>960.4</ele>
      </trkpt>
      <trkpt lat="43.8233" lon="7.4457">
        <ele>968.1</ele>
      </trkpt>
      <trkpt lat="43.82375" lon="7.44542">
        <ele>974.6</ele>
      </trkpt>
      <trkpt lat="43.82375" lon="7.44542">
        <ele>974.6</ele>
      </trkpt>
      <trkpt lat="43.82407" lon="7.44523">
        <ele>979.1</ele>
      </trkpt>
      <trkpt lat="43.82471" lon="7.44448">
        <ele>987.0</ele>
      </trkpt>
      <trkpt lat="43.82507" lon="7.44393">
        <ele>987.3</ele>
      </trkpt>
      <trkpt lat="43.82557" lon="7.44345">
        <ele>992.3</ele>
      </trkpt>
      <trkpt lat="43.82613" lon="7.44311">
        <ele>1000.9</ele>
      </trkpt>
      <trkpt lat="43.82668" lon="7.44278">
        <ele>1005.2</ele>
      </trkpt>
      <trkpt lat="43.82723" lon="7.44244">
        <ele>1011.0</ele>
      </trkpt>
      <trkpt lat="43.82801" lon="7.44204">
        <ele>1019.1</ele>
      </trkpt>
      <trkpt lat="43.82826" lon="7.44194">
        <ele>1022.8</ele>
      </trkpt>
      <trkpt lat="43.8284" lon="7.4419">
        <ele>1024.2</ele>
      </trkpt>
      <trkpt lat="43.82849" lon="7.44188">
        <ele>1024.2</ele>
      </trkpt>
      <trkpt lat="43.82878" lon="7.4419">
        <ele>1026.9</ele>
      </trkpt>
      <trkpt lat="43.82897" lon="7.44188">
        <ele>1027.6</ele>
      </trkpt>
      <trkpt lat="43.8292" lon="7.44177">
        <ele>1025.6</ele>
      </trkpt>
      <trkpt lat="43.82945" lon="7.44162">
        <ele>1022.9</ele>
      </trkpt>
      <trkpt lat="43.82958" lon="7.44158">
        <ele>1022.7</ele>
      </trkpt>
      <trkpt lat="43.82974" lon="7.44157">
        <ele>1023.3</ele>
      </trkpt>
      <trkpt lat="43.82986" lon="7.44154">
        <ele>1023.0</ele>
      </trkpt>
      <trkpt lat="43.83012" lon="7.4414">
        <ele>1018.8</ele>
      </trkpt>
      <trkpt lat="43.83029" lon="7.44137">
        <ele>1017.4</ele>
      </trkpt>
      <trkpt lat="43.83059" lon="7.44138">
        <ele>1017.1</ele>
      </trkpt>
      <trkpt lat="43.83095" lon="7.44135">
        <ele>1013.3</ele>
      </trkpt>
      <trkpt lat="43.8314" lon="7.44128">
        <ele>1002.6</ele>
      </trkpt>
      <trkpt lat="43.83155" lon="7.44129">
        <ele>1000.4</ele>
      </trkpt>
      <trkpt lat="43.83169" lon="7.44139">
        <ele>1001.3</ele>
      </trkpt>
      <trkpt lat="43.8319" lon="7.44165">
        <ele>1002.8</ele>
      </trkpt>
      <trkpt lat="43.83204" lon="7.44188">
        <ele>1008.2</ele>
      </trkpt>
      <trkpt lat="43.83219" lon="7.44224">
        <ele>1018.5</ele>
      </trkpt>
      <trkpt lat="43.83228" lon="7.44236">
        <ele>1019.7</ele>
      </trkpt>
      <trkpt lat="43.83234" lon="7.4424">
        <ele>1018.6</ele>
      </trkpt>
      <trkpt lat="43.83248" lon="7.44239">
        <ele>1011.5</ele>
      </trkpt>
      <trkpt lat="43.83273" lon="7.44232">
        <ele>1007.4</ele>
      </trkpt>
      <trkpt lat="43.83283" lon="7.44226">
        <ele>1004.9</ele>
      </trkpt>
      <trkpt lat="43.83294" lon="7.44215">
        <ele>1000.4</ele>
      </trkpt>
      <trkpt lat="43.83314" lon="7.44202">
        <ele>995.1</ele>
      </trkpt>
      <trkpt lat="43.83323" lon="7.4419">
        <ele>990.3</ele>
      </trkpt>
      <trkpt lat="43.83331" lon="7.44172">
        <ele>983.1</ele>
      </trkpt>
      <trkpt lat="43.83338" lon="7.44163">
        <ele>979.4</ele>
      </trkpt>
      <trkpt lat="43.83348" lon="7.44154">
        <ele>975.7</ele>
      </trkpt>
      <trkpt lat="43.8336" lon="7.4415">
        <ele>973.0</ele>
      </trkpt>
      <trkpt lat="43.83379" lon="7.44152">
        <ele>970.8</ele>
      </trkpt>
      <trkpt lat="43.83397" lon="7.4417">
        <ele>972.9</ele>
      </trkpt>
      <trkpt lat="43.83419" lon="7.44189">
        <ele>975.1</ele>
      </trkpt>
      <trkpt lat="43.8344" lon="7.44218">
        <ele>977.4</ele>
      </trkpt>
      <trkpt lat="43.83445" lon="7.44221">
        <ele>976.6</ele>
      </trkpt>
      <trkpt lat="43.83458" lon="7.44224">
        <ele>973.4</ele>
      </trkpt>
      <trkpt lat="43.83465" lon="7.4423">
        <ele>972.6</ele>
      </trkpt>
      <trkpt lat="43.83497" lon="7.44266">
        <ele>968.1</ele>
      </trkpt>
      <trkpt lat="43.835" lon="7.44274">
        <ele>967.9</ele>
      </trkpt>
      <trkpt lat="43.83509" lon="7.44352">
        <ele>973.3</ele>
      </trkpt>
      <trkpt lat="43.8352" lon="7.44401">
        <ele>973.1</ele>
      </trkpt>
      <trkpt lat="43.83524" lon="7.44425">
        <ele>973.2</ele>
      </trkpt>
      <trkpt lat="43.83529" lon="7.44449">
        <ele>972.3</ele>
      </trkpt>
      <trkpt lat="43.83532" lon="7.44456">
        <ele>971.8</ele>
      </trkpt>
      <trkpt lat="43.83537" lon="7.44462">
        <ele>970.8</ele>
      </trkpt>
      <trkpt lat="43.83551" lon="7.44467">
        <ele>967.8</ele>
      </trkpt>
      <trkpt lat="43.83557" lon="7.44465">
        <ele>966.6</ele>
      </trkpt>
      <trkpt lat="43.83563" lon="7.44458">
        <ele>965.3</ele>
      </trkpt>
      <trkpt lat="43.83587" lon="7.4442">
        <ele>961.0</ele>
      </trkpt>
      <trkpt lat="43.83612" lon="7.44386">
        <ele>958.7</ele>
      </trkpt>
      <trkpt lat="43.8364" lon="7.44362">
        <ele>958.7</ele>
      </trkpt>
      <trkpt lat="43.83664" lon="7.44324">
        <ele>958.7</ele>
      </trkpt>
      <trkpt lat="43.83692" lon="7.44291">
        <ele>956.5</ele>
      </trkpt>
      <trkpt lat="43.83703" lon="7.4427">
        <ele>955.9</ele>
      </trkpt>
      <trkpt lat="43.83704" lon="7.4424">
        <ele>954.5</ele>
      </trkpt>
      <trkpt lat="43.83721" lon="7.44192">
        <ele>954.3</ele>
      </trkpt>
      <trkpt lat="43.83725" lon="7.44156">
        <ele>953.8</ele>
      </trkpt>
      <trkpt lat="43.83727" lon="7.44078">
        <ele>953.8</ele>
      </trkpt>
      <trkpt lat="43.83739" lon="7.44038">
        <ele>955.8</ele>
      </trkpt>
      <trkpt lat="43.83739" lon="7.44033">
        <ele>955.8</ele>
      </trkpt>
      <trkpt lat="43.83739" lon="7.44033">
        <ele>955.8</ele>
      </trkpt>
      <trkpt lat="43.83737" lon="7.43967">
        <ele>955.4</ele>
      </trkpt>
      <trkpt lat="43.83742" lon="7.43941">
        <ele>956.5</ele>
      </trkpt>
      <trkpt lat="43.83751" lon="7.43916">
        <ele>958.2</ele>
      </trkpt>
      <trkpt lat="43.83791" lon="7.4386">
        <ele>961.4</ele>
      </trkpt>
      <trkpt lat="43.83831" lon="7.43804">
        <ele>955.3</ele>
      </trkpt>
      <trkpt lat="43.83869" lon="7.43778">
        <ele>954.0</ele>
      </trkpt>
      <trkpt lat="43.83915" lon="7.43751">
        <ele>951.2</ele>
      </trkpt>
      <trkpt lat="43.8397" lon="7.43704">
        <ele>950.1</ele>
      </trkpt>
      <trkpt lat="43.84002" lon="7.43691">
        <ele>951.4</ele>
      </trkpt>
      <trkpt lat="43.84035" lon="7.43681">
        <ele>952.5</ele>
      </trkpt>
      <trkpt lat="43.84046" lon="7.43669">
        <ele>951.6</ele>
      </trkpt>
      <trkpt lat="43.84047" lon="7.43654">
        <ele>950.7</ele>
      </trkpt>
      <trkpt lat="43.84044" lon="7.43584">
        <ele>946.8</ele>
      </trkpt>
      <trkpt lat="43.84044" lon="7.43554">
        <ele>949.1</ele>
      </trkpt>
      <trkpt lat="43.84042" lon="7.43537">
        <ele>950.2</ele>
      </trkpt>
      <trkpt lat="43.84034" lon="7.43522">
        <ele>949.8</ele>
      </trkpt>
      <trkpt lat="43.84018" lon="7.43503">
        <ele>947.7</ele>
      </trkpt>
      <trkpt lat="43.84004" lon="7.43478">
        <ele>946.3</ele>
      </trkpt>
      <trkpt lat="43.84002" lon="7.4346">
        <ele>946.9</ele>
      </trkpt>
      <trkpt lat="43.84009" lon="7.43394">
        <ele>952.5</ele>
      </trkpt>
      <trkpt lat="43.84012" lon="7.43326">
        <ele>955.8</ele>
      </trkpt>
      <trkpt lat="43.84014" lon="7.43222">
        <ele>959.0</ele>
      </trkpt>
      <trkpt lat="43.84023" lon="7.4319">
        <ele>962.9</ele>
      </trkpt>
      <trkpt lat="43.84035" lon="7.43156">
        <ele>968.2</ele>
      </trkpt>
      <trkpt lat="43.84034" lon="7.43136">
        <ele>969.2</ele>
      </trkpt>
      <trkpt lat="43.84023" lon="7.43063">
        <ele>971.2</ele>
      </trkpt>
      <trkpt lat="43.84012" lon="7.42991">
        <ele>975.7</ele>
      </trkpt>
      <trkpt lat="43.84008" lon="7.42971">
        <ele>977.4</ele>
      </trkpt>
      <trkpt lat="43.84005" lon="7.42961">
        <ele>978.0</ele>
      </trkpt>
      <trkpt lat="43.84004" lon="7.42954">
        <ele>978.8</ele>
      </trkpt>
      <trkpt lat="43.83972" lon="7.42847">
        <ele>993.8</ele>
      </trkpt>
      <trkpt lat="43.83965" lon="7.42834">
        <ele>995.4</ele>
      </trkpt>
      <trkpt lat="43.83941" lon="7.42803">
        <ele>999.8</ele>
      </trkpt>
      <trkpt lat="43.83942" lon="7.42794">
        <ele>1001.7</ele>
      </trkpt>
      <trkpt lat="43.83949" lon="7.42793">
        <ele>1002.4</ele>
      </trkpt>
      <trkpt lat="43.84023" lon="7.42862">
        <ele>1000.1</ele>
      </trkpt>
      <trkpt lat="43.84042" lon="7.42883">
        <ele>1001.7</ele>
      </trkpt>
      <trkpt lat="43.84055" lon="7.42895">
        <ele>1002.9</ele>
      </trkpt>
      <trkpt lat="43.84083" lon="7.42911">
        <ele>1007.3</ele>
      </trkpt>
      <trkpt lat="43.84095" lon="7.42928">
        <ele>1009.4</ele>
      </trkpt>
      <trkpt lat="43.841" lon="7.42933">
        <ele>1010.9</ele>
      </trkpt>
      <trkpt lat="43.84104" lon="7.42931">
        <ele>1012.8</ele>
      </trkpt>
      <trkpt lat="43.84105" lon="7.42927">
        <ele>1013.8</ele>
      </trkpt>
      <trkpt lat="43.84067" lon="7.42857">
        <ele>1015.1</ele>
      </trkpt>
      <trkpt lat="43.8405" lon="7.42818">
        <ele>1018.4</ele>
      </trkpt>
      <trkpt lat="43.84041" lon="7.42794">
        <ele>1020.7</ele>
      </trkpt>
      <trkpt lat="43.84022" lon="7.4273">
        <ele>1027.8</ele>
      </trkpt>
      <trkpt lat="43.84015" lon="7.42714">
        <ele>1028.6</ele>
      </trkpt>
      <trkpt lat="43.83995" lon="7.42673">
        <ele>1031.3</ele>
      </trkpt>
      <trkpt lat="43.83981" lon="7.42649">
        <ele>1036.9</ele>
      </trkpt>
      <trkpt lat="43.83957" lon="7.42611">
        <ele>1044.7</ele>
      </trkpt>
      <trkpt lat="43.83934" lon="7.4258">
        <ele>1048.6</ele>
      </trkpt>
      <trkpt lat="43.83926" lon="7.42571">
        <ele>1049.1</ele>
      </trkpt>
      <trkpt lat="43.83921" lon="7.42569">
        <ele>1048.6</ele>
      </trkpt>
      <trkpt lat="43.83912" lon="7.4257">
        <ele>1049.0</ele>
      </trkpt>
      <trkpt lat="43.83906" lon="7.4258">
        <ele>1049.0</ele>
      </trkpt>
      <trkpt lat="43.83892" lon="7.42635">
        <ele>1041.7</ele>
      </trkpt>
      <trkpt lat="43.83885" lon="7.42681">
        <ele>1033.1</ele>
      </trkpt>
      <trkpt lat="43.83871" lon="7.42707">
        <ele>1029.8</ele>
      </trkpt>
      <trkpt lat="43.83861" lon="7.42721">
        <ele>1028.4</ele>
      </trkpt>
      <trkpt lat="43.83853" lon="7.42721">
        <ele>1030.2</ele>
      </trkpt>
      <trkpt lat="43.83847" lon="7.42719">
        <ele>1032.1</ele>
      </trkpt>
      <trkpt lat="43.8384" lon="7.42714">
        <ele>1035.2</ele>
      </trkpt>
      <trkpt lat="43.83814" lon="7.42675">
        <ele>1045.4</ele>
      </trkpt>
      <trkpt lat="43.83801" lon="7.4266">
        <ele>1047.8</ele>
      </trkpt>
      <trkpt lat="43.83785" lon="7.42651">
        <ele>1048.1</ele>
      </trkpt>
      <trkpt lat="43.83751" lon="7.42648">
        <ele>1044.2</ele>
      </trkpt>
      <trkpt lat="43.83728" lon="7.42637">
        <ele>1045.6</ele>
      </trkpt>
      <trkpt lat="43.83706" lon="7.42632">
        <ele>1045.1</ele>
      </trkpt>
      <trkpt lat="43.83682" lon="7.42629">
        <ele>1043.5</ele>
      </trkpt>
      <trkpt lat="43.83647" lon="7.42628">
        <ele>1034.7</ele>
      </trkpt>
      <trkpt lat="43.83635" lon="7.42623">
        <ele>1031.0</ele>
      </trkpt>
      <trkpt lat="43.83627" lon="7.42611">
        <ele>1030.0</ele>
      </trkpt>
      <trkpt lat="43.83624" lon="7.42586">
        <ele>1033.1</ele>
      </trkpt>
      <trkpt lat="43.83629" lon="7.42527">
        <ele>1032.2</ele>
      </trkpt>
      <trkpt lat="43.83636" lon="7.42496">
        <ele>1033.2</ele>
      </trkpt>
      <trkpt lat="43.83644" lon="7.42487">
        <ele>1035.3</ele>
      </trkpt>
      <trkpt lat="43.83724" lon="7.42453">
        <ele>1050.5</ele>
      </trkpt>
      <trkpt lat="43.8374" lon="7.4244">
        <ele>1051.8</ele>
      </trkpt>
      <trkpt lat="43.83743" lon="7.4243">
        <ele>1050.6</ele>
      </trkpt>
      <trkpt lat="43.83745" lon="7.42421">
        <ele>1049.5</ele>
      </trkpt>
      <trkpt lat="43.83748" lon="7.42378">
        <ele>1047.4</ele>
      </trkpt>
      <trkpt lat="43.83746" lon="7.42352">
        <ele>1045.3</ele>
      </trkpt>
      <trkpt lat="43.83729" lon="7.42253">
        <ele>1040.3</ele>
      </trkpt>
      <trkpt lat="43.83728" lon="7.42229">
        <ele>1039.1</ele>
      </trkpt>
      <trkpt lat="43.83733" lon="7.42198">
        <ele>1041.1</ele>
      </trkpt>
      <trkpt lat="43.83743" lon="7.4218">
        <ele>1046.4</ele>
      </trkpt>
      <trkpt lat="43.83754" lon="7.42164">
        <ele>1051.4</ele>
      </trkpt>
      <trkpt lat="43.8379" lon="7.42056">
        <ele>1053.1</ele>
      </trkpt>
      <trkpt lat="43.83794" lon="7.42028">
        <ele>1054.4</ele>
      </trkpt>
      <trkpt lat="43.83784" lon="7.41934">
        <ele>1045.6</ele>
      </trkpt>
      <trkpt lat="43.83788" lon="7.41901">
        <ele>1045.2</ele>
      </trkpt>
      <trkpt lat="43.83799" lon="7.41857">
        <ele>1045.7</ele>
      </trkpt>
      <trkpt lat="43.83816" lon="7.41817">
        <ele>1050.7</ele>
      </trkpt>
      <trkpt lat="43.83841" lon="7.41765">
        <ele>1056.7</ele>
      </trkpt>
      <trkpt lat="43.8385" lon="7.41739">
        <ele>1058.3</ele>
      </trkpt>
      <trkpt lat="43.83856" lon="7.41703">
        <ele>1057.4</ele>
      </trkpt>
      <trkpt lat="43.83867" lon="7.41629">
        <ele>1053.6</ele>
      </trkpt>
      <trkpt lat="43.83886" lon="7.41561">
        <ele>1055.7</ele>
      </trkpt>
      <trkpt lat="43.83892" lon="7.41533">
        <ele>1054.7</ele>
      </trkpt>
      <trkpt lat="43.83912" lon="7.41489">
        <ele>1059.8</ele>
      </trkpt>
      <trkpt lat="43.83931" lon="7.41439">
        <ele>1061.7</ele>
      </trkpt>
      <trkpt lat="43.8394" lon="7.41389">
        <ele>1054.8</ele>
      </trkpt>
      <trkpt lat="43.83946" lon="7.41366">
        <ele>1052.0</ele>
      </trkpt>
      <trkpt lat="43.83948" lon="7.41364">
        <ele>1052.5</ele>
      </trkpt>
      <trkpt lat="43.83948" lon="7.41364">
        <ele>1052.5</ele>
      </trkpt>
      <trkpt lat="43.83959" lon="7.4135">
        <ele>1054.3</ele>
      </trkpt>
      <trkpt lat="43.83979" lon="7.41333">
        <ele>1059.5</ele>
      </trkpt>
      <trkpt lat="43.83998" lon="7.41327">
        <ele>1066.2</ele>
      </trkpt>
      <trkpt lat="43.84037" lon="7.41306">
        <ele>1073.4</ele>
      </trkpt>
      <trkpt lat="43.84063" lon="7.41279">
        <ele>1073.8</ele>
      </trkpt>
      <trkpt lat="43.84086" lon="7.41248">
        <ele>1072.2</ele>
      </trkpt>
      <trkpt lat="43.84113" lon="7.4122">
        <ele>1071.5</ele>
      </trkpt>
      <trkpt lat="43.84148" lon="7.41185">
        <ele>1072.1</ele>
      </trkpt>
      <trkpt lat="43.84179" lon="7.4117">
        <ele>1075.6</ele>
      </trkpt>
      <trkpt lat="43.84198" lon="7.41165">
        <ele>1075.6</ele>
      </trkpt>
      <trkpt lat="43.84214" lon="7.4116">
        <ele>1075.1</ele>
      </trkpt>
      <trkpt lat="43.84238" lon="7.41157">
        <ele>1076.5</ele>
      </trkpt>
      <trkpt lat="43.84269" lon="7.41154">
        <ele>1077.0</ele>
      </trkpt>
      <trkpt lat="43.84297" lon="7.41155">
        <ele>1078.2</ele>
      </trkpt>
      <trkpt lat="43.84333" lon="7.41154">
        <ele>1078.7</ele>
      </trkpt>
      <trkpt lat="43.84364" lon="7.41146">
        <ele>1076.8</ele>
      </trkpt>
      <trkpt lat="43.84409" lon="7.4115">
        <ele>1080.1</ele>
      </trkpt>
      <trkpt lat="43.84435" lon="7.41149">
        <ele>1081.5</ele>
      </trkpt>
      <trkpt lat="43.84441" lon="7.41151">
        <ele>1082.4</ele>
      </trkpt>
      <trkpt lat="43.84471" lon="7.41142">
        <ele>1083.6</ele>
      </trkpt>
      <trkpt lat="43.84483" lon="7.41136">
        <ele>1084.3</ele>
      </trkpt>
      <trkpt lat="43.84496" lon="7.41125">
        <ele>1085.4</ele>
      </trkpt>
      <trkpt lat="43.84507" lon="7.41111">
        <ele>1084.7</ele>
      </trkpt>
      <trkpt lat="43.84514" lon="7.41103">
        <ele>1083.8</ele>
      </trkpt>
      <trkpt lat="43.84534" lon="7.41095">
        <ele>1081.7</ele>
      </trkpt>
      <trkpt lat="43.84558" lon="7.4108">
        <ele>1081.4</ele>
      </trkpt>
      <trkpt lat="43.84585" lon="7.4106">
        <ele>1088.3</ele>
      </trkpt>
      <trkpt lat="43.84625" lon="7.41037">
        <ele>1089.9</ele>
      </trkpt>
      <trkpt lat="43.84647" lon="7.41029">
        <ele>1088.8</ele>
      </trkpt>
      <trkpt lat="43.84668" lon="7.41025">
        <ele>1086.1</ele>
      </trkpt>
      <trkpt lat="43.84725" lon="7.41026">
        <ele>1078.9</ele>
      </trkpt>
      <trkpt lat="43.84793" lon="7.41017">
        <ele>1074.1</ele>
      </trkpt>
      <trkpt lat="43.84861" lon="7.41008">
        <ele>1071.2</ele>
      </trkpt>
      <trkpt lat="43.84929" lon="7.41012">
        <ele>1065.7</ele>
      </trkpt>
      <trkpt lat="43.84958" lon="7.41022">
        <ele>1061.1</ele>
      </trkpt>
      <trkpt lat="43.84984" lon="7.41039">
        <ele>1055.1</ele>
      </trkpt>
      <trkpt lat="43.84994" lon="7.41038">
        <ele>1056.0</ele>
      </trkpt>
      <trkpt lat="43.85008" lon="7.41026">
        <ele>1058.5</ele>
      </trkpt>
      <trkpt lat="43.85027" lon="7.40999">
        <ele>1062.4</ele>
      </trkpt>
      <trkpt lat="43.85043" lon="7.40971">
        <ele>1065.3</ele>
      </trkpt>
      <trkpt lat="43.85068" lon="7.40969">
        <ele>1060.1</ele>
      </trkpt>
      <trkpt lat="43.85132" lon="7.41">
        <ele>1045.7</ele>
      </trkpt>
      <trkpt lat="43.8515" lon="7.41015">
        <ele>1040.0</ele>
      </trkpt>
      <trkpt lat="43.85163" lon="7.41012">
        <ele>1040.2</ele>
      </trkpt>
      <trkpt lat="43.8518" lon="7.41003">
        <ele>1040.0</ele>
      </trkpt>
      <trkpt lat="43.85184" lon="7.40971">
        <ele>1045.3</ele>
      </trkpt>
      <trkpt lat="43.85199" lon="7.40949">
        <ele>1045.8</ele>
      </trkpt>
      <trkpt lat="43.85222" lon="7.40937">
        <ele>1042.7</ele>
      </trkpt>
      <trkpt lat="43.85249" lon="7.4093">
        <ele>1037.8</ele>
      </trkpt>
      <trkpt lat="43.85272" lon="7.40924">
        <ele>1035.4</ele>
      </trkpt>
      <trkpt lat="43.85329" lon="7.40885">
        <ele>1028.9</ele>
      </trkpt>
      <trkpt lat="43.8535" lon="7.4086">
        <ele>1027.2</ele>
      </trkpt>
      <trkpt lat="43.85366" lon="7.40836">
        <ele>1026.6</ele>
      </trkpt>
      <trkpt lat="43.85376" lon="7.40832">
        <ele>1025.8</ele>
      </trkpt>
      <trkpt lat="43.85388" lon="7.40828">
        <ele>1024.4</ele>
      </trkpt>
      <trkpt lat="43.85401" lon="7.40821">
        <ele>1022.5</ele>
      </trkpt>
      <trkpt lat="43.85418" lon="7.4081">
        <ele>1020.0</ele>
      </trkpt>
      <trkpt lat="43.85429" lon="7.40794">
        <ele>1018.7</ele>
      </trkpt>
      <trkpt lat="43.85442" lon="7.40782">
        <ele>1017.9</ele>
      </trkpt>
      <trkpt lat="43.85458" lon="7.40777">
        <ele>1018.2</ele>
      </trkpt>
      <trkpt lat="43.85515" lon="7.40769">
        <ele>1020.9</ele>
      </trkpt>
      <trkpt lat="43.85581" lon="7.40758">
        <ele>1025.4</ele>
      </trkpt>
      <trkpt lat="43.85607" lon="7.40765">
        <ele>1024.8</ele>
      </trkpt>
      <trkpt lat="43.85631" lon="7.40786">
        <ele>1027.7</ele>
      </trkpt>
      <trkpt lat="43.85647" lon="7.40809">
        <ele>1032.4</ele>
      </trkpt>
      <trkpt lat="43.85666" lon="7.40838">
        <ele>1038.7</ele>
      </trkpt>
      <trkpt lat="43.85688" lon="7.40859">
        <ele>1040.6</ele>
      </trkpt>
      <trkpt lat="43.85708" lon="7.40872">
        <ele>1041.4</ele>
      </trkpt>
      <trkpt lat="43.85727" lon="7.40879">
        <ele>1041.3</ele>
      </trkpt>
      <trkpt lat="43.85746" lon="7.40879">
        <ele>1040.2</ele>
      </trkpt>
      <trkpt lat="43.85766" lon="7.40869">
        <ele>1041.8</ele>
      </trkpt>
      <trkpt lat="43.85779" lon="7.40861">
        <ele>1043.7</ele>
      </trkpt>
      <trkpt lat="43.8579" lon="7.40842">
        <ele>1045.0</ele>
      </trkpt>
      <trkpt lat="43.85807" lon="7.40799">
        <ele>1040.9</ele>
      </trkpt>
      <trkpt lat="43.85818" lon="7.40786">
        <ele>1041.1</ele>
      </trkpt>
      <trkpt lat="43.85834" lon="7.40776">
        <ele>1043.7</ele>
      </trkpt>
      <trkpt lat="43.85869" lon="7.40779">
        <ele>1048.5</ele>
      </trkpt>
      <trkpt lat="43.85869" lon="7.40779">
        <ele>1048.5</ele>
      </trkpt>
      <trkpt lat="43.85884" lon="7.40781">
        <ele>1050.7</ele>
      </trkpt>
      <trkpt lat="43.85934" lon="7.40796">
        <ele>1057.1</ele>
      </trkpt>
      <trkpt lat="43.8597" lon="7.40825">
        <ele>1063.4</ele>
      </trkpt>
      <trkpt lat="43.85993" lon="7.40828">
        <ele>1064.5</ele>
      </trkpt>
      <trkpt lat="43.86062" lon="7.40815">
        <ele>1068.2</ele>
      </trkpt>
      <trkpt lat="43.86087" lon="7.40819">
        <ele>1072.2</ele>
      </trkpt>
      <trkpt lat="43.86101" lon="7.40818">
        <ele>1073.8</ele>
      </trkpt>
      <trkpt lat="43.86146" lon="7.4079">
        <ele>1074.9</ele>
      </trkpt>
      <trkpt lat="43.86164" lon="7.40758">
        <ele>1073.5</ele>
      </trkpt>
      <trkpt lat="43.86169" lon="7.40753">
        <ele>1073.7</ele>
      </trkpt>
      <trkpt lat="43.86174" lon="7.40762">
        <ele>1075.5</ele>
      </trkpt>
      <trkpt lat="43.86177" lon="7.40782">
        <ele>1078.6</ele>
      </trkpt>
      <trkpt lat="43.86173" lon="7.40898">
        <ele>1093.3</ele>
      </trkpt>
      <trkpt lat="43.86176" lon="7.40914">
        <ele>1095.6</ele>
      </trkpt>
      <trkpt lat="43.86183" lon="7.4092">
        <ele>1096.8</ele>
      </trkpt>
      <trkpt lat="43.86203" lon="7.40922">
        <ele>1098.8</ele>
      </trkpt>
      <trkpt lat="43.86215" lon="7.4092">
        <ele>1099.9</ele>
      </trkpt>
      <trkpt lat="43.86228" lon="7.4091">
        <ele>1100.0</ele>
      </trkpt>
      <trkpt lat="43.8625" lon="7.40884">
        <ele>1098.3</ele>
      </trkpt>
      <trkpt lat="43.8626" lon="7.40867">
        <ele>1096.9</ele>
      </trkpt>
      <trkpt lat="43.86277" lon="7.40819">
        <ele>1092.3</ele>
      </trkpt>
      <trkpt lat="43.86287" lon="7.40794">
        <ele>1090.5</ele>
      </trkpt>
      <trkpt lat="43.86293" lon="7.40789">
        <ele>1090.6</ele>
      </trkpt>
      <trkpt lat="43.863" lon="7.40788">
        <ele>1091.2</ele>
      </trkpt>
      <trkpt lat="43.86307" lon="7.40797">
        <ele>1092.9</ele>
      </trkpt>
      <trkpt lat="43.8631" lon="7.40812">
        <ele>1095.0</ele>
      </trkpt>
      <trkpt lat="43.86319" lon="7.40834">
        <ele>1098.5</ele>
      </trkpt>
      <trkpt lat="43.8633" lon="7.40844">
        <ele>1101.1</ele>
      </trkpt>
      <trkpt lat="43.86337" lon="7.40845">
        <ele>1101.7</ele>
      </trkpt>
      <trkpt lat="43.86346" lon="7.40838">
        <ele>1101.2</ele>
      </trkpt>
      <trkpt lat="43.86368" lon="7.40812">
        <ele>1098.9</ele>
      </trkpt>
      <trkpt lat="43.86375" lon="7.40801">
        <ele>1097.7</ele>
      </trkpt>
      <trkpt lat="43.86378" lon="7.40785">
        <ele>1095.7</ele>
      </trkpt>
      <trkpt lat="43.86384" lon="7.40768">
        <ele>1093.6</ele>
      </trkpt>
      <trkpt lat="43.86416" lon="7.40718">
        <ele>1087.0</ele>
      </trkpt>
      <trkpt lat="43.86427" lon="7.40693">
        <ele>1081.6</ele>
      </trkpt>
      <trkpt lat="43.86437" lon="7.40658">
        <ele>1075.8</ele>
      </trkpt>
      <trkpt lat="43.86453" lon="7.40586">
        <ele>1070.3</ele>
      </trkpt>
      <trkpt lat="43.86463" lon="7.40549">
        <ele>1068.7</ele>
      </trkpt>
      <trkpt lat="43.86484" lon="7.40493">
        <ele>1069.5</ele>
      </trkpt>
      <trkpt lat="43.86483" lon="7.40497">
        <ele>1069.2</ele>
      </trkpt>
      <trkpt lat="43.86489" lon="7.40481">
        <ele>1070.7</ele>
      </trkpt>
      <trkpt lat="43.86495" lon="7.40453">
        <ele>1072.7</ele>
      </trkpt>
      <trkpt lat="43.86496" lon="7.40436">
        <ele>1073.4</ele>
      </trkpt>
      <trkpt lat="43.86494" lon="7.40424">
        <ele>1073.3</ele>
      </trkpt>
      <trkpt lat="43.86489" lon="7.40411">
        <ele>1073.5</ele>
      </trkpt>
      <trkpt lat="43.86465" lon="7.4039">
        <ele>1070.5</ele>
      </trkpt>
      <trkpt lat="43.86452" lon="7.4037">
        <ele>1069.0</ele>
      </trkpt>
      <trkpt lat="43.86436" lon="7.40324">
        <ele>1066.1</ele>
      </trkpt>
      <trkpt lat="43.86432" lon="7.403">
        <ele>1062.6</ele>
      </trkpt>
      <trkpt lat="43.86433" lon="7.40276">
        <ele>1061.0</ele>
      </trkpt>
      <trkpt lat="43.86429" lon="7.40254">
        <ele>1058.3</ele>
      </trkpt>
      <trkpt lat="43.8643" lon="7.40244">
        <ele>1056.9</ele>
      </trkpt>
      <trkpt lat="43.86436" lon="7.40233">
        <ele>1056.0</ele>
      </trkpt>
      <trkpt lat="43.86468" lon="7.40216">
        <ele>1058.5</ele>
      </trkpt>
      <trkpt lat="43.86488" lon="7.40201">
        <ele>1058.2</ele>
      </trkpt>
      <trkpt lat="43.86526" lon="7.40179">
        <ele>1057.1</ele>
      </trkpt>
      <trkpt lat="43.8658" lon="7.40152">
        <ele>1055.1</ele>
      </trkpt>
      <trkpt lat="43.86621" lon="7.40128">
        <ele>1049.8</ele>
      </trkpt>
      <trkpt lat="43.86679" lon="7.40099">
        <ele>1044.8</ele>
      </trkpt>
      <trkpt lat="43.86737" lon="7.40071">
        <ele>1040.4</ele>
      </trkpt>
      <trkpt lat="43.86788" lon="7.40051">
        <ele>1036.5</ele>
      </trkpt>
      <trkpt lat="43.8684" lon="7.4003">
        <ele>1031.8</ele>
      </trkpt>
      <trkpt lat="43.86896" lon="7.40011">
        <ele>1024.6</ele>
      </trkpt>
      <trkpt lat="43.86953" lon="7.39993">
        <ele>1021.5</ele>
      </trkpt>
      <trkpt lat="43.86972" lon="7.39988">
        <ele>1021.1</ele>
      </trkpt>
      <trkpt lat="43.87047" lon="7.39967">
        <ele>1016.3</ele>
      </trkpt>
      <trkpt lat="43.87113" lon="7.39939">
        <ele>1007.9</ele>
      </trkpt>
      <trkpt lat="43.87113" lon="7.39939">
        <ele>1007.9</ele>
      </trkpt>
      <trkpt lat="43.87132" lon="7.39931">
        <ele>1005.7</ele>
      </trkpt>
      <trkpt lat="43.87217" lon="7.399">
        <ele>1000.8</ele>
      </trkpt>
      <trkpt lat="43.87222" lon="7.399">
        <ele>1000.8</ele>
      </trkpt>
      <trkpt lat="43.87229" lon="7.39902">
        <ele>1001.1</ele>
      </trkpt>
      <trkpt lat="43.87246" lon="7.39916">
        <ele>1002.9</ele>
      </trkpt>
      <trkpt lat="43.87257" lon="7.3992">
        <ele>1004.7</ele>
      </trkpt>
      <trkpt lat="43.87261" lon="7.39899">
        <ele>1003.0</ele>
      </trkpt>
      <trkpt lat="43.87267" lon="7.39885">
        <ele>1002.3</ele>
      </trkpt>
      <trkpt lat="43.87273" lon="7.39876">
        <ele>1002.0</ele>
      </trkpt>
      <trkpt lat="43.87283" lon="7.39866">
        <ele>1002.1</ele>
      </trkpt>
      <trkpt lat="43.87291" lon="7.39857">
        <ele>1001.9</ele>
      </trkpt>
      <trkpt lat="43.87298" lon="7.39845">
        <ele>1000.8</ele>
      </trkpt>
      <trkpt lat="43.87339" lon="7.39767">
        <ele>994.5</ele>
      </trkpt>
      <trkpt lat="43.87345" lon="7.3976">
        <ele>994.5</ele>
      </trkpt>
      <trkpt lat="43.87358" lon="7.39748">
        <ele>994.8</ele>
      </trkpt>
      <trkpt lat="43.87378" lon="7.39735">
        <ele>996.2</ele>
      </trkpt>
      <trkpt lat="43.87383" lon="7.3973">
        <ele>996.3</ele>
      </trkpt>
      <trkpt lat="43.87392" lon="7.3972">
        <ele>996.3</ele>
      </trkpt>
      <trkpt lat="43.87397" lon="7.3971">
        <ele>995.7</ele>
      </trkpt>
      <trkpt lat="43.874" lon="7.39703">
        <ele>995.2</ele>
      </trkpt>
      <trkpt lat="43.87402" lon="7.39694">
        <ele>994.2</ele>
      </trkpt>
      <trkpt lat="43.87404" lon="7.39677">
        <ele>992.1</ele>
      </trkpt>
      <trkpt lat="43.87404" lon="7.39656">
        <ele>989.7</ele>
      </trkpt>
      <trkpt lat="43.87403" lon="7.39642">
        <ele>988.5</ele>
      </trkpt>
      <trkpt lat="43.87404" lon="7.39626">
        <ele>987.4</ele>
      </trkpt>
      <trkpt lat="43.87408" lon="7.39603">
        <ele>986.2</ele>
      </trkpt>
      <trkpt lat="43.8742" lon="7.39557">
        <ele>987.6</ele>
      </trkpt>
      <trkpt lat="43.87422" lon="7.39541">
        <ele>988.6</ele>
      </trkpt>
      <trkpt lat="43.87422" lon="7.39532">
        <ele>988.9</ele>
      </trkpt>
      <trkpt lat="43.87421" lon="7.39521">
        <ele>989.1</ele>
      </trkpt>
      <trkpt lat="43.87418" lon="7.39514">
        <ele>988.8</ele>
      </trkpt>
      <trkpt lat="43.87409" lon="7.39502">
        <ele>987.6</ele>
      </trkpt>
      <trkpt lat="43.87411" lon="7.39496">
        <ele>988.6</ele>
      </trkpt>
      <trkpt lat="43.87411" lon="7.39489">
        <ele>989.5</ele>
      </trkpt>
      <trkpt lat="43.87396" lon="7.39438">
        <ele>993.3</ele>
      </trkpt>
      <trkpt lat="43.87389" lon="7.39422">
        <ele>994.0</ele>
      </trkpt>
      <trkpt lat="43.87378" lon="7.39402">
        <ele>994.8</ele>
      </trkpt>
      <trkpt lat="43.8736" lon="7.39387">
        <ele>993.5</ele>
      </trkpt>
      <trkpt lat="43.87352" lon="7.39378">
        <ele>993.3</ele>
      </trkpt>
      <trkpt lat="43.87331" lon="7.39343">
        <ele>994.2</ele>
      </trkpt>
      <trkpt lat="43.87327" lon="7.39331">
        <ele>994.9</ele>
      </trkpt>
      <trkpt lat="43.87323" lon="7.39319">
        <ele>995.2</ele>
      </trkpt>
      <trkpt lat="43.87321" lon="7.39304">
        <ele>996.1</ele>
      </trkpt>
      <trkpt lat="43.87322" lon="7.39288">
        <ele>997.7</ele>
      </trkpt>
      <trkpt lat="43.87328" lon="7.39258">
        <ele>1001.9</ele>
      </trkpt>
      <trkpt lat="43.87329" lon="7.39249">
        <ele>1003.1</ele>
      </trkpt>
      <trkpt lat="43.87328" lon="7.39242">
        <ele>1003.9</ele>
      </trkpt>
      <trkpt lat="43.87327" lon="7.39235">
        <ele>1004.8</ele>
      </trkpt>
      <trkpt lat="43.8732" lon="7.39223">
        <ele>1005.0</ele>
      </trkpt>
      <trkpt lat="43.87315" lon="7.39218">
        <ele>1004.6</ele>
      </trkpt>
      <trkpt lat="43.87307" lon="7.3921">
        <ele>1004.1</ele>
      </trkpt>
      <trkpt lat="43.87296" lon="7.39205">
        <ele>1002.3</ele>
      </trkpt>
      <trkpt lat="43.87293" lon="7.39202">
        <ele>1002.2</ele>
      </trkpt>
      <trkpt lat="43.8727" lon="7.39142">
        <ele>1006.9</ele>
      </trkpt>
      <trkpt lat="43.8726" lon="7.39125">
        <ele>1007.2</ele>
      </trkpt>
      <trkpt lat="43.8726" lon="7.3912">
        <ele>1007.9</ele>
      </trkpt>
      <trkpt lat="43.8726" lon="7.39118">
        <ele>1008.2</ele>
      </trkpt>
      <trkpt lat="43.87261" lon="7.39116">
        <ele>1008.7</ele>
      </trkpt>
      <trkpt lat="43.87263" lon="7.39116">
        <ele>1009.1</ele>
      </trkpt>
      <trkpt lat="43.87265" lon="7.39116">
        <ele>1009.5</ele>
      </trkpt>
      <trkpt lat="43.87267" lon="7.39117">
        <ele>1009.8</ele>
      </trkpt>
      <trkpt lat="43.87285" lon="7.39141">
        <ele>1010.3</ele>
      </trkpt>
      <trkpt lat="43.87317" lon="7.39175">
        <ele>1012.1</ele>
      </trkpt>
      <trkpt lat="43.87324" lon="7.39181">
        <ele>1012.7</ele>
      </trkpt>
      <trkpt lat="43.87331" lon="7.39182">
        <ele>1014.1</ele>
      </trkpt>
      <trkpt lat="43.87348" lon="7.39179">
        <ele>1018.3</ele>
      </trkpt>
      <trkpt lat="43.87352" lon="7.3918">
        <ele>1019.0</ele>
      </trkpt>
      <trkpt lat="43.87361" lon="7.39185">
        <ele>1020.3</ele>
      </trkpt>
      <trkpt lat="43.87404" lon="7.39216">
        <ele>1025.6</ele>
      </trkpt>
      <trkpt lat="43.87423" lon="7.39227">
        <ele>1028.2</ele>
      </trkpt>
      <trkpt lat="43.87426" lon="7.3923">
        <ele>1028.4</ele>
      </trkpt>
      <trkpt lat="43.87427" lon="7.39234">
        <ele>1028.1</ele>
      </trkpt>
      <trkpt lat="43.87427" lon="7.3924">
        <ele>1027.4</ele>
      </trkpt>
      <trkpt lat="43.87423" lon="7.39256">
        <ele>1024.5</ele>
      </trkpt>
      <trkpt lat="43.87423" lon="7.39262">
        <ele>1023.7</ele>
      </trkpt>
      <trkpt lat="43.87424" lon="7.39267">
        <ele>1023.2</ele>
      </trkpt>
      <trkpt lat="43.87428" lon="7.39273">
        <ele>1023.2</ele>
      </trkpt>
      <trkpt lat="43.87433" lon="7.39279">
        <ele>1023.3</ele>
      </trkpt>
      <trkpt lat="43.87487" lon="7.39307">
        <ele>1029.1</ele>
      </trkpt>
      <trkpt lat="43.87541" lon="7.39335">
        <ele>1033.1</ele>
      </trkpt>
      <trkpt lat="43.8756" lon="7.39343">
        <ele>1034.9</ele>
      </trkpt>
      <trkpt lat="43.87575" lon="7.3935">
        <ele>1036.1</ele>
      </trkpt>
      <trkpt lat="43.87633" lon="7.39369">
        <ele>1042.1</ele>
      </trkpt>
      <trkpt lat="43.87636" lon="7.39368">
        <ele>1042.7</ele>
      </trkpt>
      <trkpt lat="43.87638" lon="7.39364">
        <ele>1043.6</ele>
      </trkpt>
      <trkpt lat="43.87665" lon="7.39396">
        <ele>1043.5</ele>
      </trkpt>
      <trkpt lat="43.87684" lon="7.39433">
        <ele>1042.2</ele>
      </trkpt>
      <trkpt lat="43.87733" lon="7.39492">
        <ele>1044.0</ele>
      </trkpt>
      <trkpt lat="43.87747" lon="7.39519">
        <ele>1043.9</ele>
      </trkpt>
      <trkpt lat="43.87761" lon="7.39535">
        <ele>1040.8</ele>
      </trkpt>
      <trkpt lat="43.87766" lon="7.39538">
        <ele>1039.3</ele>
      </trkpt>
      <trkpt lat="43.87771" lon="7.39538">
        <ele>1038.1</ele>
      </trkpt>
      <trkpt lat="43.87805" lon="7.39501">
        <ele>1040.1</ele>
      </trkpt>
      <trkpt lat="43.87854" lon="7.39463">
        <ele>1041.3</ele>
      </trkpt>
      <trkpt lat="43.87882" lon="7.39428">
        <ele>1042.8</ele>
      </trkpt>
      <trkpt lat="43.87901" lon="7.39427">
        <ele>1038.2</ele>
      </trkpt>
      <trkpt lat="43.87927" lon="7.39431">
        <ele>1032.0</ele>
      </trkpt>
      <trkpt lat="43.87935" lon="7.3943">
        <ele>1031.4</ele>
      </trkpt>
      <trkpt lat="43.87941" lon="7.39427">
        <ele>1031.5</ele>
      </trkpt>
      <trkpt lat="43.87949" lon="7.39418">
        <ele>1032.8</ele>
      </trkpt>
      <trkpt lat="43.87958" lon="7.39404">
        <ele>1035.0</ele>
      </trkpt>
      <trkpt lat="43.87964" lon="7.394">
        <ele>1035.2</ele>
      </trkpt>
      <trkpt lat="43.87982" lon="7.39396">
        <ele>1033.8</ele>
      </trkpt>
      <trkpt lat="43.88009" lon="7.39388">
        <ele>1032.3</ele>
      </trkpt>
      <trkpt lat="43.88019" lon="7.3939">
        <ele>1030.9</ele>
      </trkpt>
      <trkpt lat="43.88029" lon="7.39397">
        <ele>1028.4</ele>
      </trkpt>
      <trkpt lat="43.88036" lon="7.39398">
        <ele>1027.5</ele>
      </trkpt>
      <trkpt lat="43.88048" lon="7.39396">
        <ele>1026.7</ele>
      </trkpt>
      <trkpt lat="43.88055" lon="7.39397">
        <ele>1025.8</ele>
      </trkpt>
      <trkpt lat="43.8806" lon="7.39403">
        <ele>1024.1</ele>
      </trkpt>
      <trkpt lat="43.88059" lon="7.39413">
        <ele>1022.1</ele>
      </trkpt>
      <trkpt lat="43.88056" lon="7.39417">
        <ele>1021.6</ele>
      </trkpt>
      <trkpt lat="43.88023" lon="7.39438">
        <ele>1021.1</ele>
      </trkpt>
      <trkpt lat="43.87979" lon="7.3946">
        <ele>1021.1</ele>
      </trkpt>
      <trkpt lat="43.87963" lon="7.39466">
        <ele>1020.8</ele>
      </trkpt>
      <trkpt lat="43.87941" lon="7.39465">
        <ele>1022.3</ele>
      </trkpt>
      <trkpt lat="43.87916" lon="7.39469">
        <ele>1022.7</ele>
      </trkpt>
      <trkpt lat="43.87916" lon="7.39469">
        <ele>1022.7</ele>
      </trkpt>
      <trkpt lat="43.87904" lon="7.39473">
        <ele>1024.9</ele>
      </trkpt>
      <trkpt lat="43.87893" lon="7.39479">
        <ele>1026.4</ele>
      </trkpt>
      <trkpt lat="43.87869" lon="7.39498">
        <ele>1028.2</ele>
      </trkpt>
      <trkpt lat="43.87857" lon="7.39509">
        <ele>1027.9</ele>
      </trkpt>
      <trkpt lat="43.87824" lon="7.39534">
        <ele>1026.6</ele>
      </trkpt>
      <trkpt lat="43.87816" lon="7.39546">
        <ele>1024.6</ele>
      </trkpt>
      <trkpt lat="43.87809" lon="7.3956">
        <ele>1022.4</ele>
      </trkpt>
      <trkpt lat="43.87797" lon="7.39641">
        <ele>1013.8</ele>
      </trkpt>
      <trkpt lat="43.87789" lon="7.39701">
        <ele>1012.2</ele>
      </trkpt>
      <trkpt lat="43.87784" lon="7.39736">
        <ele>1012.2</ele>
      </trkpt>
      <trkpt lat="43.87786" lon="7.39763">
        <ele>1009.0</ele>
      </trkpt>
      <trkpt lat="43.87801" lon="7.39846">
        <ele>994.1</ele>
      </trkpt>
      <trkpt lat="43.87804" lon="7.39872">
        <ele>990.8</ele>
      </trkpt>
      <trkpt lat="43.87802" lon="7.39894">
        <ele>991.3</ele>
      </trkpt>
      <trkpt lat="43.87799" lon="7.39921">
        <ele>992.1</ele>
      </trkpt>
      <trkpt lat="43.8779" lon="7.39976">
        <ele>992.9</ele>
      </trkpt>
      <trkpt lat="43.87788" lon="7.39996">
        <ele>992.3</ele>
      </trkpt>
      <trkpt lat="43.87787" lon="7.40037">
        <ele>987.5</ele>
      </trkpt>
      <trkpt lat="43.87787" lon="7.40057">
        <ele>984.8</ele>
      </trkpt>
      <trkpt lat="43.8779" lon="7.40077">
        <ele>980.3</ele>
      </trkpt>
      <trkpt lat="43.878" lon="7.40101">
        <ele>970.7</ele>
      </trkpt>
      <trkpt lat="43.87805" lon="7.40116">
        <ele>965.6</ele>
      </trkpt>
      <trkpt lat="43.87805" lon="7.40129">
        <ele>963.7</ele>
      </trkpt>
      <trkpt lat="43.878" lon="7.40144">
        <ele>963.7</ele>
      </trkpt>
      <trkpt lat="43.87793" lon="7.40154">
        <ele>965.2</ele>
      </trkpt>
      <trkpt lat="43.8778" lon="7.4017">
        <ele>967.5</ele>
      </trkpt>
      <trkpt lat="43.87764" lon="7.40182">
        <ele>971.3</ele>
      </trkpt>
      <trkpt lat="43.87751" lon="7.4019">
        <ele>975.0</ele>
      </trkpt>
      <trkpt lat="43.87742" lon="7.40201">
        <ele>977.0</ele>
      </trkpt>
      <trkpt lat="43.87727" lon="7.40233">
        <ele>978.1</ele>
      </trkpt>
      <trkpt lat="43.8772" lon="7.40258">
        <ele>978.6</ele>
      </trkpt>
      <trkpt lat="43.87719" lon="7.40283">
        <ele>979.1</ele>
      </trkpt>
      <trkpt lat="43.87725" lon="7.40298">
        <ele>975.5</ele>
      </trkpt>
      <trkpt lat="43.87732" lon="7.4031">
        <ele>971.2</ele>
      </trkpt>
      <trkpt lat="43.87739" lon="7.40319">
        <ele>966.8</ele>
      </trkpt>
      <trkpt lat="43.87749" lon="7.40325">
        <ele>960.7</ele>
      </trkpt>
      <trkpt lat="43.87758" lon="7.40334">
        <ele>956.1</ele>
      </trkpt>
      <trkpt lat="43.8776" lon="7.4034">
        <ele>956.6</ele>
      </trkpt>
      <trkpt lat="43.8776" lon="7.40349">
        <ele>958.8</ele>
      </trkpt>
      <trkpt lat="43.87757" lon="7.40358">
        <ele>962.3</ele>
      </trkpt>
      <trkpt lat="43.87752" lon="7.40369">
        <ele>967.2</ele>
      </trkpt>
      <trkpt lat="43.8775" lon="7.40379">
        <ele>970.4</ele>
      </trkpt>
      <trkpt lat="43.87752" lon="7.40388">
        <ele>971.6</ele>
      </trkpt>
      <trkpt lat="43.87756" lon="7.40395">
        <ele>971.6</ele>
      </trkpt>
      <trkpt lat="43.87773" lon="7.40406">
        <ele>967.4</ele>
      </trkpt>
      <trkpt lat="43.87809" lon="7.4042">
        <ele>957.7</ele>
      </trkpt>
      <trkpt lat="43.87874" lon="7.4045">
        <ele>945.4</ele>
      </trkpt>
      <trkpt lat="43.87891" lon="7.40455">
        <ele>940.4</ele>
      </trkpt>
      <trkpt lat="43.87901" lon="7.40463">
        <ele>939.1</ele>
      </trkpt>
      <trkpt lat="43.87916" lon="7.40473">
        <ele>936.2</ele>
      </trkpt>
      <trkpt lat="43.87926" lon="7.4049">
        <ele>935.2</ele>
      </trkpt>
      <trkpt lat="43.87931" lon="7.40508">
        <ele>934.8</ele>
      </trkpt>
      <trkpt lat="43.87934" lon="7.40531">
        <ele>932.9</ele>
      </trkpt>
      <trkpt lat="43.87932" lon="7.40552">
        <ele>934.8</ele>
      </trkpt>
      <trkpt lat="43.87918" lon="7.40607">
        <ele>942.7</ele>
      </trkpt>
      <trkpt lat="43.87907" lon="7.40637">
        <ele>946.3</ele>
      </trkpt>
      <trkpt lat="43.87906" lon="7.4068">
        <ele>941.2</ele>
      </trkpt>
      <trkpt lat="43.87904" lon="7.40714">
        <ele>939.6</ele>
      </trkpt>
      <trkpt lat="43.87898" lon="7.40745">
        <ele>941.6</ele>
      </trkpt>
      <trkpt lat="43.87903" lon="7.40771">
        <ele>938.6</ele>
      </trkpt>
      <trkpt lat="43.87919" lon="7.40816">
        <ele>929.8</ele>
      </trkpt>
      <trkpt lat="43.87922" lon="7.40827">
        <ele>928.9</ele>
      </trkpt>
      <trkpt lat="43.87945" lon="7.40941">
        <ele>924.1</ele>
      </trkpt>
      <trkpt lat="43.87953" lon="7.40973">
        <ele>921.7</ele>
      </trkpt>
      <trkpt lat="43.87971" lon="7.41047">
        <ele>916.5</ele>
      </trkpt>
      <trkpt lat="43.87978" lon="7.41064">
        <ele>914.4</ele>
      </trkpt>
      <trkpt lat="43.8799" lon="7.41103">
        <ele>909.8</ele>
      </trkpt>
      <trkpt lat="43.87995" lon="7.41112">
        <ele>907.4</ele>
      </trkpt>
      <trkpt lat="43.88001" lon="7.41114">
        <ele>904.8</ele>
      </trkpt>
      <trkpt lat="43.88009" lon="7.4111">
        <ele>900.9</ele>
      </trkpt>
      <trkpt lat="43.88013" lon="7.411">
        <ele>899.6</ele>
      </trkpt>
      <trkpt lat="43.88012" lon="7.41091">
        <ele>900.5</ele>
      </trkpt>
      <trkpt lat="43.88003" lon="7.41074">
        <ele>903.6</ele>
      </trkpt>
      <trkpt lat="43.87987" lon="7.41035">
        <ele>907.1</ele>
      </trkpt>
      <trkpt lat="43.87978" lon="7.40999">
        <ele>908.9</ele>
      </trkpt>
      <trkpt lat="43.87966" lon="7.40935">
        <ele>911.3</ele>
      </trkpt>
      <trkpt lat="43.87955" lon="7.40872">
        <ele>912.0</ele>
      </trkpt>
      <trkpt lat="43.8795" lon="7.4081">
        <ele>909.2</ele>
      </trkpt>
      <trkpt lat="43.87943" lon="7.40744">
        <ele>908.3</ele>
      </trkpt>
      <trkpt lat="43.87949" lon="7.40703">
        <ele>906.8</ele>
      </trkpt>
      <trkpt lat="43.87954" lon="7.40676">
        <ele>904.7</ele>
      </trkpt>
      <trkpt lat="43.87961" lon="7.40637">
        <ele>904.0</ele>
      </trkpt>
      <trkpt lat="43.87966" lon="7.40619">
        <ele>902.5</ele>
      </trkpt>
      <trkpt lat="43.8798" lon="7.40596">
        <ele>894.1</ele>
      </trkpt>
      <trkpt lat="43.87986" lon="7.40567">
        <ele>891.5</ele>
      </trkpt>
      <trkpt lat="43.87989" lon="7.40542">
        <ele>890.5</ele>
      </trkpt>
      <trkpt lat="43.87992" lon="7.4049">
        <ele>889.9</ele>
      </trkpt>
      <trkpt lat="43.87994" lon="7.40465">
        <ele>886.5</ele>
      </trkpt>
      <trkpt lat="43.87994" lon="7.40465">
        <ele>886.5</ele>
      </trkpt>
      <trkpt lat="43.87995" lon="7.40456">
        <ele>885.2</ele>
      </trkpt>
      <trkpt lat="43.88013" lon="7.40384">
        <ele>864.2</ele>
      </trkpt>
      <trkpt lat="43.88013" lon="7.4038">
        <ele>863.3</ele>
      </trkpt>
      <trkpt lat="43.88009" lon="7.40374">
        <ele>864.0</ele>
      </trkpt>
      <trkpt lat="43.87959" lon="7.40346">
        <ele>875.0</ele>
      </trkpt>
      <trkpt lat="43.87922" lon="7.4032">
        <ele>881.9</ele>
      </trkpt>
      <trkpt lat="43.87903" lon="7.403">
        <ele>889.2</ele>
      </trkpt>
      <trkpt lat="43.87896" lon="7.40291">
        <ele>892.2</ele>
      </trkpt>
      <trkpt lat="43.87895" lon="7.40282">
        <ele>892.6</ele>
      </trkpt>
      <trkpt lat="43.87898" lon="7.40269">
        <ele>891.1</ele>
      </trkpt>
      <trkpt lat="43.87903" lon="7.40261">
        <ele>888.7</ele>
      </trkpt>
      <trkpt lat="43.87943" lon="7.40223">
        <ele>875.3</ele>
      </trkpt>
      <trkpt lat="43.87983" lon="7.40185">
        <ele>862.6</ele>
      </trkpt>
      <trkpt lat="43.88012" lon="7.40163">
        <ele>851.3</ele>
      </trkpt>
      <trkpt lat="43.88018" lon="7.40151">
        <ele>849.3</ele>
      </trkpt>
      <trkpt lat="43.88019" lon="7.40133">
        <ele>850.3</ele>
      </trkpt>
      <trkpt lat="43.88011" lon="7.40061">
        <ele>859.4</ele>
      </trkpt>
      <trkpt lat="43.8801" lon="7.40037">
        <ele>860.7</ele>
      </trkpt>
      <trkpt lat="43.88012" lon="7.40027">
        <ele>860.3</ele>
      </trkpt>
      <trkpt lat="43.88015" lon="7.40024">
        <ele>859.4</ele>
      </trkpt>
      <trkpt lat="43.88021" lon="7.40026">
        <ele>857.1</ele>
      </trkpt>
      <trkpt lat="43.88022" lon="7.40032">
        <ele>856.4</ele>
      </trkpt>
      <trkpt lat="43.88023" lon="7.40046">
        <ele>855.1</ele>
      </trkpt>
      <trkpt lat="43.88024" lon="7.40065">
        <ele>853.4</ele>
      </trkpt>
      <trkpt lat="43.88026" lon="7.40086">
        <ele>851.0</ele>
      </trkpt>
      <trkpt lat="43.88032" lon="7.40115">
        <ele>845.4</ele>
      </trkpt>
      <trkpt lat="43.88037" lon="7.40172">
        <ele>837.6</ele>
      </trkpt>
      <trkpt lat="43.88029" lon="7.40185">
        <ele>839.7</ele>
      </trkpt>
      <trkpt lat="43.88018" lon="7.40193">
        <ele>843.6</ele>
      </trkpt>
      <trkpt lat="43.87983" lon="7.40216">
        <ele>856.3</ele>
      </trkpt>
      <trkpt lat="43.87966" lon="7.4023">
        <ele>862.0</ele>
      </trkpt>
      <trkpt lat="43.87961" lon="7.40243">
        <ele>861.7</ele>
      </trkpt>
      <trkpt lat="43.87964" lon="7.40259">
        <ele>859.8</ele>
      </trkpt>
      <trkpt lat="43.88005" lon="7.40288">
        <ele>846.8</ele>
      </trkpt>
      <trkpt lat="43.88026" lon="7.40301">
        <ele>840.8</ele>
      </trkpt>
      <trkpt lat="43.88094" lon="7.40345">
        <ele>815.6</ele>
      </trkpt>
      <trkpt lat="43.88099" lon="7.40354">
        <ele>812.7</ele>
      </trkpt>
      <trkpt lat="43.88101" lon="7.40363">
        <ele>811.8</ele>
      </trkpt>
      <trkpt lat="43.88098" lon="7.40381">
        <ele>814.8</ele>
      </trkpt>
      <trkpt lat="43.88075" lon="7.40471">
        <ele>828.2</ele>
      </trkpt>
      <trkpt lat="43.88075" lon="7.40502">
        <ele>825.4</ele>
      </trkpt>
      <trkpt lat="43.88074" lon="7.40528">
        <ele>823.8</ele>
      </trkpt>
      <trkpt lat="43.88076" lon="7.40564">
        <ele>818.8</ele>
      </trkpt>
      <trkpt lat="43.88075" lon="7.40651">
        <ele>815.7</ele>
      </trkpt>
      <trkpt lat="43.88074" lon="7.40692">
        <ele>819.2</ele>
      </trkpt>
      <trkpt lat="43.8808" lon="7.40713">
        <ele>817.9</ele>
      </trkpt>
      <trkpt lat="43.88085" lon="7.40715">
        <ele>815.0</ele>
      </trkpt>
      <trkpt lat="43.88089" lon="7.40712">
        <ele>812.2</ele>
      </trkpt>
      <trkpt lat="43.88091" lon="7.40701">
        <ele>809.4</ele>
      </trkpt>
      <trkpt lat="43.88089" lon="7.40678">
        <ele>807.3</ele>
      </trkpt>
      <trkpt lat="43.88088" lon="7.40654">
        <ele>806.5</ele>
      </trkpt>
      <trkpt lat="43.88091" lon="7.40625">
        <ele>805.0</ele>
      </trkpt>
      <trkpt lat="43.88095" lon="7.40604">
        <ele>802.5</ele>
      </trkpt>
      <trkpt lat="43.88096" lon="7.40591">
        <ele>801.8</ele>
      </trkpt>
      <trkpt lat="43.88102" lon="7.40545">
        <ele>800.6</ele>
      </trkpt>
      <trkpt lat="43.88107" lon="7.40525">
        <ele>798.4</ele>
      </trkpt>
      <trkpt lat="43.88126" lon="7.40458">
        <ele>790.2</ele>
      </trkpt>
      <trkpt lat="43.88145" lon="7.40392">
        <ele>780.8</ele>
      </trkpt>
      <trkpt lat="43.88151" lon="7.40362">
        <ele>776.9</ele>
      </trkpt>
      <trkpt lat="43.88151" lon="7.40313">
        <ele>777.2</ele>
      </trkpt>
      <trkpt lat="43.88138" lon="7.40286">
        <ele>784.3</ele>
      </trkpt>
      <trkpt lat="43.88117" lon="7.40266">
        <ele>794.6</ele>
      </trkpt>
      <trkpt lat="43.88115" lon="7.40258">
        <ele>795.1</ele>
      </trkpt>
      <trkpt lat="43.88124" lon="7.4025">
        <ele>790.0</ele>
      </trkpt>
      <trkpt lat="43.88135" lon="7.40243">
        <ele>785.3</ele>
      </trkpt>
      <trkpt lat="43.88148" lon="7.40232">
        <ele>780.1</ele>
      </trkpt>
      <trkpt lat="43.8815" lon="7.40226">
        <ele>779.8</ele>
      </trkpt>
      <trkpt lat="43.88147" lon="7.40196">
        <ele>784.4</ele>
      </trkpt>
      <trkpt lat="43.88149" lon="7.4018">
        <ele>785.2</ele>
      </trkpt>
      <trkpt lat="43.88168" lon="7.40159">
        <ele>780.5</ele>
      </trkpt>
      <trkpt lat="43.8819" lon="7.40149">
        <ele>781.8</ele>
      </trkpt>
      <trkpt lat="43.88194" lon="7.40155">
        <ele>780.5</ele>
      </trkpt>
      <trkpt lat="43.88193" lon="7.40163">
        <ele>779.1</ele>
      </trkpt>
      <trkpt lat="43.88181" lon="7.40179">
        <ele>776.9</ele>
      </trkpt>
      <trkpt lat="43.88169" lon="7.40192">
        <ele>775.8</ele>
      </trkpt>
      <trkpt lat="43.88166" lon="7.40197">
        <ele>775.7</ele>
      </trkpt>
      <trkpt lat="43.88165" lon="7.40205">
        <ele>775.2</ele>
      </trkpt>
      <trkpt lat="43.88166" lon="7.40213">
        <ele>773.7</ele>
      </trkpt>
      <trkpt lat="43.88171" lon="7.40233">
        <ele>770.5</ele>
      </trkpt>
      <trkpt lat="43.88171" lon="7.40241">
        <ele>769.5</ele>
      </trkpt>
      <trkpt lat="43.88164" lon="7.40256">
        <ele>770.2</ele>
      </trkpt>
      <trkpt lat="43.88161" lon="7.40267">
        <ele>771.6</ele>
      </trkpt>
      <trkpt lat="43.88165" lon="7.40278">
        <ele>769.2</ele>
      </trkpt>
      <trkpt lat="43.88189" lon="7.40316">
        <ele>760.8</ele>
      </trkpt>
      <trkpt lat="43.88193" lon="7.40338">
        <ele>757.7</ele>
      </trkpt>
      <trkpt lat="43.88192" lon="7.40362">
        <ele>755.9</ele>
      </trkpt>
      <trkpt lat="43.8818" lon="7.40434">
        <ele>754.8</ele>
      </trkpt>
      <trkpt lat="43.88171" lon="7.40527">
        <ele>750.1</ele>
      </trkpt>
      <trkpt lat="43.88173" lon="7.40556">
        <ele>748.3</ele>
      </trkpt>
      <trkpt lat="43.88174" lon="7.40582">
        <ele>747.2</ele>
      </trkpt>
      <trkpt lat="43.88177" lon="7.40588">
        <ele>746.0</ele>
      </trkpt>
      <trkpt lat="43.88182" lon="7.40589">
        <ele>743.4</ele>
      </trkpt>
      <trkpt lat="43.88185" lon="7.40583">
        <ele>741.3</ele>
      </trkpt>
      <trkpt lat="43.88184" lon="7.40567">
        <ele>742.2</ele>
      </trkpt>
      <trkpt lat="43.88184" lon="7.4052">
        <ele>743.4</ele>
      </trkpt>
      <trkpt lat="43.8819" lon="7.40481">
        <ele>743.2</ele>
      </trkpt>
      <trkpt lat="43.88195" lon="7.40462">
        <ele>743.2</ele>
      </trkpt>
      <trkpt lat="43.88198" lon="7.40452">
        <ele>743.0</ele>
      </trkpt>
      <trkpt lat="43.88201" lon="7.40435">
        <ele>743.8</ele>
      </trkpt>
      <trkpt lat="43.8822" lon="7.40399">
        <ele>739.1</ele>
      </trkpt>
      <trkpt lat="43.8823" lon="7.40382">
        <ele>737.3</ele>
      </trkpt>
      <trkpt lat="43.88234" lon="7.40366">
        <ele>738.4</ele>
      </trkpt>
      <trkpt lat="43.88237" lon="7.40313">
        <ele>747.1</ele>
      </trkpt>
      <trkpt lat="43.88242" lon="7.40308">
        <ele>746.7</ele>
      </trkpt>
      <trkpt lat="43.88251" lon="7.40306">
        <ele>745.3</ele>
      </trkpt>
      <trkpt lat="43.88257" lon="7.40314">
        <ele>746.0</ele>
      </trkpt>
      <trkpt lat="43.88275" lon="7.40347">
        <ele>744.6</ele>
      </trkpt>
      <trkpt lat="43.88286" lon="7.40399">
        <ele>734.4</ele>
      </trkpt>
      <trkpt lat="43.883" lon="7.40441">
        <ele>727.4</ele>
      </trkpt>
      <trkpt lat="43.8831" lon="7.40459">
        <ele>724.9</ele>
      </trkpt>
      <trkpt lat="43.88319" lon="7.40476">
        <ele>721.9</ele>
      </trkpt>
      <trkpt lat="43.88323" lon="7.40497">
        <ele>716.8</ele>
      </trkpt>
      <trkpt lat="43.88323" lon="7.40519">
        <ele>713.4</ele>
      </trkpt>
      <trkpt lat="43.88328" lon="7.40533">
        <ele>711.6</ele>
      </trkpt>
      <trkpt lat="43.88338" lon="7.40546">
        <ele>712.5</ele>
      </trkpt>
      <trkpt lat="43.8834" lon="7.40555">
        <ele>712.3</ele>
      </trkpt>
      <trkpt lat="43.88341" lon="7.40568">
        <ele>710.9</ele>
      </trkpt>
      <trkpt lat="43.88343" lon="7.4058">
        <ele>710.3</ele>
      </trkpt>
      <trkpt lat="43.88356" lon="7.40616">
        <ele>709.2</ele>
      </trkpt>
      <trkpt lat="43.88361" lon="7.40644">
        <ele>705.3</ele>
      </trkpt>
      <trkpt lat="43.88365" lon="7.40654">
        <ele>705.6</ele>
      </trkpt>
      <trkpt lat="43.88381" lon="7.40676">
        <ele>710.1</ele>
      </trkpt>
      <trkpt lat="43.88395" lon="7.40702">
        <ele>708.9</ele>
      </trkpt>
      <trkpt lat="43.88404" lon="7.40723">
        <ele>705.6</ele>
      </trkpt>
      <trkpt lat="43.88426" lon="7.40771">
        <ele>702.4</ele>
      </trkpt>
      <trkpt lat="43.88434" lon="7.40795">
        <ele>700.3</ele>
      </trkpt>
      <trkpt lat="43.88434" lon="7.40807">
        <ele>695.6</ele>
      </trkpt>
      <trkpt lat="43.88432" lon="7.40813">
        <ele>691.7</ele>
      </trkpt>
      <trkpt lat="43.88428" lon="7.40815">
        <ele>687.9</ele>
      </trkpt>
      <trkpt lat="43.88424" lon="7.40816">
        <ele>684.4</ele>
      </trkpt>
      <trkpt lat="43.8842" lon="7.40806">
        <ele>684.8</ele>
      </trkpt>
      <trkpt lat="43.88418" lon="7.40787">
        <ele>689.7</ele>
      </trkpt>
      <trkpt lat="43.88414" lon="7.40771">
        <ele>692.6</ele>
      </trkpt>
      <trkpt lat="43.88409" lon="7.40759">
        <ele>693.8</ele>
      </trkpt>
      <trkpt lat="43.88396" lon="7.40739">
        <ele>694.0</ele>
      </trkpt>
      <trkpt lat="43.88383" lon="7.40723">
        <ele>692.8</ele>
      </trkpt>
      <trkpt lat="43.88366" lon="7.4071">
        <ele>687.2</ele>
      </trkpt>
      <trkpt lat="43.8834" lon="7.40684">
        <ele>679.1</ele>
      </trkpt>
      <trkpt lat="43.88334" lon="7.40668">
        <ele>680.1</ele>
      </trkpt>
      <trkpt lat="43.88323" lon="7.40622">
        <ele>694.4</ele>
      </trkpt>
      <trkpt lat="43.88315" lon="7.40607">
        <ele>699.2</ele>
      </trkpt>
      <trkpt lat="43.88306" lon="7.40603">
        <ele>700.9</ele>
      </trkpt>
      <trkpt lat="43.88294" lon="7.40606">
        <ele>701.6</ele>
      </trkpt>
      <trkpt lat="43.88289" lon="7.40617">
        <ele>700.4</ele>
      </trkpt>
      <trkpt lat="43.88288" lon="7.40653">
        <ele>695.1</ele>
      </trkpt>
      <trkpt lat="43.88285" lon="7.40678">
        <ele>692.2</ele>
      </trkpt>
      <trkpt lat="43.88283" lon="7.40728">
        <ele>685.6</ele>
      </trkpt>
      <trkpt lat="43.88288" lon="7.4075">
        <ele>679.6</ele>
      </trkpt>
      <trkpt lat="43.88302" lon="7.40781">
        <ele>670.0</ele>
      </trkpt>
      <trkpt lat="43.88309" lon="7.40826">
        <ele>662.6</ele>
      </trkpt>
      <trkpt lat="43.88308" lon="7.40838">
        <ele>662.7</ele>
      </trkpt>
      <trkpt lat="43.88303" lon="7.40856">
        <ele>666.3</ele>
      </trkpt>
      <trkpt lat="43.88301" lon="7.40878">
        <ele>667.6</ele>
      </trkpt>
      <trkpt lat="43.88302" lon="7.40901">
        <ele>666.5</ele>
      </trkpt>
      <trkpt lat="43.88318" lon="7.40945">
        <ele>653.3</ele>
      </trkpt>
      <trkpt lat="43.8832" lon="7.40977">
        <ele>652.1</ele>
      </trkpt>
      <trkpt lat="43.88323" lon="7.4101">
        <ele>649.4</ele>
      </trkpt>
      <trkpt lat="43.88323" lon="7.41015">
        <ele>649.1</ele>
      </trkpt>
      <trkpt lat="43.88323" lon="7.41015">
        <ele>649.1</ele>
      </trkpt>
      <trkpt lat="43.88322" lon="7.41033">
        <ele>649.0</ele>
      </trkpt>
      <trkpt lat="43.88318" lon="7.41056">
        <ele>651.2</ele>
      </trkpt>
      <trkpt lat="43.88316" lon="7.41088">
        <ele>651.1</ele>
      </trkpt>
      <trkpt lat="43.88319" lon="7.41111">
        <ele>647.7</ele>
      </trkpt>
      <trkpt lat="43.88318" lon="7.41122">
        <ele>648.1</ele>
      </trkpt>
      <trkpt lat="43.88316" lon="7.41132">
        <ele>649.4</ele>
      </trkpt>
      <trkpt lat="43.88314" lon="7.41152">
        <ele>650.3</ele>
      </trkpt>
      <trkpt lat="43.8832" lon="7.41168">
        <ele>644.6</ele>
      </trkpt>
      <trkpt lat="43.88326" lon="7.41188">
        <ele>641.0</ele>
      </trkpt>
      <trkpt lat="43.88326" lon="7.41216">
        <ele>643.3</ele>
      </trkpt>
      <trkpt lat="43.88333" lon="7.41248">
        <ele>640.1</ele>
      </trkpt>
      <trkpt lat="43.88344" lon="7.41298">
        <ele>633.2</ele>
      </trkpt>
      <trkpt lat="43.88351" lon="7.4134">
        <ele>628.6</ele>
      </trkpt>
      <trkpt lat="43.88354" lon="7.41346">
        <ele>625.9</ele>
      </trkpt>
      <trkpt lat="43.88358" lon="7.41347">
        <ele>623.0</ele>
      </trkpt>
      <trkpt lat="43.88361" lon="7.41345">
        <ele>621.0</ele>
      </trkpt>
      <trkpt lat="43.88362" lon="7.41339">
        <ele>620.9</ele>
      </trkpt>
      <trkpt lat="43.88362" lon="7.41332">
        <ele>621.3</ele>
      </trkpt>
      <trkpt lat="43.88358" lon="7.41313">
        <ele>623.5</ele>
      </trkpt>
      <trkpt lat="43.88354" lon="7.41292">
        <ele>625.6</ele>
      </trkpt>
      <trkpt lat="43.8835" lon="7.41261">
        <ele>627.6</ele>
      </trkpt>
      <trkpt lat="43.88346" lon="7.41224">
        <ele>628.7</ele>
      </trkpt>
      <trkpt lat="43.88346" lon="7.41207">
        <ele>627.7</ele>
      </trkpt>
      <trkpt lat="43.88343" lon="7.41172">
        <ele>627.4</ele>
      </trkpt>
      <trkpt lat="43.88344" lon="7.41141">
        <ele>628.3</ele>
      </trkpt>
      <trkpt lat="43.88348" lon="7.41121">
        <ele>627.7</ele>
      </trkpt>
      <trkpt lat="43.88365" lon="7.4106">
        <ele>626.6</ele>
      </trkpt>
      <trkpt lat="43.88374" lon="7.41039">
        <ele>626.7</ele>
      </trkpt>
      <trkpt lat="43.88376" lon="7.41026">
        <ele>628.4</ele>
      </trkpt>
      <trkpt lat="43.88373" lon="7.4101">
        <ele>631.8</ele>
      </trkpt>
      <trkpt lat="43.88373" lon="7.40999">
        <ele>633.5</ele>
      </trkpt>
      <trkpt lat="43.88378" lon="7.40995">
        <ele>633.2</ele>
      </trkpt>
      <trkpt lat="43.8838" lon="7.40997">
        <ele>632.5</ele>
      </trkpt>
      <trkpt lat="43.88383" lon="7.41001">
        <ele>631.3</ele>
      </trkpt>
      <trkpt lat="43.88386" lon="7.41015">
        <ele>627.9</ele>
      </trkpt>
      <trkpt lat="43.88388" lon="7.41033">
        <ele>623.7</ele>
      </trkpt>
      <trkpt lat="43.88386" lon="7.4105">
        <ele>620.9</ele>
      </trkpt>
      <trkpt lat="43.88382" lon="7.41062">
        <ele>620.0</ele>
      </trkpt>
      <trkpt lat="43.88376" lon="7.41076">
        <ele>619.8</ele>
      </trkpt>
      <trkpt lat="43.88373" lon="7.41093">
        <ele>618.6</ele>
      </trkpt>
      <trkpt lat="43.88373" lon="7.41121">
        <ele>614.8</ele>
      </trkpt>
      <trkpt lat="43.88371" lon="7.41132">
        <ele>614.4</ele>
      </trkpt>
      <trkpt lat="43.88367" lon="7.41146">
        <ele>614.9</ele>
      </trkpt>
      <trkpt lat="43.88367" lon="7.41166">
        <ele>612.5</ele>
      </trkpt>
      <trkpt lat="43.88371" lon="7.41186">
        <ele>610.2</ele>
      </trkpt>
      <trkpt lat="43.8838" lon="7.41207">
        <ele>604.3</ele>
      </trkpt>
      <trkpt lat="43.88386" lon="7.41234">
        <ele>599.8</ele>
      </trkpt>
      <trkpt lat="43.8839" lon="7.41261">
        <ele>597.1</ele>
      </trkpt>
      <trkpt lat="43.88394" lon="7.413">
        <ele>596.3</ele>
      </trkpt>
      <trkpt lat="43.88413" lon="7.41338">
        <ele>584.6</ele>
      </trkpt>
      <trkpt lat="43.88419" lon="7.41353">
        <ele>581.0</ele>
      </trkpt>
      <trkpt lat="43.88434" lon="7.41382">
        <ele>574.2</ele>
      </trkpt>
      <trkpt lat="43.88438" lon="7.41396">
        <ele>572.1</ele>
      </trkpt>
      <trkpt lat="43.88437" lon="7.41415">
        <ele>572.0</ele>
      </trkpt>
      <trkpt lat="43.88434" lon="7.41428">
        <ele>572.2</ele>
      </trkpt>
      <trkpt lat="43.88409" lon="7.41471">
        <ele>578.7</ele>
      </trkpt>
      <trkpt lat="43.88407" lon="7.4149">
        <ele>576.9</ele>
      </trkpt>
      <trkpt lat="43.88403" lon="7.41507">
        <ele>575.6</ele>
      </trkpt>
      <trkpt lat="43.88364" lon="7.41608">
        <ele>569.5</ele>
      </trkpt>
      <trkpt lat="43.88359" lon="7.41632">
        <ele>566.2</ele>
      </trkpt>
      <trkpt lat="43.88353" lon="7.41646">
        <ele>565.8</ele>
      </trkpt>
      <trkpt lat="43.88339" lon="7.41666">
        <ele>568.3</ele>
      </trkpt>
      <trkpt lat="43.88323" lon="7.41687">
        <ele>570.9</ele>
      </trkpt>
      <trkpt lat="43.88315" lon="7.41702">
        <ele>570.7</ele>
      </trkpt>
      <trkpt lat="43.88315" lon="7.41714">
        <ele>568.0</ele>
      </trkpt>
      <trkpt lat="43.88318" lon="7.41722">
        <ele>565.2</ele>
      </trkpt>
      <trkpt lat="43.88325" lon="7.41723">
        <ele>562.5</ele>
      </trkpt>
      <trkpt lat="43.88331" lon="7.41716">
        <ele>561.8</ele>
      </trkpt>
      <trkpt lat="43.88344" lon="7.41693">
        <ele>560.3</ele>
      </trkpt>
      <trkpt lat="43.88362" lon="7.41662">
        <ele>557.6</ele>
      </trkpt>
      <trkpt lat="43.88371" lon="7.4164">
        <ele>558.5</ele>
      </trkpt>
      <trkpt lat="43.88377" lon="7.41616">
        <ele>561.5</ele>
      </trkpt>
      <trkpt lat="43.8839" lon="7.4158">
        <ele>564.6</ele>
      </trkpt>
      <trkpt lat="43.88407" lon="7.41554">
        <ele>563.0</ele>
      </trkpt>
      <trkpt lat="43.88426" lon="7.41538">
        <ele>558.9</ele>
      </trkpt>
      <trkpt lat="43.88449" lon="7.41521">
        <ele>554.0</ele>
      </trkpt>
      <trkpt lat="43.8846" lon="7.41509">
        <ele>552.1</ele>
      </trkpt>
      <trkpt lat="43.8847" lon="7.41479">
        <ele>551.4</ele>
      </trkpt>
      <trkpt lat="43.88474" lon="7.41476">
        <ele>549.9</ele>
      </trkpt>
      <trkpt lat="43.8848" lon="7.41477">
        <ele>547.3</ele>
      </trkpt>
      <trkpt lat="43.88491" lon="7.41499">
        <ele>541.6</ele>
      </trkpt>
      <trkpt lat="43.88496" lon="7.41516">
        <ele>537.0</ele>
      </trkpt>
      <trkpt lat="43.88495" lon="7.41526">
        <ele>535.8</ele>
      </trkpt>
      <trkpt lat="43.88491" lon="7.41534">
        <ele>536.0</ele>
      </trkpt>
      <trkpt lat="43.88486" lon="7.41538">
        <ele>537.1</ele>
      </trkpt>
      <trkpt lat="43.88478" lon="7.41543">
        <ele>539.2</ele>
      </trkpt>
      <trkpt lat="43.88466" lon="7.41547">
        <ele>542.7</ele>
      </trkpt>
      <trkpt lat="43.88459" lon="7.41554">
        <ele>543.9</ele>
      </trkpt>
      <trkpt lat="43.88447" lon="7.41568">
        <ele>545.3</ele>
      </trkpt>
      <trkpt lat="43.88435" lon="7.41577">
        <ele>547.4</ele>
      </trkpt>
      <trkpt lat="43.88426" lon="7.41586">
        <ele>548.2</ele>
      </trkpt>
      <trkpt lat="43.88412" lon="7.41613">
        <ele>546.0</ele>
      </trkpt>
      <trkpt lat="43.884" lon="7.41653">
        <ele>541.0</ele>
      </trkpt>
      <trkpt lat="43.88379" lon="7.41764">
        <ele>528.3</ele>
      </trkpt>
      <trkpt lat="43.88375" lon="7.41779">
        <ele>526.5</ele>
      </trkpt>
      <trkpt lat="43.88347" lon="7.41819">
        <ele>527.4</ele>
      </trkpt>
      <trkpt lat="43.88346" lon="7.41831">
        <ele>524.3</ele>
      </trkpt>
      <trkpt lat="43.8835" lon="7.41839">
        <ele>520.8</ele>
      </trkpt>
      <trkpt lat="43.88357" lon="7.41839">
        <ele>518.4</ele>
      </trkpt>
      <trkpt lat="43.88367" lon="7.41834">
        <ele>516.1</ele>
      </trkpt>
      <trkpt lat="43.88379" lon="7.4182">
        <ele>515.2</ele>
      </trkpt>
      <trkpt lat="43.88387" lon="7.41808">
        <ele>514.9</ele>
      </trkpt>
      <trkpt lat="43.88403" lon="7.41759">
        <ele>518.0</ele>
      </trkpt>
      <trkpt lat="43.88435" lon="7.41705">
        <ele>516.3</ele>
      </trkpt>
      <trkpt lat="43.88462" lon="7.41673">
        <ele>513.8</ele>
      </trkpt>
      <trkpt lat="43.8849" lon="7.41649">
        <ele>510.8</ele>
      </trkpt>
      <trkpt lat="43.88512" lon="7.41634">
        <ele>509.7</ele>
      </trkpt>
      <trkpt lat="43.88519" lon="7.4164">
        <ele>507.3</ele>
      </trkpt>
      <trkpt lat="43.88519" lon="7.41657">
        <ele>503.4</ele>
      </trkpt>
      <trkpt lat="43.88491" lon="7.41687">
        <ele>502.8</ele>
      </trkpt>
      <trkpt lat="43.88472" lon="7.4172">
        <ele>503.2</ele>
      </trkpt>
      <trkpt lat="43.88462" lon="7.41746">
        <ele>501.7</ele>
      </trkpt>
      <trkpt lat="43.88443" lon="7.41846">
        <ele>489.6</ele>
      </trkpt>
      <trkpt lat="43.88436" lon="7.41879">
        <ele>486.5</ele>
      </trkpt>
      <trkpt lat="43.88425" lon="7.41904">
        <ele>485.2</ele>
      </trkpt>
      <trkpt lat="43.88409" lon="7.4193">
        <ele>485.1</ele>
      </trkpt>
      <trkpt lat="43.8841" lon="7.4194">
        <ele>483.5</ele>
      </trkpt>
      <trkpt lat="43.88415" lon="7.41946">
        <ele>481.5</ele>
      </trkpt>
      <trkpt lat="43.8842" lon="7.41946">
        <ele>480.5</ele>
      </trkpt>
      <trkpt lat="43.88423" lon="7.41942">
        <ele>480.4</ele>
      </trkpt>
      <trkpt lat="43.88428" lon="7.41923">
        <ele>481.8</ele>
      </trkpt>
      <trkpt lat="43.88454" lon="7.41871">
        <ele>483.1</ele>
      </trkpt>
      <trkpt lat="43.88476" lon="7.41837">
        <ele>481.5</ele>
      </trkpt>
      <trkpt lat="43.88497" lon="7.41807">
        <ele>480.9</ele>
      </trkpt>
      <trkpt lat="43.88512" lon="7.41798">
        <ele>481.5</ele>
      </trkpt>
      <trkpt lat="43.88526" lon="7.41795">
        <ele>481.8</ele>
      </trkpt>
      <trkpt lat="43.88542" lon="7.41794">
        <ele>481.6</ele>
      </trkpt>
      <trkpt lat="43.88554" lon="7.41797">
        <ele>480.8</ele>
      </trkpt>
      <trkpt lat="43.88569" lon="7.41807">
        <ele>479.0</ele>
      </trkpt>
      <trkpt lat="43.88636" lon="7.41868">
        <ele>469.1</ele>
      </trkpt>
      <trkpt lat="43.88641" lon="7.41878">
        <ele>468.5</ele>
      </trkpt>
      <trkpt lat="43.88642" lon="7.4189">
        <ele>468.0</ele>
      </trkpt>
      <trkpt lat="43.88641" lon="7.41899">
        <ele>467.7</ele>
      </trkpt>
      <trkpt lat="43.88637" lon="7.41904">
        <ele>467.5</ele>
      </trkpt>
      <trkpt lat="43.88612" lon="7.41909">
        <ele>467.5</ele>
      </trkpt>
      <trkpt lat="43.88604" lon="7.41914">
        <ele>467.2</ele>
      </trkpt>
      <trkpt lat="43.88604" lon="7.41914">
        <ele>467.2</ele>
      </trkpt>
      <trkpt lat="43.88598" lon="7.4193">
        <ele>466.1</ele>
      </trkpt>
      <trkpt lat="43.88593" lon="7.41948">
        <ele>464.8</ele>
      </trkpt>
      <trkpt lat="43.88589" lon="7.41955">
        <ele>464.3</ele>
      </trkpt>
      <trkpt lat="43.88557" lon="7.41976">
        <ele>462.7</ele>
      </trkpt>
      <trkpt lat="43.88554" lon="7.41982">
        <ele>462.3</ele>
      </trkpt>
      <trkpt lat="43.8855" lon="7.42011">
        <ele>460.5</ele>
      </trkpt>
      <trkpt lat="43.88533" lon="7.42091">
        <ele>457.5</ele>
      </trkpt>
      <trkpt lat="43.88519" lon="7.42154">
        <ele>455.6</ele>
      </trkpt>
      <trkpt lat="43.88511" lon="7.42167">
        <ele>455.4</ele>
      </trkpt>
      <trkpt lat="43.88499" lon="7.42178">
        <ele>455.2</ele>
      </trkpt>
      <trkpt lat="43.8846" lon="7.42239">
        <ele>451.9</ele>
      </trkpt>
      <trkpt lat="43.88405" lon="7.42297">
        <ele>447.8</ele>
      </trkpt>
      <trkpt lat="43.8839" lon="7.42317">
        <ele>446.5</ele>
      </trkpt>
      <trkpt lat="43.88386" lon="7.42325">
        <ele>445.9</ele>
      </trkpt>
      <trkpt lat="43.88409" lon="7.4242">
        <ele>439.0</ele>
      </trkpt>
      <trkpt lat="43.88409" lon="7.4243">
        <ele>438.7</ele>
      </trkpt>
      <trkpt lat="43.88406" lon="7.42478">
        <ele>437.2</ele>
      </trkpt>
      <trkpt lat="43.88405" lon="7.42555">
        <ele>434.0</ele>
      </trkpt>
      <trkpt lat="43.88397" lon="7.42631">
        <ele>428.4</ele>
      </trkpt>
      <trkpt lat="43.88389" lon="7.42682">
        <ele>423.9</ele>
      </trkpt>
      <trkpt lat="43.88379" lon="7.42715">
        <ele>421.0</ele>
      </trkpt>
      <trkpt lat="43.88364" lon="7.42739">
        <ele>419.5</ele>
      </trkpt>
      <trkpt lat="43.88357" lon="7.42746">
        <ele>419.2</ele>
      </trkpt>
      <trkpt lat="43.88352" lon="7.42747">
        <ele>419.3</ele>
      </trkpt>
      <trkpt lat="43.88345" lon="7.42743">
        <ele>420.0</ele>
      </trkpt>
      <trkpt lat="43.88336" lon="7.42735">
        <ele>421.0</ele>
      </trkpt>
      <trkpt lat="43.88331" lon="7.42735">
        <ele>421.1</ele>
      </trkpt>
      <trkpt lat="43.88326" lon="7.42737">
        <ele>421.0</ele>
      </trkpt>
      <trkpt lat="43.88311" lon="7.42763">
        <ele>419.4</ele>
      </trkpt>
      <trkpt lat="43.88305" lon="7.4278">
        <ele>418.6</ele>
      </trkpt>
      <trkpt lat="43.88306" lon="7.42785">
        <ele>418.2</ele>
      </trkpt>
      <trkpt lat="43.88309" lon="7.4279">
        <ele>417.8</ele>
      </trkpt>
      <trkpt lat="43.88325" lon="7.42806">
        <ele>415.8</ele>
      </trkpt>
      <trkpt lat="43.88333" lon="7.42819">
        <ele>414.2</ele>
      </trkpt>
      <trkpt lat="43.88352" lon="7.42857">
        <ele>411.3</ele>
      </trkpt>
      <trkpt lat="43.88356" lon="7.42874">
        <ele>410.5</ele>
      </trkpt>
      <trkpt lat="43.8836" lon="7.42895">
        <ele>409.5</ele>
      </trkpt>
      <trkpt lat="43.8835" lon="7.42983">
        <ele>401.6</ele>
      </trkpt>
      <trkpt lat="43.88351" lon="7.42992">
        <ele>400.5</ele>
      </trkpt>
      <trkpt lat="43.88284" lon="7.4301">
        <ele>405.2</ele>
      </trkpt>
      <trkpt lat="43.88273" lon="7.43015">
        <ele>405.8</ele>
      </trkpt>
      <trkpt lat="43.88273" lon="7.43015">
        <ele>405.8</ele>
      </trkpt>
      <trkpt lat="43.8826" lon="7.43028">
        <ele>405.3</ele>
      </trkpt>
      <trkpt lat="43.88239" lon="7.4307">
        <ele>400.2</ele>
      </trkpt>
      <trkpt lat="43.8823" lon="7.43081">
        <ele>399.1</ele>
      </trkpt>
      <trkpt lat="43.88223" lon="7.43087">
        <ele>398.9</ele>
      </trkpt>
      <trkpt lat="43.88213" lon="7.43091">
        <ele>399.3</ele>
      </trkpt>
      <trkpt lat="43.88177" lon="7.43093">
        <ele>401.8</ele>
      </trkpt>
      <trkpt lat="43.88167" lon="7.43095">
        <ele>402.3</ele>
      </trkpt>
      <trkpt lat="43.88157" lon="7.43099">
        <ele>402.3</ele>
      </trkpt>
      <trkpt lat="43.88114" lon="7.43128">
        <ele>399.7</ele>
      </trkpt>
      <trkpt lat="43.88071" lon="7.43158">
        <ele>395.6</ele>
      </trkpt>
      <trkpt lat="43.88052" lon="7.43169">
        <ele>394.3</ele>
      </trkpt>
      <trkpt lat="43.88013" lon="7.43197">
        <ele>396.7</ele>
      </trkpt>
      <trkpt lat="43.87985" lon="7.43217">
        <ele>398.5</ele>
      </trkpt>
      <trkpt lat="43.87981" lon="7.43225">
        <ele>398.9</ele>
      </trkpt>
      <trkpt lat="43.87978" lon="7.43234">
        <ele>399.3</ele>
      </trkpt>
      <trkpt lat="43.87979" lon="7.43252">
        <ele>400.1</ele>
      </trkpt>
      <trkpt lat="43.88006" lon="7.4334">
        <ele>396.9</ele>
      </trkpt>
      <trkpt lat="43.88009" lon="7.43359">
        <ele>395.7</ele>
      </trkpt>
      <trkpt lat="43.88009" lon="7.43376">
        <ele>395.0</ele>
      </trkpt>
      <trkpt lat="43.88006" lon="7.43393">
        <ele>394.5</ele>
      </trkpt>
      <trkpt lat="43.88003" lon="7.43398">
        <ele>394.6</ele>
      </trkpt>
      <trkpt lat="43.8798" lon="7.4343">
        <ele>395.8</ele>
      </trkpt>
      <trkpt lat="43.8795" lon="7.43464">
        <ele>396.8</ele>
      </trkpt>
      <trkpt lat="43.87905" lon="7.43525">
        <ele>395.4</ele>
      </trkpt>
      <trkpt lat="43.87859" lon="7.43586">
        <ele>393.6</ele>
      </trkpt>
      <trkpt lat="43.8782" lon="7.43637">
        <ele>392.2</ele>
      </trkpt>
      <trkpt lat="43.87811" lon="7.43642">
        <ele>392.7</ele>
      </trkpt>
      <trkpt lat="43.87796" lon="7.43646">
        <ele>393.7</ele>
      </trkpt>
      <trkpt lat="43.87793" lon="7.4365">
        <ele>393.8</ele>
      </trkpt>
      <trkpt lat="43.87792" lon="7.4366">
        <ele>393.3</ele>
      </trkpt>
      <trkpt lat="43.87796" lon="7.43666">
        <ele>392.6</ele>
      </trkpt>
      <trkpt lat="43.87816" lon="7.43681">
        <ele>389.5</ele>
      </trkpt>
      <trkpt lat="43.87822" lon="7.43688">
        <ele>388.4</ele>
      </trkpt>
      <trkpt lat="43.87831" lon="7.43703">
        <ele>386.6</ele>
      </trkpt>
      <trkpt lat="43.87847" lon="7.43749">
        <ele>383.1</ele>
      </trkpt>
      <trkpt lat="43.87857" lon="7.43768">
        <ele>381.8</ele>
      </trkpt>
      <trkpt lat="43.87871" lon="7.43789">
        <ele>380.6</ele>
      </trkpt>
      <trkpt lat="43.87876" lon="7.43802">
        <ele>379.9</ele>
      </trkpt>
      <trkpt lat="43.8788" lon="7.43819">
        <ele>379.0</ele>
      </trkpt>
      <trkpt lat="43.87882" lon="7.43831">
        <ele>378.3</ele>
      </trkpt>
      <trkpt lat="43.87882" lon="7.43855">
        <ele>378.0</ele>
      </trkpt>
      <trkpt lat="43.87881" lon="7.43865">
        <ele>377.8</ele>
      </trkpt>
      <trkpt lat="43.87877" lon="7.43873">
        <ele>377.7</ele>
      </trkpt>
      <trkpt lat="43.87858" lon="7.43892">
        <ele>377.3</ele>
      </trkpt>
      <trkpt lat="43.87855" lon="7.43899">
        <ele>377.2</ele>
      </trkpt>
      <trkpt lat="43.87854" lon="7.43913">
        <ele>377.1</ele>
      </trkpt>
      <trkpt lat="43.87855" lon="7.43931">
        <ele>376.9</ele>
      </trkpt>
      <trkpt lat="43.87853" lon="7.43951">
        <ele>376.0</ele>
      </trkpt>
      <trkpt lat="43.87844" lon="7.43991">
        <ele>374.6</ele>
      </trkpt>
      <trkpt lat="43.87844" lon="7.43991">
        <ele>374.6</ele>
      </trkpt>
      <trkpt lat="43.87839" lon="7.44018">
        <ele>374.2</ele>
      </trkpt>
      <trkpt lat="43.87841" lon="7.44037">
        <ele>373.7</ele>
      </trkpt>
      <trkpt lat="43.87844" lon="7.44053">
        <ele>373.1</ele>
      </trkpt>
      <trkpt lat="43.87848" lon="7.44069">
        <ele>372.4</ele>
      </trkpt>
      <trkpt lat="43.87852" lon="7.44083">
        <ele>371.5</ele>
      </trkpt>
      <trkpt lat="43.8787" lon="7.44109">
        <ele>368.0</ele>
      </trkpt>
      <trkpt lat="43.87873" lon="7.44117">
        <ele>367.2</ele>
      </trkpt>
      <trkpt lat="43.87874" lon="7.44125">
        <ele>366.7</ele>
      </trkpt>
      <trkpt lat="43.87873" lon="7.4413">
        <ele>366.6</ele>
      </trkpt>
      <trkpt lat="43.87866" lon="7.4415">
        <ele>367.0</ele>
      </trkpt>
      <trkpt lat="43.87858" lon="7.44193">
        <ele>366.7</ele>
      </trkpt>
      <trkpt lat="43.8784" lon="7.44258">
        <ele>366.9</ele>
      </trkpt>
      <trkpt lat="43.87833" lon="7.4427">
        <ele>367.1</ele>
      </trkpt>
      <trkpt lat="43.87804" lon="7.44307">
        <ele>366.9</ele>
      </trkpt>
      <trkpt lat="43.87801" lon="7.44313">
        <ele>366.8</ele>
      </trkpt>
      <trkpt lat="43.87804" lon="7.44317">
        <ele>366.2</ele>
      </trkpt>
      <trkpt lat="43.87808" lon="7.44357">
        <ele>364.3</ele>
      </trkpt>
      <trkpt lat="43.87809" lon="7.4439">
        <ele>363.5</ele>
      </trkpt>
      <trkpt lat="43.87809" lon="7.44446">
        <ele>360.1</ele>
      </trkpt>
      <trkpt lat="43.87795" lon="7.44522">
        <ele>356.7</ele>
      </trkpt>
      <trkpt lat="43.87791" lon="7.44624">
        <ele>354.6</ele>
      </trkpt>
      <trkpt lat="43.87782" lon="7.44717">
        <ele>353.8</ele>
      </trkpt>
      <trkpt lat="43.87784" lon="7.44752">
        <ele>352.9</ele>
      </trkpt>
      <trkpt lat="43.87781" lon="7.44813">
        <ele>351.4</ele>
      </trkpt>
      <trkpt lat="43.87778" lon="7.44863">
        <ele>351.8</ele>
      </trkpt>
      <trkpt lat="43.87776" lon="7.44905">
        <ele>353.1</ele>
      </trkpt>
      <trkpt lat="43.87775" lon="7.44913">
        <ele>353.4</ele>
      </trkpt>
      <trkpt lat="43.87765" lon="7.44947">
        <ele>352.7</ele>
      </trkpt>
      <trkpt lat="43.87762" lon="7.4496">
        <ele>352.1</ele>
      </trkpt>
      <trkpt lat="43.87758" lon="7.45011">
        <ele>349.8</ele>
      </trkpt>
      <trkpt lat="43.87753" lon="7.45072">
        <ele>348.4</ele>
      </trkpt>
      <trkpt lat="43.87754" lon="7.45081">
        <ele>348.2</ele>
      </trkpt>
      <trkpt lat="43.87756" lon="7.45089">
        <ele>348.0</ele>
      </trkpt>
      <trkpt lat="43.87761" lon="7.45094">
        <ele>347.8</ele>
      </trkpt>
      <trkpt lat="43.87783" lon="7.45116">
        <ele>346.9</ele>
      </trkpt>
      <trkpt lat="43.87792" lon="7.45124">
        <ele>346.6</ele>
      </trkpt>
      <trkpt lat="43.87797" lon="7.45133">
        <ele>346.4</ele>
      </trkpt>
      <trkpt lat="43.87801" lon="7.45143">
        <ele>346.0</ele>
      </trkpt>
      <trkpt lat="43.87827" lon="7.45255">
        <ele>343.0</ele>
      </trkpt>
      <trkpt lat="43.87852" lon="7.45368">
        <ele>344.6</ele>
      </trkpt>
      <trkpt lat="43.87878" lon="7.4548">
        <ele>347.3</ele>
      </trkpt>
      <trkpt lat="43.87887" lon="7.45517">
        <ele>347.2</ele>
      </trkpt>
      <trkpt lat="43.87915" lon="7.4561">
        <ele>346.5</ele>
      </trkpt>
      <trkpt lat="43.87939" lon="7.45716">
        <ele>348.7</ele>
      </trkpt>
      <trkpt lat="43.87947" lon="7.45764">
        <ele>347.6</ele>
      </trkpt>
      <trkpt lat="43.87951" lon="7.45797">
        <ele>347.9</ele>
      </trkpt>
      <trkpt lat="43.87964" lon="7.45916">
        <ele>349.1</ele>
      </trkpt>
      <trkpt lat="43.87983" lon="7.45992">
        <ele>350.9</ele>
      </trkpt>
      <trkpt lat="43.87986" lon="7.46015">
        <ele>350.0</ele>
      </trkpt>
      <trkpt lat="43.87989" lon="7.46059">
        <ele>347.2</ele>
      </trkpt>
      <trkpt lat="43.87991" lon="7.46074">
        <ele>346.3</ele>
      </trkpt>
      <trkpt lat="43.87998" lon="7.46086">
        <ele>346.6</ele>
      </trkpt>
      <trkpt lat="43.88012" lon="7.46097">
        <ele>350.8</ele>
      </trkpt>
      <trkpt lat="43.88027" lon="7.46106">
        <ele>355.5</ele>
      </trkpt>
      <trkpt lat="43.88031" lon="7.46113">
        <ele>356.6</ele>
      </trkpt>
      <trkpt lat="43.88031" lon="7.46121">
        <ele>356.2</ele>
      </trkpt>
      <trkpt lat="43.88028" lon="7.46155">
        <ele>353.9</ele>
      </trkpt>
      <trkpt lat="43.88029" lon="7.46181">
        <ele>352.6</ele>
      </trkpt>
      <trkpt lat="43.88033" lon="7.46194">
        <ele>352.7</ele>
      </trkpt>
      <trkpt lat="43.88045" lon="7.46227">
        <ele>353.3</ele>
      </trkpt>
      <trkpt lat="43.88062" lon="7.46251">
        <ele>355.5</ele>
      </trkpt>
      <trkpt lat="43.88088" lon="7.46276">
        <ele>359.5</ele>
      </trkpt>
      <trkpt lat="43.88097" lon="7.46289">
        <ele>360.5</ele>
      </trkpt>
      <trkpt lat="43.88104" lon="7.46304">
        <ele>360.5</ele>
      </trkpt>
      <trkpt lat="43.88111" lon="7.46323">
        <ele>359.7</ele>
      </trkpt>
      <trkpt lat="43.88133" lon="7.46368">
        <ele>360.7</ele>
      </trkpt>
      <trkpt lat="43.88147" lon="7.46391">
        <ele>361.6</ele>
      </trkpt>
      <trkpt lat="43.88156" lon="7.46409">
        <ele>361.8</ele>
      </trkpt>
      <trkpt lat="43.88196" lon="7.46454">
        <ele>367.7</ele>
      </trkpt>
      <trkpt lat="43.88199" lon="7.46462">
        <ele>367.7</ele>
      </trkpt>
      <trkpt lat="43.882" lon="7.46469">
        <ele>367.1</ele>
      </trkpt>
      <trkpt lat="43.882" lon="7.46479">
        <ele>365.9</ele>
      </trkpt>
      <trkpt lat="43.88196" lon="7.46511">
        <ele>361.7</ele>
      </trkpt>
      <trkpt lat="43.88203" lon="7.46569">
        <ele>361.4</ele>
      </trkpt>
      <trkpt lat="43.8821" lon="7.46595">
        <ele>362.2</ele>
      </trkpt>
      <trkpt lat="43.88218" lon="7.46619">
        <ele>362.9</ele>
      </trkpt>
      <trkpt lat="43.88238" lon="7.46668">
        <ele>364.5</ele>
      </trkpt>
      <trkpt lat="43.88257" lon="7.46699">
        <ele>365.0</ele>
      </trkpt>
      <trkpt lat="43.88289" lon="7.46737">
        <ele>366.9</ele>
      </trkpt>
      <trkpt lat="43.88295" lon="7.46747">
        <ele>366.7</ele>
      </trkpt>
      <trkpt lat="43.88322" lon="7.468">
        <ele>367.1</ele>
      </trkpt>
      <trkpt lat="43.88331" lon="7.4681">
        <ele>368.0</ele>
      </trkpt>
      <trkpt lat="43.88344" lon="7.46823">
        <ele>369.4</ele>
      </trkpt>
      <trkpt lat="43.88366" lon="7.46833">
        <ele>372.7</ele>
      </trkpt>
      <trkpt lat="43.88374" lon="7.46839">
        <ele>373.9</ele>
      </trkpt>
      <trkpt lat="43.88396" lon="7.46862">
        <ele>376.3</ele>
      </trkpt>
      <trkpt lat="43.88402" lon="7.4687">
        <ele>376.7</ele>
      </trkpt>
      <trkpt lat="43.88425" lon="7.4695">
        <ele>374.8</ele>
      </trkpt>
      <trkpt lat="43.88431" lon="7.46966">
        <ele>374.9</ele>
      </trkpt>
      <trkpt lat="43.88431" lon="7.46966">
        <ele>374.9</ele>
      </trkpt>
      <trkpt lat="43.88434" lon="7.46973">
        <ele>375.0</ele>
      </trkpt>
      <trkpt lat="43.88454" lon="7.4701">
        <ele>375.5</ele>
      </trkpt>
      <trkpt lat="43.88467" lon="7.47026">
        <ele>375.7</ele>
      </trkpt>
      <trkpt lat="43.88462" lon="7.47038">
        <ele>374.5</ele>
      </trkpt>
      <trkpt lat="43.88456" lon="7.47055">
        <ele>373.1</ele>
      </trkpt>
      <trkpt lat="43.88455" lon="7.47072">
        <ele>372.0</ele>
      </trkpt>
      <trkpt lat="43.88458" lon="7.47087">
        <ele>371.2</ele>
      </trkpt>
      <trkpt lat="43.88467" lon="7.4711">
        <ele>370.0</ele>
      </trkpt>
      <trkpt lat="43.88471" lon="7.47122">
        <ele>369.2</ele>
      </trkpt>
      <trkpt lat="43.8848" lon="7.47163">
        <ele>366.3</ele>
      </trkpt>
      <trkpt lat="43.88481" lon="7.47183">
        <ele>364.4</ele>
      </trkpt>
      <trkpt lat="43.88477" lon="7.47205">
        <ele>362.4</ele>
      </trkpt>
      <trkpt lat="43.88469" lon="7.47225">
        <ele>360.7</ele>
      </trkpt>
      <trkpt lat="43.88455" lon="7.47249">
        <ele>359.2</ele>
      </trkpt>
      <trkpt lat="43.88423" lon="7.47297">
        <ele>356.3</ele>
      </trkpt>
      <trkpt lat="43.88391" lon="7.47347">
        <ele>353.5</ele>
      </trkpt>
      <trkpt lat="43.88359" lon="7.47397">
        <ele>352.2</ele>
      </trkpt>
      <trkpt lat="43.88315" lon="7.4749">
        <ele>346.7</ele>
      </trkpt>
      <trkpt lat="43.88272" lon="7.47589">
        <ele>340.7</ele>
      </trkpt>
      <trkpt lat="43.88251" lon="7.47641">
        <ele>339.3</ele>
      </trkpt>
      <trkpt lat="43.88245" lon="7.47673">
        <ele>337.5</ele>
      </trkpt>
      <trkpt lat="43.88245" lon="7.47689">
        <ele>336.4</ele>
      </trkpt>
      <trkpt lat="43.88251" lon="7.47759">
        <ele>332.8</ele>
      </trkpt>
      <trkpt lat="43.8826" lon="7.47868">
        <ele>327.7</ele>
      </trkpt>
      <trkpt lat="43.88263" lon="7.47878">
        <ele>326.8</ele>
      </trkpt>
      <trkpt lat="43.88267" lon="7.47884">
        <ele>326.3</ele>
      </trkpt>
      <trkpt lat="43.88273" lon="7.47888">
        <ele>326.1</ele>
      </trkpt>
      <trkpt lat="43.88281" lon="7.47887">
        <ele>326.3</ele>
      </trkpt>
      <trkpt lat="43.88286" lon="7.47881">
        <ele>326.8</ele>
      </trkpt>
      <trkpt lat="43.88289" lon="7.47873">
        <ele>327.4</ele>
      </trkpt>
      <trkpt lat="43.88302" lon="7.47835">
        <ele>329.7</ele>
      </trkpt>
      <trkpt lat="43.88308" lon="7.47822">
        <ele>330.3</ele>
      </trkpt>
      <trkpt lat="43.88316" lon="7.47812">
        <ele>330.5</ele>
      </trkpt>
      <trkpt lat="43.88322" lon="7.47809">
        <ele>330.6</ele>
      </trkpt>
      <trkpt lat="43.88332" lon="7.47809">
        <ele>330.8</ele>
      </trkpt>
      <trkpt lat="43.88347" lon="7.47815">
        <ele>331.2</ele>
      </trkpt>
      <trkpt lat="43.88354" lon="7.47819">
        <ele>331.4</ele>
      </trkpt>
      <trkpt lat="43.88361" lon="7.47825">
        <ele>331.5</ele>
      </trkpt>
      <trkpt lat="43.88367" lon="7.47835">
        <ele>331.8</ele>
      </trkpt>
      <trkpt lat="43.88379" lon="7.47862">
        <ele>332.6</ele>
      </trkpt>
      <trkpt lat="43.88387" lon="7.47886">
        <ele>333.2</ele>
      </trkpt>
      <trkpt lat="43.88409" lon="7.47964">
        <ele>334.1</ele>
      </trkpt>
      <trkpt lat="43.88429" lon="7.48013">
        <ele>336.3</ele>
      </trkpt>
      <trkpt lat="43.8845" lon="7.48058">
        <ele>337.7</ele>
      </trkpt>
      <trkpt lat="43.88478" lon="7.48111">
        <ele>338.5</ele>
      </trkpt>
      <trkpt lat="43.88492" lon="7.48139">
        <ele>337.2</ele>
      </trkpt>
      <trkpt lat="43.88503" lon="7.48176">
        <ele>333.4</ele>
      </trkpt>
      <trkpt lat="43.88509" lon="7.48187">
        <ele>333.6</ele>
      </trkpt>
      <trkpt lat="43.88524" lon="7.48197">
        <ele>337.1</ele>
      </trkpt>
      <trkpt lat="43.8854" lon="7.4821">
        <ele>340.4</ele>
      </trkpt>
      <trkpt lat="43.8858" lon="7.48262">
        <ele>343.8</ele>
      </trkpt>
      <trkpt lat="43.8862" lon="7.48313">
        <ele>343.2</ele>
      </trkpt>
      <trkpt lat="43.88631" lon="7.48332">
        <ele>339.7</ele>
      </trkpt>
      <trkpt lat="43.88636" lon="7.48342">
        <ele>338.9</ele>
      </trkpt>
      <trkpt lat="43.88636" lon="7.48342">
        <ele>338.9</ele>
      </trkpt>
      <trkpt lat="43.88666" lon="7.48406">
        <ele>333.2</ele>
      </trkpt>
      <trkpt lat="43.88667" lon="7.48414">
        <ele>331.9</ele>
      </trkpt>
      <trkpt lat="43.88665" lon="7.48433">
        <ele>332.9</ele>
      </trkpt>
      <trkpt lat="43.88666" lon="7.4844">
        <ele>334.0</ele>
      </trkpt>
      <trkpt lat="43.88668" lon="7.48447">
        <ele>336.1</ele>
      </trkpt>
      <trkpt lat="43.88678" lon="7.4846">
        <ele>345.3</ele>
      </trkpt>
      <trkpt lat="43.8868" lon="7.48469">
        <ele>347.7</ele>
      </trkpt>
      <trkpt lat="43.8868" lon="7.4848">
        <ele>348.7</ele>
      </trkpt>
      <trkpt lat="43.88672" lon="7.48512">
        <ele>343.2</ele>
      </trkpt>
      <trkpt lat="43.8867" lon="7.4852">
        <ele>340.5</ele>
      </trkpt>
      <trkpt lat="43.88671" lon="7.48527">
        <ele>339.8</ele>
      </trkpt>
      <trkpt lat="43.88672" lon="7.4854">
        <ele>338.0</ele>
      </trkpt>
      <trkpt lat="43.88677" lon="7.48562">
        <ele>336.9</ele>
      </trkpt>
      <trkpt lat="43.88681" lon="7.4857">
        <ele>337.7</ele>
      </trkpt>
      <trkpt lat="43.88701" lon="7.48598">
        <ele>344.9</ele>
      </trkpt>
      <trkpt lat="43.88705" lon="7.48607">
        <ele>345.9</ele>
      </trkpt>
      <trkpt lat="43.88709" lon="7.48621">
        <ele>346.1</ele>
      </trkpt>
      <trkpt lat="43.88713" lon="7.48651">
        <ele>343.6</ele>
      </trkpt>
      <trkpt lat="43.88716" lon="7.48664">
        <ele>342.6</ele>
      </trkpt>
      <trkpt lat="43.88722" lon="7.4868">
        <ele>341.2</ele>
      </trkpt>
      <trkpt lat="43.8873" lon="7.48692">
        <ele>340.5</ele>
      </trkpt>
      <trkpt lat="43.88738" lon="7.48696">
        <ele>341.2</ele>
      </trkpt>
      <trkpt lat="43.88751" lon="7.48698">
        <ele>343.0</ele>
      </trkpt>
      <trkpt lat="43.88771" lon="7.48695">
        <ele>344.4</ele>
      </trkpt>
      <trkpt lat="43.88794" lon="7.4869">
        <ele>346.7</ele>
      </trkpt>
      <trkpt lat="43.88814" lon="7.48688">
        <ele>347.9</ele>
      </trkpt>
      <trkpt lat="43.8883" lon="7.48683">
        <ele>350.2</ele>
      </trkpt>
      <trkpt lat="43.88842" lon="7.48682">
        <ele>350.4</ele>
      </trkpt>
      <trkpt lat="43.88855" lon="7.48687">
        <ele>348.3</ele>
      </trkpt>
      <trkpt lat="43.88868" lon="7.48694">
        <ele>345.8</ele>
      </trkpt>
      <trkpt lat="43.88879" lon="7.48697">
        <ele>344.6</ele>
      </trkpt>
      <trkpt lat="43.88891" lon="7.48696">
        <ele>344.7</ele>
      </trkpt>
      <trkpt lat="43.88905" lon="7.48689">
        <ele>346.4</ele>
      </trkpt>
      <trkpt lat="43.88933" lon="7.48654">
        <ele>353.3</ele>
      </trkpt>
      <trkpt lat="43.88945" lon="7.48644">
        <ele>354.3</ele>
      </trkpt>
      <trkpt lat="43.88969" lon="7.48631">
        <ele>353.5</ele>
      </trkpt>
      <trkpt lat="43.88977" lon="7.48624">
        <ele>353.8</ele>
      </trkpt>
      <trkpt lat="43.88992" lon="7.48605">
        <ele>355.5</ele>
      </trkpt>
      <trkpt lat="43.89014" lon="7.48589">
        <ele>356.9</ele>
      </trkpt>
      <trkpt lat="43.89041" lon="7.48563">
        <ele>365.1</ele>
      </trkpt>
      <trkpt lat="43.89055" lon="7.48548">
        <ele>362.6</ele>
      </trkpt>
      <trkpt lat="43.89062" lon="7.48546">
        <ele>361.6</ele>
      </trkpt>
      <trkpt lat="43.89067" lon="7.48549">
        <ele>360.9</ele>
      </trkpt>
      <trkpt lat="43.89076" lon="7.48565">
        <ele>358.9</ele>
      </trkpt>
      <trkpt lat="43.89077" lon="7.48572">
        <ele>358.2</ele>
      </trkpt>
      <trkpt lat="43.89076" lon="7.48579">
        <ele>357.4</ele>
      </trkpt>
      <trkpt lat="43.89061" lon="7.48593">
        <ele>355.0</ele>
      </trkpt>
      <trkpt lat="43.89047" lon="7.48613">
        <ele>356.2</ele>
      </trkpt>
      <trkpt lat="43.89028" lon="7.48653">
        <ele>351.4</ele>
      </trkpt>
      <trkpt lat="43.89014" lon="7.48684">
        <ele>349.8</ele>
      </trkpt>
      <trkpt lat="43.88981" lon="7.48735">
        <ele>351.2</ele>
      </trkpt>
      <trkpt lat="43.8895" lon="7.48806">
        <ele>363.8</ele>
      </trkpt>
      <trkpt lat="43.88938" lon="7.48823">
        <ele>364.1</ele>
      </trkpt>
      <trkpt lat="43.88903" lon="7.48855">
        <ele>360.6</ele>
      </trkpt>
      <trkpt lat="43.88877" lon="7.48884">
        <ele>360.4</ele>
      </trkpt>
      <trkpt lat="43.88859" lon="7.4891">
        <ele>359.7</ele>
      </trkpt>
      <trkpt lat="43.88838" lon="7.48953">
        <ele>356.9</ele>
      </trkpt>
      <trkpt lat="43.88834" lon="7.4897">
        <ele>357.7</ele>
      </trkpt>
      <trkpt lat="43.88836" lon="7.49009">
        <ele>365.2</ele>
      </trkpt>
      <trkpt lat="43.88833" lon="7.49028">
        <ele>363.8</ele>
      </trkpt>
      <trkpt lat="43.88828" lon="7.4905">
        <ele>361.4</ele>
      </trkpt>
      <trkpt lat="43.88825" lon="7.49066">
        <ele>360.0</ele>
      </trkpt>
      <trkpt lat="43.88826" lon="7.49087">
        <ele>360.9</ele>
      </trkpt>
      <trkpt lat="43.88835" lon="7.49129">
        <ele>365.7</ele>
      </trkpt>
      <trkpt lat="43.88848" lon="7.49184">
        <ele>374.6</ele>
      </trkpt>
      <trkpt lat="43.88851" lon="7.49202">
        <ele>376.6</ele>
      </trkpt>
      <trkpt lat="43.8885" lon="7.49259">
        <ele>375.5</ele>
      </trkpt>
      <trkpt lat="43.88848" lon="7.49271">
        <ele>375.3</ele>
      </trkpt>
      <trkpt lat="43.88839" lon="7.49292">
        <ele>370.4</ele>
      </trkpt>
      <trkpt lat="43.88837" lon="7.49302">
        <ele>370.0</ele>
      </trkpt>
      <trkpt lat="43.88837" lon="7.49315">
        <ele>371.7</ele>
      </trkpt>
      <trkpt lat="43.88842" lon="7.49346">
        <ele>380.0</ele>
      </trkpt>
      <trkpt lat="43.88841" lon="7.49363">
        <ele>381.5</ele>
      </trkpt>
      <trkpt lat="43.88838" lon="7.49382">
        <ele>381.5</ele>
      </trkpt>
      <trkpt lat="43.88817" lon="7.49459">
        <ele>382.4</ele>
      </trkpt>
      <trkpt lat="43.88797" lon="7.49537">
        <ele>387.4</ele>
      </trkpt>
      <trkpt lat="43.88788" lon="7.49577">
        <ele>390.8</ele>
      </trkpt>
      <trkpt lat="43.88786" lon="7.49598">
        <ele>392.5</ele>
      </trkpt>
      <trkpt lat="43.88785" lon="7.49619">
        <ele>394.0</ele>
      </trkpt>
      <trkpt lat="43.88787" lon="7.49629">
        <ele>396.4</ele>
      </trkpt>
      <trkpt lat="43.88803" lon="7.49683">
        <ele>411.0</ele>
      </trkpt>
      <trkpt lat="43.88805" lon="7.49696">
        <ele>413.2</ele>
      </trkpt>
      <trkpt lat="43.88806" lon="7.49705">
        <ele>414.5</ele>
      </trkpt>
      <trkpt lat="43.88805" lon="7.49717">
        <ele>415.0</ele>
      </trkpt>
      <trkpt lat="43.88799" lon="7.49735">
        <ele>413.6</ele>
      </trkpt>
      <trkpt lat="43.88795" lon="7.49744">
        <ele>412.5</ele>
      </trkpt>
      <trkpt lat="43.88785" lon="7.49758">
        <ele>411.7</ele>
      </trkpt>
      <trkpt lat="43.88774" lon="7.49769">
        <ele>411.3</ele>
      </trkpt>
      <trkpt lat="43.88758" lon="7.49782">
        <ele>409.5</ele>
      </trkpt>
      <trkpt lat="43.8874" lon="7.49792">
        <ele>408.2</ele>
      </trkpt>
      <trkpt lat="43.88712" lon="7.498">
        <ele>405.8</ele>
      </trkpt>
      <trkpt lat="43.88712" lon="7.498">
        <ele>405.8</ele>
      </trkpt>
      <trkpt lat="43.88708" lon="7.49801">
        <ele>405.3</ele>
      </trkpt>
      <trkpt lat="43.88695" lon="7.49809">
        <ele>405.6</ele>
      </trkpt>
      <trkpt lat="43.88684" lon="7.4982">
        <ele>407.3</ele>
      </trkpt>
      <trkpt lat="43.8867" lon="7.49843">
        <ele>412.4</ele>
      </trkpt>
      <trkpt lat="43.88653" lon="7.4988">
        <ele>419.9</ele>
      </trkpt>
      <trkpt lat="43.88629" lon="7.49924">
        <ele>423.9</ele>
      </trkpt>
      <trkpt lat="43.88619" lon="7.49946">
        <ele>425.4</ele>
      </trkpt>
      <trkpt lat="43.88611" lon="7.49967">
        <ele>427.3</ele>
      </trkpt>
      <trkpt lat="43.88595" lon="7.50024">
        <ele>433.7</ele>
      </trkpt>
      <trkpt lat="43.88577" lon="7.50081">
        <ele>440.1</ele>
      </trkpt>
      <trkpt lat="43.88569" lon="7.50096">
        <ele>442.1</ele>
      </trkpt>
      <trkpt lat="43.88561" lon="7.50105">
        <ele>442.8</ele>
      </trkpt>
      <trkpt lat="43.88541" lon="7.50122">
        <ele>443.8</ele>
      </trkpt>
      <trkpt lat="43.88514" lon="7.50138">
        <ele>444.6</ele>
      </trkpt>
      <trkpt lat="43.88497" lon="7.50145">
        <ele>444.8</ele>
      </trkpt>
      <trkpt lat="43.88483" lon="7.50145">
        <ele>444.0</ele>
      </trkpt>
      <trkpt lat="43.88471" lon="7.50142">
        <ele>442.2</ele>
      </trkpt>
      <trkpt lat="43.88444" lon="7.50127">
        <ele>434.9</ele>
      </trkpt>
      <trkpt lat="43.8844" lon="7.50129">
        <ele>435.4</ele>
      </trkpt>
      <trkpt lat="43.88438" lon="7.50134">
        <ele>437.1</ele>
      </trkpt>
      <trkpt lat="43.88438" lon="7.50139">
        <ele>439.1</ele>
      </trkpt>
      <trkpt lat="43.8844" lon="7.50144">
        <ele>441.1</ele>
      </trkpt>
      <trkpt lat="43.88456" lon="7.5015">
        <ele>444.3</ele>
      </trkpt>
      <trkpt lat="43.88478" lon="7.50162">
        <ele>449.6</ele>
      </trkpt>
      <trkpt lat="43.88496" lon="7.50175">
        <ele>453.7</ele>
      </trkpt>
      <trkpt lat="43.88506" lon="7.50177">
        <ele>455.0</ele>
      </trkpt>
      <trkpt lat="43.88516" lon="7.50177">
        <ele>455.9</ele>
      </trkpt>
      <trkpt lat="43.88525" lon="7.50173">
        <ele>455.9</ele>
      </trkpt>
      <trkpt lat="43.88538" lon="7.50163">
        <ele>454.6</ele>
      </trkpt>
      <trkpt lat="43.88541" lon="7.50163">
        <ele>454.9</ele>
      </trkpt>
      <trkpt lat="43.88545" lon="7.50164">
        <ele>455.6</ele>
      </trkpt>
      <trkpt lat="43.88546" lon="7.50167">
        <ele>456.5</ele>
      </trkpt>
      <trkpt lat="43.88547" lon="7.50172">
        <ele>457.8</ele>
      </trkpt>
      <trkpt lat="43.88545" lon="7.50178">
        <ele>459.1</ele>
      </trkpt>
      <trkpt lat="43.88535" lon="7.50184">
        <ele>459.5</ele>
      </trkpt>
      <trkpt lat="43.88517" lon="7.50192">
        <ele>459.5</ele>
      </trkpt>
      <trkpt lat="43.885" lon="7.50196">
        <ele>458.7</ele>
      </trkpt>
      <trkpt lat="43.88484" lon="7.50196">
        <ele>457.8</ele>
      </trkpt>
      <trkpt lat="43.88436" lon="7.50186">
        <ele>453.4</ele>
      </trkpt>
      <trkpt lat="43.88389" lon="7.50177">
        <ele>434.0</ele>
      </trkpt>
      <trkpt lat="43.88375" lon="7.5017">
        <ele>423.5</ele>
      </trkpt>
      <trkpt lat="43.88369" lon="7.50169">
        <ele>419.4</ele>
      </trkpt>
      <trkpt lat="43.88366" lon="7.50171">
        <ele>418.1</ele>
      </trkpt>
      <trkpt lat="43.88366" lon="7.50174">
        <ele>419.1</ele>
      </trkpt>
      <trkpt lat="43.88367" lon="7.50179">
        <ele>421.2</ele>
      </trkpt>
      <trkpt lat="43.88369" lon="7.50183">
        <ele>423.7</ele>
      </trkpt>
      <trkpt lat="43.88385" lon="7.50199">
        <ele>437.3</ele>
      </trkpt>
      <trkpt lat="43.88441" lon="7.50238">
        <ele>463.7</ele>
      </trkpt>
      <trkpt lat="43.88457" lon="7.50247">
        <ele>466.8</ele>
      </trkpt>
      <trkpt lat="43.88477" lon="7.50253">
        <ele>468.1</ele>
      </trkpt>
      <trkpt lat="43.88519" lon="7.50258">
        <ele>471.0</ele>
      </trkpt>
      <trkpt lat="43.88528" lon="7.50262">
        <ele>471.0</ele>
      </trkpt>
      <trkpt lat="43.8855" lon="7.50286">
        <ele>466.8</ele>
      </trkpt>
      <trkpt lat="43.88557" lon="7.50293">
        <ele>465.6</ele>
      </trkpt>
      <trkpt lat="43.88586" lon="7.50301">
        <ele>466.4</ele>
      </trkpt>
      <trkpt lat="43.88612" lon="7.50306">
        <ele>465.8</ele>
      </trkpt>
      <trkpt lat="43.88635" lon="7.50307">
        <ele>466.2</ele>
      </trkpt>
      <trkpt lat="43.88658" lon="7.50305">
        <ele>467.6</ele>
      </trkpt>
      <trkpt lat="43.88686" lon="7.50296">
        <ele>469.0</ele>
      </trkpt>
      <trkpt lat="43.88699" lon="7.50287">
        <ele>470.8</ele>
      </trkpt>
      <trkpt lat="43.88704" lon="7.50286">
        <ele>470.6</ele>
      </trkpt>
      <trkpt lat="43.88707" lon="7.50289">
        <ele>469.3</ele>
      </trkpt>
      <trkpt lat="43.88707" lon="7.50292">
        <ele>468.3</ele>
      </trkpt>
      <trkpt lat="43.88706" lon="7.50295">
        <ele>467.3</ele>
      </trkpt>
      <trkpt lat="43.88699" lon="7.503">
        <ele>466.3</ele>
      </trkpt>
      <trkpt lat="43.88659" lon="7.50325">
        <ele>460.8</ele>
      </trkpt>
      <trkpt lat="43.88629" lon="7.50337">
        <ele>456.7</ele>
      </trkpt>
      <trkpt lat="43.88607" lon="7.50341">
        <ele>455.3</ele>
      </trkpt>
      <trkpt lat="43.88585" lon="7.50339">
        <ele>455.3</ele>
      </trkpt>
      <trkpt lat="43.88552" lon="7.50334">
        <ele>453.4</ele>
      </trkpt>
      <trkpt lat="43.88531" lon="7.50326">
        <ele>453.4</ele>
      </trkpt>
      <trkpt lat="43.88505" lon="7.50321">
        <ele>452.0</ele>
      </trkpt>
      <trkpt lat="43.885" lon="7.50321">
        <ele>451.4</ele>
      </trkpt>
      <trkpt lat="43.88497" lon="7.50322">
        <ele>450.6</ele>
      </trkpt>
      <trkpt lat="43.88495" lon="7.50325">
        <ele>449.4</ele>
      </trkpt>
      <trkpt lat="43.88495" lon="7.50329">
        <ele>448.3</ele>
      </trkpt>
      <trkpt lat="43.88497" lon="7.50333">
        <ele>447.5</ele>
      </trkpt>
      <trkpt lat="43.88501" lon="7.50335">
        <ele>447.5</ele>
      </trkpt>
      <trkpt lat="43.88514" lon="7.50339">
        <ele>447.5</ele>
      </trkpt>
      <trkpt lat="43.8856" lon="7.50357">
        <ele>446.9</ele>
      </trkpt>
      <trkpt lat="43.88605" lon="7.50375">
        <ele>446.2</ele>
      </trkpt>
      <trkpt lat="43.88617" lon="7.50376">
        <ele>446.9</ele>
      </trkpt>
      <trkpt lat="43.88634" lon="7.50374">
        <ele>448.7</ele>
      </trkpt>
      <trkpt lat="43.88654" lon="7.50374">
        <ele>450.2</ele>
      </trkpt>
      <trkpt lat="43.88673" lon="7.50371">
        <ele>452.0</ele>
      </trkpt>
      <trkpt lat="43.88685" lon="7.5037">
        <ele>451.4</ele>
      </trkpt>
      <trkpt lat="43.88688" lon="7.50371">
        <ele>451.2</ele>
      </trkpt>
      <trkpt lat="43.8869" lon="7.50374">
        <ele>451.1</ele>
      </trkpt>
      <trkpt lat="43.88698" lon="7.50389">
        <ele>450.4</ele>
      </trkpt>
      <trkpt lat="43.88699" lon="7.50393">
        <ele>450.3</ele>
      </trkpt>
      <trkpt lat="43.88698" lon="7.50399">
        <ele>450.1</ele>
      </trkpt>
      <trkpt lat="43.88694" lon="7.50404">
        <ele>449.8</ele>
      </trkpt>
      <trkpt lat="43.88689" lon="7.50407">
        <ele>449.6</ele>
      </trkpt>
      <trkpt lat="43.88669" lon="7.50407">
        <ele>446.0</ele>
      </trkpt>
      <trkpt lat="43.88647" lon="7.50409">
        <ele>442.7</ele>
      </trkpt>
      <trkpt lat="43.88616" lon="7.50426">
        <ele>439.7</ele>
      </trkpt>
      <trkpt lat="43.88603" lon="7.50428">
        <ele>438.3</ele>
      </trkpt>
      <trkpt lat="43.88585" lon="7.50421">
        <ele>433.5</ele>
      </trkpt>
      <trkpt lat="43.88574" lon="7.5042">
        <ele>431.2</ele>
      </trkpt>
      <trkpt lat="43.8856" lon="7.50422">
        <ele>429.1</ele>
      </trkpt>
      <trkpt lat="43.88532" lon="7.50444">
        <ele>427.6</ele>
      </trkpt>
      <trkpt lat="43.88518" lon="7.50464">
        <ele>427.2</ele>
      </trkpt>
      <trkpt lat="43.88497" lon="7.50487">
        <ele>423.1</ele>
      </trkpt>
      <trkpt lat="43.88471" lon="7.50506">
        <ele>412.3</ele>
      </trkpt>
      <trkpt lat="43.88467" lon="7.50515">
        <ele>413.2</ele>
      </trkpt>
      <trkpt lat="43.88464" lon="7.50551">
        <ele>423.4</ele>
      </trkpt>
      <trkpt lat="43.8846" lon="7.50562">
        <ele>424.9</ele>
      </trkpt>
      <trkpt lat="43.8845" lon="7.50571">
        <ele>422.4</ele>
      </trkpt>
      <trkpt lat="43.8842" lon="7.50581">
        <ele>409.1</ele>
      </trkpt>
      <trkpt lat="43.88401" lon="7.50592">
        <ele>403.4</ele>
      </trkpt>
      <trkpt lat="43.8838" lon="7.50602">
        <ele>396.0</ele>
      </trkpt>
      <trkpt lat="43.88367" lon="7.50609">
        <ele>391.4</ele>
      </trkpt>
      <trkpt lat="43.88362" lon="7.50615">
        <ele>390.2</ele>
      </trkpt>
      <trkpt lat="43.8836" lon="7.50622">
        <ele>390.8</ele>
      </trkpt>
      <trkpt lat="43.8836" lon="7.50629">
        <ele>392.3</ele>
      </trkpt>
      <trkpt lat="43.88361" lon="7.50638">
        <ele>394.9</ele>
      </trkpt>
      <trkpt lat="43.88373" lon="7.50661">
        <ele>407.0</ele>
      </trkpt>
      <trkpt lat="43.88373" lon="7.50663">
        <ele>407.4</ele>
      </trkpt>
      <trkpt lat="43.88372" lon="7.50668">
        <ele>408.1</ele>
      </trkpt>
      <trkpt lat="43.8837" lon="7.50671">
        <ele>407.8</ele>
      </trkpt>
      <trkpt lat="43.88366" lon="7.50671">
        <ele>405.5</ele>
      </trkpt>
      <trkpt lat="43.88363" lon="7.50668">
        <ele>402.8</ele>
      </trkpt>
      <trkpt lat="43.88358" lon="7.50653">
        <ele>396.5</ele>
      </trkpt>
      <trkpt lat="43.88347" lon="7.50632">
        <ele>386.1</ele>
      </trkpt>
      <trkpt lat="43.88344" lon="7.50623">
        <ele>382.7</ele>
      </trkpt>
      <trkpt lat="43.88345" lon="7.50618">
        <ele>382.2</ele>
      </trkpt>
      <trkpt lat="43.88347" lon="7.50611">
        <ele>381.8</ele>
      </trkpt>
      <trkpt lat="43.88352" lon="7.50603">
        <ele>382.6</ele>
      </trkpt>
      <trkpt lat="43.88398" lon="7.50569">
        <ele>394.8</ele>
      </trkpt>
      <trkpt lat="43.884" lon="7.50565">
        <ele>394.4</ele>
      </trkpt>
      <trkpt lat="43.884" lon="7.50561">
        <ele>393.1</ele>
      </trkpt>
      <trkpt lat="43.88399" lon="7.5056">
        <ele>392.3</ele>
      </trkpt>
      <trkpt lat="43.88397" lon="7.50558">
        <ele>390.8</ele>
      </trkpt>
      <trkpt lat="43.88394" lon="7.50558">
        <ele>389.4</ele>
      </trkpt>
      <trkpt lat="43.88352" lon="7.50586">
        <ele>379.1</ele>
      </trkpt>
      <trkpt lat="43.88323" lon="7.50608">
        <ele>368.8</ele>
      </trkpt>
      <trkpt lat="43.88319" lon="7.50617">
        <ele>368.2</ele>
      </trkpt>
      <trkpt lat="43.88319" lon="7.50626">
        <ele>369.8</ele>
      </trkpt>
      <trkpt lat="43.88329" lon="7.50644">
        <ele>378.5</ele>
      </trkpt>
      <trkpt lat="43.88333" lon="7.50655">
        <ele>382.7</ele>
      </trkpt>
      <trkpt lat="43.88335" lon="7.50665">
        <ele>385.7</ele>
      </trkpt>
      <trkpt lat="43.88333" lon="7.50678">
        <ele>387.9</ele>
      </trkpt>
      <trkpt lat="43.88331" lon="7.50687">
        <ele>389.2</ele>
      </trkpt>
      <trkpt lat="43.88325" lon="7.50696">
        <ele>388.0</ele>
      </trkpt>
      <trkpt lat="43.88296" lon="7.50714">
        <ele>374.3</ele>
      </trkpt>
      <trkpt lat="43.88279" lon="7.50729">
        <ele>366.5</ele>
      </trkpt>
      <trkpt lat="43.8826" lon="7.50755">
        <ele>358.6</ele>
      </trkpt>
      <trkpt lat="43.88232" lon="7.50812">
        <ele>359.3</ele>
      </trkpt>
      <trkpt lat="43.88228" lon="7.5082">
        <ele>360.0</ele>
      </trkpt>
      <trkpt lat="43.88227" lon="7.50827">
        <ele>361.1</ele>
      </trkpt>
      <trkpt lat="43.88229" lon="7.50833">
        <ele>362.7</ele>
      </trkpt>
      <trkpt lat="43.88243" lon="7.50849">
        <ele>366.2</ele>
      </trkpt>
      <trkpt lat="43.88247" lon="7.50858">
        <ele>367.2</ele>
      </trkpt>
      <trkpt lat="43.88248" lon="7.50866">
        <ele>367.5</ele>
      </trkpt>
      <trkpt lat="43.88245" lon="7.50881">
        <ele>367.7</ele>
      </trkpt>
      <trkpt lat="43.88236" lon="7.50894">
        <ele>367.7</ele>
      </trkpt>
      <trkpt lat="43.88225" lon="7.50905">
        <ele>368.0</ele>
      </trkpt>
      <trkpt lat="43.88218" lon="7.50907">
        <ele>368.0</ele>
      </trkpt>
      <trkpt lat="43.88212" lon="7.50904">
        <ele>367.5</ele>
      </trkpt>
      <trkpt lat="43.882" lon="7.50885">
        <ele>364.4</ele>
      </trkpt>
      <trkpt lat="43.88169" lon="7.50847">
        <ele>353.5</ele>
      </trkpt>
      <trkpt lat="43.88163" lon="7.50838">
        <ele>349.4</ele>
      </trkpt>
      <trkpt lat="43.8816" lon="7.50837">
        <ele>347.8</ele>
      </trkpt>
      <trkpt lat="43.88157" lon="7.5084">
        <ele>347.2</ele>
      </trkpt>
      <trkpt lat="43.88155" lon="7.50844">
        <ele>347.4</ele>
      </trkpt>
      <trkpt lat="43.88157" lon="7.5085">
        <ele>349.8</ele>
      </trkpt>
      <trkpt lat="43.88164" lon="7.50858">
        <ele>354.6</ele>
      </trkpt>
      <trkpt lat="43.88177" lon="7.50869">
        <ele>359.3</ele>
      </trkpt>
      <trkpt lat="43.8819" lon="7.50894">
        <ele>365.1</ele>
      </trkpt>
      <trkpt lat="43.88196" lon="7.50923">
        <ele>369.2</ele>
      </trkpt>
      <trkpt lat="43.88208" lon="7.50994">
        <ele>374.1</ele>
      </trkpt>
      <trkpt lat="43.88213" lon="7.51002">
        <ele>375.0</ele>
      </trkpt>
      <trkpt lat="43.88222" lon="7.51013">
        <ele>374.7</ele>
      </trkpt>
      <trkpt lat="43.88227" lon="7.51024">
        <ele>373.7</ele>
      </trkpt>
      <trkpt lat="43.88228" lon="7.51029">
        <ele>373.1</ele>
      </trkpt>
      <trkpt lat="43.88228" lon="7.51036">
        <ele>371.9</ele>
      </trkpt>
      <trkpt lat="43.88225" lon="7.5105">
        <ele>368.8</ele>
      </trkpt>
      <trkpt lat="43.88223" lon="7.51064">
        <ele>365.9</ele>
      </trkpt>
      <trkpt lat="43.88226" lon="7.51072">
        <ele>365.2</ele>
      </trkpt>
      <trkpt lat="43.88231" lon="7.51077">
        <ele>365.5</ele>
      </trkpt>
      <trkpt lat="43.8824" lon="7.51078">
        <ele>367.5</ele>
      </trkpt>
      <trkpt lat="43.88266" lon="7.51077">
        <ele>373.7</ele>
      </trkpt>
      <trkpt lat="43.88284" lon="7.51074">
        <ele>378.2</ele>
      </trkpt>
      <trkpt lat="43.88302" lon="7.51073">
        <ele>382.4</ele>
      </trkpt>
      <trkpt lat="43.88308" lon="7.51076">
        <ele>383.5</ele>
      </trkpt>
      <trkpt lat="43.88312" lon="7.51082">
        <ele>384.0</ele>
      </trkpt>
      <trkpt lat="43.88318" lon="7.511">
        <ele>382.4</ele>
      </trkpt>
      <trkpt lat="43.88338" lon="7.51153">
        <ele>377.8</ele>
      </trkpt>
      <trkpt lat="43.88345" lon="7.5116">
        <ele>377.4</ele>
      </trkpt>
      <trkpt lat="43.8836" lon="7.51171">
        <ele>377.1</ele>
      </trkpt>
      <trkpt lat="43.88367" lon="7.51179">
        <ele>376.2</ele>
      </trkpt>
      <trkpt lat="43.8837" lon="7.51186">
        <ele>375.0</ele>
      </trkpt>
      <trkpt lat="43.88378" lon="7.51208">
        <ele>370.6</ele>
      </trkpt>
      <trkpt lat="43.88383" lon="7.51214">
        <ele>369.4</ele>
      </trkpt>
      <trkpt lat="43.88387" lon="7.51217">
        <ele>368.7</ele>
      </trkpt>
      <trkpt lat="43.88393" lon="7.51217">
        <ele>368.7</ele>
      </trkpt>
      <trkpt lat="43.884" lon="7.51214">
        <ele>369.6</ele>
      </trkpt>
      <trkpt lat="43.88445" lon="7.51184">
        <ele>376.2</ele>
      </trkpt>
      <trkpt lat="43.88451" lon="7.51181">
        <ele>376.5</ele>
      </trkpt>
      <trkpt lat="43.88458" lon="7.51181">
        <ele>375.9</ele>
      </trkpt>
      <trkpt lat="43.88472" lon="7.51184">
        <ele>373.8</ele>
      </trkpt>
      <trkpt lat="43.88485" lon="7.51185">
        <ele>372.3</ele>
      </trkpt>
      <trkpt lat="43.8851" lon="7.5118">
        <ele>371.6</ele>
      </trkpt>
      <trkpt lat="43.88523" lon="7.51178">
        <ele>371.1</ele>
      </trkpt>
      <trkpt lat="43.88535" lon="7.51179">
        <ele>369.9</ele>
      </trkpt>
      <trkpt lat="43.88543" lon="7.51183">
        <ele>368.2</ele>
      </trkpt>
      <trkpt lat="43.88549" lon="7.51189">
        <ele>366.0</ele>
      </trkpt>
      <trkpt lat="43.8855" lon="7.512">
        <ele>362.7</ele>
      </trkpt>
      <trkpt lat="43.88547" lon="7.51207">
        <ele>360.9</ele>
      </trkpt>
      <trkpt lat="43.88541" lon="7.51212">
        <ele>360.0</ele>
      </trkpt>
      <trkpt lat="43.88465" lon="7.51222">
        <ele>363.5</ele>
      </trkpt>
      <trkpt lat="43.88458" lon="7.51223">
        <ele>363.8</ele>
      </trkpt>
      <trkpt lat="43.88451" lon="7.51227">
        <ele>363.2</ele>
      </trkpt>
      <trkpt lat="43.88406" lon="7.51265">
        <ele>356.1</ele>
      </trkpt>
      <trkpt lat="43.88406" lon="7.51265">
        <ele>356.1</ele>
      </trkpt>
      <trkpt lat="43.8835" lon="7.51309">
        <ele>349.4</ele>
      </trkpt>
      <trkpt lat="43.88331" lon="7.51327">
        <ele>346.5</ele>
      </trkpt>
      <trkpt lat="43.88296" lon="7.51371">
        <ele>338.2</ele>
      </trkpt>
      <trkpt lat="43.88288" lon="7.51375">
        <ele>337.6</ele>
      </trkpt>
      <trkpt lat="43.88266" lon="7.51376">
        <ele>338.2</ele>
      </trkpt>
      <trkpt lat="43.8826" lon="7.51378">
        <ele>338.0</ele>
      </trkpt>
      <trkpt lat="43.88253" lon="7.51383">
        <ele>337.2</ele>
      </trkpt>
      <trkpt lat="43.88249" lon="7.51388">
        <ele>336.3</ele>
      </trkpt>
      <trkpt lat="43.88241" lon="7.51402">
        <ele>333.9</ele>
      </trkpt>
      <trkpt lat="43.88236" lon="7.51407">
        <ele>333.4</ele>
      </trkpt>
      <trkpt lat="43.88207" lon="7.51418">
        <ele>334.3</ele>
      </trkpt>
      <trkpt lat="43.88196" lon="7.51425">
        <ele>333.8</ele>
      </trkpt>
      <trkpt lat="43.88183" lon="7.51439">
        <ele>331.7</ele>
      </trkpt>
      <trkpt lat="43.88172" lon="7.51453">
        <ele>329.3</ele>
      </trkpt>
      <trkpt lat="43.88164" lon="7.51466">
        <ele>326.5</ele>
      </trkpt>
      <trkpt lat="43.88156" lon="7.51491">
        <ele>320.6</ele>
      </trkpt>
      <trkpt lat="43.88149" lon="7.51501">
        <ele>318.5</ele>
      </trkpt>
      <trkpt lat="43.8814" lon="7.51509">
        <ele>316.3</ele>
      </trkpt>
      <trkpt lat="43.88117" lon="7.51523">
        <ele>313.4</ele>
      </trkpt>
      <trkpt lat="43.88084" lon="7.51557">
        <ele>306.9</ele>
      </trkpt>
      <trkpt lat="43.88051" lon="7.51598">
        <ele>296.9</ele>
      </trkpt>
      <trkpt lat="43.88039" lon="7.5161">
        <ele>294.7</ele>
      </trkpt>
      <trkpt lat="43.87999" lon="7.51642">
        <ele>293.7</ele>
      </trkpt>
      <trkpt lat="43.8799" lon="7.51655">
        <ele>290.7</ele>
      </trkpt>
      <trkpt lat="43.87984" lon="7.5167">
        <ele>288.4</ele>
      </trkpt>
      <trkpt lat="43.87977" lon="7.51701">
        <ele>284.7</ele>
      </trkpt>
      <trkpt lat="43.8797" lon="7.51751">
        <ele>281.2</ele>
      </trkpt>
      <trkpt lat="43.87965" lon="7.51776">
        <ele>282.1</ele>
      </trkpt>
      <trkpt lat="43.87964" lon="7.51796">
        <ele>282.3</ele>
      </trkpt>
      <trkpt lat="43.87966" lon="7.518">
        <ele>281.5</ele>
      </trkpt>
      <trkpt lat="43.87968" lon="7.51802">
        <ele>280.8</ele>
      </trkpt>
      <trkpt lat="43.87971" lon="7.51803">
        <ele>279.6</ele>
      </trkpt>
      <trkpt lat="43.87973" lon="7.51801">
        <ele>278.9</ele>
      </trkpt>
      <trkpt lat="43.87975" lon="7.51789">
        <ele>278.6</ele>
      </trkpt>
      <trkpt lat="43.87977" lon="7.5176">
        <ele>279.1</ele>
      </trkpt>
      <trkpt lat="43.87981" lon="7.51725">
        <ele>281.6</ele>
      </trkpt>
      <trkpt lat="43.87985" lon="7.51714">
        <ele>282.5</ele>
      </trkpt>
      <trkpt lat="43.88001" lon="7.5167">
        <ele>289.1</ele>
      </trkpt>
      <trkpt lat="43.88005" lon="7.51665">
        <ele>289.0</ele>
      </trkpt>
      <trkpt lat="43.88009" lon="7.51661">
        <ele>288.7</ele>
      </trkpt>
      <trkpt lat="43.88022" lon="7.51654">
        <ele>287.1</ele>
      </trkpt>
      <trkpt lat="43.88062" lon="7.51639">
        <ele>283.1</ele>
      </trkpt>
      <trkpt lat="43.88081" lon="7.51629">
        <ele>283.4</ele>
      </trkpt>
      <trkpt lat="43.88086" lon="7.51627">
        <ele>283.3</ele>
      </trkpt>
      <trkpt lat="43.88108" lon="7.51628">
        <ele>279.7</ele>
      </trkpt>
      <trkpt lat="43.88124" lon="7.51626">
        <ele>278.0</ele>
      </trkpt>
      <trkpt lat="43.88135" lon="7.51623">
        <ele>277.5</ele>
      </trkpt>
      <trkpt lat="43.88158" lon="7.51609">
        <ele>279.4</ele>
      </trkpt>
      <trkpt lat="43.88172" lon="7.51604">
        <ele>279.7</ele>
      </trkpt>
      <trkpt lat="43.8818" lon="7.51604">
        <ele>279.2</ele>
      </trkpt>
      <trkpt lat="43.88205" lon="7.51611">
        <ele>275.8</ele>
      </trkpt>
      <trkpt lat="43.88216" lon="7.51612">
        <ele>275.2</ele>
      </trkpt>
      <trkpt lat="43.88238" lon="7.5161">
        <ele>272.9</ele>
      </trkpt>
      <trkpt lat="43.88241" lon="7.51611">
        <ele>272.6</ele>
      </trkpt>
      <trkpt lat="43.88243" lon="7.51614">
        <ele>272.3</ele>
      </trkpt>
      <trkpt lat="43.88249" lon="7.51627">
        <ele>271.1</ele>
      </trkpt>
      <trkpt lat="43.88252" lon="7.51638">
        <ele>270.3</ele>
      </trkpt>
      <trkpt lat="43.88252" lon="7.51645">
        <ele>269.7</ele>
      </trkpt>
      <trkpt lat="43.8825" lon="7.51649">
        <ele>269.4</ele>
      </trkpt>
      <trkpt lat="43.88248" lon="7.51652">
        <ele>269.1</ele>
      </trkpt>
      <trkpt lat="43.88241" lon="7.51654">
        <ele>268.4</ele>
      </trkpt>
      <trkpt lat="43.88219" lon="7.51657">
        <ele>265.6</ele>
      </trkpt>
      <trkpt lat="43.88183" lon="7.51658">
        <ele>261.2</ele>
      </trkpt>
      <trkpt lat="43.88179" lon="7.51659">
        <ele>260.4</ele>
      </trkpt>
      <trkpt lat="43.88174" lon="7.51662">
        <ele>258.7</ele>
      </trkpt>
      <trkpt lat="43.88167" lon="7.51674">
        <ele>257.3</ele>
      </trkpt>
      <trkpt lat="43.8815" lon="7.5171">
        <ele>262.6</ele>
      </trkpt>
      <trkpt lat="43.88143" lon="7.51718">
        <ele>262.7</ele>
      </trkpt>
      <trkpt lat="43.88136" lon="7.51724">
        <ele>262.3</ele>
      </trkpt>
      <trkpt lat="43.88125" lon="7.51724">
        <ele>261.1</ele>
      </trkpt>
      <trkpt lat="43.88114" lon="7.51723">
        <ele>260.0</ele>
      </trkpt>
      <trkpt lat="43.88103" lon="7.51725">
        <ele>258.6</ele>
      </trkpt>
      <trkpt lat="43.88098" lon="7.51729">
        <ele>257.5</ele>
      </trkpt>
      <trkpt lat="43.88095" lon="7.51736">
        <ele>255.9</ele>
      </trkpt>
      <trkpt lat="43.88089" lon="7.51772">
        <ele>253.0</ele>
      </trkpt>
      <trkpt lat="43.88087" lon="7.51785">
        <ele>252.9</ele>
      </trkpt>
      <trkpt lat="43.88083" lon="7.51793">
        <ele>252.1</ele>
      </trkpt>
      <trkpt lat="43.88077" lon="7.51799">
        <ele>253.5</ele>
      </trkpt>
      <trkpt lat="43.88069" lon="7.51811">
        <ele>255.2</ele>
      </trkpt>
      <trkpt lat="43.88067" lon="7.51815">
        <ele>255.5</ele>
      </trkpt>
      <trkpt lat="43.88066" lon="7.51821">
        <ele>255.7</ele>
      </trkpt>
      <trkpt lat="43.88065" lon="7.51829">
        <ele>255.9</ele>
      </trkpt>
      <trkpt lat="43.88068" lon="7.51878">
        <ele>256.0</ele>
      </trkpt>
      <trkpt lat="43.88068" lon="7.51898">
        <ele>256.2</ele>
      </trkpt>
      <trkpt lat="43.8806" lon="7.5195">
        <ele>255.7</ele>
      </trkpt>
      <trkpt lat="43.88058" lon="7.5196">
        <ele>255.3</ele>
      </trkpt>
      <trkpt lat="43.88053" lon="7.51969">
        <ele>254.3</ele>
      </trkpt>
      <trkpt lat="43.88041" lon="7.51984">
        <ele>251.3</ele>
      </trkpt>
      <trkpt lat="43.88035" lon="7.51995">
        <ele>249.2</ele>
      </trkpt>
      <trkpt lat="43.88031" lon="7.52005">
        <ele>247.6</ele>
      </trkpt>
      <trkpt lat="43.88031" lon="7.52018">
        <ele>247.1</ele>
      </trkpt>
      <trkpt lat="43.88032" lon="7.52051">
        <ele>246.0</ele>
      </trkpt>
      <trkpt lat="43.88031" lon="7.52061">
        <ele>245.2</ele>
      </trkpt>
      <trkpt lat="43.88027" lon="7.52072">
        <ele>243.3</ele>
      </trkpt>
      <trkpt lat="43.88011" lon="7.52097">
        <ele>236.0</ele>
      </trkpt>
      <trkpt lat="43.88005" lon="7.52114">
        <ele>233.2</ele>
      </trkpt>
      <trkpt lat="43.87983" lon="7.52211">
        <ele>232.7</ele>
      </trkpt>
      <trkpt lat="43.8798" lon="7.52224">
        <ele>232.7</ele>
      </trkpt>
      <trkpt lat="43.87977" lon="7.52229">
        <ele>232.6</ele>
      </trkpt>
      <trkpt lat="43.87967" lon="7.52247">
        <ele>232.6</ele>
      </trkpt>
      <trkpt lat="43.87963" lon="7.52256">
        <ele>232.5</ele>
      </trkpt>
      <trkpt lat="43.8796" lon="7.5227">
        <ele>232.5</ele>
      </trkpt>
      <trkpt lat="43.87959" lon="7.5228">
        <ele>232.1</ele>
      </trkpt>
      <trkpt lat="43.87961" lon="7.52315">
        <ele>230.6</ele>
      </trkpt>
      <trkpt lat="43.87961" lon="7.52327">
        <ele>230.1</ele>
      </trkpt>
      <trkpt lat="43.87959" lon="7.52341">
        <ele>229.3</ele>
      </trkpt>
      <trkpt lat="43.87953" lon="7.52365">
        <ele>227.8</ele>
      </trkpt>
      <trkpt lat="43.87953" lon="7.52375">
        <ele>227.4</ele>
      </trkpt>
      <trkpt lat="43.87955" lon="7.52384">
        <ele>227.4</ele>
      </trkpt>
      <trkpt lat="43.87964" lon="7.52404">
        <ele>227.5</ele>
      </trkpt>
      <trkpt lat="43.87966" lon="7.52412">
        <ele>227.5</ele>
      </trkpt>
      <trkpt lat="43.87968" lon="7.52419">
        <ele>227.6</ele>
      </trkpt>
      <trkpt lat="43.87969" lon="7.52432">
        <ele>227.6</ele>
      </trkpt>
      <trkpt lat="43.87969" lon="7.52465">
        <ele>227.8</ele>
      </trkpt>
      <trkpt lat="43.87967" lon="7.52478">
        <ele>227.6</ele>
      </trkpt>
      <trkpt lat="43.87964" lon="7.52488">
        <ele>227.2</ele>
      </trkpt>
      <trkpt lat="43.87959" lon="7.52502">
        <ele>226.5</ele>
      </trkpt>
      <trkpt lat="43.87951" lon="7.52516">
        <ele>224.6</ele>
      </trkpt>
      <trkpt lat="43.87947" lon="7.52524">
        <ele>223.6</ele>
      </trkpt>
      <trkpt lat="43.87945" lon="7.52539">
        <ele>222.4</ele>
      </trkpt>
      <trkpt lat="43.87945" lon="7.52618">
        <ele>216.7</ele>
      </trkpt>
      <trkpt lat="43.87946" lon="7.52696">
        <ele>214.8</ele>
      </trkpt>
      <trkpt lat="43.87946" lon="7.52696">
        <ele>214.8</ele>
      </trkpt>
      <trkpt lat="43.87946" lon="7.527">
        <ele>214.7</ele>
      </trkpt>
      <trkpt lat="43.87946" lon="7.52711">
        <ele>214.4</ele>
      </trkpt>
      <trkpt lat="43.87946" lon="7.52729">
        <ele>213.9</ele>
      </trkpt>
      <trkpt lat="43.87948" lon="7.52741">
        <ele>213.7</ele>
      </trkpt>
      <trkpt lat="43.87952" lon="7.52749">
        <ele>214.2</ele>
      </trkpt>
      <trkpt lat="43.87979" lon="7.528">
        <ele>214.2</ele>
      </trkpt>
      <trkpt lat="43.87985" lon="7.52813">
        <ele>213.3</ele>
      </trkpt>
      <trkpt lat="43.87989" lon="7.52826">
        <ele>212.2</ele>
      </trkpt>
      <trkpt lat="43.87992" lon="7.52846">
        <ele>210.1</ele>
      </trkpt>
      <trkpt lat="43.8799" lon="7.52884">
        <ele>206.5</ele>
      </trkpt>
      <trkpt lat="43.87991" lon="7.52892">
        <ele>205.5</ele>
      </trkpt>
      <trkpt lat="43.88" lon="7.52928">
        <ele>203.0</ele>
      </trkpt>
      <trkpt lat="43.88001" lon="7.52937">
        <ele>202.4</ele>
      </trkpt>
      <trkpt lat="43.88001" lon="7.52945">
        <ele>201.8</ele>
      </trkpt>
      <trkpt lat="43.88" lon="7.52955">
        <ele>201.2</ele>
      </trkpt>
      <trkpt lat="43.87996" lon="7.52973">
        <ele>200.0</ele>
      </trkpt>
      <trkpt lat="43.87983" lon="7.53017">
        <ele>203.3</ele>
      </trkpt>
      <trkpt lat="43.87982" lon="7.5303">
        <ele>204.1</ele>
      </trkpt>
      <trkpt lat="43.87983" lon="7.53038">
        <ele>204.2</ele>
      </trkpt>
      <trkpt lat="43.87994" lon="7.53059">
        <ele>203.3</ele>
      </trkpt>
      <trkpt lat="43.87996" lon="7.53066">
        <ele>203.4</ele>
      </trkpt>
      <trkpt lat="43.87997" lon="7.53074">
        <ele>203.8</ele>
      </trkpt>
      <trkpt lat="43.87997" lon="7.53084">
        <ele>204.4</ele>
      </trkpt>
      <trkpt lat="43.87995" lon="7.53097">
        <ele>204.7</ele>
      </trkpt>
      <trkpt lat="43.87985" lon="7.53128">
        <ele>205.6</ele>
      </trkpt>
      <trkpt lat="43.87979" lon="7.53149">
        <ele>205.8</ele>
      </trkpt>
      <trkpt lat="43.87977" lon="7.53157">
        <ele>205.7</ele>
      </trkpt>
      <trkpt lat="43.87976" lon="7.53168">
        <ele>205.5</ele>
      </trkpt>
      <trkpt lat="43.87978" lon="7.53218">
        <ele>201.5</ele>
      </trkpt>
      <trkpt lat="43.87978" lon="7.53232">
        <ele>200.4</ele>
      </trkpt>
      <trkpt lat="43.87976" lon="7.53243">
        <ele>199.1</ele>
      </trkpt>
      <trkpt lat="43.87973" lon="7.53252">
        <ele>197.3</ele>
      </trkpt>
      <trkpt lat="43.8796" lon="7.53282">
        <ele>186.5</ele>
      </trkpt>
      <trkpt lat="43.87957" lon="7.53297">
        <ele>181.7</ele>
      </trkpt>
      <trkpt lat="43.87957" lon="7.53305">
        <ele>179.6</ele>
      </trkpt>
      <trkpt lat="43.87959" lon="7.53316">
        <ele>177.3</ele>
      </trkpt>
      <trkpt lat="43.87971" lon="7.53367">
        <ele>167.5</ele>
      </trkpt>
      <trkpt lat="43.87975" lon="7.53376">
        <ele>165.9</ele>
      </trkpt>
      <trkpt lat="43.87982" lon="7.53385">
        <ele>164.4</ele>
      </trkpt>
      <trkpt lat="43.87991" lon="7.5339">
        <ele>164.1</ele>
      </trkpt>
      <trkpt lat="43.87997" lon="7.53391">
        <ele>164.6</ele>
      </trkpt>
      <trkpt lat="43.88026" lon="7.53385">
        <ele>166.8</ele>
      </trkpt>
      <trkpt lat="43.8807" lon="7.53384">
        <ele>167.0</ele>
      </trkpt>
      <trkpt lat="43.88123" lon="7.53376">
        <ele>181.3</ele>
      </trkpt>
      <trkpt lat="43.88139" lon="7.53379">
        <ele>182.6</ele>
      </trkpt>
      <trkpt lat="43.88154" lon="7.53382">
        <ele>183.5</ele>
      </trkpt>
      <trkpt lat="43.88167" lon="7.53389">
        <ele>180.8</ele>
      </trkpt>
      <trkpt lat="43.88179" lon="7.53398">
        <ele>180.6</ele>
      </trkpt>
      <trkpt lat="43.88205" lon="7.53422">
        <ele>180.5</ele>
      </trkpt>
      <trkpt lat="43.88215" lon="7.53431">
        <ele>183.5</ele>
      </trkpt>
      <trkpt lat="43.88216" lon="7.53433">
        <ele>183.4</ele>
      </trkpt>
      <trkpt lat="43.88216" lon="7.53435">
        <ele>182.6</ele>
      </trkpt>
      <trkpt lat="43.88214" lon="7.53443">
        <ele>178.5</ele>
      </trkpt>
      <trkpt lat="43.88171" lon="7.53405">
        <ele>170.2</ele>
      </trkpt>
      <trkpt lat="43.88158" lon="7.53397">
        <ele>172.4</ele>
      </trkpt>
      <trkpt lat="43.88147" lon="7.53394">
        <ele>172.7</ele>
      </trkpt>
      <trkpt lat="43.88134" lon="7.53394">
        <ele>170.1</ele>
      </trkpt>
      <trkpt lat="43.88078" lon="7.53409">
        <ele>150.7</ele>
      </trkpt>
      <trkpt lat="43.88063" lon="7.53414">
        <ele>149.3</ele>
      </trkpt>
      <trkpt lat="43.88039" lon="7.53425">
        <ele>149.8</ele>
      </trkpt>
      <trkpt lat="43.87979" lon="7.53456">
        <ele>149.7</ele>
      </trkpt>
      <trkpt lat="43.87968" lon="7.53461">
        <ele>148.7</ele>
      </trkpt>
      <trkpt lat="43.87943" lon="7.53463">
        <ele>148.8</ele>
      </trkpt>
      <trkpt lat="43.87914" lon="7.53464">
        <ele>149.1</ele>
      </trkpt>
      <trkpt lat="43.87904" lon="7.53465">
        <ele>149.1</ele>
      </trkpt>
      <trkpt lat="43.87898" lon="7.53468">
        <ele>149.2</ele>
      </trkpt>
      <trkpt lat="43.8789" lon="7.53475">
        <ele>149.3</ele>
      </trkpt>
      <trkpt lat="43.87864" lon="7.53514">
        <ele>147.6</ele>
      </trkpt>
      <trkpt lat="43.87856" lon="7.53525">
        <ele>146.8</ele>
      </trkpt>
      <trkpt lat="43.87844" lon="7.53536">
        <ele>146.0</ele>
      </trkpt>
      <trkpt lat="43.87811" lon="7.53556">
        <ele>149.3</ele>
      </trkpt>
      <trkpt lat="43.87796" lon="7.53563">
        <ele>152.0</ele>
      </trkpt>
      <trkpt lat="43.87781" lon="7.53576">
        <ele>153.0</ele>
      </trkpt>
      <trkpt lat="43.87747" lon="7.53611">
        <ele>154.9</ele>
      </trkpt>
      <trkpt lat="43.87743" lon="7.53617">
        <ele>156.0</ele>
      </trkpt>
      <trkpt lat="43.87739" lon="7.53629">
        <ele>155.4</ele>
      </trkpt>
      <trkpt lat="43.87728" lon="7.53681">
        <ele>157.9</ele>
      </trkpt>
      <trkpt lat="43.87723" lon="7.5369">
        <ele>158.5</ele>
      </trkpt>
      <trkpt lat="43.87723" lon="7.5369">
        <ele>158.5</ele>
      </trkpt>
      <trkpt lat="43.87722" lon="7.53694">
        <ele>158.7</ele>
      </trkpt>
      <trkpt lat="43.87703" lon="7.53711">
        <ele>160.2</ele>
      </trkpt>
      <trkpt lat="43.87685" lon="7.53722">
        <ele>161.5</ele>
      </trkpt>
      <trkpt lat="43.87669" lon="7.53724">
        <ele>162.6</ele>
      </trkpt>
      <trkpt lat="43.87599" lon="7.53711">
        <ele>167.3</ele>
      </trkpt>
      <trkpt lat="43.87594" lon="7.53711">
        <ele>167.9</ele>
      </trkpt>
      <trkpt lat="43.87588" lon="7.53714">
        <ele>166.5</ele>
      </trkpt>
      <trkpt lat="43.87583" lon="7.53718">
        <ele>164.2</ele>
      </trkpt>
      <trkpt lat="43.87573" lon="7.53733">
        <ele>158.4</ele>
      </trkpt>
      <trkpt lat="43.87539" lon="7.5377">
        <ele>157.5</ele>
      </trkpt>
      <trkpt lat="43.87535" lon="7.53776">
        <ele>156.9</ele>
      </trkpt>
      <trkpt lat="43.8752" lon="7.53805">
        <ele>149.9</ele>
      </trkpt>
      <trkpt lat="43.87506" lon="7.53824">
        <ele>144.6</ele>
      </trkpt>
      <trkpt lat="43.875" lon="7.5383">
        <ele>142.8</ele>
      </trkpt>
      <trkpt lat="43.87473" lon="7.53848">
        <ele>144.1</ele>
      </trkpt>
      <trkpt lat="43.87426" lon="7.53876">
        <ele>142.8</ele>
      </trkpt>
      <trkpt lat="43.87416" lon="7.53881">
        <ele>141.9</ele>
      </trkpt>
      <trkpt lat="43.87391" lon="7.53889">
        <ele>139.8</ele>
      </trkpt>
      <trkpt lat="43.8736" lon="7.53896">
        <ele>137.9</ele>
      </trkpt>
      <trkpt lat="43.87341" lon="7.53895">
        <ele>139.4</ele>
      </trkpt>
      <trkpt lat="43.87295" lon="7.53886">
        <ele>146.9</ele>
      </trkpt>
      <trkpt lat="43.8728" lon="7.53886">
        <ele>147.7</ele>
      </trkpt>
      <trkpt lat="43.87271" lon="7.53886">
        <ele>148.1</ele>
      </trkpt>
      <trkpt lat="43.87261" lon="7.53888">
        <ele>147.6</ele>
      </trkpt>
      <trkpt lat="43.87251" lon="7.53892">
        <ele>146.0</ele>
      </trkpt>
      <trkpt lat="43.87204" lon="7.53926">
        <ele>143.4</ele>
      </trkpt>
      <trkpt lat="43.87157" lon="7.5396">
        <ele>143.3</ele>
      </trkpt>
      <trkpt lat="43.87137" lon="7.53977">
        <ele>147.8</ele>
      </trkpt>
      <trkpt lat="43.87118" lon="7.53996">
        <ele>150.1</ele>
      </trkpt>
      <trkpt lat="43.87107" lon="7.54011">
        <ele>152.3</ele>
      </trkpt>
      <trkpt lat="43.87098" lon="7.54031">
        <ele>152.1</ele>
      </trkpt>
      <trkpt lat="43.87092" lon="7.54054">
        <ele>148.6</ele>
      </trkpt>
      <trkpt lat="43.87089" lon="7.54107">
        <ele>141.1</ele>
      </trkpt>
      <trkpt lat="43.8709" lon="7.54126">
        <ele>140.6</ele>
      </trkpt>
      <trkpt lat="43.87095" lon="7.54152">
        <ele>138.4</ele>
      </trkpt>
      <trkpt lat="43.87106" lon="7.54177">
        <ele>136.5</ele>
      </trkpt>
      <trkpt lat="43.8712" lon="7.54202">
        <ele>136.3</ele>
      </trkpt>
      <trkpt lat="43.87141" lon="7.54229">
        <ele>131.1</ele>
      </trkpt>
      <trkpt lat="43.87167" lon="7.54254">
        <ele>121.0</ele>
      </trkpt>
      <trkpt lat="43.87214" lon="7.54295">
        <ele>119.7</ele>
      </trkpt>
      <trkpt lat="43.87262" lon="7.54335">
        <ele>113.6</ele>
      </trkpt>
      <trkpt lat="43.87284" lon="7.54356">
        <ele>110.0</ele>
      </trkpt>
      <trkpt lat="43.87292" lon="7.54366">
        <ele>108.7</ele>
      </trkpt>
      <trkpt lat="43.87297" lon="7.54378">
        <ele>107.7</ele>
      </trkpt>
      <trkpt lat="43.87311" lon="7.54423">
        <ele>108.9</ele>
      </trkpt>
      <trkpt lat="43.87326" lon="7.54477">
        <ele>110.3</ele>
      </trkpt>
      <trkpt lat="43.87327" lon="7.54484">
        <ele>110.5</ele>
      </trkpt>
      <trkpt lat="43.87326" lon="7.54489">
        <ele>110.7</ele>
      </trkpt>
      <trkpt lat="43.87324" lon="7.54493">
        <ele>110.8</ele>
      </trkpt>
      <trkpt lat="43.87261" lon="7.54578">
        <ele>113.9</ele>
      </trkpt>
      <trkpt lat="43.87254" lon="7.54589">
        <ele>112.9</ele>
      </trkpt>
      <trkpt lat="43.87249" lon="7.54601">
        <ele>112.7</ele>
      </trkpt>
      <trkpt lat="43.87226" lon="7.54676">
        <ele>117.4</ele>
      </trkpt>
      <trkpt lat="43.87199" lon="7.5476">
        <ele>115.7</ele>
      </trkpt>
      <trkpt lat="43.8719" lon="7.54788">
        <ele>115.5</ele>
      </trkpt>
      <trkpt lat="43.87153" lon="7.54877">
        <ele>121.9</ele>
      </trkpt>
      <trkpt lat="43.87149" lon="7.54887">
        <ele>123.7</ele>
      </trkpt>
      <trkpt lat="43.87145" lon="7.54894">
        <ele>124.5</ele>
      </trkpt>
      <trkpt lat="43.87134" lon="7.54905">
        <ele>124.3</ele>
      </trkpt>
      <trkpt lat="43.87126" lon="7.54912">
        <ele>123.5</ele>
      </trkpt>
      <trkpt lat="43.87112" lon="7.5492">
        <ele>122.3</ele>
      </trkpt>
      <trkpt lat="43.87039" lon="7.54951">
        <ele>119.4</ele>
      </trkpt>
      <trkpt lat="43.87003" lon="7.5496">
        <ele>112.5</ele>
      </trkpt>
      <trkpt lat="43.86992" lon="7.54966">
        <ele>112.8</ele>
      </trkpt>
      <trkpt lat="43.86981" lon="7.54974">
        <ele>113.7</ele>
      </trkpt>
      <trkpt lat="43.86955" lon="7.55003">
        <ele>113.4</ele>
      </trkpt>
      <trkpt lat="43.86929" lon="7.55034">
        <ele>113.5</ele>
      </trkpt>
      <trkpt lat="43.86914" lon="7.55055">
        <ele>114.3</ele>
      </trkpt>
      <trkpt lat="43.86909" lon="7.55066">
        <ele>116.9</ele>
      </trkpt>
      <trkpt lat="43.86909" lon="7.55066">
        <ele>116.9</ele>
      </trkpt>
      <trkpt lat="43.86897" lon="7.5509">
        <ele>119.8</ele>
      </trkpt>
      <trkpt lat="43.86857" lon="7.55197">
        <ele>113.1</ele>
      </trkpt>
      <trkpt lat="43.86816" lon="7.55303">
        <ele>117.0</ele>
      </trkpt>
      <trkpt lat="43.86806" lon="7.55331">
        <ele>120.2</ele>
      </trkpt>
      <trkpt lat="43.86867" lon="7.55382">
        <ele>118.3</ele>
      </trkpt>
      <trkpt lat="43.86879" lon="7.55393">
        <ele>117.2</ele>
      </trkpt>
      <trkpt lat="43.86891" lon="7.55406">
        <ele>115.3</ele>
      </trkpt>
      <trkpt lat="43.86904" lon="7.55419">
        <ele>112.9</ele>
      </trkpt>
      <trkpt lat="43.86916" lon="7.55426">
        <ele>111.5</ele>
      </trkpt>
      <trkpt lat="43.86934" lon="7.5543">
        <ele>112.0</ele>
      </trkpt>
      <trkpt lat="43.86965" lon="7.55432">
        <ele>113.3</ele>
      </trkpt>
      <trkpt lat="43.86996" lon="7.55431">
        <ele>114.9</ele>
      </trkpt>
      <trkpt lat="43.87003" lon="7.55434">
        <ele>115.5</ele>
      </trkpt>
      <trkpt lat="43.87007" lon="7.55437">
        <ele>116.2</ele>
      </trkpt>
      <trkpt lat="43.8701" lon="7.55444">
        <ele>115.7</ele>
      </trkpt>
      <trkpt lat="43.87014" lon="7.55459">
        <ele>113.8</ele>
      </trkpt>
      <trkpt lat="43.8702" lon="7.55475">
        <ele>112.2</ele>
      </trkpt>
      <trkpt lat="43.87024" lon="7.55479">
        <ele>112.6</ele>
      </trkpt>
      <trkpt lat="43.87034" lon="7.55487">
        <ele>113.8</ele>
      </trkpt>
      <trkpt lat="43.87067" lon="7.55508">
        <ele>118.2</ele>
      </trkpt>
      <trkpt lat="43.87124" lon="7.55549">
        <ele>119.4</ele>
      </trkpt>
      <trkpt lat="43.87129" lon="7.55554">
        <ele>119.4</ele>
      </trkpt>
      <trkpt lat="43.87132" lon="7.55559">
        <ele>118.8</ele>
      </trkpt>
      <trkpt lat="43.87134" lon="7.55568">
        <ele>117.0</ele>
      </trkpt>
      <trkpt lat="43.87135" lon="7.55575">
        <ele>115.4</ele>
      </trkpt>
      <trkpt lat="43.87134" lon="7.55587">
        <ele>113.2</ele>
      </trkpt>
      <trkpt lat="43.87118" lon="7.55669">
        <ele>114.0</ele>
      </trkpt>
      <trkpt lat="43.87116" lon="7.55687">
        <ele>114.5</ele>
      </trkpt>
      <trkpt lat="43.87117" lon="7.55714">
        <ele>117.3</ele>
      </trkpt>
      <trkpt lat="43.87115" lon="7.55738">
        <ele>118.1</ele>
      </trkpt>
      <trkpt lat="43.87112" lon="7.55753">
        <ele>118.0</ele>
      </trkpt>
      <trkpt lat="43.87101" lon="7.5578">
        <ele>118.4</ele>
      </trkpt>
      <trkpt lat="43.87087" lon="7.55802">
        <ele>114.9</ele>
      </trkpt>
      <trkpt lat="43.87042" lon="7.55855">
        <ele>114.0</ele>
      </trkpt>
      <trkpt lat="43.87033" lon="7.55864">
        <ele>113.8</ele>
      </trkpt>
      <trkpt lat="43.87018" lon="7.55874">
        <ele>110.8</ele>
      </trkpt>
      <trkpt lat="43.86991" lon="7.55888">
        <ele>105.8</ele>
      </trkpt>
      <trkpt lat="43.86947" lon="7.55923">
        <ele>103.6</ele>
      </trkpt>
      <trkpt lat="43.86928" lon="7.5594">
        <ele>100.6</ele>
      </trkpt>
      <trkpt lat="43.86918" lon="7.55954">
        <ele>98.2</ele>
      </trkpt>
      <trkpt lat="43.86897" lon="7.55997">
        <ele>104.7</ele>
      </trkpt>
      <trkpt lat="43.86894" lon="7.56005">
        <ele>106.0</ele>
      </trkpt>
      <trkpt lat="43.86892" lon="7.56015">
        <ele>107.5</ele>
      </trkpt>
      <trkpt lat="43.86885" lon="7.56101">
        <ele>115.4</ele>
      </trkpt>
      <trkpt lat="43.86874" lon="7.56207">
        <ele>113.6</ele>
      </trkpt>
      <trkpt lat="43.86867" lon="7.56261">
        <ele>108.5</ele>
      </trkpt>
      <trkpt lat="43.86866" lon="7.56283">
        <ele>106.7</ele>
      </trkpt>
      <trkpt lat="43.86867" lon="7.56298">
        <ele>106.3</ele>
      </trkpt>
      <trkpt lat="43.86867" lon="7.56298">
        <ele>106.3</ele>
      </trkpt>
      <trkpt lat="43.86872" lon="7.56374">
        <ele>99.9</ele>
      </trkpt>
      <trkpt lat="43.86875" lon="7.56383">
        <ele>99.5</ele>
      </trkpt>
      <trkpt lat="43.8688" lon="7.5639">
        <ele>99.9</ele>
      </trkpt>
      <trkpt lat="43.86891" lon="7.564">
        <ele>99.2</ele>
      </trkpt>
      <trkpt lat="43.86894" lon="7.56406">
        <ele>99.0</ele>
      </trkpt>
      <trkpt lat="43.86895" lon="7.5641">
        <ele>98.8</ele>
      </trkpt>
      <trkpt lat="43.86895" lon="7.56424">
        <ele>98.3</ele>
      </trkpt>
      <trkpt lat="43.86893" lon="7.56442">
        <ele>97.7</ele>
      </trkpt>
      <trkpt lat="43.86889" lon="7.56454">
        <ele>97.2</ele>
      </trkpt>
      <trkpt lat="43.86882" lon="7.5646">
        <ele>96.8</ele>
      </trkpt>
      <trkpt lat="43.86862" lon="7.56473">
        <ele>95.8</ele>
      </trkpt>
      <trkpt lat="43.86856" lon="7.56482">
        <ele>94.8</ele>
      </trkpt>
      <trkpt lat="43.86852" lon="7.56493">
        <ele>94.5</ele>
      </trkpt>
      <trkpt lat="43.8683" lon="7.56571">
        <ele>107.0</ele>
      </trkpt>
      <trkpt lat="43.86818" lon="7.56589">
        <ele>108.4</ele>
      </trkpt>
      <trkpt lat="43.86804" lon="7.56599">
        <ele>107.3</ele>
      </trkpt>
      <trkpt lat="43.86781" lon="7.56605">
        <ele>102.7</ele>
      </trkpt>
      <trkpt lat="43.86768" lon="7.56603">
        <ele>98.8</ele>
      </trkpt>
      <trkpt lat="43.86734" lon="7.56595">
        <ele>89.6</ele>
      </trkpt>
      <trkpt lat="43.86711" lon="7.56597">
        <ele>86.5</ele>
      </trkpt>
      <trkpt lat="43.86704" lon="7.566">
        <ele>85.8</ele>
      </trkpt>
      <trkpt lat="43.86699" lon="7.56609">
        <ele>86.1</ele>
      </trkpt>
      <trkpt lat="43.86697" lon="7.5662">
        <ele>87.1</ele>
      </trkpt>
      <trkpt lat="43.86697" lon="7.56631">
        <ele>88.5</ele>
      </trkpt>
      <trkpt lat="43.867" lon="7.56649">
        <ele>91.5</ele>
      </trkpt>
      <trkpt lat="43.86698" lon="7.56705">
        <ele>93.7</ele>
      </trkpt>
      <trkpt lat="43.86694" lon="7.56739">
        <ele>92.7</ele>
      </trkpt>
      <trkpt lat="43.86696" lon="7.56778">
        <ele>96.2</ele>
      </trkpt>
      <trkpt lat="43.86696" lon="7.56795">
        <ele>97.8</ele>
      </trkpt>
      <trkpt lat="43.86691" lon="7.5681">
        <ele>97.1</ele>
      </trkpt>
      <trkpt lat="43.8668" lon="7.56825">
        <ele>93.9</ele>
      </trkpt>
      <trkpt lat="43.8665" lon="7.56877">
        <ele>104.0</ele>
      </trkpt>
      <trkpt lat="43.86637" lon="7.56897">
        <ele>106.8</ele>
      </trkpt>
      <trkpt lat="43.86563" lon="7.56931">
        <ele>92.1</ele>
      </trkpt>
      <trkpt lat="43.86538" lon="7.56945">
        <ele>94.7</ele>
      </trkpt>
      <trkpt lat="43.86524" lon="7.56946">
        <ele>96.1</ele>
      </trkpt>
      <trkpt lat="43.86482" lon="7.56919">
        <ele>100.7</ele>
      </trkpt>
      <trkpt lat="43.86474" lon="7.56917">
        <ele>101.5</ele>
      </trkpt>
      <trkpt lat="43.864613" lon="7.569288">
        <ele>102.6</ele>
      </trkpt>
      <trkpt lat="43.86459" lon="7.56931">
        <ele>103.3</ele>
      </trkpt>
      <trkpt lat="43.86446" lon="7.56941">
        <ele>107.2</ele>
      </trkpt>
      <trkpt lat="43.86435" lon="7.56956">
        <ele>107.5</ele>
      </trkpt>
      <trkpt lat="43.86424" lon="7.5698">
        <ele>103.0</ele>
      </trkpt>
      <trkpt lat="43.86413" lon="7.57007">
        <ele>98.5</ele>
      </trkpt>
      <trkpt lat="43.86412" lon="7.57016">
        <ele>99.0</ele>
      </trkpt>
      <trkpt lat="43.86412" lon="7.57016">
        <ele>99.0</ele>
      </trkpt>
      <trkpt lat="43.864065" lon="7.570565">
        <ele>102.9</ele>
      </trkpt>
      <trkpt lat="43.864065" lon="7.570565">
        <ele>102.9</ele>
      </trkpt>
      <trkpt lat="43.864048" lon="7.571063">
        <ele>105.2</ele>
      </trkpt>
      <trkpt lat="43.864048" lon="7.571063">
        <ele>105.2</ele>
      </trkpt>
      <trkpt lat="43.86386" lon="7.57156">
        <ele>116.3</ele>
      </trkpt>
      <trkpt lat="43.86386" lon="7.57156">
        <ele>116.3</ele>
      </trkpt>
      <trkpt lat="43.863638" lon="7.571963">
        <ele>118.4</ele>
      </trkpt>
      <trkpt lat="43.863638" lon="7.571963">
        <ele>118.4</ele>
      </trkpt>
      <trkpt lat="43.863279" lon="7.572294">
        <ele>114.7</ele>
      </trkpt>
      <trkpt lat="43.863279" lon="7.572294">
        <ele>114.7</ele>
      </trkpt>
      <trkpt lat="43.862767" lon="7.572366">
        <ele>104.5</ele>
      </trkpt>
      <trkpt lat="43.862767" lon="7.572366">
        <ele>104.5</ele>
      </trkpt>
      <trkpt lat="43.86234" lon="7.572389">
        <ele>103.3</ele>
      </trkpt>
      <trkpt lat="43.86234" lon="7.572389">
        <ele>103.3</ele>
      </trkpt>
      <trkpt lat="43.861896" lon="7.572508">
        <ele>106.6</ele>
      </trkpt>
      <trkpt lat="43.86172" lon="7.5726">
        <ele>108.1</ele>
      </trkpt>
      <trkpt lat="43.86153" lon="7.57286">
        <ele>112.5</ele>
      </trkpt>
      <trkpt lat="43.8612" lon="7.5735">
        <ele>115.9</ele>
      </trkpt>
      <trkpt lat="43.86109" lon="7.57361">
        <ele>119.2</ele>
      </trkpt>
      <trkpt lat="43.86103" lon="7.57373">
        <ele>118.4</ele>
      </trkpt>
      <trkpt lat="43.86098" lon="7.57401">
        <ele>110.9</ele>
      </trkpt>
      <trkpt lat="43.86091" lon="7.57423">
        <ele>104.9</ele>
      </trkpt>
      <trkpt lat="43.86077" lon="7.57438">
        <ele>102.8</ele>
      </trkpt>
      <trkpt lat="43.86066" lon="7.57455">
        <ele>99.8</ele>
      </trkpt>
      <trkpt lat="43.8606" lon="7.57482">
        <ele>91.9</ele>
      </trkpt>
      <trkpt lat="43.86052" lon="7.5751">
        <ele>86.0</ele>
      </trkpt>
      <trkpt lat="43.86045" lon="7.57517">
        <ele>86.5</ele>
      </trkpt>
      <trkpt lat="43.86024" lon="7.5753">
        <ele>88.8</ele>
      </trkpt>
      <trkpt lat="43.86007" lon="7.57543">
        <ele>89.0</ele>
      </trkpt>
      <trkpt lat="43.85992" lon="7.57561">
        <ele>85.1</ele>
      </trkpt>
      <trkpt lat="43.85967" lon="7.57573">
        <ele>83.4</ele>
      </trkpt>
      <trkpt lat="43.85909" lon="7.57595">
        <ele>84.5</ele>
      </trkpt>
      <trkpt lat="43.85888" lon="7.57605">
        <ele>88.3</ele>
      </trkpt>
      <trkpt lat="43.85877" lon="7.57619">
        <ele>88.9</ele>
      </trkpt>
      <trkpt lat="43.85871" lon="7.57641">
        <ele>87.1</ele>
      </trkpt>
      <trkpt lat="43.85868" lon="7.5767">
        <ele>83.8</ele>
      </trkpt>
      <trkpt lat="43.85868" lon="7.5767">
        <ele>83.8</ele>
      </trkpt>
      <trkpt lat="43.8586" lon="7.57718">
        <ele>83.4</ele>
      </trkpt>
      <trkpt lat="43.85856" lon="7.57727">
        <ele>83.0</ele>
      </trkpt>
      <trkpt lat="43.85844" lon="7.57733">
        <ele>82.9</ele>
      </trkpt>
      <trkpt lat="43.85817" lon="7.5773">
        <ele>81.5</ele>
      </trkpt>
      <trkpt lat="43.85799" lon="7.57723">
        <ele>80.5</ele>
      </trkpt>
      <trkpt lat="43.8576" lon="7.577">
        <ele>80.8</ele>
      </trkpt>
      <trkpt lat="43.85744" lon="7.57688">
        <ele>82.1</ele>
      </trkpt>
      <trkpt lat="43.85727" lon="7.5766">
        <ele>84.8</ele>
      </trkpt>
      <trkpt lat="43.85718" lon="7.57645">
        <ele>87.3</ele>
      </trkpt>
      <trkpt lat="43.85698" lon="7.57631">
        <ele>85.0</ele>
      </trkpt>
      <trkpt lat="43.8567" lon="7.57598">
        <ele>81.8</ele>
      </trkpt>
      <trkpt lat="43.85643" lon="7.5755">
        <ele>87.6</ele>
      </trkpt>
      <trkpt lat="43.85635" lon="7.57524">
        <ele>86.2</ele>
      </trkpt>
      <trkpt lat="43.85629" lon="7.57475">
        <ele>87.3</ele>
      </trkpt>
      <trkpt lat="43.85624" lon="7.57444">
        <ele>91.3</ele>
      </trkpt>
      <trkpt lat="43.85611" lon="7.57399">
        <ele>89.7</ele>
      </trkpt>
      <trkpt lat="43.85583" lon="7.57346">
        <ele>87.5</ele>
      </trkpt>
      <trkpt lat="43.85584" lon="7.57304">
        <ele>86.2</ele>
      </trkpt>
      <trkpt lat="43.85582" lon="7.57283">
        <ele>82.2</ele>
      </trkpt>
      <trkpt lat="43.85575" lon="7.57269">
        <ele>81.3</ele>
      </trkpt>
      <trkpt lat="43.8557" lon="7.57261">
        <ele>80.6</ele>
      </trkpt>
      <trkpt lat="43.85562" lon="7.57253">
        <ele>80.2</ele>
      </trkpt>
      <trkpt lat="43.85501" lon="7.57219">
        <ele>82.3</ele>
      </trkpt>
      <trkpt lat="43.85475" lon="7.57206">
        <ele>75.7</ele>
      </trkpt>
      <trkpt lat="43.85452" lon="7.57198">
        <ele>72.2</ele>
      </trkpt>
      <trkpt lat="43.85436" lon="7.57203">
        <ele>71.4</ele>
      </trkpt>
      <trkpt lat="43.85426" lon="7.57212">
        <ele>70.7</ele>
      </trkpt>
      <trkpt lat="43.85416" lon="7.57249">
        <ele>69.0</ele>
      </trkpt>
      <trkpt lat="43.85409" lon="7.57263">
        <ele>74.6</ele>
      </trkpt>
      <trkpt lat="43.85398" lon="7.57281">
        <ele>80.6</ele>
      </trkpt>
      <trkpt lat="43.85367" lon="7.57316">
        <ele>82.5</ele>
      </trkpt>
      <trkpt lat="43.8535" lon="7.57337">
        <ele>80.7</ele>
      </trkpt>
      <trkpt lat="43.85339" lon="7.57349">
        <ele>84.5</ele>
      </trkpt>
      <trkpt lat="43.8532" lon="7.57362">
        <ele>89.7</ele>
      </trkpt>
      <trkpt lat="43.85297" lon="7.57366">
        <ele>89.6</ele>
      </trkpt>
      <trkpt lat="43.85278" lon="7.57364">
        <ele>86.0</ele>
      </trkpt>
      <trkpt lat="43.85256" lon="7.57358">
        <ele>79.9</ele>
      </trkpt>
      <trkpt lat="43.85235" lon="7.57356">
        <ele>75.7</ele>
      </trkpt>
      <trkpt lat="43.85215" lon="7.57345">
        <ele>67.5</ele>
      </trkpt>
      <trkpt lat="43.85204" lon="7.57339">
        <ele>63.6</ele>
      </trkpt>
      <trkpt lat="43.85189" lon="7.57338">
        <ele>61.7</ele>
      </trkpt>
      <trkpt lat="43.8518" lon="7.5734">
        <ele>61.5</ele>
      </trkpt>
      <trkpt lat="43.85168" lon="7.57346">
        <ele>62.1</ele>
      </trkpt>
      <trkpt lat="43.85138" lon="7.57389">
        <ele>72.1</ele>
      </trkpt>
      <trkpt lat="43.85101" lon="7.57439">
        <ele>69.7</ele>
      </trkpt>
      <trkpt lat="43.85069" lon="7.57473">
        <ele>69.2</ele>
      </trkpt>
      <trkpt lat="43.8505" lon="7.57492">
        <ele>69.6</ele>
      </trkpt>
      <trkpt lat="43.85042" lon="7.5751">
        <ele>69.1</ele>
      </trkpt>
      <trkpt lat="43.85041" lon="7.57526">
        <ele>69.8</ele>
      </trkpt>
      <trkpt lat="43.85049" lon="7.57564">
        <ele>74.2</ele>
      </trkpt>
      <trkpt lat="43.85058" lon="7.57655">
        <ele>76.3</ele>
      </trkpt>
      <trkpt lat="43.85058" lon="7.57655">
        <ele>76.3</ele>
      </trkpt>
      <trkpt lat="43.85063" lon="7.57706">
        <ele>72.7</ele>
      </trkpt>
      <trkpt lat="43.85062" lon="7.57726">
        <ele>69.9</ele>
      </trkpt>
      <trkpt lat="43.85053" lon="7.57784">
        <ele>68.8</ele>
      </trkpt>
      <trkpt lat="43.85044" lon="7.57816">
        <ele>69.2</ele>
      </trkpt>
      <trkpt lat="43.85036" lon="7.57832">
        <ele>67.6</ele>
      </trkpt>
      <trkpt lat="43.85026" lon="7.57848">
        <ele>66.8</ele>
      </trkpt>
      <trkpt lat="43.8499" lon="7.57888">
        <ele>62.4</ele>
      </trkpt>
      <trkpt lat="43.84953" lon="7.57923">
        <ele>60.2</ele>
      </trkpt>
      <trkpt lat="43.84954" lon="7.57946">
        <ele>58.8</ele>
      </trkpt>
      <trkpt lat="43.84927" lon="7.57986">
        <ele>50.5</ele>
      </trkpt>
      <trkpt lat="43.84913" lon="7.5801">
        <ele>47.8</ele>
      </trkpt>
      <trkpt lat="43.84901" lon="7.58041">
        <ele>49.7</ele>
      </trkpt>
      <trkpt lat="43.84894" lon="7.58069">
        <ele>50.5</ele>
      </trkpt>
      <trkpt lat="43.84878" lon="7.58177">
        <ele>52.8</ele>
      </trkpt>
      <trkpt lat="43.84866" lon="7.58265">
        <ele>52.3</ele>
      </trkpt>
      <trkpt lat="43.84857" lon="7.58318">
        <ele>51.9</ele>
      </trkpt>
      <trkpt lat="43.84851" lon="7.58341">
        <ele>51.3</ele>
      </trkpt>
      <trkpt lat="43.84843" lon="7.58368">
        <ele>51.1</ele>
      </trkpt>
      <trkpt lat="43.84819" lon="7.58428">
        <ele>50.8</ele>
      </trkpt>
      <trkpt lat="43.84796" lon="7.58487">
        <ele>51.8</ele>
      </trkpt>
      <trkpt lat="43.84782" lon="7.58526">
        <ele>52.6</ele>
      </trkpt>
      <trkpt lat="43.84782" lon="7.58526">
        <ele>52.6</ele>
      </trkpt>
      <trkpt lat="43.84758" lon="7.58591">
        <ele>51.5</ele>
      </trkpt>
      <trkpt lat="43.84735" lon="7.58648">
        <ele>50.6</ele>
      </trkpt>
      <trkpt lat="43.84722" lon="7.58677">
        <ele>51.0</ele>
      </trkpt>
      <trkpt lat="43.84706" lon="7.58704">
        <ele>51.6</ele>
      </trkpt>
      <trkpt lat="43.84649" lon="7.58793">
        <ele>52.6</ele>
      </trkpt>
      <trkpt lat="43.84592" lon="7.58881">
        <ele>49.7</ele>
      </trkpt>
      <trkpt lat="43.84536" lon="7.58969">
        <ele>49.5</ele>
      </trkpt>
      <trkpt lat="43.84479" lon="7.59057">
        <ele>49.5</ele>
      </trkpt>
      <trkpt lat="43.84436" lon="7.59126">
        <ele>54.6</ele>
      </trkpt>
      <trkpt lat="43.84421" lon="7.59148">
        <ele>55.6</ele>
      </trkpt>
      <trkpt lat="43.84408" lon="7.59158">
        <ele>55.7</ele>
      </trkpt>
      <trkpt lat="43.84381" lon="7.59172">
        <ele>57.9</ele>
      </trkpt>
      <trkpt lat="43.84359" lon="7.59179">
        <ele>60.3</ele>
      </trkpt>
      <trkpt lat="43.84333" lon="7.59175">
        <ele>58.1</ele>
      </trkpt>
      <trkpt lat="43.84316" lon="7.59171">
        <ele>61.0</ele>
      </trkpt>
      <trkpt lat="43.84289" lon="7.59162">
        <ele>65.6</ele>
      </trkpt>
      <trkpt lat="43.84281" lon="7.59158">
        <ele>66.8</ele>
      </trkpt>
      <trkpt lat="43.84271" lon="7.59151">
        <ele>67.5</ele>
      </trkpt>
      <trkpt lat="43.8426" lon="7.5914">
        <ele>66.8</ele>
      </trkpt>
      <trkpt lat="43.84233" lon="7.59095">
        <ele>54.2</ele>
      </trkpt>
      <trkpt lat="43.8422" lon="7.59078">
        <ele>50.5</ele>
      </trkpt>
      <trkpt lat="43.84207" lon="7.59065">
        <ele>49.7</ele>
      </trkpt>
      <trkpt lat="43.84175" lon="7.59034">
        <ele>48.4</ele>
      </trkpt>
      <trkpt lat="43.8416" lon="7.59014">
        <ele>50.1</ele>
      </trkpt>
      <trkpt lat="43.84147" lon="7.59062">
        <ele>60.1</ele>
      </trkpt>
      <trkpt lat="43.84152" lon="7.59074">
        <ele>58.9</ele>
      </trkpt>
      <trkpt lat="43.84159" lon="7.59087">
        <ele>57.2</ele>
      </trkpt>
      <trkpt lat="43.84159" lon="7.59092">
        <ele>58.1</ele>
      </trkpt>
      <trkpt lat="43.84155" lon="7.59102">
        <ele>61.6</ele>
      </trkpt>
      <trkpt lat="43.84131" lon="7.59136">
        <ele>73.9</ele>
      </trkpt>
      <trkpt lat="43.84121" lon="7.59153">
        <ele>77.4</ele>
      </trkpt>
      <trkpt lat="43.84121" lon="7.59165">
        <ele>78.0</ele>
      </trkpt>
      <trkpt lat="43.8413" lon="7.59204">
        <ele>79.9</ele>
      </trkpt>
      <trkpt lat="43.84132" lon="7.59241">
        <ele>83.0</ele>
      </trkpt>
      <trkpt lat="43.84141" lon="7.59272">
        <ele>86.3</ele>
      </trkpt>
      <trkpt lat="43.84142" lon="7.59288">
        <ele>88.3</ele>
      </trkpt>
      <trkpt lat="43.84138" lon="7.59318">
        <ele>91.8</ele>
      </trkpt>
      <trkpt lat="43.84147" lon="7.59311">
        <ele>91.4</ele>
      </trkpt>
      <trkpt lat="43.84154" lon="7.59288">
        <ele>88.6</ele>
      </trkpt>
      <trkpt lat="43.84154" lon="7.59269">
        <ele>86.0</ele>
      </trkpt>
      <trkpt lat="43.84168" lon="7.59245">
        <ele>82.7</ele>
      </trkpt>
      <trkpt lat="43.84179" lon="7.59223">
        <ele>82.2</ele>
      </trkpt>
      <trkpt lat="43.84182" lon="7.59192">
        <ele>77.1</ele>
      </trkpt>
      <trkpt lat="43.84186" lon="7.59188">
        <ele>76.9</ele>
      </trkpt>
      <trkpt lat="43.84189" lon="7.59191">
        <ele>77.9</ele>
      </trkpt>
      <trkpt lat="43.8419" lon="7.59199">
        <ele>79.8</ele>
      </trkpt>
      <trkpt lat="43.84188" lon="7.59229">
        <ele>85.6</ele>
      </trkpt>
      <trkpt lat="43.84188" lon="7.59245">
        <ele>88.9</ele>
      </trkpt>
      <trkpt lat="43.84189" lon="7.59252">
        <ele>90.6</ele>
      </trkpt>
      <trkpt lat="43.84197" lon="7.59254">
        <ele>93.6</ele>
      </trkpt>
      <trkpt lat="43.84199" lon="7.59251">
        <ele>93.7</ele>
      </trkpt>
      <trkpt lat="43.84199" lon="7.5923">
        <ele>88.7</ele>
      </trkpt>
      <trkpt lat="43.84202" lon="7.59214">
        <ele>85.6</ele>
      </trkpt>
      <trkpt lat="43.84213" lon="7.59205">
        <ele>85.5</ele>
      </trkpt>
      <trkpt lat="43.8422" lon="7.59203">
        <ele>86.3</ele>
      </trkpt>
      <trkpt lat="43.84226" lon="7.59206">
        <ele>88.4</ele>
      </trkpt>
      <trkpt lat="43.84229" lon="7.59213">
        <ele>91.2</ele>
      </trkpt>
      <trkpt lat="43.84233" lon="7.59228">
        <ele>97.1</ele>
      </trkpt>
      <trkpt lat="43.84238" lon="7.5925">
        <ele>106.1</ele>
      </trkpt>
      <trkpt lat="43.84242" lon="7.59264">
        <ele>110.5</ele>
      </trkpt>
      <trkpt lat="43.84247" lon="7.59272">
        <ele>114.0</ele>
      </trkpt>
      <trkpt lat="43.84263" lon="7.59286">
        <ele>116.5</ele>
      </trkpt>
      <trkpt lat="43.84274" lon="7.59291">
        <ele>116.3</ele>
      </trkpt>
      <trkpt lat="43.84283" lon="7.59292">
        <ele>115.4</ele>
      </trkpt>
      <trkpt lat="43.84289" lon="7.59295">
        <ele>115.6</ele>
      </trkpt>
      <trkpt lat="43.84293" lon="7.59304">
        <ele>117.7</ele>
      </trkpt>
      <trkpt lat="43.84294" lon="7.59336">
        <ele>127.3</ele>
      </trkpt>
      <trkpt lat="43.84299" lon="7.59354">
        <ele>133.3</ele>
      </trkpt>
      <trkpt lat="43.84322" lon="7.59375">
        <ele>140.6</ele>
      </trkpt>
      <trkpt lat="43.84337" lon="7.59402">
        <ele>151.2</ele>
      </trkpt>
      <trkpt lat="43.84346" lon="7.59414">
        <ele>156.2</ele>
      </trkpt>
      <trkpt lat="43.84357" lon="7.59419">
        <ele>158.4</ele>
      </trkpt>
      <trkpt lat="43.84372" lon="7.5941">
        <ele>155.1</ele>
      </trkpt>
      <trkpt lat="43.84388" lon="7.59403">
        <ele>152.4</ele>
      </trkpt>
      <trkpt lat="43.84402" lon="7.59402">
        <ele>152.1</ele>
      </trkpt>
      <trkpt lat="43.84421" lon="7.59384">
        <ele>143.4</ele>
      </trkpt>
      <trkpt lat="43.84429" lon="7.59374">
        <ele>137.6</ele>
      </trkpt>
      <trkpt lat="43.84436" lon="7.59372">
        <ele>135.6</ele>
      </trkpt>
      <trkpt lat="43.84445" lon="7.59382">
        <ele>138.3</ele>
      </trkpt>
      <trkpt lat="43.84451" lon="7.59399">
        <ele>144.3</ele>
      </trkpt>
      <trkpt lat="43.84455" lon="7.59417">
        <ele>150.8</ele>
      </trkpt>
      <trkpt lat="43.84456" lon="7.59437">
        <ele>155.8</ele>
      </trkpt>
      <trkpt lat="43.84455" lon="7.59462">
        <ele>162.7</ele>
      </trkpt>
      <trkpt lat="43.84457" lon="7.59476">
        <ele>165.7</ele>
      </trkpt>
      <trkpt lat="43.84478" lon="7.59534">
        <ele>171.2</ele>
      </trkpt>
      <trkpt lat="43.84478" lon="7.59545">
        <ele>173.4</ele>
      </trkpt>
      <trkpt lat="43.84474" lon="7.59559">
        <ele>178.1</ele>
      </trkpt>
      <trkpt lat="43.84456" lon="7.59595">
        <ele>194.2</ele>
      </trkpt>
      <trkpt lat="43.84453" lon="7.59615">
        <ele>199.9</ele>
      </trkpt>
      <trkpt lat="43.84456" lon="7.59633">
        <ele>202.6</ele>
      </trkpt>
      <trkpt lat="43.84497" lon="7.59647">
        <ele>187.6</ele>
      </trkpt>
      <trkpt lat="43.84507" lon="7.59654">
        <ele>185.4</ele>
      </trkpt>
      <trkpt lat="43.84517" lon="7.59678">
        <ele>187.5</ele>
      </trkpt>
      <trkpt lat="43.8455" lon="7.59788">
        <ele>196.2</ele>
      </trkpt>
      <trkpt lat="43.84556" lon="7.59809">
        <ele>196.4</ele>
      </trkpt>
      <trkpt lat="43.84556" lon="7.59827">
        <ele>199.1</ele>
      </trkpt>
      <trkpt lat="43.84543" lon="7.59854">
        <ele>210.9</ele>
      </trkpt>
      <trkpt lat="43.84534" lon="7.59867">
        <ele>217.9</ele>
      </trkpt>
      <trkpt lat="43.8453" lon="7.59878">
        <ele>221.8</ele>
      </trkpt>
      <trkpt lat="43.84532" lon="7.59888">
        <ele>222.8</ele>
      </trkpt>
      <trkpt lat="43.84539" lon="7.59893">
        <ele>220.5</ele>
      </trkpt>
      <trkpt lat="43.84565" lon="7.59894">
        <ele>208.9</ele>
      </trkpt>
      <trkpt lat="43.84577" lon="7.59898">
        <ele>204.4</ele>
      </trkpt>
      <trkpt lat="43.84599" lon="7.59922">
        <ele>205.3</ele>
      </trkpt>
      <trkpt lat="43.84605" lon="7.59941">
        <ele>209.5</ele>
      </trkpt>
      <trkpt lat="43.84609" lon="7.59976">
        <ele>218.0</ele>
      </trkpt>
      <trkpt lat="43.84614" lon="7.59992">
        <ele>220.8</ele>
      </trkpt>
      <trkpt lat="43.84619" lon="7.6">
        <ele>221.3</ele>
      </trkpt>
      <trkpt lat="43.84623" lon="7.60004">
        <ele>220.7</ele>
      </trkpt>
      <trkpt lat="43.84631" lon="7.60007">
        <ele>218.8</ele>
      </trkpt>
      <trkpt lat="43.84638" lon="7.60001">
        <ele>215.8</ele>
      </trkpt>
      <trkpt lat="43.84646" lon="7.59988">
        <ele>210.9</ele>
      </trkpt>
      <trkpt lat="43.84658" lon="7.59962">
        <ele>203.1</ele>
      </trkpt>
      <trkpt lat="43.84674" lon="7.59945">
        <ele>201.9</ele>
      </trkpt>
      <trkpt lat="43.84677" lon="7.59933">
        <ele>201.6</ele>
      </trkpt>
      <trkpt lat="43.84678" lon="7.59919">
        <ele>200.1</ele>
      </trkpt>
      <trkpt lat="43.84678" lon="7.59907">
        <ele>198.7</ele>
      </trkpt>
      <trkpt lat="43.84693" lon="7.5984">
        <ele>199.0</ele>
      </trkpt>
      <trkpt lat="43.84697" lon="7.59827">
        <ele>199.8</ele>
      </trkpt>
      <trkpt lat="43.8471" lon="7.59799">
        <ele>204.0</ele>
      </trkpt>
      <trkpt lat="43.84716" lon="7.59783">
        <ele>205.6</ele>
      </trkpt>
      <trkpt lat="43.84734" lon="7.59744">
        <ele>212.0</ele>
      </trkpt>
      <trkpt lat="43.84735" lon="7.59728">
        <ele>212.5</ele>
      </trkpt>
      <trkpt lat="43.84733" lon="7.59712">
        <ele>211.5</ele>
      </trkpt>
      <trkpt lat="43.84735" lon="7.5968">
        <ele>212.6</ele>
      </trkpt>
      <trkpt lat="43.84741" lon="7.5966">
        <ele>215.6</ele>
      </trkpt>
      <trkpt lat="43.84761" lon="7.59622">
        <ele>225.7</ele>
      </trkpt>
      <trkpt lat="43.84766" lon="7.59609">
        <ele>228.3</ele>
      </trkpt>
      <trkpt lat="43.84768" lon="7.59595">
        <ele>229.3</ele>
      </trkpt>
      <trkpt lat="43.84766" lon="7.59577">
        <ele>228.7</ele>
      </trkpt>
      <trkpt lat="43.84761" lon="7.59551">
        <ele>228.1</ele>
      </trkpt>
      <trkpt lat="43.84748" lon="7.59534">
        <ele>223.1</ele>
      </trkpt>
      <trkpt lat="43.84747" lon="7.59523">
        <ele>223.4</ele>
      </trkpt>
      <trkpt lat="43.84748" lon="7.59499">
        <ele>225.9</ele>
      </trkpt>
      <trkpt lat="43.84751" lon="7.59465">
        <ele>229.0</ele>
      </trkpt>
      <trkpt lat="43.84751" lon="7.59465">
        <ele>229.0</ele>
      </trkpt>
      <trkpt lat="43.84754" lon="7.59419">
        <ele>231.7</ele>
      </trkpt>
      <trkpt lat="43.84757" lon="7.59409">
        <ele>230.4</ele>
      </trkpt>
      <trkpt lat="43.84763" lon="7.59403">
        <ele>229.9</ele>
      </trkpt>
      <trkpt lat="43.84775" lon="7.59405">
        <ele>232.5</ele>
      </trkpt>
      <trkpt lat="43.84792" lon="7.59421">
        <ele>239.4</ele>
      </trkpt>
      <trkpt lat="43.84814" lon="7.59426">
        <ele>244.7</ele>
      </trkpt>
      <trkpt lat="43.84834" lon="7.59425">
        <ele>248.6</ele>
      </trkpt>
      <trkpt lat="43.84851" lon="7.59417">
        <ele>245.0</ele>
      </trkpt>
      <trkpt lat="43.84864" lon="7.59413">
        <ele>242.0</ele>
      </trkpt>
      <trkpt lat="43.84873" lon="7.59414">
        <ele>241.3</ele>
      </trkpt>
      <trkpt lat="43.84879" lon="7.59421">
        <ele>242.5</ele>
      </trkpt>
      <trkpt lat="43.84882" lon="7.59436">
        <ele>245.5</ele>
      </trkpt>
      <trkpt lat="43.84882" lon="7.59451">
        <ele>248.9</ele>
      </trkpt>
      <trkpt lat="43.849" lon="7.59494">
        <ele>257.0</ele>
      </trkpt>
      <trkpt lat="43.84909" lon="7.59533">
        <ele>265.2</ele>
      </trkpt>
      <trkpt lat="43.8491" lon="7.59569">
        <ele>273.5</ele>
      </trkpt>
      <trkpt lat="43.84921" lon="7.596">
        <ele>279.3</ele>
      </trkpt>
      <trkpt lat="43.84962" lon="7.59625">
        <ele>268.6</ele>
      </trkpt>
      <trkpt lat="43.84969" lon="7.59627">
        <ele>266.5</ele>
      </trkpt>
      <trkpt lat="43.84972" lon="7.59635">
        <ele>267.4</ele>
      </trkpt>
      <trkpt lat="43.84972" lon="7.59645">
        <ele>269.8</ele>
      </trkpt>
      <trkpt lat="43.84971" lon="7.59669">
        <ele>275.8</ele>
      </trkpt>
      <trkpt lat="43.84973" lon="7.59719">
        <ele>284.0</ele>
      </trkpt>
      <trkpt lat="43.84978" lon="7.59741">
        <ele>286.8</ele>
      </trkpt>
      <trkpt lat="43.84976" lon="7.59746">
        <ele>288.2</ele>
      </trkpt>
      <trkpt lat="43.84972" lon="7.59746">
        <ele>289.0</ele>
      </trkpt>
      <trkpt lat="43.8497" lon="7.59741">
        <ele>288.6</ele>
      </trkpt>
      <trkpt lat="43.8495" lon="7.59653">
        <ele>279.2</ele>
      </trkpt>
      <trkpt lat="43.84948" lon="7.59648">
        <ele>278.8</ele>
      </trkpt>
      <trkpt lat="43.84924" lon="7.59639">
        <ele>285.4</ele>
      </trkpt>
      <trkpt lat="43.84906" lon="7.59622">
        <ele>282.2</ele>
      </trkpt>
      <trkpt lat="43.849" lon="7.5962">
        <ele>280.3</ele>
      </trkpt>
      <trkpt lat="43.84897" lon="7.59622">
        <ele>279.8</ele>
      </trkpt>
      <trkpt lat="43.84896" lon="7.59628">
        <ele>280.3</ele>
      </trkpt>
      <trkpt lat="43.84898" lon="7.59632">
        <ele>281.4</ele>
      </trkpt>
      <trkpt lat="43.84917" lon="7.59648">
        <ele>289.5</ele>
      </trkpt>
      <trkpt lat="43.84928" lon="7.5966">
        <ele>288.0</ele>
      </trkpt>
      <trkpt lat="43.84932" lon="7.5967">
        <ele>288.4</ele>
      </trkpt>
      <trkpt lat="43.84933" lon="7.59687">
        <ele>290.1</ele>
      </trkpt>
      <trkpt lat="43.84933" lon="7.59745">
        <ele>297.1</ele>
      </trkpt>
      <trkpt lat="43.84935" lon="7.59765">
        <ele>299.8</ele>
      </trkpt>
      <trkpt lat="43.8494" lon="7.59781">
        <ele>301.5</ele>
      </trkpt>
      <trkpt lat="43.84945" lon="7.59792">
        <ele>302.5</ele>
      </trkpt>
      <trkpt lat="43.84965" lon="7.59816">
        <ele>303.3</ele>
      </trkpt>
      <trkpt lat="43.84968" lon="7.59822">
        <ele>303.9</ele>
      </trkpt>
      <trkpt lat="43.84973" lon="7.59864">
        <ele>312.1</ele>
      </trkpt>
      <trkpt lat="43.84978" lon="7.59877">
        <ele>314.6</ele>
      </trkpt>
      <trkpt lat="43.84996" lon="7.59906">
        <ele>320.4</ele>
      </trkpt>
      <trkpt lat="43.84998" lon="7.59911">
        <ele>321.6</ele>
      </trkpt>
      <trkpt lat="43.84996" lon="7.59915">
        <ele>322.7</ele>
      </trkpt>
      <trkpt lat="43.84991" lon="7.59915">
        <ele>322.9</ele>
      </trkpt>
      <trkpt lat="43.84979" lon="7.59904">
        <ele>320.8</ele>
      </trkpt>
      <trkpt lat="43.84968" lon="7.5989">
        <ele>318.3</ele>
      </trkpt>
      <trkpt lat="43.84944" lon="7.59846">
        <ele>312.1</ele>
      </trkpt>
      <trkpt lat="43.84937" lon="7.5984">
        <ele>312.0</ele>
      </trkpt>
      <trkpt lat="43.84931" lon="7.5984">
        <ele>312.9</ele>
      </trkpt>
      <trkpt lat="43.84928" lon="7.59843">
        <ele>313.8</ele>
      </trkpt>
      <trkpt lat="43.84908" lon="7.59888">
        <ele>317.8</ele>
      </trkpt>
      <trkpt lat="43.84905" lon="7.59902">
        <ele>318.4</ele>
      </trkpt>
      <trkpt lat="43.84906" lon="7.59907">
        <ele>319.5</ele>
      </trkpt>
      <trkpt lat="43.84909" lon="7.59913">
        <ele>321.8</ele>
      </trkpt>
      <trkpt lat="43.84917" lon="7.59922">
        <ele>326.2</ele>
      </trkpt>
      <trkpt lat="43.84925" lon="7.59938">
        <ele>327.2</ele>
      </trkpt>
      <trkpt lat="43.8493" lon="7.59957">
        <ele>328.8</ele>
      </trkpt>
      <trkpt lat="43.8495" lon="7.60002">
        <ele>335.7</ele>
      </trkpt>
      <trkpt lat="43.84957" lon="7.60015">
        <ele>337.8</ele>
      </trkpt>
      <trkpt lat="43.84959" lon="7.60022">
        <ele>338.6</ele>
      </trkpt>
      <trkpt lat="43.8496" lon="7.60028">
        <ele>339.2</ele>
      </trkpt>
      <trkpt lat="43.84958" lon="7.6004">
        <ele>339.6</ele>
      </trkpt>
      <trkpt lat="43.84951" lon="7.6007">
        <ele>340.0</ele>
      </trkpt>
      <trkpt lat="43.84941" lon="7.60137">
        <ele>343.4</ele>
      </trkpt>
      <trkpt lat="43.84926" lon="7.60186">
        <ele>342.3</ele>
      </trkpt>
      <trkpt lat="43.84923" lon="7.60199">
        <ele>341.7</ele>
      </trkpt>
      <trkpt lat="43.84923" lon="7.60224">
        <ele>342.4</ele>
      </trkpt>
      <trkpt lat="43.84928" lon="7.60253">
        <ele>345.8</ele>
      </trkpt>
      <trkpt lat="43.84934" lon="7.60274">
        <ele>351.6</ele>
      </trkpt>
      <trkpt lat="43.84937" lon="7.60291">
        <ele>355.3</ele>
      </trkpt>
      <trkpt lat="43.84936" lon="7.60307">
        <ele>357.0</ele>
      </trkpt>
      <trkpt lat="43.84934" lon="7.60328">
        <ele>358.8</ele>
      </trkpt>
      <trkpt lat="43.84931" lon="7.6034">
        <ele>359.7</ele>
      </trkpt>
      <trkpt lat="43.84899" lon="7.60375">
        <ele>354.3</ele>
      </trkpt>
      <trkpt lat="43.84892" lon="7.60386">
        <ele>354.3</ele>
      </trkpt>
      <trkpt lat="43.84888" lon="7.60399">
        <ele>356.1</ele>
      </trkpt>
      <trkpt lat="43.84875" lon="7.6043">
        <ele>359.9</ele>
      </trkpt>
      <trkpt lat="43.84857" lon="7.60461">
        <ele>362.9</ele>
      </trkpt>
      <trkpt lat="43.84845" lon="7.60496">
        <ele>369.5</ele>
      </trkpt>
      <trkpt lat="43.84829" lon="7.6052">
        <ele>371.8</ele>
      </trkpt>
      <trkpt lat="43.84815" lon="7.60529">
        <ele>371.0</ele>
      </trkpt>
      <trkpt lat="43.84808" lon="7.60529">
        <ele>369.0</ele>
      </trkpt>
      <trkpt lat="43.84789" lon="7.60523">
        <ele>361.6</ele>
      </trkpt>
      <trkpt lat="43.84781" lon="7.60524">
        <ele>359.7</ele>
      </trkpt>
      <trkpt lat="43.84773" lon="7.60533">
        <ele>360.6</ele>
      </trkpt>
      <trkpt lat="43.84766" lon="7.60548">
        <ele>363.7</ele>
      </trkpt>
      <trkpt lat="43.84749" lon="7.60591">
        <ele>373.7</ele>
      </trkpt>
      <trkpt lat="43.84727" lon="7.60613">
        <ele>379.5</ele>
      </trkpt>
      <trkpt lat="43.84701" lon="7.60629">
        <ele>382.4</ele>
      </trkpt>
      <trkpt lat="43.84701" lon="7.60632">
        <ele>383.5</ele>
      </trkpt>
      <trkpt lat="43.84702" lon="7.60635">
        <ele>384.7</ele>
      </trkpt>
      <trkpt lat="43.84707" lon="7.60637">
        <ele>386.0</ele>
      </trkpt>
      <trkpt lat="43.84726" lon="7.60633">
        <ele>386.7</ele>
      </trkpt>
      <trkpt lat="43.84762" lon="7.6061">
        <ele>383.9</ele>
      </trkpt>
      <trkpt lat="43.8477" lon="7.60594">
        <ele>380.4</ele>
      </trkpt>
      <trkpt lat="43.84776" lon="7.60575">
        <ele>375.7</ele>
      </trkpt>
      <trkpt lat="43.84783" lon="7.60561">
        <ele>372.9</ele>
      </trkpt>
      <trkpt lat="43.8479" lon="7.60559">
        <ele>374.2</ele>
      </trkpt>
      <trkpt lat="43.84799" lon="7.60563">
        <ele>378.1</ele>
      </trkpt>
      <trkpt lat="43.84809" lon="7.60573">
        <ele>384.4</ele>
      </trkpt>
      <trkpt lat="43.84828" lon="7.60588">
        <ele>394.6</ele>
      </trkpt>
      <trkpt lat="43.84837" lon="7.60589">
        <ele>397.2</ele>
      </trkpt>
      <trkpt lat="43.84852" lon="7.60585">
        <ele>399.8</ele>
      </trkpt>
      <trkpt lat="43.84862" lon="7.60578">
        <ele>400.3</ele>
      </trkpt>
      <trkpt lat="43.84895" lon="7.60545">
        <ele>401.2</ele>
      </trkpt>
      <trkpt lat="43.84914" lon="7.60521">
        <ele>402.8</ele>
      </trkpt>
      <trkpt lat="43.84927" lon="7.605">
        <ele>403.5</ele>
      </trkpt>
      <trkpt lat="43.84952" lon="7.6048">
        <ele>406.0</ele>
      </trkpt>
      <trkpt lat="43.84987" lon="7.60448">
        <ele>410.4</ele>
      </trkpt>
      <trkpt lat="43.85004" lon="7.60436">
        <ele>413.9</ele>
      </trkpt>
      <trkpt lat="43.85014" lon="7.60424">
        <ele>414.4</ele>
      </trkpt>
      <trkpt lat="43.85029" lon="7.60397">
        <ele>413.9</ele>
      </trkpt>
      <trkpt lat="43.85031" lon="7.60397">
        <ele>414.6</ele>
      </trkpt>
      <trkpt lat="43.85034" lon="7.60402">
        <ele>416.7</ele>
      </trkpt>
      <trkpt lat="43.85025" lon="7.60428">
        <ele>418.8</ele>
      </trkpt>
      <trkpt lat="43.84977" lon="7.60499">
        <ele>420.0</ele>
      </trkpt>
      <trkpt lat="43.84966" lon="7.60523">
        <ele>417.9</ele>
      </trkpt>
      <trkpt lat="43.84961" lon="7.60539">
        <ele>417.7</ele>
      </trkpt>
      <trkpt lat="43.84964" lon="7.60542">
        <ele>418.6</ele>
      </trkpt>
      <trkpt lat="43.84981" lon="7.6055">
        <ele>422.7</ele>
      </trkpt>
      <trkpt lat="43.85024" lon="7.60588">
        <ele>424.1</ele>
      </trkpt>
      <trkpt lat="43.85034" lon="7.60584">
        <ele>424.6</ele>
      </trkpt>
      <trkpt lat="43.85051" lon="7.60566">
        <ele>426.6</ele>
      </trkpt>
      <trkpt lat="43.85058" lon="7.60564">
        <ele>427.0</ele>
      </trkpt>
      <trkpt lat="43.85058" lon="7.60564">
        <ele>427.0</ele>
      </trkpt>
      <trkpt lat="43.85077" lon="7.60561">
        <ele>427.7</ele>
      </trkpt>
      <trkpt lat="43.85087" lon="7.60568">
        <ele>426.0</ele>
      </trkpt>
      <trkpt lat="43.85108" lon="7.60568">
        <ele>424.5</ele>
      </trkpt>
      <trkpt lat="43.8514" lon="7.60554">
        <ele>425.8</ele>
      </trkpt>
      <trkpt lat="43.85148" lon="7.60548">
        <ele>426.8</ele>
      </trkpt>
      <trkpt lat="43.85159" lon="7.60547">
        <ele>426.5</ele>
      </trkpt>
      <trkpt lat="43.85176" lon="7.60552">
        <ele>425.0</ele>
      </trkpt>
      <trkpt lat="43.85199" lon="7.60564">
        <ele>422.6</ele>
      </trkpt>
      <trkpt lat="43.85222" lon="7.60573">
        <ele>421.3</ele>
      </trkpt>
      <trkpt lat="43.85214" lon="7.60577">
        <ele>419.9</ele>
      </trkpt>
      <trkpt lat="43.85209" lon="7.60584">
        <ele>417.9</ele>
      </trkpt>
      <trkpt lat="43.85195" lon="7.6062">
        <ele>409.0</ele>
      </trkpt>
      <trkpt lat="43.85191" lon="7.60625">
        <ele>407.7</ele>
      </trkpt>
      <trkpt lat="43.85183" lon="7.60626">
        <ele>407.1</ele>
      </trkpt>
      <trkpt lat="43.8517" lon="7.60612">
        <ele>409.6</ele>
      </trkpt>
      <trkpt lat="43.85159" lon="7.60604">
        <ele>411.7</ele>
      </trkpt>
      <trkpt lat="43.8515" lon="7.60602">
        <ele>412.8</ele>
      </trkpt>
      <trkpt lat="43.85134" lon="7.60604">
        <ele>413.3</ele>
      </trkpt>
      <trkpt lat="43.85122" lon="7.60611">
        <ele>412.0</ele>
      </trkpt>
      <trkpt lat="43.85112" lon="7.60626">
        <ele>408.2</ele>
      </trkpt>
      <trkpt lat="43.851" lon="7.60639">
        <ele>404.6</ele>
      </trkpt>
      <trkpt lat="43.85086" lon="7.60646">
        <ele>402.7</ele>
      </trkpt>
      <trkpt lat="43.85034" lon="7.607">
        <ele>395.7</ele>
      </trkpt>
      <trkpt lat="43.85009" lon="7.60735">
        <ele>392.4</ele>
      </trkpt>
      <trkpt lat="43.84992" lon="7.60765">
        <ele>386.2</ele>
      </trkpt>
      <trkpt lat="43.84977" lon="7.6078">
        <ele>382.2</ele>
      </trkpt>
      <trkpt lat="43.84961" lon="7.6077">
        <ele>387.1</ele>
      </trkpt>
      <trkpt lat="43.84956" lon="7.6077">
        <ele>387.5</ele>
      </trkpt>
      <trkpt lat="43.84953" lon="7.60772">
        <ele>387.1</ele>
      </trkpt>
      <trkpt lat="43.8495" lon="7.60778">
        <ele>385.3</ele>
      </trkpt>
      <trkpt lat="43.84952" lon="7.60798">
        <ele>378.5</ele>
      </trkpt>
      <trkpt lat="43.84958" lon="7.60817">
        <ele>371.5</ele>
      </trkpt>
      <trkpt lat="43.84965" lon="7.60823">
        <ele>368.7</ele>
      </trkpt>
      <trkpt lat="43.84976" lon="7.60826">
        <ele>366.4</ele>
      </trkpt>
      <trkpt lat="43.84986" lon="7.60824">
        <ele>366.0</ele>
      </trkpt>
      <trkpt lat="43.85012" lon="7.60809">
        <ele>367.5</ele>
      </trkpt>
      <trkpt lat="43.85036" lon="7.6079">
        <ele>369.0</ele>
      </trkpt>
      <trkpt lat="43.85036" lon="7.6079">
        <ele>369.0</ele>
      </trkpt>
      <trkpt lat="43.8505" lon="7.60784">
        <ele>367.8</ele>
      </trkpt>
      <trkpt lat="43.85076" lon="7.60782">
        <ele>362.6</ele>
      </trkpt>
      <trkpt lat="43.85087" lon="7.60785">
        <ele>360.6</ele>
      </trkpt>
      <trkpt lat="43.85093" lon="7.60789">
        <ele>360.3</ele>
      </trkpt>
      <trkpt lat="43.85114" lon="7.60825">
        <ele>353.7</ele>
      </trkpt>
      <trkpt lat="43.85125" lon="7.6085">
        <ele>348.3</ele>
      </trkpt>
      <trkpt lat="43.85156" lon="7.60878">
        <ele>343.9</ele>
      </trkpt>
      <trkpt lat="43.85159" lon="7.60884">
        <ele>342.5</ele>
      </trkpt>
      <trkpt lat="43.85157" lon="7.60892">
        <ele>340.0</ele>
      </trkpt>
      <trkpt lat="43.85151" lon="7.60895">
        <ele>338.5</ele>
      </trkpt>
      <trkpt lat="43.85108" lon="7.60887">
        <ele>336.0</ele>
      </trkpt>
      <trkpt lat="43.85106" lon="7.60891">
        <ele>334.6</ele>
      </trkpt>
      <trkpt lat="43.85105" lon="7.60898">
        <ele>332.5</ele>
      </trkpt>
      <trkpt lat="43.85109" lon="7.60904">
        <ele>331.3</ele>
      </trkpt>
      <trkpt lat="43.8513" lon="7.60907">
        <ele>332.8</ele>
      </trkpt>
      <trkpt lat="43.85151" lon="7.60917">
        <ele>332.2</ele>
      </trkpt>
      <trkpt lat="43.85158" lon="7.60919">
        <ele>332.5</ele>
      </trkpt>
      <trkpt lat="43.85161" lon="7.6092">
        <ele>332.6</ele>
      </trkpt>
      <trkpt lat="43.85162" lon="7.60925">
        <ele>331.5</ele>
      </trkpt>
      <trkpt lat="43.8516" lon="7.60929">
        <ele>330.3</ele>
      </trkpt>
      <trkpt lat="43.85157" lon="7.60931">
        <ele>329.5</ele>
      </trkpt>
      <trkpt lat="43.8512" lon="7.6093">
        <ele>325.7</ele>
      </trkpt>
      <trkpt lat="43.85111" lon="7.6093">
        <ele>324.7</ele>
      </trkpt>
      <trkpt lat="43.85106" lon="7.60932">
        <ele>323.6</ele>
      </trkpt>
      <trkpt lat="43.85103" lon="7.60937">
        <ele>322.1</ele>
      </trkpt>
      <trkpt lat="43.85095" lon="7.60938">
        <ele>320.9</ele>
      </trkpt>
      <trkpt lat="43.85086" lon="7.60934">
        <ele>320.9</ele>
      </trkpt>
      <trkpt lat="43.85076" lon="7.60926">
        <ele>323.1</ele>
      </trkpt>
      <trkpt lat="43.85067" lon="7.60924">
        <ele>324.1</ele>
      </trkpt>
      <trkpt lat="43.85063" lon="7.60927">
        <ele>323.6</ele>
      </trkpt>
      <trkpt lat="43.85055" lon="7.60954">
        <ele>317.0</ele>
      </trkpt>
      <trkpt lat="43.85049" lon="7.60963">
        <ele>314.9</ele>
      </trkpt>
      <trkpt lat="43.85045" lon="7.60964">
        <ele>314.8</ele>
      </trkpt>
      <trkpt lat="43.85042" lon="7.60961">
        <ele>315.8</ele>
      </trkpt>
      <trkpt lat="43.85039" lon="7.60954">
        <ele>317.8</ele>
      </trkpt>
      <trkpt lat="43.85035" lon="7.60939">
        <ele>322.0</ele>
      </trkpt>
      <trkpt lat="43.8503" lon="7.60936">
        <ele>323.0</ele>
      </trkpt>
      <trkpt lat="43.85017" lon="7.60944">
        <ele>321.6</ele>
      </trkpt>
      <trkpt lat="43.85009" lon="7.60954">
        <ele>319.2</ele>
      </trkpt>
      <trkpt lat="43.85" lon="7.60959">
        <ele>318.3</ele>
      </trkpt>
      <trkpt lat="43.84986" lon="7.6096">
        <ele>321.3</ele>
      </trkpt>
      <trkpt lat="43.8497" lon="7.60965">
        <ele>323.9</ele>
      </trkpt>
      <trkpt lat="43.84944" lon="7.6099">
        <ele>324.6</ele>
      </trkpt>
      <trkpt lat="43.84941" lon="7.61">
        <ele>323.3</ele>
      </trkpt>
      <trkpt lat="43.84938" lon="7.61021">
        <ele>317.2</ele>
      </trkpt>
      <trkpt lat="43.84932" lon="7.61041">
        <ele>312.5</ele>
      </trkpt>
      <trkpt lat="43.84932" lon="7.61047">
        <ele>310.6</ele>
      </trkpt>
      <trkpt lat="43.84934" lon="7.61053">
        <ele>308.0</ele>
      </trkpt>
      <trkpt lat="43.84937" lon="7.6105">
        <ele>308.0</ele>
      </trkpt>
      <trkpt lat="43.84953" lon="7.61024">
        <ele>311.8</ele>
      </trkpt>
      <trkpt lat="43.84968" lon="7.61011">
        <ele>312.0</ele>
      </trkpt>
      <trkpt lat="43.84975" lon="7.61007">
        <ele>311.4</ele>
      </trkpt>
      <trkpt lat="43.85007" lon="7.61001">
        <ele>306.4</ele>
      </trkpt>
      <trkpt lat="43.85014" lon="7.61006">
        <ele>304.3</ele>
      </trkpt>
      <trkpt lat="43.8502" lon="7.61014">
        <ele>301.3</ele>
      </trkpt>
      <trkpt lat="43.85026" lon="7.61018">
        <ele>299.7</ele>
      </trkpt>
      <trkpt lat="43.85065" lon="7.61019">
        <ele>298.5</ele>
      </trkpt>
      <trkpt lat="43.85068" lon="7.61023">
        <ele>297.1</ele>
      </trkpt>
      <trkpt lat="43.85067" lon="7.61029">
        <ele>295.2</ele>
      </trkpt>
      <trkpt lat="43.85058" lon="7.61036">
        <ele>293.0</ele>
      </trkpt>
      <trkpt lat="43.85049" lon="7.61049">
        <ele>288.7</ele>
      </trkpt>
      <trkpt lat="43.85048" lon="7.61055">
        <ele>286.7</ele>
      </trkpt>
      <trkpt lat="43.85047" lon="7.61065">
        <ele>283.3</ele>
      </trkpt>
      <trkpt lat="43.85051" lon="7.61081">
        <ele>278.0</ele>
      </trkpt>
      <trkpt lat="43.85051" lon="7.61081">
        <ele>278.0</ele>
      </trkpt>
      <trkpt lat="43.85051" lon="7.61098">
        <ele>273.6</ele>
      </trkpt>
      <trkpt lat="43.85054" lon="7.61105">
        <ele>272.0</ele>
      </trkpt>
      <trkpt lat="43.85059" lon="7.61106">
        <ele>271.9</ele>
      </trkpt>
      <trkpt lat="43.85075" lon="7.61101">
        <ele>273.5</ele>
      </trkpt>
      <trkpt lat="43.85094" lon="7.61091">
        <ele>277.2</ele>
      </trkpt>
      <trkpt lat="43.85107" lon="7.61096">
        <ele>277.2</ele>
      </trkpt>
      <trkpt lat="43.85109" lon="7.61099">
        <ele>276.7</ele>
      </trkpt>
      <trkpt lat="43.85106" lon="7.61112">
        <ele>273.3</ele>
      </trkpt>
      <trkpt lat="43.85099" lon="7.61133">
        <ele>267.6</ele>
      </trkpt>
      <trkpt lat="43.85099" lon="7.61166">
        <ele>259.7</ele>
      </trkpt>
      <trkpt lat="43.85105" lon="7.61167">
        <ele>260.0</ele>
      </trkpt>
      <trkpt lat="43.85125" lon="7.61181">
        <ele>258.5</ele>
      </trkpt>
      <trkpt lat="43.8516" lon="7.61209">
        <ele>256.4</ele>
      </trkpt>
      <trkpt lat="43.85167" lon="7.61212">
        <ele>256.8</ele>
      </trkpt>
      <trkpt lat="43.85185" lon="7.6121">
        <ele>261.6</ele>
      </trkpt>
      <trkpt lat="43.85192" lon="7.61213">
        <ele>262.9</ele>
      </trkpt>
      <trkpt lat="43.85196" lon="7.61219">
        <ele>263.2</ele>
      </trkpt>
      <trkpt lat="43.85196" lon="7.61231">
        <ele>261.6</ele>
      </trkpt>
      <trkpt lat="43.8519" lon="7.61257">
        <ele>256.5</ele>
      </trkpt>
      <trkpt lat="43.8519" lon="7.6128">
        <ele>254.4</ele>
      </trkpt>
      <trkpt lat="43.85195" lon="7.61338">
        <ele>251.3</ele>
      </trkpt>
      <trkpt lat="43.85196" lon="7.61366">
        <ele>250.1</ele>
      </trkpt>
      <trkpt lat="43.852" lon="7.61385">
        <ele>250.6</ele>
      </trkpt>
      <trkpt lat="43.8521" lon="7.61412">
        <ele>252.9</ele>
      </trkpt>
      <trkpt lat="43.8521" lon="7.61412">
        <ele>252.9</ele>
      </trkpt>
      <trkpt lat="43.85256" lon="7.61513">
        <ele>258.2</ele>
      </trkpt>
      <trkpt lat="43.85299" lon="7.61568">
        <ele>259.8</ele>
      </trkpt>
      <trkpt lat="43.85306" lon="7.61574">
        <ele>260.0</ele>
      </trkpt>
      <trkpt lat="43.85318" lon="7.61581">
        <ele>260.7</ele>
      </trkpt>
      <trkpt lat="43.8535" lon="7.61587">
        <ele>264.4</ele>
      </trkpt>
      <trkpt lat="43.85387" lon="7.61586">
        <ele>270.0</ele>
      </trkpt>
      <trkpt lat="43.85399" lon="7.6159">
        <ele>270.7</ele>
      </trkpt>
      <trkpt lat="43.85411" lon="7.61598">
        <ele>270.3</ele>
      </trkpt>
      <trkpt lat="43.85419" lon="7.61607">
        <ele>268.6</ele>
      </trkpt>
      <trkpt lat="43.85425" lon="7.61612">
        <ele>266.7</ele>
      </trkpt>
      <trkpt lat="43.85432" lon="7.61614">
        <ele>265.6</ele>
      </trkpt>
      <trkpt lat="43.85439" lon="7.61615">
        <ele>264.7</ele>
      </trkpt>
      <trkpt lat="43.85456" lon="7.61607">
        <ele>265.6</ele>
      </trkpt>
      <trkpt lat="43.85477" lon="7.61594">
        <ele>268.0</ele>
      </trkpt>
      <trkpt lat="43.85494" lon="7.61578">
        <ele>272.4</ele>
      </trkpt>
      <trkpt lat="43.85507" lon="7.61563">
        <ele>276.2</ele>
      </trkpt>
      <trkpt lat="43.85517" lon="7.61557">
        <ele>276.3</ele>
      </trkpt>
      <trkpt lat="43.85552" lon="7.61554">
        <ele>269.6</ele>
      </trkpt>
      <trkpt lat="43.85569" lon="7.61547">
        <ele>268.6</ele>
      </trkpt>
      <trkpt lat="43.85596" lon="7.61539">
        <ele>267.3</ele>
      </trkpt>
      <trkpt lat="43.85619" lon="7.61534">
        <ele>266.6</ele>
      </trkpt>
      <trkpt lat="43.85637" lon="7.61534">
        <ele>264.6</ele>
      </trkpt>
      <trkpt lat="43.85644" lon="7.61536">
        <ele>263.3</ele>
      </trkpt>
      <trkpt lat="43.8565" lon="7.61543">
        <ele>261.2</ele>
      </trkpt>
      <trkpt lat="43.85654" lon="7.61556">
        <ele>258.2</ele>
      </trkpt>
      <trkpt lat="43.85654" lon="7.61564">
        <ele>256.6</ele>
      </trkpt>
      <trkpt lat="43.8566" lon="7.61587">
        <ele>252.1</ele>
      </trkpt>
      <trkpt lat="43.85664" lon="7.61598">
        <ele>250.1</ele>
      </trkpt>
      <trkpt lat="43.85672" lon="7.61609">
        <ele>248.6</ele>
      </trkpt>
      <trkpt lat="43.85689" lon="7.61618">
        <ele>248.5</ele>
      </trkpt>
      <trkpt lat="43.85703" lon="7.6162">
        <ele>249.4</ele>
      </trkpt>
      <trkpt lat="43.8572" lon="7.61628">
        <ele>249.1</ele>
      </trkpt>
      <trkpt lat="43.85734" lon="7.61632">
        <ele>249.4</ele>
      </trkpt>
      <trkpt lat="43.85743" lon="7.61641">
        <ele>247.9</ele>
      </trkpt>
      <trkpt lat="43.85744" lon="7.61651">
        <ele>245.5</ele>
      </trkpt>
      <trkpt lat="43.85743" lon="7.61661">
        <ele>243.0</ele>
      </trkpt>
      <trkpt lat="43.85745" lon="7.6167">
        <ele>240.6</ele>
      </trkpt>
      <trkpt lat="43.85751" lon="7.61676">
        <ele>239.0</ele>
      </trkpt>
      <trkpt lat="43.85759" lon="7.61674">
        <ele>240.3</ele>
      </trkpt>
      <trkpt lat="43.85772" lon="7.61666">
        <ele>243.8</ele>
      </trkpt>
      <trkpt lat="43.85785" lon="7.61665">
        <ele>245.0</ele>
      </trkpt>
      <trkpt lat="43.85801" lon="7.61669">
        <ele>244.9</ele>
      </trkpt>
      <trkpt lat="43.85816" lon="7.61671">
        <ele>245.3</ele>
      </trkpt>
      <trkpt lat="43.85828" lon="7.61669">
        <ele>246.9</ele>
      </trkpt>
      <trkpt lat="43.85839" lon="7.61665">
        <ele>249.2</ele>
      </trkpt>
      <trkpt lat="43.85861" lon="7.61692">
        <ele>242.9</ele>
      </trkpt>
      <trkpt lat="43.85879" lon="7.61704">
        <ele>240.9</ele>
      </trkpt>
      <trkpt lat="43.85915" lon="7.61718">
        <ele>240.0</ele>
      </trkpt>
      <trkpt lat="43.85931" lon="7.61731">
        <ele>233.5</ele>
      </trkpt>
      <trkpt lat="43.85945" lon="7.61737">
        <ele>229.6</ele>
      </trkpt>
      <trkpt lat="43.85966" lon="7.6174">
        <ele>225.8</ele>
      </trkpt>
      <trkpt lat="43.85971" lon="7.61743">
        <ele>224.4</ele>
      </trkpt>
      <trkpt lat="43.85982" lon="7.61743">
        <ele>222.9</ele>
      </trkpt>
      <trkpt lat="43.85994" lon="7.61739">
        <ele>222.3</ele>
      </trkpt>
      <trkpt lat="43.85995" lon="7.61746">
        <ele>220.5</ele>
      </trkpt>
      <trkpt lat="43.85987" lon="7.61752">
        <ele>220.0</ele>
      </trkpt>
      <trkpt lat="43.85973" lon="7.61756">
        <ele>220.5</ele>
      </trkpt>
      <trkpt lat="43.85955" lon="7.61764">
        <ele>220.1</ele>
      </trkpt>
      <trkpt lat="43.8592" lon="7.61765">
        <ele>223.4</ele>
      </trkpt>
      <trkpt lat="43.85893" lon="7.61764">
        <ele>221.9</ele>
      </trkpt>
      <trkpt lat="43.85883" lon="7.61765">
        <ele>220.6</ele>
      </trkpt>
      <trkpt lat="43.85875" lon="7.61774">
        <ele>216.8</ele>
      </trkpt>
      <trkpt lat="43.85879" lon="7.61786">
        <ele>213.0</ele>
      </trkpt>
      <trkpt lat="43.8589" lon="7.61797">
        <ele>210.3</ele>
      </trkpt>
      <trkpt lat="43.85909" lon="7.6181">
        <ele>207.4</ele>
      </trkpt>
      <trkpt lat="43.85924" lon="7.61815">
        <ele>206.0</ele>
      </trkpt>
      <trkpt lat="43.85941" lon="7.61815">
        <ele>205.1</ele>
      </trkpt>
      <trkpt lat="43.8599" lon="7.61833">
        <ele>197.4</ele>
      </trkpt>
      <trkpt lat="43.8599" lon="7.61833">
        <ele>197.4</ele>
      </trkpt>
      <trkpt lat="43.86008" lon="7.61838">
        <ele>191.5</ele>
      </trkpt>
      <trkpt lat="43.86019" lon="7.61837">
        <ele>186.7</ele>
      </trkpt>
      <trkpt lat="43.86027" lon="7.61828">
        <ele>185.3</ele>
      </trkpt>
      <trkpt lat="43.86033" lon="7.61816">
        <ele>185.3</ele>
      </trkpt>
      <trkpt lat="43.8605" lon="7.61789">
        <ele>183.1</ele>
      </trkpt>
      <trkpt lat="43.8606" lon="7.61768">
        <ele>182.6</ele>
      </trkpt>
      <trkpt lat="43.86067" lon="7.61766">
        <ele>179.4</ele>
      </trkpt>
      <trkpt lat="43.86064" lon="7.61777">
        <ele>178.5</ele>
      </trkpt>
      <trkpt lat="43.86059" lon="7.61792">
        <ele>177.8</ele>
      </trkpt>
      <trkpt lat="43.86051" lon="7.61818">
        <ele>176.0</ele>
      </trkpt>
      <trkpt lat="43.86048" lon="7.61837">
        <ele>173.0</ele>
      </trkpt>
      <trkpt lat="43.86044" lon="7.61885">
        <ele>161.9</ele>
      </trkpt>
      <trkpt lat="43.86048" lon="7.61888">
        <ele>159.6</ele>
      </trkpt>
      <trkpt lat="43.86053" lon="7.61885">
        <ele>158.5</ele>
      </trkpt>
      <trkpt lat="43.86059" lon="7.61871">
        <ele>159.6</ele>
      </trkpt>
      <trkpt lat="43.8606" lon="7.61853">
        <ele>163.5</ele>
      </trkpt>
      <trkpt lat="43.86066" lon="7.61837">
        <ele>164.5</ele>
      </trkpt>
      <trkpt lat="43.86075" lon="7.61825">
        <ele>162.7</ele>
      </trkpt>
      <trkpt lat="43.86084" lon="7.61805">
        <ele>162.4</ele>
      </trkpt>
      <trkpt lat="43.86096" lon="7.61788">
        <ele>160.0</ele>
      </trkpt>
      <trkpt lat="43.861" lon="7.61769">
        <ele>162.1</ele>
      </trkpt>
      <trkpt lat="43.86107" lon="7.61752">
        <ele>162.5</ele>
      </trkpt>
      <trkpt lat="43.86122" lon="7.61731">
        <ele>161.3</ele>
      </trkpt>
      <trkpt lat="43.86133" lon="7.61719">
        <ele>159.8</ele>
      </trkpt>
      <trkpt lat="43.86165" lon="7.61678">
        <ele>158.2</ele>
      </trkpt>
      <trkpt lat="43.8619" lon="7.61661">
        <ele>157.9</ele>
      </trkpt>
      <trkpt lat="43.86214" lon="7.61659">
        <ele>153.1</ele>
      </trkpt>
      <trkpt lat="43.86242" lon="7.61653">
        <ele>148.3</ele>
      </trkpt>
      <trkpt lat="43.86261" lon="7.61651">
        <ele>144.7</ele>
      </trkpt>
      <trkpt lat="43.8627" lon="7.61639">
        <ele>145.7</ele>
      </trkpt>
      <trkpt lat="43.86277" lon="7.61623">
        <ele>148.0</ele>
      </trkpt>
      <trkpt lat="43.86274" lon="7.61604">
        <ele>153.1</ele>
      </trkpt>
      <trkpt lat="43.86273" lon="7.61584">
        <ele>158.0</ele>
      </trkpt>
      <trkpt lat="43.86276" lon="7.61546">
        <ele>164.0</ele>
      </trkpt>
      <trkpt lat="43.8628" lon="7.61528">
        <ele>166.3</ele>
      </trkpt>
      <trkpt lat="43.86291" lon="7.61527">
        <ele>164.1</ele>
      </trkpt>
      <trkpt lat="43.86298" lon="7.61536">
        <ele>160.9</ele>
      </trkpt>
      <trkpt lat="43.86306" lon="7.61568">
        <ele>152.9</ele>
      </trkpt>
      <trkpt lat="43.86313" lon="7.61581">
        <ele>148.6</ele>
      </trkpt>
      <trkpt lat="43.86324" lon="7.61585">
        <ele>145.0</ele>
      </trkpt>
      <trkpt lat="43.86352" lon="7.61587">
        <ele>139.7</ele>
      </trkpt>
      <trkpt lat="43.86365" lon="7.61584">
        <ele>138.7</ele>
      </trkpt>
      <trkpt lat="43.86383" lon="7.61573">
        <ele>139.5</ele>
      </trkpt>
      <trkpt lat="43.86398" lon="7.61568">
        <ele>139.3</ele>
      </trkpt>
      <trkpt lat="43.86414" lon="7.61565">
        <ele>138.6</ele>
      </trkpt>
      <trkpt lat="43.8642" lon="7.61561">
        <ele>139.3</ele>
      </trkpt>
      <trkpt lat="43.8642" lon="7.61561">
        <ele>139.3</ele>
      </trkpt>
      <trkpt lat="43.86441" lon="7.61547">
        <ele>141.7</ele>
      </trkpt>
      <trkpt lat="43.86482" lon="7.61543">
        <ele>138.5</ele>
      </trkpt>
      <trkpt lat="43.8652" lon="7.61547">
        <ele>132.8</ele>
      </trkpt>
      <trkpt lat="43.86532" lon="7.61538">
        <ele>135.8</ele>
      </trkpt>
      <trkpt lat="43.86546" lon="7.61535">
        <ele>135.8</ele>
      </trkpt>
      <trkpt lat="43.86559" lon="7.61547">
        <ele>129.3</ele>
      </trkpt>
      <trkpt lat="43.86569" lon="7.61553">
        <ele>125.7</ele>
      </trkpt>
      <trkpt lat="43.86592" lon="7.61556">
        <ele>122.4</ele>
      </trkpt>
      <trkpt lat="43.86609" lon="7.61564">
        <ele>117.7</ele>
      </trkpt>
      <trkpt lat="43.86625" lon="7.61571">
        <ele>113.8</ele>
      </trkpt>
      <trkpt lat="43.8664" lon="7.61562">
        <ele>116.2</ele>
      </trkpt>
      <trkpt lat="43.86658" lon="7.61556">
        <ele>116.9</ele>
      </trkpt>
      <trkpt lat="43.86692" lon="7.61556">
        <ele>114.2</ele>
      </trkpt>
      <trkpt lat="43.86706" lon="7.61555">
        <ele>113.3</ele>
      </trkpt>
      <trkpt lat="43.86733" lon="7.61546">
        <ele>113.0</ele>
      </trkpt>
      <trkpt lat="43.8673" lon="7.6155">
        <ele>112.4</ele>
      </trkpt>
      <trkpt lat="43.86715" lon="7.61565">
        <ele>110.2</ele>
      </trkpt>
      <trkpt lat="43.86706" lon="7.61571">
        <ele>109.2</ele>
      </trkpt>
      <trkpt lat="43.86693" lon="7.61575">
        <ele>108.7</ele>
      </trkpt>
      <trkpt lat="43.86641" lon="7.61586">
        <ele>108.1</ele>
      </trkpt>
      <trkpt lat="43.86589" lon="7.61598">
        <ele>109.9</ele>
      </trkpt>
      <trkpt lat="43.8654" lon="7.6161">
        <ele>110.2</ele>
      </trkpt>
      <trkpt lat="43.8649" lon="7.61622">
        <ele>109.3</ele>
      </trkpt>
      <trkpt lat="43.86475" lon="7.61628">
        <ele>109.9</ele>
      </trkpt>
      <trkpt lat="43.86453" lon="7.61645">
        <ele>108.4</ele>
      </trkpt>
      <trkpt lat="43.86403" lon="7.61691">
        <ele>106.4</ele>
      </trkpt>
      <trkpt lat="43.86392" lon="7.61708">
        <ele>106.2</ele>
      </trkpt>
      <trkpt lat="43.86387" lon="7.61722">
        <ele>105.0</ele>
      </trkpt>
      <trkpt lat="43.86387" lon="7.61722">
        <ele>105.0</ele>
      </trkpt>
      <trkpt lat="43.86372" lon="7.61765">
        <ele>102.2</ele>
      </trkpt>
      <trkpt lat="43.86344" lon="7.61849">
        <ele>93.9</ele>
      </trkpt>
      <trkpt lat="43.86329" lon="7.61879">
        <ele>90.1</ele>
      </trkpt>
      <trkpt lat="43.86323" lon="7.61887">
        <ele>89.2</ele>
      </trkpt>
      <trkpt lat="43.86315" lon="7.61895">
        <ele>88.1</ele>
      </trkpt>
      <trkpt lat="43.86308" lon="7.61899">
        <ele>87.5</ele>
      </trkpt>
      <trkpt lat="43.86279" lon="7.619">
        <ele>86.8</ele>
      </trkpt>
      <trkpt lat="43.86274" lon="7.61903">
        <ele>86.6</ele>
      </trkpt>
      <trkpt lat="43.86262" lon="7.61916">
        <ele>86.3</ele>
      </trkpt>
      <trkpt lat="43.86231" lon="7.61951">
        <ele>85.6</ele>
      </trkpt>
      <trkpt lat="43.86224" lon="7.61959">
        <ele>85.4</ele>
      </trkpt>
      <trkpt lat="43.86214" lon="7.61979">
        <ele>85.1</ele>
      </trkpt>
      <trkpt lat="43.86212" lon="7.62007">
        <ele>85.0</ele>
      </trkpt>
      <trkpt lat="43.86212" lon="7.62111">
        <ele>84.9</ele>
      </trkpt>
      <trkpt lat="43.8621" lon="7.62161">
        <ele>81.5</ele>
      </trkpt>
      <trkpt lat="43.86206" lon="7.62205">
        <ele>76.7</ele>
      </trkpt>
      <trkpt lat="43.86217" lon="7.62231">
        <ele>74.7</ele>
      </trkpt>
      <trkpt lat="43.86221" lon="7.62238">
        <ele>74.3</ele>
      </trkpt>
      <trkpt lat="43.86225" lon="7.62245">
        <ele>73.8</ele>
      </trkpt>
      <trkpt lat="43.86236" lon="7.62254">
        <ele>74.1</ele>
      </trkpt>
      <trkpt lat="43.86269" lon="7.62274">
        <ele>76.6</ele>
      </trkpt>
      <trkpt lat="43.86282" lon="7.6228">
        <ele>77.2</ele>
      </trkpt>
      <trkpt lat="43.86295" lon="7.62283">
        <ele>77.6</ele>
      </trkpt>
      <trkpt lat="43.86315" lon="7.62286">
        <ele>78.2</ele>
      </trkpt>
      <trkpt lat="43.86336" lon="7.62283">
        <ele>78.8</ele>
      </trkpt>
      <trkpt lat="43.86363" lon="7.62275">
        <ele>78.8</ele>
      </trkpt>
      <trkpt lat="43.86389" lon="7.62269">
        <ele>79.3</ele>
      </trkpt>
      <trkpt lat="43.86401" lon="7.62268">
        <ele>79.4</ele>
      </trkpt>
      <trkpt lat="43.86411" lon="7.62269">
        <ele>79.3</ele>
      </trkpt>
      <trkpt lat="43.86425" lon="7.62272">
        <ele>80.1</ele>
      </trkpt>
      <trkpt lat="43.86437" lon="7.62277">
        <ele>81.0</ele>
      </trkpt>
      <trkpt lat="43.86455" lon="7.62294">
        <ele>80.1</ele>
      </trkpt>
      <trkpt lat="43.86472" lon="7.62316">
        <ele>77.2</ele>
      </trkpt>
      <trkpt lat="43.86516" lon="7.62365">
        <ele>82.5</ele>
      </trkpt>
      <trkpt lat="43.86559" lon="7.62413">
        <ele>83.3</ele>
      </trkpt>
      <trkpt lat="43.8659" lon="7.62446">
        <ele>88.0</ele>
      </trkpt>
      <trkpt lat="43.86607" lon="7.6246">
        <ele>90.9</ele>
      </trkpt>
      <trkpt lat="43.86625" lon="7.62472">
        <ele>91.3</ele>
      </trkpt>
      <trkpt lat="43.86687" lon="7.62499">
        <ele>84.7</ele>
      </trkpt>
      <trkpt lat="43.8675" lon="7.62527">
        <ele>91.2</ele>
      </trkpt>
      <trkpt lat="43.86765" lon="7.6253">
        <ele>91.5</ele>
      </trkpt>
      <trkpt lat="43.86781" lon="7.62532">
        <ele>91.4</ele>
      </trkpt>
      <trkpt lat="43.8686" lon="7.62535">
        <ele>89.4</ele>
      </trkpt>
      <trkpt lat="43.86915" lon="7.62539">
        <ele>87.3</ele>
      </trkpt>
      <trkpt lat="43.8697" lon="7.62539">
        <ele>87.7</ele>
      </trkpt>
      <trkpt lat="43.8701" lon="7.62535">
        <ele>90.5</ele>
      </trkpt>
      <trkpt lat="43.87041" lon="7.62537">
        <ele>95.1</ele>
      </trkpt>
      <trkpt lat="43.87061" lon="7.62541">
        <ele>96.9</ele>
      </trkpt>
      <trkpt lat="43.87081" lon="7.62546">
        <ele>97.9</ele>
      </trkpt>
      <trkpt lat="43.87096" lon="7.62553">
        <ele>102.2</ele>
      </trkpt>
      <trkpt lat="43.87111" lon="7.62567">
        <ele>104.6</ele>
      </trkpt>
      <trkpt lat="43.87125" lon="7.62592">
        <ele>104.1</ele>
      </trkpt>
      <trkpt lat="43.87132" lon="7.62609">
        <ele>104.3</ele>
      </trkpt>
      <trkpt lat="43.87136" lon="7.62624">
        <ele>102.9</ele>
      </trkpt>
      <trkpt lat="43.87143" lon="7.62709">
        <ele>92.5</ele>
      </trkpt>
      <trkpt lat="43.87149" lon="7.62795">
        <ele>90.6</ele>
      </trkpt>
      <trkpt lat="43.87155" lon="7.62837">
        <ele>89.9</ele>
      </trkpt>
      <trkpt lat="43.8716" lon="7.62859">
        <ele>89.5</ele>
      </trkpt>
      <trkpt lat="43.87165" lon="7.62879">
        <ele>88.4</ele>
      </trkpt>
      <trkpt lat="43.87172" lon="7.62897">
        <ele>88.5</ele>
      </trkpt>
      <trkpt lat="43.8718" lon="7.62914">
        <ele>89.1</ele>
      </trkpt>
      <trkpt lat="43.87189" lon="7.62929">
        <ele>91.2</ele>
      </trkpt>
      <trkpt lat="43.87198" lon="7.62941">
        <ele>92.4</ele>
      </trkpt>
      <trkpt lat="43.87216" lon="7.62956">
        <ele>92.1</ele>
      </trkpt>
      <trkpt lat="43.87229" lon="7.62963">
        <ele>90.7</ele>
      </trkpt>
      <trkpt lat="43.87243" lon="7.62966">
        <ele>88.7</ele>
      </trkpt>
      <trkpt lat="43.87258" lon="7.62968">
        <ele>87.9</ele>
      </trkpt>
      <trkpt lat="43.87274" lon="7.62966">
        <ele>88.8</ele>
      </trkpt>
      <trkpt lat="43.87348" lon="7.62934">
        <ele>100.9</ele>
      </trkpt>
      <trkpt lat="43.8737" lon="7.62935">
        <ele>106.4</ele>
      </trkpt>
      <trkpt lat="43.87379" lon="7.62941">
        <ele>107.3</ele>
      </trkpt>
      <trkpt lat="43.87387" lon="7.62948">
        <ele>107.5</ele>
      </trkpt>
      <trkpt lat="43.87393" lon="7.62957">
        <ele>106.6</ele>
      </trkpt>
      <trkpt lat="43.87439" lon="7.63056">
        <ele>99.2</ele>
      </trkpt>
      <trkpt lat="43.87447" lon="7.63079">
        <ele>98.5</ele>
      </trkpt>
      <trkpt lat="43.87458" lon="7.6313">
        <ele>99.2</ele>
      </trkpt>
      <trkpt lat="43.87462" lon="7.63164">
        <ele>98.4</ele>
      </trkpt>
      <trkpt lat="43.87466" lon="7.63236">
        <ele>97.3</ele>
      </trkpt>
      <trkpt lat="43.8747" lon="7.63309">
        <ele>99.4</ele>
      </trkpt>
      <trkpt lat="43.87473" lon="7.63351">
        <ele>100.5</ele>
      </trkpt>
      <trkpt lat="43.87479" lon="7.63383">
        <ele>99.9</ele>
      </trkpt>
      <trkpt lat="43.87491" lon="7.63412">
        <ele>97.2</ele>
      </trkpt>
      <trkpt lat="43.87501" lon="7.6343">
        <ele>95.8</ele>
      </trkpt>
      <trkpt lat="43.87514" lon="7.63447">
        <ele>97.6</ele>
      </trkpt>
      <trkpt lat="43.87569" lon="7.63498">
        <ele>95.9</ele>
      </trkpt>
      <trkpt lat="43.87621" lon="7.63551">
        <ele>99.9</ele>
      </trkpt>
      <trkpt lat="43.87683" lon="7.63616">
        <ele>101.6</ele>
      </trkpt>
      <trkpt lat="43.87706" lon="7.63641">
        <ele>104.0</ele>
      </trkpt>
      <trkpt lat="43.87706" lon="7.63641">
        <ele>104.0</ele>
      </trkpt>
      <trkpt lat="43.87762" lon="7.63705">
        <ele>107.1</ele>
      </trkpt>
      <trkpt lat="43.87818" lon="7.63769">
        <ele>107.4</ele>
      </trkpt>
      <trkpt lat="43.87866" lon="7.6383">
        <ele>101.9</ele>
      </trkpt>
      <trkpt lat="43.87904" lon="7.63876">
        <ele>104.7</ele>
      </trkpt>
      <trkpt lat="43.87913" lon="7.63883">
        <ele>105.1</ele>
      </trkpt>
      <trkpt lat="43.87922" lon="7.63887">
        <ele>105.2</ele>
      </trkpt>
      <trkpt lat="43.87929" lon="7.6389">
        <ele>105.1</ele>
      </trkpt>
      <trkpt lat="43.87952" lon="7.63896">
        <ele>104.8</ele>
      </trkpt>
      <trkpt lat="43.88005" lon="7.63906">
        <ele>104.0</ele>
      </trkpt>
      <trkpt lat="43.88059" lon="7.63916">
        <ele>105.7</ele>
      </trkpt>
      <trkpt lat="43.88075" lon="7.63923">
        <ele>106.3</ele>
      </trkpt>
      <trkpt lat="43.88116" lon="7.63953">
        <ele>107.5</ele>
      </trkpt>
      <trkpt lat="43.88164" lon="7.63987">
        <ele>105.7</ele>
      </trkpt>
      <trkpt lat="43.88184" lon="7.64003">
        <ele>105.7</ele>
      </trkpt>
      <trkpt lat="43.88204" lon="7.64013">
        <ele>107.6</ele>
      </trkpt>
      <trkpt lat="43.88226" lon="7.64019">
        <ele>108.7</ele>
      </trkpt>
      <trkpt lat="43.88247" lon="7.64024">
        <ele>109.2</ele>
      </trkpt>
      <trkpt lat="43.88291" lon="7.64032">
        <ele>112.1</ele>
      </trkpt>
      <trkpt lat="43.88341" lon="7.64061">
        <ele>113.4</ele>
      </trkpt>
      <trkpt lat="43.88354" lon="7.64067">
        <ele>112.6</ele>
      </trkpt>
      <trkpt lat="43.88367" lon="7.64071">
        <ele>111.9</ele>
      </trkpt>
      <trkpt lat="43.88378" lon="7.64071">
        <ele>111.5</ele>
      </trkpt>
      <trkpt lat="43.88388" lon="7.64069">
        <ele>111.4</ele>
      </trkpt>
      <trkpt lat="43.88429" lon="7.64054">
        <ele>112.4</ele>
      </trkpt>
      <trkpt lat="43.88444" lon="7.64044">
        <ele>113.6</ele>
      </trkpt>
      <trkpt lat="43.88465" lon="7.64025">
        <ele>115.4</ele>
      </trkpt>
      <trkpt lat="43.88472" lon="7.6402">
        <ele>115.8</ele>
      </trkpt>
      <trkpt lat="43.88487" lon="7.64014">
        <ele>116.2</ele>
      </trkpt>
      <trkpt lat="43.8851" lon="7.6401">
        <ele>117.2</ele>
      </trkpt>
      <trkpt lat="43.88524" lon="7.64009">
        <ele>118.5</ele>
      </trkpt>
      <trkpt lat="43.88537" lon="7.6401">
        <ele>119.5</ele>
      </trkpt>
      <trkpt lat="43.88549" lon="7.64013">
        <ele>120.2</ele>
      </trkpt>
      <trkpt lat="43.8861" lon="7.64047">
        <ele>119.3</ele>
      </trkpt>
      <trkpt lat="43.88656" lon="7.64091">
        <ele>118.5</ele>
      </trkpt>
      <trkpt lat="43.88702" lon="7.64136">
        <ele>121.1</ele>
      </trkpt>
      <trkpt lat="43.8872" lon="7.64153">
        <ele>120.5</ele>
      </trkpt>
      <trkpt lat="43.88746" lon="7.6417">
        <ele>119.4</ele>
      </trkpt>
      <trkpt lat="43.88819" lon="7.64212">
        <ele>123.1</ele>
      </trkpt>
      <trkpt lat="43.88827" lon="7.64219">
        <ele>122.9</ele>
      </trkpt>
      <trkpt lat="43.88834" lon="7.64228">
        <ele>122.5</ele>
      </trkpt>
      <trkpt lat="43.8884" lon="7.6424">
        <ele>122.9</ele>
      </trkpt>
      <trkpt lat="43.88844" lon="7.64253">
        <ele>123.0</ele>
      </trkpt>
      <trkpt lat="43.88855" lon="7.64292">
        <ele>123.5</ele>
      </trkpt>
      <trkpt lat="43.88865" lon="7.64311">
        <ele>123.5</ele>
      </trkpt>
      <trkpt lat="43.88878" lon="7.64324">
        <ele>123.4</ele>
      </trkpt>
      <trkpt lat="43.88909" lon="7.64351">
        <ele>123.2</ele>
      </trkpt>
      <trkpt lat="43.8892" lon="7.64358">
        <ele>123.0</ele>
      </trkpt>
      <trkpt lat="43.8894" lon="7.6437">
        <ele>123.7</ele>
      </trkpt>
      <trkpt lat="43.88954" lon="7.64376">
        <ele>124.2</ele>
      </trkpt>
      <trkpt lat="43.88999" lon="7.64385">
        <ele>126.5</ele>
      </trkpt>
      <trkpt lat="43.89004" lon="7.64391">
        <ele>126.9</ele>
      </trkpt>
      <trkpt lat="43.89009" lon="7.64402">
        <ele>127.4</ele>
      </trkpt>
      <trkpt lat="43.89011" lon="7.64408">
        <ele>127.6</ele>
      </trkpt>
      <trkpt lat="43.89005" lon="7.64432">
        <ele>128.6</ele>
      </trkpt>
      <trkpt lat="43.88999" lon="7.64454">
        <ele>129.5</ele>
      </trkpt>
      <trkpt lat="43.88999" lon="7.64462">
        <ele>129.8</ele>
      </trkpt>
      <trkpt lat="43.89" lon="7.64469">
        <ele>130.0</ele>
      </trkpt>
      <trkpt lat="43.89003" lon="7.64476">
        <ele>130.3</ele>
      </trkpt>
      <trkpt lat="43.89008" lon="7.6448">
        <ele>130.7</ele>
      </trkpt>
      <trkpt lat="43.89068" lon="7.64498">
        <ele>125.8</ele>
      </trkpt>
      <trkpt lat="43.89128" lon="7.64515">
        <ele>128.4</ele>
      </trkpt>
      <trkpt lat="43.89168" lon="7.64535">
        <ele>129.6</ele>
      </trkpt>
      <trkpt lat="43.89197" lon="7.64556">
        <ele>131.8</ele>
      </trkpt>
      <trkpt lat="43.89226" lon="7.64584">
        <ele>131.9</ele>
      </trkpt>
      <trkpt lat="43.89237" lon="7.64597">
        <ele>133.8</ele>
      </trkpt>
      <trkpt lat="43.89259" lon="7.64631">
        <ele>137.9</ele>
      </trkpt>
      <trkpt lat="43.89284" lon="7.64666">
        <ele>140.4</ele>
      </trkpt>
      <trkpt lat="43.89296" lon="7.64676">
        <ele>142.2</ele>
      </trkpt>
      <trkpt lat="43.89305" lon="7.64681">
        <ele>142.5</ele>
      </trkpt>
      <trkpt lat="43.89337" lon="7.64688">
        <ele>139.5</ele>
      </trkpt>
      <trkpt lat="43.8936" lon="7.6469">
        <ele>138.8</ele>
      </trkpt>
      <trkpt lat="43.89383" lon="7.64688">
        <ele>137.2</ele>
      </trkpt>
      <trkpt lat="43.89429" lon="7.64679">
        <ele>134.7</ele>
      </trkpt>
      <trkpt lat="43.89458" lon="7.64679">
        <ele>135.2</ele>
      </trkpt>
      <trkpt lat="43.8947" lon="7.64679">
        <ele>135.4</ele>
      </trkpt>
      <trkpt lat="43.89486" lon="7.64682">
        <ele>135.9</ele>
      </trkpt>
      <trkpt lat="43.8951" lon="7.64691">
        <ele>137.9</ele>
      </trkpt>
      <trkpt lat="43.89531" lon="7.64704">
        <ele>140.2</ele>
      </trkpt>
      <trkpt lat="43.89596" lon="7.64763">
        <ele>141.0</ele>
      </trkpt>
      <trkpt lat="43.89662" lon="7.64821">
        <ele>141.9</ele>
      </trkpt>
      <trkpt lat="43.8967" lon="7.64826">
        <ele>141.4</ele>
      </trkpt>
      <trkpt lat="43.89679" lon="7.64828">
        <ele>141.3</ele>
      </trkpt>
      <trkpt lat="43.89714" lon="7.64822">
        <ele>141.8</ele>
      </trkpt>
      <trkpt lat="43.89781" lon="7.64813">
        <ele>143.9</ele>
      </trkpt>
      <trkpt lat="43.89814" lon="7.64806">
        <ele>146.3</ele>
      </trkpt>
      <trkpt lat="43.89827" lon="7.64804">
        <ele>147.3</ele>
      </trkpt>
      <trkpt lat="43.89843" lon="7.64805">
        <ele>147.8</ele>
      </trkpt>
      <trkpt lat="43.89854" lon="7.64809">
        <ele>147.2</ele>
      </trkpt>
      <trkpt lat="43.89873" lon="7.64822">
        <ele>144.4</ele>
      </trkpt>
      <trkpt lat="43.89888" lon="7.6484">
        <ele>142.1</ele>
      </trkpt>
      <trkpt lat="43.89904" lon="7.64857">
        <ele>143.4</ele>
      </trkpt>
      <trkpt lat="43.89956" lon="7.64881">
        <ele>148.6</ele>
      </trkpt>
      <trkpt lat="43.89999" lon="7.6491">
        <ele>150.4</ele>
      </trkpt>
      <trkpt lat="43.90032" lon="7.6493">
        <ele>152.7</ele>
      </trkpt>
      <trkpt lat="43.90053" lon="7.64945">
        <ele>153.8</ele>
      </trkpt>
      <trkpt lat="43.90071" lon="7.64947">
        <ele>154.7</ele>
      </trkpt>
      <trkpt lat="43.9012" lon="7.64946">
        <ele>157.2</ele>
      </trkpt>
      <trkpt lat="43.90137" lon="7.64941">
        <ele>158.0</ele>
      </trkpt>
      <trkpt lat="43.90192" lon="7.649">
        <ele>161.2</ele>
      </trkpt>
      <trkpt lat="43.90247" lon="7.64859">
        <ele>165.6</ele>
      </trkpt>
      <trkpt lat="43.90262" lon="7.64853">
        <ele>166.8</ele>
      </trkpt>
      <trkpt lat="43.90286" lon="7.64851">
        <ele>167.3</ele>
      </trkpt>
      <trkpt lat="43.90337" lon="7.64851">
        <ele>167.8</ele>
      </trkpt>
      <trkpt lat="43.90353" lon="7.64853">
        <ele>169.5</ele>
      </trkpt>
      <trkpt lat="43.90367" lon="7.6486">
        <ele>169.0</ele>
      </trkpt>
      <trkpt lat="43.90394" lon="7.64882">
        <ele>164.0</ele>
      </trkpt>
      <trkpt lat="43.90414" lon="7.64902">
        <ele>157.9</ele>
      </trkpt>
      <trkpt lat="43.90433" lon="7.64929">
        <ele>154.3</ele>
      </trkpt>
      <trkpt lat="43.90444" lon="7.64958">
        <ele>154.2</ele>
      </trkpt>
      <trkpt lat="43.9046" lon="7.64989">
        <ele>152.5</ele>
      </trkpt>
      <trkpt lat="43.90473" lon="7.65004">
        <ele>152.2</ele>
      </trkpt>
      <trkpt lat="43.90497" lon="7.65025">
        <ele>153.8</ele>
      </trkpt>
      <trkpt lat="43.90547" lon="7.6504">
        <ele>155.8</ele>
      </trkpt>
      <trkpt lat="43.90571" lon="7.65045">
        <ele>156.4</ele>
      </trkpt>
      <trkpt lat="43.90592" lon="7.65042">
        <ele>156.3</ele>
      </trkpt>
      <trkpt lat="43.90634" lon="7.65029">
        <ele>155.3</ele>
      </trkpt>
      <trkpt lat="43.90652" lon="7.65022">
        <ele>155.0</ele>
      </trkpt>
      <trkpt lat="43.90652" lon="7.65022">
        <ele>155.0</ele>
      </trkpt>
      <trkpt lat="43.90676" lon="7.65013">
        <ele>154.6</ele>
      </trkpt>
      <trkpt lat="43.90728" lon="7.64984">
        <ele>154.7</ele>
      </trkpt>
      <trkpt lat="43.9078" lon="7.64956">
        <ele>160.3</ele>
      </trkpt>
      <trkpt lat="43.90819" lon="7.64942">
        <ele>162.9</ele>
      </trkpt>
      <trkpt lat="43.90864" lon="7.64935">
        <ele>164.3</ele>
      </trkpt>
      <trkpt lat="43.90931" lon="7.64937">
        <ele>166.6</ele>
      </trkpt>
      <trkpt lat="43.90951" lon="7.64943">
        <ele>167.0</ele>
      </trkpt>
      <trkpt lat="43.90972" lon="7.64954">
        <ele>166.4</ele>
      </trkpt>
      <trkpt lat="43.91019" lon="7.6499">
        <ele>163.3</ele>
      </trkpt>
      <trkpt lat="43.91066" lon="7.65026">
        <ele>169.2</ele>
      </trkpt>
      <trkpt lat="43.91089" lon="7.65041">
        <ele>170.4</ele>
      </trkpt>
      <trkpt lat="43.91117" lon="7.65053">
        <ele>170.0</ele>
      </trkpt>
      <trkpt lat="43.91144" lon="7.65057">
        <ele>168.9</ele>
      </trkpt>
      <trkpt lat="43.91178" lon="7.65059">
        <ele>168.6</ele>
      </trkpt>
      <trkpt lat="43.91207" lon="7.65055">
        <ele>170.5</ele>
      </trkpt>
      <trkpt lat="43.91227" lon="7.65045">
        <ele>171.5</ele>
      </trkpt>
      <trkpt lat="43.91248" lon="7.65026">
        <ele>171.3</ele>
      </trkpt>
      <trkpt lat="43.91261" lon="7.65008">
        <ele>170.9</ele>
      </trkpt>
      <trkpt lat="43.91266" lon="7.64991">
        <ele>172.6</ele>
      </trkpt>
      <trkpt lat="43.91266" lon="7.64949">
        <ele>182.7</ele>
      </trkpt>
      <trkpt lat="43.91269" lon="7.64928">
        <ele>187.2</ele>
      </trkpt>
      <trkpt lat="43.91281" lon="7.6491">
        <ele>190.3</ele>
      </trkpt>
      <trkpt lat="43.91296" lon="7.64892">
        <ele>194.7</ele>
      </trkpt>
      <trkpt lat="43.91313" lon="7.64879">
        <ele>195.8</ele>
      </trkpt>
      <trkpt lat="43.91332" lon="7.64871">
        <ele>193.9</ele>
      </trkpt>
      <trkpt lat="43.91396" lon="7.64857">
        <ele>194.9</ele>
      </trkpt>
      <trkpt lat="43.91432" lon="7.6485">
        <ele>195.1</ele>
      </trkpt>
      <trkpt lat="43.9145" lon="7.64852">
        <ele>194.4</ele>
      </trkpt>
      <trkpt lat="43.9151" lon="7.64881">
        <ele>188.6</ele>
      </trkpt>
      <trkpt lat="43.91568" lon="7.64903">
        <ele>189.3</ele>
      </trkpt>
      <trkpt lat="43.91603" lon="7.64899">
        <ele>190.5</ele>
      </trkpt>
      <trkpt lat="43.91627" lon="7.64893">
        <ele>190.6</ele>
      </trkpt>
      <trkpt lat="43.91686" lon="7.64878">
        <ele>192.9</ele>
      </trkpt>
      <trkpt lat="43.91746" lon="7.64864">
        <ele>197.5</ele>
      </trkpt>
      <trkpt lat="43.918" lon="7.64852">
        <ele>197.6</ele>
      </trkpt>
      <trkpt lat="43.91854" lon="7.6484">
        <ele>194.5</ele>
      </trkpt>
      <trkpt lat="43.91889" lon="7.64814">
        <ele>195.2</ele>
      </trkpt>
      <trkpt lat="43.91929" lon="7.64777">
        <ele>196.3</ele>
      </trkpt>
      <trkpt lat="43.9199" lon="7.64692">
        <ele>208.3</ele>
      </trkpt>
      <trkpt lat="43.92015" lon="7.64664">
        <ele>210.9</ele>
      </trkpt>
      <trkpt lat="43.92033" lon="7.64649">
        <ele>213.8</ele>
      </trkpt>
      <trkpt lat="43.92076" lon="7.64621">
        <ele>214.7</ele>
      </trkpt>
      <trkpt lat="43.92089" lon="7.64618">
        <ele>214.3</ele>
      </trkpt>
      <trkpt lat="43.921" lon="7.64616">
        <ele>215.9</ele>
      </trkpt>
      <trkpt lat="43.9211" lon="7.64619">
        <ele>215.3</ele>
      </trkpt>
      <trkpt lat="43.92139" lon="7.64633">
        <ele>211.1</ele>
      </trkpt>
      <trkpt lat="43.92151" lon="7.64635">
        <ele>210.9</ele>
      </trkpt>
      <trkpt lat="43.92165" lon="7.64633">
        <ele>212.7</ele>
      </trkpt>
      <trkpt lat="43.92179" lon="7.64627">
        <ele>215.6</ele>
      </trkpt>
      <trkpt lat="43.92216" lon="7.64594">
        <ele>230.6</ele>
      </trkpt>
      <trkpt lat="43.92227" lon="7.64591">
        <ele>231.9</ele>
      </trkpt>
      <trkpt lat="43.9224" lon="7.6459">
        <ele>232.2</ele>
      </trkpt>
      <trkpt lat="43.92282" lon="7.64599">
        <ele>228.1</ele>
      </trkpt>
      <trkpt lat="43.92319" lon="7.6462">
        <ele>220.8</ele>
      </trkpt>
      <trkpt lat="43.92342" lon="7.64661">
        <ele>209.6</ele>
      </trkpt>
      <trkpt lat="43.92373" lon="7.64738">
        <ele>209.1</ele>
      </trkpt>
      <trkpt lat="43.92404" lon="7.64815">
        <ele>210.6</ele>
      </trkpt>
      <trkpt lat="43.92416" lon="7.64836">
        <ele>210.1</ele>
      </trkpt>
      <trkpt lat="43.92433" lon="7.64852">
        <ele>210.0</ele>
      </trkpt>
      <trkpt lat="43.92448" lon="7.64858">
        <ele>209.4</ele>
      </trkpt>
      <trkpt lat="43.92463" lon="7.64858">
        <ele>208.7</ele>
      </trkpt>
      <trkpt lat="43.92479" lon="7.6485">
        <ele>207.9</ele>
      </trkpt>
      <trkpt lat="43.92494" lon="7.6484">
        <ele>207.2</ele>
      </trkpt>
      <trkpt lat="43.92506" lon="7.6483">
        <ele>207.7</ele>
      </trkpt>
      <trkpt lat="43.92517" lon="7.64815">
        <ele>210.2</ele>
      </trkpt>
      <trkpt lat="43.92528" lon="7.64792">
        <ele>213.3</ele>
      </trkpt>
      <trkpt lat="43.92533" lon="7.64777">
        <ele>215.0</ele>
      </trkpt>
      <trkpt lat="43.92541" lon="7.64767">
        <ele>215.6</ele>
      </trkpt>
      <trkpt lat="43.92565" lon="7.64745">
        <ele>216.5</ele>
      </trkpt>
      <trkpt lat="43.92591" lon="7.64731">
        <ele>220.7</ele>
      </trkpt>
      <trkpt lat="43.92613" lon="7.64721">
        <ele>227.5</ele>
      </trkpt>
      <trkpt lat="43.92622" lon="7.6472">
        <ele>229.2</ele>
      </trkpt>
      <trkpt lat="43.9263" lon="7.64722">
        <ele>229.7</ele>
      </trkpt>
      <trkpt lat="43.92642" lon="7.64727">
        <ele>229.6</ele>
      </trkpt>
      <trkpt lat="43.92659" lon="7.64741">
        <ele>227.1</ele>
      </trkpt>
      <trkpt lat="43.92687" lon="7.64778">
        <ele>227.8</ele>
      </trkpt>
      <trkpt lat="43.92707" lon="7.64809">
        <ele>227.1</ele>
      </trkpt>
      <trkpt lat="43.92729" lon="7.64852">
        <ele>225.2</ele>
      </trkpt>
      <trkpt lat="43.92737" lon="7.64865">
        <ele>225.2</ele>
      </trkpt>
      <trkpt lat="43.92749" lon="7.6488">
        <ele>224.0</ele>
      </trkpt>
      <trkpt lat="43.92803" lon="7.64926">
        <ele>226.3</ele>
      </trkpt>
      <trkpt lat="43.92847" lon="7.64962">
        <ele>229.2</ele>
      </trkpt>
      <trkpt lat="43.92892" lon="7.64998">
        <ele>233.5</ele>
      </trkpt>
      <trkpt lat="43.92903" lon="7.65007">
        <ele>234.0</ele>
      </trkpt>
      <trkpt lat="43.92928" lon="7.65036">
        <ele>232.9</ele>
      </trkpt>
      <trkpt lat="43.92939" lon="7.65053">
        <ele>232.0</ele>
      </trkpt>
      <trkpt lat="43.92977" lon="7.65144">
        <ele>232.3</ele>
      </trkpt>
      <trkpt lat="43.93018" lon="7.65252">
        <ele>231.9</ele>
      </trkpt>
      <trkpt lat="43.93061" lon="7.65359">
        <ele>234.6</ele>
      </trkpt>
      <trkpt lat="43.93109" lon="7.65423">
        <ele>236.9</ele>
      </trkpt>
      <trkpt lat="43.93142" lon="7.65466">
        <ele>238.5</ele>
      </trkpt>
      <trkpt lat="43.93146" lon="7.65474">
        <ele>238.7</ele>
      </trkpt>
      <trkpt lat="43.93168" lon="7.65562">
        <ele>241.1</ele>
      </trkpt>
      <trkpt lat="43.93189" lon="7.6565">
        <ele>246.2</ele>
      </trkpt>
      <trkpt lat="43.93211" lon="7.65738">
        <ele>250.6</ele>
      </trkpt>
      <trkpt lat="43.93216" lon="7.65767">
        <ele>251.0</ele>
      </trkpt>
      <trkpt lat="43.93221" lon="7.65829">
        <ele>249.6</ele>
      </trkpt>
      <trkpt lat="43.93225" lon="7.65892">
        <ele>249.7</ele>
      </trkpt>
      <trkpt lat="43.93231" lon="7.65952">
        <ele>249.7</ele>
      </trkpt>
      <trkpt lat="43.93237" lon="7.65986">
        <ele>250.0</ele>
      </trkpt>
      <trkpt lat="43.93251" lon="7.66047">
        <ele>251.4</ele>
      </trkpt>
      <trkpt lat="43.93253" lon="7.66059">
        <ele>252.1</ele>
      </trkpt>
      <trkpt lat="43.93252" lon="7.6607">
        <ele>251.4</ele>
      </trkpt>
      <trkpt lat="43.93249" lon="7.66079">
        <ele>249.9</ele>
      </trkpt>
      <trkpt lat="43.93244" lon="7.6609">
        <ele>249.8</ele>
      </trkpt>
      <trkpt lat="43.93207" lon="7.66129">
        <ele>246.8</ele>
      </trkpt>
      <trkpt lat="43.93191" lon="7.66144">
        <ele>244.5</ele>
      </trkpt>
      <trkpt lat="43.93185" lon="7.66152">
        <ele>243.6</ele>
      </trkpt>
      <trkpt lat="43.93176" lon="7.66171">
        <ele>242.8</ele>
      </trkpt>
      <trkpt lat="43.9317" lon="7.66191">
        <ele>243.8</ele>
      </trkpt>
      <trkpt lat="43.93161" lon="7.6623">
        <ele>248.2</ele>
      </trkpt>
      <trkpt lat="43.93146" lon="7.66315">
        <ele>256.9</ele>
      </trkpt>
      <trkpt lat="43.93145" lon="7.66327">
        <ele>257.9</ele>
      </trkpt>
      <trkpt lat="43.93149" lon="7.66351">
        <ele>256.5</ele>
      </trkpt>
      <trkpt lat="43.93153" lon="7.66364">
        <ele>254.9</ele>
      </trkpt>
      <trkpt lat="43.93159" lon="7.6638">
        <ele>252.6</ele>
      </trkpt>
      <trkpt lat="43.93168" lon="7.66394">
        <ele>250.5</ele>
      </trkpt>
      <trkpt lat="43.93183" lon="7.66409">
        <ele>250.1</ele>
      </trkpt>
      <trkpt lat="43.93224" lon="7.66437">
        <ele>252.2</ele>
      </trkpt>
      <trkpt lat="43.93232" lon="7.66447">
        <ele>252.7</ele>
      </trkpt>
      <trkpt lat="43.9324" lon="7.66462">
        <ele>253.0</ele>
      </trkpt>
      <trkpt lat="43.93243" lon="7.66471">
        <ele>253.1</ele>
      </trkpt>
      <trkpt lat="43.93245" lon="7.66484">
        <ele>252.8</ele>
      </trkpt>
      <trkpt lat="43.93245" lon="7.665">
        <ele>252.2</ele>
      </trkpt>
      <trkpt lat="43.93244" lon="7.66511">
        <ele>254.0</ele>
      </trkpt>
      <trkpt lat="43.93241" lon="7.66522">
        <ele>255.3</ele>
      </trkpt>
      <trkpt lat="43.93224" lon="7.66562">
        <ele>257.8</ele>
      </trkpt>
      <trkpt lat="43.93201" lon="7.66622">
        <ele>261.9</ele>
      </trkpt>
      <trkpt lat="43.93172" lon="7.66687">
        <ele>260.8</ele>
      </trkpt>
      <trkpt lat="43.93143" lon="7.66751">
        <ele>263.4</ele>
      </trkpt>
      <trkpt lat="43.93143" lon="7.66751">
        <ele>263.4</ele>
      </trkpt>
      <trkpt lat="43.9313" lon="7.66781">
        <ele>264.5</ele>
      </trkpt>
      <trkpt lat="43.93106" lon="7.66839">
        <ele>263.9</ele>
      </trkpt>
      <trkpt lat="43.93097" lon="7.66872">
        <ele>263.4</ele>
      </trkpt>
      <trkpt lat="43.9309" lon="7.66913">
        <ele>264.0</ele>
      </trkpt>
      <trkpt lat="43.93087" lon="7.66953">
        <ele>266.4</ele>
      </trkpt>
      <trkpt lat="43.93083" lon="7.66974">
        <ele>267.7</ele>
      </trkpt>
      <trkpt lat="43.93066" lon="7.67002">
        <ele>270.0</ele>
      </trkpt>
      <trkpt lat="43.93064" lon="7.67008">
        <ele>270.4</ele>
      </trkpt>
      <trkpt lat="43.93062" lon="7.67028">
        <ele>271.6</ele>
      </trkpt>
      <trkpt lat="43.93065" lon="7.67079">
        <ele>274.8</ele>
      </trkpt>
      <trkpt lat="43.93072" lon="7.67158">
        <ele>276.1</ele>
      </trkpt>
      <trkpt lat="43.93078" lon="7.67195">
        <ele>277.6</ele>
      </trkpt>
      <trkpt lat="43.9309" lon="7.67246">
        <ele>280.7</ele>
      </trkpt>
      <trkpt lat="43.93104" lon="7.67296">
        <ele>284.6</ele>
      </trkpt>
      <trkpt lat="43.93127" lon="7.67369">
        <ele>282.9</ele>
      </trkpt>
      <trkpt lat="43.9315" lon="7.67442">
        <ele>277.5</ele>
      </trkpt>
      <trkpt lat="43.93161" lon="7.6752">
        <ele>275.8</ele>
      </trkpt>
      <trkpt lat="43.93173" lon="7.67598">
        <ele>278.0</ele>
      </trkpt>
      <trkpt lat="43.93179" lon="7.67631">
        <ele>282.9</ele>
      </trkpt>
      <trkpt lat="43.93185" lon="7.67658">
        <ele>285.9</ele>
      </trkpt>
      <trkpt lat="43.93201" lon="7.67678">
        <ele>286.4</ele>
      </trkpt>
      <trkpt lat="43.93216" lon="7.67693">
        <ele>285.9</ele>
      </trkpt>
      <trkpt lat="43.93288" lon="7.67759">
        <ele>284.0</ele>
      </trkpt>
      <trkpt lat="43.93319" lon="7.67782">
        <ele>288.2</ele>
      </trkpt>
      <trkpt lat="43.93366" lon="7.6782">
        <ele>292.3</ele>
      </trkpt>
      <trkpt lat="43.934" lon="7.67838">
        <ele>287.2</ele>
      </trkpt>
      <trkpt lat="43.9343" lon="7.67865">
        <ele>288.9</ele>
      </trkpt>
      <trkpt lat="43.93461" lon="7.679">
        <ele>290.8</ele>
      </trkpt>
      <trkpt lat="43.93497" lon="7.67948">
        <ele>288.0</ele>
      </trkpt>
      <trkpt lat="43.93518" lon="7.67992">
        <ele>290.5</ele>
      </trkpt>
      <trkpt lat="43.93531" lon="7.68031">
        <ele>293.6</ele>
      </trkpt>
      <trkpt lat="43.93544" lon="7.68059">
        <ele>294.1</ele>
      </trkpt>
      <trkpt lat="43.93565" lon="7.68086">
        <ele>294.8</ele>
      </trkpt>
      <trkpt lat="43.93592" lon="7.681">
        <ele>295.6</ele>
      </trkpt>
      <trkpt lat="43.93644" lon="7.68122">
        <ele>302.0</ele>
      </trkpt>
      <trkpt lat="43.93659" lon="7.68133">
        <ele>304.1</ele>
      </trkpt>
      <trkpt lat="43.93677" lon="7.68162">
        <ele>307.3</ele>
      </trkpt>
      <trkpt lat="43.9368" lon="7.68169">
        <ele>308.0</ele>
      </trkpt>
      <trkpt lat="43.9368" lon="7.68169">
        <ele>308.0</ele>
      </trkpt>
      <trkpt lat="43.93707" lon="7.68221">
        <ele>312.0</ele>
      </trkpt>
      <trkpt lat="43.93734" lon="7.68273">
        <ele>313.9</ele>
      </trkpt>
      <trkpt lat="43.93768" lon="7.68321">
        <ele>325.1</ele>
      </trkpt>
      <trkpt lat="43.93796" lon="7.68353">
        <ele>329.9</ele>
      </trkpt>
      <trkpt lat="43.93855" lon="7.68399">
        <ele>334.0</ele>
      </trkpt>
      <trkpt lat="43.93889" lon="7.68424">
        <ele>333.0</ele>
      </trkpt>
      <trkpt lat="43.93902" lon="7.68438">
        <ele>335.1</ele>
      </trkpt>
      <trkpt lat="43.93926" lon="7.68458">
        <ele>337.9</ele>
      </trkpt>
      <trkpt lat="43.93934" lon="7.68468">
        <ele>341.2</ele>
      </trkpt>
      <trkpt lat="43.93941" lon="7.68468">
        <ele>340.4</ele>
      </trkpt>
      <trkpt lat="43.93947" lon="7.68465">
        <ele>338.6</ele>
      </trkpt>
      <trkpt lat="43.93962" lon="7.68463">
        <ele>336.3</ele>
      </trkpt>
      <trkpt lat="43.93998" lon="7.68479">
        <ele>338.9</ele>
      </trkpt>
      <trkpt lat="43.94003" lon="7.68484">
        <ele>340.5</ele>
      </trkpt>
      <trkpt lat="43.94006" lon="7.68491">
        <ele>343.1</ele>
      </trkpt>
      <trkpt lat="43.94013" lon="7.68498">
        <ele>345.3</ele>
      </trkpt>
      <trkpt lat="43.94025" lon="7.68492">
        <ele>342.4</ele>
      </trkpt>
      <trkpt lat="43.94036" lon="7.6849">
        <ele>341.1</ele>
      </trkpt>
      <trkpt lat="43.94053" lon="7.68495">
        <ele>341.7</ele>
      </trkpt>
      <trkpt lat="43.94074" lon="7.68504">
        <ele>344.3</ele>
      </trkpt>
      <trkpt lat="43.9409" lon="7.68514">
        <ele>349.3</ele>
      </trkpt>
      <trkpt lat="43.94115" lon="7.68535">
        <ele>358.4</ele>
      </trkpt>
      <trkpt lat="43.94145" lon="7.68566">
        <ele>370.1</ele>
      </trkpt>
      <trkpt lat="43.94148" lon="7.68567">
        <ele>370.0</ele>
      </trkpt>
      <trkpt lat="43.94162" lon="7.68565">
        <ele>365.6</ele>
      </trkpt>
      <trkpt lat="43.94167" lon="7.68565">
        <ele>364.5</ele>
      </trkpt>
      <trkpt lat="43.94173" lon="7.68572">
        <ele>367.8</ele>
      </trkpt>
      <trkpt lat="43.94178" lon="7.68582">
        <ele>372.5</ele>
      </trkpt>
      <trkpt lat="43.94189" lon="7.68588">
        <ele>375.3</ele>
      </trkpt>
      <trkpt lat="43.94241" lon="7.68584">
        <ele>369.1</ele>
      </trkpt>
      <trkpt lat="43.94253" lon="7.68588">
        <ele>370.9</ele>
      </trkpt>
      <trkpt lat="43.94278" lon="7.68593">
        <ele>375.1</ele>
      </trkpt>
      <trkpt lat="43.94304" lon="7.68582">
        <ele>370.0</ele>
      </trkpt>
      <trkpt lat="43.94319" lon="7.68577">
        <ele>368.7</ele>
      </trkpt>
      <trkpt lat="43.94322" lon="7.68582">
        <ele>370.9</ele>
      </trkpt>
      <trkpt lat="43.94324" lon="7.6859">
        <ele>375.5</ele>
      </trkpt>
      <trkpt lat="43.94322" lon="7.68596">
        <ele>378.9</ele>
      </trkpt>
      <trkpt lat="43.94316" lon="7.68599">
        <ele>380.4</ele>
      </trkpt>
      <trkpt lat="43.94307" lon="7.68598">
        <ele>379.4</ele>
      </trkpt>
      <trkpt lat="43.94297" lon="7.68598">
        <ele>379.0</ele>
      </trkpt>
      <trkpt lat="43.94267" lon="7.68606">
        <ele>382.4</ele>
      </trkpt>
      <trkpt lat="43.94251" lon="7.68607">
        <ele>382.3</ele>
      </trkpt>
      <trkpt lat="43.94241" lon="7.6861">
        <ele>384.8</ele>
      </trkpt>
      <trkpt lat="43.94224" lon="7.68608">
        <ele>385.0</ele>
      </trkpt>
      <trkpt lat="43.94213" lon="7.6861">
        <ele>387.1</ele>
      </trkpt>
      <trkpt lat="43.94174" lon="7.68638">
        <ele>408.1</ele>
      </trkpt>
      <trkpt lat="43.94164" lon="7.68636">
        <ele>408.0</ele>
      </trkpt>
      <trkpt lat="43.94137" lon="7.68597">
        <ele>390.1</ele>
      </trkpt>
      <trkpt lat="43.94129" lon="7.68594">
        <ele>390.3</ele>
      </trkpt>
      <trkpt lat="43.94106" lon="7.6859">
        <ele>393.8</ele>
      </trkpt>
      <trkpt lat="43.94083" lon="7.68584">
        <ele>396.4</ele>
      </trkpt>
      <trkpt lat="43.94064" lon="7.68573">
        <ele>388.5</ele>
      </trkpt>
      <trkpt lat="43.9406" lon="7.68573">
        <ele>388.4</ele>
      </trkpt>
      <trkpt lat="43.94053" lon="7.68577">
        <ele>390.6</ele>
      </trkpt>
      <trkpt lat="43.94046" lon="7.68584">
        <ele>394.6</ele>
      </trkpt>
      <trkpt lat="43.94034" lon="7.68601">
        <ele>403.3</ele>
      </trkpt>
      <trkpt lat="43.94021" lon="7.68617">
        <ele>411.5</ele>
      </trkpt>
      <trkpt lat="43.94011" lon="7.68625">
        <ele>415.5</ele>
      </trkpt>
      <trkpt lat="43.93996" lon="7.68627">
        <ele>416.2</ele>
      </trkpt>
      <trkpt lat="43.93989" lon="7.68622">
        <ele>413.6</ele>
      </trkpt>
      <trkpt lat="43.93983" lon="7.6862">
        <ele>412.6</ele>
      </trkpt>
      <trkpt lat="43.93965" lon="7.68625">
        <ele>415.8</ele>
      </trkpt>
      <trkpt lat="43.93954" lon="7.68627">
        <ele>417.2</ele>
      </trkpt>
      <trkpt lat="43.93917" lon="7.68625">
        <ele>417.0</ele>
      </trkpt>
      <trkpt lat="43.93905" lon="7.68619">
        <ele>416.6</ele>
      </trkpt>
      <trkpt lat="43.93879" lon="7.686">
        <ele>413.9</ele>
      </trkpt>
      <trkpt lat="43.93844" lon="7.68567">
        <ele>410.0</ele>
      </trkpt>
      <trkpt lat="43.93835" lon="7.68561">
        <ele>410.3</ele>
      </trkpt>
      <trkpt lat="43.93816" lon="7.68559">
        <ele>411.8</ele>
      </trkpt>
      <trkpt lat="43.93797" lon="7.68557">
        <ele>413.2</ele>
      </trkpt>
      <trkpt lat="43.93781" lon="7.68547">
        <ele>411.9</ele>
      </trkpt>
      <trkpt lat="43.93766" lon="7.68532">
        <ele>409.8</ele>
      </trkpt>
      <trkpt lat="43.93754" lon="7.68514">
        <ele>407.4</ele>
      </trkpt>
      <trkpt lat="43.93747" lon="7.68513">
        <ele>406.6</ele>
      </trkpt>
      <trkpt lat="43.93744" lon="7.68517">
        <ele>405.9</ele>
      </trkpt>
      <trkpt lat="43.93743" lon="7.68523">
        <ele>406.8</ele>
      </trkpt>
      <trkpt lat="43.93748" lon="7.68532">
        <ele>411.6</ele>
      </trkpt>
      <trkpt lat="43.93774" lon="7.68551">
        <ele>414.1</ele>
      </trkpt>
      <trkpt lat="43.93788" lon="7.68565">
        <ele>417.0</ele>
      </trkpt>
      <trkpt lat="43.93823" lon="7.6859">
        <ele>423.7</ele>
      </trkpt>
      <trkpt lat="43.93841" lon="7.68605">
        <ele>427.4</ele>
      </trkpt>
      <trkpt lat="43.93852" lon="7.6862">
        <ele>430.7</ele>
      </trkpt>
      <trkpt lat="43.93893" lon="7.68668">
        <ele>445.2</ele>
      </trkpt>
      <trkpt lat="43.93927" lon="7.68692">
        <ele>453.4</ele>
      </trkpt>
      <trkpt lat="43.93948" lon="7.687">
        <ele>456.8</ele>
      </trkpt>
      <trkpt lat="43.93964" lon="7.68704">
        <ele>458.4</ele>
      </trkpt>
      <trkpt lat="43.93987" lon="7.68706">
        <ele>458.7</ele>
      </trkpt>
      <trkpt lat="43.94003" lon="7.68721">
        <ele>466.2</ele>
      </trkpt>
      <trkpt lat="43.94021" lon="7.68725">
        <ele>468.9</ele>
      </trkpt>
      <trkpt lat="43.94035" lon="7.68727">
        <ele>470.4</ele>
      </trkpt>
      <trkpt lat="43.94045" lon="7.68725">
        <ele>469.7</ele>
      </trkpt>
      <trkpt lat="43.94072" lon="7.68706">
        <ele>460.9</ele>
      </trkpt>
      <trkpt lat="43.94079" lon="7.68703">
        <ele>459.6</ele>
      </trkpt>
      <trkpt lat="43.94089" lon="7.68703">
        <ele>458.9</ele>
      </trkpt>
      <trkpt lat="43.9412" lon="7.68723">
        <ele>465.1</ele>
      </trkpt>
      <trkpt lat="43.94155" lon="7.6875">
        <ele>475.4</ele>
      </trkpt>
      <trkpt lat="43.9417" lon="7.68771">
        <ele>486.1</ele>
      </trkpt>
      <trkpt lat="43.94176" lon="7.68783">
        <ele>493.0</ele>
      </trkpt>
      <trkpt lat="43.94186" lon="7.68788">
        <ele>495.8</ele>
      </trkpt>
      <trkpt lat="43.94198" lon="7.68781">
        <ele>491.8</ele>
      </trkpt>
      <trkpt lat="43.94232" lon="7.68748">
        <ele>473.5</ele>
      </trkpt>
      <trkpt lat="43.94239" lon="7.68744">
        <ele>470.9</ele>
      </trkpt>
      <trkpt lat="43.94244" lon="7.68746">
        <ele>472.2</ele>
      </trkpt>
      <trkpt lat="43.9425" lon="7.68749">
        <ele>474.3</ele>
      </trkpt>
      <trkpt lat="43.9427" lon="7.68772">
        <ele>486.6</ele>
      </trkpt>
      <trkpt lat="43.94278" lon="7.6878">
        <ele>490.9</ele>
      </trkpt>
      <trkpt lat="43.94291" lon="7.6878">
        <ele>490.7</ele>
      </trkpt>
      <trkpt lat="43.94304" lon="7.68775">
        <ele>487.9</ele>
      </trkpt>
      <trkpt lat="43.94326" lon="7.68776">
        <ele>488.1</ele>
      </trkpt>
      <trkpt lat="43.94338" lon="7.6878">
        <ele>490.5</ele>
      </trkpt>
      <trkpt lat="43.94351" lon="7.68791">
        <ele>497.3</ele>
      </trkpt>
      <trkpt lat="43.94365" lon="7.68815">
        <ele>510.9</ele>
      </trkpt>
      <trkpt lat="43.94372" lon="7.68814">
        <ele>510.7</ele>
      </trkpt>
      <trkpt lat="43.94393" lon="7.68802">
        <ele>505.8</ele>
      </trkpt>
      <trkpt lat="43.94447" lon="7.68776">
        <ele>499.3</ele>
      </trkpt>
      <trkpt lat="43.94482" lon="7.68769">
        <ele>501.7</ele>
      </trkpt>
      <trkpt lat="43.94503" lon="7.68774">
        <ele>507.1</ele>
      </trkpt>
      <trkpt lat="43.94516" lon="7.68779">
        <ele>508.3</ele>
      </trkpt>
      <trkpt lat="43.94546" lon="7.68785">
        <ele>508.0</ele>
      </trkpt>
      <trkpt lat="43.9457" lon="7.68792">
        <ele>508.7</ele>
      </trkpt>
      <trkpt lat="43.94575" lon="7.68798">
        <ele>510.9</ele>
      </trkpt>
      <trkpt lat="43.94587" lon="7.68821">
        <ele>519.8</ele>
      </trkpt>
      <trkpt lat="43.94596" lon="7.68827">
        <ele>521.3</ele>
      </trkpt>
      <trkpt lat="43.94613" lon="7.6882">
        <ele>515.2</ele>
      </trkpt>
      <trkpt lat="43.94628" lon="7.68818">
        <ele>511.6</ele>
      </trkpt>
      <trkpt lat="43.94641" lon="7.68826">
        <ele>514.1</ele>
      </trkpt>
      <trkpt lat="43.9466" lon="7.68843">
        <ele>521.1</ele>
      </trkpt>
      <trkpt lat="43.94675" lon="7.68862">
        <ele>529.4</ele>
      </trkpt>
      <trkpt lat="43.94688" lon="7.68869">
        <ele>531.5</ele>
      </trkpt>
      <trkpt lat="43.94703" lon="7.68875">
        <ele>532.9</ele>
      </trkpt>
      <trkpt lat="43.9471" lon="7.68873">
        <ele>530.9</ele>
      </trkpt>
      <trkpt lat="43.94726" lon="7.68873">
        <ele>528.9</ele>
      </trkpt>
      <trkpt lat="43.9473" lon="7.68885">
        <ele>535.2</ele>
      </trkpt>
      <trkpt lat="43.94724" lon="7.68891">
        <ele>539.3</ele>
      </trkpt>
      <trkpt lat="43.9471" lon="7.68892">
        <ele>541.5</ele>
      </trkpt>
      <trkpt lat="43.94693" lon="7.6889">
        <ele>542.5</ele>
      </trkpt>
      <trkpt lat="43.94662" lon="7.6888">
        <ele>540.8</ele>
      </trkpt>
      <trkpt lat="43.94651" lon="7.68873">
        <ele>538.3</ele>
      </trkpt>
      <trkpt lat="43.94633" lon="7.68858">
        <ele>532.5</ele>
      </trkpt>
      <trkpt lat="43.94627" lon="7.68854">
        <ele>531.2</ele>
      </trkpt>
      <trkpt lat="43.94621" lon="7.68853">
        <ele>531.4</ele>
      </trkpt>
      <trkpt lat="43.94616" lon="7.68856">
        <ele>533.6</ele>
      </trkpt>
      <trkpt lat="43.94615" lon="7.68865">
        <ele>538.5</ele>
      </trkpt>
      <trkpt lat="43.94619" lon="7.6887">
        <ele>540.6</ele>
      </trkpt>
      <trkpt lat="43.94626" lon="7.68873">
        <ele>541.3</ele>
      </trkpt>
      <trkpt lat="43.94636" lon="7.68873">
        <ele>540.1</ele>
      </trkpt>
      <trkpt lat="43.94652" lon="7.68886">
        <ele>545.2</ele>
      </trkpt>
      <trkpt lat="43.94659" lon="7.68901">
        <ele>552.4</ele>
      </trkpt>
      <trkpt lat="43.94672" lon="7.6891">
        <ele>555.8</ele>
      </trkpt>
      <trkpt lat="43.94694" lon="7.68919">
        <ele>558.1</ele>
      </trkpt>
      <trkpt lat="43.94724" lon="7.68921">
        <ele>555.9</ele>
      </trkpt>
      <trkpt lat="43.9475" lon="7.68933">
        <ele>559.4</ele>
      </trkpt>
      <trkpt lat="43.94769" lon="7.68933">
        <ele>558.1</ele>
      </trkpt>
      <trkpt lat="43.94805" lon="7.68924">
        <ele>550.5</ele>
      </trkpt>
      <trkpt lat="43.94816" lon="7.68918">
        <ele>546.2</ele>
      </trkpt>
      <trkpt lat="43.94822" lon="7.68918">
        <ele>545.7</ele>
      </trkpt>
      <trkpt lat="43.94823" lon="7.68925">
        <ele>549.6</ele>
      </trkpt>
      <trkpt lat="43.94823" lon="7.68934">
        <ele>554.7</ele>
      </trkpt>
      <trkpt lat="43.94815" lon="7.68937">
        <ele>557.0</ele>
      </trkpt>
      <trkpt lat="43.94778" lon="7.68947">
        <ele>564.9</ele>
      </trkpt>
      <trkpt lat="43.94768" lon="7.68952">
        <ele>568.2</ele>
      </trkpt>
      <trkpt lat="43.94755" lon="7.68957">
        <ele>571.5</ele>
      </trkpt>
      <trkpt lat="43.94718" lon="7.6896">
        <ele>575.2</ele>
      </trkpt>
      <trkpt lat="43.94686" lon="7.68969">
        <ele>581.1</ele>
      </trkpt>
      <trkpt lat="43.94666" lon="7.68963">
        <ele>579.5</ele>
      </trkpt>
      <trkpt lat="43.94647" lon="7.68955">
        <ele>577.8</ele>
      </trkpt>
      <trkpt lat="43.94636" lon="7.68951">
        <ele>577.1</ele>
      </trkpt>
      <trkpt lat="43.94629" lon="7.6895">
        <ele>577.3</ele>
      </trkpt>
      <trkpt lat="43.94621" lon="7.68951">
        <ele>578.5</ele>
      </trkpt>
      <trkpt lat="43.94604" lon="7.68971">
        <ele>587.6</ele>
      </trkpt>
      <trkpt lat="43.94596" lon="7.68974">
        <ele>589.4</ele>
      </trkpt>
      <trkpt lat="43.9459" lon="7.68969">
        <ele>588.0</ele>
      </trkpt>
      <trkpt lat="43.94581" lon="7.68957">
        <ele>584.1</ele>
      </trkpt>
      <trkpt lat="43.94572" lon="7.68951">
        <ele>582.5</ele>
      </trkpt>
      <trkpt lat="43.94553" lon="7.6895">
        <ele>583.2</ele>
      </trkpt>
      <trkpt lat="43.94515" lon="7.68964">
        <ele>590.7</ele>
      </trkpt>
      <trkpt lat="43.94472" lon="7.68979">
        <ele>594.7</ele>
      </trkpt>
      <trkpt lat="43.94428" lon="7.68995">
        <ele>597.7</ele>
      </trkpt>
      <trkpt lat="43.94384" lon="7.69021">
        <ele>603.7</ele>
      </trkpt>
      <trkpt lat="43.94345" lon="7.69031">
        <ele>603.8</ele>
      </trkpt>
      <trkpt lat="43.94306" lon="7.69032">
        <ele>603.2</ele>
      </trkpt>
      <trkpt lat="43.94266" lon="7.69044">
        <ele>607.3</ele>
      </trkpt>
      <trkpt lat="43.94222" lon="7.69064">
        <ele>611.7</ele>
      </trkpt>
      <trkpt lat="43.94178" lon="7.69084">
        <ele>613.9</ele>
      </trkpt>
      <trkpt lat="43.94163" lon="7.69094">
        <ele>612.4</ele>
      </trkpt>
      <trkpt lat="43.94161" lon="7.69114">
        <ele>612.9</ele>
      </trkpt>
      <trkpt lat="43.94165" lon="7.6913">
        <ele>616.0</ele>
      </trkpt>
      <trkpt lat="43.94168" lon="7.69158">
        <ele>619.6</ele>
      </trkpt>
      <trkpt lat="43.94175" lon="7.69198">
        <ele>621.3</ele>
      </trkpt>
      <trkpt lat="43.94177" lon="7.69224">
        <ele>621.5</ele>
      </trkpt>
      <trkpt lat="43.94176" lon="7.69257">
        <ele>619.5</ele>
      </trkpt>
      <trkpt lat="43.9418" lon="7.69276">
        <ele>620.4</ele>
      </trkpt>
      <trkpt lat="43.94197" lon="7.69292">
        <ele>630.2</ele>
      </trkpt>
      <trkpt lat="43.94224" lon="7.69344">
        <ele>641.1</ele>
      </trkpt>
      <trkpt lat="43.94247" lon="7.69385">
        <ele>644.9</ele>
      </trkpt>
      <trkpt lat="43.9426" lon="7.69402">
        <ele>648.3</ele>
      </trkpt>
      <trkpt lat="43.94272" lon="7.69424">
        <ele>650.5</ele>
      </trkpt>
      <trkpt lat="43.94278" lon="7.69457">
        <ele>647.9</ele>
      </trkpt>
      <trkpt lat="43.94281" lon="7.69485">
        <ele>644.5</ele>
      </trkpt>
      <trkpt lat="43.94293" lon="7.69508">
        <ele>647.6</ele>
      </trkpt>
      <trkpt lat="43.94299" lon="7.69516">
        <ele>649.3</ele>
      </trkpt>
      <trkpt lat="43.94299" lon="7.69516">
        <ele>649.3</ele>
      </trkpt>
      <trkpt lat="43.94313" lon="7.69536">
        <ele>652.5</ele>
      </trkpt>
      <trkpt lat="43.94332" lon="7.69575">
        <ele>652.0</ele>
      </trkpt>
      <trkpt lat="43.94345" lon="7.69614">
        <ele>643.2</ele>
      </trkpt>
      <trkpt lat="43.94353" lon="7.69618">
        <ele>644.2</ele>
      </trkpt>
      <trkpt lat="43.94379" lon="7.69613">
        <ele>654.9</ele>
      </trkpt>
      <trkpt lat="43.94388" lon="7.69615">
        <ele>656.9</ele>
      </trkpt>
      <trkpt lat="43.94414" lon="7.69612">
        <ele>667.2</ele>
      </trkpt>
      <trkpt lat="43.94428" lon="7.69609">
        <ele>673.3</ele>
      </trkpt>
      <trkpt lat="43.94449" lon="7.69601">
        <ele>684.2</ele>
      </trkpt>
      <trkpt lat="43.94463" lon="7.69603">
        <ele>687.0</ele>
      </trkpt>
      <trkpt lat="43.9447" lon="7.69606">
        <ele>687.3</ele>
      </trkpt>
      <trkpt lat="43.94472" lon="7.69613">
        <ele>683.7</ele>
      </trkpt>
      <trkpt lat="43.94474" lon="7.69629">
        <ele>674.8</ele>
      </trkpt>
      <trkpt lat="43.94477" lon="7.69642">
        <ele>668.1</ele>
      </trkpt>
      <trkpt lat="43.94482" lon="7.69652">
        <ele>663.8</ele>
      </trkpt>
      <trkpt lat="43.94488" lon="7.69657">
        <ele>662.7</ele>
      </trkpt>
      <trkpt lat="43.94522" lon="7.69672">
        <ele>673.1</ele>
      </trkpt>
      <trkpt lat="43.94549" lon="7.6968">
        <ele>687.7</ele>
      </trkpt>
      <trkpt lat="43.94558" lon="7.6969">
        <ele>690.5</ele>
      </trkpt>
      <trkpt lat="43.94562" lon="7.697">
        <ele>690.2</ele>
      </trkpt>
      <trkpt lat="43.94561" lon="7.69721">
        <ele>683.6</ele>
      </trkpt>
      <trkpt lat="43.94553" lon="7.69775">
        <ele>664.7</ele>
      </trkpt>
      <trkpt lat="43.94553" lon="7.69781">
        <ele>663.4</ele>
      </trkpt>
      <trkpt lat="43.94554" lon="7.69786">
        <ele>663.0</ele>
      </trkpt>
      <trkpt lat="43.94557" lon="7.69791">
        <ele>663.7</ele>
      </trkpt>
      <trkpt lat="43.9456" lon="7.69794">
        <ele>664.8</ele>
      </trkpt>
      <trkpt lat="43.94564" lon="7.69796">
        <ele>666.6</ele>
      </trkpt>
      <trkpt lat="43.94606" lon="7.69804">
        <ele>688.8</ele>
      </trkpt>
      <trkpt lat="43.94613" lon="7.69807">
        <ele>692.0</ele>
      </trkpt>
      <trkpt lat="43.94622" lon="7.69817">
        <ele>694.2</ele>
      </trkpt>
      <trkpt lat="43.94625" lon="7.69829">
        <ele>692.3</ele>
      </trkpt>
      <trkpt lat="43.94623" lon="7.69879">
        <ele>676.5</ele>
      </trkpt>
      <trkpt lat="43.94625" lon="7.69899">
        <ele>671.7</ele>
      </trkpt>
      <trkpt lat="43.94633" lon="7.69908">
        <ele>673.0</ele>
      </trkpt>
      <trkpt lat="43.94651" lon="7.69916">
        <ele>679.5</ele>
      </trkpt>
      <trkpt lat="43.94671" lon="7.69934">
        <ele>680.8</ele>
      </trkpt>
      <trkpt lat="43.94682" lon="7.69935">
        <ele>684.3</ele>
      </trkpt>
      <trkpt lat="43.94703" lon="7.69932">
        <ele>692.9</ele>
      </trkpt>
      <trkpt lat="43.94715" lon="7.69945">
        <ele>691.8</ele>
      </trkpt>
      <trkpt lat="43.94729" lon="7.69966">
        <ele>688.7</ele>
      </trkpt>
      <trkpt lat="43.94741" lon="7.69973">
        <ele>690.6</ele>
      </trkpt>
      <trkpt lat="43.94776" lon="7.69971">
        <ele>707.3</ele>
      </trkpt>
      <trkpt lat="43.94788" lon="7.69978">
        <ele>710.9</ele>
      </trkpt>
      <trkpt lat="43.94793" lon="7.6999">
        <ele>709.7</ele>
      </trkpt>
      <trkpt lat="43.94794" lon="7.7002">
        <ele>705.1</ele>
      </trkpt>
      <trkpt lat="43.94798" lon="7.70047">
        <ele>704.4</ele>
      </trkpt>
      <trkpt lat="43.94797" lon="7.70086">
        <ele>700.2</ele>
      </trkpt>
      <trkpt lat="43.94803" lon="7.70104">
        <ele>704.8</ele>
      </trkpt>
      <trkpt lat="43.94816" lon="7.70133">
        <ele>712.3</ele>
      </trkpt>
      <trkpt lat="43.9483" lon="7.70148">
        <ele>718.0</ele>
      </trkpt>
      <trkpt lat="43.94835" lon="7.70162">
        <ele>720.0</ele>
      </trkpt>
      <trkpt lat="43.94831" lon="7.70172">
        <ele>720.1</ele>
      </trkpt>
      <trkpt lat="43.94824" lon="7.70179">
        <ele>720.3</ele>
      </trkpt>
      <trkpt lat="43.94798" lon="7.70196">
        <ele>718.7</ele>
      </trkpt>
      <trkpt lat="43.94772" lon="7.70204">
        <ele>714.4</ele>
      </trkpt>
      <trkpt lat="43.94724" lon="7.70222">
        <ele>706.6</ele>
      </trkpt>
      <trkpt lat="43.9471" lon="7.70238">
        <ele>707.7</ele>
      </trkpt>
      <trkpt lat="43.94704" lon="7.70259">
        <ele>713.1</ele>
      </trkpt>
      <trkpt lat="43.94707" lon="7.70273">
        <ele>719.2</ele>
      </trkpt>
      <trkpt lat="43.94707" lon="7.70292">
        <ele>725.9</ele>
      </trkpt>
      <trkpt lat="43.94704" lon="7.70309">
        <ele>730.8</ele>
      </trkpt>
      <trkpt lat="43.94691" lon="7.70321">
        <ele>730.4</ele>
      </trkpt>
      <trkpt lat="43.94657" lon="7.70337">
        <ele>724.6</ele>
      </trkpt>
      <trkpt lat="43.94615" lon="7.70382">
        <ele>720.3</ele>
      </trkpt>
      <trkpt lat="43.94611" lon="7.70389">
        <ele>719.8</ele>
      </trkpt>
      <trkpt lat="43.94612" lon="7.70399">
        <ele>721.3</ele>
      </trkpt>
      <trkpt lat="43.94635" lon="7.70436">
        <ele>730.3</ele>
      </trkpt>
      <trkpt lat="43.9465" lon="7.70463">
        <ele>735.2</ele>
      </trkpt>
      <trkpt lat="43.94672" lon="7.70492">
        <ele>747.7</ele>
      </trkpt>
      <trkpt lat="43.94681" lon="7.70515">
        <ele>753.2</ele>
      </trkpt>
      <trkpt lat="43.94683" lon="7.70541">
        <ele>754.1</ele>
      </trkpt>
      <trkpt lat="43.94682" lon="7.70573">
        <ele>752.9</ele>
      </trkpt>
      <trkpt lat="43.94674" lon="7.70604">
        <ele>748.1</ele>
      </trkpt>
      <trkpt lat="43.94675" lon="7.70651">
        <ele>749.5</ele>
      </trkpt>
      <trkpt lat="43.9467" lon="7.7068">
        <ele>745.8</ele>
      </trkpt>
      <trkpt lat="43.94664" lon="7.70701">
        <ele>740.3</ele>
      </trkpt>
      <trkpt lat="43.94662" lon="7.70714">
        <ele>737.6</ele>
      </trkpt>
      <trkpt lat="43.94665" lon="7.70721">
        <ele>738.5</ele>
      </trkpt>
      <trkpt lat="43.94679" lon="7.70722">
        <ele>742.5</ele>
      </trkpt>
      <trkpt lat="43.94695" lon="7.70713">
        <ele>748.6</ele>
      </trkpt>
      <trkpt lat="43.94708" lon="7.70702">
        <ele>755.4</ele>
      </trkpt>
      <trkpt lat="43.94722" lon="7.70697">
        <ele>761.6</ele>
      </trkpt>
      <trkpt lat="43.94735" lon="7.70699">
        <ele>765.3</ele>
      </trkpt>
      <trkpt lat="43.9475" lon="7.70709">
        <ele>766.2</ele>
      </trkpt>
      <trkpt lat="43.94766" lon="7.70714">
        <ele>763.7</ele>
      </trkpt>
      <trkpt lat="43.94778" lon="7.70705">
        <ele>767.5</ele>
      </trkpt>
      <trkpt lat="43.94792" lon="7.70691">
        <ele>773.8</ele>
      </trkpt>
      <trkpt lat="43.94808" lon="7.70677">
        <ele>780.4</ele>
      </trkpt>
      <trkpt lat="43.94817" lon="7.70674">
        <ele>782.0</ele>
      </trkpt>
      <trkpt lat="43.94831" lon="7.70677">
        <ele>780.8</ele>
      </trkpt>
      <trkpt lat="43.94848" lon="7.70684">
        <ele>779.4</ele>
      </trkpt>
      <trkpt lat="43.94861" lon="7.70679">
        <ele>783.6</ele>
      </trkpt>
      <trkpt lat="43.94876" lon="7.70677">
        <ele>786.6</ele>
      </trkpt>
      <trkpt lat="43.94908" lon="7.70677">
        <ele>791.0</ele>
      </trkpt>
      <trkpt lat="43.94918" lon="7.70675">
        <ele>793.4</ele>
      </trkpt>
      <trkpt lat="43.94918" lon="7.70675">
        <ele>793.4</ele>
      </trkpt>
      <trkpt lat="43.94927" lon="7.70672">
        <ele>797.7</ele>
      </trkpt>
      <trkpt lat="43.94938" lon="7.70677">
        <ele>800.1</ele>
      </trkpt>
      <trkpt lat="43.94948" lon="7.70687">
        <ele>800.9</ele>
      </trkpt>
      <trkpt lat="43.9497" lon="7.70707">
        <ele>804.8</ele>
      </trkpt>
      <trkpt lat="43.94973" lon="7.7072">
        <ele>803.1</ele>
      </trkpt>
      <trkpt lat="43.94972" lon="7.70745">
        <ele>796.7</ele>
      </trkpt>
      <trkpt lat="43.94968" lon="7.70779">
        <ele>789.1</ele>
      </trkpt>
      <trkpt lat="43.94968" lon="7.70807">
        <ele>785.0</ele>
      </trkpt>
      <trkpt lat="43.9497" lon="7.70828">
        <ele>782.8</ele>
      </trkpt>
      <trkpt lat="43.94974" lon="7.70839">
        <ele>781.6</ele>
      </trkpt>
      <trkpt lat="43.94986" lon="7.70845">
        <ele>783.8</ele>
      </trkpt>
      <trkpt lat="43.95005" lon="7.70845">
        <ele>790.7</ele>
      </trkpt>
      <trkpt lat="43.95027" lon="7.70844">
        <ele>798.2</ele>
      </trkpt>
      <trkpt lat="43.95064" lon="7.70834">
        <ele>816.1</ele>
      </trkpt>
      <trkpt lat="43.95076" lon="7.70837">
        <ele>818.2</ele>
      </trkpt>
      <trkpt lat="43.95099" lon="7.70862">
        <ele>810.5</ele>
      </trkpt>
      <trkpt lat="43.95114" lon="7.70866">
        <ele>813.6</ele>
      </trkpt>
      <trkpt lat="43.9514" lon="7.70866">
        <ele>823.2</ele>
      </trkpt>
      <trkpt lat="43.95162" lon="7.70865">
        <ele>831.9</ele>
      </trkpt>
      <trkpt lat="43.95177" lon="7.70871">
        <ele>833.1</ele>
      </trkpt>
      <trkpt lat="43.95189" lon="7.70886">
        <ele>827.8</ele>
      </trkpt>
      <trkpt lat="43.952" lon="7.70911">
        <ele>816.5</ele>
      </trkpt>
      <trkpt lat="43.95212" lon="7.70926">
        <ele>811.8</ele>
      </trkpt>
      <trkpt lat="43.95228" lon="7.70929">
        <ele>815.4</ele>
      </trkpt>
      <trkpt lat="43.95253" lon="7.70918">
        <ele>829.9</ele>
      </trkpt>
      <trkpt lat="43.95266" lon="7.70913">
        <ele>835.4</ele>
      </trkpt>
      <trkpt lat="43.95282" lon="7.70915">
        <ele>837.7</ele>
      </trkpt>
      <trkpt lat="43.95317" lon="7.70923">
        <ele>841.5</ele>
      </trkpt>
      <trkpt lat="43.95327" lon="7.70929">
        <ele>841.2</ele>
      </trkpt>
      <trkpt lat="43.95339" lon="7.70954">
        <ele>833.9</ele>
      </trkpt>
      <trkpt lat="43.95345" lon="7.7096">
        <ele>833.7</ele>
      </trkpt>
      <trkpt lat="43.95364" lon="7.70971">
        <ele>836.6</ele>
      </trkpt>
      <trkpt lat="43.95389" lon="7.70965">
        <ele>848.5</ele>
      </trkpt>
      <trkpt lat="43.95401" lon="7.70968">
        <ele>852.1</ele>
      </trkpt>
      <trkpt lat="43.95404" lon="7.70981">
        <ele>849.3</ele>
      </trkpt>
      <trkpt lat="43.95406" lon="7.70995">
        <ele>845.8</ele>
      </trkpt>
      <trkpt lat="43.9541" lon="7.71008">
        <ele>845.9</ele>
      </trkpt>
      <trkpt lat="43.95416" lon="7.71019">
        <ele>848.5</ele>
      </trkpt>
      <trkpt lat="43.95416" lon="7.71029">
        <ele>848.3</ele>
      </trkpt>
      <trkpt lat="43.95404" lon="7.71062">
        <ele>841.3</ele>
      </trkpt>
      <trkpt lat="43.95402" lon="7.71079">
        <ele>839.5</ele>
      </trkpt>
      <trkpt lat="43.95403" lon="7.71102">
        <ele>843.9</ele>
      </trkpt>
      <trkpt lat="43.95401" lon="7.7112">
        <ele>846.5</ele>
      </trkpt>
      <trkpt lat="43.95382" lon="7.71148">
        <ele>842.6</ele>
      </trkpt>
      <trkpt lat="43.95378" lon="7.71165">
        <ele>844.6</ele>
      </trkpt>
      <trkpt lat="43.95363" lon="7.71194">
        <ele>847.8</ele>
      </trkpt>
      <trkpt lat="43.95337" lon="7.71225">
        <ele>845.3</ele>
      </trkpt>
      <trkpt lat="43.95317" lon="7.71252">
        <ele>843.9</ele>
      </trkpt>
      <trkpt lat="43.95313" lon="7.71271">
        <ele>846.7</ele>
      </trkpt>
      <trkpt lat="43.95306" lon="7.71295">
        <ele>848.8</ele>
      </trkpt>
      <trkpt lat="43.95293" lon="7.71319">
        <ele>846.6</ele>
      </trkpt>
      <trkpt lat="43.95289" lon="7.71344">
        <ele>846.9</ele>
      </trkpt>
      <trkpt lat="43.95293" lon="7.71363">
        <ele>848.8</ele>
      </trkpt>
      <trkpt lat="43.95307" lon="7.71399">
        <ele>856.9</ele>
      </trkpt>
      <trkpt lat="43.95321" lon="7.71428">
        <ele>861.8</ele>
      </trkpt>
      <trkpt lat="43.95335" lon="7.71444">
        <ele>864.7</ele>
      </trkpt>
      <trkpt lat="43.95356" lon="7.71463">
        <ele>864.9</ele>
      </trkpt>
      <trkpt lat="43.9537" lon="7.71469">
        <ele>867.4</ele>
      </trkpt>
      <trkpt lat="43.95399" lon="7.71479">
        <ele>873.2</ele>
      </trkpt>
      <trkpt lat="43.95435" lon="7.71487">
        <ele>874.5</ele>
      </trkpt>
      <trkpt lat="43.95448" lon="7.71494">
        <ele>870.5</ele>
      </trkpt>
      <trkpt lat="43.95462" lon="7.71502">
        <ele>865.9</ele>
      </trkpt>
      <trkpt lat="43.95475" lon="7.71499">
        <ele>865.8</ele>
      </trkpt>
      <trkpt lat="43.95491" lon="7.71487">
        <ele>870.0</ele>
      </trkpt>
      <trkpt lat="43.9552" lon="7.71461">
        <ele>874.1</ele>
      </trkpt>
      <trkpt lat="43.95544" lon="7.71439">
        <ele>876.2</ele>
      </trkpt>
      <trkpt lat="43.95554" lon="7.71427">
        <ele>878.8</ele>
      </trkpt>
      <trkpt lat="43.95565" lon="7.71418">
        <ele>879.7</ele>
      </trkpt>
      <trkpt lat="43.95621" lon="7.7137">
        <ele>880.4</ele>
      </trkpt>
      <trkpt lat="43.95643" lon="7.71345">
        <ele>882.0</ele>
      </trkpt>
      <trkpt lat="43.95683" lon="7.71309">
        <ele>885.7</ele>
      </trkpt>
      <trkpt lat="43.95732" lon="7.71268">
        <ele>893.7</ele>
      </trkpt>
      <trkpt lat="43.95748" lon="7.71245">
        <ele>899.4</ele>
      </trkpt>
      <trkpt lat="43.95755" lon="7.71241">
        <ele>902.2</ele>
      </trkpt>
      <trkpt lat="43.95763" lon="7.7125">
        <ele>899.9</ele>
      </trkpt>
      <trkpt lat="43.95778" lon="7.71286">
        <ele>890.2</ele>
      </trkpt>
      <trkpt lat="43.95778" lon="7.71303">
        <ele>883.4</ele>
      </trkpt>
      <trkpt lat="43.95783" lon="7.71346">
        <ele>875.8</ele>
      </trkpt>
      <trkpt lat="43.95789" lon="7.7136">
        <ele>880.8</ele>
      </trkpt>
      <trkpt lat="43.95802" lon="7.71371">
        <ele>888.3</ele>
      </trkpt>
      <trkpt lat="43.95832" lon="7.71377">
        <ele>902.2</ele>
      </trkpt>
      <trkpt lat="43.95851" lon="7.71382">
        <ele>914.3</ele>
      </trkpt>
      <trkpt lat="43.95859" lon="7.71388">
        <ele>919.4</ele>
      </trkpt>
      <trkpt lat="43.95865" lon="7.71403">
        <ele>923.2</ele>
      </trkpt>
      <trkpt lat="43.95867" lon="7.71429">
        <ele>923.4</ele>
      </trkpt>
      <trkpt lat="43.95861" lon="7.71459">
        <ele>918.6</ele>
      </trkpt>
      <trkpt lat="43.95848" lon="7.71491">
        <ele>911.6</ele>
      </trkpt>
      <trkpt lat="43.95835" lon="7.71512">
        <ele>904.0</ele>
      </trkpt>
      <trkpt lat="43.9583" lon="7.71533">
        <ele>897.1</ele>
      </trkpt>
      <trkpt lat="43.95833" lon="7.71557">
        <ele>893.5</ele>
      </trkpt>
      <trkpt lat="43.95838" lon="7.71575">
        <ele>892.0</ele>
      </trkpt>
      <trkpt lat="43.95873" lon="7.7159">
        <ele>906.2</ele>
      </trkpt>
      <trkpt lat="43.95888" lon="7.71602">
        <ele>911.5</ele>
      </trkpt>
      <trkpt lat="43.959" lon="7.7162">
        <ele>914.5</ele>
      </trkpt>
      <trkpt lat="43.95901" lon="7.71639">
        <ele>911.7</ele>
      </trkpt>
      <trkpt lat="43.95897" lon="7.71688">
        <ele>901.4</ele>
      </trkpt>
      <trkpt lat="43.959" lon="7.71716">
        <ele>898.7</ele>
      </trkpt>
      <trkpt lat="43.95903" lon="7.71725">
        <ele>898.9</ele>
      </trkpt>
      <trkpt lat="43.9592" lon="7.71729">
        <ele>905.9</ele>
      </trkpt>
      <trkpt lat="43.96004" lon="7.71715">
        <ele>923.5</ele>
      </trkpt>
      <trkpt lat="43.96052" lon="7.71711">
        <ele>937.3</ele>
      </trkpt>
      <trkpt lat="43.96079" lon="7.71724">
        <ele>936.6</ele>
      </trkpt>
      <trkpt lat="43.96099" lon="7.71743">
        <ele>929.6</ele>
      </trkpt>
      <trkpt lat="43.96127" lon="7.71779">
        <ele>920.6</ele>
      </trkpt>
      <trkpt lat="43.96139" lon="7.71785">
        <ele>920.8</ele>
      </trkpt>
      <trkpt lat="43.96153" lon="7.71774">
        <ele>927.3</ele>
      </trkpt>
      <trkpt lat="43.96166" lon="7.71758">
        <ele>935.2</ele>
      </trkpt>
      <trkpt lat="43.96181" lon="7.71737">
        <ele>940.1</ele>
      </trkpt>
      <trkpt lat="43.96199" lon="7.71719">
        <ele>943.4</ele>
      </trkpt>
      <trkpt lat="43.96224" lon="7.717">
        <ele>945.2</ele>
      </trkpt>
      <trkpt lat="43.96249" lon="7.71678">
        <ele>947.9</ele>
      </trkpt>
      <trkpt lat="43.96261" lon="7.71656">
        <ele>957.2</ele>
      </trkpt>
      <trkpt lat="43.96274" lon="7.71635">
        <ele>964.8</ele>
      </trkpt>
      <trkpt lat="43.96294" lon="7.71621">
        <ele>969.0</ele>
      </trkpt>
      <trkpt lat="43.96324" lon="7.71594">
        <ele>972.6</ele>
      </trkpt>
      <trkpt lat="43.96379" lon="7.7154">
        <ele>982.9</ele>
      </trkpt>
      <trkpt lat="43.96408" lon="7.71516">
        <ele>985.1</ele>
      </trkpt>
      <trkpt lat="43.9644" lon="7.71499">
        <ele>990.1</ele>
      </trkpt>
      <trkpt lat="43.96451" lon="7.71498">
        <ele>991.3</ele>
      </trkpt>
      <trkpt lat="43.96457" lon="7.71507">
        <ele>990.0</ele>
      </trkpt>
      <trkpt lat="43.96457" lon="7.71525">
        <ele>987.8</ele>
      </trkpt>
      <trkpt lat="43.96453" lon="7.71544">
        <ele>984.3</ele>
      </trkpt>
      <trkpt lat="43.96454" lon="7.71557">
        <ele>982.8</ele>
      </trkpt>
      <trkpt lat="43.96461" lon="7.71569">
        <ele>983.7</ele>
      </trkpt>
      <trkpt lat="43.96505" lon="7.71595">
        <ele>999.7</ele>
      </trkpt>
      <trkpt lat="43.9651" lon="7.71604">
        <ele>1000.8</ele>
      </trkpt>
      <trkpt lat="43.96513" lon="7.71612">
        <ele>1001.3</ele>
      </trkpt>
      <trkpt lat="43.96515" lon="7.71625">
        <ele>1001.3</ele>
      </trkpt>
      <trkpt lat="43.96518" lon="7.71643">
        <ele>1001.4</ele>
      </trkpt>
      <trkpt lat="43.9654" lon="7.71685">
        <ele>1007.5</ele>
      </trkpt>
      <trkpt lat="43.96548" lon="7.71715">
        <ele>1006.9</ele>
      </trkpt>
      <trkpt lat="43.96555" lon="7.71743">
        <ele>1005.8</ele>
      </trkpt>
      <trkpt lat="43.96568" lon="7.71828">
        <ele>1001.3</ele>
      </trkpt>
      <trkpt lat="43.96577" lon="7.71846">
        <ele>1001.6</ele>
      </trkpt>
      <trkpt lat="43.96584" lon="7.71857">
        <ele>1002.2</ele>
      </trkpt>
      <trkpt lat="43.96584" lon="7.71857">
        <ele>1002.2</ele>
      </trkpt>
      <trkpt lat="43.96618" lon="7.71908">
        <ele>1010.8</ele>
      </trkpt>
      <trkpt lat="43.96624" lon="7.71929">
        <ele>1011.5</ele>
      </trkpt>
      <trkpt lat="43.96626" lon="7.71968">
        <ele>1009.1</ele>
      </trkpt>
      <trkpt lat="43.96628" lon="7.71985">
        <ele>1008.4</ele>
      </trkpt>
      <trkpt lat="43.96634" lon="7.72003">
        <ele>1009.1</ele>
      </trkpt>
      <trkpt lat="43.96643" lon="7.72021">
        <ele>1011.5</ele>
      </trkpt>
      <trkpt lat="43.96658" lon="7.72033">
        <ele>1016.3</ele>
      </trkpt>
      <trkpt lat="43.96676" lon="7.72043">
        <ele>1023.8</ele>
      </trkpt>
      <trkpt lat="43.96685" lon="7.72057">
        <ele>1028.0</ele>
      </trkpt>
      <trkpt lat="43.96687" lon="7.72084">
        <ele>1028.4</ele>
      </trkpt>
      <trkpt lat="43.9668" lon="7.72105">
        <ele>1028.7</ele>
      </trkpt>
      <trkpt lat="43.96663" lon="7.72128">
        <ele>1024.9</ele>
      </trkpt>
      <trkpt lat="43.9665" lon="7.72179">
        <ele>1031.2</ele>
      </trkpt>
      <trkpt lat="43.96639" lon="7.72199">
        <ele>1031.7</ele>
      </trkpt>
      <trkpt lat="43.96624" lon="7.72223">
        <ele>1031.1</ele>
      </trkpt>
      <trkpt lat="43.96613" lon="7.72244">
        <ele>1031.0</ele>
      </trkpt>
      <trkpt lat="43.96606" lon="7.72267">
        <ele>1029.2</ele>
      </trkpt>
      <trkpt lat="43.96606" lon="7.7229">
        <ele>1029.2</ele>
      </trkpt>
      <trkpt lat="43.9661" lon="7.72314">
        <ele>1031.1</ele>
      </trkpt>
      <trkpt lat="43.96626" lon="7.72332">
        <ele>1039.0</ele>
      </trkpt>
      <trkpt lat="43.96674" lon="7.72369">
        <ele>1048.9</ele>
      </trkpt>
      <trkpt lat="43.96683" lon="7.72381">
        <ele>1047.7</ele>
      </trkpt>
      <trkpt lat="43.96688" lon="7.72393">
        <ele>1045.4</ele>
      </trkpt>
      <trkpt lat="43.96698" lon="7.72399">
        <ele>1046.9</ele>
      </trkpt>
      <trkpt lat="43.9671" lon="7.724">
        <ele>1050.7</ele>
      </trkpt>
      <trkpt lat="43.96744" lon="7.72406">
        <ele>1060.7</ele>
      </trkpt>
      <trkpt lat="43.96782" lon="7.72415">
        <ele>1073.4</ele>
      </trkpt>
      <trkpt lat="43.96791" lon="7.72423">
        <ele>1076.0</ele>
      </trkpt>
      <trkpt lat="43.96795" lon="7.72436">
        <ele>1076.3</ele>
      </trkpt>
      <trkpt lat="43.96797" lon="7.72449">
        <ele>1075.8</ele>
      </trkpt>
      <trkpt lat="43.96793" lon="7.72486">
        <ele>1069.8</ele>
      </trkpt>
      <trkpt lat="43.96794" lon="7.72535">
        <ele>1067.7</ele>
      </trkpt>
      <trkpt lat="43.96811" lon="7.72613">
        <ele>1074.2</ele>
      </trkpt>
      <trkpt lat="43.96813" lon="7.72642">
        <ele>1073.8</ele>
      </trkpt>
      <trkpt lat="43.96815" lon="7.72664">
        <ele>1073.6</ele>
      </trkpt>
      <trkpt lat="43.9682" lon="7.72672">
        <ele>1076.3</ele>
      </trkpt>
      <trkpt lat="43.96823" lon="7.72676">
        <ele>1078.1</ele>
      </trkpt>
      <trkpt lat="43.96851" lon="7.72684">
        <ele>1089.0</ele>
      </trkpt>
      <trkpt lat="43.96856" lon="7.72696">
        <ele>1091.6</ele>
      </trkpt>
      <trkpt lat="43.96857" lon="7.72705">
        <ele>1092.7</ele>
      </trkpt>
      <trkpt lat="43.96853" lon="7.72723">
        <ele>1093.0</ele>
      </trkpt>
      <trkpt lat="43.96839" lon="7.72749">
        <ele>1090.8</ele>
      </trkpt>
      <trkpt lat="43.96834" lon="7.72776">
        <ele>1094.2</ele>
      </trkpt>
      <trkpt lat="43.96831" lon="7.72803">
        <ele>1098.4</ele>
      </trkpt>
      <trkpt lat="43.96828" lon="7.72814">
        <ele>1099.5</ele>
      </trkpt>
      <trkpt lat="43.96801" lon="7.72853">
        <ele>1098.1</ele>
      </trkpt>
      <trkpt lat="43.96797" lon="7.72872">
        <ele>1100.2</ele>
      </trkpt>
      <trkpt lat="43.96798" lon="7.72888">
        <ele>1103.8</ele>
      </trkpt>
      <trkpt lat="43.96797" lon="7.72903">
        <ele>1106.2</ele>
      </trkpt>
      <trkpt lat="43.96793" lon="7.72925">
        <ele>1107.6</ele>
      </trkpt>
      <trkpt lat="43.96788" lon="7.7294">
        <ele>1106.4</ele>
      </trkpt>
      <trkpt lat="43.96784" lon="7.72962">
        <ele>1106.3</ele>
      </trkpt>
      <trkpt lat="43.96786" lon="7.72985">
        <ele>1109.7</ele>
      </trkpt>
      <trkpt lat="43.96788" lon="7.7303">
        <ele>1111.7</ele>
      </trkpt>
      <trkpt lat="43.96779" lon="7.73104">
        <ele>1106.8</ele>
      </trkpt>
      <trkpt lat="43.96779" lon="7.73124">
        <ele>1106.5</ele>
      </trkpt>
      <trkpt lat="43.96787" lon="7.73162">
        <ele>1106.8</ele>
      </trkpt>
      <trkpt lat="43.96792" lon="7.73149">
        <ele>1108.1</ele>
      </trkpt>
      <trkpt lat="43.96824" lon="7.73094">
        <ele>1122.6</ele>
      </trkpt>
      <trkpt lat="43.96844" lon="7.73075">
        <ele>1126.9</ele>
      </trkpt>
      <trkpt lat="43.96882" lon="7.73046">
        <ele>1128.0</ele>
      </trkpt>
      <trkpt lat="43.96899" lon="7.73025">
        <ele>1134.3</ele>
      </trkpt>
      <trkpt lat="43.96916" lon="7.73013">
        <ele>1139.2</ele>
      </trkpt>
      <trkpt lat="43.96937" lon="7.72999">
        <ele>1138.4</ele>
      </trkpt>
      <trkpt lat="43.96956" lon="7.72989">
        <ele>1135.0</ele>
      </trkpt>
      <trkpt lat="43.96985" lon="7.72977">
        <ele>1131.8</ele>
      </trkpt>
      <trkpt lat="43.9701" lon="7.72946">
        <ele>1139.2</ele>
      </trkpt>
      <trkpt lat="43.97033" lon="7.72924">
        <ele>1139.8</ele>
      </trkpt>
      <trkpt lat="43.97062" lon="7.72886">
        <ele>1133.5</ele>
      </trkpt>
      <trkpt lat="43.97071" lon="7.72871">
        <ele>1131.4</ele>
      </trkpt>
      <trkpt lat="43.97074" lon="7.72852">
        <ele>1132.3</ele>
      </trkpt>
      <trkpt lat="43.97071" lon="7.72836">
        <ele>1135.1</ele>
      </trkpt>
      <trkpt lat="43.97067" lon="7.72818">
        <ele>1135.4</ele>
      </trkpt>
      <trkpt lat="43.97055" lon="7.72783">
        <ele>1135.7</ele>
      </trkpt>
      <trkpt lat="43.97038" lon="7.72742">
        <ele>1135.9</ele>
      </trkpt>
      <trkpt lat="43.97036" lon="7.7273">
        <ele>1135.5</ele>
      </trkpt>
      <trkpt lat="43.97037" lon="7.72681">
        <ele>1132.0</ele>
      </trkpt>
      <trkpt lat="43.97038" lon="7.72669">
        <ele>1131.0</ele>
      </trkpt>
      <trkpt lat="43.97048" lon="7.7262">
        <ele>1136.4</ele>
      </trkpt>
      <trkpt lat="43.97061" lon="7.7258">
        <ele>1142.6</ele>
      </trkpt>
      <trkpt lat="43.97072" lon="7.72558">
        <ele>1149.0</ele>
      </trkpt>
      <trkpt lat="43.9708" lon="7.72535">
        <ele>1156.2</ele>
      </trkpt>
      <trkpt lat="43.97088" lon="7.72525">
        <ele>1158.1</ele>
      </trkpt>
      <trkpt lat="43.97139" lon="7.72481">
        <ele>1152.5</ele>
      </trkpt>
      <trkpt lat="43.97144" lon="7.72472">
        <ele>1150.9</ele>
      </trkpt>
      <trkpt lat="43.97142" lon="7.7246">
        <ele>1151.7</ele>
      </trkpt>
      <trkpt lat="43.97136" lon="7.72452">
        <ele>1154.0</ele>
      </trkpt>
      <trkpt lat="43.97117" lon="7.72405">
        <ele>1163.9</ele>
      </trkpt>
      <trkpt lat="43.97108" lon="7.72373">
        <ele>1169.3</ele>
      </trkpt>
      <trkpt lat="43.97104" lon="7.72341">
        <ele>1172.8</ele>
      </trkpt>
      <trkpt lat="43.97098" lon="7.72266">
        <ele>1182.1</ele>
      </trkpt>
      <trkpt lat="43.97089" lon="7.72229">
        <ele>1190.4</ele>
      </trkpt>
      <trkpt lat="43.97088" lon="7.72205">
        <ele>1192.3</ele>
      </trkpt>
      <trkpt lat="43.97091" lon="7.72176">
        <ele>1192.1</ele>
      </trkpt>
      <trkpt lat="43.97107" lon="7.72109">
        <ele>1187.3</ele>
      </trkpt>
      <trkpt lat="43.97106" lon="7.72041">
        <ele>1190.3</ele>
      </trkpt>
      <trkpt lat="43.97104" lon="7.71972">
        <ele>1193.8</ele>
      </trkpt>
      <trkpt lat="43.97105" lon="7.71936">
        <ele>1196.0</ele>
      </trkpt>
      <trkpt lat="43.97107" lon="7.7192">
        <ele>1196.5</ele>
      </trkpt>
      <trkpt lat="43.9711" lon="7.71909">
        <ele>1196.8</ele>
      </trkpt>
      <trkpt lat="43.97118" lon="7.71896">
        <ele>1195.9</ele>
      </trkpt>
      <trkpt lat="43.97125" lon="7.7188">
        <ele>1196.0</ele>
      </trkpt>
      <trkpt lat="43.97128" lon="7.71866">
        <ele>1197.2</ele>
      </trkpt>
      <trkpt lat="43.97126" lon="7.71851">
        <ele>1200.0</ele>
      </trkpt>
      <trkpt lat="43.97121" lon="7.71822">
        <ele>1205.8</ele>
      </trkpt>
      <trkpt lat="43.9712" lon="7.71811">
        <ele>1207.7</ele>
      </trkpt>
      <trkpt lat="43.97124" lon="7.71795">
        <ele>1209.2</ele>
      </trkpt>
      <trkpt lat="43.97136" lon="7.71775">
        <ele>1210.4</ele>
      </trkpt>
      <trkpt lat="43.97175" lon="7.71721">
        <ele>1215.2</ele>
      </trkpt>
      <trkpt lat="43.9718" lon="7.71707">
        <ele>1215.9</ele>
      </trkpt>
      <trkpt lat="43.97181" lon="7.71696">
        <ele>1218.0</ele>
      </trkpt>
      <trkpt lat="43.97179" lon="7.71685">
        <ele>1221.8</ele>
      </trkpt>
      <trkpt lat="43.97177" lon="7.71679">
        <ele>1224.5</ele>
      </trkpt>
      <trkpt lat="43.97177" lon="7.71666">
        <ele>1227.7</ele>
      </trkpt>
      <trkpt lat="43.97181" lon="7.71648">
        <ele>1230.5</ele>
      </trkpt>
      <trkpt lat="43.97204" lon="7.7157">
        <ele>1237.2</ele>
      </trkpt>
      <trkpt lat="43.97227" lon="7.71492">
        <ele>1249.3</ele>
      </trkpt>
      <trkpt lat="43.97232" lon="7.7148">
        <ele>1252.2</ele>
      </trkpt>
      <trkpt lat="43.97246" lon="7.71473">
        <ele>1249.3</ele>
      </trkpt>
      <trkpt lat="43.97319" lon="7.71466">
        <ele>1241.2</ele>
      </trkpt>
      <trkpt lat="43.97336" lon="7.7146">
        <ele>1241.0</ele>
      </trkpt>
      <trkpt lat="43.97348" lon="7.71449">
        <ele>1240.8</ele>
      </trkpt>
      <trkpt lat="43.97371" lon="7.71417">
        <ele>1244.0</ele>
      </trkpt>
      <trkpt lat="43.97381" lon="7.71397">
        <ele>1245.9</ele>
      </trkpt>
      <trkpt lat="43.97393" lon="7.71367">
        <ele>1249.4</ele>
      </trkpt>
      <trkpt lat="43.97398" lon="7.71347">
        <ele>1253.0</ele>
      </trkpt>
      <trkpt lat="43.97402" lon="7.71325">
        <ele>1257.5</ele>
      </trkpt>
      <trkpt lat="43.97417" lon="7.71257">
        <ele>1271.3</ele>
      </trkpt>
      <trkpt lat="43.97425" lon="7.71226">
        <ele>1274.1</ele>
      </trkpt>
      <trkpt lat="43.97446" lon="7.71171">
        <ele>1277.5</ele>
      </trkpt>
      <trkpt lat="43.97464" lon="7.71147">
        <ele>1274.0</ele>
      </trkpt>
      <trkpt lat="43.97473" lon="7.71144">
        <ele>1271.5</ele>
      </trkpt>
      <trkpt lat="43.97481" lon="7.71145">
        <ele>1268.6</ele>
      </trkpt>
      <trkpt lat="43.9749" lon="7.71141">
        <ele>1266.6</ele>
      </trkpt>
      <trkpt lat="43.97497" lon="7.71137">
        <ele>1265.5</ele>
      </trkpt>
      <trkpt lat="43.97511" lon="7.7112">
        <ele>1266.1</ele>
      </trkpt>
      <trkpt lat="43.97559" lon="7.71081">
        <ele>1268.1</ele>
      </trkpt>
      <trkpt lat="43.97559" lon="7.71081">
        <ele>1268.1</ele>
      </trkpt>
      <trkpt lat="43.97574" lon="7.7107">
        <ele>1266.3</ele>
      </trkpt>
      <trkpt lat="43.97593" lon="7.71061">
        <ele>1264.5</ele>
      </trkpt>
      <trkpt lat="43.97617" lon="7.71047">
        <ele>1262.9</ele>
      </trkpt>
      <trkpt lat="43.9764" lon="7.71036">
        <ele>1261.8</ele>
      </trkpt>
      <trkpt lat="43.9766" lon="7.71023">
        <ele>1262.5</ele>
      </trkpt>
      <trkpt lat="43.97676" lon="7.71011">
        <ele>1263.3</ele>
      </trkpt>
      <trkpt lat="43.97689" lon="7.70998">
        <ele>1263.9</ele>
      </trkpt>
      <trkpt lat="43.977" lon="7.70986">
        <ele>1261.8</ele>
      </trkpt>
      <trkpt lat="43.97717" lon="7.70961">
        <ele>1261.3</ele>
      </trkpt>
      <trkpt lat="43.97727" lon="7.70941">
        <ele>1263.3</ele>
      </trkpt>
      <trkpt lat="43.97734" lon="7.7092">
        <ele>1266.7</ele>
      </trkpt>
      <trkpt lat="43.97743" lon="7.70902">
        <ele>1268.5</ele>
      </trkpt>
      <trkpt lat="43.97756" lon="7.70886">
        <ele>1270.9</ele>
      </trkpt>
      <trkpt lat="43.97767" lon="7.70876">
        <ele>1272.3</ele>
      </trkpt>
      <trkpt lat="43.97788" lon="7.70865">
        <ele>1275.6</ele>
      </trkpt>
      <trkpt lat="43.97807" lon="7.70856">
        <ele>1279.4</ele>
      </trkpt>
      <trkpt lat="43.9784" lon="7.70846">
        <ele>1283.7</ele>
      </trkpt>
      <trkpt lat="43.97857" lon="7.70839">
        <ele>1280.9</ele>
      </trkpt>
      <trkpt lat="43.97864" lon="7.70831">
        <ele>1280.8</ele>
      </trkpt>
      <trkpt lat="43.97868" lon="7.70822">
        <ele>1280.5</ele>
      </trkpt>
      <trkpt lat="43.97878" lon="7.70805">
        <ele>1280.5</ele>
      </trkpt>
      <trkpt lat="43.97918" lon="7.70751">
        <ele>1288.6</ele>
      </trkpt>
      <trkpt lat="43.97944" lon="7.70722">
        <ele>1285.3</ele>
      </trkpt>
      <trkpt lat="43.97959" lon="7.70709">
        <ele>1286.6</ele>
      </trkpt>
      <trkpt lat="43.97975" lon="7.70696">
        <ele>1290.0</ele>
      </trkpt>
      <trkpt lat="43.97987" lon="7.70684">
        <ele>1294.4</ele>
      </trkpt>
      <trkpt lat="43.98" lon="7.70675">
        <ele>1299.9</ele>
      </trkpt>
      <trkpt lat="43.98019" lon="7.70666">
        <ele>1304.3</ele>
      </trkpt>
      <trkpt lat="43.98033" lon="7.70663">
        <ele>1306.2</ele>
      </trkpt>
      <trkpt lat="43.98048" lon="7.70661">
        <ele>1308.5</ele>
      </trkpt>
      <trkpt lat="43.98065" lon="7.7066">
        <ele>1311.1</ele>
      </trkpt>
      <trkpt lat="43.98084" lon="7.70658">
        <ele>1314.3</ele>
      </trkpt>
      <trkpt lat="43.98098" lon="7.70654">
        <ele>1313.2</ele>
      </trkpt>
      <trkpt lat="43.98111" lon="7.70644">
        <ele>1314.3</ele>
      </trkpt>
      <trkpt lat="43.98135" lon="7.70617">
        <ele>1320.0</ele>
      </trkpt>
      <trkpt lat="43.98144" lon="7.70601">
        <ele>1324.5</ele>
      </trkpt>
      <trkpt lat="43.98156" lon="7.70592">
        <ele>1326.6</ele>
      </trkpt>
      <trkpt lat="43.98165" lon="7.70589">
        <ele>1327.0</ele>
      </trkpt>
      <trkpt lat="43.98176" lon="7.70586">
        <ele>1328.2</ele>
      </trkpt>
      <trkpt lat="43.9819" lon="7.7058">
        <ele>1331.1</ele>
      </trkpt>
      <trkpt lat="43.98207" lon="7.70565">
        <ele>1338.2</ele>
      </trkpt>
      <trkpt lat="43.98213" lon="7.70563">
        <ele>1339.2</ele>
      </trkpt>
      <trkpt lat="43.98221" lon="7.70563">
        <ele>1339.4</ele>
      </trkpt>
      <trkpt lat="43.98227" lon="7.70569">
        <ele>1336.9</ele>
      </trkpt>
      <trkpt lat="43.98232" lon="7.7058">
        <ele>1332.1</ele>
      </trkpt>
      <trkpt lat="43.98242" lon="7.70586">
        <ele>1329.5</ele>
      </trkpt>
      <trkpt lat="43.9826" lon="7.70586">
        <ele>1329.9</ele>
      </trkpt>
      <trkpt lat="43.9827" lon="7.70585">
        <ele>1330.6</ele>
      </trkpt>
      <trkpt lat="43.98278" lon="7.70578">
        <ele>1334.1</ele>
      </trkpt>
      <trkpt lat="43.98289" lon="7.70572">
        <ele>1337.0</ele>
      </trkpt>
      <trkpt lat="43.98301" lon="7.70571">
        <ele>1337.8</ele>
      </trkpt>
      <trkpt lat="43.98327" lon="7.70576">
        <ele>1336.2</ele>
      </trkpt>
      <trkpt lat="43.98335" lon="7.70574">
        <ele>1337.5</ele>
      </trkpt>
      <trkpt lat="43.98351" lon="7.70568">
        <ele>1342.0</ele>
      </trkpt>
      <trkpt lat="43.98374" lon="7.70563">
        <ele>1346.5</ele>
      </trkpt>
      <trkpt lat="43.98383" lon="7.70565">
        <ele>1346.7</ele>
      </trkpt>
      <trkpt lat="43.984" lon="7.70578">
        <ele>1344.3</ele>
      </trkpt>
      <trkpt lat="43.98419" lon="7.70587">
        <ele>1343.6</ele>
      </trkpt>
      <trkpt lat="43.98439" lon="7.70592">
        <ele>1342.8</ele>
      </trkpt>
      <trkpt lat="43.98457" lon="7.70591">
        <ele>1344.5</ele>
      </trkpt>
      <trkpt lat="43.98474" lon="7.70588">
        <ele>1347.0</ele>
      </trkpt>
      <trkpt lat="43.9851" lon="7.70575">
        <ele>1354.4</ele>
      </trkpt>
      <trkpt lat="43.98531" lon="7.70573">
        <ele>1357.5</ele>
      </trkpt>
      <trkpt lat="43.98543" lon="7.70574">
        <ele>1358.7</ele>
      </trkpt>
      <trkpt lat="43.9856" lon="7.70582">
        <ele>1359.2</ele>
      </trkpt>
      <trkpt lat="43.98568" lon="7.70585">
        <ele>1359.1</ele>
      </trkpt>
      <trkpt lat="43.98586" lon="7.70586">
        <ele>1360.7</ele>
      </trkpt>
      <trkpt lat="43.9861" lon="7.70586">
        <ele>1361.9</ele>
      </trkpt>
      <trkpt lat="43.98615" lon="7.70584">
        <ele>1363.2</ele>
      </trkpt>
      <trkpt lat="43.9862" lon="7.70577">
        <ele>1365.1</ele>
      </trkpt>
      <trkpt lat="43.98622" lon="7.70567">
        <ele>1367.4</ele>
      </trkpt>
      <trkpt lat="43.98618" lon="7.70562">
        <ele>1368.3</ele>
      </trkpt>
      <trkpt lat="43.9861" lon="7.70561">
        <ele>1368.0</ele>
      </trkpt>
      <trkpt lat="43.98603" lon="7.70563">
        <ele>1367.1</ele>
      </trkpt>
      <trkpt lat="43.98595" lon="7.70567">
        <ele>1365.8</ele>
      </trkpt>
      <trkpt lat="43.98583" lon="7.70569">
        <ele>1364.7</ele>
      </trkpt>
      <trkpt lat="43.98566" lon="7.70562">
        <ele>1364.1</ele>
      </trkpt>
      <trkpt lat="43.98558" lon="7.70554">
        <ele>1364.8</ele>
      </trkpt>
      <trkpt lat="43.98514" lon="7.70521">
        <ele>1367.9</ele>
      </trkpt>
      <trkpt lat="43.98503" lon="7.7051">
        <ele>1369.7</ele>
      </trkpt>
      <trkpt lat="43.98498" lon="7.70498">
        <ele>1371.7</ele>
      </trkpt>
      <trkpt lat="43.98497" lon="7.70487">
        <ele>1370.7</ele>
      </trkpt>
      <trkpt lat="43.98498" lon="7.70477">
        <ele>1369.8</ele>
      </trkpt>
      <trkpt lat="43.98505" lon="7.70469">
        <ele>1369.2</ele>
      </trkpt>
      <trkpt lat="43.98511" lon="7.70468">
        <ele>1369.3</ele>
      </trkpt>
      <trkpt lat="43.98538" lon="7.70481">
        <ele>1372.1</ele>
      </trkpt>
      <trkpt lat="43.98569" lon="7.70493">
        <ele>1375.7</ele>
      </trkpt>
      <trkpt lat="43.986" lon="7.70509">
        <ele>1378.0</ele>
      </trkpt>
      <trkpt lat="43.98615" lon="7.70514">
        <ele>1378.4</ele>
      </trkpt>
      <trkpt lat="43.98631" lon="7.70518">
        <ele>1379.1</ele>
      </trkpt>
      <trkpt lat="43.98648" lon="7.70517">
        <ele>1380.9</ele>
      </trkpt>
      <trkpt lat="43.98675" lon="7.70501">
        <ele>1387.7</ele>
      </trkpt>
      <trkpt lat="43.98721" lon="7.70468">
        <ele>1392.3</ele>
      </trkpt>
      <trkpt lat="43.98768" lon="7.70435">
        <ele>1404.5</ele>
      </trkpt>
      <trkpt lat="43.98785" lon="7.70421">
        <ele>1412.3</ele>
      </trkpt>
      <trkpt lat="43.98789" lon="7.70415">
        <ele>1414.5</ele>
      </trkpt>
      <trkpt lat="43.98791" lon="7.70406">
        <ele>1416.0</ele>
      </trkpt>
      <trkpt lat="43.98787" lon="7.70368">
        <ele>1417.2</ele>
      </trkpt>
      <trkpt lat="43.98778" lon="7.70344">
        <ele>1415.6</ele>
      </trkpt>
      <trkpt lat="43.98766" lon="7.70317">
        <ele>1411.4</ele>
      </trkpt>
      <trkpt lat="43.98746" lon="7.70298">
        <ele>1405.2</ele>
      </trkpt>
      <trkpt lat="43.98745" lon="7.70288">
        <ele>1405.1</ele>
      </trkpt>
      <trkpt lat="43.98748" lon="7.70279">
        <ele>1405.7</ele>
      </trkpt>
      <trkpt lat="43.98757" lon="7.70271">
        <ele>1407.7</ele>
      </trkpt>
      <trkpt lat="43.98772" lon="7.70266">
        <ele>1411.2</ele>
      </trkpt>
      <trkpt lat="43.98792" lon="7.70254">
        <ele>1414.9</ele>
      </trkpt>
      <trkpt lat="43.9881" lon="7.70244">
        <ele>1416.2</ele>
      </trkpt>
      <trkpt lat="43.98831" lon="7.70236">
        <ele>1417.7</ele>
      </trkpt>
      <trkpt lat="43.98853" lon="7.70232">
        <ele>1418.9</ele>
      </trkpt>
      <trkpt lat="43.98881" lon="7.70232">
        <ele>1421.9</ele>
      </trkpt>
      <trkpt lat="43.989" lon="7.70237">
        <ele>1426.2</ele>
      </trkpt>
      <trkpt lat="43.98925" lon="7.70246">
        <ele>1431.9</ele>
      </trkpt>
      <trkpt lat="43.98975" lon="7.70269">
        <ele>1439.2</ele>
      </trkpt>
      <trkpt lat="43.98993" lon="7.70282">
        <ele>1443.8</ele>
      </trkpt>
      <trkpt lat="43.99005" lon="7.70287">
        <ele>1446.3</ele>
      </trkpt>
      <trkpt lat="43.99014" lon="7.70288">
        <ele>1447.9</ele>
      </trkpt>
      <trkpt lat="43.99032" lon="7.70275">
        <ele>1445.3</ele>
      </trkpt>
      <trkpt lat="43.99049" lon="7.70266">
        <ele>1444.4</ele>
      </trkpt>
      <trkpt lat="43.99069" lon="7.70268">
        <ele>1448.0</ele>
      </trkpt>
      <trkpt lat="43.99087" lon="7.70275">
        <ele>1453.7</ele>
      </trkpt>
      <trkpt lat="43.99104" lon="7.70274">
        <ele>1459.5</ele>
      </trkpt>
      <trkpt lat="43.99118" lon="7.70263">
        <ele>1461.6</ele>
      </trkpt>
      <trkpt lat="43.99125" lon="7.70251">
        <ele>1461.3</ele>
      </trkpt>
      <trkpt lat="43.99126" lon="7.70229">
        <ele>1458.2</ele>
      </trkpt>
      <trkpt lat="43.99126" lon="7.7022">
        <ele>1456.8</ele>
      </trkpt>
      <trkpt lat="43.99127" lon="7.70201">
        <ele>1454.3</ele>
      </trkpt>
      <trkpt lat="43.99142" lon="7.70143">
        <ele>1457.0</ele>
      </trkpt>
      <trkpt lat="43.99143" lon="7.70133">
        <ele>1457.8</ele>
      </trkpt>
      <trkpt lat="43.99142" lon="7.70121">
        <ele>1457.7</ele>
      </trkpt>
      <trkpt lat="43.99139" lon="7.70106">
        <ele>1456.9</ele>
      </trkpt>
      <trkpt lat="43.99136" lon="7.70053">
        <ele>1456.6</ele>
      </trkpt>
      <trkpt lat="43.99133" lon="7.7004">
        <ele>1455.6</ele>
      </trkpt>
      <trkpt lat="43.99128" lon="7.70025">
        <ele>1454.2</ele>
      </trkpt>
      <trkpt lat="43.99117" lon="7.70009">
        <ele>1451.5</ele>
      </trkpt>
      <trkpt lat="43.99112" lon="7.69999">
        <ele>1450.5</ele>
      </trkpt>
      <trkpt lat="43.99108" lon="7.69985">
        <ele>1448.1</ele>
      </trkpt>
      <trkpt lat="43.99107" lon="7.69978">
        <ele>1447.2</ele>
      </trkpt>
      <trkpt lat="43.99108" lon="7.6994">
        <ele>1443.8</ele>
      </trkpt>
      <trkpt lat="43.9912" lon="7.69902">
        <ele>1441.5</ele>
      </trkpt>
      <trkpt lat="43.99118" lon="7.69875">
        <ele>1440.9</ele>
      </trkpt>
      <trkpt lat="43.99104" lon="7.69827">
        <ele>1443.4</ele>
      </trkpt>
      <trkpt lat="43.99093" lon="7.69811">
        <ele>1447.4</ele>
      </trkpt>
      <trkpt lat="43.99072" lon="7.69791">
        <ele>1450.1</ele>
      </trkpt>
      <trkpt lat="43.99048" lon="7.69772">
        <ele>1448.8</ele>
      </trkpt>
      <trkpt lat="43.99041" lon="7.69765">
        <ele>1448.5</ele>
      </trkpt>
      <trkpt lat="43.99039" lon="7.6976">
        <ele>1448.7</ele>
      </trkpt>
      <trkpt lat="43.99043" lon="7.69751">
        <ele>1450.1</ele>
      </trkpt>
      <trkpt lat="43.99053" lon="7.6974">
        <ele>1450.0</ele>
      </trkpt>
      <trkpt lat="43.99071" lon="7.69725">
        <ele>1450.7</ele>
      </trkpt>
      <trkpt lat="43.99095" lon="7.69693">
        <ele>1448.5</ele>
      </trkpt>
      <trkpt lat="43.99102" lon="7.69674">
        <ele>1446.7</ele>
      </trkpt>
      <trkpt lat="43.99108" lon="7.69652">
        <ele>1445.5</ele>
      </trkpt>
      <trkpt lat="43.99112" lon="7.69627">
        <ele>1444.5</ele>
      </trkpt>
      <trkpt lat="43.99112" lon="7.69627">
        <ele>1444.5</ele>
      </trkpt>
      <trkpt lat="43.99117" lon="7.69591">
        <ele>1443.5</ele>
      </trkpt>
      <trkpt lat="43.99124" lon="7.69559">
        <ele>1443.7</ele>
      </trkpt>
      <trkpt lat="43.99131" lon="7.69534">
        <ele>1444.4</ele>
      </trkpt>
      <trkpt lat="43.9914" lon="7.69507">
        <ele>1445.7</ele>
      </trkpt>
      <trkpt lat="43.99141" lon="7.69476">
        <ele>1449.3</ele>
      </trkpt>
      <trkpt lat="43.99137" lon="7.69454">
        <ele>1451.5</ele>
      </trkpt>
      <trkpt lat="43.99122" lon="7.69406">
        <ele>1452.7</ele>
      </trkpt>
      <trkpt lat="43.99113" lon="7.69382">
        <ele>1451.1</ele>
      </trkpt>
      <trkpt lat="43.99111" lon="7.6937">
        <ele>1451.1</ele>
      </trkpt>
      <trkpt lat="43.99113" lon="7.69361">
        <ele>1452.2</ele>
      </trkpt>
      <trkpt lat="43.99118" lon="7.69355">
        <ele>1454.3</ele>
      </trkpt>
      <trkpt lat="43.99126" lon="7.6935">
        <ele>1457.4</ele>
      </trkpt>
      <trkpt lat="43.99143" lon="7.69337">
        <ele>1464.2</ele>
      </trkpt>
      <trkpt lat="43.99171" lon="7.69307">
        <ele>1469.6</ele>
      </trkpt>
      <trkpt lat="43.9918" lon="7.69282">
        <ele>1467.9</ele>
      </trkpt>
      <trkpt lat="43.99182" lon="7.69251">
        <ele>1466.9</ele>
      </trkpt>
      <trkpt lat="43.99186" lon="7.69221">
        <ele>1468.0</ele>
      </trkpt>
      <trkpt lat="43.99188" lon="7.69186">
        <ele>1469.0</ele>
      </trkpt>
      <trkpt lat="43.99187" lon="7.69156">
        <ele>1468.0</ele>
      </trkpt>
      <trkpt lat="43.99198" lon="7.69124">
        <ele>1471.2</ele>
      </trkpt>
      <trkpt lat="43.99213" lon="7.69086">
        <ele>1476.6</ele>
      </trkpt>
      <trkpt lat="43.9922" lon="7.69064">
        <ele>1479.8</ele>
      </trkpt>
      <trkpt lat="43.99225" lon="7.69036">
        <ele>1482.1</ele>
      </trkpt>
      <trkpt lat="43.99229" lon="7.68993">
        <ele>1483.9</ele>
      </trkpt>
      <trkpt lat="43.99235" lon="7.68958">
        <ele>1486.9</ele>
      </trkpt>
      <trkpt lat="43.99234" lon="7.68902">
        <ele>1486.4</ele>
      </trkpt>
      <trkpt lat="43.9923" lon="7.68875">
        <ele>1485.3</ele>
      </trkpt>
      <trkpt lat="43.99225" lon="7.68837">
        <ele>1484.4</ele>
      </trkpt>
      <trkpt lat="43.99229" lon="7.68803">
        <ele>1485.7</ele>
      </trkpt>
      <trkpt lat="43.99233" lon="7.68751">
        <ele>1485.7</ele>
      </trkpt>
      <trkpt lat="43.99229" lon="7.68708">
        <ele>1490.5</ele>
      </trkpt>
      <trkpt lat="43.99219" lon="7.68664">
        <ele>1495.5</ele>
      </trkpt>
      <trkpt lat="43.99207" lon="7.68627">
        <ele>1503.4</ele>
      </trkpt>
      <trkpt lat="43.99194" lon="7.68576">
        <ele>1516.6</ele>
      </trkpt>
      <trkpt lat="43.99181" lon="7.68553">
        <ele>1524.5</ele>
      </trkpt>
      <trkpt lat="43.9917" lon="7.68542">
        <ele>1529.1</ele>
      </trkpt>
      <trkpt lat="43.9916" lon="7.68537">
        <ele>1530.5</ele>
      </trkpt>
      <trkpt lat="43.99153" lon="7.68536">
        <ele>1530.0</ele>
      </trkpt>
      <trkpt lat="43.99119" lon="7.68537">
        <ele>1525.8</ele>
      </trkpt>
      <trkpt lat="43.9911" lon="7.68536">
        <ele>1525.1</ele>
      </trkpt>
      <trkpt lat="43.99103" lon="7.6853">
        <ele>1526.5</ele>
      </trkpt>
      <trkpt lat="43.99063" lon="7.68482">
        <ele>1537.7</ele>
      </trkpt>
      <trkpt lat="43.99034" lon="7.68474">
        <ele>1537.9</ele>
      </trkpt>
      <trkpt lat="43.9901" lon="7.68471">
        <ele>1537.4</ele>
      </trkpt>
      <trkpt lat="43.98984" lon="7.68472">
        <ele>1534.8</ele>
      </trkpt>
      <trkpt lat="43.98976" lon="7.6847">
        <ele>1534.2</ele>
      </trkpt>
      <trkpt lat="43.98965" lon="7.68464">
        <ele>1534.1</ele>
      </trkpt>
      <trkpt lat="43.98945" lon="7.68437">
        <ele>1537.3</ele>
      </trkpt>
      <trkpt lat="43.98933" lon="7.68423">
        <ele>1538.7</ele>
      </trkpt>
      <trkpt lat="43.98919" lon="7.68411">
        <ele>1538.1</ele>
      </trkpt>
      <trkpt lat="43.98914" lon="7.68406">
        <ele>1537.8</ele>
      </trkpt>
      <trkpt lat="43.98913" lon="7.68402">
        <ele>1537.8</ele>
      </trkpt>
      <trkpt lat="43.98913" lon="7.68395">
        <ele>1537.5</ele>
      </trkpt>
      <trkpt lat="43.98915" lon="7.6839">
        <ele>1537.2</ele>
      </trkpt>
      <trkpt lat="43.98918" lon="7.68387">
        <ele>1537.0</ele>
      </trkpt>
      <trkpt lat="43.98926" lon="7.68387">
        <ele>1537.7</ele>
      </trkpt>
      <trkpt lat="43.99008" lon="7.68401">
        <ele>1546.1</ele>
      </trkpt>
      <trkpt lat="43.99047" lon="7.68403">
        <ele>1548.9</ele>
      </trkpt>
      <trkpt lat="43.99083" lon="7.68411">
        <ele>1551.6</ele>
      </trkpt>
      <trkpt lat="43.99107" lon="7.6842">
        <ele>1555.5</ele>
      </trkpt>
      <trkpt lat="43.99124" lon="7.68423">
        <ele>1557.8</ele>
      </trkpt>
      <trkpt lat="43.99133" lon="7.68417">
        <ele>1560.9</ele>
      </trkpt>
      <trkpt lat="43.99159" lon="7.68382">
        <ele>1568.5</ele>
      </trkpt>
      <trkpt lat="43.99165" lon="7.68374">
        <ele>1570.7</ele>
      </trkpt>
      <trkpt lat="43.99168" lon="7.68367">
        <ele>1572.1</ele>
      </trkpt>
      <trkpt lat="43.99169" lon="7.6836">
        <ele>1573.1</ele>
      </trkpt>
      <trkpt lat="43.99165" lon="7.68346">
        <ele>1573.3</ele>
      </trkpt>
      <trkpt lat="43.99156" lon="7.68329">
        <ele>1571.5</ele>
      </trkpt>
      <trkpt lat="43.99155" lon="7.68322">
        <ele>1571.3</ele>
      </trkpt>
      <trkpt lat="43.99157" lon="7.683">
        <ele>1572.5</ele>
      </trkpt>
      <trkpt lat="43.99162" lon="7.68288">
        <ele>1574.5</ele>
      </trkpt>
      <trkpt lat="43.99174" lon="7.68264">
        <ele>1580.3</ele>
      </trkpt>
      <trkpt lat="43.99187" lon="7.68246">
        <ele>1587.7</ele>
      </trkpt>
      <trkpt lat="43.99189" lon="7.68241">
        <ele>1589.0</ele>
      </trkpt>
      <trkpt lat="43.9919" lon="7.68234">
        <ele>1589.9</ele>
      </trkpt>
      <trkpt lat="43.99189" lon="7.68215">
        <ele>1590.4</ele>
      </trkpt>
      <trkpt lat="43.99193" lon="7.68189">
        <ele>1593.8</ele>
      </trkpt>
      <trkpt lat="43.99191" lon="7.6818">
        <ele>1593.3</ele>
      </trkpt>
      <trkpt lat="43.99185" lon="7.68169">
        <ele>1590.9</ele>
      </trkpt>
      <trkpt lat="43.99182" lon="7.6816">
        <ele>1590.1</ele>
      </trkpt>
      <trkpt lat="43.99181" lon="7.68149">
        <ele>1590.6</ele>
      </trkpt>
      <trkpt lat="43.9918" lon="7.68139">
        <ele>1591.0</ele>
      </trkpt>
      <trkpt lat="43.99181" lon="7.68126">
        <ele>1592.6</ele>
      </trkpt>
      <trkpt lat="43.99185" lon="7.68105">
        <ele>1596.3</ele>
      </trkpt>
      <trkpt lat="43.99183" lon="7.68094">
        <ele>1596.3</ele>
      </trkpt>
      <trkpt lat="43.9918" lon="7.68083">
        <ele>1595.9</ele>
      </trkpt>
      <trkpt lat="43.99173" lon="7.68075">
        <ele>1591.9</ele>
      </trkpt>
      <trkpt lat="43.99164" lon="7.68066">
        <ele>1587.8</ele>
      </trkpt>
      <trkpt lat="43.99161" lon="7.68059">
        <ele>1586.8</ele>
      </trkpt>
      <trkpt lat="43.99161" lon="7.68051">
        <ele>1585.9</ele>
      </trkpt>
      <trkpt lat="43.99164" lon="7.68046">
        <ele>1585.7</ele>
      </trkpt>
      <trkpt lat="43.99176" lon="7.68035">
        <ele>1588.7</ele>
      </trkpt>
      <trkpt lat="43.99187" lon="7.68022">
        <ele>1591.7</ele>
      </trkpt>
      <trkpt lat="43.99205" lon="7.68012">
        <ele>1597.7</ele>
      </trkpt>
      <trkpt lat="43.99214" lon="7.6801">
        <ele>1601.1</ele>
      </trkpt>
      <trkpt lat="43.99219" lon="7.68006">
        <ele>1602.6</ele>
      </trkpt>
      <trkpt lat="43.99228" lon="7.67995">
        <ele>1603.9</ele>
      </trkpt>
      <trkpt lat="43.99245" lon="7.67976">
        <ele>1605.7</ele>
      </trkpt>
      <trkpt lat="43.99251" lon="7.67966">
        <ele>1605.7</ele>
      </trkpt>
      <trkpt lat="43.99255" lon="7.6795">
        <ele>1604.3</ele>
      </trkpt>
      <trkpt lat="43.99259" lon="7.6792">
        <ele>1599.5</ele>
      </trkpt>
      <trkpt lat="43.99267" lon="7.67866">
        <ele>1600.2</ele>
      </trkpt>
      <trkpt lat="43.99278" lon="7.6781">
        <ele>1602.0</ele>
      </trkpt>
      <trkpt lat="43.99285" lon="7.67795">
        <ele>1604.8</ele>
      </trkpt>
      <trkpt lat="43.99294" lon="7.67778">
        <ele>1608.6</ele>
      </trkpt>
      <trkpt lat="43.99308" lon="7.67747">
        <ele>1614.2</ele>
      </trkpt>
      <trkpt lat="43.99316" lon="7.67725">
        <ele>1621.0</ele>
      </trkpt>
      <trkpt lat="43.99323" lon="7.67709">
        <ele>1626.6</ele>
      </trkpt>
      <trkpt lat="43.99326" lon="7.67699">
        <ele>1629.2</ele>
      </trkpt>
      <trkpt lat="43.9932" lon="7.67687">
        <ele>1626.5</ele>
      </trkpt>
      <trkpt lat="43.9931" lon="7.67682">
        <ele>1621.0</ele>
      </trkpt>
      <trkpt lat="43.993" lon="7.67667">
        <ele>1616.4</ele>
      </trkpt>
      <trkpt lat="43.99288" lon="7.67643">
        <ele>1613.1</ele>
      </trkpt>
      <trkpt lat="43.99283" lon="7.6763">
        <ele>1611.8</ele>
      </trkpt>
      <trkpt lat="43.99283" lon="7.6762">
        <ele>1613.3</ele>
      </trkpt>
      <trkpt lat="43.99283" lon="7.6762">
        <ele>1613.3</ele>
      </trkpt>
      <trkpt lat="43.99282" lon="7.67609">
        <ele>1614.2</ele>
      </trkpt>
      <trkpt lat="43.99291" lon="7.67571">
        <ele>1625.1</ele>
      </trkpt>
      <trkpt lat="43.99302" lon="7.67533">
        <ele>1634.6</ele>
      </trkpt>
      <trkpt lat="43.99305" lon="7.67503">
        <ele>1637.8</ele>
      </trkpt>
      <trkpt lat="43.99303" lon="7.67465">
        <ele>1636.5</ele>
      </trkpt>
      <trkpt lat="43.99309" lon="7.67422">
        <ele>1641.8</ele>
      </trkpt>
      <trkpt lat="43.99317" lon="7.67386">
        <ele>1650.8</ele>
      </trkpt>
      <trkpt lat="43.99317" lon="7.67366">
        <ele>1652.4</ele>
      </trkpt>
      <trkpt lat="43.99311" lon="7.67346">
        <ele>1649.4</ele>
      </trkpt>
      <trkpt lat="43.99308" lon="7.67322">
        <ele>1649.5</ele>
      </trkpt>
      <trkpt lat="43.99297" lon="7.67204">
        <ele>1647.9</ele>
      </trkpt>
      <trkpt lat="43.99297" lon="7.67197">
        <ele>1647.7</ele>
      </trkpt>
      <trkpt lat="43.99298" lon="7.67187">
        <ele>1648.0</ele>
      </trkpt>
      <trkpt lat="43.99301" lon="7.6717">
        <ele>1649.4</ele>
      </trkpt>
      <trkpt lat="43.99309" lon="7.67151">
        <ele>1652.6</ele>
      </trkpt>
      <trkpt lat="43.99329" lon="7.67112">
        <ele>1658.7</ele>
      </trkpt>
      <trkpt lat="43.99336" lon="7.67104">
        <ele>1661.4</ele>
      </trkpt>
      <trkpt lat="43.99341" lon="7.671">
        <ele>1663.9</ele>
      </trkpt>
      <trkpt lat="43.99344" lon="7.671">
        <ele>1665.8</ele>
      </trkpt>
      <trkpt lat="43.99347" lon="7.67102">
        <ele>1668.1</ele>
      </trkpt>
      <trkpt lat="43.99348" lon="7.67107">
        <ele>1669.6</ele>
      </trkpt>
      <trkpt lat="43.99347" lon="7.67112">
        <ele>1669.9</ele>
      </trkpt>
      <trkpt lat="43.99334" lon="7.67126">
        <ele>1664.1</ele>
      </trkpt>
      <trkpt lat="43.99328" lon="7.67134">
        <ele>1661.9</ele>
      </trkpt>
      <trkpt lat="43.99318" lon="7.67157">
        <ele>1659.3</ele>
      </trkpt>
      <trkpt lat="43.99314" lon="7.67181">
        <ele>1658.8</ele>
      </trkpt>
      <trkpt lat="43.99314" lon="7.67189">
        <ele>1659.2</ele>
      </trkpt>
      <trkpt lat="43.99315" lon="7.672">
        <ele>1660.5</ele>
      </trkpt>
      <trkpt lat="43.99323" lon="7.67227">
        <ele>1667.8</ele>
      </trkpt>
      <trkpt lat="43.99346" lon="7.67323">
        <ele>1678.7</ele>
      </trkpt>
      <trkpt lat="43.99352" lon="7.67344">
        <ele>1681.8</ele>
      </trkpt>
      <trkpt lat="43.99365" lon="7.67368">
        <ele>1690.3</ele>
      </trkpt>
      <trkpt lat="43.99368" lon="7.67376">
        <ele>1691.9</ele>
      </trkpt>
      <trkpt lat="43.99369" lon="7.67387">
        <ele>1691.5</ele>
      </trkpt>
      <trkpt lat="43.99364" lon="7.67414">
        <ele>1685.1</ele>
      </trkpt>
      <trkpt lat="43.99359" lon="7.67449">
        <ele>1680.9</ele>
      </trkpt>
      <trkpt lat="43.99362" lon="7.67477">
        <ele>1682.8</ele>
      </trkpt>
      <trkpt lat="43.99365" lon="7.67492">
        <ele>1684.9</ele>
      </trkpt>
      <trkpt lat="43.99366" lon="7.67504">
        <ele>1685.0</ele>
      </trkpt>
      <trkpt lat="43.99365" lon="7.6757">
        <ele>1676.3</ele>
      </trkpt>
      <trkpt lat="43.99369" lon="7.67579">
        <ele>1677.4</ele>
      </trkpt>
      <trkpt lat="43.99375" lon="7.67583">
        <ele>1680.1</ele>
      </trkpt>
      <trkpt lat="43.99379" lon="7.67588">
        <ele>1681.0</ele>
      </trkpt>
      <trkpt lat="43.99385" lon="7.6759">
        <ele>1683.7</ele>
      </trkpt>
      <trkpt lat="43.99393" lon="7.67589">
        <ele>1688.2</ele>
      </trkpt>
      <trkpt lat="43.99401" lon="7.67586">
        <ele>1693.1</ele>
      </trkpt>
      <trkpt lat="43.99411" lon="7.67579">
        <ele>1700.0</ele>
      </trkpt>
      <trkpt lat="43.99418" lon="7.67576">
        <ele>1704.4</ele>
      </trkpt>
      <trkpt lat="43.9942" lon="7.67579">
        <ele>1704.6</ele>
      </trkpt>
      <trkpt lat="43.99439" lon="7.67622">
        <ele>1704.9</ele>
      </trkpt>
      <trkpt lat="43.99444" lon="7.67624">
        <ele>1707.0</ele>
      </trkpt>
      <trkpt lat="43.99447" lon="7.67623">
        <ele>1708.7</ele>
      </trkpt>
      <trkpt lat="43.99449" lon="7.67619">
        <ele>1710.4</ele>
      </trkpt>
      <trkpt lat="43.99448" lon="7.67613">
        <ele>1711.1</ele>
      </trkpt>
      <trkpt lat="43.99434" lon="7.67596">
        <ele>1707.6</ele>
      </trkpt>
      <trkpt lat="43.99421" lon="7.67573">
        <ele>1706.6</ele>
      </trkpt>
      <trkpt lat="43.99418" lon="7.67571">
        <ele>1705.6</ele>
      </trkpt>
      <trkpt lat="43.99414" lon="7.67571">
        <ele>1703.5</ele>
      </trkpt>
      <trkpt lat="43.99402" lon="7.67575">
        <ele>1696.0</ele>
      </trkpt>
      <trkpt lat="43.99394" lon="7.67576">
        <ele>1691.4</ele>
      </trkpt>
      <trkpt lat="43.99389" lon="7.67575">
        <ele>1688.9</ele>
      </trkpt>
      <trkpt lat="43.99383" lon="7.67571">
        <ele>1686.2</ele>
      </trkpt>
      <trkpt lat="43.99381" lon="7.67567">
        <ele>1685.8</ele>
      </trkpt>
      <trkpt lat="43.99379" lon="7.67555">
        <ele>1686.5</ele>
      </trkpt>
      <trkpt lat="43.99381" lon="7.67539">
        <ele>1690.2</ele>
      </trkpt>
      <trkpt lat="43.99385" lon="7.67505">
        <ele>1698.4</ele>
      </trkpt>
      <trkpt lat="43.99385" lon="7.67467">
        <ele>1699.7</ele>
      </trkpt>
      <trkpt lat="43.99387" lon="7.67452">
        <ele>1701.4</ele>
      </trkpt>
      <trkpt lat="43.9941" lon="7.67378">
        <ele>1724.8</ele>
      </trkpt>
      <trkpt lat="43.9941" lon="7.67368">
        <ele>1726.3</ele>
      </trkpt>
      <trkpt lat="43.99406" lon="7.67356">
        <ele>1724.8</ele>
      </trkpt>
      <trkpt lat="43.99398" lon="7.67337">
        <ele>1720.8</ele>
      </trkpt>
      <trkpt lat="43.99394" lon="7.67325">
        <ele>1718.4</ele>
      </trkpt>
      <trkpt lat="43.99387" lon="7.67251">
        <ele>1716.9</ele>
      </trkpt>
      <trkpt lat="43.99387" lon="7.67251">
        <ele>1716.9</ele>
      </trkpt>
      <trkpt lat="43.99383" lon="7.67208">
        <ele>1708.2</ele>
      </trkpt>
      <trkpt lat="43.99386" lon="7.67197">
        <ele>1708.8</ele>
      </trkpt>
      <trkpt lat="43.99391" lon="7.6719">
        <ele>1711.1</ele>
      </trkpt>
      <trkpt lat="43.99439" lon="7.67142">
        <ele>1738.6</ele>
      </trkpt>
      <trkpt lat="43.99453" lon="7.67086">
        <ele>1743.4</ele>
      </trkpt>
      <trkpt lat="43.99457" lon="7.67059">
        <ele>1749.3</ele>
      </trkpt>
      <trkpt lat="43.99453" lon="7.67021">
        <ele>1750.3</ele>
      </trkpt>
      <trkpt lat="43.99441" lon="7.66971">
        <ele>1751.4</ele>
      </trkpt>
      <trkpt lat="43.99439" lon="7.66924">
        <ele>1761.8</ele>
      </trkpt>
      <trkpt lat="43.9944" lon="7.66898">
        <ele>1770.8</ele>
      </trkpt>
      <trkpt lat="43.99439" lon="7.66889">
        <ele>1773.4</ele>
      </trkpt>
      <trkpt lat="43.99432" lon="7.66878">
        <ele>1773.5</ele>
      </trkpt>
      <trkpt lat="43.99424" lon="7.66871">
        <ele>1771.9</ele>
      </trkpt>
      <trkpt lat="43.99417" lon="7.66871">
        <ele>1768.3</ele>
      </trkpt>
      <trkpt lat="43.99409" lon="7.6688">
        <ele>1761.7</ele>
      </trkpt>
      <trkpt lat="43.99402" lon="7.66886">
        <ele>1756.8</ele>
      </trkpt>
      <trkpt lat="43.99395" lon="7.6689">
        <ele>1752.6</ele>
      </trkpt>
      <trkpt lat="43.99389" lon="7.66884">
        <ele>1752.8</ele>
      </trkpt>
      <trkpt lat="43.99372" lon="7.66853">
        <ele>1759.0</ele>
      </trkpt>
      <trkpt lat="43.99365" lon="7.66847">
        <ele>1758.9</ele>
      </trkpt>
      <trkpt lat="43.99359" lon="7.66846">
        <ele>1757.1</ele>
      </trkpt>
      <trkpt lat="43.99352" lon="7.6685">
        <ele>1753.0</ele>
      </trkpt>
      <trkpt lat="43.99343" lon="7.66859">
        <ele>1746.0</ele>
      </trkpt>
      <trkpt lat="43.99335" lon="7.66857">
        <ele>1744.0</ele>
      </trkpt>
      <trkpt lat="43.99329" lon="7.66849">
        <ele>1744.3</ele>
      </trkpt>
      <trkpt lat="43.99324" lon="7.66834">
        <ele>1747.8</ele>
      </trkpt>
      <trkpt lat="43.99305" lon="7.66743">
        <ele>1771.0</ele>
      </trkpt>
      <trkpt lat="43.99294" lon="7.66708">
        <ele>1777.9</ele>
      </trkpt>
      <trkpt lat="43.99281" lon="7.66676">
        <ele>1782.6</ele>
      </trkpt>
      <trkpt lat="43.99262" lon="7.66661">
        <ele>1777.8</ele>
      </trkpt>
      <trkpt lat="43.9925" lon="7.66648">
        <ele>1776.4</ele>
      </trkpt>
      <trkpt lat="43.99205" lon="7.66587">
        <ele>1790.3</ele>
      </trkpt>
      <trkpt lat="43.99188" lon="7.66554">
        <ele>1800.1</ele>
      </trkpt>
      <trkpt lat="43.99181" lon="7.66546">
        <ele>1801.9</ele>
      </trkpt>
      <trkpt lat="43.99173" lon="7.66545">
        <ele>1800.5</ele>
      </trkpt>
      <trkpt lat="43.99164" lon="7.6655">
        <ele>1797.8</ele>
      </trkpt>
      <trkpt lat="43.99131" lon="7.66586">
        <ele>1793.0</ele>
      </trkpt>
      <trkpt lat="43.99116" lon="7.66598">
        <ele>1792.2</ele>
      </trkpt>
      <trkpt lat="43.99078" lon="7.66624">
        <ele>1790.5</ele>
      </trkpt>
      <trkpt lat="43.99048" lon="7.66641">
        <ele>1791.0</ele>
      </trkpt>
      <trkpt lat="43.99012" lon="7.66677">
        <ele>1786.9</ele>
      </trkpt>
      <trkpt lat="43.98991" lon="7.66702">
        <ele>1786.7</ele>
      </trkpt>
      <trkpt lat="43.9898" lon="7.66713">
        <ele>1787.8</ele>
      </trkpt>
      <trkpt lat="43.98973" lon="7.66714">
        <ele>1790.4</ele>
      </trkpt>
      <trkpt lat="43.98967" lon="7.66704">
        <ele>1796.0</ele>
      </trkpt>
      <trkpt lat="43.98975" lon="7.66692">
        <ele>1796.4</ele>
      </trkpt>
      <trkpt lat="43.9899" lon="7.66679">
        <ele>1794.2</ele>
      </trkpt>
      <trkpt lat="43.99037" lon="7.66611">
        <ele>1808.0</ele>
      </trkpt>
      <trkpt lat="43.99072" lon="7.66585">
        <ele>1811.0</ele>
      </trkpt>
      <trkpt lat="43.99092" lon="7.66566">
        <ele>1812.8</ele>
      </trkpt>
      <trkpt lat="43.99134" lon="7.66508">
        <ele>1823.4</ele>
      </trkpt>
      <trkpt lat="43.99144" lon="7.66496">
        <ele>1825.7</ele>
      </trkpt>
      <trkpt lat="43.99159" lon="7.66481">
        <ele>1828.2</ele>
      </trkpt>
      <trkpt lat="43.99171" lon="7.66472">
        <ele>1831.0</ele>
      </trkpt>
      <trkpt lat="43.9918" lon="7.66471">
        <ele>1833.2</ele>
      </trkpt>
      <trkpt lat="43.99196" lon="7.66472">
        <ele>1836.1</ele>
      </trkpt>
      <trkpt lat="43.99204" lon="7.6648">
        <ele>1834.4</ele>
      </trkpt>
      <trkpt lat="43.99222" lon="7.66501">
        <ele>1829.5</ele>
      </trkpt>
      <trkpt lat="43.99253" lon="7.66526">
        <ele>1826.9</ele>
      </trkpt>
      <trkpt lat="43.99274" lon="7.66546">
        <ele>1829.0</ele>
      </trkpt>
      <trkpt lat="43.99313" lon="7.66579">
        <ele>1834.8</ele>
      </trkpt>
      <trkpt lat="43.99327" lon="7.66593">
        <ele>1836.6</ele>
      </trkpt>
      <trkpt lat="43.99347" lon="7.66617">
        <ele>1839.2</ele>
      </trkpt>
      <trkpt lat="43.99354" lon="7.66632">
        <ele>1837.5</ele>
      </trkpt>
      <trkpt lat="43.99364" lon="7.66648">
        <ele>1836.5</ele>
      </trkpt>
      <trkpt lat="43.99399" lon="7.66735">
        <ele>1819.7</ele>
      </trkpt>
      <trkpt lat="43.99405" lon="7.66739">
        <ele>1820.9</ele>
      </trkpt>
      <trkpt lat="43.99444" lon="7.66726">
        <ele>1835.6</ele>
      </trkpt>
      <trkpt lat="43.99459" lon="7.66723">
        <ele>1839.1</ele>
      </trkpt>
      <trkpt lat="43.99475" lon="7.66717">
        <ele>1844.0</ele>
      </trkpt>
      <trkpt lat="43.99499" lon="7.66703">
        <ele>1853.4</ele>
      </trkpt>
      <trkpt lat="43.99505" lon="7.66701">
        <ele>1855.2</ele>
      </trkpt>
      <trkpt lat="43.99505" lon="7.66701">
        <ele>1855.2</ele>
      </trkpt>
      <trkpt lat="43.99507" lon="7.66701">
        <ele>1855.5</ele>
      </trkpt>
      <trkpt lat="43.99512" lon="7.66704">
        <ele>1855.2</ele>
      </trkpt>
      <trkpt lat="43.99524" lon="7.66712">
        <ele>1854.6</ele>
      </trkpt>
      <trkpt lat="43.99536" lon="7.66723">
        <ele>1853.8</ele>
      </trkpt>
      <trkpt lat="43.99554" lon="7.66734">
        <ele>1855.4</ele>
      </trkpt>
      <trkpt lat="43.99578" lon="7.66753">
        <ele>1859.0</ele>
      </trkpt>
      <trkpt lat="43.99588" lon="7.66766">
        <ele>1860.8</ele>
      </trkpt>
      <trkpt lat="43.99594" lon="7.66782">
        <ele>1861.3</ele>
      </trkpt>
      <trkpt lat="43.99606" lon="7.66804">
        <ele>1864.0</ele>
      </trkpt>
      <trkpt lat="43.99607" lon="7.66807">
        <ele>1864.2</ele>
      </trkpt>
      <trkpt lat="43.99607" lon="7.66813">
        <ele>1863.9</ele>
      </trkpt>
      <trkpt lat="43.996" lon="7.66836">
        <ele>1860.3</ele>
      </trkpt>
      <trkpt lat="43.99598" lon="7.66847">
        <ele>1860.5</ele>
      </trkpt>
      <trkpt lat="43.99594" lon="7.6689">
        <ele>1862.7</ele>
      </trkpt>
      <trkpt lat="43.99586" lon="7.66919">
        <ele>1861.1</ele>
      </trkpt>
      <trkpt lat="43.99584" lon="7.66934">
        <ele>1859.1</ele>
      </trkpt>
      <trkpt lat="43.99584" lon="7.66963">
        <ele>1857.1</ele>
      </trkpt>
      <trkpt lat="43.99594" lon="7.66994">
        <ele>1861.1</ele>
      </trkpt>
      <trkpt lat="43.99597" lon="7.67007">
        <ele>1862.4</ele>
      </trkpt>
      <trkpt lat="43.99601" lon="7.67034">
        <ele>1864.1</ele>
      </trkpt>
      <trkpt lat="43.99601" lon="7.67065">
        <ele>1863.1</ele>
      </trkpt>
      <trkpt lat="43.99598" lon="7.67076">
        <ele>1860.7</ele>
      </trkpt>
      <trkpt lat="43.99593" lon="7.67085">
        <ele>1857.0</ele>
      </trkpt>
      <trkpt lat="43.99587" lon="7.67101">
        <ele>1854.1</ele>
      </trkpt>
      <trkpt lat="43.99583" lon="7.6711">
        <ele>1852.0</ele>
      </trkpt>
      <trkpt lat="43.99585" lon="7.67128">
        <ele>1855.0</ele>
      </trkpt>
      <trkpt lat="43.99585" lon="7.67144">
        <ele>1856.3</ele>
      </trkpt>
      <trkpt lat="43.99591" lon="7.67176">
        <ele>1864.0</ele>
      </trkpt>
      <trkpt lat="43.99591" lon="7.67199">
        <ele>1867.2</ele>
      </trkpt>
      <trkpt lat="43.99568" lon="7.67238">
        <ele>1856.7</ele>
      </trkpt>
      <trkpt lat="43.99566" lon="7.67244">
        <ele>1856.1</ele>
      </trkpt>
      <trkpt lat="43.99567" lon="7.6725">
        <ele>1857.9</ele>
      </trkpt>
      <trkpt lat="43.99569" lon="7.6726">
        <ele>1858.3</ele>
      </trkpt>
      <trkpt lat="43.99572" lon="7.67268">
        <ele>1859.7</ele>
      </trkpt>
      <trkpt lat="43.99583" lon="7.67278">
        <ele>1866.4</ele>
      </trkpt>
      <trkpt lat="43.99604" lon="7.67309">
        <ele>1873.3</ele>
      </trkpt>
      <trkpt lat="43.99636" lon="7.6737">
        <ele>1873.5</ele>
      </trkpt>
      <trkpt lat="43.99705" lon="7.6743">
        <ele>1877.8</ele>
      </trkpt>
      <trkpt lat="43.99727" lon="7.67441">
        <ele>1878.2</ele>
      </trkpt>
      <trkpt lat="43.99755" lon="7.67439">
        <ele>1882.4</ele>
      </trkpt>
      <trkpt lat="43.99799" lon="7.67417">
        <ele>1877.8</ele>
      </trkpt>
      <trkpt lat="43.99812" lon="7.67381">
        <ele>1891.3</ele>
      </trkpt>
      <trkpt lat="43.99836" lon="7.67352">
        <ele>1896.0</ele>
      </trkpt>
      <trkpt lat="43.99842" lon="7.67339">
        <ele>1896.6</ele>
      </trkpt>
      <trkpt lat="43.99842" lon="7.67339">
        <ele>1896.6</ele>
      </trkpt>
      <trkpt lat="43.99846" lon="7.67294">
        <ele>1909.2</ele>
      </trkpt>
      <trkpt lat="43.99847" lon="7.67237">
        <ele>1928.6</ele>
      </trkpt>
      <trkpt lat="43.9985" lon="7.67193">
        <ele>1943.1</ele>
      </trkpt>
      <trkpt lat="43.99862" lon="7.67163">
        <ele>1946.0</ele>
      </trkpt>
      <trkpt lat="43.99885" lon="7.67123">
        <ele>1946.2</ele>
      </trkpt>
      <trkpt lat="43.99897" lon="7.67108">
        <ele>1945.4</ele>
      </trkpt>
      <trkpt lat="43.99906" lon="7.67104">
        <ele>1942.1</ele>
      </trkpt>
      <trkpt lat="43.99932" lon="7.671">
        <ele>1930.9</ele>
      </trkpt>
      <trkpt lat="43.99939" lon="7.67097">
        <ele>1929.2</ele>
      </trkpt>
      <trkpt lat="43.99945" lon="7.6709">
        <ele>1929.8</ele>
      </trkpt>
      <trkpt lat="43.99967" lon="7.67048">
        <ele>1942.6</ele>
      </trkpt>
      <trkpt lat="43.99992" lon="7.67025">
        <ele>1945.5</ele>
      </trkpt>
      <trkpt lat="44.00017" lon="7.66998">
        <ele>1952.0</ele>
      </trkpt>
      <trkpt lat="44.00043" lon="7.66992">
        <ele>1945.4</ele>
      </trkpt>
      <trkpt lat="44.00066" lon="7.66982">
        <ele>1941.2</ele>
      </trkpt>
      <trkpt lat="44.00076" lon="7.66975">
        <ele>1940.4</ele>
      </trkpt>
      <trkpt lat="44.0011" lon="7.66913">
        <ele>1951.3</ele>
      </trkpt>
      <trkpt lat="44.00123" lon="7.66891">
        <ele>1950.6</ele>
      </trkpt>
      <trkpt lat="44.00137" lon="7.66872">
        <ele>1951.5</ele>
      </trkpt>
      <trkpt lat="44.00149" lon="7.66861">
        <ele>1952.7</ele>
      </trkpt>
      <trkpt lat="44.0016" lon="7.66853">
        <ele>1954.1</ele>
      </trkpt>
      <trkpt lat="44.00172" lon="7.66848">
        <ele>1955.3</ele>
      </trkpt>
      <trkpt lat="44.00186" lon="7.66847">
        <ele>1955.4</ele>
      </trkpt>
      <trkpt lat="44.00195" lon="7.66847">
        <ele>1955.2</ele>
      </trkpt>
      <trkpt lat="44.00209" lon="7.6685">
        <ele>1953.7</ele>
      </trkpt>
      <trkpt lat="44.00224" lon="7.66846">
        <ele>1955.2</ele>
      </trkpt>
      <trkpt lat="44.00257" lon="7.6683">
        <ele>1961.8</ele>
      </trkpt>
      <trkpt lat="44.0029" lon="7.66818">
        <ele>1960.7</ele>
      </trkpt>
      <trkpt lat="44.00356" lon="7.66808">
        <ele>1958.0</ele>
      </trkpt>
      <trkpt lat="44.00395" lon="7.66807">
        <ele>1957.2</ele>
      </trkpt>
      <trkpt lat="44.00422" lon="7.66802">
        <ele>1957.7</ele>
      </trkpt>
      <trkpt lat="44.00488" lon="7.66773">
        <ele>1964.2</ele>
      </trkpt>
      <trkpt lat="44.00505" lon="7.6677">
        <ele>1965.2</ele>
      </trkpt>
      <trkpt lat="44.00523" lon="7.66768">
        <ele>1967.2</ele>
      </trkpt>
      <trkpt lat="44.00549" lon="7.66773">
        <ele>1966.0</ele>
      </trkpt>
      <trkpt lat="44.00619" lon="7.66793">
        <ele>1954.2</ele>
      </trkpt>
      <trkpt lat="44.00628" lon="7.66794">
        <ele>1953.0</ele>
      </trkpt>
      <trkpt lat="44.00635" lon="7.66793">
        <ele>1952.8</ele>
      </trkpt>
      <trkpt lat="44.00645" lon="7.6679">
        <ele>1953.1</ele>
      </trkpt>
      <trkpt lat="44.00653" lon="7.66785">
        <ele>1954.2</ele>
      </trkpt>
      <trkpt lat="44.00671" lon="7.66765">
        <ele>1957.7</ele>
      </trkpt>
      <trkpt lat="44.00677" lon="7.66748">
        <ele>1960.3</ele>
      </trkpt>
      <trkpt lat="44.00707" lon="7.66695">
        <ele>1958.2</ele>
      </trkpt>
      <trkpt lat="44.00738" lon="7.66643">
        <ele>1956.7</ele>
      </trkpt>
      <trkpt lat="44.00744" lon="7.66632">
        <ele>1956.3</ele>
      </trkpt>
      <trkpt lat="44.00747" lon="7.66624">
        <ele>1956.5</ele>
      </trkpt>
      <trkpt lat="44.00751" lon="7.66617">
        <ele>1956.4</ele>
      </trkpt>
      <trkpt lat="44.00758" lon="7.6661">
        <ele>1955.5</ele>
      </trkpt>
      <trkpt lat="44.00774" lon="7.66598">
        <ele>1953.5</ele>
      </trkpt>
      <trkpt lat="44.00782" lon="7.66588">
        <ele>1953.9</ele>
      </trkpt>
      <trkpt lat="44.00791" lon="7.6658">
        <ele>1953.4</ele>
      </trkpt>
      <trkpt lat="44.00802" lon="7.66574">
        <ele>1951.4</ele>
      </trkpt>
      <trkpt lat="44.00835" lon="7.66559">
        <ele>1945.6</ele>
      </trkpt>
      <trkpt lat="44.00869" lon="7.66534">
        <ele>1945.6</ele>
      </trkpt>
      <trkpt lat="44.00887" lon="7.66524">
        <ele>1945.9</ele>
      </trkpt>
      <trkpt lat="44.00893" lon="7.66523">
        <ele>1945.7</ele>
      </trkpt>
      <trkpt lat="44.00917" lon="7.66518">
        <ele>1945.4</ele>
      </trkpt>
      <trkpt lat="44.00924" lon="7.66518">
        <ele>1946.2</ele>
      </trkpt>
      <trkpt lat="44.00937" lon="7.66522">
        <ele>1947.0</ele>
      </trkpt>
      <trkpt lat="44.00972" lon="7.66528">
        <ele>1949.7</ele>
      </trkpt>
      <trkpt lat="44.00972" lon="7.66528">
        <ele>1949.7</ele>
      </trkpt>
      <trkpt lat="44.01013" lon="7.66536">
        <ele>1952.4</ele>
      </trkpt>
      <trkpt lat="44.01042" lon="7.66549">
        <ele>1952.4</ele>
      </trkpt>
      <trkpt lat="44.01089" lon="7.66564">
        <ele>1952.2</ele>
      </trkpt>
      <trkpt lat="44.01105" lon="7.66573">
        <ele>1950.0</ele>
      </trkpt>
      <trkpt lat="44.0111" lon="7.66573">
        <ele>1950.1</ele>
      </trkpt>
      <trkpt lat="44.01121" lon="7.66573">
        <ele>1950.3</ele>
      </trkpt>
      <trkpt lat="44.01139" lon="7.66569">
        <ele>1951.7</ele>
      </trkpt>
      <trkpt lat="44.01146" lon="7.66567">
        <ele>1952.4</ele>
      </trkpt>
      <trkpt lat="44.01158" lon="7.66558">
        <ele>1955.1</ele>
      </trkpt>
      <trkpt lat="44.01166" lon="7.6655">
        <ele>1957.6</ele>
      </trkpt>
      <trkpt lat="44.01175" lon="7.66538">
        <ele>1958.9</ele>
      </trkpt>
      <trkpt lat="44.01199" lon="7.66501">
        <ele>1963.9</ele>
      </trkpt>
      <trkpt lat="44.01208" lon="7.66483">
        <ele>1963.9</ele>
      </trkpt>
      <trkpt lat="44.01219" lon="7.66465">
        <ele>1963.5</ele>
      </trkpt>
      <trkpt lat="44.01227" lon="7.66454">
        <ele>1963.2</ele>
      </trkpt>
      <trkpt lat="44.01243" lon="7.66437">
        <ele>1962.4</ele>
      </trkpt>
      <trkpt lat="44.01269" lon="7.66404">
        <ele>1960.8</ele>
      </trkpt>
      <trkpt lat="44.01282" lon="7.66399">
        <ele>1959.5</ele>
      </trkpt>
      <trkpt lat="44.0132" lon="7.66378">
        <ele>1958.0</ele>
      </trkpt>
      <trkpt lat="44.01356" lon="7.66359">
        <ele>1959.2</ele>
      </trkpt>
      <trkpt lat="44.0138" lon="7.66337">
        <ele>1962.5</ele>
      </trkpt>
      <trkpt lat="44.01385" lon="7.66333">
        <ele>1963.2</ele>
      </trkpt>
      <trkpt lat="44.01431" lon="7.66316">
        <ele>1962.7</ele>
      </trkpt>
      <trkpt lat="44.01444" lon="7.66312">
        <ele>1962.0</ele>
      </trkpt>
      <trkpt lat="44.01464" lon="7.66307">
        <ele>1961.5</ele>
      </trkpt>
      <trkpt lat="44.01475" lon="7.66303">
        <ele>1961.6</ele>
      </trkpt>
      <trkpt lat="44.01484" lon="7.66297">
        <ele>1962.2</ele>
      </trkpt>
      <trkpt lat="44.01494" lon="7.66287">
        <ele>1963.8</ele>
      </trkpt>
      <trkpt lat="44.01512" lon="7.66279">
        <ele>1964.9</ele>
      </trkpt>
      <trkpt lat="44.01566" lon="7.66268">
        <ele>1967.4</ele>
      </trkpt>
      <trkpt lat="44.01608" lon="7.66265">
        <ele>1965.8</ele>
      </trkpt>
      <trkpt lat="44.01652" lon="7.66258">
        <ele>1963.8</ele>
      </trkpt>
      <trkpt lat="44.01662" lon="7.66254">
        <ele>1964.6</ele>
      </trkpt>
      <trkpt lat="44.01679" lon="7.66246">
        <ele>1964.3</ele>
      </trkpt>
      <trkpt lat="44.01707" lon="7.66224">
        <ele>1966.2</ele>
      </trkpt>
      <trkpt lat="44.01725" lon="7.66213">
        <ele>1967.1</ele>
      </trkpt>
      <trkpt lat="44.01742" lon="7.66206">
        <ele>1967.0</ele>
      </trkpt>
      <trkpt lat="44.01742" lon="7.66206">
        <ele>1967.0</ele>
      </trkpt>
      <trkpt lat="44.01795" lon="7.66187">
        <ele>1976.7</ele>
      </trkpt>
      <trkpt lat="44.01806" lon="7.66186">
        <ele>1977.7</ele>
      </trkpt>
      <trkpt lat="44.01811" lon="7.66188">
        <ele>1976.9</ele>
      </trkpt>
      <trkpt lat="44.01847" lon="7.66217">
        <ele>1966.0</ele>
      </trkpt>
      <trkpt lat="44.01856" lon="7.66221">
        <ele>1966.0</ele>
      </trkpt>
      <trkpt lat="44.01874" lon="7.66224">
        <ele>1968.6</ele>
      </trkpt>
      <trkpt lat="44.01903" lon="7.66234">
        <ele>1970.3</ele>
      </trkpt>
      <trkpt lat="44.01918" lon="7.66245">
        <ele>1968.6</ele>
      </trkpt>
      <trkpt lat="44.01935" lon="7.66253">
        <ele>1968.7</ele>
      </trkpt>
      <trkpt lat="44.01977" lon="7.66286">
        <ele>1963.6</ele>
      </trkpt>
      <trkpt lat="44.01986" lon="7.66298">
        <ele>1960.3</ele>
      </trkpt>
      <trkpt lat="44.02019" lon="7.66323">
        <ele>1953.8</ele>
      </trkpt>
      <trkpt lat="44.02033" lon="7.66332">
        <ele>1951.3</ele>
      </trkpt>
      <trkpt lat="44.02055" lon="7.6634">
        <ele>1950.0</ele>
      </trkpt>
      <trkpt lat="44.02076" lon="7.66342">
        <ele>1951.3</ele>
      </trkpt>
      <trkpt lat="44.02084" lon="7.66339">
        <ele>1952.8</ele>
      </trkpt>
      <trkpt lat="44.021" lon="7.66326">
        <ele>1951.2</ele>
      </trkpt>
      <trkpt lat="44.02107" lon="7.66319">
        <ele>1950.9</ele>
      </trkpt>
      <trkpt lat="44.02156" lon="7.66254">
        <ele>1953.0</ele>
      </trkpt>
      <trkpt lat="44.02177" lon="7.66229">
        <ele>1951.6</ele>
      </trkpt>
      <trkpt lat="44.02198" lon="7.66199">
        <ele>1951.9</ele>
      </trkpt>
      <trkpt lat="44.02216" lon="7.66173">
        <ele>1953.0</ele>
      </trkpt>
      <trkpt lat="44.02238" lon="7.66158">
        <ele>1949.6</ele>
      </trkpt>
      <trkpt lat="44.0225" lon="7.66151">
        <ele>1947.6</ele>
      </trkpt>
      <trkpt lat="44.02259" lon="7.6615">
        <ele>1948.7</ele>
      </trkpt>
      <trkpt lat="44.02269" lon="7.66151">
        <ele>1949.1</ele>
      </trkpt>
      <trkpt lat="44.0228" lon="7.66154">
        <ele>1948.9</ele>
      </trkpt>
      <trkpt lat="44.02293" lon="7.66159">
        <ele>1948.2</ele>
      </trkpt>
      <trkpt lat="44.02299" lon="7.66163">
        <ele>1947.3</ele>
      </trkpt>
      <trkpt lat="44.02335" lon="7.66203">
        <ele>1933.7</ele>
      </trkpt>
      <trkpt lat="44.02343" lon="7.6621">
        <ele>1930.6</ele>
      </trkpt>
      <trkpt lat="44.02351" lon="7.66214">
        <ele>1928.6</ele>
      </trkpt>
      <trkpt lat="44.02366" lon="7.66219">
        <ele>1925.9</ele>
      </trkpt>
      <trkpt lat="44.02414" lon="7.66202">
        <ele>1933.5</ele>
      </trkpt>
      <trkpt lat="44.02428" lon="7.662">
        <ele>1934.9</ele>
      </trkpt>
      <trkpt lat="44.0245" lon="7.66193">
        <ele>1939.5</ele>
      </trkpt>
      <trkpt lat="44.02456" lon="7.66192">
        <ele>1940.3</ele>
      </trkpt>
      <trkpt lat="44.02467" lon="7.66193">
        <ele>1940.1</ele>
      </trkpt>
      <trkpt lat="44.02498" lon="7.662">
        <ele>1937.1</ele>
      </trkpt>
      <trkpt lat="44.0252" lon="7.66211">
        <ele>1931.2</ele>
      </trkpt>
      <trkpt lat="44.0255" lon="7.66218">
        <ele>1928.0</ele>
      </trkpt>
      <trkpt lat="44.02564" lon="7.6622">
        <ele>1927.3</ele>
      </trkpt>
      <trkpt lat="44.02585" lon="7.66219">
        <ele>1927.9</ele>
      </trkpt>
      <trkpt lat="44.02603" lon="7.66226">
        <ele>1922.9</ele>
      </trkpt>
      <trkpt lat="44.02611" lon="7.66226">
        <ele>1922.1</ele>
      </trkpt>
      <trkpt lat="44.02634" lon="7.66219">
        <ele>1922.4</ele>
      </trkpt>
      <trkpt lat="44.02663" lon="7.66214">
        <ele>1921.0</ele>
      </trkpt>
      <trkpt lat="44.02696" lon="7.66205">
        <ele>1917.3</ele>
      </trkpt>
      <trkpt lat="44.02731" lon="7.662">
        <ele>1911.0</ele>
      </trkpt>
      <trkpt lat="44.02748" lon="7.662">
        <ele>1907.2</ele>
      </trkpt>
      <trkpt lat="44.02758" lon="7.66201">
        <ele>1905.4</ele>
      </trkpt>
      <trkpt lat="44.02766" lon="7.66204">
        <ele>1903.7</ele>
      </trkpt>
      <trkpt lat="44.02788" lon="7.66215">
        <ele>1899.1</ele>
      </trkpt>
      <trkpt lat="44.02812" lon="7.66228">
        <ele>1895.0</ele>
      </trkpt>
      <trkpt lat="44.02838" lon="7.6624">
        <ele>1892.3</ele>
      </trkpt>
      <trkpt lat="44.0285" lon="7.66245">
        <ele>1892.0</ele>
      </trkpt>
      <trkpt lat="44.029" lon="7.66269">
        <ele>1892.0</ele>
      </trkpt>
      <trkpt lat="44.02904" lon="7.6627">
        <ele>1892.3</ele>
      </trkpt>
      <trkpt lat="44.02912" lon="7.66279">
        <ele>1893.2</ele>
      </trkpt>
      <trkpt lat="44.02918" lon="7.66293">
        <ele>1894.8</ele>
      </trkpt>
      <trkpt lat="44.02925" lon="7.66317">
        <ele>1898.0</ele>
      </trkpt>
      <trkpt lat="44.02929" lon="7.66331">
        <ele>1900.3</ele>
      </trkpt>
      <trkpt lat="44.0293" lon="7.66343">
        <ele>1899.8</ele>
      </trkpt>
      <trkpt lat="44.02924" lon="7.66391">
        <ele>1892.1</ele>
      </trkpt>
      <trkpt lat="44.0292" lon="7.66426">
        <ele>1885.7</ele>
      </trkpt>
      <trkpt lat="44.02919" lon="7.66447">
        <ele>1881.7</ele>
      </trkpt>
      <trkpt lat="44.0292" lon="7.66462">
        <ele>1879.4</ele>
      </trkpt>
      <trkpt lat="44.02923" lon="7.66479">
        <ele>1877.1</ele>
      </trkpt>
      <trkpt lat="44.02926" lon="7.66487">
        <ele>1876.4</ele>
      </trkpt>
      <trkpt lat="44.02931" lon="7.66493">
        <ele>1876.3</ele>
      </trkpt>
      <trkpt lat="44.02938" lon="7.66497">
        <ele>1877.0</ele>
      </trkpt>
      <trkpt lat="44.03014" lon="7.66519">
        <ele>1881.0</ele>
      </trkpt>
      <trkpt lat="44.03081" lon="7.66523">
        <ele>1882.5</ele>
      </trkpt>
      <trkpt lat="44.03096" lon="7.66526">
        <ele>1881.5</ele>
      </trkpt>
      <trkpt lat="44.03103" lon="7.66531">
        <ele>1879.6</ele>
      </trkpt>
      <trkpt lat="44.03112" lon="7.66542">
        <ele>1875.4</ele>
      </trkpt>
      <trkpt lat="44.03122" lon="7.66557">
        <ele>1869.9</ele>
      </trkpt>
      <trkpt lat="44.03127" lon="7.66566">
        <ele>1866.6</ele>
      </trkpt>
      <trkpt lat="44.03141" lon="7.66583">
        <ele>1860.9</ele>
      </trkpt>
      <trkpt lat="44.03149" lon="7.66586">
        <ele>1860.2</ele>
      </trkpt>
      <trkpt lat="44.03164" lon="7.66587">
        <ele>1860.6</ele>
      </trkpt>
      <trkpt lat="44.03164" lon="7.66587">
        <ele>1860.6</ele>
      </trkpt>
      <trkpt lat="44.03175" lon="7.66587">
        <ele>1859.1</ele>
      </trkpt>
      <trkpt lat="44.03197" lon="7.66583">
        <ele>1856.3</ele>
      </trkpt>
      <trkpt lat="44.03212" lon="7.66576">
        <ele>1855.0</ele>
      </trkpt>
      <trkpt lat="44.03224" lon="7.66567">
        <ele>1854.2</ele>
      </trkpt>
      <trkpt lat="44.03233" lon="7.66554">
        <ele>1854.4</ele>
      </trkpt>
      <trkpt lat="44.03246" lon="7.66523">
        <ele>1855.4</ele>
      </trkpt>
      <trkpt lat="44.03262" lon="7.66466">
        <ele>1852.1</ele>
      </trkpt>
      <trkpt lat="44.03275" lon="7.66423">
        <ele>1846.9</ele>
      </trkpt>
      <trkpt lat="44.03281" lon="7.66382">
        <ele>1842.8</ele>
      </trkpt>
      <trkpt lat="44.03285" lon="7.66374">
        <ele>1840.7</ele>
      </trkpt>
      <trkpt lat="44.03289" lon="7.66374">
        <ele>1838.9</ele>
      </trkpt>
      <trkpt lat="44.03288" lon="7.66419">
        <ele>1840.3</ele>
      </trkpt>
      <trkpt lat="44.03289" lon="7.66459">
        <ele>1838.6</ele>
      </trkpt>
      <trkpt lat="44.03294" lon="7.66504">
        <ele>1834.4</ele>
      </trkpt>
      <trkpt lat="44.03294" lon="7.66504">
        <ele>1834.4</ele>
      </trkpt>
      <trkpt lat="44.03303" lon="7.66574">
        <ele>1823.9</ele>
      </trkpt>
      <trkpt lat="44.03306" lon="7.66617">
        <ele>1816.9</ele>
      </trkpt>
      <trkpt lat="44.03304" lon="7.66642">
        <ele>1813.7</ele>
      </trkpt>
      <trkpt lat="44.03297" lon="7.66662">
        <ele>1812.2</ele>
      </trkpt>
      <trkpt lat="44.03281" lon="7.66687">
        <ele>1807.7</ele>
      </trkpt>
      <trkpt lat="44.0327" lon="7.66693">
        <ele>1807.1</ele>
      </trkpt>
      <trkpt lat="44.03253" lon="7.66695">
        <ele>1808.7</ele>
      </trkpt>
      <trkpt lat="44.03238" lon="7.66692">
        <ele>1812.3</ele>
      </trkpt>
      <trkpt lat="44.03225" lon="7.66692">
        <ele>1814.4</ele>
      </trkpt>
      <trkpt lat="44.03209" lon="7.66696">
        <ele>1815.5</ele>
      </trkpt>
      <trkpt lat="44.03195" lon="7.66702">
        <ele>1815.7</ele>
      </trkpt>
      <trkpt lat="44.03179" lon="7.66714">
        <ele>1814.4</ele>
      </trkpt>
      <trkpt lat="44.03171" lon="7.66729">
        <ele>1810.9</ele>
      </trkpt>
      <trkpt lat="44.03141" lon="7.66791">
        <ele>1794.8</ele>
      </trkpt>
      <trkpt lat="44.03129" lon="7.66825">
        <ele>1786.9</ele>
      </trkpt>
      <trkpt lat="44.0312" lon="7.66855">
        <ele>1781.6</ele>
      </trkpt>
      <trkpt lat="44.03111" lon="7.66877">
        <ele>1778.7</ele>
      </trkpt>
      <trkpt lat="44.03088" lon="7.66925">
        <ele>1774.3</ele>
      </trkpt>
      <trkpt lat="44.03071" lon="7.66964">
        <ele>1766.2</ele>
      </trkpt>
      <trkpt lat="44.03065" lon="7.66976">
        <ele>1763.0</ele>
      </trkpt>
      <trkpt lat="44.03061" lon="7.66981">
        <ele>1761.2</ele>
      </trkpt>
      <trkpt lat="44.0306" lon="7.67012">
        <ele>1758.2</ele>
      </trkpt>
      <trkpt lat="44.03056" lon="7.67038">
        <ele>1755.4</ele>
      </trkpt>
      <trkpt lat="44.03037" lon="7.67102">
        <ele>1749.2</ele>
      </trkpt>
      <trkpt lat="44.03018" lon="7.67146">
        <ele>1749.6</ele>
      </trkpt>
      <trkpt lat="44.02989" lon="7.67203">
        <ele>1748.5</ele>
      </trkpt>
      <trkpt lat="44.02981" lon="7.67233">
        <ele>1747.1</ele>
      </trkpt>
      <trkpt lat="44.02974" lon="7.67266">
        <ele>1745.4</ele>
      </trkpt>
      <trkpt lat="44.02974" lon="7.67276">
        <ele>1745.3</ele>
      </trkpt>
      <trkpt lat="44.02974" lon="7.67276">
        <ele>1745.3</ele>
      </trkpt>
      <trkpt lat="44.02973" lon="7.67295">
        <ele>1744.7</ele>
      </trkpt>
      <trkpt lat="44.02974" lon="7.6733">
        <ele>1744.7</ele>
      </trkpt>
      <trkpt lat="44.02972" lon="7.67352">
        <ele>1745.6</ele>
      </trkpt>
      <trkpt lat="44.02966" lon="7.67373">
        <ele>1745.2</ele>
      </trkpt>
      <trkpt lat="44.02947" lon="7.67419">
        <ele>1741.6</ele>
      </trkpt>
      <trkpt lat="44.02938" lon="7.67446">
        <ele>1737.6</ele>
      </trkpt>
      <trkpt lat="44.02933" lon="7.67469">
        <ele>1735.6</ele>
      </trkpt>
      <trkpt lat="44.02932" lon="7.67485">
        <ele>1735.1</ele>
      </trkpt>
      <trkpt lat="44.02934" lon="7.67511">
        <ele>1733.8</ele>
      </trkpt>
      <trkpt lat="44.02939" lon="7.6754">
        <ele>1730.4</ele>
      </trkpt>
      <trkpt lat="44.02944" lon="7.67557">
        <ele>1728.4</ele>
      </trkpt>
      <trkpt lat="44.02949" lon="7.67564">
        <ele>1727.8</ele>
      </trkpt>
      <trkpt lat="44.02954" lon="7.67565">
        <ele>1728.1</ele>
      </trkpt>
      <trkpt lat="44.02962" lon="7.67564">
        <ele>1729.2</ele>
      </trkpt>
      <trkpt lat="44.0298" lon="7.67554">
        <ele>1733.7</ele>
      </trkpt>
      <trkpt lat="44.02999" lon="7.67546">
        <ele>1738.6</ele>
      </trkpt>
      <trkpt lat="44.03027" lon="7.6754">
        <ele>1737.2</ele>
      </trkpt>
      <trkpt lat="44.03042" lon="7.67539">
        <ele>1735.7</ele>
      </trkpt>
      <trkpt lat="44.03059" lon="7.6754">
        <ele>1733.3</ele>
      </trkpt>
      <trkpt lat="44.03075" lon="7.67546">
        <ele>1729.9</ele>
      </trkpt>
      <trkpt lat="44.03136" lon="7.67591">
        <ele>1716.7</ele>
      </trkpt>
      <trkpt lat="44.03194" lon="7.67621">
        <ele>1707.4</ele>
      </trkpt>
      <trkpt lat="44.03213" lon="7.67635">
        <ele>1705.0</ele>
      </trkpt>
      <trkpt lat="44.03221" lon="7.67643">
        <ele>1704.0</ele>
      </trkpt>
      <trkpt lat="44.03231" lon="7.67655">
        <ele>1703.1</ele>
      </trkpt>
      <trkpt lat="44.03236" lon="7.67664">
        <ele>1702.5</ele>
      </trkpt>
      <trkpt lat="44.03246" lon="7.67703">
        <ele>1697.5</ele>
      </trkpt>
      <trkpt lat="44.03255" lon="7.67731">
        <ele>1694.4</ele>
      </trkpt>
      <trkpt lat="44.03262" lon="7.67744">
        <ele>1693.4</ele>
      </trkpt>
      <trkpt lat="44.03269" lon="7.67754">
        <ele>1692.7</ele>
      </trkpt>
      <trkpt lat="44.03298" lon="7.67772">
        <ele>1693.0</ele>
      </trkpt>
      <trkpt lat="44.0331" lon="7.67785">
        <ele>1692.5</ele>
      </trkpt>
      <trkpt lat="44.03361" lon="7.67857">
        <ele>1686.6</ele>
      </trkpt>
      <trkpt lat="44.03368" lon="7.67875">
        <ele>1685.3</ele>
      </trkpt>
      <trkpt lat="44.03378" lon="7.67907">
        <ele>1684.0</ele>
      </trkpt>
      <trkpt lat="44.0338" lon="7.6792">
        <ele>1683.6</ele>
      </trkpt>
      <trkpt lat="44.03379" lon="7.6793">
        <ele>1682.7</ele>
      </trkpt>
      <trkpt lat="44.03381" lon="7.6795">
        <ele>1682.0</ele>
      </trkpt>
      <trkpt lat="44.03388" lon="7.67969">
        <ele>1683.0</ele>
      </trkpt>
      <trkpt lat="44.03401" lon="7.67988">
        <ele>1686.2</ele>
      </trkpt>
      <trkpt lat="44.03434" lon="7.68032">
        <ele>1685.8</ele>
      </trkpt>
      <trkpt lat="44.03467" lon="7.68075">
        <ele>1686.1</ele>
      </trkpt>
      <trkpt lat="44.03483" lon="7.68102">
        <ele>1686.0</ele>
      </trkpt>
      <trkpt lat="44.03497" lon="7.68123">
        <ele>1686.4</ele>
      </trkpt>
      <trkpt lat="44.03522" lon="7.68152">
        <ele>1687.1</ele>
      </trkpt>
      <trkpt lat="44.03528" lon="7.68162">
        <ele>1687.3</ele>
      </trkpt>
      <trkpt lat="44.03536" lon="7.68183">
        <ele>1685.5</ele>
      </trkpt>
      <trkpt lat="44.03542" lon="7.68207">
        <ele>1682.4</ele>
      </trkpt>
      <trkpt lat="44.03547" lon="7.68226">
        <ele>1680.1</ele>
      </trkpt>
      <trkpt lat="44.03555" lon="7.68243">
        <ele>1679.5</ele>
      </trkpt>
      <trkpt lat="44.03565" lon="7.6826">
        <ele>1678.6</ele>
      </trkpt>
      <trkpt lat="44.03578" lon="7.6827">
        <ele>1679.8</ele>
      </trkpt>
      <trkpt lat="44.03624" lon="7.68297">
        <ele>1674.8</ele>
      </trkpt>
      <trkpt lat="44.03642" lon="7.68313">
        <ele>1672.9</ele>
      </trkpt>
      <trkpt lat="44.03666" lon="7.68344">
        <ele>1672.1</ele>
      </trkpt>
      <trkpt lat="44.03669" lon="7.6836">
        <ele>1671.1</ele>
      </trkpt>
      <trkpt lat="44.03672" lon="7.68374">
        <ele>1670.4</ele>
      </trkpt>
      <trkpt lat="44.03684" lon="7.68409">
        <ele>1671.0</ele>
      </trkpt>
      <trkpt lat="44.03705" lon="7.68441">
        <ele>1673.6</ele>
      </trkpt>
      <trkpt lat="44.03722" lon="7.68476">
        <ele>1677.0</ele>
      </trkpt>
      <trkpt lat="44.03727" lon="7.68491">
        <ele>1678.4</ele>
      </trkpt>
      <trkpt lat="44.03732" lon="7.68519">
        <ele>1679.5</ele>
      </trkpt>
      <trkpt lat="44.03737" lon="7.68569">
        <ele>1680.0</ele>
      </trkpt>
      <trkpt lat="44.03736" lon="7.68601">
        <ele>1679.5</ele>
      </trkpt>
      <trkpt lat="44.03731" lon="7.68627">
        <ele>1677.8</ele>
      </trkpt>
      <trkpt lat="44.03725" lon="7.68647">
        <ele>1675.6</ele>
      </trkpt>
      <trkpt lat="44.03725" lon="7.68647">
        <ele>1675.6</ele>
      </trkpt>
      <trkpt lat="44.0372" lon="7.68668">
        <ele>1673.7</ele>
      </trkpt>
      <trkpt lat="44.03719" lon="7.6869">
        <ele>1669.7</ele>
      </trkpt>
      <trkpt lat="44.03721" lon="7.68697">
        <ele>1669.4</ele>
      </trkpt>
      <trkpt lat="44.03725" lon="7.68706">
        <ele>1669.5</ele>
      </trkpt>
      <trkpt lat="44.03775" lon="7.68744">
        <ele>1680.3</ele>
      </trkpt>
      <trkpt lat="44.03789" lon="7.68759">
        <ele>1682.1</ele>
      </trkpt>
      <trkpt lat="44.03798" lon="7.68775">
        <ele>1681.7</ele>
      </trkpt>
      <trkpt lat="44.03805" lon="7.68793">
        <ele>1680.4</ele>
      </trkpt>
      <trkpt lat="44.03811" lon="7.6881">
        <ele>1679.4</ele>
      </trkpt>
      <trkpt lat="44.03816" lon="7.68832">
        <ele>1677.1</ele>
      </trkpt>
      <trkpt lat="44.03817" lon="7.68859">
        <ele>1671.8</ele>
      </trkpt>
      <trkpt lat="44.03821" lon="7.6887">
        <ele>1671.4</ele>
      </trkpt>
      <trkpt lat="44.03829" lon="7.68882">
        <ele>1672.7</ele>
      </trkpt>
      <trkpt lat="44.03845" lon="7.68901">
        <ele>1675.3</ele>
      </trkpt>
      <trkpt lat="44.03866" lon="7.68931">
        <ele>1678.5</ele>
      </trkpt>
      <trkpt lat="44.0388" lon="7.68958">
        <ele>1680.1</ele>
      </trkpt>
      <trkpt lat="44.03883" lon="7.68969">
        <ele>1679.7</ele>
      </trkpt>
      <trkpt lat="44.03889" lon="7.69005">
        <ele>1677.6</ele>
      </trkpt>
      <trkpt lat="44.0389" lon="7.69033">
        <ele>1677.6</ele>
      </trkpt>
      <trkpt lat="44.03889" lon="7.69045">
        <ele>1676.7</ele>
      </trkpt>
      <trkpt lat="44.03886" lon="7.69057">
        <ele>1674.5</ele>
      </trkpt>
      <trkpt lat="44.03878" lon="7.69082">
        <ele>1668.5</ele>
      </trkpt>
      <trkpt lat="44.03877" lon="7.69093">
        <ele>1667.3</ele>
      </trkpt>
      <trkpt lat="44.03878" lon="7.69102">
        <ele>1667.4</ele>
      </trkpt>
      <trkpt lat="44.0389" lon="7.6914">
        <ele>1673.3</ele>
      </trkpt>
      <trkpt lat="44.03895" lon="7.69166">
        <ele>1675.2</ele>
      </trkpt>
      <trkpt lat="44.03895" lon="7.69196">
        <ele>1676.3</ele>
      </trkpt>
      <trkpt lat="44.03887" lon="7.69234">
        <ele>1672.4</ele>
      </trkpt>
      <trkpt lat="44.03888" lon="7.6927">
        <ele>1677.6</ele>
      </trkpt>
      <trkpt lat="44.03881" lon="7.69296">
        <ele>1678.3</ele>
      </trkpt>
      <trkpt lat="44.03839" lon="7.6937">
        <ele>1668.1</ele>
      </trkpt>
      <trkpt lat="44.03827" lon="7.69396">
        <ele>1665.6</ele>
      </trkpt>
      <trkpt lat="44.03816" lon="7.69461">
        <ele>1673.7</ele>
      </trkpt>
      <trkpt lat="44.03801" lon="7.69488">
        <ele>1673.0</ele>
      </trkpt>
      <trkpt lat="44.03779" lon="7.69515">
        <ele>1669.4</ele>
      </trkpt>
      <trkpt lat="44.03757" lon="7.69532">
        <ele>1665.7</ele>
      </trkpt>
      <trkpt lat="44.0371" lon="7.69564">
        <ele>1665.0</ele>
      </trkpt>
      <trkpt lat="44.03664" lon="7.69596">
        <ele>1661.1</ele>
      </trkpt>
      <trkpt lat="44.03644" lon="7.69612">
        <ele>1655.3</ele>
      </trkpt>
      <trkpt lat="44.03632" lon="7.69631">
        <ele>1653.3</ele>
      </trkpt>
      <trkpt lat="44.03623" lon="7.69648">
        <ele>1652.8</ele>
      </trkpt>
      <trkpt lat="44.03625" lon="7.6966">
        <ele>1654.4</ele>
      </trkpt>
      <trkpt lat="44.03629" lon="7.69666">
        <ele>1655.6</ele>
      </trkpt>
      <trkpt lat="44.03651" lon="7.69663">
        <ele>1659.2</ele>
      </trkpt>
      <trkpt lat="44.037" lon="7.69662">
        <ele>1664.3</ele>
      </trkpt>
      <trkpt lat="44.03753" lon="7.69671">
        <ele>1665.1</ele>
      </trkpt>
      <trkpt lat="44.03776" lon="7.6967">
        <ele>1668.2</ele>
      </trkpt>
      <trkpt lat="44.03815" lon="7.69666">
        <ele>1674.2</ele>
      </trkpt>
      <trkpt lat="44.03826" lon="7.69669">
        <ele>1674.2</ele>
      </trkpt>
      <trkpt lat="44.03839" lon="7.69689">
        <ele>1667.4</ele>
      </trkpt>
      <trkpt lat="44.03852" lon="7.69699">
        <ele>1666.1</ele>
      </trkpt>
      <trkpt lat="44.0387" lon="7.69709">
        <ele>1666.2</ele>
      </trkpt>
      <trkpt lat="44.0389" lon="7.69713">
        <ele>1669.6</ele>
      </trkpt>
      <trkpt lat="44.03906" lon="7.69718">
        <ele>1671.6</ele>
      </trkpt>
      <trkpt lat="44.03912" lon="7.69723">
        <ele>1671.2</ele>
      </trkpt>
      <trkpt lat="44.03923" lon="7.69742">
        <ele>1667.7</ele>
      </trkpt>
      <trkpt lat="44.03931" lon="7.69764">
        <ele>1662.7</ele>
      </trkpt>
      <trkpt lat="44.03946" lon="7.69783">
        <ele>1662.1</ele>
      </trkpt>
      <trkpt lat="44.04002" lon="7.69847">
        <ele>1667.0</ele>
      </trkpt>
      <trkpt lat="44.0401" lon="7.69879">
        <ele>1666.9</ele>
      </trkpt>
      <trkpt lat="44.04018" lon="7.69932">
        <ele>1667.3</ele>
      </trkpt>
      <trkpt lat="44.04017" lon="7.69954">
        <ele>1668.3</ele>
      </trkpt>
      <trkpt lat="44.04007" lon="7.69975">
        <ele>1664.4</ele>
      </trkpt>
      <trkpt lat="44.03984" lon="7.70007">
        <ele>1655.3</ele>
      </trkpt>
      <trkpt lat="44.03958" lon="7.70056">
        <ele>1649.6</ele>
      </trkpt>
      <trkpt lat="44.0395" lon="7.70085">
        <ele>1649.9</ele>
      </trkpt>
      <trkpt lat="44.03948" lon="7.70103">
        <ele>1645.8</ele>
      </trkpt>
      <trkpt lat="44.03966" lon="7.70128">
        <ele>1647.8</ele>
      </trkpt>
      <trkpt lat="44.03977" lon="7.70149">
        <ele>1645.9</ele>
      </trkpt>
      <trkpt lat="44.03991" lon="7.70157">
        <ele>1647.2</ele>
      </trkpt>
      <trkpt lat="44.04006" lon="7.70153">
        <ele>1650.7</ele>
      </trkpt>
      <trkpt lat="44.04025" lon="7.70133">
        <ele>1658.4</ele>
      </trkpt>
      <trkpt lat="44.04039" lon="7.70126">
        <ele>1661.7</ele>
      </trkpt>
      <trkpt lat="44.04065" lon="7.70118">
        <ele>1666.6</ele>
      </trkpt>
      <trkpt lat="44.0408" lon="7.70119">
        <ele>1666.7</ele>
      </trkpt>
      <trkpt lat="44.04102" lon="7.70136">
        <ele>1661.5</ele>
      </trkpt>
      <trkpt lat="44.04123" lon="7.70144">
        <ele>1662.1</ele>
      </trkpt>
      <trkpt lat="44.04147" lon="7.70137">
        <ele>1671.1</ele>
      </trkpt>
      <trkpt lat="44.04158" lon="7.70144">
        <ele>1670.3</ele>
      </trkpt>
      <trkpt lat="44.04171" lon="7.70163">
        <ele>1665.6</ele>
      </trkpt>
      <trkpt lat="44.04178" lon="7.70168">
        <ele>1666.4</ele>
      </trkpt>
      <trkpt lat="44.04199" lon="7.70173">
        <ele>1673.6</ele>
      </trkpt>
      <trkpt lat="44.04204" lon="7.7018">
        <ele>1672.8</ele>
      </trkpt>
      <trkpt lat="44.04207" lon="7.70186">
        <ele>1671.6</ele>
      </trkpt>
      <trkpt lat="44.0421" lon="7.70207">
        <ele>1664.1</ele>
      </trkpt>
      <trkpt lat="44.04217" lon="7.70224">
        <ele>1660.6</ele>
      </trkpt>
      <trkpt lat="44.04224" lon="7.70235">
        <ele>1659.7</ele>
      </trkpt>
      <trkpt lat="44.04235" lon="7.70242">
        <ele>1662.9</ele>
      </trkpt>
      <trkpt lat="44.04249" lon="7.70249">
        <ele>1667.8</ele>
      </trkpt>
      <trkpt lat="44.04268" lon="7.70282">
        <ele>1669.1</ele>
      </trkpt>
      <trkpt lat="44.04269" lon="7.70291">
        <ele>1667.3</ele>
      </trkpt>
      <trkpt lat="44.04268" lon="7.70303">
        <ele>1663.5</ele>
      </trkpt>
      <trkpt lat="44.04271" lon="7.70313">
        <ele>1662.5</ele>
      </trkpt>
      <trkpt lat="44.04273" lon="7.70319">
        <ele>1662.1</ele>
      </trkpt>
      <trkpt lat="44.04277" lon="7.70338">
        <ele>1659.5</ele>
      </trkpt>
      <trkpt lat="44.04275" lon="7.70361">
        <ele>1653.2</ele>
      </trkpt>
      <trkpt lat="44.04277" lon="7.70382">
        <ele>1649.7</ele>
      </trkpt>
      <trkpt lat="44.04283" lon="7.70397">
        <ele>1649.7</ele>
      </trkpt>
      <trkpt lat="44.04288" lon="7.7041">
        <ele>1649.5</ele>
      </trkpt>
      <trkpt lat="44.04291" lon="7.70431">
        <ele>1645.7</ele>
      </trkpt>
      <trkpt lat="44.04289" lon="7.70456">
        <ele>1637.7</ele>
      </trkpt>
      <trkpt lat="44.04287" lon="7.70481">
        <ele>1629.8</ele>
      </trkpt>
      <trkpt lat="44.0429" lon="7.70492">
        <ele>1628.3</ele>
      </trkpt>
      <trkpt lat="44.04307" lon="7.70522">
        <ele>1626.4</ele>
      </trkpt>
      <trkpt lat="44.04333" lon="7.70532">
        <ele>1634.6</ele>
      </trkpt>
      <trkpt lat="44.0434" lon="7.70531">
        <ele>1632.6</ele>
      </trkpt>
      <trkpt lat="44.04347" lon="7.70526">
        <ele>1632.0</ele>
      </trkpt>
      <trkpt lat="44.04367" lon="7.70505">
        <ele>1632.4</ele>
      </trkpt>
      <trkpt lat="44.04404" lon="7.70472">
        <ele>1631.1</ele>
      </trkpt>
      <trkpt lat="44.04404" lon="7.70472">
        <ele>1631.1</ele>
      </trkpt>
      <trkpt lat="44.04446" lon="7.70425">
        <ele>1635.0</ele>
      </trkpt>
      <trkpt lat="44.0447" lon="7.70403">
        <ele>1634.1</ele>
      </trkpt>
      <trkpt lat="44.04519" lon="7.70368">
        <ele>1629.0</ele>
      </trkpt>
      <trkpt lat="44.0453" lon="7.70362">
        <ele>1627.8</ele>
      </trkpt>
      <trkpt lat="44.04567" lon="7.70347">
        <ele>1621.2</ele>
      </trkpt>
      <trkpt lat="44.04577" lon="7.70344">
        <ele>1618.9</ele>
      </trkpt>
      <trkpt lat="44.04579" lon="7.70341">
        <ele>1619.4</ele>
      </trkpt>
      <trkpt lat="44.0459" lon="7.70331">
        <ele>1620.3</ele>
      </trkpt>
      <trkpt lat="44.04629" lon="7.70302">
        <ele>1615.9</ele>
      </trkpt>
      <trkpt lat="44.04635" lon="7.70296">
        <ele>1615.0</ele>
      </trkpt>
      <trkpt lat="44.04639" lon="7.70289">
        <ele>1614.4</ele>
      </trkpt>
      <trkpt lat="44.04671" lon="7.70281">
        <ele>1608.3</ele>
      </trkpt>
      <trkpt lat="44.04706" lon="7.70276">
        <ele>1604.8</ele>
      </trkpt>
      <trkpt lat="44.04725" lon="7.70276">
        <ele>1603.0</ele>
      </trkpt>
      <trkpt lat="44.04779" lon="7.70283">
        <ele>1596.1</ele>
      </trkpt>
      <trkpt lat="44.04815" lon="7.70279">
        <ele>1590.5</ele>
      </trkpt>
      <trkpt lat="44.04835" lon="7.70273">
        <ele>1587.9</ele>
      </trkpt>
      <trkpt lat="44.0484" lon="7.70269">
        <ele>1588.3</ele>
      </trkpt>
      <trkpt lat="44.04862" lon="7.70256">
        <ele>1590.5</ele>
      </trkpt>
      <trkpt lat="44.04875" lon="7.70245">
        <ele>1590.7</ele>
      </trkpt>
      <trkpt lat="44.04888" lon="7.7024">
        <ele>1590.3</ele>
      </trkpt>
      <trkpt lat="44.04896" lon="7.70238">
        <ele>1590.3</ele>
      </trkpt>
      <trkpt lat="44.04906" lon="7.70241">
        <ele>1591.8</ele>
      </trkpt>
      <trkpt lat="44.04915" lon="7.70245">
        <ele>1593.6</ele>
      </trkpt>
      <trkpt lat="44.04993" lon="7.70294">
        <ele>1596.6</ele>
      </trkpt>
      <trkpt lat="44.05018" lon="7.70303">
        <ele>1602.5</ele>
      </trkpt>
      <trkpt lat="44.05045" lon="7.703">
        <ele>1609.5</ele>
      </trkpt>
      <trkpt lat="44.05096" lon="7.70281">
        <ele>1619.6</ele>
      </trkpt>
      <trkpt lat="44.05112" lon="7.7027">
        <ele>1622.2</ele>
      </trkpt>
      <trkpt lat="44.05112" lon="7.7027">
        <ele>1622.2</ele>
      </trkpt>
      <trkpt lat="44.05125" lon="7.70262">
        <ele>1624.6</ele>
      </trkpt>
      <trkpt lat="44.05154" lon="7.70228">
        <ele>1626.0</ele>
      </trkpt>
      <trkpt lat="44.05163" lon="7.70204">
        <ele>1623.7</ele>
      </trkpt>
      <trkpt lat="44.05167" lon="7.70198">
        <ele>1623.7</ele>
      </trkpt>
      <trkpt lat="44.05172" lon="7.70196">
        <ele>1622.0</ele>
      </trkpt>
      <trkpt lat="44.05175" lon="7.70199">
        <ele>1621.9</ele>
      </trkpt>
      <trkpt lat="44.05177" lon="7.70206">
        <ele>1623.0</ele>
      </trkpt>
      <trkpt lat="44.05165" lon="7.70225">
        <ele>1629.0</ele>
      </trkpt>
      <trkpt lat="44.05156" lon="7.70247">
        <ele>1631.1</ele>
      </trkpt>
      <trkpt lat="44.05145" lon="7.70268">
        <ele>1631.5</ele>
      </trkpt>
      <trkpt lat="44.05128" lon="7.70293">
        <ele>1630.8</ele>
      </trkpt>
      <trkpt lat="44.05103" lon="7.70323">
        <ele>1629.3</ele>
      </trkpt>
      <trkpt lat="44.05102" lon="7.70328">
        <ele>1630.0</ele>
      </trkpt>
      <trkpt lat="44.05104" lon="7.70333">
        <ele>1631.4</ele>
      </trkpt>
      <trkpt lat="44.05111" lon="7.70331">
        <ele>1632.9</ele>
      </trkpt>
      <trkpt lat="44.05128" lon="7.7031">
        <ele>1633.8</ele>
      </trkpt>
      <trkpt lat="44.05156" lon="7.70284">
        <ele>1637.3</ele>
      </trkpt>
      <trkpt lat="44.05167" lon="7.70283">
        <ele>1640.1</ele>
      </trkpt>
      <trkpt lat="44.05177" lon="7.7029">
        <ele>1639.9</ele>
      </trkpt>
      <trkpt lat="44.05188" lon="7.70325">
        <ele>1645.3</ele>
      </trkpt>
      <trkpt lat="44.05199" lon="7.70346">
        <ele>1645.0</ele>
      </trkpt>
      <trkpt lat="44.05214" lon="7.70368">
        <ele>1644.1</ele>
      </trkpt>
      <trkpt lat="44.05255" lon="7.70391">
        <ele>1650.0</ele>
      </trkpt>
      <trkpt lat="44.05273" lon="7.70403">
        <ele>1651.3</ele>
      </trkpt>
      <trkpt lat="44.05304" lon="7.70433">
        <ele>1654.9</ele>
      </trkpt>
      <trkpt lat="44.05322" lon="7.70445">
        <ele>1657.2</ele>
      </trkpt>
      <trkpt lat="44.05339" lon="7.70452">
        <ele>1660.7</ele>
      </trkpt>
      <trkpt lat="44.05357" lon="7.70457">
        <ele>1665.9</ele>
      </trkpt>
      <trkpt lat="44.05386" lon="7.70448">
        <ele>1671.8</ele>
      </trkpt>
      <trkpt lat="44.054" lon="7.70445">
        <ele>1674.7</ele>
      </trkpt>
      <trkpt lat="44.05407" lon="7.70442">
        <ele>1675.8</ele>
      </trkpt>
      <trkpt lat="44.05414" lon="7.70436">
        <ele>1676.3</ele>
      </trkpt>
      <trkpt lat="44.05419" lon="7.70431">
        <ele>1676.6</ele>
      </trkpt>
      <trkpt lat="44.05425" lon="7.70424">
        <ele>1677.0</ele>
      </trkpt>
      <trkpt lat="44.05454" lon="7.70368">
        <ele>1669.5</ele>
      </trkpt>
      <trkpt lat="44.05469" lon="7.70347">
        <ele>1668.2</ele>
      </trkpt>
      <trkpt lat="44.05473" lon="7.70341">
        <ele>1667.8</ele>
      </trkpt>
      <trkpt lat="44.05478" lon="7.70338">
        <ele>1668.7</ele>
      </trkpt>
      <trkpt lat="44.05486" lon="7.70335">
        <ele>1670.6</ele>
      </trkpt>
      <trkpt lat="44.05497" lon="7.70339">
        <ele>1675.5</ele>
      </trkpt>
      <trkpt lat="44.05515" lon="7.7036">
        <ele>1679.5</ele>
      </trkpt>
      <trkpt lat="44.05533" lon="7.7041">
        <ele>1689.8</ele>
      </trkpt>
      <trkpt lat="44.05552" lon="7.70442">
        <ele>1695.1</ele>
      </trkpt>
      <trkpt lat="44.0557" lon="7.70471">
        <ele>1700.8</ele>
      </trkpt>
      <trkpt lat="44.05602" lon="7.70508">
        <ele>1708.8</ele>
      </trkpt>
      <trkpt lat="44.05633" lon="7.70532">
        <ele>1714.6</ele>
      </trkpt>
      <trkpt lat="44.05653" lon="7.7054">
        <ele>1715.7</ele>
      </trkpt>
      <trkpt lat="44.0567" lon="7.70531">
        <ele>1711.1</ele>
      </trkpt>
      <trkpt lat="44.05693" lon="7.70505">
        <ele>1704.1</ele>
      </trkpt>
      <trkpt lat="44.05716" lon="7.70491">
        <ele>1702.3</ele>
      </trkpt>
      <trkpt lat="44.05753" lon="7.70488">
        <ele>1706.5</ele>
      </trkpt>
      <trkpt lat="44.05776" lon="7.70489">
        <ele>1710.1</ele>
      </trkpt>
      <trkpt lat="44.05818" lon="7.70494">
        <ele>1717.8</ele>
      </trkpt>
      <trkpt lat="44.05841" lon="7.70493">
        <ele>1722.2</ele>
      </trkpt>
      <trkpt lat="44.05859" lon="7.70491">
        <ele>1727.9</ele>
      </trkpt>
      <trkpt lat="44.05867" lon="7.70482">
        <ele>1727.9</ele>
      </trkpt>
      <trkpt lat="44.05891" lon="7.70453">
        <ele>1727.9</ele>
      </trkpt>
      <trkpt lat="44.05899" lon="7.70435">
        <ele>1725.8</ele>
      </trkpt>
      <trkpt lat="44.05901" lon="7.70418">
        <ele>1721.6</ele>
      </trkpt>
      <trkpt lat="44.05901" lon="7.70394">
        <ele>1715.9</ele>
      </trkpt>
      <trkpt lat="44.05903" lon="7.70378">
        <ele>1713.1</ele>
      </trkpt>
      <trkpt lat="44.05908" lon="7.70357">
        <ele>1710.4</ele>
      </trkpt>
      <trkpt lat="44.05911" lon="7.70338">
        <ele>1707.4</ele>
      </trkpt>
      <trkpt lat="44.05916" lon="7.70318">
        <ele>1705.8</ele>
      </trkpt>
      <trkpt lat="44.05918" lon="7.70315">
        <ele>1705.4</ele>
      </trkpt>
      <trkpt lat="44.05921" lon="7.70314">
        <ele>1705.1</ele>
      </trkpt>
      <trkpt lat="44.05923" lon="7.70314">
        <ele>1705.0</ele>
      </trkpt>
      <trkpt lat="44.05925" lon="7.70315">
        <ele>1705.2</ele>
      </trkpt>
      <trkpt lat="44.0595" lon="7.70343">
        <ele>1713.8</ele>
      </trkpt>
      <trkpt lat="44.0601" lon="7.70364">
        <ele>1726.4</ele>
      </trkpt>
      <trkpt lat="44.0602" lon="7.70366">
        <ele>1726.0</ele>
      </trkpt>
      <trkpt lat="44.0603" lon="7.70365">
        <ele>1724.2</ele>
      </trkpt>
      <trkpt lat="44.06038" lon="7.70362">
        <ele>1721.7</ele>
      </trkpt>
      <trkpt lat="44.06048" lon="7.70355">
        <ele>1717.2</ele>
      </trkpt>
      <trkpt lat="44.06055" lon="7.70351">
        <ele>1714.5</ele>
      </trkpt>
      <trkpt lat="44.06061" lon="7.70351">
        <ele>1713.7</ele>
      </trkpt>
      <trkpt lat="44.06067" lon="7.70353">
        <ele>1713.8</ele>
      </trkpt>
      <trkpt lat="44.06072" lon="7.70357">
        <ele>1715.0</ele>
      </trkpt>
      <trkpt lat="44.06077" lon="7.70364">
        <ele>1717.5</ele>
      </trkpt>
      <trkpt lat="44.06077" lon="7.70364">
        <ele>1717.5</ele>
      </trkpt>
      <trkpt lat="44.0609" lon="7.70391">
        <ele>1727.8</ele>
      </trkpt>
      <trkpt lat="44.06095" lon="7.70399">
        <ele>1730.9</ele>
      </trkpt>
      <trkpt lat="44.06099" lon="7.70402">
        <ele>1731.8</ele>
      </trkpt>
      <trkpt lat="44.06122" lon="7.70408">
        <ele>1732.2</ele>
      </trkpt>
      <trkpt lat="44.06133" lon="7.70418">
        <ele>1736.3</ele>
      </trkpt>
      <trkpt lat="44.06139" lon="7.70422">
        <ele>1738.8</ele>
      </trkpt>
      <trkpt lat="44.06148" lon="7.70425">
        <ele>1740.1</ele>
      </trkpt>
      <trkpt lat="44.06157" lon="7.70421">
        <ele>1736.2</ele>
      </trkpt>
      <trkpt lat="44.06164" lon="7.70416">
        <ele>1731.9</ele>
      </trkpt>
      <trkpt lat="44.0617" lon="7.70415">
        <ele>1730.8</ele>
      </trkpt>
      <trkpt lat="44.06177" lon="7.70417">
        <ele>1731.3</ele>
      </trkpt>
      <trkpt lat="44.06182" lon="7.7042">
        <ele>1733.0</ele>
      </trkpt>
      <trkpt lat="44.06193" lon="7.7043">
        <ele>1739.2</ele>
      </trkpt>
      <trkpt lat="44.06202" lon="7.70435">
        <ele>1741.9</ele>
      </trkpt>
      <trkpt lat="44.06205" lon="7.70436">
        <ele>1742.4</ele>
      </trkpt>
      <trkpt lat="44.06209" lon="7.70437">
        <ele>1742.7</ele>
      </trkpt>
      <trkpt lat="44.06226" lon="7.70435">
        <ele>1739.6</ele>
      </trkpt>
      <trkpt lat="44.0624" lon="7.70437">
        <ele>1739.6</ele>
      </trkpt>
      <trkpt lat="44.06285" lon="7.70439">
        <ele>1738.1</ele>
      </trkpt>
      <trkpt lat="44.06291" lon="7.70441">
        <ele>1738.9</ele>
      </trkpt>
      <trkpt lat="44.06296" lon="7.70445">
        <ele>1741.0</ele>
      </trkpt>
      <trkpt lat="44.06302" lon="7.70453">
        <ele>1745.3</ele>
      </trkpt>
      <trkpt lat="44.06312" lon="7.70474">
        <ele>1756.1</ele>
      </trkpt>
      <trkpt lat="44.06318" lon="7.70482">
        <ele>1759.5</ele>
      </trkpt>
      <trkpt lat="44.06323" lon="7.70486">
        <ele>1760.8</ele>
      </trkpt>
      <trkpt lat="44.06331" lon="7.70485">
        <ele>1758.9</ele>
      </trkpt>
      <trkpt lat="44.06346" lon="7.70472">
        <ele>1755.7</ele>
      </trkpt>
      <trkpt lat="44.06354" lon="7.7046">
        <ele>1752.3</ele>
      </trkpt>
      <trkpt lat="44.06378" lon="7.70417">
        <ele>1740.2</ele>
      </trkpt>
      <trkpt lat="44.06388" lon="7.70406">
        <ele>1737.7</ele>
      </trkpt>
      <trkpt lat="44.06393" lon="7.70404">
        <ele>1738.3</ele>
      </trkpt>
      <trkpt lat="44.06398" lon="7.70404">
        <ele>1740.1</ele>
      </trkpt>
      <trkpt lat="44.06409" lon="7.70406">
        <ele>1745.1</ele>
      </trkpt>
      <trkpt lat="44.06414" lon="7.70406">
        <ele>1746.9</ele>
      </trkpt>
      <trkpt lat="44.06427" lon="7.704">
        <ele>1741.4</ele>
      </trkpt>
      <trkpt lat="44.06434" lon="7.70399">
        <ele>1738.8</ele>
      </trkpt>
      <trkpt lat="44.06439" lon="7.70402">
        <ele>1738.8</ele>
      </trkpt>
      <trkpt lat="44.06443" lon="7.70406">
        <ele>1739.6</ele>
      </trkpt>
      <trkpt lat="44.06448" lon="7.70418">
        <ele>1743.6</ele>
      </trkpt>
      <trkpt lat="44.06458" lon="7.70457">
        <ele>1752.7</ele>
      </trkpt>
      <trkpt lat="44.06465" lon="7.70474">
        <ele>1755.0</ele>
      </trkpt>
      <trkpt lat="44.06478" lon="7.70495">
        <ele>1754.9</ele>
      </trkpt>
      <trkpt lat="44.0648" lon="7.705">
        <ele>1755.3</ele>
      </trkpt>
      <trkpt lat="44.0648" lon="7.70502">
        <ele>1755.6</ele>
      </trkpt>
      <trkpt lat="44.06479" lon="7.70503">
        <ele>1756.3</ele>
      </trkpt>
      <trkpt lat="44.06475" lon="7.70504">
        <ele>1758.6</ele>
      </trkpt>
      <trkpt lat="44.06472" lon="7.70501">
        <ele>1759.6</ele>
      </trkpt>
      <trkpt lat="44.06443" lon="7.70445">
        <ele>1754.9</ele>
      </trkpt>
      <trkpt lat="44.06437" lon="7.70439">
        <ele>1755.1</ele>
      </trkpt>
      <trkpt lat="44.06435" lon="7.70438">
        <ele>1755.5</ele>
      </trkpt>
      <trkpt lat="44.06435" lon="7.70443">
        <ele>1757.4</ele>
      </trkpt>
      <trkpt lat="44.06437" lon="7.7045">
        <ele>1759.2</ele>
      </trkpt>
      <trkpt lat="44.06445" lon="7.70464">
        <ele>1760.7</ele>
      </trkpt>
      <trkpt lat="44.0645" lon="7.70478">
        <ele>1763.3</ele>
      </trkpt>
      <trkpt lat="44.06455" lon="7.70496">
        <ele>1766.9</ele>
      </trkpt>
      <trkpt lat="44.06459" lon="7.7052">
        <ele>1769.7</ele>
      </trkpt>
      <trkpt lat="44.06459" lon="7.7053">
        <ele>1771.5</ele>
      </trkpt>
      <trkpt lat="44.06453" lon="7.70554">
        <ele>1779.2</ele>
      </trkpt>
      <trkpt lat="44.06444" lon="7.70575">
        <ele>1788.3</ele>
      </trkpt>
      <trkpt lat="44.0644" lon="7.706">
        <ele>1796.4</ele>
      </trkpt>
      <trkpt lat="44.06441" lon="7.70615">
        <ele>1799.6</ele>
      </trkpt>
      <trkpt lat="44.06449" lon="7.70633">
        <ele>1800.1</ele>
      </trkpt>
      <trkpt lat="44.0645" lon="7.70643">
        <ele>1802.3</ele>
      </trkpt>
      <trkpt lat="44.06454" lon="7.70653">
        <ele>1803.1</ele>
      </trkpt>
      <trkpt lat="44.06475" lon="7.70667">
        <ele>1798.0</ele>
      </trkpt>
      <trkpt lat="44.06487" lon="7.70696">
        <ele>1810.4</ele>
      </trkpt>
      <trkpt lat="44.06491" lon="7.707">
        <ele>1811.3</ele>
      </trkpt>
      <trkpt lat="44.06497" lon="7.707">
        <ele>1809.0</ele>
      </trkpt>
      <trkpt lat="44.06522" lon="7.70693">
        <ele>1797.3</ele>
      </trkpt>
      <trkpt lat="44.06532" lon="7.70692">
        <ele>1794.0</ele>
      </trkpt>
      <trkpt lat="44.06543" lon="7.70696">
        <ele>1793.1</ele>
      </trkpt>
      <trkpt lat="44.06553" lon="7.70705">
        <ele>1795.0</ele>
      </trkpt>
      <trkpt lat="44.06559" lon="7.70714">
        <ele>1797.9</ele>
      </trkpt>
      <trkpt lat="44.06568" lon="7.70739">
        <ele>1807.4</ele>
      </trkpt>
      <trkpt lat="44.0658" lon="7.70759">
        <ele>1811.5</ele>
      </trkpt>
      <trkpt lat="44.06585" lon="7.70784">
        <ele>1818.4</ele>
      </trkpt>
      <trkpt lat="44.06595" lon="7.70806">
        <ele>1823.7</ele>
      </trkpt>
      <trkpt lat="44.06618" lon="7.7084">
        <ele>1833.8</ele>
      </trkpt>
      <trkpt lat="44.06639" lon="7.70863">
        <ele>1844.4</ele>
      </trkpt>
      <trkpt lat="44.06644" lon="7.70863">
        <ele>1843.6</ele>
      </trkpt>
      <trkpt lat="44.06649" lon="7.7086">
        <ele>1841.0</ele>
      </trkpt>
      <trkpt lat="44.06666" lon="7.70842">
        <ele>1826.7</ele>
      </trkpt>
      <trkpt lat="44.06672" lon="7.70836">
        <ele>1824.6</ele>
      </trkpt>
      <trkpt lat="44.0668" lon="7.70833">
        <ele>1825.6</ele>
      </trkpt>
      <trkpt lat="44.0669" lon="7.70835">
        <ele>1830.4</ele>
      </trkpt>
      <trkpt lat="44.06698" lon="7.70832">
        <ele>1831.6</ele>
      </trkpt>
      <trkpt lat="44.06703" lon="7.70827">
        <ele>1830.8</ele>
      </trkpt>
      <trkpt lat="44.0671" lon="7.70819">
        <ele>1829.2</ele>
      </trkpt>
      <trkpt lat="44.06719" lon="7.70803">
        <ele>1824.3</ele>
      </trkpt>
      <trkpt lat="44.06726" lon="7.70798">
        <ele>1824.3</ele>
      </trkpt>
      <trkpt lat="44.06736" lon="7.70794">
        <ele>1826.0</ele>
      </trkpt>
      <trkpt lat="44.06747" lon="7.70788">
        <ele>1827.0</ele>
      </trkpt>
      <trkpt lat="44.06755" lon="7.70788">
        <ele>1826.5</ele>
      </trkpt>
      <trkpt lat="44.06761" lon="7.70785">
        <ele>1826.1</ele>
      </trkpt>
      <trkpt lat="44.06767" lon="7.7078">
        <ele>1825.8</ele>
      </trkpt>
      <trkpt lat="44.06776" lon="7.70776">
        <ele>1825.2</ele>
      </trkpt>
      <trkpt lat="44.06786" lon="7.70778">
        <ele>1824.7</ele>
      </trkpt>
      <trkpt lat="44.06795" lon="7.70776">
        <ele>1824.2</ele>
      </trkpt>
      <trkpt lat="44.06801" lon="7.70771">
        <ele>1822.3</ele>
      </trkpt>
      <trkpt lat="44.06814" lon="7.70753">
        <ele>1815.6</ele>
      </trkpt>
      <trkpt lat="44.06818" lon="7.70751">
        <ele>1815.1</ele>
      </trkpt>
      <trkpt lat="44.06823" lon="7.70755">
        <ele>1817.1</ele>
      </trkpt>
      <trkpt lat="44.06827" lon="7.70763">
        <ele>1820.6</ele>
      </trkpt>
      <trkpt lat="44.06835" lon="7.70787">
        <ele>1829.4</ele>
      </trkpt>
      <trkpt lat="44.06838" lon="7.70807">
        <ele>1835.3</ele>
      </trkpt>
      <trkpt lat="44.06838" lon="7.70833">
        <ele>1845.1</ele>
      </trkpt>
      <trkpt lat="44.06856" lon="7.70938">
        <ele>1865.4</ele>
      </trkpt>
      <trkpt lat="44.06886" lon="7.70945">
        <ele>1854.7</ele>
      </trkpt>
      <trkpt lat="44.06897" lon="7.70959">
        <ele>1855.9</ele>
      </trkpt>
      <trkpt lat="44.06906" lon="7.70989">
        <ele>1865.7</ele>
      </trkpt>
      <trkpt lat="44.06926" lon="7.7102">
        <ele>1869.6</ele>
      </trkpt>
      <trkpt lat="44.0694" lon="7.71062">
        <ele>1879.3</ele>
      </trkpt>
      <trkpt lat="44.06954" lon="7.7109">
        <ele>1886.5</ele>
      </trkpt>
      <trkpt lat="44.06974" lon="7.71117">
        <ele>1895.1</ele>
      </trkpt>
      <trkpt lat="44.07" lon="7.71106">
        <ele>1881.1</ele>
      </trkpt>
      <trkpt lat="44.07063" lon="7.71114">
        <ele>1897.1</ele>
      </trkpt>
      <trkpt lat="44.07067" lon="7.71112">
        <ele>1896.8</ele>
      </trkpt>
      <trkpt lat="44.071" lon="7.71075">
        <ele>1883.9</ele>
      </trkpt>
      <trkpt lat="44.07123" lon="7.71071">
        <ele>1886.4</ele>
      </trkpt>
      <trkpt lat="44.07134" lon="7.71074">
        <ele>1890.2</ele>
      </trkpt>
      <trkpt lat="44.07146" lon="7.71083">
        <ele>1897.6</ele>
      </trkpt>
      <trkpt lat="44.07171" lon="7.71094">
        <ele>1909.7</ele>
      </trkpt>
      <trkpt lat="44.07187" lon="7.71097">
        <ele>1916.3</ele>
      </trkpt>
      <trkpt lat="44.07193" lon="7.71093">
        <ele>1915.7</ele>
      </trkpt>
      <trkpt lat="44.07228" lon="7.71049">
        <ele>1900.9</ele>
      </trkpt>
      <trkpt lat="44.07244" lon="7.71033">
        <ele>1896.3</ele>
      </trkpt>
      <trkpt lat="44.07287" lon="7.71038">
        <ele>1907.8</ele>
      </trkpt>
      <trkpt lat="44.07292" lon="7.71045">
        <ele>1912.7</ele>
      </trkpt>
      <trkpt lat="44.07316" lon="7.71062">
        <ele>1926.8</ele>
      </trkpt>
      <trkpt lat="44.07332" lon="7.71067">
        <ele>1932.6</ele>
      </trkpt>
      <trkpt lat="44.07349" lon="7.71068">
        <ele>1938.6</ele>
      </trkpt>
      <trkpt lat="44.07372" lon="7.71056">
        <ele>1939.7</ele>
      </trkpt>
      <trkpt lat="44.07378" lon="7.71048">
        <ele>1937.5</ele>
      </trkpt>
      <trkpt lat="44.07394" lon="7.71009">
        <ele>1922.3</ele>
      </trkpt>
      <trkpt lat="44.07398" lon="7.71006">
        <ele>1922.2</ele>
      </trkpt>
      <trkpt lat="44.07402" lon="7.71006">
        <ele>1923.7</ele>
      </trkpt>
      <trkpt lat="44.07427" lon="7.7102">
        <ele>1939.8</ele>
      </trkpt>
      <trkpt lat="44.0745" lon="7.71024">
        <ele>1949.6</ele>
      </trkpt>
      <trkpt lat="44.0747" lon="7.71015">
        <ele>1952.1</ele>
      </trkpt>
      <trkpt lat="44.07505" lon="7.70975">
        <ele>1945.8</ele>
      </trkpt>
      <trkpt lat="44.07541" lon="7.70935">
        <ele>1937.2</ele>
      </trkpt>
      <trkpt lat="44.07546" lon="7.70932">
        <ele>1937.4</ele>
      </trkpt>
      <trkpt lat="44.07551" lon="7.70932">
        <ele>1938.6</ele>
      </trkpt>
      <trkpt lat="44.07554" lon="7.70936">
        <ele>1940.4</ele>
      </trkpt>
      <trkpt lat="44.07572" lon="7.70963">
        <ele>1950.8</ele>
      </trkpt>
      <trkpt lat="44.07595" lon="7.71002">
        <ele>1956.3</ele>
      </trkpt>
      <trkpt lat="44.07631" lon="7.71077">
        <ele>1967.6</ele>
      </trkpt>
      <trkpt lat="44.07667" lon="7.71159">
        <ele>1976.7</ele>
      </trkpt>
      <trkpt lat="44.07702" lon="7.71256">
        <ele>1991.9</ele>
      </trkpt>
      <trkpt lat="44.07739" lon="7.7135">
        <ele>2003.0</ele>
      </trkpt>
      <trkpt lat="44.07758" lon="7.71378">
        <ele>2007.4</ele>
      </trkpt>
      <trkpt lat="44.07775" lon="7.71397">
        <ele>2010.9</ele>
      </trkpt>
      <trkpt lat="44.07793" lon="7.71414">
        <ele>2013.9</ele>
      </trkpt>
      <trkpt lat="44.07828" lon="7.71429">
        <ele>2011.1</ele>
      </trkpt>
      <trkpt lat="44.07846" lon="7.71439">
        <ele>2013.8</ele>
      </trkpt>
      <trkpt lat="44.07864" lon="7.71444">
        <ele>2015.6</ele>
      </trkpt>
      <trkpt lat="44.07917" lon="7.71447">
        <ele>2016.2</ele>
      </trkpt>
      <trkpt lat="44.07942" lon="7.7144">
        <ele>2018.1</ele>
      </trkpt>
      <trkpt lat="44.07964" lon="7.71435">
        <ele>2020.3</ele>
      </trkpt>
      <trkpt lat="44.07967" lon="7.71436">
        <ele>2021.0</ele>
      </trkpt>
      <trkpt lat="44.07968" lon="7.71441">
        <ele>2022.5</ele>
      </trkpt>
      <trkpt lat="44.07967" lon="7.71445">
        <ele>2023.3</ele>
      </trkpt>
      <trkpt lat="44.0794" lon="7.71457">
        <ele>2022.5</ele>
      </trkpt>
      <trkpt lat="44.07913" lon="7.71466">
        <ele>2021.9</ele>
      </trkpt>
      <trkpt lat="44.0791" lon="7.71473">
        <ele>2024.2</ele>
      </trkpt>
      <trkpt lat="44.07913" lon="7.71479">
        <ele>2025.9</ele>
      </trkpt>
      <trkpt lat="44.07946" lon="7.71472">
        <ele>2027.5</ele>
      </trkpt>
      <trkpt lat="44.08004" lon="7.71454">
        <ele>2031.5</ele>
      </trkpt>
      <trkpt lat="44.08008" lon="7.71451">
        <ele>2031.7</ele>
      </trkpt>
      <trkpt lat="44.08013" lon="7.71451">
        <ele>2032.9</ele>
      </trkpt>
      <trkpt lat="44.08015" lon="7.71454">
        <ele>2034.0</ele>
      </trkpt>
      <trkpt lat="44.08015" lon="7.71458">
        <ele>2034.9</ele>
      </trkpt>
      <trkpt lat="44.08013" lon="7.71461">
        <ele>2035.2</ele>
      </trkpt>
      <trkpt lat="44.08003" lon="7.71464">
        <ele>2033.5</ele>
      </trkpt>
      <trkpt lat="44.0799" lon="7.7147">
        <ele>2032.8</ele>
      </trkpt>
      <trkpt lat="44.07932" lon="7.71502">
        <ele>2033.3</ele>
      </trkpt>
      <trkpt lat="44.07917" lon="7.71513">
        <ele>2029.8</ele>
      </trkpt>
      <trkpt lat="44.07894" lon="7.71521">
        <ele>2030.1</ele>
      </trkpt>
      <trkpt lat="44.07884" lon="7.71526">
        <ele>2030.0</ele>
      </trkpt>
      <trkpt lat="44.07868" lon="7.71534">
        <ele>2029.8</ele>
      </trkpt>
      <trkpt lat="44.07844" lon="7.71553">
        <ele>2028.3</ele>
      </trkpt>
      <trkpt lat="44.07833" lon="7.71559">
        <ele>2028.1</ele>
      </trkpt>
      <trkpt lat="44.07782" lon="7.71572">
        <ele>2029.1</ele>
      </trkpt>
      <trkpt lat="44.07763" lon="7.71574">
        <ele>2029.9</ele>
      </trkpt>
      <trkpt lat="44.07733" lon="7.7158">
        <ele>2028.5</ele>
      </trkpt>
      <trkpt lat="44.07652" lon="7.71566">
        <ele>2026.0</ele>
      </trkpt>
      <trkpt lat="44.0757" lon="7.71552">
        <ele>2019.7</ele>
      </trkpt>
      <trkpt lat="44.0749" lon="7.71552">
        <ele>2011.8</ele>
      </trkpt>
      <trkpt lat="44.07479" lon="7.71556">
        <ele>2011.6</ele>
      </trkpt>
      <trkpt lat="44.07457" lon="7.71576">
        <ele>2007.8</ele>
      </trkpt>
      <trkpt lat="44.07416" lon="7.71605">
        <ele>2004.4</ele>
      </trkpt>
      <trkpt lat="44.07362" lon="7.71661">
        <ele>1998.9</ele>
      </trkpt>
      <trkpt lat="44.0736" lon="7.71668">
        <ele>1997.0</ele>
      </trkpt>
      <trkpt lat="44.0736" lon="7.71672">
        <ele>1995.7</ele>
      </trkpt>
      <trkpt lat="44.07362" lon="7.71676">
        <ele>1993.9</ele>
      </trkpt>
      <trkpt lat="44.07367" lon="7.71675">
        <ele>1993.5</ele>
      </trkpt>
      <trkpt lat="44.07381" lon="7.71664">
        <ele>1994.7</ele>
      </trkpt>
      <trkpt lat="44.0744" lon="7.71634">
        <ele>1993.1</ele>
      </trkpt>
      <trkpt lat="44.07453" lon="7.71631">
        <ele>1992.0</ele>
      </trkpt>
      <trkpt lat="44.07487" lon="7.71621">
        <ele>1990.2</ele>
      </trkpt>
      <trkpt lat="44.07512" lon="7.71621">
        <ele>1988.8</ele>
      </trkpt>
      <trkpt lat="44.07531" lon="7.71617">
        <ele>1991.2</ele>
      </trkpt>
      <trkpt lat="44.07535" lon="7.71619">
        <ele>1990.6</ele>
      </trkpt>
      <trkpt lat="44.07537" lon="7.71622">
        <ele>1989.5</ele>
      </trkpt>
      <trkpt lat="44.07536" lon="7.71626">
        <ele>1987.9</ele>
      </trkpt>
      <trkpt lat="44.07534" lon="7.71629">
        <ele>1986.7</ele>
      </trkpt>
      <trkpt lat="44.07516" lon="7.71638">
        <ele>1982.9</ele>
      </trkpt>
      <trkpt lat="44.07484" lon="7.71646">
        <ele>1982.5</ele>
      </trkpt>
      <trkpt lat="44.07476" lon="7.71658">
        <ele>1980.0</ele>
      </trkpt>
      <trkpt lat="44.07468" lon="7.71674">
        <ele>1976.6</ele>
      </trkpt>
      <trkpt lat="44.0745" lon="7.71698">
        <ele>1972.6</ele>
      </trkpt>
      <trkpt lat="44.07431" lon="7.71715">
        <ele>1970.9</ele>
      </trkpt>
      <trkpt lat="44.07429" lon="7.71722">
        <ele>1969.2</ele>
      </trkpt>
      <trkpt lat="44.07432" lon="7.71726">
        <ele>1967.4</ele>
      </trkpt>
      <trkpt lat="44.07437" lon="7.71725">
        <ele>1966.8</ele>
      </trkpt>
      <trkpt lat="44.07499" lon="7.71703">
        <ele>1962.3</ele>
      </trkpt>
      <trkpt lat="44.07516" lon="7.71699">
        <ele>1962.0</ele>
      </trkpt>
      <trkpt lat="44.07529" lon="7.71695">
        <ele>1962.4</ele>
      </trkpt>
      <trkpt lat="44.07532" lon="7.71695">
        <ele>1962.2</ele>
      </trkpt>
      <trkpt lat="44.07533" lon="7.71697">
        <ele>1961.4</ele>
      </trkpt>
      <trkpt lat="44.07534" lon="7.71701">
        <ele>1959.9</ele>
      </trkpt>
      <trkpt lat="44.07531" lon="7.71706">
        <ele>1958.3</ele>
      </trkpt>
      <trkpt lat="44.07523" lon="7.71711">
        <ele>1957.4</ele>
      </trkpt>
      <trkpt lat="44.0751" lon="7.71715">
        <ele>1957.4</ele>
      </trkpt>
      <trkpt lat="44.07488" lon="7.71736">
        <ele>1954.4</ele>
      </trkpt>
      <trkpt lat="44.07464" lon="7.71771">
        <ele>1948.5</ele>
      </trkpt>
      <trkpt lat="44.07457" lon="7.7178">
        <ele>1947.3</ele>
      </trkpt>
      <trkpt lat="44.07438" lon="7.71797">
        <ele>1946.3</ele>
      </trkpt>
      <trkpt lat="44.07416" lon="7.7183">
        <ele>1941.9</ele>
      </trkpt>
      <trkpt lat="44.07397" lon="7.71849">
        <ele>1936.3</ele>
      </trkpt>
      <trkpt lat="44.07394" lon="7.71857">
        <ele>1933.6</ele>
      </trkpt>
      <trkpt lat="44.07402" lon="7.71861">
        <ele>1932.0</ele>
      </trkpt>
      <trkpt lat="44.07415" lon="7.71857">
        <ele>1933.1</ele>
      </trkpt>
      <trkpt lat="44.07429" lon="7.71849">
        <ele>1933.2</ele>
      </trkpt>
      <trkpt lat="44.0744" lon="7.71841">
        <ele>1933.5</ele>
      </trkpt>
      <trkpt lat="44.07451" lon="7.71829">
        <ele>1934.8</ele>
      </trkpt>
      <trkpt lat="44.07454" lon="7.71827">
        <ele>1934.7</ele>
      </trkpt>
      <trkpt lat="44.07457" lon="7.71828">
        <ele>1933.8</ele>
      </trkpt>
      <trkpt lat="44.07459" lon="7.71832">
        <ele>1932.2</ele>
      </trkpt>
      <trkpt lat="44.0746" lon="7.71837">
        <ele>1930.5</ele>
      </trkpt>
      <trkpt lat="44.07456" lon="7.71841">
        <ele>1930.2</ele>
      </trkpt>
      <trkpt lat="44.07451" lon="7.71851">
        <ele>1928.2</ele>
      </trkpt>
      <trkpt lat="44.07443" lon="7.71863">
        <ele>1926.0</ele>
      </trkpt>
      <trkpt lat="44.07437" lon="7.71874">
        <ele>1923.7</ele>
      </trkpt>
      <trkpt lat="44.07429" lon="7.71881">
        <ele>1922.8</ele>
      </trkpt>
      <trkpt lat="44.07418" lon="7.71887">
        <ele>1922.7</ele>
      </trkpt>
      <trkpt lat="44.07416" lon="7.71895">
        <ele>1920.3</ele>
      </trkpt>
      <trkpt lat="44.07416" lon="7.719">
        <ele>1918.6</ele>
      </trkpt>
      <trkpt lat="44.07428" lon="7.71901">
        <ele>1916.5</ele>
      </trkpt>
      <trkpt lat="44.0744" lon="7.71896">
        <ele>1916.2</ele>
      </trkpt>
      <trkpt lat="44.07456" lon="7.71886">
        <ele>1916.6</ele>
      </trkpt>
      <trkpt lat="44.07471" lon="7.71874">
        <ele>1917.5</ele>
      </trkpt>
      <trkpt lat="44.07489" lon="7.71864">
        <ele>1917.0</ele>
      </trkpt>
      <trkpt lat="44.07517" lon="7.71846">
        <ele>1917.1</ele>
      </trkpt>
      <trkpt lat="44.07543" lon="7.71834">
        <ele>1916.1</ele>
      </trkpt>
      <trkpt lat="44.07547" lon="7.71834">
        <ele>1915.5</ele>
      </trkpt>
      <trkpt lat="44.07547" lon="7.71834">
        <ele>1915.5</ele>
      </trkpt>
      <trkpt lat="44.07559" lon="7.71835">
        <ele>1913.4</ele>
      </trkpt>
      <trkpt lat="44.07572" lon="7.71839">
        <ele>1910.5</ele>
      </trkpt>
      <trkpt lat="44.07594" lon="7.71848">
        <ele>1907.1</ele>
      </trkpt>
      <trkpt lat="44.07616" lon="7.71853">
        <ele>1906.6</ele>
      </trkpt>
      <trkpt lat="44.07634" lon="7.71859">
        <ele>1905.5</ele>
      </trkpt>
      <trkpt lat="44.07661" lon="7.7186">
        <ele>1905.8</ele>
      </trkpt>
      <trkpt lat="44.07667" lon="7.71864">
        <ele>1904.9</ele>
      </trkpt>
      <trkpt lat="44.07665" lon="7.71874">
        <ele>1902.2</ele>
      </trkpt>
      <trkpt lat="44.07649" lon="7.71882">
        <ele>1900.0</ele>
      </trkpt>
      <trkpt lat="44.07629" lon="7.71896">
        <ele>1896.5</ele>
      </trkpt>
      <trkpt lat="44.07604" lon="7.71906">
        <ele>1894.2</ele>
      </trkpt>
      <trkpt lat="44.07593" lon="7.71917">
        <ele>1891.8</ele>
      </trkpt>
      <trkpt lat="44.07586" lon="7.71921">
        <ele>1891.0</ele>
      </trkpt>
      <trkpt lat="44.07578" lon="7.71923">
        <ele>1891.1</ele>
      </trkpt>
      <trkpt lat="44.07568" lon="7.71929">
        <ele>1890.8</ele>
      </trkpt>
      <trkpt lat="44.07562" lon="7.71936">
        <ele>1889.9</ele>
      </trkpt>
      <trkpt lat="44.07554" lon="7.71948">
        <ele>1888.0</ele>
      </trkpt>
      <trkpt lat="44.0755" lon="7.71959">
        <ele>1885.9</ele>
      </trkpt>
      <trkpt lat="44.07541" lon="7.71972">
        <ele>1884.0</ele>
      </trkpt>
      <trkpt lat="44.07532" lon="7.71979">
        <ele>1883.3</ele>
      </trkpt>
      <trkpt lat="44.07529" lon="7.71987">
        <ele>1881.8</ele>
      </trkpt>
      <trkpt lat="44.0753" lon="7.71989">
        <ele>1881.3</ele>
      </trkpt>
      <trkpt lat="44.07534" lon="7.71992">
        <ele>1880.1</ele>
      </trkpt>
      <trkpt lat="44.07567" lon="7.71978">
        <ele>1879.8</ele>
      </trkpt>
      <trkpt lat="44.07578" lon="7.71979">
        <ele>1878.4</ele>
      </trkpt>
      <trkpt lat="44.07586" lon="7.71982">
        <ele>1876.9</ele>
      </trkpt>
      <trkpt lat="44.07593" lon="7.71982">
        <ele>1876.3</ele>
      </trkpt>
      <trkpt lat="44.07606" lon="7.71981">
        <ele>1875.4</ele>
      </trkpt>
      <trkpt lat="44.07625" lon="7.71983">
        <ele>1873.2</ele>
      </trkpt>
      <trkpt lat="44.07642" lon="7.71988">
        <ele>1870.2</ele>
      </trkpt>
      <trkpt lat="44.07656" lon="7.71987">
        <ele>1869.2</ele>
      </trkpt>
      <trkpt lat="44.07666" lon="7.71988">
        <ele>1867.9</ele>
      </trkpt>
      <trkpt lat="44.07669" lon="7.71995">
        <ele>1865.8</ele>
      </trkpt>
      <trkpt lat="44.07667" lon="7.72002">
        <ele>1863.6</ele>
      </trkpt>
      <trkpt lat="44.07658" lon="7.72009">
        <ele>1862.8</ele>
      </trkpt>
      <trkpt lat="44.07648" lon="7.72015">
        <ele>1862.4</ele>
      </trkpt>
      <trkpt lat="44.07617" lon="7.72027">
        <ele>1862.7</ele>
      </trkpt>
      <trkpt lat="44.07604" lon="7.72037">
        <ele>1861.5</ele>
      </trkpt>
      <trkpt lat="44.07591" lon="7.72051">
        <ele>1859.4</ele>
      </trkpt>
      <trkpt lat="44.07584" lon="7.72063">
        <ele>1857.1</ele>
      </trkpt>
      <trkpt lat="44.0758" lon="7.72073">
        <ele>1854.8</ele>
      </trkpt>
      <trkpt lat="44.07571" lon="7.72099">
        <ele>1849.0</ele>
      </trkpt>
      <trkpt lat="44.07566" lon="7.72108">
        <ele>1846.9</ele>
      </trkpt>
      <trkpt lat="44.07559" lon="7.72112">
        <ele>1846.1</ele>
      </trkpt>
      <trkpt lat="44.07552" lon="7.72118">
        <ele>1844.6</ele>
      </trkpt>
      <trkpt lat="44.07551" lon="7.72127">
        <ele>1842.3</ele>
      </trkpt>
      <trkpt lat="44.07554" lon="7.72131">
        <ele>1841.3</ele>
      </trkpt>
      <trkpt lat="44.07558" lon="7.72135">
        <ele>1840.4</ele>
      </trkpt>
      <trkpt lat="44.07563" lon="7.72137">
        <ele>1840.0</ele>
      </trkpt>
      <trkpt lat="44.07573" lon="7.72135">
        <ele>1840.6</ele>
      </trkpt>
      <trkpt lat="44.076" lon="7.72118">
        <ele>1843.5</ele>
      </trkpt>
      <trkpt lat="44.07619" lon="7.72102">
        <ele>1845.2</ele>
      </trkpt>
      <trkpt lat="44.07625" lon="7.72098">
        <ele>1845.4</ele>
      </trkpt>
      <trkpt lat="44.0763" lon="7.72099">
        <ele>1844.9</ele>
      </trkpt>
      <trkpt lat="44.07631" lon="7.72104">
        <ele>1843.9</ele>
      </trkpt>
      <trkpt lat="44.07638" lon="7.72098">
        <ele>1844.4</ele>
      </trkpt>
      <trkpt lat="44.07668" lon="7.72086">
        <ele>1843.8</ele>
      </trkpt>
      <trkpt lat="44.07677" lon="7.72084">
        <ele>1845.3</ele>
      </trkpt>
      <trkpt lat="44.07685" lon="7.72088">
        <ele>1845.8</ele>
      </trkpt>
      <trkpt lat="44.07691" lon="7.72092">
        <ele>1846.0</ele>
      </trkpt>
      <trkpt lat="44.07698" lon="7.72103">
        <ele>1845.5</ele>
      </trkpt>
      <trkpt lat="44.077" lon="7.72112">
        <ele>1844.5</ele>
      </trkpt>
      <trkpt lat="44.07702" lon="7.72125">
        <ele>1843.0</ele>
      </trkpt>
      <trkpt lat="44.07704" lon="7.72154">
        <ele>1839.2</ele>
      </trkpt>
      <trkpt lat="44.07707" lon="7.72161">
        <ele>1838.6</ele>
      </trkpt>
      <trkpt lat="44.07711" lon="7.72168">
        <ele>1838.1</ele>
      </trkpt>
      <trkpt lat="44.07718" lon="7.72172">
        <ele>1838.4</ele>
      </trkpt>
      <trkpt lat="44.07753" lon="7.72183">
        <ele>1841.0</ele>
      </trkpt>
      <trkpt lat="44.07759" lon="7.7219">
        <ele>1840.6</ele>
      </trkpt>
      <trkpt lat="44.07762" lon="7.72199">
        <ele>1839.6</ele>
      </trkpt>
      <trkpt lat="44.07773" lon="7.72212">
        <ele>1839.0</ele>
      </trkpt>
      <trkpt lat="44.0778" lon="7.72214">
        <ele>1839.4</ele>
      </trkpt>
      <trkpt lat="44.07793" lon="7.72212">
        <ele>1841.1</ele>
      </trkpt>
      <trkpt lat="44.07814" lon="7.7222">
        <ele>1842.2</ele>
      </trkpt>
      <trkpt lat="44.07857" lon="7.72259">
        <ele>1846.8</ele>
      </trkpt>
      <trkpt lat="44.07863" lon="7.72277">
        <ele>1847.1</ele>
      </trkpt>
      <trkpt lat="44.07865" lon="7.72315">
        <ele>1844.2</ele>
      </trkpt>
      <trkpt lat="44.07874" lon="7.72362">
        <ele>1842.8</ele>
      </trkpt>
      <trkpt lat="44.07905" lon="7.72466">
        <ele>1839.4</ele>
      </trkpt>
      <trkpt lat="44.07936" lon="7.72565">
        <ele>1832.3</ele>
      </trkpt>
      <trkpt lat="44.07964" lon="7.72595">
        <ele>1839.9</ele>
      </trkpt>
      <trkpt lat="44.07968" lon="7.72605">
        <ele>1840.2</ele>
      </trkpt>
      <trkpt lat="44.07969" lon="7.72613">
        <ele>1839.4</ele>
      </trkpt>
      <trkpt lat="44.07969" lon="7.72658">
        <ele>1831.8</ele>
      </trkpt>
      <trkpt lat="44.07975" lon="7.72723">
        <ele>1826.5</ele>
      </trkpt>
      <trkpt lat="44.07982" lon="7.72751">
        <ele>1826.0</ele>
      </trkpt>
      <trkpt lat="44.07994" lon="7.7277">
        <ele>1826.3</ele>
      </trkpt>
      <trkpt lat="44.08022" lon="7.72786">
        <ele>1830.3</ele>
      </trkpt>
      <trkpt lat="44.08065" lon="7.72799">
        <ele>1836.6</ele>
      </trkpt>
      <trkpt lat="44.08129" lon="7.72859">
        <ele>1834.8</ele>
      </trkpt>
      <trkpt lat="44.08167" lon="7.72901">
        <ele>1837.7</ele>
      </trkpt>
      <trkpt lat="44.08189" lon="7.72958">
        <ele>1833.1</ele>
      </trkpt>
      <trkpt lat="44.08225" lon="7.73021">
        <ele>1832.8</ele>
      </trkpt>
      <trkpt lat="44.08241" lon="7.73074">
        <ele>1826.0</ele>
      </trkpt>
      <trkpt lat="44.08251" lon="7.73093">
        <ele>1826.5</ele>
      </trkpt>
      <trkpt lat="44.08284" lon="7.73134">
        <ele>1834.1</ele>
      </trkpt>
      <trkpt lat="44.08305" lon="7.73176">
        <ele>1831.7</ele>
      </trkpt>
      <trkpt lat="44.08325" lon="7.73226">
        <ele>1830.5</ele>
      </trkpt>
      <trkpt lat="44.08338" lon="7.73276">
        <ele>1825.2</ele>
      </trkpt>
      <trkpt lat="44.08343" lon="7.73288">
        <ele>1822.7</ele>
      </trkpt>
      <trkpt lat="44.08348" lon="7.73293">
        <ele>1821.4</ele>
      </trkpt>
      <trkpt lat="44.08354" lon="7.73293">
        <ele>1820.8</ele>
      </trkpt>
      <trkpt lat="44.08359" lon="7.73289">
        <ele>1821.0</ele>
      </trkpt>
      <trkpt lat="44.08399" lon="7.73231">
        <ele>1830.0</ele>
      </trkpt>
      <trkpt lat="44.08425" lon="7.73207">
        <ele>1833.2</ele>
      </trkpt>
      <trkpt lat="44.08467" lon="7.73152">
        <ele>1834.6</ele>
      </trkpt>
      <trkpt lat="44.08501" lon="7.73095">
        <ele>1832.8</ele>
      </trkpt>
      <trkpt lat="44.08535" lon="7.73023">
        <ele>1834.5</ele>
      </trkpt>
      <trkpt lat="44.08555" lon="7.7299">
        <ele>1835.1</ele>
      </trkpt>
      <trkpt lat="44.0857" lon="7.7298">
        <ele>1833.1</ele>
      </trkpt>
      <trkpt lat="44.08625" lon="7.72952">
        <ele>1825.3</ele>
      </trkpt>
      <trkpt lat="44.08641" lon="7.72939">
        <ele>1824.4</ele>
      </trkpt>
      <trkpt lat="44.0869" lon="7.72847">
        <ele>1826.6</ele>
      </trkpt>
      <trkpt lat="44.0874" lon="7.72756">
        <ele>1822.6</ele>
      </trkpt>
      <trkpt lat="44.08769" lon="7.72675">
        <ele>1826.6</ele>
      </trkpt>
      <trkpt lat="44.08769" lon="7.72675">
        <ele>1826.6</ele>
      </trkpt>
      <trkpt lat="44.08781" lon="7.72642">
        <ele>1827.2</ele>
      </trkpt>
      <trkpt lat="44.08796" lon="7.72565">
        <ele>1828.4</ele>
      </trkpt>
      <trkpt lat="44.08812" lon="7.72489">
        <ele>1825.2</ele>
      </trkpt>
      <trkpt lat="44.08815" lon="7.72443">
        <ele>1825.5</ele>
      </trkpt>
      <trkpt lat="44.08808" lon="7.7238">
        <ele>1832.6</ele>
      </trkpt>
      <trkpt lat="44.08807" lon="7.72334">
        <ele>1835.7</ele>
      </trkpt>
      <trkpt lat="44.08818" lon="7.72294">
        <ele>1834.8</ele>
      </trkpt>
      <trkpt lat="44.08836" lon="7.72272">
        <ele>1829.7</ele>
      </trkpt>
      <trkpt lat="44.08853" lon="7.72262">
        <ele>1829.8</ele>
      </trkpt>
      <trkpt lat="44.08886" lon="7.72256">
        <ele>1828.0</ele>
      </trkpt>
      <trkpt lat="44.08925" lon="7.72247">
        <ele>1825.7</ele>
      </trkpt>
      <trkpt lat="44.08937" lon="7.72234">
        <ele>1824.9</ele>
      </trkpt>
      <trkpt lat="44.08952" lon="7.7219">
        <ele>1827.6</ele>
      </trkpt>
      <trkpt lat="44.08958" lon="7.72184">
        <ele>1827.3</ele>
      </trkpt>
      <trkpt lat="44.08975" lon="7.72177">
        <ele>1825.1</ele>
      </trkpt>
      <trkpt lat="44.08982" lon="7.72163">
        <ele>1825.4</ele>
      </trkpt>
      <trkpt lat="44.08984" lon="7.72138">
        <ele>1826.5</ele>
      </trkpt>
      <trkpt lat="44.08984" lon="7.72118">
        <ele>1827.7</ele>
      </trkpt>
      <trkpt lat="44.09004" lon="7.72024">
        <ele>1833.6</ele>
      </trkpt>
      <trkpt lat="44.09009" lon="7.72014">
        <ele>1835.1</ele>
      </trkpt>
      <trkpt lat="44.09015" lon="7.72007">
        <ele>1836.5</ele>
      </trkpt>
      <trkpt lat="44.09023" lon="7.72005">
        <ele>1837.4</ele>
      </trkpt>
      <trkpt lat="44.09029" lon="7.72005">
        <ele>1838.0</ele>
      </trkpt>
      <trkpt lat="44.09065" lon="7.72035">
        <ele>1833.9</ele>
      </trkpt>
      <trkpt lat="44.09116" lon="7.7206">
        <ele>1831.7</ele>
      </trkpt>
      <trkpt lat="44.09166" lon="7.72084">
        <ele>1829.6</ele>
      </trkpt>
      <trkpt lat="44.09182" lon="7.72088">
        <ele>1831.0</ele>
      </trkpt>
      <trkpt lat="44.09199" lon="7.7208">
        <ele>1838.0</ele>
      </trkpt>
      <trkpt lat="44.09217" lon="7.72076">
        <ele>1843.5</ele>
      </trkpt>
      <trkpt lat="44.09237" lon="7.72084">
        <ele>1844.0</ele>
      </trkpt>
      <trkpt lat="44.09257" lon="7.72095">
        <ele>1843.5</ele>
      </trkpt>
      <trkpt lat="44.09275" lon="7.72117">
        <ele>1838.9</ele>
      </trkpt>
      <trkpt lat="44.09285" lon="7.72139">
        <ele>1832.3</ele>
      </trkpt>
      <trkpt lat="44.09297" lon="7.72154">
        <ele>1829.8</ele>
      </trkpt>
      <trkpt lat="44.09324" lon="7.72182">
        <ele>1825.5</ele>
      </trkpt>
      <trkpt lat="44.09345" lon="7.72196">
        <ele>1821.5</ele>
      </trkpt>
      <trkpt lat="44.09362" lon="7.72196">
        <ele>1822.4</ele>
      </trkpt>
      <trkpt lat="44.09397" lon="7.72174">
        <ele>1833.3</ele>
      </trkpt>
      <trkpt lat="44.09408" lon="7.72172">
        <ele>1834.1</ele>
      </trkpt>
      <trkpt lat="44.09421" lon="7.72177">
        <ele>1833.1</ele>
      </trkpt>
      <trkpt lat="44.09465" lon="7.722">
        <ele>1834.6</ele>
      </trkpt>
      <trkpt lat="44.09525" lon="7.72255">
        <ele>1828.7</ele>
      </trkpt>
      <trkpt lat="44.09534" lon="7.72271">
        <ele>1825.6</ele>
      </trkpt>
      <trkpt lat="44.09546" lon="7.72288">
        <ele>1822.9</ele>
      </trkpt>
      <trkpt lat="44.09563" lon="7.72293">
        <ele>1823.7</ele>
      </trkpt>
      <trkpt lat="44.0958" lon="7.7229">
        <ele>1825.9</ele>
      </trkpt>
      <trkpt lat="44.09591" lon="7.7228">
        <ele>1825.0</ele>
      </trkpt>
      <trkpt lat="44.09602" lon="7.72259">
        <ele>1823.6</ele>
      </trkpt>
      <trkpt lat="44.09604" lon="7.72233">
        <ele>1825.6</ele>
      </trkpt>
      <trkpt lat="44.096" lon="7.72178">
        <ele>1833.3</ele>
      </trkpt>
      <trkpt lat="44.096" lon="7.72156">
        <ele>1836.3</ele>
      </trkpt>
      <trkpt lat="44.09605" lon="7.7212">
        <ele>1839.5</ele>
      </trkpt>
      <trkpt lat="44.09615" lon="7.72075">
        <ele>1841.6</ele>
      </trkpt>
      <trkpt lat="44.09615" lon="7.72018">
        <ele>1852.5</ele>
      </trkpt>
      <trkpt lat="44.09628" lon="7.7198">
        <ele>1853.2</ele>
      </trkpt>
      <trkpt lat="44.09643" lon="7.7195">
        <ele>1851.3</ele>
      </trkpt>
      <trkpt lat="44.09653" lon="7.71888">
        <ele>1857.5</ele>
      </trkpt>
      <trkpt lat="44.09663" lon="7.71827">
        <ele>1861.7</ele>
      </trkpt>
      <trkpt lat="44.09671" lon="7.7173">
        <ele>1868.4</ele>
      </trkpt>
      <trkpt lat="44.0967" lon="7.71701">
        <ele>1871.3</ele>
      </trkpt>
      <trkpt lat="44.09698" lon="7.71645">
        <ele>1870.3</ele>
      </trkpt>
      <trkpt lat="44.09744" lon="7.71584">
        <ele>1868.8</ele>
      </trkpt>
      <trkpt lat="44.09759" lon="7.71555">
        <ele>1872.8</ele>
      </trkpt>
      <trkpt lat="44.09772" lon="7.71549">
        <ele>1874.6</ele>
      </trkpt>
      <trkpt lat="44.09786" lon="7.7155">
        <ele>1875.2</ele>
      </trkpt>
      <trkpt lat="44.09804" lon="7.71563">
        <ele>1872.7</ele>
      </trkpt>
      <trkpt lat="44.09827" lon="7.71605">
        <ele>1862.8</ele>
      </trkpt>
      <trkpt lat="44.0987" lon="7.71649">
        <ele>1864.8</ele>
      </trkpt>
      <trkpt lat="44.09895" lon="7.71688">
        <ele>1861.3</ele>
      </trkpt>
      <trkpt lat="44.09916" lon="7.71726">
        <ele>1855.8</ele>
      </trkpt>
      <trkpt lat="44.09937" lon="7.71746">
        <ele>1856.3</ele>
      </trkpt>
      <trkpt lat="44.09963" lon="7.7175">
        <ele>1862.9</ele>
      </trkpt>
      <trkpt lat="44.10024" lon="7.71789">
        <ele>1864.0</ele>
      </trkpt>
      <trkpt lat="44.10071" lon="7.71839">
        <ele>1861.8</ele>
      </trkpt>
      <trkpt lat="44.10119" lon="7.71888">
        <ele>1858.1</ele>
      </trkpt>
      <trkpt lat="44.10131" lon="7.719">
        <ele>1856.1</ele>
      </trkpt>
      <trkpt lat="44.10154" lon="7.71904">
        <ele>1856.5</ele>
      </trkpt>
      <trkpt lat="44.1017" lon="7.71899">
        <ele>1858.1</ele>
      </trkpt>
      <trkpt lat="44.10228" lon="7.71843">
        <ele>1866.0</ele>
      </trkpt>
      <trkpt lat="44.10248" lon="7.71843">
        <ele>1863.9</ele>
      </trkpt>
      <trkpt lat="44.10281" lon="7.71852">
        <ele>1859.3</ele>
      </trkpt>
      <trkpt lat="44.10291" lon="7.71851">
        <ele>1858.7</ele>
      </trkpt>
      <trkpt lat="44.10297" lon="7.71839">
        <ele>1859.7</ele>
      </trkpt>
      <trkpt lat="44.103" lon="7.71825">
        <ele>1859.4</ele>
      </trkpt>
      <trkpt lat="44.10299" lon="7.71762">
        <ele>1855.2</ele>
      </trkpt>
      <trkpt lat="44.10295" lon="7.7174">
        <ele>1853.4</ele>
      </trkpt>
      <trkpt lat="44.10276" lon="7.71714">
        <ele>1854.6</ele>
      </trkpt>
      <trkpt lat="44.10233" lon="7.71678">
        <ele>1864.4</ele>
      </trkpt>
      <trkpt lat="44.102" lon="7.71665">
        <ele>1877.8</ele>
      </trkpt>
      <trkpt lat="44.10173" lon="7.71608">
        <ele>1886.4</ele>
      </trkpt>
      <trkpt lat="44.10157" lon="7.71537">
        <ele>1900.6</ele>
      </trkpt>
      <trkpt lat="44.10161" lon="7.71526">
        <ele>1900.5</ele>
      </trkpt>
      <trkpt lat="44.10189" lon="7.71496">
        <ele>1887.1</ele>
      </trkpt>
      <trkpt lat="44.10202" lon="7.71468">
        <ele>1883.4</ele>
      </trkpt>
      <trkpt lat="44.10214" lon="7.71372">
        <ele>1889.3</ele>
      </trkpt>
      <trkpt lat="44.10209" lon="7.71293">
        <ele>1903.6</ele>
      </trkpt>
      <trkpt lat="44.10243" lon="7.71212">
        <ele>1895.8</ele>
      </trkpt>
      <trkpt lat="44.10249" lon="7.71179">
        <ele>1899.0</ele>
      </trkpt>
      <trkpt lat="44.10257" lon="7.71062">
        <ele>1912.4</ele>
      </trkpt>
      <trkpt lat="44.10265" lon="7.70945">
        <ele>1924.1</ele>
      </trkpt>
      <trkpt lat="44.10271" lon="7.70935">
        <ele>1924.8</ele>
      </trkpt>
      <trkpt lat="44.10275" lon="7.70931">
        <ele>1925.0</ele>
      </trkpt>
      <trkpt lat="44.10296" lon="7.7093">
        <ele>1923.8</ele>
      </trkpt>
      <trkpt lat="44.10345" lon="7.7096">
        <ele>1917.5</ele>
      </trkpt>
      <trkpt lat="44.10388" lon="7.70971">
        <ele>1919.9</ele>
      </trkpt>
      <trkpt lat="44.10425" lon="7.70972">
        <ele>1924.0</ele>
      </trkpt>
      <trkpt lat="44.10452" lon="7.70987">
        <ele>1921.3</ele>
      </trkpt>
      <trkpt lat="44.10493" lon="7.71035">
        <ele>1909.0</ele>
      </trkpt>
      <trkpt lat="44.10508" lon="7.71041">
        <ele>1905.2</ele>
      </trkpt>
      <trkpt lat="44.10527" lon="7.71035">
        <ele>1902.5</ele>
      </trkpt>
      <trkpt lat="44.10565" lon="7.70997">
        <ele>1904.6</ele>
      </trkpt>
      <trkpt lat="44.10582" lon="7.70962">
        <ele>1909.0</ele>
      </trkpt>
      <trkpt lat="44.10645" lon="7.70888">
        <ele>1904.8</ele>
      </trkpt>
      <trkpt lat="44.10662" lon="7.70862">
        <ele>1904.8</ele>
      </trkpt>
      <trkpt lat="44.10678" lon="7.70821">
        <ele>1906.6</ele>
      </trkpt>
      <trkpt lat="44.10695" lon="7.7079">
        <ele>1903.7</ele>
      </trkpt>
      <trkpt lat="44.10695" lon="7.7079">
        <ele>1903.7</ele>
      </trkpt>
      <trkpt lat="44.1071" lon="7.70761">
        <ele>1901.5</ele>
      </trkpt>
      <trkpt lat="44.10737" lon="7.70678">
        <ele>1903.5</ele>
      </trkpt>
      <trkpt lat="44.10746" lon="7.7064">
        <ele>1907.0</ele>
      </trkpt>
      <trkpt lat="44.1078" lon="7.70581">
        <ele>1902.6</ele>
      </trkpt>
      <trkpt lat="44.10807" lon="7.70504">
        <ele>1904.8</ele>
      </trkpt>
      <trkpt lat="44.10811" lon="7.70445">
        <ele>1912.8</ele>
      </trkpt>
      <trkpt lat="44.10816" lon="7.70429">
        <ele>1913.1</ele>
      </trkpt>
      <trkpt lat="44.10827" lon="7.70415">
        <ele>1910.2</ele>
      </trkpt>
      <trkpt lat="44.10877" lon="7.70389">
        <ele>1904.1</ele>
      </trkpt>
      <trkpt lat="44.10896" lon="7.70389">
        <ele>1900.7</ele>
      </trkpt>
      <trkpt lat="44.10904" lon="7.70385">
        <ele>1899.9</ele>
      </trkpt>
      <trkpt lat="44.10938" lon="7.70342">
        <ele>1902.5</ele>
      </trkpt>
      <trkpt lat="44.10955" lon="7.70334">
        <ele>1902.6</ele>
      </trkpt>
      <trkpt lat="44.10981" lon="7.70332">
        <ele>1901.3</ele>
      </trkpt>
      <trkpt lat="44.10997" lon="7.70336">
        <ele>1899.9</ele>
      </trkpt>
      <trkpt lat="44.11055" lon="7.70364">
        <ele>1902.1</ele>
      </trkpt>
      <trkpt lat="44.11114" lon="7.70392">
        <ele>1904.5</ele>
      </trkpt>
      <trkpt lat="44.11172" lon="7.70403">
        <ele>1909.4</ele>
      </trkpt>
      <trkpt lat="44.11187" lon="7.70412">
        <ele>1908.4</ele>
      </trkpt>
      <trkpt lat="44.11198" lon="7.7043">
        <ele>1905.2</ele>
      </trkpt>
      <trkpt lat="44.11211" lon="7.70471">
        <ele>1897.9</ele>
      </trkpt>
      <trkpt lat="44.11228" lon="7.70497">
        <ele>1895.8</ele>
      </trkpt>
      <trkpt lat="44.11237" lon="7.70505">
        <ele>1896.4</ele>
      </trkpt>
      <trkpt lat="44.1125" lon="7.70508">
        <ele>1898.8</ele>
      </trkpt>
      <trkpt lat="44.11257" lon="7.70505">
        <ele>1897.5</ele>
      </trkpt>
      <trkpt lat="44.11264" lon="7.705">
        <ele>1896.5</ele>
      </trkpt>
      <trkpt lat="44.11272" lon="7.70488">
        <ele>1896.5</ele>
      </trkpt>
      <trkpt lat="44.11307" lon="7.70424">
        <ele>1899.6</ele>
      </trkpt>
      <trkpt lat="44.11339" lon="7.70349">
        <ele>1905.9</ele>
      </trkpt>
      <trkpt lat="44.11372" lon="7.70275">
        <ele>1905.0</ele>
      </trkpt>
      <trkpt lat="44.11404" lon="7.702">
        <ele>1906.0</ele>
      </trkpt>
      <trkpt lat="44.1143" lon="7.70166">
        <ele>1903.1</ele>
      </trkpt>
      <trkpt lat="44.11451" lon="7.70155">
        <ele>1896.0</ele>
      </trkpt>
      <trkpt lat="44.11459" lon="7.70138">
        <ele>1894.3</ele>
      </trkpt>
      <trkpt lat="44.11458" lon="7.70119">
        <ele>1896.0</ele>
      </trkpt>
      <trkpt lat="44.11446" lon="7.7005">
        <ele>1906.1</ele>
      </trkpt>
      <trkpt lat="44.11452" lon="7.70015">
        <ele>1907.8</ele>
      </trkpt>
      <trkpt lat="44.11472" lon="7.69996">
        <ele>1903.8</ele>
      </trkpt>
      <trkpt lat="44.11483" lon="7.69975">
        <ele>1902.6</ele>
      </trkpt>
      <trkpt lat="44.11512" lon="7.69908">
        <ele>1902.0</ele>
      </trkpt>
      <trkpt lat="44.1154" lon="7.69842">
        <ele>1905.7</ele>
      </trkpt>
      <trkpt lat="44.11569" lon="7.69819">
        <ele>1905.1</ele>
      </trkpt>
      <trkpt lat="44.11583" lon="7.69821">
        <ele>1902.6</ele>
      </trkpt>
      <trkpt lat="44.11591" lon="7.69831">
        <ele>1900.4</ele>
      </trkpt>
      <trkpt lat="44.11606" lon="7.69874">
        <ele>1894.0</ele>
      </trkpt>
      <trkpt lat="44.11617" lon="7.69888">
        <ele>1891.6</ele>
      </trkpt>
      <trkpt lat="44.11625" lon="7.6989">
        <ele>1891.0</ele>
      </trkpt>
      <trkpt lat="44.11632" lon="7.69886">
        <ele>1891.4</ele>
      </trkpt>
      <trkpt lat="44.11641" lon="7.69862">
        <ele>1894.8</ele>
      </trkpt>
      <trkpt lat="44.11651" lon="7.69849">
        <ele>1896.7</ele>
      </trkpt>
      <trkpt lat="44.11669" lon="7.69848">
        <ele>1896.5</ele>
      </trkpt>
      <trkpt lat="44.11678" lon="7.69841">
        <ele>1897.4</ele>
      </trkpt>
      <trkpt lat="44.11687" lon="7.69829">
        <ele>1899.2</ele>
      </trkpt>
      <trkpt lat="44.11687" lon="7.69829">
        <ele>1899.2</ele>
      </trkpt>
      <trkpt lat="44.11712" lon="7.69784">
        <ele>1906.9</ele>
      </trkpt>
      <trkpt lat="44.11731" lon="7.6976">
        <ele>1911.6</ele>
      </trkpt>
      <trkpt lat="44.11742" lon="7.69761">
        <ele>1911.6</ele>
      </trkpt>
      <trkpt lat="44.11789" lon="7.69827">
        <ele>1907.6</ele>
      </trkpt>
      <trkpt lat="44.11801" lon="7.69853">
        <ele>1905.9</ele>
      </trkpt>
      <trkpt lat="44.11818" lon="7.69921">
        <ele>1899.4</ele>
      </trkpt>
      <trkpt lat="44.11834" lon="7.6999">
        <ele>1897.8</ele>
      </trkpt>
      <trkpt lat="44.1184" lon="7.7">
        <ele>1896.5</ele>
      </trkpt>
      <trkpt lat="44.11848" lon="7.70001">
        <ele>1895.9</ele>
      </trkpt>
      <trkpt lat="44.11854" lon="7.69987">
        <ele>1896.6</ele>
      </trkpt>
      <trkpt lat="44.11857" lon="7.69969">
        <ele>1898.0</ele>
      </trkpt>
      <trkpt lat="44.11856" lon="7.69943">
        <ele>1900.3</ele>
      </trkpt>
      <trkpt lat="44.11858" lon="7.69917">
        <ele>1902.5</ele>
      </trkpt>
      <trkpt lat="44.11898" lon="7.69817">
        <ele>1917.0</ele>
      </trkpt>
      <trkpt lat="44.11934" lon="7.69796">
        <ele>1916.2</ele>
      </trkpt>
      <trkpt lat="44.11953" lon="7.69769">
        <ele>1916.8</ele>
      </trkpt>
      <trkpt lat="44.11976" lon="7.69715">
        <ele>1918.4</ele>
      </trkpt>
      <trkpt lat="44.11998" lon="7.6966">
        <ele>1917.3</ele>
      </trkpt>
      <trkpt lat="44.1201" lon="7.69608">
        <ele>1918.4</ele>
      </trkpt>
      <trkpt lat="44.12016" lon="7.6953">
        <ele>1922.7</ele>
      </trkpt>
      <trkpt lat="44.12034" lon="7.69477">
        <ele>1917.7</ele>
      </trkpt>
      <trkpt lat="44.12036" lon="7.69353">
        <ele>1920.8</ele>
      </trkpt>
      <trkpt lat="44.12047" lon="7.69266">
        <ele>1927.5</ele>
      </trkpt>
      <trkpt lat="44.12062" lon="7.69235">
        <ele>1925.2</ele>
      </trkpt>
      <trkpt lat="44.12085" lon="7.69155">
        <ele>1931.4</ele>
      </trkpt>
      <trkpt lat="44.12098" lon="7.69137">
        <ele>1933.2</ele>
      </trkpt>
      <trkpt lat="44.12108" lon="7.69131">
        <ele>1932.7</ele>
      </trkpt>
      <trkpt lat="44.12129" lon="7.6914">
        <ele>1927.1</ele>
      </trkpt>
      <trkpt lat="44.1217" lon="7.69127">
        <ele>1922.8</ele>
      </trkpt>
      <trkpt lat="44.12191" lon="7.69116">
        <ele>1922.6</ele>
      </trkpt>
      <trkpt lat="44.12195" lon="7.691">
        <ele>1924.8</ele>
      </trkpt>
      <trkpt lat="44.12195" lon="7.691">
        <ele>1924.8</ele>
      </trkpt>
      <trkpt lat="44.12197" lon="7.69092">
        <ele>1925.8</ele>
      </trkpt>
      <trkpt lat="44.12197" lon="7.69041">
        <ele>1933.4</ele>
      </trkpt>
      <trkpt lat="44.12201" lon="7.69031">
        <ele>1934.7</ele>
      </trkpt>
      <trkpt lat="44.12212" lon="7.69023">
        <ele>1935.5</ele>
      </trkpt>
      <trkpt lat="44.12229" lon="7.69024">
        <ele>1934.7</ele>
      </trkpt>
      <trkpt lat="44.1225" lon="7.69022">
        <ele>1934.5</ele>
      </trkpt>
      <trkpt lat="44.12265" lon="7.69033">
        <ele>1935.2</ele>
      </trkpt>
      <trkpt lat="44.12285" lon="7.69054">
        <ele>1932.0</ele>
      </trkpt>
      <trkpt lat="44.12319" lon="7.69054">
        <ele>1937.5</ele>
      </trkpt>
      <trkpt lat="44.12349" lon="7.69066">
        <ele>1936.9</ele>
      </trkpt>
      <trkpt lat="44.12396" lon="7.6907">
        <ele>1945.2</ele>
      </trkpt>
      <trkpt lat="44.12421" lon="7.6908">
        <ele>1945.4</ele>
      </trkpt>
      <trkpt lat="44.12451" lon="7.69102">
        <ele>1946.2</ele>
      </trkpt>
      <trkpt lat="44.12468" lon="7.6912">
        <ele>1945.7</ele>
      </trkpt>
      <trkpt lat="44.12485" lon="7.69142">
        <ele>1944.7</ele>
      </trkpt>
      <trkpt lat="44.12495" lon="7.69183">
        <ele>1935.8</ele>
      </trkpt>
      <trkpt lat="44.12509" lon="7.69217">
        <ele>1929.4</ele>
      </trkpt>
      <trkpt lat="44.12522" lon="7.69234">
        <ele>1926.4</ele>
      </trkpt>
      <trkpt lat="44.12535" lon="7.69233">
        <ele>1928.9</ele>
      </trkpt>
      <trkpt lat="44.12587" lon="7.69208">
        <ele>1943.7</ele>
      </trkpt>
      <trkpt lat="44.12638" lon="7.69183">
        <ele>1945.4</ele>
      </trkpt>
      <trkpt lat="44.12676" lon="7.69163">
        <ele>1946.7</ele>
      </trkpt>
      <trkpt lat="44.12728" lon="7.69121">
        <ele>1950.1</ele>
      </trkpt>
      <trkpt lat="44.1277" lon="7.691">
        <ele>1949.1</ele>
      </trkpt>
      <trkpt lat="44.12786" lon="7.69086">
        <ele>1949.8</ele>
      </trkpt>
      <trkpt lat="44.12801" lon="7.69076">
        <ele>1949.1</ele>
      </trkpt>
      <trkpt lat="44.12817" lon="7.69055">
        <ele>1949.5</ele>
      </trkpt>
      <trkpt lat="44.12828" lon="7.69031">
        <ele>1950.9</ele>
      </trkpt>
      <trkpt lat="44.12839" lon="7.68982">
        <ele>1953.2</ele>
      </trkpt>
      <trkpt lat="44.12848" lon="7.68937">
        <ele>1951.6</ele>
      </trkpt>
      <trkpt lat="44.1285" lon="7.68905">
        <ele>1950.5</ele>
      </trkpt>
      <trkpt lat="44.12835" lon="7.68845">
        <ele>1957.0</ele>
      </trkpt>
      <trkpt lat="44.1282" lon="7.68785">
        <ele>1963.9</ele>
      </trkpt>
      <trkpt lat="44.12837" lon="7.68699">
        <ele>1953.6</ele>
      </trkpt>
      <trkpt lat="44.12835" lon="7.68665">
        <ele>1953.3</ele>
      </trkpt>
      <trkpt lat="44.12828" lon="7.68653">
        <ele>1954.4</ele>
      </trkpt>
      <trkpt lat="44.12795" lon="7.68607">
        <ele>1959.3</ele>
      </trkpt>
      <trkpt lat="44.12768" lon="7.68554">
        <ele>1961.6</ele>
      </trkpt>
      <trkpt lat="44.12742" lon="7.68502">
        <ele>1965.4</ele>
      </trkpt>
      <trkpt lat="44.12706" lon="7.68399">
        <ele>1967.5</ele>
      </trkpt>
      <trkpt lat="44.12672" lon="7.68305">
        <ele>1975.3</ele>
      </trkpt>
      <trkpt lat="44.12672" lon="7.68287">
        <ele>1974.3</ele>
      </trkpt>
      <trkpt lat="44.12678" lon="7.68277">
        <ele>1971.7</ele>
      </trkpt>
      <trkpt lat="44.12685" lon="7.6825">
        <ele>1968.1</ele>
      </trkpt>
      <trkpt lat="44.12677" lon="7.682">
        <ele>1969.0</ele>
      </trkpt>
      <trkpt lat="44.1269" lon="7.68147">
        <ele>1963.7</ele>
      </trkpt>
      <trkpt lat="44.12689" lon="7.68128">
        <ele>1963.6</ele>
      </trkpt>
      <trkpt lat="44.12663" lon="7.68068">
        <ele>1969.2</ele>
      </trkpt>
      <trkpt lat="44.1266" lon="7.68051">
        <ele>1972.0</ele>
      </trkpt>
      <trkpt lat="44.12667" lon="7.68033">
        <ele>1972.0</ele>
      </trkpt>
      <trkpt lat="44.12691" lon="7.67995">
        <ele>1978.0</ele>
      </trkpt>
      <trkpt lat="44.12698" lon="7.6799">
        <ele>1979.6</ele>
      </trkpt>
      <trkpt lat="44.12707" lon="7.67988">
        <ele>1980.5</ele>
      </trkpt>
      <trkpt lat="44.12765" lon="7.68017">
        <ele>1971.6</ele>
      </trkpt>
      <trkpt lat="44.12785" lon="7.6802">
        <ele>1968.9</ele>
      </trkpt>
      <trkpt lat="44.12801" lon="7.68012">
        <ele>1969.2</ele>
      </trkpt>
      <trkpt lat="44.12819" lon="7.6799">
        <ele>1967.0</ele>
      </trkpt>
      <trkpt lat="44.12831" lon="7.67989">
        <ele>1965.8</ele>
      </trkpt>
      <trkpt lat="44.12839" lon="7.67996">
        <ele>1965.0</ele>
      </trkpt>
      <trkpt lat="44.12861" lon="7.6804">
        <ele>1961.5</ele>
      </trkpt>
      <trkpt lat="44.12873" lon="7.68042">
        <ele>1961.4</ele>
      </trkpt>
      <trkpt lat="44.12888" lon="7.68035">
        <ele>1963.1</ele>
      </trkpt>
      <trkpt lat="44.12899" lon="7.68028">
        <ele>1964.8</ele>
      </trkpt>
      <trkpt lat="44.12911" lon="7.68014">
        <ele>1968.0</ele>
      </trkpt>
      <trkpt lat="44.12922" lon="7.67999">
        <ele>1972.7</ele>
      </trkpt>
      <trkpt lat="44.1293" lon="7.67982">
        <ele>1979.5</ele>
      </trkpt>
      <trkpt lat="44.12939" lon="7.67968">
        <ele>1986.2</ele>
      </trkpt>
      <trkpt lat="44.1296" lon="7.67971">
        <ele>1991.9</ele>
      </trkpt>
      <trkpt lat="44.12976" lon="7.6798">
        <ele>1993.8</ele>
      </trkpt>
      <trkpt lat="44.13014" lon="7.68041">
        <ele>1981.1</ele>
      </trkpt>
      <trkpt lat="44.13026" lon="7.68067">
        <ele>1975.4</ele>
      </trkpt>
      <trkpt lat="44.13078" lon="7.68147">
        <ele>1962.0</ele>
      </trkpt>
      <trkpt lat="44.13091" lon="7.68169">
        <ele>1954.8</ele>
      </trkpt>
      <trkpt lat="44.13107" lon="7.68182">
        <ele>1951.0</ele>
      </trkpt>
      <trkpt lat="44.13117" lon="7.68179">
        <ele>1953.2</ele>
      </trkpt>
      <trkpt lat="44.13126" lon="7.68167">
        <ele>1959.0</ele>
      </trkpt>
      <trkpt lat="44.13133" lon="7.68146">
        <ele>1966.5</ele>
      </trkpt>
      <trkpt lat="44.13143" lon="7.68138">
        <ele>1969.4</ele>
      </trkpt>
      <trkpt lat="44.13158" lon="7.68137">
        <ele>1970.0</ele>
      </trkpt>
      <trkpt lat="44.13166" lon="7.68131">
        <ele>1971.6</ele>
      </trkpt>
      <trkpt lat="44.13173" lon="7.68112">
        <ele>1973.5</ele>
      </trkpt>
      <trkpt lat="44.13185" lon="7.68033">
        <ele>1980.6</ele>
      </trkpt>
      <trkpt lat="44.13185" lon="7.68033">
        <ele>1980.6</ele>
      </trkpt>
      <trkpt lat="44.1319" lon="7.68">
        <ele>1982.2</ele>
      </trkpt>
      <trkpt lat="44.1322" lon="7.6792">
        <ele>1983.9</ele>
      </trkpt>
      <trkpt lat="44.13268" lon="7.67838">
        <ele>1985.2</ele>
      </trkpt>
      <trkpt lat="44.13278" lon="7.67827">
        <ele>1985.2</ele>
      </trkpt>
      <trkpt lat="44.13312" lon="7.67816">
        <ele>1978.1</ele>
      </trkpt>
      <trkpt lat="44.13332" lon="7.67802">
        <ele>1974.7</ele>
      </trkpt>
      <trkpt lat="44.1334" lon="7.6779">
        <ele>1972.7</ele>
      </trkpt>
      <trkpt lat="44.13343" lon="7.67767">
        <ele>1975.0</ele>
      </trkpt>
      <trkpt lat="44.13339" lon="7.67743">
        <ele>1980.7</ele>
      </trkpt>
      <trkpt lat="44.13353" lon="7.67655">
        <ele>1983.2</ele>
      </trkpt>
      <trkpt lat="44.13364" lon="7.67555">
        <ele>1991.2</ele>
      </trkpt>
      <trkpt lat="44.13369" lon="7.67525">
        <ele>1994.0</ele>
      </trkpt>
      <trkpt lat="44.13375" lon="7.67514">
        <ele>1993.3</ele>
      </trkpt>
      <trkpt lat="44.13377" lon="7.675">
        <ele>1994.7</ele>
      </trkpt>
      <trkpt lat="44.13372" lon="7.67471">
        <ele>2001.7</ele>
      </trkpt>
      <trkpt lat="44.13375" lon="7.67446">
        <ele>2004.6</ele>
      </trkpt>
      <trkpt lat="44.13383" lon="7.67434">
        <ele>2002.8</ele>
      </trkpt>
      <trkpt lat="44.13434" lon="7.67369">
        <ele>2001.2</ele>
      </trkpt>
      <trkpt lat="44.13449" lon="7.67344">
        <ele>2003.8</ele>
      </trkpt>
      <trkpt lat="44.13453" lon="7.67336">
        <ele>2004.5</ele>
      </trkpt>
      <trkpt lat="44.13459" lon="7.6733">
        <ele>2005.4</ele>
      </trkpt>
      <trkpt lat="44.13466" lon="7.67329">
        <ele>2006.2</ele>
      </trkpt>
      <trkpt lat="44.13473" lon="7.67331">
        <ele>2007.0</ele>
      </trkpt>
      <trkpt lat="44.13485" lon="7.67351">
        <ele>2009.1</ele>
      </trkpt>
      <trkpt lat="44.13495" lon="7.67365">
        <ele>2006.8</ele>
      </trkpt>
      <trkpt lat="44.13511" lon="7.6738">
        <ele>2008.1</ele>
      </trkpt>
      <trkpt lat="44.13525" lon="7.67389">
        <ele>2011.0</ele>
      </trkpt>
      <trkpt lat="44.13542" lon="7.67399">
        <ele>2014.0</ele>
      </trkpt>
      <trkpt lat="44.13567" lon="7.67412">
        <ele>2017.8</ele>
      </trkpt>
      <trkpt lat="44.1359" lon="7.67429">
        <ele>2019.8</ele>
      </trkpt>
      <trkpt lat="44.136" lon="7.67435">
        <ele>2022.6</ele>
      </trkpt>
      <trkpt lat="44.13611" lon="7.67435">
        <ele>2028.2</ele>
      </trkpt>
      <trkpt lat="44.1362" lon="7.67438">
        <ele>2031.7</ele>
      </trkpt>
      <trkpt lat="44.13625" lon="7.67452">
        <ele>2029.4</ele>
      </trkpt>
      <trkpt lat="44.13631" lon="7.67464">
        <ele>2028.5</ele>
      </trkpt>
      <trkpt lat="44.13648" lon="7.67494">
        <ele>2027.7</ele>
      </trkpt>
      <trkpt lat="44.1366" lon="7.67503">
        <ele>2031.7</ele>
      </trkpt>
      <trkpt lat="44.13667" lon="7.67514">
        <ele>2033.2</ele>
      </trkpt>
      <trkpt lat="44.13668" lon="7.67535">
        <ele>2029.4</ele>
      </trkpt>
      <trkpt lat="44.13671" lon="7.67554">
        <ele>2027.2</ele>
      </trkpt>
      <trkpt lat="44.1368" lon="7.67574">
        <ele>2028.6</ele>
      </trkpt>
      <trkpt lat="44.13696" lon="7.67599">
        <ele>2032.3</ele>
      </trkpt>
      <trkpt lat="44.13712" lon="7.67626">
        <ele>2034.5</ele>
      </trkpt>
      <trkpt lat="44.13729" lon="7.67649">
        <ele>2038.0</ele>
      </trkpt>
      <trkpt lat="44.1375" lon="7.67702">
        <ele>2038.6</ele>
      </trkpt>
      <trkpt lat="44.13757" lon="7.67717">
        <ele>2036.8</ele>
      </trkpt>
      <trkpt lat="44.13766" lon="7.67724">
        <ele>2036.4</ele>
      </trkpt>
      <trkpt lat="44.13774" lon="7.67725">
        <ele>2037.0</ele>
      </trkpt>
      <trkpt lat="44.13808" lon="7.677">
        <ele>2048.5</ele>
      </trkpt>
      <trkpt lat="44.13859" lon="7.67671">
        <ele>2061.8</ele>
      </trkpt>
      <trkpt lat="44.1391" lon="7.67643">
        <ele>2070.3</ele>
      </trkpt>
      <trkpt lat="44.13926" lon="7.67639">
        <ele>2073.5</ele>
      </trkpt>
      <trkpt lat="44.13943" lon="7.67644">
        <ele>2074.9</ele>
      </trkpt>
      <trkpt lat="44.13963" lon="7.67666">
        <ele>2070.3</ele>
      </trkpt>
      <trkpt lat="44.13976" lon="7.67677">
        <ele>2069.3</ele>
      </trkpt>
      <trkpt lat="44.13991" lon="7.67685">
        <ele>2070.0</ele>
      </trkpt>
      <trkpt lat="44.14007" lon="7.67691">
        <ele>2071.6</ele>
      </trkpt>
      <trkpt lat="44.14033" lon="7.67706">
        <ele>2071.8</ele>
      </trkpt>
      <trkpt lat="44.14055" lon="7.67708">
        <ele>2075.5</ele>
      </trkpt>
      <trkpt lat="44.14136" lon="7.67698">
        <ele>2081.2</ele>
      </trkpt>
      <trkpt lat="44.14159" lon="7.67694">
        <ele>2081.0</ele>
      </trkpt>
      <trkpt lat="44.14173" lon="7.67688">
        <ele>2082.5</ele>
      </trkpt>
      <trkpt lat="44.142" lon="7.67687">
        <ele>2082.5</ele>
      </trkpt>
      <trkpt lat="44.14215" lon="7.67689">
        <ele>2081.7</ele>
      </trkpt>
      <trkpt lat="44.14236" lon="7.67697">
        <ele>2079.4</ele>
      </trkpt>
      <trkpt lat="44.14261" lon="7.67701">
        <ele>2080.9</ele>
      </trkpt>
      <trkpt lat="44.14281" lon="7.6771">
        <ele>2083.8</ele>
      </trkpt>
      <trkpt lat="44.14289" lon="7.67711">
        <ele>2085.7</ele>
      </trkpt>
      <trkpt lat="44.14296" lon="7.67714">
        <ele>2087.0</ele>
      </trkpt>
      <trkpt lat="44.1432" lon="7.67739">
        <ele>2091.3</ele>
      </trkpt>
      <trkpt lat="44.14323" lon="7.67746">
        <ele>2091.7</ele>
      </trkpt>
      <trkpt lat="44.14342" lon="7.67757">
        <ele>2097.6</ele>
      </trkpt>
      <trkpt lat="44.14361" lon="7.67782">
        <ele>2101.8</ele>
      </trkpt>
      <trkpt lat="44.14375" lon="7.67802">
        <ele>2105.8</ele>
      </trkpt>
      <trkpt lat="44.14386" lon="7.67831">
        <ele>2107.1</ele>
      </trkpt>
      <trkpt lat="44.14393" lon="7.67854">
        <ele>2109.2</ele>
      </trkpt>
      <trkpt lat="44.14393" lon="7.67873">
        <ele>2107.0</ele>
      </trkpt>
      <trkpt lat="44.144" lon="7.67894">
        <ele>2109.6</ele>
      </trkpt>
      <trkpt lat="44.14402" lon="7.67919">
        <ele>2108.1</ele>
      </trkpt>
      <trkpt lat="44.14411" lon="7.67953">
        <ele>2109.8</ele>
      </trkpt>
      <trkpt lat="44.14419" lon="7.67978">
        <ele>2111.9</ele>
      </trkpt>
      <trkpt lat="44.14419" lon="7.68007">
        <ele>2108.5</ele>
      </trkpt>
      <trkpt lat="44.14422" lon="7.68029">
        <ele>2109.8</ele>
      </trkpt>
      <trkpt lat="44.14429" lon="7.68057">
        <ele>2113.5</ele>
      </trkpt>
      <trkpt lat="44.1443" lon="7.68115">
        <ele>2116.4</ele>
      </trkpt>
      <trkpt lat="44.14428" lon="7.68138">
        <ele>2117.5</ele>
      </trkpt>
      <trkpt lat="44.14422" lon="7.68184">
        <ele>2115.5</ele>
      </trkpt>
      <trkpt lat="44.14424" lon="7.68203">
        <ele>2116.6</ele>
      </trkpt>
      <trkpt lat="44.14431" lon="7.68226">
        <ele>2121.8</ele>
      </trkpt>
      <trkpt lat="44.14442" lon="7.68268">
        <ele>2128.3</ele>
      </trkpt>
      <trkpt lat="44.1445" lon="7.68306">
        <ele>2130.0</ele>
      </trkpt>
      <trkpt lat="44.14466" lon="7.68342">
        <ele>2139.9</ele>
      </trkpt>
      <trkpt lat="44.14472" lon="7.68368">
        <ele>2141.7</ele>
      </trkpt>
      <trkpt lat="44.14479" lon="7.6844">
        <ele>2137.9</ele>
      </trkpt>
      <trkpt lat="44.14478" lon="7.68476">
        <ele>2132.8</ele>
      </trkpt>
      <trkpt lat="44.14481" lon="7.68499">
        <ele>2132.6</ele>
      </trkpt>
      <trkpt lat="44.14495" lon="7.68524">
        <ele>2141.5</ele>
      </trkpt>
      <trkpt lat="44.14505" lon="7.68547">
        <ele>2147.1</ele>
      </trkpt>
      <trkpt lat="44.14505" lon="7.68566">
        <ele>2145.1</ele>
      </trkpt>
      <trkpt lat="44.14494" lon="7.68607">
        <ele>2136.9</ele>
      </trkpt>
      <trkpt lat="44.14494" lon="7.68628">
        <ele>2138.9</ele>
      </trkpt>
      <trkpt lat="44.14498" lon="7.68645">
        <ele>2143.5</ele>
      </trkpt>
      <trkpt lat="44.14499" lon="7.68655">
        <ele>2145.2</ele>
      </trkpt>
      <trkpt lat="44.14496" lon="7.68664">
        <ele>2143.8</ele>
      </trkpt>
      <trkpt lat="44.14488" lon="7.68683">
        <ele>2138.5</ele>
      </trkpt>
      <trkpt lat="44.14483" lon="7.68698">
        <ele>2135.2</ele>
      </trkpt>
      <trkpt lat="44.14483" lon="7.68714">
        <ele>2135.6</ele>
      </trkpt>
      <trkpt lat="44.1449" lon="7.68748">
        <ele>2141.6</ele>
      </trkpt>
      <trkpt lat="44.14496" lon="7.6877">
        <ele>2144.1</ele>
      </trkpt>
      <trkpt lat="44.145" lon="7.68795">
        <ele>2144.7</ele>
      </trkpt>
      <trkpt lat="44.14507" lon="7.68812">
        <ele>2148.2</ele>
      </trkpt>
      <trkpt lat="44.14512" lon="7.6882">
        <ele>2151.1</ele>
      </trkpt>
      <trkpt lat="44.14512" lon="7.6882">
        <ele>2151.1</ele>
      </trkpt>
      <trkpt lat="44.14522" lon="7.68837">
        <ele>2156.7</ele>
      </trkpt>
      <trkpt lat="44.14535" lon="7.68886">
        <ele>2160.4</ele>
      </trkpt>
      <trkpt lat="44.14536" lon="7.689">
        <ele>2159.5</ele>
      </trkpt>
      <trkpt lat="44.14536" lon="7.68939">
        <ele>2156.8</ele>
      </trkpt>
      <trkpt lat="44.14538" lon="7.68966">
        <ele>2157.2</ele>
      </trkpt>
      <trkpt lat="44.1454" lon="7.68985">
        <ele>2157.9</ele>
      </trkpt>
      <trkpt lat="44.14561" lon="7.691">
        <ele>2164.4</ele>
      </trkpt>
      <trkpt lat="44.1457" lon="7.69143">
        <ele>2168.7</ele>
      </trkpt>
      <trkpt lat="44.14577" lon="7.69181">
        <ele>2171.7</ele>
      </trkpt>
      <trkpt lat="44.14582" lon="7.692">
        <ele>2173.4</ele>
      </trkpt>
      <trkpt lat="44.1459" lon="7.69221">
        <ele>2175.4</ele>
      </trkpt>
      <trkpt lat="44.14602" lon="7.69246">
        <ele>2178.6</ele>
      </trkpt>
      <trkpt lat="44.14613" lon="7.69267">
        <ele>2178.6</ele>
      </trkpt>
      <trkpt lat="44.1463" lon="7.69288">
        <ele>2180.5</ele>
      </trkpt>
      <trkpt lat="44.14638" lon="7.69302">
        <ele>2179.9</ele>
      </trkpt>
      <trkpt lat="44.14654" lon="7.6934">
        <ele>2176.4</ele>
      </trkpt>
      <trkpt lat="44.14661" lon="7.69359">
        <ele>2176.9</ele>
      </trkpt>
      <trkpt lat="44.14667" lon="7.69379">
        <ele>2177.0</ele>
      </trkpt>
      <trkpt lat="44.14676" lon="7.694">
        <ele>2174.8</ele>
      </trkpt>
      <trkpt lat="44.14696" lon="7.69443">
        <ele>2172.1</ele>
      </trkpt>
      <trkpt lat="44.14705" lon="7.69465">
        <ele>2172.1</ele>
      </trkpt>
      <trkpt lat="44.14713" lon="7.69478">
        <ele>2173.1</ele>
      </trkpt>
      <trkpt lat="44.14721" lon="7.69511">
        <ele>2172.1</ele>
      </trkpt>
      <trkpt lat="44.14724" lon="7.69531">
        <ele>2168.7</ele>
      </trkpt>
      <trkpt lat="44.14726" lon="7.69541">
        <ele>2167.1</ele>
      </trkpt>
      <trkpt lat="44.14731" lon="7.6955">
        <ele>2166.5</ele>
      </trkpt>
      <trkpt lat="44.14737" lon="7.69555">
        <ele>2166.9</ele>
      </trkpt>
      <trkpt lat="44.14744" lon="7.69557">
        <ele>2168.2</ele>
      </trkpt>
      <trkpt lat="44.1475" lon="7.69556">
        <ele>2169.9</ele>
      </trkpt>
      <trkpt lat="44.14755" lon="7.69545">
        <ele>2169.3</ele>
      </trkpt>
      <trkpt lat="44.14756" lon="7.69533">
        <ele>2171.1</ele>
      </trkpt>
      <trkpt lat="44.14755" lon="7.69516">
        <ele>2175.2</ele>
      </trkpt>
      <trkpt lat="44.14742" lon="7.69443">
        <ele>2178.2</ele>
      </trkpt>
      <trkpt lat="44.1474" lon="7.69379">
        <ele>2180.7</ele>
      </trkpt>
      <trkpt lat="44.14738" lon="7.69314">
        <ele>2188.6</ele>
      </trkpt>
      <trkpt lat="44.14745" lon="7.69241">
        <ele>2201.2</ele>
      </trkpt>
      <trkpt lat="44.1476" lon="7.69118">
        <ele>2200.5</ele>
      </trkpt>
      <trkpt lat="44.14765" lon="7.69038">
        <ele>2205.1</ele>
      </trkpt>
      <trkpt lat="44.14771" lon="7.68975">
        <ele>2207.4</ele>
      </trkpt>
      <trkpt lat="44.14777" lon="7.68913">
        <ele>2207.2</ele>
      </trkpt>
      <trkpt lat="44.14779" lon="7.6883">
        <ele>2206.2</ele>
      </trkpt>
      <trkpt lat="44.14776" lon="7.68809">
        <ele>2206.4</ele>
      </trkpt>
      <trkpt lat="44.1477" lon="7.6879">
        <ele>2208.5</ele>
      </trkpt>
      <trkpt lat="44.14731" lon="7.68722">
        <ele>2219.4</ele>
      </trkpt>
      <trkpt lat="44.1472" lon="7.68679">
        <ele>2220.7</ele>
      </trkpt>
      <trkpt lat="44.1472" lon="7.68661">
        <ele>2221.3</ele>
      </trkpt>
      <trkpt lat="44.14727" lon="7.68623">
        <ele>2226.2</ele>
      </trkpt>
      <trkpt lat="44.14747" lon="7.68574">
        <ele>2231.1</ele>
      </trkpt>
      <trkpt lat="44.14772" lon="7.68493">
        <ele>2230.9</ele>
      </trkpt>
      <trkpt lat="44.14794" lon="7.68385">
        <ele>2245.3</ele>
      </trkpt>
      <trkpt lat="44.14823" lon="7.68343">
        <ele>2242.6</ele>
      </trkpt>
      <trkpt lat="44.14855" lon="7.68322">
        <ele>2238.3</ele>
      </trkpt>
      <trkpt lat="44.14871" lon="7.68317">
        <ele>2234.8</ele>
      </trkpt>
      <trkpt lat="44.14885" lon="7.68321">
        <ele>2229.1</ele>
      </trkpt>
      <trkpt lat="44.14897" lon="7.68322">
        <ele>2225.0</ele>
      </trkpt>
      <trkpt lat="44.14905" lon="7.68314">
        <ele>2224.7</ele>
      </trkpt>
      <trkpt lat="44.14916" lon="7.68278">
        <ele>2230.2</ele>
      </trkpt>
      <trkpt lat="44.14931" lon="7.68239">
        <ele>2226.9</ele>
      </trkpt>
      <trkpt lat="44.1495" lon="7.68121">
        <ele>2222.5</ele>
      </trkpt>
      <trkpt lat="44.14972" lon="7.68042">
        <ele>2208.8</ele>
      </trkpt>
      <trkpt lat="44.14978" lon="7.68011">
        <ele>2207.2</ele>
      </trkpt>
      <trkpt lat="44.14976" lon="7.67982">
        <ele>2212.5</ele>
      </trkpt>
      <trkpt lat="44.1497" lon="7.67963">
        <ele>2219.8</ele>
      </trkpt>
      <trkpt lat="44.1497" lon="7.67956">
        <ele>2220.7</ele>
      </trkpt>
      <trkpt lat="44.14983" lon="7.67933">
        <ele>2213.9</ele>
      </trkpt>
      <trkpt lat="44.14989" lon="7.67909">
        <ele>2212.6</ele>
      </trkpt>
      <trkpt lat="44.15006" lon="7.67835">
        <ele>2205.6</ele>
      </trkpt>
      <trkpt lat="44.15007" lon="7.67803">
        <ele>2211.0</ele>
      </trkpt>
      <trkpt lat="44.15015" lon="7.67781">
        <ele>2209.4</ele>
      </trkpt>
      <trkpt lat="44.15028" lon="7.67703">
        <ele>2213.4</ele>
      </trkpt>
      <trkpt lat="44.15038" lon="7.67678">
        <ele>2209.9</ele>
      </trkpt>
      <trkpt lat="44.15078" lon="7.67633">
        <ele>2188.6</ele>
      </trkpt>
      <trkpt lat="44.15094" lon="7.67601">
        <ele>2186.4</ele>
      </trkpt>
      <trkpt lat="44.15099" lon="7.67581">
        <ele>2188.0</ele>
      </trkpt>
      <trkpt lat="44.15099" lon="7.67581">
        <ele>2188.0</ele>
      </trkpt>
      <trkpt lat="44.15121" lon="7.67507">
        <ele>2184.2</ele>
      </trkpt>
      <trkpt lat="44.15124" lon="7.67485">
        <ele>2184.8</ele>
      </trkpt>
      <trkpt lat="44.15123" lon="7.67458">
        <ele>2188.4</ele>
      </trkpt>
      <trkpt lat="44.15144" lon="7.67393">
        <ele>2184.8</ele>
      </trkpt>
      <trkpt lat="44.15165" lon="7.67328">
        <ele>2189.1</ele>
      </trkpt>
      <trkpt lat="44.15173" lon="7.67315">
        <ele>2188.8</ele>
      </trkpt>
      <trkpt lat="44.15191" lon="7.67304">
        <ele>2185.1</ele>
      </trkpt>
      <trkpt lat="44.15214" lon="7.67302">
        <ele>2178.3</ele>
      </trkpt>
      <trkpt lat="44.15226" lon="7.67293">
        <ele>2177.8</ele>
      </trkpt>
      <trkpt lat="44.15245" lon="7.67286">
        <ele>2175.3</ele>
      </trkpt>
      <trkpt lat="44.15255" lon="7.67279">
        <ele>2174.2</ele>
      </trkpt>
      <trkpt lat="44.15261" lon="7.67263">
        <ele>2177.8</ele>
      </trkpt>
      <trkpt lat="44.15273" lon="7.67249">
        <ele>2176.8</ele>
      </trkpt>
      <trkpt lat="44.15283" lon="7.67231">
        <ele>2176.6</ele>
      </trkpt>
      <trkpt lat="44.15299" lon="7.6721">
        <ele>2175.3</ele>
      </trkpt>
      <trkpt lat="44.1531" lon="7.67203">
        <ele>2172.5</ele>
      </trkpt>
      <trkpt lat="44.1532" lon="7.67198">
        <ele>2169.7</ele>
      </trkpt>
      <trkpt lat="44.1533" lon="7.67197">
        <ele>2165.4</ele>
      </trkpt>
      <trkpt lat="44.15338" lon="7.67191">
        <ele>2164.6</ele>
      </trkpt>
      <trkpt lat="44.1535" lon="7.67168">
        <ele>2169.8</ele>
      </trkpt>
      <trkpt lat="44.15357" lon="7.67152">
        <ele>2172.5</ele>
      </trkpt>
      <trkpt lat="44.15365" lon="7.67145">
        <ele>2171.9</ele>
      </trkpt>
      <trkpt lat="44.15369" lon="7.67136">
        <ele>2173.6</ele>
      </trkpt>
      <trkpt lat="44.15377" lon="7.6713">
        <ele>2173.0</ele>
      </trkpt>
      <trkpt lat="44.15385" lon="7.67127">
        <ele>2171.4</ele>
      </trkpt>
      <trkpt lat="44.15395" lon="7.67126">
        <ele>2168.4</ele>
      </trkpt>
      <trkpt lat="44.15407" lon="7.67128">
        <ele>2163.5</ele>
      </trkpt>
      <trkpt lat="44.15415" lon="7.67131">
        <ele>2159.5</ele>
      </trkpt>
      <trkpt lat="44.15422" lon="7.67132">
        <ele>2157.3</ele>
      </trkpt>
      <trkpt lat="44.15434" lon="7.67126">
        <ele>2157.0</ele>
      </trkpt>
      <trkpt lat="44.15442" lon="7.67125">
        <ele>2155.6</ele>
      </trkpt>
      <trkpt lat="44.1546" lon="7.67114">
        <ele>2155.6</ele>
      </trkpt>
      <trkpt lat="44.15467" lon="7.67114">
        <ele>2153.9</ele>
      </trkpt>
      <trkpt lat="44.15478" lon="7.67111">
        <ele>2152.4</ele>
      </trkpt>
      <trkpt lat="44.15491" lon="7.67092">
        <ele>2156.2</ele>
      </trkpt>
      <trkpt lat="44.15501" lon="7.67087">
        <ele>2155.5</ele>
      </trkpt>
      <trkpt lat="44.1551" lon="7.67088">
        <ele>2154.0</ele>
      </trkpt>
      <trkpt lat="44.15521" lon="7.67095">
        <ele>2150.2</ele>
      </trkpt>
      <trkpt lat="44.15526" lon="7.67104">
        <ele>2146.4</ele>
      </trkpt>
      <trkpt lat="44.15531" lon="7.67119">
        <ele>2140.7</ele>
      </trkpt>
      <trkpt lat="44.15535" lon="7.67123">
        <ele>2138.9</ele>
      </trkpt>
      <trkpt lat="44.15552" lon="7.67124">
        <ele>2136.7</ele>
      </trkpt>
      <trkpt lat="44.15562" lon="7.67126">
        <ele>2135.0</ele>
      </trkpt>
      <trkpt lat="44.1557" lon="7.67136">
        <ele>2130.9</ele>
      </trkpt>
      <trkpt lat="44.15577" lon="7.6714">
        <ele>2128.9</ele>
      </trkpt>
      <trkpt lat="44.15604" lon="7.67149">
        <ele>2122.7</ele>
      </trkpt>
      <trkpt lat="44.15622" lon="7.67149">
        <ele>2120.3</ele>
      </trkpt>
      <trkpt lat="44.15638" lon="7.67143">
        <ele>2119.7</ele>
      </trkpt>
      <trkpt lat="44.15654" lon="7.67132">
        <ele>2120.2</ele>
      </trkpt>
      <trkpt lat="44.15674" lon="7.67112">
        <ele>2121.6</ele>
      </trkpt>
      <trkpt lat="44.15693" lon="7.67108">
        <ele>2118.5</ele>
      </trkpt>
      <trkpt lat="44.1573" lon="7.6711">
        <ele>2110.5</ele>
      </trkpt>
      <trkpt lat="44.15749" lon="7.67121">
        <ele>2106.6</ele>
      </trkpt>
      <trkpt lat="44.15759" lon="7.67123">
        <ele>2106.0</ele>
      </trkpt>
      <trkpt lat="44.15772" lon="7.67123">
        <ele>2105.4</ele>
      </trkpt>
      <trkpt lat="44.1578" lon="7.67127">
        <ele>2105.1</ele>
      </trkpt>
      <trkpt lat="44.15789" lon="7.67137">
        <ele>2105.2</ele>
      </trkpt>
      <trkpt lat="44.15802" lon="7.67148">
        <ele>2105.3</ele>
      </trkpt>
      <trkpt lat="44.15819" lon="7.67153">
        <ele>2105.2</ele>
      </trkpt>
      <trkpt lat="44.15826" lon="7.67152">
        <ele>2104.9</ele>
      </trkpt>
      <trkpt lat="44.15832" lon="7.67149">
        <ele>2104.6</ele>
      </trkpt>
      <trkpt lat="44.15882" lon="7.67114">
        <ele>2103.2</ele>
      </trkpt>
      <trkpt lat="44.15898" lon="7.67112">
        <ele>2103.5</ele>
      </trkpt>
      <trkpt lat="44.15911" lon="7.67113">
        <ele>2104.1</ele>
      </trkpt>
      <trkpt lat="44.15917" lon="7.6711">
        <ele>2103.9</ele>
      </trkpt>
      <trkpt lat="44.15928" lon="7.67091">
        <ele>2102.4</ele>
      </trkpt>
      <trkpt lat="44.15934" lon="7.67063">
        <ele>2097.1</ele>
      </trkpt>
      <trkpt lat="44.15942" lon="7.67044">
        <ele>2093.8</ele>
      </trkpt>
      <trkpt lat="44.15954" lon="7.6703">
        <ele>2092.6</ele>
      </trkpt>
      <trkpt lat="44.15965" lon="7.67015">
        <ele>2091.3</ele>
      </trkpt>
      <trkpt lat="44.1598" lon="7.67004">
        <ele>2091.9</ele>
      </trkpt>
      <trkpt lat="44.15993" lon="7.66984">
        <ele>2090.1</ele>
      </trkpt>
      <trkpt lat="44.16004" lon="7.66973">
        <ele>2088.8</ele>
      </trkpt>
      <trkpt lat="44.16012" lon="7.66971">
        <ele>2088.3</ele>
      </trkpt>
      <trkpt lat="44.16025" lon="7.66977">
        <ele>2089.6</ele>
      </trkpt>
      <trkpt lat="44.16045" lon="7.6699">
        <ele>2092.6</ele>
      </trkpt>
      <trkpt lat="44.16081" lon="7.66999">
        <ele>2094.8</ele>
      </trkpt>
      <trkpt lat="44.16089" lon="7.67">
        <ele>2095.4</ele>
      </trkpt>
      <trkpt lat="44.16098" lon="7.66999">
        <ele>2095.8</ele>
      </trkpt>
      <trkpt lat="44.16105" lon="7.66993">
        <ele>2094.5</ele>
      </trkpt>
      <trkpt lat="44.1612" lon="7.66959">
        <ele>2084.7</ele>
      </trkpt>
      <trkpt lat="44.16126" lon="7.66952">
        <ele>2082.4</ele>
      </trkpt>
      <trkpt lat="44.16136" lon="7.66951">
        <ele>2082.0</ele>
      </trkpt>
      <trkpt lat="44.16154" lon="7.66955">
        <ele>2083.3</ele>
      </trkpt>
      <trkpt lat="44.16178" lon="7.66952">
        <ele>2081.2</ele>
      </trkpt>
      <trkpt lat="44.16204" lon="7.66958">
        <ele>2081.7</ele>
      </trkpt>
      <trkpt lat="44.16238" lon="7.66972">
        <ele>2084.2</ele>
      </trkpt>
      <trkpt lat="44.16254" lon="7.66975">
        <ele>2084.1</ele>
      </trkpt>
      <trkpt lat="44.16264" lon="7.66974">
        <ele>2083.3</ele>
      </trkpt>
      <trkpt lat="44.16274" lon="7.6697">
        <ele>2081.6</ele>
      </trkpt>
      <trkpt lat="44.16302" lon="7.66947">
        <ele>2073.6</ele>
      </trkpt>
      <trkpt lat="44.16319" lon="7.6695">
        <ele>2074.1</ele>
      </trkpt>
      <trkpt lat="44.16333" lon="7.66955">
        <ele>2075.1</ele>
      </trkpt>
      <trkpt lat="44.16349" lon="7.66965">
        <ele>2078.4</ele>
      </trkpt>
      <trkpt lat="44.16361" lon="7.66967">
        <ele>2079.4</ele>
      </trkpt>
      <trkpt lat="44.16372" lon="7.66972">
        <ele>2081.2</ele>
      </trkpt>
      <trkpt lat="44.16403" lon="7.66951">
        <ele>2077.1</ele>
      </trkpt>
      <trkpt lat="44.16422" lon="7.66952">
        <ele>2078.5</ele>
      </trkpt>
      <trkpt lat="44.1643" lon="7.66948">
        <ele>2078.5</ele>
      </trkpt>
      <trkpt lat="44.16444" lon="7.66933">
        <ele>2076.2</ele>
      </trkpt>
      <trkpt lat="44.16457" lon="7.66917">
        <ele>2073.4</ele>
      </trkpt>
      <trkpt lat="44.16464" lon="7.66911">
        <ele>2073.4</ele>
      </trkpt>
      <trkpt lat="44.16483" lon="7.66913">
        <ele>2075.7</ele>
      </trkpt>
      <trkpt lat="44.16487" lon="7.66911">
        <ele>2075.8</ele>
      </trkpt>
      <trkpt lat="44.1649" lon="7.66907">
        <ele>2075.6</ele>
      </trkpt>
      <trkpt lat="44.1649" lon="7.66895">
        <ele>2074.0</ele>
      </trkpt>
      <trkpt lat="44.16481" lon="7.6688">
        <ele>2071.2</ele>
      </trkpt>
      <trkpt lat="44.1648" lon="7.66874">
        <ele>2070.3</ele>
      </trkpt>
      <trkpt lat="44.16481" lon="7.66868">
        <ele>2069.6</ele>
      </trkpt>
      <trkpt lat="44.16485" lon="7.66862">
        <ele>2069.1</ele>
      </trkpt>
      <trkpt lat="44.16491" lon="7.66858">
        <ele>2069.0</ele>
      </trkpt>
      <trkpt lat="44.16505" lon="7.66856">
        <ele>2069.7</ele>
      </trkpt>
      <trkpt lat="44.16531" lon="7.66873">
        <ele>2074.7</ele>
      </trkpt>
      <trkpt lat="44.16537" lon="7.66871">
        <ele>2074.9</ele>
      </trkpt>
      <trkpt lat="44.1655" lon="7.6686">
        <ele>2074.4</ele>
      </trkpt>
      <trkpt lat="44.16559" lon="7.66853">
        <ele>2074.1</ele>
      </trkpt>
      <trkpt lat="44.16574" lon="7.66856">
        <ele>2076.0</ele>
      </trkpt>
      <trkpt lat="44.16587" lon="7.6685">
        <ele>2076.2</ele>
      </trkpt>
      <trkpt lat="44.16601" lon="7.6683">
        <ele>2074.4</ele>
      </trkpt>
      <trkpt lat="44.16605" lon="7.66829">
        <ele>2074.7</ele>
      </trkpt>
      <trkpt lat="44.16605" lon="7.66829">
        <ele>2074.7</ele>
      </trkpt>
      <trkpt lat="44.16613" lon="7.66826">
        <ele>2075.0</ele>
      </trkpt>
      <trkpt lat="44.1663" lon="7.66826">
        <ele>2076.9</ele>
      </trkpt>
      <trkpt lat="44.16643" lon="7.6683">
        <ele>2078.9</ele>
      </trkpt>
      <trkpt lat="44.16653" lon="7.6684">
        <ele>2081.8</ele>
      </trkpt>
      <trkpt lat="44.16659" lon="7.66841">
        <ele>2082.7</ele>
      </trkpt>
      <trkpt lat="44.16664" lon="7.66839">
        <ele>2082.9</ele>
      </trkpt>
      <trkpt lat="44.16671" lon="7.66832">
        <ele>2082.2</ele>
      </trkpt>
      <trkpt lat="44.16673" lon="7.66823">
        <ele>2080.8</ele>
      </trkpt>
      <trkpt lat="44.16674" lon="7.66809">
        <ele>2078.5</ele>
      </trkpt>
      <trkpt lat="44.16672" lon="7.66794">
        <ele>2075.8</ele>
      </trkpt>
      <trkpt lat="44.16676" lon="7.66786">
        <ele>2074.6</ele>
      </trkpt>
      <trkpt lat="44.16684" lon="7.66781">
        <ele>2074.2</ele>
      </trkpt>
      <trkpt lat="44.16703" lon="7.66783">
        <ele>2075.7</ele>
      </trkpt>
      <trkpt lat="44.16718" lon="7.66773">
        <ele>2074.6</ele>
      </trkpt>
      <trkpt lat="44.16723" lon="7.66772">
        <ele>2074.6</ele>
      </trkpt>
      <trkpt lat="44.16745" lon="7.66782">
        <ele>2078.0</ele>
      </trkpt>
      <trkpt lat="44.16758" lon="7.66784">
        <ele>2079.9</ele>
      </trkpt>
      <trkpt lat="44.16785" lon="7.66776">
        <ele>2081.7</ele>
      </trkpt>
      <trkpt lat="44.16797" lon="7.6678">
        <ele>2084.3</ele>
      </trkpt>
      <trkpt lat="44.16804" lon="7.66778">
        <ele>2084.7</ele>
      </trkpt>
      <trkpt lat="44.16822" lon="7.66764">
        <ele>2083.8</ele>
      </trkpt>
      <trkpt lat="44.1683" lon="7.66746">
        <ele>2081.2</ele>
      </trkpt>
      <trkpt lat="44.16835" lon="7.66742">
        <ele>2081.6</ele>
      </trkpt>
      <trkpt lat="44.16841" lon="7.66741">
        <ele>2083.0</ele>
      </trkpt>
      <trkpt lat="44.1685" lon="7.66741">
        <ele>2085.2</ele>
      </trkpt>
      <trkpt lat="44.1686" lon="7.6675">
        <ele>2088.7</ele>
      </trkpt>
      <trkpt lat="44.16873" lon="7.66752">
        <ele>2092.5</ele>
      </trkpt>
      <trkpt lat="44.16883" lon="7.66746">
        <ele>2094.0</ele>
      </trkpt>
      <trkpt lat="44.16905" lon="7.66724">
        <ele>2096.0</ele>
      </trkpt>
      <trkpt lat="44.16925" lon="7.6672">
        <ele>2099.8</ele>
      </trkpt>
      <trkpt lat="44.1693" lon="7.66714">
        <ele>2099.8</ele>
      </trkpt>
      <trkpt lat="44.16934" lon="7.66704">
        <ele>2099.0</ele>
      </trkpt>
      <trkpt lat="44.16979" lon="7.66653">
        <ele>2102.1</ele>
      </trkpt>
      <trkpt lat="44.17013" lon="7.66631">
        <ele>2108.7</ele>
      </trkpt>
      <trkpt lat="44.17018" lon="7.66625">
        <ele>2109.9</ele>
      </trkpt>
      <trkpt lat="44.17021" lon="7.66611">
        <ele>2110.2</ele>
      </trkpt>
      <trkpt lat="44.17023" lon="7.66598">
        <ele>2110.3</ele>
      </trkpt>
      <trkpt lat="44.17021" lon="7.66589">
        <ele>2109.3</ele>
      </trkpt>
      <trkpt lat="44.17009" lon="7.66557">
        <ele>2106.9</ele>
      </trkpt>
      <trkpt lat="44.16993" lon="7.66525">
        <ele>2106.9</ele>
      </trkpt>
      <trkpt lat="44.16993" lon="7.66509">
        <ele>2108.4</ele>
      </trkpt>
      <trkpt lat="44.16999" lon="7.66497">
        <ele>2108.8</ele>
      </trkpt>
      <trkpt lat="44.17004" lon="7.66492">
        <ele>2109.1</ele>
      </trkpt>
      <trkpt lat="44.17019" lon="7.66488">
        <ele>2111.8</ele>
      </trkpt>
      <trkpt lat="44.17033" lon="7.6648">
        <ele>2114.0</ele>
      </trkpt>
      <trkpt lat="44.17076" lon="7.66411">
        <ele>2116.0</ele>
      </trkpt>
      <trkpt lat="44.17091" lon="7.66366">
        <ele>2113.9</ele>
      </trkpt>
      <trkpt lat="44.17089" lon="7.66338">
        <ele>2110.1</ele>
      </trkpt>
      <trkpt lat="44.17091" lon="7.66329">
        <ele>2110.3</ele>
      </trkpt>
      <trkpt lat="44.17097" lon="7.66318">
        <ele>2112.4</ele>
      </trkpt>
      <trkpt lat="44.17098" lon="7.6631">
        <ele>2113.1</ele>
      </trkpt>
      <trkpt lat="44.17097" lon="7.66302">
        <ele>2113.2</ele>
      </trkpt>
      <trkpt lat="44.17093" lon="7.66293">
        <ele>2112.8</ele>
      </trkpt>
      <trkpt lat="44.17087" lon="7.66285">
        <ele>2111.8</ele>
      </trkpt>
      <trkpt lat="44.17047" lon="7.66257">
        <ele>2111.1</ele>
      </trkpt>
      <trkpt lat="44.17029" lon="7.66239">
        <ele>2112.2</ele>
      </trkpt>
      <trkpt lat="44.17017" lon="7.66229">
        <ele>2112.7</ele>
      </trkpt>
      <trkpt lat="44.16993" lon="7.66217">
        <ele>2114.1</ele>
      </trkpt>
      <trkpt lat="44.16987" lon="7.66202">
        <ele>2116.3</ele>
      </trkpt>
      <trkpt lat="44.16987" lon="7.66167">
        <ele>2119.8</ele>
      </trkpt>
      <trkpt lat="44.16983" lon="7.66157">
        <ele>2120.3</ele>
      </trkpt>
      <trkpt lat="44.16979" lon="7.66148">
        <ele>2120.6</ele>
      </trkpt>
      <trkpt lat="44.16944" lon="7.66121">
        <ele>2124.4</ele>
      </trkpt>
      <trkpt lat="44.16929" lon="7.66105">
        <ele>2125.6</ele>
      </trkpt>
      <trkpt lat="44.16918" lon="7.6609">
        <ele>2126.2</ele>
      </trkpt>
      <trkpt lat="44.16909" lon="7.66073">
        <ele>2127.2</ele>
      </trkpt>
      <trkpt lat="44.16905" lon="7.66057">
        <ele>2128.5</ele>
      </trkpt>
      <trkpt lat="44.16903" lon="7.66039">
        <ele>2129.9</ele>
      </trkpt>
      <trkpt lat="44.16919" lon="7.65987">
        <ele>2131.0</ele>
      </trkpt>
      <trkpt lat="44.1692" lon="7.65965">
        <ele>2135.0</ele>
      </trkpt>
      <trkpt lat="44.16927" lon="7.65953">
        <ele>2135.6</ele>
      </trkpt>
      <trkpt lat="44.16943" lon="7.65932">
        <ele>2135.2</ele>
      </trkpt>
      <trkpt lat="44.16953" lon="7.65923">
        <ele>2134.0</ele>
      </trkpt>
      <trkpt lat="44.16962" lon="7.65913">
        <ele>2133.5</ele>
      </trkpt>
      <trkpt lat="44.16968" lon="7.65893">
        <ele>2136.8</ele>
      </trkpt>
      <trkpt lat="44.16974" lon="7.65867">
        <ele>2141.1</ele>
      </trkpt>
      <trkpt lat="44.16981" lon="7.65796">
        <ele>2151.7</ele>
      </trkpt>
      <trkpt lat="44.16991" lon="7.65763">
        <ele>2150.8</ele>
      </trkpt>
      <trkpt lat="44.16993" lon="7.65747">
        <ele>2151.9</ele>
      </trkpt>
      <trkpt lat="44.16997" lon="7.65689">
        <ele>2159.5</ele>
      </trkpt>
      <trkpt lat="44.16999" lon="7.65681">
        <ele>2159.9</ele>
      </trkpt>
      <trkpt lat="44.17003" lon="7.65673">
        <ele>2160.3</ele>
      </trkpt>
      <trkpt lat="44.17023" lon="7.65658">
        <ele>2159.5</ele>
      </trkpt>
      <trkpt lat="44.17045" lon="7.65647">
        <ele>2158.3</ele>
      </trkpt>
      <trkpt lat="44.17057" lon="7.65634">
        <ele>2159.6</ele>
      </trkpt>
      <trkpt lat="44.17059" lon="7.65625">
        <ele>2161.6</ele>
      </trkpt>
      <trkpt lat="44.17064" lon="7.65616">
        <ele>2163.3</ele>
      </trkpt>
      <trkpt lat="44.17072" lon="7.65608">
        <ele>2164.4</ele>
      </trkpt>
      <trkpt lat="44.17085" lon="7.65607">
        <ele>2163.4</ele>
      </trkpt>
      <trkpt lat="44.17099" lon="7.65606">
        <ele>2165.4</ele>
      </trkpt>
      <trkpt lat="44.17112" lon="7.65615">
        <ele>2164.3</ele>
      </trkpt>
      <trkpt lat="44.1712" lon="7.65613">
        <ele>2165.9</ele>
      </trkpt>
      <trkpt lat="44.17123" lon="7.65608">
        <ele>2167.7</ele>
      </trkpt>
      <trkpt lat="44.17125" lon="7.65603">
        <ele>2169.3</ele>
      </trkpt>
      <trkpt lat="44.17125" lon="7.65596">
        <ele>2171.4</ele>
      </trkpt>
      <trkpt lat="44.17123" lon="7.6559">
        <ele>2172.8</ele>
      </trkpt>
      <trkpt lat="44.17113" lon="7.65587">
        <ele>2172.5</ele>
      </trkpt>
      <trkpt lat="44.17098" lon="7.65587">
        <ele>2170.7</ele>
      </trkpt>
      <trkpt lat="44.17092" lon="7.65584">
        <ele>2170.8</ele>
      </trkpt>
      <trkpt lat="44.17087" lon="7.6558">
        <ele>2171.4</ele>
      </trkpt>
      <trkpt lat="44.17082" lon="7.65569">
        <ele>2174.4</ele>
      </trkpt>
      <trkpt lat="44.17077" lon="7.65558">
        <ele>2178.3</ele>
      </trkpt>
      <trkpt lat="44.17073" lon="7.65552">
        <ele>2180.5</ele>
      </trkpt>
      <trkpt lat="44.17065" lon="7.65546">
        <ele>2183.1</ele>
      </trkpt>
      <trkpt lat="44.17061" lon="7.65538">
        <ele>2185.9</ele>
      </trkpt>
      <trkpt lat="44.17055" lon="7.65531">
        <ele>2188.5</ele>
      </trkpt>
      <trkpt lat="44.17046" lon="7.65529">
        <ele>2190.0</ele>
      </trkpt>
      <trkpt lat="44.17037" lon="7.65532">
        <ele>2190.1</ele>
      </trkpt>
      <trkpt lat="44.17031" lon="7.65539">
        <ele>2188.6</ele>
      </trkpt>
      <trkpt lat="44.17023" lon="7.65553">
        <ele>2185.3</ele>
      </trkpt>
      <trkpt lat="44.17019" lon="7.65556">
        <ele>2184.9</ele>
      </trkpt>
      <trkpt lat="44.17002" lon="7.65554">
        <ele>2187.2</ele>
      </trkpt>
      <trkpt lat="44.16996" lon="7.65556">
        <ele>2188.2</ele>
      </trkpt>
      <trkpt lat="44.16973" lon="7.65569">
        <ele>2192.2</ele>
      </trkpt>
      <trkpt lat="44.16966" lon="7.65575">
        <ele>2193.0</ele>
      </trkpt>
      <trkpt lat="44.16958" lon="7.65589">
        <ele>2192.8</ele>
      </trkpt>
      <trkpt lat="44.16941" lon="7.65603">
        <ele>2197.0</ele>
      </trkpt>
      <trkpt lat="44.16938" lon="7.65608">
        <ele>2197.5</ele>
      </trkpt>
      <trkpt lat="44.16931" lon="7.65613">
        <ele>2199.6</ele>
      </trkpt>
      <trkpt lat="44.16922" lon="7.65613">
        <ele>2203.1</ele>
      </trkpt>
      <trkpt lat="44.16915" lon="7.65611">
        <ele>2204.9</ele>
      </trkpt>
      <trkpt lat="44.1691" lon="7.65612">
        <ele>2203.5</ele>
      </trkpt>
      <trkpt lat="44.16904" lon="7.65614">
        <ele>2201.8</ele>
      </trkpt>
      <trkpt lat="44.1689" lon="7.65628">
        <ele>2197.7</ele>
      </trkpt>
      <trkpt lat="44.16886" lon="7.65629">
        <ele>2196.7</ele>
      </trkpt>
      <trkpt lat="44.16882" lon="7.65629">
        <ele>2195.8</ele>
      </trkpt>
      <trkpt lat="44.1688" lon="7.65627">
        <ele>2195.4</ele>
      </trkpt>
      <trkpt lat="44.16878" lon="7.65624">
        <ele>2195.0</ele>
      </trkpt>
      <trkpt lat="44.16878" lon="7.6562">
        <ele>2195.0</ele>
      </trkpt>
      <trkpt lat="44.1688" lon="7.65616">
        <ele>2195.5</ele>
      </trkpt>
      <trkpt lat="44.16884" lon="7.65612">
        <ele>2196.6</ele>
      </trkpt>
      <trkpt lat="44.16899" lon="7.65601">
        <ele>2201.1</ele>
      </trkpt>
      <trkpt lat="44.16911" lon="7.65596">
        <ele>2205.1</ele>
      </trkpt>
      <trkpt lat="44.16926" lon="7.65595">
        <ele>2203.5</ele>
      </trkpt>
      <trkpt lat="44.16932" lon="7.6559">
        <ele>2201.9</ele>
      </trkpt>
      <trkpt lat="44.16937" lon="7.65583">
        <ele>2201.0</ele>
      </trkpt>
      <trkpt lat="44.16951" lon="7.65539">
        <ele>2207.2</ele>
      </trkpt>
      <trkpt lat="44.16956" lon="7.6553">
        <ele>2208.0</ele>
      </trkpt>
      <trkpt lat="44.16963" lon="7.65521">
        <ele>2208.2</ele>
      </trkpt>
      <trkpt lat="44.16967" lon="7.65512">
        <ele>2209.3</ele>
      </trkpt>
      <trkpt lat="44.16971" lon="7.65492">
        <ele>2212.0</ele>
      </trkpt>
      <trkpt lat="44.16973" lon="7.65456">
        <ele>2214.7</ele>
      </trkpt>
      <trkpt lat="44.1697" lon="7.6543">
        <ele>2217.7</ele>
      </trkpt>
      <trkpt lat="44.16971" lon="7.65423">
        <ele>2218.1</ele>
      </trkpt>
      <trkpt lat="44.16973" lon="7.65415">
        <ele>2218.2</ele>
      </trkpt>
      <trkpt lat="44.16976" lon="7.65407">
        <ele>2217.7</ele>
      </trkpt>
      <trkpt lat="44.16982" lon="7.65401">
        <ele>2216.4</ele>
      </trkpt>
      <trkpt lat="44.16993" lon="7.65397">
        <ele>2213.9</ele>
      </trkpt>
      <trkpt lat="44.17004" lon="7.65384">
        <ele>2213.2</ele>
      </trkpt>
      <trkpt lat="44.17015" lon="7.65377">
        <ele>2214.2</ele>
      </trkpt>
      <trkpt lat="44.17029" lon="7.65373">
        <ele>2215.2</ele>
      </trkpt>
      <trkpt lat="44.17045" lon="7.65382">
        <ele>2215.6</ele>
      </trkpt>
      <trkpt lat="44.17056" lon="7.65383">
        <ele>2216.1</ele>
      </trkpt>
      <trkpt lat="44.17064" lon="7.65376">
        <ele>2216.9</ele>
      </trkpt>
      <trkpt lat="44.17069" lon="7.65365">
        <ele>2217.7</ele>
      </trkpt>
      <trkpt lat="44.17069" lon="7.65353">
        <ele>2218.3</ele>
      </trkpt>
      <trkpt lat="44.17068" lon="7.65342">
        <ele>2218.8</ele>
      </trkpt>
      <trkpt lat="44.17065" lon="7.65334">
        <ele>2219.1</ele>
      </trkpt>
      <trkpt lat="44.1706" lon="7.65328">
        <ele>2218.8</ele>
      </trkpt>
      <trkpt lat="44.17041" lon="7.65322">
        <ele>2217.8</ele>
      </trkpt>
      <trkpt lat="44.17035" lon="7.65315">
        <ele>2217.5</ele>
      </trkpt>
      <trkpt lat="44.17031" lon="7.65306">
        <ele>2217.2</ele>
      </trkpt>
      <trkpt lat="44.17011" lon="7.65287">
        <ele>2216.4</ele>
      </trkpt>
      <trkpt lat="44.17002" lon="7.65274">
        <ele>2216.1</ele>
      </trkpt>
      <trkpt lat="44.16997" lon="7.65269">
        <ele>2216.5</ele>
      </trkpt>
      <trkpt lat="44.16992" lon="7.65262">
        <ele>2217.5</ele>
      </trkpt>
      <trkpt lat="44.16975" lon="7.65223">
        <ele>2217.8</ele>
      </trkpt>
      <trkpt lat="44.16972" lon="7.65213">
        <ele>2217.5</ele>
      </trkpt>
      <trkpt lat="44.16972" lon="7.65213">
        <ele>2217.5</ele>
      </trkpt>
      <trkpt lat="44.16969" lon="7.65201">
        <ele>2217.1</ele>
      </trkpt>
      <trkpt lat="44.16965" lon="7.65177">
        <ele>2216.2</ele>
      </trkpt>
      <trkpt lat="44.16963" lon="7.65146">
        <ele>2216.7</ele>
      </trkpt>
      <trkpt lat="44.16962" lon="7.65113">
        <ele>2218.1</ele>
      </trkpt>
      <trkpt lat="44.16968" lon="7.6508">
        <ele>2217.8</ele>
      </trkpt>
      <trkpt lat="44.16977" lon="7.6506">
        <ele>2218.1</ele>
      </trkpt>
      <trkpt lat="44.16982" lon="7.65041">
        <ele>2219.7</ele>
      </trkpt>
      <trkpt lat="44.16998" lon="7.65006">
        <ele>2222.3</ele>
      </trkpt>
      <trkpt lat="44.17007" lon="7.64993">
        <ele>2225.2</ele>
      </trkpt>
      <trkpt lat="44.17016" lon="7.64971">
        <ele>2229.4</ele>
      </trkpt>
      <trkpt lat="44.17016" lon="7.64964">
        <ele>2230.2</ele>
      </trkpt>
      <trkpt lat="44.17016" lon="7.64959">
        <ele>2230.7</ele>
      </trkpt>
      <trkpt lat="44.1701" lon="7.6494">
        <ele>2232.1</ele>
      </trkpt>
      <trkpt lat="44.17009" lon="7.64929">
        <ele>2233.4</ele>
      </trkpt>
      <trkpt lat="44.17007" lon="7.64887">
        <ele>2236.0</ele>
      </trkpt>
      <trkpt lat="44.17008" lon="7.6486">
        <ele>2237.3</ele>
      </trkpt>
      <trkpt lat="44.17012" lon="7.64838">
        <ele>2238.0</ele>
      </trkpt>
      <trkpt lat="44.17011" lon="7.64824">
        <ele>2236.6</ele>
      </trkpt>
      <trkpt lat="44.17009" lon="7.64812">
        <ele>2234.8</ele>
      </trkpt>
      <trkpt lat="44.17009" lon="7.64798">
        <ele>2232.5</ele>
      </trkpt>
      <trkpt lat="44.17008" lon="7.64786">
        <ele>2230.7</ele>
      </trkpt>
      <trkpt lat="44.16997" lon="7.64766">
        <ele>2229.6</ele>
      </trkpt>
      <trkpt lat="44.16996" lon="7.64762">
        <ele>2229.3</ele>
      </trkpt>
      <trkpt lat="44.16997" lon="7.64758">
        <ele>2228.3</ele>
      </trkpt>
      <trkpt lat="44.17" lon="7.64757">
        <ele>2227.1</ele>
      </trkpt>
      <trkpt lat="44.17003" lon="7.64756">
        <ele>2226.5</ele>
      </trkpt>
      <trkpt lat="44.17008" lon="7.6476">
        <ele>2226.4</ele>
      </trkpt>
      <trkpt lat="44.17019" lon="7.64776">
        <ele>2227.6</ele>
      </trkpt>
      <trkpt lat="44.17031" lon="7.64791">
        <ele>2228.8</ele>
      </trkpt>
      <trkpt lat="44.17034" lon="7.64793">
        <ele>2228.9</ele>
      </trkpt>
      <trkpt lat="44.17048" lon="7.64792">
        <ele>2227.1</ele>
      </trkpt>
      <trkpt lat="44.17067" lon="7.64795">
        <ele>2225.6</ele>
      </trkpt>
      <trkpt lat="44.17077" lon="7.6479">
        <ele>2223.3</ele>
      </trkpt>
      <trkpt lat="44.17086" lon="7.64782">
        <ele>2221.1</ele>
      </trkpt>
      <trkpt lat="44.1709" lon="7.64775">
        <ele>2220.2</ele>
      </trkpt>
      <trkpt lat="44.17093" lon="7.64764">
        <ele>2218.1</ele>
      </trkpt>
      <trkpt lat="44.17093" lon="7.64749">
        <ele>2214.7</ele>
      </trkpt>
      <trkpt lat="44.17092" lon="7.64733">
        <ele>2211.3</ele>
      </trkpt>
      <trkpt lat="44.17089" lon="7.64715">
        <ele>2207.2</ele>
      </trkpt>
      <trkpt lat="44.17093" lon="7.647">
        <ele>2204.9</ele>
      </trkpt>
      <trkpt lat="44.17105" lon="7.6468">
        <ele>2202.6</ele>
      </trkpt>
      <trkpt lat="44.17109" lon="7.6466">
        <ele>2199.3</ele>
      </trkpt>
      <trkpt lat="44.17115" lon="7.64651">
        <ele>2198.6</ele>
      </trkpt>
      <trkpt lat="44.17123" lon="7.64643">
        <ele>2198.4</ele>
      </trkpt>
      <trkpt lat="44.17139" lon="7.64638">
        <ele>2199.9</ele>
      </trkpt>
      <trkpt lat="44.17158" lon="7.64635">
        <ele>2202.2</ele>
      </trkpt>
      <trkpt lat="44.17176" lon="7.64637">
        <ele>2204.3</ele>
      </trkpt>
      <trkpt lat="44.17197" lon="7.6464">
        <ele>2205.8</ele>
      </trkpt>
      <trkpt lat="44.17203" lon="7.64637">
        <ele>2205.9</ele>
      </trkpt>
      <trkpt lat="44.17208" lon="7.64632">
        <ele>2205.8</ele>
      </trkpt>
      <trkpt lat="44.17211" lon="7.6462">
        <ele>2205.1</ele>
      </trkpt>
      <trkpt lat="44.17213" lon="7.64601">
        <ele>2203.9</ele>
      </trkpt>
      <trkpt lat="44.1722" lon="7.6459">
        <ele>2204.1</ele>
      </trkpt>
      <trkpt lat="44.17225" lon="7.64588">
        <ele>2204.6</ele>
      </trkpt>
      <trkpt lat="44.1723" lon="7.64587">
        <ele>2205.3</ele>
      </trkpt>
      <trkpt lat="44.17239" lon="7.6459">
        <ele>2206.6</ele>
      </trkpt>
      <trkpt lat="44.17243" lon="7.64589">
        <ele>2207.1</ele>
      </trkpt>
      <trkpt lat="44.17245" lon="7.64584">
        <ele>2207.3</ele>
      </trkpt>
      <trkpt lat="44.17246" lon="7.64576">
        <ele>2207.0</ele>
      </trkpt>
      <trkpt lat="44.17243" lon="7.64572">
        <ele>2206.2</ele>
      </trkpt>
      <trkpt lat="44.17229" lon="7.64567">
        <ele>2203.7</ele>
      </trkpt>
      <trkpt lat="44.17225" lon="7.64564">
        <ele>2202.8</ele>
      </trkpt>
      <trkpt lat="44.1722" lon="7.64557">
        <ele>2201.4</ele>
      </trkpt>
      <trkpt lat="44.1721" lon="7.64537">
        <ele>2197.9</ele>
      </trkpt>
      <trkpt lat="44.17206" lon="7.64518">
        <ele>2195.3</ele>
      </trkpt>
      <trkpt lat="44.17202" lon="7.64502">
        <ele>2192.8</ele>
      </trkpt>
      <trkpt lat="44.17204" lon="7.64486">
        <ele>2191.3</ele>
      </trkpt>
      <trkpt lat="44.1721" lon="7.64472">
        <ele>2191.0</ele>
      </trkpt>
      <trkpt lat="44.17218" lon="7.64464">
        <ele>2192.1</ele>
      </trkpt>
      <trkpt lat="44.17223" lon="7.64454">
        <ele>2192.2</ele>
      </trkpt>
      <trkpt lat="44.17223" lon="7.6444">
        <ele>2190.7</ele>
      </trkpt>
      <trkpt lat="44.17217" lon="7.6442">
        <ele>2186.9</ele>
      </trkpt>
      <trkpt lat="44.17208" lon="7.64399">
        <ele>2182.4</ele>
      </trkpt>
      <trkpt lat="44.17198" lon="7.64363">
        <ele>2176.0</ele>
      </trkpt>
      <trkpt lat="44.17186" lon="7.64337">
        <ele>2169.3</ele>
      </trkpt>
      <trkpt lat="44.17179" lon="7.64316">
        <ele>2166.6</ele>
      </trkpt>
      <trkpt lat="44.17175" lon="7.64296">
        <ele>2165.3</ele>
      </trkpt>
      <trkpt lat="44.17174" lon="7.64284">
        <ele>2165.0</ele>
      </trkpt>
      <trkpt lat="44.17178" lon="7.6425">
        <ele>2166.9</ele>
      </trkpt>
      <trkpt lat="44.17177" lon="7.6424">
        <ele>2166.7</ele>
      </trkpt>
      <trkpt lat="44.17171" lon="7.64224">
        <ele>2164.7</ele>
      </trkpt>
      <trkpt lat="44.17166" lon="7.64206">
        <ele>2163.4</ele>
      </trkpt>
      <trkpt lat="44.17159" lon="7.64175">
        <ele>2162.4</ele>
      </trkpt>
      <trkpt lat="44.17157" lon="7.6417">
        <ele>2162.0</ele>
      </trkpt>
      <trkpt lat="44.17139" lon="7.64144">
        <ele>2158.0</ele>
      </trkpt>
      <trkpt lat="44.17117" lon="7.64111">
        <ele>2155.1</ele>
      </trkpt>
      <trkpt lat="44.17098" lon="7.64071">
        <ele>2155.0</ele>
      </trkpt>
      <trkpt lat="44.17095" lon="7.64056">
        <ele>2155.2</ele>
      </trkpt>
      <trkpt lat="44.1709" lon="7.64044">
        <ele>2155.1</ele>
      </trkpt>
      <trkpt lat="44.17085" lon="7.64037">
        <ele>2155.0</ele>
      </trkpt>
      <trkpt lat="44.17076" lon="7.64032">
        <ele>2154.6</ele>
      </trkpt>
      <trkpt lat="44.17051" lon="7.64021">
        <ele>2153.5</ele>
      </trkpt>
      <trkpt lat="44.17048" lon="7.64016">
        <ele>2153.6</ele>
      </trkpt>
      <trkpt lat="44.17045" lon="7.6401">
        <ele>2153.7</ele>
      </trkpt>
      <trkpt lat="44.17038" lon="7.63963">
        <ele>2145.7</ele>
      </trkpt>
      <trkpt lat="44.17039" lon="7.63958">
        <ele>2144.7</ele>
      </trkpt>
      <trkpt lat="44.17041" lon="7.63953">
        <ele>2143.8</ele>
      </trkpt>
      <trkpt lat="44.17046" lon="7.63947">
        <ele>2143.0</ele>
      </trkpt>
      <trkpt lat="44.1705" lon="7.63945">
        <ele>2143.0</ele>
      </trkpt>
      <trkpt lat="44.17101" lon="7.63934">
        <ele>2145.7</ele>
      </trkpt>
      <trkpt lat="44.17111" lon="7.63929">
        <ele>2145.6</ele>
      </trkpt>
      <trkpt lat="44.17123" lon="7.63916">
        <ele>2144.1</ele>
      </trkpt>
      <trkpt lat="44.17143" lon="7.63906">
        <ele>2142.9</ele>
      </trkpt>
      <trkpt lat="44.17157" lon="7.63894">
        <ele>2140.6</ele>
      </trkpt>
      <trkpt lat="44.17163" lon="7.63892">
        <ele>2140.6</ele>
      </trkpt>
      <trkpt lat="44.17168" lon="7.63893">
        <ele>2141.2</ele>
      </trkpt>
      <trkpt lat="44.1718" lon="7.63899">
        <ele>2143.4</ele>
      </trkpt>
      <trkpt lat="44.17194" lon="7.63909">
        <ele>2146.4</ele>
      </trkpt>
      <trkpt lat="44.17221" lon="7.63906">
        <ele>2146.3</ele>
      </trkpt>
      <trkpt lat="44.1724" lon="7.63914">
        <ele>2148.4</ele>
      </trkpt>
      <trkpt lat="44.17262" lon="7.6392">
        <ele>2150.1</ele>
      </trkpt>
      <trkpt lat="44.17271" lon="7.63919">
        <ele>2150.4</ele>
      </trkpt>
      <trkpt lat="44.17308" lon="7.63886">
        <ele>2147.5</ele>
      </trkpt>
      <trkpt lat="44.17322" lon="7.6388">
        <ele>2147.8</ele>
      </trkpt>
      <trkpt lat="44.17337" lon="7.63868">
        <ele>2148.1</ele>
      </trkpt>
      <trkpt lat="44.17359" lon="7.63859">
        <ele>2152.3</ele>
      </trkpt>
      <trkpt lat="44.17368" lon="7.6385">
        <ele>2153.4</ele>
      </trkpt>
      <trkpt lat="44.17373" lon="7.63844">
        <ele>2153.9</ele>
      </trkpt>
      <trkpt lat="44.17376" lon="7.63832">
        <ele>2153.2</ele>
      </trkpt>
      <trkpt lat="44.17377" lon="7.63803">
        <ele>2153.1</ele>
      </trkpt>
      <trkpt lat="44.17377" lon="7.63792">
        <ele>2153.0</ele>
      </trkpt>
      <trkpt lat="44.17373" lon="7.63773">
        <ele>2151.8</ele>
      </trkpt>
      <trkpt lat="44.17374" lon="7.63766">
        <ele>2152.0</ele>
      </trkpt>
      <trkpt lat="44.17384" lon="7.63742">
        <ele>2155.8</ele>
      </trkpt>
      <trkpt lat="44.17385" lon="7.63731">
        <ele>2158.2</ele>
      </trkpt>
      <trkpt lat="44.17383" lon="7.63723">
        <ele>2159.3</ele>
      </trkpt>
      <trkpt lat="44.17377" lon="7.63714">
        <ele>2159.6</ele>
      </trkpt>
      <trkpt lat="44.17369" lon="7.63711">
        <ele>2158.3</ele>
      </trkpt>
      <trkpt lat="44.17351" lon="7.63708">
        <ele>2154.4</ele>
      </trkpt>
      <trkpt lat="44.17347" lon="7.63705">
        <ele>2154.0</ele>
      </trkpt>
      <trkpt lat="44.17341" lon="7.63697">
        <ele>2154.1</ele>
      </trkpt>
      <trkpt lat="44.17332" lon="7.63688">
        <ele>2153.5</ele>
      </trkpt>
      <trkpt lat="44.17322" lon="7.63681">
        <ele>2152.0</ele>
      </trkpt>
      <trkpt lat="44.17311" lon="7.63668">
        <ele>2150.8</ele>
      </trkpt>
      <trkpt lat="44.17302" lon="7.63664">
        <ele>2149.3</ele>
      </trkpt>
      <trkpt lat="44.17287" lon="7.63662">
        <ele>2145.5</ele>
      </trkpt>
      <trkpt lat="44.17275" lon="7.6366">
        <ele>2142.6</ele>
      </trkpt>
      <trkpt lat="44.17263" lon="7.63652">
        <ele>2142.4</ele>
      </trkpt>
      <trkpt lat="44.17253" lon="7.63648">
        <ele>2141.2</ele>
      </trkpt>
      <trkpt lat="44.17241" lon="7.63645">
        <ele>2138.5</ele>
      </trkpt>
      <trkpt lat="44.17237" lon="7.63642">
        <ele>2138.5</ele>
      </trkpt>
      <trkpt lat="44.17235" lon="7.63638">
        <ele>2139.5</ele>
      </trkpt>
      <trkpt lat="44.17228" lon="7.63615">
        <ele>2146.8</ele>
      </trkpt>
      <trkpt lat="44.17222" lon="7.63604">
        <ele>2149.2</ele>
      </trkpt>
      <trkpt lat="44.17213" lon="7.63595">
        <ele>2149.5</ele>
      </trkpt>
      <trkpt lat="44.17185" lon="7.63583">
        <ele>2143.4</ele>
      </trkpt>
      <trkpt lat="44.17177" lon="7.63578">
        <ele>2141.9</ele>
      </trkpt>
      <trkpt lat="44.17159" lon="7.63571">
        <ele>2135.7</ele>
      </trkpt>
      <trkpt lat="44.17138" lon="7.63573">
        <ele>2123.1</ele>
      </trkpt>
      <trkpt lat="44.1713" lon="7.63571">
        <ele>2119.2</ele>
      </trkpt>
      <trkpt lat="44.17122" lon="7.63565">
        <ele>2116.5</ele>
      </trkpt>
      <trkpt lat="44.17118" lon="7.63558">
        <ele>2116.4</ele>
      </trkpt>
      <trkpt lat="44.17116" lon="7.6355">
        <ele>2117.7</ele>
      </trkpt>
      <trkpt lat="44.17116" lon="7.63544">
        <ele>2119.6</ele>
      </trkpt>
      <trkpt lat="44.17119" lon="7.63537">
        <ele>2123.5</ele>
      </trkpt>
      <trkpt lat="44.17121" lon="7.63523">
        <ele>2129.0</ele>
      </trkpt>
      <trkpt lat="44.17121" lon="7.6351">
        <ele>2133.0</ele>
      </trkpt>
      <trkpt lat="44.1712" lon="7.63492">
        <ele>2137.8</ele>
      </trkpt>
      <trkpt lat="44.1712" lon="7.63474">
        <ele>2142.7</ele>
      </trkpt>
      <trkpt lat="44.17113" lon="7.6346">
        <ele>2142.7</ele>
      </trkpt>
      <trkpt lat="44.17109" lon="7.63448">
        <ele>2144.0</ele>
      </trkpt>
      <trkpt lat="44.17107" lon="7.63431">
        <ele>2147.8</ele>
      </trkpt>
      <trkpt lat="44.17103" lon="7.63415">
        <ele>2150.7</ele>
      </trkpt>
      <trkpt lat="44.17099" lon="7.63404">
        <ele>2153.3</ele>
      </trkpt>
      <trkpt lat="44.17092" lon="7.63394">
        <ele>2153.6</ele>
      </trkpt>
      <trkpt lat="44.17087" lon="7.6339">
        <ele>2152.4</ele>
      </trkpt>
      <trkpt lat="44.17074" lon="7.63386">
        <ele>2146.1</ele>
      </trkpt>
      <trkpt lat="44.17055" lon="7.63383">
        <ele>2135.7</ele>
      </trkpt>
      <trkpt lat="44.17049" lon="7.63381">
        <ele>2132.8</ele>
      </trkpt>
      <trkpt lat="44.17038" lon="7.6337">
        <ele>2130.1</ele>
      </trkpt>
      <trkpt lat="44.17024" lon="7.63359">
        <ele>2125.3</ele>
      </trkpt>
      <trkpt lat="44.17016" lon="7.63354">
        <ele>2122.0</ele>
      </trkpt>
      <trkpt lat="44.17008" lon="7.6335">
        <ele>2118.4</ele>
      </trkpt>
      <trkpt lat="44.16998" lon="7.6334">
        <ele>2116.2</ele>
      </trkpt>
      <trkpt lat="44.16991" lon="7.6333">
        <ele>2117.8</ele>
      </trkpt>
      <trkpt lat="44.16973" lon="7.63315">
        <ele>2119.2</ele>
      </trkpt>
      <trkpt lat="44.16967" lon="7.63307">
        <ele>2121.0</ele>
      </trkpt>
      <trkpt lat="44.16961" lon="7.63301">
        <ele>2122.1</ele>
      </trkpt>
      <trkpt lat="44.16952" lon="7.6329">
        <ele>2124.8</ele>
      </trkpt>
      <trkpt lat="44.16948" lon="7.63287">
        <ele>2125.2</ele>
      </trkpt>
      <trkpt lat="44.16937" lon="7.63287">
        <ele>2122.8</ele>
      </trkpt>
      <trkpt lat="44.16924" lon="7.63285">
        <ele>2120.8</ele>
      </trkpt>
      <trkpt lat="44.16917" lon="7.63287">
        <ele>2118.3</ele>
      </trkpt>
      <trkpt lat="44.16911" lon="7.6329">
        <ele>2116.8</ele>
      </trkpt>
      <trkpt lat="44.16903" lon="7.6329">
        <ele>2116.8</ele>
      </trkpt>
      <trkpt lat="44.16894" lon="7.63292">
        <ele>2115.8</ele>
      </trkpt>
      <trkpt lat="44.16877" lon="7.63305">
        <ele>2109.7</ele>
      </trkpt>
      <trkpt lat="44.16856" lon="7.63312">
        <ele>2106.6</ele>
      </trkpt>
      <trkpt lat="44.16826" lon="7.63309">
        <ele>2108.1</ele>
      </trkpt>
      <trkpt lat="44.16813" lon="7.6331">
        <ele>2107.7</ele>
      </trkpt>
      <trkpt lat="44.16795" lon="7.63313">
        <ele>2106.5</ele>
      </trkpt>
      <trkpt lat="44.16763" lon="7.63308">
        <ele>2108.5</ele>
      </trkpt>
      <trkpt lat="44.16754" lon="7.6331">
        <ele>2107.8</ele>
      </trkpt>
      <trkpt lat="44.16749" lon="7.63315">
        <ele>2106.6</ele>
      </trkpt>
      <trkpt lat="44.16745" lon="7.63323">
        <ele>2106.0</ele>
      </trkpt>
      <trkpt lat="44.16743" lon="7.63335">
        <ele>2103.4</ele>
      </trkpt>
      <trkpt lat="44.16713" lon="7.63412">
        <ele>2100.3</ele>
      </trkpt>
      <trkpt lat="44.16685" lon="7.63495">
        <ele>2087.3</ele>
      </trkpt>
      <trkpt lat="44.16677" lon="7.63507">
        <ele>2086.4</ele>
      </trkpt>
      <trkpt lat="44.16666" lon="7.63514">
        <ele>2088.0</ele>
      </trkpt>
      <trkpt lat="44.16639" lon="7.6352">
        <ele>2086.2</ele>
      </trkpt>
      <trkpt lat="44.16626" lon="7.63532">
        <ele>2081.8</ele>
      </trkpt>
      <trkpt lat="44.16614" lon="7.63539">
        <ele>2079.6</ele>
      </trkpt>
      <trkpt lat="44.16601" lon="7.6354">
        <ele>2079.8</ele>
      </trkpt>
      <trkpt lat="44.16587" lon="7.63539">
        <ele>2080.8</ele>
      </trkpt>
      <trkpt lat="44.16571" lon="7.6353">
        <ele>2079.3</ele>
      </trkpt>
      <trkpt lat="44.16555" lon="7.63518">
        <ele>2077.2</ele>
      </trkpt>
      <trkpt lat="44.16544" lon="7.63504">
        <ele>2077.6</ele>
      </trkpt>
      <trkpt lat="44.16539" lon="7.6349">
        <ele>2078.6</ele>
      </trkpt>
      <trkpt lat="44.16539" lon="7.6349">
        <ele>2078.6</ele>
      </trkpt>
      <trkpt lat="44.1653" lon="7.63467">
        <ele>2078.2</ele>
      </trkpt>
      <trkpt lat="44.16525" lon="7.63444">
        <ele>2078.9</ele>
      </trkpt>
      <trkpt lat="44.16528" lon="7.63373">
        <ele>2086.0</ele>
      </trkpt>
      <trkpt lat="44.16527" lon="7.63366">
        <ele>2085.7</ele>
      </trkpt>
      <trkpt lat="44.16524" lon="7.63356">
        <ele>2084.3</ele>
      </trkpt>
      <trkpt lat="44.16516" lon="7.63332">
        <ele>2080.5</ele>
      </trkpt>
      <trkpt lat="44.16501" lon="7.63262">
        <ele>2075.9</ele>
      </trkpt>
      <trkpt lat="44.16488" lon="7.63184">
        <ele>2077.0</ele>
      </trkpt>
      <trkpt lat="44.16487" lon="7.63162">
        <ele>2078.3</ele>
      </trkpt>
      <trkpt lat="44.16485" lon="7.63148">
        <ele>2079.9</ele>
      </trkpt>
      <trkpt lat="44.16481" lon="7.63142">
        <ele>2080.0</ele>
      </trkpt>
      <trkpt lat="44.16476" lon="7.63137">
        <ele>2079.7</ele>
      </trkpt>
      <trkpt lat="44.16467" lon="7.63137">
        <ele>2078.1</ele>
      </trkpt>
      <trkpt lat="44.16463" lon="7.63138">
        <ele>2077.2</ele>
      </trkpt>
      <trkpt lat="44.16453" lon="7.63144">
        <ele>2074.5</ele>
      </trkpt>
      <trkpt lat="44.16443" lon="7.63152">
        <ele>2071.6</ele>
      </trkpt>
      <trkpt lat="44.16437" lon="7.63152">
        <ele>2070.5</ele>
      </trkpt>
      <trkpt lat="44.16429" lon="7.63149">
        <ele>2069.4</ele>
      </trkpt>
      <trkpt lat="44.16424" lon="7.63143">
        <ele>2069.2</ele>
      </trkpt>
      <trkpt lat="44.16419" lon="7.6313">
        <ele>2069.8</ele>
      </trkpt>
      <trkpt lat="44.16417" lon="7.63106">
        <ele>2072.3</ele>
      </trkpt>
      <trkpt lat="44.16413" lon="7.63092">
        <ele>2074.3</ele>
      </trkpt>
      <trkpt lat="44.16405" lon="7.63084">
        <ele>2075.8</ele>
      </trkpt>
      <trkpt lat="44.16396" lon="7.63082">
        <ele>2076.6</ele>
      </trkpt>
      <trkpt lat="44.16387" lon="7.63088">
        <ele>2076.8</ele>
      </trkpt>
      <trkpt lat="44.16384" lon="7.63094">
        <ele>2076.7</ele>
      </trkpt>
      <trkpt lat="44.16374" lon="7.6312">
        <ele>2076.4</ele>
      </trkpt>
      <trkpt lat="44.16371" lon="7.63138">
        <ele>2076.0</ele>
      </trkpt>
      <trkpt lat="44.16368" lon="7.63148">
        <ele>2076.2</ele>
      </trkpt>
      <trkpt lat="44.16365" lon="7.63149">
        <ele>2076.7</ele>
      </trkpt>
      <trkpt lat="44.16361" lon="7.63149">
        <ele>2077.4</ele>
      </trkpt>
      <trkpt lat="44.16359" lon="7.63143">
        <ele>2077.9</ele>
      </trkpt>
      <trkpt lat="44.1636" lon="7.63114">
        <ele>2078.4</ele>
      </trkpt>
      <trkpt lat="44.16356" lon="7.63036">
        <ele>2083.1</ele>
      </trkpt>
      <trkpt lat="44.16351" lon="7.62997">
        <ele>2086.7</ele>
      </trkpt>
      <trkpt lat="44.16353" lon="7.62986">
        <ele>2089.3</ele>
      </trkpt>
      <trkpt lat="44.16379" lon="7.62925">
        <ele>2100.3</ele>
      </trkpt>
      <trkpt lat="44.16384" lon="7.62909">
        <ele>2102.7</ele>
      </trkpt>
      <trkpt lat="44.1639" lon="7.62899">
        <ele>2103.3</ele>
      </trkpt>
      <trkpt lat="44.16403" lon="7.62881">
        <ele>2102.7</ele>
      </trkpt>
      <trkpt lat="44.16404" lon="7.62861">
        <ele>2104.8</ele>
      </trkpt>
      <trkpt lat="44.16403" lon="7.6285">
        <ele>2106.6</ele>
      </trkpt>
      <trkpt lat="44.16399" lon="7.62839">
        <ele>2109.9</ele>
      </trkpt>
      <trkpt lat="44.16402" lon="7.62787">
        <ele>2122.2</ele>
      </trkpt>
      <trkpt lat="44.16404" lon="7.62777">
        <ele>2123.9</ele>
      </trkpt>
      <trkpt lat="44.16413" lon="7.62765">
        <ele>2121.5</ele>
      </trkpt>
      <trkpt lat="44.16422" lon="7.62739">
        <ele>2122.2</ele>
      </trkpt>
      <trkpt lat="44.1643" lon="7.62728">
        <ele>2119.5</ele>
      </trkpt>
      <trkpt lat="44.1644" lon="7.62706">
        <ele>2118.2</ele>
      </trkpt>
      <trkpt lat="44.16451" lon="7.62684">
        <ele>2115.9</ele>
      </trkpt>
      <trkpt lat="44.16471" lon="7.62649">
        <ele>2110.9</ele>
      </trkpt>
      <trkpt lat="44.16507" lon="7.62589">
        <ele>2113.0</ele>
      </trkpt>
      <trkpt lat="44.16515" lon="7.62569">
        <ele>2111.0</ele>
      </trkpt>
      <trkpt lat="44.16526" lon="7.62528">
        <ele>2109.2</ele>
      </trkpt>
      <trkpt lat="44.16537" lon="7.62509">
        <ele>2107.5</ele>
      </trkpt>
      <trkpt lat="44.16541" lon="7.62498">
        <ele>2107.2</ele>
      </trkpt>
      <trkpt lat="44.16554" lon="7.62487">
        <ele>2101.4</ele>
      </trkpt>
      <trkpt lat="44.16568" lon="7.62479">
        <ele>2097.3</ele>
      </trkpt>
      <trkpt lat="44.16583" lon="7.62477">
        <ele>2094.3</ele>
      </trkpt>
      <trkpt lat="44.16594" lon="7.62473">
        <ele>2083.2</ele>
      </trkpt>
      <trkpt lat="44.16598" lon="7.62467">
        <ele>2079.2</ele>
      </trkpt>
      <trkpt lat="44.16598" lon="7.62463">
        <ele>2079.3</ele>
      </trkpt>
      <trkpt lat="44.16597" lon="7.6246">
        <ele>2080.3</ele>
      </trkpt>
      <trkpt lat="44.16594" lon="7.6246">
        <ele>2083.4</ele>
      </trkpt>
      <trkpt lat="44.16586" lon="7.62462">
        <ele>2091.7</ele>
      </trkpt>
      <trkpt lat="44.16577" lon="7.62466">
        <ele>2095.2</ele>
      </trkpt>
      <trkpt lat="44.16571" lon="7.62468">
        <ele>2096.0</ele>
      </trkpt>
      <trkpt lat="44.16564" lon="7.62467">
        <ele>2096.9</ele>
      </trkpt>
      <trkpt lat="44.16554" lon="7.62468">
        <ele>2098.3</ele>
      </trkpt>
      <trkpt lat="44.16545" lon="7.62472">
        <ele>2100.4</ele>
      </trkpt>
      <trkpt lat="44.16538" lon="7.62483">
        <ele>2104.3</ele>
      </trkpt>
      <trkpt lat="44.16533" lon="7.62499">
        <ele>2110.0</ele>
      </trkpt>
      <trkpt lat="44.16527" lon="7.62506">
        <ele>2111.5</ele>
      </trkpt>
      <trkpt lat="44.16518" lon="7.62515">
        <ele>2113.9</ele>
      </trkpt>
      <trkpt lat="44.16512" lon="7.6253">
        <ele>2115.2</ele>
      </trkpt>
      <trkpt lat="44.16505" lon="7.62538">
        <ele>2118.1</ele>
      </trkpt>
      <trkpt lat="44.16493" lon="7.62542">
        <ele>2121.3</ele>
      </trkpt>
      <trkpt lat="44.16482" lon="7.62543">
        <ele>2122.8</ele>
      </trkpt>
      <trkpt lat="44.16477" lon="7.62546">
        <ele>2123.7</ele>
      </trkpt>
      <trkpt lat="44.16469" lon="7.62556">
        <ele>2126.3</ele>
      </trkpt>
      <trkpt lat="44.16435" lon="7.62576">
        <ele>2139.5</ele>
      </trkpt>
      <trkpt lat="44.16423" lon="7.62581">
        <ele>2145.0</ele>
      </trkpt>
      <trkpt lat="44.16409" lon="7.62582">
        <ele>2148.3</ele>
      </trkpt>
      <trkpt lat="44.16384" lon="7.62577">
        <ele>2148.6</ele>
      </trkpt>
      <trkpt lat="44.1637" lon="7.6257">
        <ele>2145.9</ele>
      </trkpt>
      <trkpt lat="44.16345" lon="7.62563">
        <ele>2143.2</ele>
      </trkpt>
      <trkpt lat="44.16339" lon="7.62562">
        <ele>2142.9</ele>
      </trkpt>
      <trkpt lat="44.16332" lon="7.62566">
        <ele>2145.8</ele>
      </trkpt>
      <trkpt lat="44.16309" lon="7.62583">
        <ele>2156.9</ele>
      </trkpt>
      <trkpt lat="44.163" lon="7.62587">
        <ele>2158.6</ele>
      </trkpt>
      <trkpt lat="44.1628" lon="7.62591">
        <ele>2160.1</ele>
      </trkpt>
      <trkpt lat="44.16274" lon="7.62589">
        <ele>2158.9</ele>
      </trkpt>
      <trkpt lat="44.16261" lon="7.62586">
        <ele>2156.9</ele>
      </trkpt>
      <trkpt lat="44.16246" lon="7.62578">
        <ele>2150.4</ele>
      </trkpt>
      <trkpt lat="44.16232" lon="7.62579">
        <ele>2151.6</ele>
      </trkpt>
      <trkpt lat="44.16224" lon="7.62584">
        <ele>2155.7</ele>
      </trkpt>
      <trkpt lat="44.16215" lon="7.62601">
        <ele>2165.3</ele>
      </trkpt>
      <trkpt lat="44.16207" lon="7.6261">
        <ele>2170.4</ele>
      </trkpt>
      <trkpt lat="44.16202" lon="7.62612">
        <ele>2171.6</ele>
      </trkpt>
      <trkpt lat="44.16191" lon="7.62612">
        <ele>2171.6</ele>
      </trkpt>
      <trkpt lat="44.16172" lon="7.62607">
        <ele>2169.0</ele>
      </trkpt>
      <trkpt lat="44.16154" lon="7.62598">
        <ele>2161.3</ele>
      </trkpt>
      <trkpt lat="44.16135" lon="7.62581">
        <ele>2147.5</ele>
      </trkpt>
      <trkpt lat="44.16118" lon="7.62575">
        <ele>2139.8</ele>
      </trkpt>
      <trkpt lat="44.16116" lon="7.62576">
        <ele>2140.0</ele>
      </trkpt>
      <trkpt lat="44.16097" lon="7.62588">
        <ele>2143.4</ele>
      </trkpt>
      <trkpt lat="44.16083" lon="7.62604">
        <ele>2148.9</ele>
      </trkpt>
      <trkpt lat="44.16076" lon="7.62604">
        <ele>2147.4</ele>
      </trkpt>
      <trkpt lat="44.16072" lon="7.62606">
        <ele>2147.6</ele>
      </trkpt>
      <trkpt lat="44.16063" lon="7.62625">
        <ele>2155.5</ele>
      </trkpt>
      <trkpt lat="44.16057" lon="7.6263">
        <ele>2156.7</ele>
      </trkpt>
      <trkpt lat="44.16052" lon="7.6263">
        <ele>2155.6</ele>
      </trkpt>
      <trkpt lat="44.16044" lon="7.62628">
        <ele>2152.8</ele>
      </trkpt>
      <trkpt lat="44.16034" lon="7.62621">
        <ele>2147.0</ele>
      </trkpt>
      <trkpt lat="44.1603" lon="7.62621">
        <ele>2146.1</ele>
      </trkpt>
      <trkpt lat="44.16015" lon="7.62624">
        <ele>2144.3</ele>
      </trkpt>
      <trkpt lat="44.15994" lon="7.62634">
        <ele>2144.8</ele>
      </trkpt>
      <trkpt lat="44.15952" lon="7.62637">
        <ele>2138.2</ele>
      </trkpt>
      <trkpt lat="44.1592" lon="7.62636">
        <ele>2131.5</ele>
      </trkpt>
      <trkpt lat="44.159" lon="7.62633">
        <ele>2130.5</ele>
      </trkpt>
      <trkpt lat="44.15859" lon="7.62621">
        <ele>2127.4</ele>
      </trkpt>
      <trkpt lat="44.1585" lon="7.62615">
        <ele>2124.8</ele>
      </trkpt>
      <trkpt lat="44.15831" lon="7.62613">
        <ele>2125.2</ele>
      </trkpt>
      <trkpt lat="44.1582" lon="7.62609">
        <ele>2124.2</ele>
      </trkpt>
      <trkpt lat="44.15768" lon="7.62556">
        <ele>2104.3</ele>
      </trkpt>
      <trkpt lat="44.15757" lon="7.62546">
        <ele>2100.7</ele>
      </trkpt>
      <trkpt lat="44.15714" lon="7.62521">
        <ele>2086.2</ele>
      </trkpt>
      <trkpt lat="44.15696" lon="7.62523">
        <ele>2085.8</ele>
      </trkpt>
      <trkpt lat="44.15674" lon="7.62514">
        <ele>2081.8</ele>
      </trkpt>
      <trkpt lat="44.15664" lon="7.62509">
        <ele>2080.2</ele>
      </trkpt>
      <trkpt lat="44.15659" lon="7.62508">
        <ele>2080.0</ele>
      </trkpt>
      <trkpt lat="44.15643" lon="7.62507">
        <ele>2079.8</ele>
      </trkpt>
      <trkpt lat="44.1563" lon="7.625">
        <ele>2079.3</ele>
      </trkpt>
      <trkpt lat="44.15618" lon="7.62497">
        <ele>2078.6</ele>
      </trkpt>
      <trkpt lat="44.15605" lon="7.62486">
        <ele>2075.1</ele>
      </trkpt>
      <trkpt lat="44.15583" lon="7.62473">
        <ele>2072.9</ele>
      </trkpt>
      <trkpt lat="44.15566" lon="7.6245">
        <ele>2065.7</ele>
      </trkpt>
      <trkpt lat="44.15554" lon="7.62442">
        <ele>2064.4</ele>
      </trkpt>
      <trkpt lat="44.15536" lon="7.6242">
        <ele>2064.1</ele>
      </trkpt>
      <trkpt lat="44.15529" lon="7.62408">
        <ele>2064.5</ele>
      </trkpt>
      <trkpt lat="44.15523" lon="7.62401">
        <ele>2065.4</ele>
      </trkpt>
      <trkpt lat="44.15498" lon="7.62337">
        <ele>2075.8</ele>
      </trkpt>
      <trkpt lat="44.15493" lon="7.62317">
        <ele>2080.1</ele>
      </trkpt>
      <trkpt lat="44.15494" lon="7.62307">
        <ele>2080.4</ele>
      </trkpt>
      <trkpt lat="44.1551" lon="7.62274">
        <ele>2072.0</ele>
      </trkpt>
      <trkpt lat="44.15514" lon="7.62263">
        <ele>2069.5</ele>
      </trkpt>
      <trkpt lat="44.15519" lon="7.6225">
        <ele>2065.9</ele>
      </trkpt>
      <trkpt lat="44.15526" lon="7.62242">
        <ele>2059.5</ele>
      </trkpt>
      <trkpt lat="44.15542" lon="7.62228">
        <ele>2045.4</ele>
      </trkpt>
      <trkpt lat="44.15547" lon="7.62221">
        <ele>2040.7</ele>
      </trkpt>
      <trkpt lat="44.15549" lon="7.62214">
        <ele>2038.4</ele>
      </trkpt>
      <trkpt lat="44.15548" lon="7.62208">
        <ele>2038.6</ele>
      </trkpt>
      <trkpt lat="44.15546" lon="7.62204">
        <ele>2039.7</ele>
      </trkpt>
      <trkpt lat="44.15535" lon="7.62194">
        <ele>2047.0</ele>
      </trkpt>
      <trkpt lat="44.15528" lon="7.62184">
        <ele>2051.2</ele>
      </trkpt>
      <trkpt lat="44.15523" lon="7.62175">
        <ele>2053.9</ele>
      </trkpt>
      <trkpt lat="44.15521" lon="7.62155">
        <ele>2052.0</ele>
      </trkpt>
      <trkpt lat="44.15517" lon="7.62135">
        <ele>2050.7</ele>
      </trkpt>
      <trkpt lat="44.15513" lon="7.62127">
        <ele>2052.0</ele>
      </trkpt>
      <trkpt lat="44.15513" lon="7.62127">
        <ele>2052.0</ele>
      </trkpt>
      <trkpt lat="44.15503" lon="7.62105">
        <ele>2054.5</ele>
      </trkpt>
      <trkpt lat="44.15491" lon="7.62062">
        <ele>2053.2</ele>
      </trkpt>
      <trkpt lat="44.15484" lon="7.62048">
        <ele>2053.8</ele>
      </trkpt>
      <trkpt lat="44.15467" lon="7.62022">
        <ele>2055.2</ele>
      </trkpt>
      <trkpt lat="44.15443" lon="7.61973">
        <ele>2053.0</ele>
      </trkpt>
      <trkpt lat="44.15434" lon="7.61957">
        <ele>2052.7</ele>
      </trkpt>
      <trkpt lat="44.15424" lon="7.61946">
        <ele>2052.6</ele>
      </trkpt>
      <trkpt lat="44.15415" lon="7.61943">
        <ele>2053.9</ele>
      </trkpt>
      <trkpt lat="44.15382" lon="7.61946">
        <ele>2062.4</ele>
      </trkpt>
      <trkpt lat="44.15368" lon="7.61943">
        <ele>2064.3</ele>
      </trkpt>
      <trkpt lat="44.15339" lon="7.61943">
        <ele>2070.7</ele>
      </trkpt>
      <trkpt lat="44.15311" lon="7.61937">
        <ele>2073.4</ele>
      </trkpt>
      <trkpt lat="44.15262" lon="7.61917">
        <ele>2073.7</ele>
      </trkpt>
      <trkpt lat="44.15236" lon="7.61901">
        <ele>2079.0</ele>
      </trkpt>
      <trkpt lat="44.15216" lon="7.61878">
        <ele>2082.3</ele>
      </trkpt>
      <trkpt lat="44.15206" lon="7.61859">
        <ele>2081.4</ele>
      </trkpt>
      <trkpt lat="44.15198" lon="7.61832">
        <ele>2077.3</ele>
      </trkpt>
      <trkpt lat="44.15178" lon="7.618">
        <ele>2081.8</ele>
      </trkpt>
      <trkpt lat="44.15155" lon="7.61746">
        <ele>2085.9</ele>
      </trkpt>
      <trkpt lat="44.1515" lon="7.61723">
        <ele>2088.6</ele>
      </trkpt>
      <trkpt lat="44.15146" lon="7.6167">
        <ele>2090.4</ele>
      </trkpt>
      <trkpt lat="44.15152" lon="7.6165">
        <ele>2089.8</ele>
      </trkpt>
      <trkpt lat="44.15152" lon="7.61644">
        <ele>2090.3</ele>
      </trkpt>
      <trkpt lat="44.1515" lon="7.61624">
        <ele>2092.8</ele>
      </trkpt>
      <trkpt lat="44.1515" lon="7.61618">
        <ele>2093.3</ele>
      </trkpt>
      <trkpt lat="44.15152" lon="7.61613">
        <ele>2093.1</ele>
      </trkpt>
      <trkpt lat="44.15162" lon="7.61606">
        <ele>2090.4</ele>
      </trkpt>
      <trkpt lat="44.15168" lon="7.61598">
        <ele>2089.3</ele>
      </trkpt>
      <trkpt lat="44.15171" lon="7.61583">
        <ele>2090.3</ele>
      </trkpt>
      <trkpt lat="44.15174" lon="7.61572">
        <ele>2091.1</ele>
      </trkpt>
      <trkpt lat="44.15179" lon="7.61563">
        <ele>2091.3</ele>
      </trkpt>
      <trkpt lat="44.15181" lon="7.61556">
        <ele>2091.8</ele>
      </trkpt>
      <trkpt lat="44.15182" lon="7.61549">
        <ele>2092.5</ele>
      </trkpt>
      <trkpt lat="44.15181" lon="7.61541">
        <ele>2093.7</ele>
      </trkpt>
      <trkpt lat="44.15179" lon="7.61527">
        <ele>2095.7</ele>
      </trkpt>
      <trkpt lat="44.15178" lon="7.61509">
        <ele>2098.1</ele>
      </trkpt>
      <trkpt lat="44.1518" lon="7.61489">
        <ele>2101.2</ele>
      </trkpt>
      <trkpt lat="44.15182" lon="7.61477">
        <ele>2103.3</ele>
      </trkpt>
      <trkpt lat="44.15185" lon="7.61472">
        <ele>2104.0</ele>
      </trkpt>
      <trkpt lat="44.1519" lon="7.61466">
        <ele>2104.6</ele>
      </trkpt>
      <trkpt lat="44.15204" lon="7.61452">
        <ele>2105.9</ele>
      </trkpt>
      <trkpt lat="44.15214" lon="7.61443">
        <ele>2106.9</ele>
      </trkpt>
      <trkpt lat="44.15228" lon="7.61441">
        <ele>2105.9</ele>
      </trkpt>
      <trkpt lat="44.15238" lon="7.61442">
        <ele>2104.6</ele>
      </trkpt>
      <trkpt lat="44.15249" lon="7.6145">
        <ele>2101.3</ele>
      </trkpt>
      <trkpt lat="44.1527" lon="7.61484">
        <ele>2089.4</ele>
      </trkpt>
      <trkpt lat="44.15277" lon="7.61489">
        <ele>2086.9</ele>
      </trkpt>
      <trkpt lat="44.15286" lon="7.61489">
        <ele>2085.6</ele>
      </trkpt>
      <trkpt lat="44.15296" lon="7.61481">
        <ele>2086.6</ele>
      </trkpt>
      <trkpt lat="44.15304" lon="7.61464">
        <ele>2090.8</ele>
      </trkpt>
      <trkpt lat="44.15311" lon="7.61452">
        <ele>2093.7</ele>
      </trkpt>
      <trkpt lat="44.15315" lon="7.61444">
        <ele>2095.8</ele>
      </trkpt>
      <trkpt lat="44.15317" lon="7.61433">
        <ele>2099.1</ele>
      </trkpt>
      <trkpt lat="44.15321" lon="7.61427">
        <ele>2100.7</ele>
      </trkpt>
      <trkpt lat="44.15327" lon="7.61423">
        <ele>2101.4</ele>
      </trkpt>
      <trkpt lat="44.15346" lon="7.61419">
        <ele>2097.7</ele>
      </trkpt>
      <trkpt lat="44.15363" lon="7.61417">
        <ele>2092.2</ele>
      </trkpt>
      <trkpt lat="44.15377" lon="7.61406">
        <ele>2091.1</ele>
      </trkpt>
      <trkpt lat="44.15392" lon="7.61384">
        <ele>2093.8</ele>
      </trkpt>
      <trkpt lat="44.15402" lon="7.61365">
        <ele>2097.3</ele>
      </trkpt>
      <trkpt lat="44.15411" lon="7.61345">
        <ele>2101.6</ele>
      </trkpt>
      <trkpt lat="44.15418" lon="7.61322">
        <ele>2104.3</ele>
      </trkpt>
      <trkpt lat="44.15445" lon="7.61279">
        <ele>2098.8</ele>
      </trkpt>
      <trkpt lat="44.15457" lon="7.61268">
        <ele>2096.2</ele>
      </trkpt>
      <trkpt lat="44.15465" lon="7.61256">
        <ele>2095.3</ele>
      </trkpt>
      <trkpt lat="44.15466" lon="7.6125">
        <ele>2095.8</ele>
      </trkpt>
      <trkpt lat="44.15464" lon="7.61243">
        <ele>2094.7</ele>
      </trkpt>
      <trkpt lat="44.15452" lon="7.61227">
        <ele>2094.0</ele>
      </trkpt>
      <trkpt lat="44.15436" lon="7.61214">
        <ele>2094.8</ele>
      </trkpt>
      <trkpt lat="44.15404" lon="7.61201">
        <ele>2099.1</ele>
      </trkpt>
      <trkpt lat="44.15377" lon="7.61193">
        <ele>2103.4</ele>
      </trkpt>
      <trkpt lat="44.15352" lon="7.61183">
        <ele>2106.2</ele>
      </trkpt>
      <trkpt lat="44.15325" lon="7.61169">
        <ele>2109.9</ele>
      </trkpt>
      <trkpt lat="44.15306" lon="7.61148">
        <ele>2111.8</ele>
      </trkpt>
      <trkpt lat="44.15292" lon="7.61138">
        <ele>2115.2</ele>
      </trkpt>
      <trkpt lat="44.15282" lon="7.61128">
        <ele>2116.6</ele>
      </trkpt>
      <trkpt lat="44.15247" lon="7.611">
        <ele>2124.3</ele>
      </trkpt>
      <trkpt lat="44.15236" lon="7.61086">
        <ele>2124.8</ele>
      </trkpt>
      <trkpt lat="44.1523" lon="7.61072">
        <ele>2123.3</ele>
      </trkpt>
      <trkpt lat="44.15217" lon="7.61031">
        <ele>2116.7</ele>
      </trkpt>
      <trkpt lat="44.15207" lon="7.60988">
        <ele>2110.5</ele>
      </trkpt>
      <trkpt lat="44.152" lon="7.60977">
        <ele>2112.8</ele>
      </trkpt>
      <trkpt lat="44.1518" lon="7.60952">
        <ele>2119.7</ele>
      </trkpt>
      <trkpt lat="44.15165" lon="7.60926">
        <ele>2123.9</ele>
      </trkpt>
      <trkpt lat="44.15162" lon="7.60917">
        <ele>2124.7</ele>
      </trkpt>
      <trkpt lat="44.15159" lon="7.60907">
        <ele>2125.0</ele>
      </trkpt>
      <trkpt lat="44.1515" lon="7.60829">
        <ele>2119.5</ele>
      </trkpt>
      <trkpt lat="44.15142" lon="7.60787">
        <ele>2121.3</ele>
      </trkpt>
      <trkpt lat="44.15142" lon="7.60775">
        <ele>2120.6</ele>
      </trkpt>
      <trkpt lat="44.15143" lon="7.6076">
        <ele>2119.1</ele>
      </trkpt>
      <trkpt lat="44.15142" lon="7.6073">
        <ele>2119.9</ele>
      </trkpt>
      <trkpt lat="44.15143" lon="7.60722">
        <ele>2119.7</ele>
      </trkpt>
      <trkpt lat="44.15148" lon="7.60707">
        <ele>2117.4</ele>
      </trkpt>
      <trkpt lat="44.1515" lon="7.60698">
        <ele>2116.7</ele>
      </trkpt>
      <trkpt lat="44.15149" lon="7.60682">
        <ele>2118.0</ele>
      </trkpt>
      <trkpt lat="44.15141" lon="7.60633">
        <ele>2124.8</ele>
      </trkpt>
      <trkpt lat="44.15139" lon="7.60617">
        <ele>2126.6</ele>
      </trkpt>
      <trkpt lat="44.1514" lon="7.60608">
        <ele>2126.5</ele>
      </trkpt>
      <trkpt lat="44.15146" lon="7.60595">
        <ele>2123.8</ele>
      </trkpt>
      <trkpt lat="44.15154" lon="7.60553">
        <ele>2124.3</ele>
      </trkpt>
      <trkpt lat="44.15158" lon="7.60544">
        <ele>2123.5</ele>
      </trkpt>
      <trkpt lat="44.15175" lon="7.60518">
        <ele>2119.3</ele>
      </trkpt>
      <trkpt lat="44.15181" lon="7.60505">
        <ele>2118.3</ele>
      </trkpt>
      <trkpt lat="44.15189" lon="7.60475">
        <ele>2118.6</ele>
      </trkpt>
      <trkpt lat="44.15196" lon="7.60438">
        <ele>2120.1</ele>
      </trkpt>
      <trkpt lat="44.15198" lon="7.60418">
        <ele>2121.8</ele>
      </trkpt>
      <trkpt lat="44.15199" lon="7.60391">
        <ele>2125.1</ele>
      </trkpt>
      <trkpt lat="44.15201" lon="7.60365">
        <ele>2127.6</ele>
      </trkpt>
      <trkpt lat="44.15224" lon="7.60261">
        <ele>2123.8</ele>
      </trkpt>
      <trkpt lat="44.15225" lon="7.60241">
        <ele>2125.4</ele>
      </trkpt>
      <trkpt lat="44.15222" lon="7.60222">
        <ele>2130.2</ele>
      </trkpt>
      <trkpt lat="44.15227" lon="7.60172">
        <ele>2134.0</ele>
      </trkpt>
      <trkpt lat="44.15234" lon="7.60145">
        <ele>2134.5</ele>
      </trkpt>
      <trkpt lat="44.15238" lon="7.60113">
        <ele>2138.5</ele>
      </trkpt>
      <trkpt lat="44.15255" lon="7.60082">
        <ele>2135.2</ele>
      </trkpt>
      <trkpt lat="44.15263" lon="7.60057">
        <ele>2137.7</ele>
      </trkpt>
      <trkpt lat="44.15271" lon="7.6004">
        <ele>2138.6</ele>
      </trkpt>
      <trkpt lat="44.15288" lon="7.60022">
        <ele>2136.4</ele>
      </trkpt>
      <trkpt lat="44.15298" lon="7.60005">
        <ele>2136.9</ele>
      </trkpt>
      <trkpt lat="44.15308" lon="7.59993">
        <ele>2136.9</ele>
      </trkpt>
      <trkpt lat="44.15341" lon="7.59964">
        <ele>2136.4</ele>
      </trkpt>
      <trkpt lat="44.1535" lon="7.59958">
        <ele>2137.1</ele>
      </trkpt>
      <trkpt lat="44.15361" lon="7.59955">
        <ele>2136.4</ele>
      </trkpt>
      <trkpt lat="44.1537" lon="7.5995">
        <ele>2136.5</ele>
      </trkpt>
      <trkpt lat="44.15383" lon="7.59928">
        <ele>2140.6</ele>
      </trkpt>
      <trkpt lat="44.15399" lon="7.59911">
        <ele>2141.6</ele>
      </trkpt>
      <trkpt lat="44.15409" lon="7.59895">
        <ele>2142.2</ele>
      </trkpt>
      <trkpt lat="44.15413" lon="7.59892">
        <ele>2141.7</ele>
      </trkpt>
      <trkpt lat="44.15417" lon="7.59891">
        <ele>2141.0</ele>
      </trkpt>
      <trkpt lat="44.15424" lon="7.59895">
        <ele>2140.1</ele>
      </trkpt>
      <trkpt lat="44.15435" lon="7.59907">
        <ele>2138.3</ele>
      </trkpt>
      <trkpt lat="44.15445" lon="7.59915">
        <ele>2137.2</ele>
      </trkpt>
      <trkpt lat="44.15453" lon="7.59917">
        <ele>2136.9</ele>
      </trkpt>
      <trkpt lat="44.15482" lon="7.59906">
        <ele>2137.7</ele>
      </trkpt>
      <trkpt lat="44.15514" lon="7.59903">
        <ele>2137.6</ele>
      </trkpt>
      <trkpt lat="44.15528" lon="7.59899">
        <ele>2137.4</ele>
      </trkpt>
      <trkpt lat="44.15544" lon="7.59889">
        <ele>2136.3</ele>
      </trkpt>
      <trkpt lat="44.15554" lon="7.59884">
        <ele>2135.2</ele>
      </trkpt>
      <trkpt lat="44.15557" lon="7.59881">
        <ele>2134.6</ele>
      </trkpt>
      <trkpt lat="44.15559" lon="7.59878">
        <ele>2134.0</ele>
      </trkpt>
      <trkpt lat="44.15559" lon="7.59874">
        <ele>2133.4</ele>
      </trkpt>
      <trkpt lat="44.1555" lon="7.59848">
        <ele>2131.0</ele>
      </trkpt>
      <trkpt lat="44.1554" lon="7.59828">
        <ele>2129.2</ele>
      </trkpt>
      <trkpt lat="44.15536" lon="7.5982">
        <ele>2126.9</ele>
      </trkpt>
      <trkpt lat="44.15527" lon="7.59814">
        <ele>2126.5</ele>
      </trkpt>
      <trkpt lat="44.1552" lon="7.59806">
        <ele>2124.9</ele>
      </trkpt>
      <trkpt lat="44.15514" lon="7.59796">
        <ele>2122.4</ele>
      </trkpt>
      <trkpt lat="44.15506" lon="7.59773">
        <ele>2115.4</ele>
      </trkpt>
      <trkpt lat="44.155" lon="7.59762">
        <ele>2112.6</ele>
      </trkpt>
      <trkpt lat="44.155" lon="7.59758">
        <ele>2111.1</ele>
      </trkpt>
      <trkpt lat="44.15503" lon="7.59754">
        <ele>2108.8</ele>
      </trkpt>
      <trkpt lat="44.15504" lon="7.59753">
        <ele>2108.1</ele>
      </trkpt>
      <trkpt lat="44.15508" lon="7.59754">
        <ele>2107.5</ele>
      </trkpt>
      <trkpt lat="44.15509" lon="7.59755">
        <ele>2107.7</ele>
      </trkpt>
      <trkpt lat="44.15517" lon="7.59777">
        <ele>2114.3</ele>
      </trkpt>
      <trkpt lat="44.15523" lon="7.59789">
        <ele>2117.6</ele>
      </trkpt>
      <trkpt lat="44.15526" lon="7.59793">
        <ele>2118.4</ele>
      </trkpt>
      <trkpt lat="44.15531" lon="7.59796">
        <ele>2118.5</ele>
      </trkpt>
      <trkpt lat="44.15545" lon="7.59799">
        <ele>2116.4</ele>
      </trkpt>
      <trkpt lat="44.15552" lon="7.59805">
        <ele>2117.3</ele>
      </trkpt>
      <trkpt lat="44.15577" lon="7.59832">
        <ele>2122.8</ele>
      </trkpt>
      <trkpt lat="44.1558" lon="7.59834">
        <ele>2122.9</ele>
      </trkpt>
      <trkpt lat="44.15584" lon="7.59834">
        <ele>2122.1</ele>
      </trkpt>
      <trkpt lat="44.15588" lon="7.59833">
        <ele>2121.3</ele>
      </trkpt>
      <trkpt lat="44.15605" lon="7.59815">
        <ele>2110.8</ele>
      </trkpt>
      <trkpt lat="44.15614" lon="7.59814">
        <ele>2108.9</ele>
      </trkpt>
      <trkpt lat="44.15628" lon="7.59814">
        <ele>2106.7</ele>
      </trkpt>
      <trkpt lat="44.15635" lon="7.59817">
        <ele>2107.1</ele>
      </trkpt>
      <trkpt lat="44.15663" lon="7.59834">
        <ele>2112.8</ele>
      </trkpt>
      <trkpt lat="44.15701" lon="7.5985">
        <ele>2113.7</ele>
      </trkpt>
      <trkpt lat="44.15714" lon="7.59851">
        <ele>2111.8</ele>
      </trkpt>
      <trkpt lat="44.15727" lon="7.5985">
        <ele>2108.8</ele>
      </trkpt>
      <trkpt lat="44.15733" lon="7.59847">
        <ele>2106.0</ele>
      </trkpt>
      <trkpt lat="44.15738" lon="7.59847">
        <ele>2105.0</ele>
      </trkpt>
      <trkpt lat="44.15745" lon="7.59843">
        <ele>2101.4</ele>
      </trkpt>
      <trkpt lat="44.15754" lon="7.59841">
        <ele>2100.0</ele>
      </trkpt>
      <trkpt lat="44.15759" lon="7.59838">
        <ele>2099.2</ele>
      </trkpt>
      <trkpt lat="44.15761" lon="7.59835">
        <ele>2097.8</ele>
      </trkpt>
      <trkpt lat="44.1576" lon="7.59832">
        <ele>2096.0</ele>
      </trkpt>
      <trkpt lat="44.15758" lon="7.5983">
        <ele>2094.7</ele>
      </trkpt>
      <trkpt lat="44.15752" lon="7.59831">
        <ele>2094.2</ele>
      </trkpt>
      <trkpt lat="44.15744" lon="7.59834">
        <ele>2096.6</ele>
      </trkpt>
      <trkpt lat="44.15734" lon="7.59837">
        <ele>2100.3</ele>
      </trkpt>
      <trkpt lat="44.15717" lon="7.59835">
        <ele>2102.6</ele>
      </trkpt>
      <trkpt lat="44.15695" lon="7.59822">
        <ele>2099.8</ele>
      </trkpt>
      <trkpt lat="44.15666" lon="7.59792">
        <ele>2087.3</ele>
      </trkpt>
      <trkpt lat="44.15656" lon="7.59777">
        <ele>2080.8</ele>
      </trkpt>
      <trkpt lat="44.15641" lon="7.59757">
        <ele>2073.5</ele>
      </trkpt>
      <trkpt lat="44.15618" lon="7.59735">
        <ele>2072.0</ele>
      </trkpt>
      <trkpt lat="44.15611" lon="7.59725">
        <ele>2070.9</ele>
      </trkpt>
      <trkpt lat="44.15606" lon="7.59723">
        <ele>2071.7</ele>
      </trkpt>
      <trkpt lat="44.15594" lon="7.59727">
        <ele>2076.5</ele>
      </trkpt>
      <trkpt lat="44.1559" lon="7.59726">
        <ele>2077.3</ele>
      </trkpt>
      <trkpt lat="44.15586" lon="7.59715">
        <ele>2074.9</ele>
      </trkpt>
      <trkpt lat="44.15586" lon="7.59701">
        <ele>2070.4</ele>
      </trkpt>
      <trkpt lat="44.15586" lon="7.59691">
        <ele>2067.2</ele>
      </trkpt>
      <trkpt lat="44.1559" lon="7.59676">
        <ele>2061.2</ele>
      </trkpt>
      <trkpt lat="44.1559" lon="7.59667">
        <ele>2058.3</ele>
      </trkpt>
      <trkpt lat="44.15589" lon="7.59661">
        <ele>2057.3</ele>
      </trkpt>
      <trkpt lat="44.15587" lon="7.5965">
        <ele>2055.5</ele>
      </trkpt>
      <trkpt lat="44.15584" lon="7.59645">
        <ele>2055.2</ele>
      </trkpt>
      <trkpt lat="44.15579" lon="7.59638">
        <ele>2054.2</ele>
      </trkpt>
      <trkpt lat="44.15567" lon="7.59625">
        <ele>2052.1</ele>
      </trkpt>
      <trkpt lat="44.15565" lon="7.59618">
        <ele>2050.3</ele>
      </trkpt>
      <trkpt lat="44.15565" lon="7.5961">
        <ele>2048.2</ele>
      </trkpt>
      <trkpt lat="44.15568" lon="7.59598">
        <ele>2045.1</ele>
      </trkpt>
      <trkpt lat="44.15588" lon="7.59546">
        <ele>2036.7</ele>
      </trkpt>
      <trkpt lat="44.15591" lon="7.59528">
        <ele>2034.3</ele>
      </trkpt>
      <trkpt lat="44.1559" lon="7.59507">
        <ele>2031.8</ele>
      </trkpt>
      <trkpt lat="44.15594" lon="7.59499">
        <ele>2030.8</ele>
      </trkpt>
      <trkpt lat="44.15597" lon="7.595">
        <ele>2031.0</ele>
      </trkpt>
      <trkpt lat="44.15602" lon="7.59507">
        <ele>2031.7</ele>
      </trkpt>
      <trkpt lat="44.15607" lon="7.5952">
        <ele>2032.8</ele>
      </trkpt>
      <trkpt lat="44.15619" lon="7.59531">
        <ele>2033.0</ele>
      </trkpt>
      <trkpt lat="44.15631" lon="7.59534">
        <ele>2032.5</ele>
      </trkpt>
      <trkpt lat="44.15643" lon="7.59531">
        <ele>2031.6</ele>
      </trkpt>
      <trkpt lat="44.15692" lon="7.59506">
        <ele>2025.8</ele>
      </trkpt>
      <trkpt lat="44.15714" lon="7.59504">
        <ele>2021.3</ele>
      </trkpt>
      <trkpt lat="44.15723" lon="7.59511">
        <ele>2019.5</ele>
      </trkpt>
      <trkpt lat="44.15726" lon="7.59517">
        <ele>2018.9</ele>
      </trkpt>
      <trkpt lat="44.15726" lon="7.59524">
        <ele>2018.9</ele>
      </trkpt>
      <trkpt lat="44.15717" lon="7.59543">
        <ele>2020.6</ele>
      </trkpt>
      <trkpt lat="44.15718" lon="7.59549">
        <ele>2020.4</ele>
      </trkpt>
      <trkpt lat="44.15721" lon="7.59552">
        <ele>2019.9</ele>
      </trkpt>
      <trkpt lat="44.15726" lon="7.5955">
        <ele>2019.0</ele>
      </trkpt>
      <trkpt lat="44.1575" lon="7.59512">
        <ele>2014.1</ele>
      </trkpt>
      <trkpt lat="44.15763" lon="7.5948">
        <ele>2010.3</ele>
      </trkpt>
      <trkpt lat="44.15763" lon="7.5948">
        <ele>2010.3</ele>
      </trkpt>
      <trkpt lat="44.15767" lon="7.59471">
        <ele>2008.9</ele>
      </trkpt>
      <trkpt lat="44.15771" lon="7.59451">
        <ele>2007.0</ele>
      </trkpt>
      <trkpt lat="44.15773" lon="7.59408">
        <ele>2004.1</ele>
      </trkpt>
      <trkpt lat="44.15773" lon="7.59386">
        <ele>2002.8</ele>
      </trkpt>
      <trkpt lat="44.15775" lon="7.59312">
        <ele>1996.5</ele>
      </trkpt>
      <trkpt lat="44.1578" lon="7.59291">
        <ele>1992.5</ele>
      </trkpt>
      <trkpt lat="44.15826" lon="7.59224">
        <ele>1973.1</ele>
      </trkpt>
      <trkpt lat="44.15871" lon="7.59157">
        <ele>1960.1</ele>
      </trkpt>
      <trkpt lat="44.15922" lon="7.59113">
        <ele>1955.8</ele>
      </trkpt>
      <trkpt lat="44.15939" lon="7.59117">
        <ele>1952.6</ele>
      </trkpt>
      <trkpt lat="44.15966" lon="7.59106">
        <ele>1948.4</ele>
      </trkpt>
      <trkpt lat="44.15982" lon="7.59098">
        <ele>1946.6</ele>
      </trkpt>
      <trkpt lat="44.15988" lon="7.5909">
        <ele>1946.6</ele>
      </trkpt>
      <trkpt lat="44.15989" lon="7.5908">
        <ele>1946.7</ele>
      </trkpt>
      <trkpt lat="44.15988" lon="7.59074">
        <ele>1945.7</ele>
      </trkpt>
      <trkpt lat="44.15983" lon="7.59067">
        <ele>1944.7</ele>
      </trkpt>
      <trkpt lat="44.1596" lon="7.5905">
        <ele>1942.0</ele>
      </trkpt>
      <trkpt lat="44.15946" lon="7.59041">
        <ele>1939.6</ele>
      </trkpt>
      <trkpt lat="44.15939" lon="7.59044">
        <ele>1940.6</ele>
      </trkpt>
      <trkpt lat="44.15911" lon="7.5907">
        <ele>1949.2</ele>
      </trkpt>
      <trkpt lat="44.15882" lon="7.59092">
        <ele>1947.6</ele>
      </trkpt>
      <trkpt lat="44.15863" lon="7.591">
        <ele>1945.1</ele>
      </trkpt>
      <trkpt lat="44.15807" lon="7.59111">
        <ele>1937.0</ele>
      </trkpt>
      <trkpt lat="44.15794" lon="7.59119">
        <ele>1937.7</ele>
      </trkpt>
      <trkpt lat="44.15761" lon="7.59142">
        <ele>1942.4</ele>
      </trkpt>
      <trkpt lat="44.15727" lon="7.59157">
        <ele>1941.8</ele>
      </trkpt>
      <trkpt lat="44.15704" lon="7.59158">
        <ele>1935.4</ele>
      </trkpt>
      <trkpt lat="44.15678" lon="7.59168">
        <ele>1932.1</ele>
      </trkpt>
      <trkpt lat="44.15665" lon="7.59181">
        <ele>1933.9</ele>
      </trkpt>
      <trkpt lat="44.15652" lon="7.59189">
        <ele>1935.0</ele>
      </trkpt>
      <trkpt lat="44.1564" lon="7.592">
        <ele>1937.5</ele>
      </trkpt>
      <trkpt lat="44.15629" lon="7.59204">
        <ele>1937.2</ele>
      </trkpt>
      <trkpt lat="44.15615" lon="7.59201">
        <ele>1933.4</ele>
      </trkpt>
      <trkpt lat="44.15599" lon="7.59193">
        <ele>1927.2</ele>
      </trkpt>
      <trkpt lat="44.15579" lon="7.59193">
        <ele>1924.1</ele>
      </trkpt>
      <trkpt lat="44.15553" lon="7.59175">
        <ele>1915.8</ele>
      </trkpt>
      <trkpt lat="44.15543" lon="7.59175">
        <ele>1915.3</ele>
      </trkpt>
      <trkpt lat="44.15517" lon="7.59191">
        <ele>1918.5</ele>
      </trkpt>
      <trkpt lat="44.15503" lon="7.5919">
        <ele>1917.1</ele>
      </trkpt>
      <trkpt lat="44.15495" lon="7.59181">
        <ele>1916.9</ele>
      </trkpt>
      <trkpt lat="44.15478" lon="7.59127">
        <ele>1912.2</ele>
      </trkpt>
      <trkpt lat="44.15435" lon="7.59086">
        <ele>1922.9</ele>
      </trkpt>
      <trkpt lat="44.15427" lon="7.59073">
        <ele>1924.9</ele>
      </trkpt>
      <trkpt lat="44.15428" lon="7.59052">
        <ele>1922.1</ele>
      </trkpt>
      <trkpt lat="44.15428" lon="7.59038">
        <ele>1920.6</ele>
      </trkpt>
      <trkpt lat="44.15416" lon="7.59012">
        <ele>1924.6</ele>
      </trkpt>
      <trkpt lat="44.15419" lon="7.58983">
        <ele>1920.6</ele>
      </trkpt>
      <trkpt lat="44.15407" lon="7.58934">
        <ele>1924.8</ele>
      </trkpt>
      <trkpt lat="44.15402" lon="7.58908">
        <ele>1925.3</ele>
      </trkpt>
      <trkpt lat="44.15403" lon="7.5889">
        <ele>1922.6</ele>
      </trkpt>
      <trkpt lat="44.15403" lon="7.58874">
        <ele>1920.7</ele>
      </trkpt>
      <trkpt lat="44.15399" lon="7.58856">
        <ele>1921.0</ele>
      </trkpt>
      <trkpt lat="44.15385" lon="7.58827">
        <ele>1925.6</ele>
      </trkpt>
      <trkpt lat="44.15379" lon="7.58787">
        <ele>1923.5</ele>
      </trkpt>
      <trkpt lat="44.15379" lon="7.58787">
        <ele>1923.5</ele>
      </trkpt>
      <trkpt lat="44.15376" lon="7.58763">
        <ele>1922.1</ele>
      </trkpt>
      <trkpt lat="44.15363" lon="7.58726">
        <ele>1924.9</ele>
      </trkpt>
      <trkpt lat="44.15353" lon="7.5867">
        <ele>1921.5</ele>
      </trkpt>
      <trkpt lat="44.15335" lon="7.58615">
        <ele>1919.9</ele>
      </trkpt>
      <trkpt lat="44.15315" lon="7.58532">
        <ele>1914.3</ele>
      </trkpt>
      <trkpt lat="44.15303" lon="7.58499">
        <ele>1917.1</ele>
      </trkpt>
      <trkpt lat="44.15294" lon="7.58463">
        <ele>1922.2</ele>
      </trkpt>
      <trkpt lat="44.15302" lon="7.58396">
        <ele>1914.7</ele>
      </trkpt>
      <trkpt lat="44.153" lon="7.58373">
        <ele>1916.8</ele>
      </trkpt>
      <trkpt lat="44.15314" lon="7.58314">
        <ele>1908.2</ele>
      </trkpt>
      <trkpt lat="44.15325" lon="7.58288">
        <ele>1900.9</ele>
      </trkpt>
      <trkpt lat="44.1534" lon="7.58261">
        <ele>1893.5</ele>
      </trkpt>
      <trkpt lat="44.15338" lon="7.58246">
        <ele>1893.6</ele>
      </trkpt>
      <trkpt lat="44.15318" lon="7.58197">
        <ele>1895.4</ele>
      </trkpt>
      <trkpt lat="44.1531" lon="7.58176">
        <ele>1895.8</ele>
      </trkpt>
      <trkpt lat="44.15306" lon="7.58149">
        <ele>1891.7</ele>
      </trkpt>
      <trkpt lat="44.15262" lon="7.58071">
        <ele>1890.5</ele>
      </trkpt>
      <trkpt lat="44.15253" lon="7.58044">
        <ele>1890.1</ele>
      </trkpt>
      <trkpt lat="44.15253" lon="7.58044">
        <ele>1890.1</ele>
      </trkpt>
      <trkpt lat="44.15247" lon="7.58027">
        <ele>1889.2</ele>
      </trkpt>
      <trkpt lat="44.15242" lon="7.57992">
        <ele>1884.9</ele>
      </trkpt>
      <trkpt lat="44.15237" lon="7.57924">
        <ele>1879.3</ele>
      </trkpt>
      <trkpt lat="44.15236" lon="7.5789">
        <ele>1878.0</ele>
      </trkpt>
      <trkpt lat="44.15246" lon="7.57836">
        <ele>1879.0</ele>
      </trkpt>
      <trkpt lat="44.15258" lon="7.57795">
        <ele>1883.1</ele>
      </trkpt>
      <trkpt lat="44.15282" lon="7.5775">
        <ele>1882.1</ele>
      </trkpt>
      <trkpt lat="44.15288" lon="7.5774">
        <ele>1882.7</ele>
      </trkpt>
      <trkpt lat="44.15293" lon="7.57734">
        <ele>1882.7</ele>
      </trkpt>
      <trkpt lat="44.15312" lon="7.57716">
        <ele>1882.2</ele>
      </trkpt>
      <trkpt lat="44.15322" lon="7.57707">
        <ele>1882.3</ele>
      </trkpt>
      <trkpt lat="44.15342" lon="7.57681">
        <ele>1883.1</ele>
      </trkpt>
      <trkpt lat="44.15349" lon="7.57663">
        <ele>1884.5</ele>
      </trkpt>
      <trkpt lat="44.15354" lon="7.57657">
        <ele>1882.3</ele>
      </trkpt>
      <trkpt lat="44.15365" lon="7.57648">
        <ele>1877.1</ele>
      </trkpt>
      <trkpt lat="44.15371" lon="7.57642">
        <ele>1874.6</ele>
      </trkpt>
      <trkpt lat="44.15374" lon="7.57634">
        <ele>1874.4</ele>
      </trkpt>
      <trkpt lat="44.15376" lon="7.57625">
        <ele>1875.2</ele>
      </trkpt>
      <trkpt lat="44.15381" lon="7.57596">
        <ele>1878.6</ele>
      </trkpt>
      <trkpt lat="44.15382" lon="7.57587">
        <ele>1880.1</ele>
      </trkpt>
      <trkpt lat="44.15376" lon="7.57571">
        <ele>1883.0</ele>
      </trkpt>
      <trkpt lat="44.15371" lon="7.5756">
        <ele>1884.4</ele>
      </trkpt>
      <trkpt lat="44.15364" lon="7.57536">
        <ele>1885.0</ele>
      </trkpt>
      <trkpt lat="44.15342" lon="7.57474">
        <ele>1883.0</ele>
      </trkpt>
      <trkpt lat="44.15338" lon="7.57464">
        <ele>1882.2</ele>
      </trkpt>
      <trkpt lat="44.15332" lon="7.57454">
        <ele>1882.1</ele>
      </trkpt>
      <trkpt lat="44.15326" lon="7.57445">
        <ele>1882.5</ele>
      </trkpt>
      <trkpt lat="44.15292" lon="7.57403">
        <ele>1884.1</ele>
      </trkpt>
      <trkpt lat="44.1526" lon="7.57371">
        <ele>1884.1</ele>
      </trkpt>
      <trkpt lat="44.15246" lon="7.57355">
        <ele>1882.6</ele>
      </trkpt>
      <trkpt lat="44.15221" lon="7.57321">
        <ele>1878.2</ele>
      </trkpt>
      <trkpt lat="44.15212" lon="7.57316">
        <ele>1879.4</ele>
      </trkpt>
      <trkpt lat="44.15159" lon="7.57251">
        <ele>1878.5</ele>
      </trkpt>
      <trkpt lat="44.15153" lon="7.57239">
        <ele>1876.7</ele>
      </trkpt>
      <trkpt lat="44.1515" lon="7.57224">
        <ele>1876.5</ele>
      </trkpt>
      <trkpt lat="44.15149" lon="7.57212">
        <ele>1876.9</ele>
      </trkpt>
      <trkpt lat="44.15151" lon="7.57201">
        <ele>1877.9</ele>
      </trkpt>
      <trkpt lat="44.15154" lon="7.57187">
        <ele>1879.2</ele>
      </trkpt>
      <trkpt lat="44.15161" lon="7.57164">
        <ele>1881.5</ele>
      </trkpt>
      <trkpt lat="44.15184" lon="7.57093">
        <ele>1886.4</ele>
      </trkpt>
      <trkpt lat="44.15213" lon="7.5701">
        <ele>1885.9</ele>
      </trkpt>
      <trkpt lat="44.15224" lon="7.56971">
        <ele>1888.2</ele>
      </trkpt>
      <trkpt lat="44.15226" lon="7.56945">
        <ele>1891.7</ele>
      </trkpt>
      <trkpt lat="44.1523" lon="7.56927">
        <ele>1893.4</ele>
      </trkpt>
      <trkpt lat="44.15242" lon="7.56911">
        <ele>1892.5</ele>
      </trkpt>
      <trkpt lat="44.15247" lon="7.56903">
        <ele>1892.1</ele>
      </trkpt>
      <trkpt lat="44.15264" lon="7.56862">
        <ele>1890.4</ele>
      </trkpt>
      <trkpt lat="44.15272" lon="7.56837">
        <ele>1890.4</ele>
      </trkpt>
      <trkpt lat="44.15272" lon="7.56837">
        <ele>1890.4</ele>
      </trkpt>
      <trkpt lat="44.15275" lon="7.56821">
        <ele>1890.1</ele>
      </trkpt>
      <trkpt lat="44.15286" lon="7.56759">
        <ele>1890.6</ele>
      </trkpt>
      <trkpt lat="44.15286" lon="7.56752">
        <ele>1891.1</ele>
      </trkpt>
      <trkpt lat="44.15284" lon="7.5674">
        <ele>1891.2</ele>
      </trkpt>
      <trkpt lat="44.15282" lon="7.56734">
        <ele>1891.2</ele>
      </trkpt>
      <trkpt lat="44.15276" lon="7.56722">
        <ele>1891.1</ele>
      </trkpt>
      <trkpt lat="44.15272" lon="7.56718">
        <ele>1890.9</ele>
      </trkpt>
      <trkpt lat="44.15263" lon="7.5671">
        <ele>1890.3</ele>
      </trkpt>
      <trkpt lat="44.15254" lon="7.56707">
        <ele>1889.9</ele>
      </trkpt>
      <trkpt lat="44.15249" lon="7.56708">
        <ele>1890.0</ele>
      </trkpt>
      <trkpt lat="44.15246" lon="7.5671">
        <ele>1890.2</ele>
      </trkpt>
      <trkpt lat="44.15228" lon="7.56725">
        <ele>1892.6</ele>
      </trkpt>
      <trkpt lat="44.15209" lon="7.56731">
        <ele>1893.8</ele>
      </trkpt>
      <trkpt lat="44.15178" lon="7.56747">
        <ele>1897.2</ele>
      </trkpt>
      <trkpt lat="44.15166" lon="7.56751">
        <ele>1898.1</ele>
      </trkpt>
      <trkpt lat="44.15149" lon="7.56752">
        <ele>1898.6</ele>
      </trkpt>
      <trkpt lat="44.15144" lon="7.56751">
        <ele>1898.6</ele>
      </trkpt>
      <trkpt lat="44.15116" lon="7.56736">
        <ele>1898.1</ele>
      </trkpt>
      <trkpt lat="44.15116" lon="7.56736">
        <ele>1898.1</ele>
      </trkpt>
      <trkpt lat="44.15101" lon="7.56727">
        <ele>1898.4</ele>
      </trkpt>
      <trkpt lat="44.15096" lon="7.56723">
        <ele>1898.6</ele>
      </trkpt>
      <trkpt lat="44.15094" lon="7.56719">
        <ele>1898.7</ele>
      </trkpt>
      <trkpt lat="44.15094" lon="7.56713">
        <ele>1898.4</ele>
      </trkpt>
      <trkpt lat="44.151" lon="7.56687">
        <ele>1896.6</ele>
      </trkpt>
      <trkpt lat="44.15103" lon="7.56686">
        <ele>1896.0</ele>
      </trkpt>
      <trkpt lat="44.15105" lon="7.56682">
        <ele>1895.5</ele>
      </trkpt>
      <trkpt lat="44.15106" lon="7.56677">
        <ele>1895.0</ele>
      </trkpt>
      <trkpt lat="44.15105" lon="7.5667">
        <ele>1894.8</ele>
      </trkpt>
      <trkpt lat="44.15095" lon="7.5663">
        <ele>1891.2</ele>
      </trkpt>
      <trkpt lat="44.1509" lon="7.5661">
        <ele>1889.6</ele>
      </trkpt>
      <trkpt lat="44.15088" lon="7.56596">
        <ele>1888.2</ele>
      </trkpt>
      <trkpt lat="44.15085" lon="7.56567">
        <ele>1885.9</ele>
      </trkpt>
      <trkpt lat="44.15082" lon="7.56509">
        <ele>1880.8</ele>
      </trkpt>
      <trkpt lat="44.15077" lon="7.56486">
        <ele>1877.5</ele>
      </trkpt>
      <trkpt lat="44.15072" lon="7.56467">
        <ele>1874.5</ele>
      </trkpt>
      <trkpt lat="44.15064" lon="7.56441">
        <ele>1870.8</ele>
      </trkpt>
      <trkpt lat="44.15061" lon="7.56434">
        <ele>1870.0</ele>
      </trkpt>
      <trkpt lat="44.15039" lon="7.56393">
        <ele>1866.1</ele>
      </trkpt>
      <trkpt lat="44.1503" lon="7.56367">
        <ele>1864.4</ele>
      </trkpt>
      <trkpt lat="44.15014" lon="7.56306">
        <ele>1863.5</ele>
      </trkpt>
      <trkpt lat="44.15009" lon="7.56297">
        <ele>1864.6</ele>
      </trkpt>
      <trkpt lat="44.15001" lon="7.56288">
        <ele>1867.0</ele>
      </trkpt>
      <trkpt lat="44.14998" lon="7.56282">
        <ele>1866.8</ele>
      </trkpt>
      <trkpt lat="44.14997" lon="7.56276">
        <ele>1866.5</ele>
      </trkpt>
      <trkpt lat="44.14995" lon="7.56245">
        <ele>1865.2</ele>
      </trkpt>
      <trkpt lat="44.1499" lon="7.56226">
        <ele>1863.6</ele>
      </trkpt>
      <trkpt lat="44.14983" lon="7.5621">
        <ele>1862.8</ele>
      </trkpt>
      <trkpt lat="44.14968" lon="7.56188">
        <ele>1862.9</ele>
      </trkpt>
      <trkpt lat="44.14957" lon="7.56175">
        <ele>1863.9</ele>
      </trkpt>
      <trkpt lat="44.14945" lon="7.56161">
        <ele>1866.2</ele>
      </trkpt>
      <trkpt lat="44.1489" lon="7.56126">
        <ele>1868.4</ele>
      </trkpt>
      <trkpt lat="44.14886" lon="7.56124">
        <ele>1867.8</ele>
      </trkpt>
      <trkpt lat="44.14884" lon="7.5612">
        <ele>1868.1</ele>
      </trkpt>
      <trkpt lat="44.14884" lon="7.56118">
        <ele>1868.5</ele>
      </trkpt>
      <trkpt lat="44.14884" lon="7.56118">
        <ele>1868.5</ele>
      </trkpt>
      <trkpt lat="44.14885" lon="7.56111">
        <ele>1870.1</ele>
      </trkpt>
      <trkpt lat="44.14888" lon="7.56108">
        <ele>1871.4</ele>
      </trkpt>
      <trkpt lat="44.14909" lon="7.56094">
        <ele>1878.7</ele>
      </trkpt>
      <trkpt lat="44.14919" lon="7.56086">
        <ele>1880.9</ele>
      </trkpt>
      <trkpt lat="44.14923" lon="7.5608">
        <ele>1880.6</ele>
      </trkpt>
      <trkpt lat="44.14927" lon="7.56072">
        <ele>1880.6</ele>
      </trkpt>
      <trkpt lat="44.14932" lon="7.56051">
        <ele>1882.0</ele>
      </trkpt>
      <trkpt lat="44.14936" lon="7.56028">
        <ele>1883.9</ele>
      </trkpt>
      <trkpt lat="44.1494" lon="7.55982">
        <ele>1886.8</ele>
      </trkpt>
      <trkpt lat="44.14942" lon="7.55952">
        <ele>1886.8</ele>
      </trkpt>
      <trkpt lat="44.14939" lon="7.55936">
        <ele>1888.1</ele>
      </trkpt>
      <trkpt lat="44.14936" lon="7.55928">
        <ele>1889.3</ele>
      </trkpt>
      <trkpt lat="44.14928" lon="7.55916">
        <ele>1892.0</ele>
      </trkpt>
      <trkpt lat="44.14923" lon="7.55911">
        <ele>1892.5</ele>
      </trkpt>
      <trkpt lat="44.14923" lon="7.55911">
        <ele>1892.5</ele>
      </trkpt>
      <trkpt lat="44.14918" lon="7.55907">
        <ele>1893.2</ele>
      </trkpt>
      <trkpt lat="44.14872" lon="7.55878">
        <ele>1893.7</ele>
      </trkpt>
      <trkpt lat="44.14854" lon="7.55869">
        <ele>1895.4</ele>
      </trkpt>
      <trkpt lat="44.14841" lon="7.55865">
        <ele>1897.3</ele>
      </trkpt>
      <trkpt lat="44.14816" lon="7.55866">
        <ele>1896.9</ele>
      </trkpt>
      <trkpt lat="44.14808" lon="7.55864">
        <ele>1896.1</ele>
      </trkpt>
      <trkpt lat="44.14802" lon="7.55861">
        <ele>1895.5</ele>
      </trkpt>
      <trkpt lat="44.14788" lon="7.55845">
        <ele>1894.6</ele>
      </trkpt>
      <trkpt lat="44.14765" lon="7.55815">
        <ele>1894.3</ele>
      </trkpt>
      <trkpt lat="44.14762" lon="7.55808">
        <ele>1894.4</ele>
      </trkpt>
      <trkpt lat="44.14744" lon="7.55763">
        <ele>1894.8</ele>
      </trkpt>
      <trkpt lat="44.1473" lon="7.55734">
        <ele>1894.3</ele>
      </trkpt>
      <trkpt lat="44.14726" lon="7.55729">
        <ele>1894.3</ele>
      </trkpt>
      <trkpt lat="44.14715" lon="7.55719">
        <ele>1894.3</ele>
      </trkpt>
      <trkpt lat="44.14702" lon="7.557">
        <ele>1897.1</ele>
      </trkpt>
      <trkpt lat="44.1469" lon="7.55689">
        <ele>1899.4</ele>
      </trkpt>
      <trkpt lat="44.14683" lon="7.55684">
        <ele>1900.8</ele>
      </trkpt>
      <trkpt lat="44.14683" lon="7.55684">
        <ele>1900.8</ele>
      </trkpt>
      <trkpt lat="44.14678" lon="7.55682">
        <ele>1901.4</ele>
      </trkpt>
      <trkpt lat="44.14664" lon="7.55683">
        <ele>1899.8</ele>
      </trkpt>
      <trkpt lat="44.14653" lon="7.55682">
        <ele>1895.6</ele>
      </trkpt>
      <trkpt lat="44.14632" lon="7.55675">
        <ele>1889.6</ele>
      </trkpt>
      <trkpt lat="44.14629" lon="7.55673">
        <ele>1889.1</ele>
      </trkpt>
      <trkpt lat="44.14627" lon="7.55668">
        <ele>1890.3</ele>
      </trkpt>
      <trkpt lat="44.14623" lon="7.55642">
        <ele>1899.1</ele>
      </trkpt>
      <trkpt lat="44.1462" lon="7.55637">
        <ele>1900.1</ele>
      </trkpt>
      <trkpt lat="44.14613" lon="7.55631">
        <ele>1900.3</ele>
      </trkpt>
      <trkpt lat="44.14601" lon="7.55624">
        <ele>1899.8</ele>
      </trkpt>
      <trkpt lat="44.14594" lon="7.55621">
        <ele>1899.1</ele>
      </trkpt>
      <trkpt lat="44.14587" lon="7.55621">
        <ele>1897.1</ele>
      </trkpt>
      <trkpt lat="44.1457" lon="7.55623">
        <ele>1889.5</ele>
      </trkpt>
      <trkpt lat="44.14567" lon="7.55621">
        <ele>1889.2</ele>
      </trkpt>
      <trkpt lat="44.14562" lon="7.55616">
        <ele>1889.6</ele>
      </trkpt>
      <trkpt lat="44.14557" lon="7.55606">
        <ele>1892.5</ele>
      </trkpt>
      <trkpt lat="44.14549" lon="7.55593">
        <ele>1895.4</ele>
      </trkpt>
      <trkpt lat="44.1454" lon="7.55582">
        <ele>1896.7</ele>
      </trkpt>
      <trkpt lat="44.14531" lon="7.55574">
        <ele>1895.1</ele>
      </trkpt>
      <trkpt lat="44.14522" lon="7.55567">
        <ele>1893.0</ele>
      </trkpt>
      <trkpt lat="44.14489" lon="7.55553">
        <ele>1880.8</ele>
      </trkpt>
      <trkpt lat="44.14485" lon="7.55547">
        <ele>1880.1</ele>
      </trkpt>
      <trkpt lat="44.14483" lon="7.55541">
        <ele>1880.3</ele>
      </trkpt>
      <trkpt lat="44.14482" lon="7.55528">
        <ele>1882.4</ele>
      </trkpt>
      <trkpt lat="44.14483" lon="7.55505">
        <ele>1887.6</ele>
      </trkpt>
      <trkpt lat="44.14483" lon="7.5547">
        <ele>1892.4</ele>
      </trkpt>
      <trkpt lat="44.14484" lon="7.5546">
        <ele>1894.3</ele>
      </trkpt>
      <trkpt lat="44.14486" lon="7.55453">
        <ele>1896.5</ele>
      </trkpt>
      <trkpt lat="44.14487" lon="7.55445">
        <ele>1898.1</ele>
      </trkpt>
      <trkpt lat="44.14486" lon="7.55436">
        <ele>1898.6</ele>
      </trkpt>
      <trkpt lat="44.14478" lon="7.55415">
        <ele>1896.3</ele>
      </trkpt>
      <trkpt lat="44.14479" lon="7.55408">
        <ele>1898.1</ele>
      </trkpt>
      <trkpt lat="44.14482" lon="7.55394">
        <ele>1902.4</ele>
      </trkpt>
      <trkpt lat="44.14483" lon="7.55386">
        <ele>1904.4</ele>
      </trkpt>
      <trkpt lat="44.1448" lon="7.55357">
        <ele>1907.5</ele>
      </trkpt>
      <trkpt lat="44.14478" lon="7.55349">
        <ele>1907.6</ele>
      </trkpt>
      <trkpt lat="44.14474" lon="7.55343">
        <ele>1906.1</ele>
      </trkpt>
      <trkpt lat="44.14467" lon="7.55336">
        <ele>1903.0</ele>
      </trkpt>
      <trkpt lat="44.14461" lon="7.55331">
        <ele>1900.2</ele>
      </trkpt>
      <trkpt lat="44.14444" lon="7.5532">
        <ele>1891.9</ele>
      </trkpt>
      <trkpt lat="44.14441" lon="7.55316">
        <ele>1890.8</ele>
      </trkpt>
      <trkpt lat="44.14438" lon="7.55312">
        <ele>1889.7</ele>
      </trkpt>
      <trkpt lat="44.14437" lon="7.55308">
        <ele>1889.9</ele>
      </trkpt>
      <trkpt lat="44.14436" lon="7.55293">
        <ele>1892.2</ele>
      </trkpt>
      <trkpt lat="44.14435" lon="7.55274">
        <ele>1895.4</ele>
      </trkpt>
      <trkpt lat="44.14434" lon="7.55265">
        <ele>1896.5</ele>
      </trkpt>
      <trkpt lat="44.14431" lon="7.55258">
        <ele>1895.8</ele>
      </trkpt>
      <trkpt lat="44.14426" lon="7.55253">
        <ele>1893.2</ele>
      </trkpt>
      <trkpt lat="44.1442" lon="7.55248">
        <ele>1890.0</ele>
      </trkpt>
      <trkpt lat="44.14408" lon="7.55237">
        <ele>1886.1</ele>
      </trkpt>
      <trkpt lat="44.14393" lon="7.55199">
        <ele>1889.3</ele>
      </trkpt>
      <trkpt lat="44.14384" lon="7.55174">
        <ele>1892.2</ele>
      </trkpt>
      <trkpt lat="44.14384" lon="7.55174">
        <ele>1892.2</ele>
      </trkpt>
      <trkpt lat="44.14377" lon="7.55151">
        <ele>1897.0</ele>
      </trkpt>
      <trkpt lat="44.14365" lon="7.55136">
        <ele>1896.9</ele>
      </trkpt>
      <trkpt lat="44.14358" lon="7.5513">
        <ele>1895.7</ele>
      </trkpt>
      <trkpt lat="44.14347" lon="7.55124">
        <ele>1892.6</ele>
      </trkpt>
      <trkpt lat="44.14338" lon="7.5512">
        <ele>1889.7</ele>
      </trkpt>
      <trkpt lat="44.14333" lon="7.55116">
        <ele>1888.7</ele>
      </trkpt>
      <trkpt lat="44.14326" lon="7.55109">
        <ele>1889.0</ele>
      </trkpt>
      <trkpt lat="44.14317" lon="7.55092">
        <ele>1892.7</ele>
      </trkpt>
      <trkpt lat="44.14309" lon="7.55072">
        <ele>1898.7</ele>
      </trkpt>
      <trkpt lat="44.14305" lon="7.55068">
        <ele>1899.3</ele>
      </trkpt>
      <trkpt lat="44.14305" lon="7.55068">
        <ele>1899.3</ele>
      </trkpt>
      <trkpt lat="44.14302" lon="7.55066">
        <ele>1899.3</ele>
      </trkpt>
      <trkpt lat="44.1429" lon="7.55067">
        <ele>1895.3</ele>
      </trkpt>
      <trkpt lat="44.1425" lon="7.55071">
        <ele>1881.5</ele>
      </trkpt>
      <trkpt lat="44.14233" lon="7.55071">
        <ele>1878.7</ele>
      </trkpt>
      <trkpt lat="44.14209" lon="7.55061">
        <ele>1879.6</ele>
      </trkpt>
      <trkpt lat="44.14182" lon="7.55047">
        <ele>1882.1</ele>
      </trkpt>
      <trkpt lat="44.14176" lon="7.55047">
        <ele>1881.2</ele>
      </trkpt>
      <trkpt lat="44.14156" lon="7.55049">
        <ele>1876.9</ele>
      </trkpt>
      <trkpt lat="44.14149" lon="7.55049">
        <ele>1875.6</ele>
      </trkpt>
      <trkpt lat="44.14143" lon="7.55052">
        <ele>1873.2</ele>
      </trkpt>
      <trkpt lat="44.1413" lon="7.5506">
        <ele>1867.2</ele>
      </trkpt>
      <trkpt lat="44.14123" lon="7.55063">
        <ele>1864.7</ele>
      </trkpt>
      <trkpt lat="44.14119" lon="7.55064">
        <ele>1863.6</ele>
      </trkpt>
      <trkpt lat="44.14112" lon="7.55063">
        <ele>1862.8</ele>
      </trkpt>
      <trkpt lat="44.14101" lon="7.55061">
        <ele>1861.8</ele>
      </trkpt>
      <trkpt lat="44.14094" lon="7.55056">
        <ele>1862.7</ele>
      </trkpt>
      <trkpt lat="44.1408" lon="7.55045">
        <ele>1864.2</ele>
      </trkpt>
      <trkpt lat="44.14052" lon="7.55027">
        <ele>1863.1</ele>
      </trkpt>
      <trkpt lat="44.14024" lon="7.5501">
        <ele>1861.0</ele>
      </trkpt>
      <trkpt lat="44.14002" lon="7.54998">
        <ele>1858.2</ele>
      </trkpt>
      <trkpt lat="44.13993" lon="7.54996">
        <ele>1856.7</ele>
      </trkpt>
      <trkpt lat="44.13963" lon="7.54995">
        <ele>1850.7</ele>
      </trkpt>
      <trkpt lat="44.13905" lon="7.54987">
        <ele>1841.1</ele>
      </trkpt>
      <trkpt lat="44.13899" lon="7.54984">
        <ele>1840.9</ele>
      </trkpt>
      <trkpt lat="44.13889" lon="7.54976">
        <ele>1840.8</ele>
      </trkpt>
      <trkpt lat="44.13882" lon="7.54962">
        <ele>1841.7</ele>
      </trkpt>
      <trkpt lat="44.13879" lon="7.54953">
        <ele>1842.5</ele>
      </trkpt>
      <trkpt lat="44.13877" lon="7.54941">
        <ele>1843.7</ele>
      </trkpt>
      <trkpt lat="44.13874" lon="7.54919">
        <ele>1845.9</ele>
      </trkpt>
      <trkpt lat="44.13872" lon="7.54915">
        <ele>1845.6</ele>
      </trkpt>
      <trkpt lat="44.13869" lon="7.54911">
        <ele>1844.5</ele>
      </trkpt>
      <trkpt lat="44.1386" lon="7.54905">
        <ele>1841.4</ele>
      </trkpt>
      <trkpt lat="44.13857" lon="7.54901">
        <ele>1840.1</ele>
      </trkpt>
      <trkpt lat="44.13855" lon="7.54897">
        <ele>1839.0</ele>
      </trkpt>
      <trkpt lat="44.13855" lon="7.54884">
        <ele>1837.4</ele>
      </trkpt>
      <trkpt lat="44.13857" lon="7.54873">
        <ele>1836.8</ele>
      </trkpt>
      <trkpt lat="44.13876" lon="7.54809">
        <ele>1838.1</ele>
      </trkpt>
      <trkpt lat="44.13893" lon="7.54769">
        <ele>1843.5</ele>
      </trkpt>
      <trkpt lat="44.13894" lon="7.54761">
        <ele>1843.5</ele>
      </trkpt>
      <trkpt lat="44.13892" lon="7.54733">
        <ele>1841.6</ele>
      </trkpt>
      <trkpt lat="44.13891" lon="7.54701">
        <ele>1841.6</ele>
      </trkpt>
      <trkpt lat="44.13884" lon="7.5466">
        <ele>1838.1</ele>
      </trkpt>
      <trkpt lat="44.13877" lon="7.54601">
        <ele>1835.2</ele>
      </trkpt>
      <trkpt lat="44.13876" lon="7.54585">
        <ele>1835.0</ele>
      </trkpt>
      <trkpt lat="44.13877" lon="7.5457">
        <ele>1833.1</ele>
      </trkpt>
      <trkpt lat="44.13879" lon="7.54562">
        <ele>1832.6</ele>
      </trkpt>
      <trkpt lat="44.13882" lon="7.54556">
        <ele>1833.1</ele>
      </trkpt>
      <trkpt lat="44.1389" lon="7.54545">
        <ele>1835.3</ele>
      </trkpt>
      <trkpt lat="44.13901" lon="7.5453">
        <ele>1838.1</ele>
      </trkpt>
      <trkpt lat="44.13931" lon="7.54495">
        <ele>1845.4</ele>
      </trkpt>
      <trkpt lat="44.13939" lon="7.54485">
        <ele>1846.2</ele>
      </trkpt>
      <trkpt lat="44.13945" lon="7.54473">
        <ele>1845.5</ele>
      </trkpt>
      <trkpt lat="44.13974" lon="7.5441">
        <ele>1843.0</ele>
      </trkpt>
      <trkpt lat="44.13984" lon="7.54392">
        <ele>1846.3</ele>
      </trkpt>
      <trkpt lat="44.14009" lon="7.54351">
        <ele>1854.0</ele>
      </trkpt>
      <trkpt lat="44.1401" lon="7.54347">
        <ele>1854.0</ele>
      </trkpt>
      <trkpt lat="44.14011" lon="7.54341">
        <ele>1853.8</ele>
      </trkpt>
      <trkpt lat="44.14009" lon="7.5433">
        <ele>1852.3</ele>
      </trkpt>
      <trkpt lat="44.14009" lon="7.5433">
        <ele>1852.3</ele>
      </trkpt>
      <trkpt lat="44.13993" lon="7.54291">
        <ele>1848.2</ele>
      </trkpt>
      <trkpt lat="44.13967" lon="7.54246">
        <ele>1842.3</ele>
      </trkpt>
      <trkpt lat="44.13965" lon="7.54238">
        <ele>1841.1</ele>
      </trkpt>
      <trkpt lat="44.1396" lon="7.54216">
        <ele>1838.2</ele>
      </trkpt>
      <trkpt lat="44.13956" lon="7.54191">
        <ele>1835.7</ele>
      </trkpt>
      <trkpt lat="44.13955" lon="7.54183">
        <ele>1835.0</ele>
      </trkpt>
      <trkpt lat="44.13957" lon="7.5417">
        <ele>1834.9</ele>
      </trkpt>
      <trkpt lat="44.1396" lon="7.54163">
        <ele>1834.3</ele>
      </trkpt>
      <trkpt lat="44.13963" lon="7.54158">
        <ele>1833.5</ele>
      </trkpt>
      <trkpt lat="44.1397" lon="7.54153">
        <ele>1833.8</ele>
      </trkpt>
      <trkpt lat="44.13983" lon="7.54149">
        <ele>1836.0</ele>
      </trkpt>
      <trkpt lat="44.13999" lon="7.54141">
        <ele>1838.0</ele>
      </trkpt>
      <trkpt lat="44.14028" lon="7.54118">
        <ele>1841.2</ele>
      </trkpt>
      <trkpt lat="44.14034" lon="7.54116">
        <ele>1842.7</ele>
      </trkpt>
      <trkpt lat="44.14055" lon="7.54115">
        <ele>1849.3</ele>
      </trkpt>
      <trkpt lat="44.14061" lon="7.54113">
        <ele>1850.9</ele>
      </trkpt>
      <trkpt lat="44.14067" lon="7.54107">
        <ele>1851.9</ele>
      </trkpt>
      <trkpt lat="44.1407" lon="7.54102">
        <ele>1852.1</ele>
      </trkpt>
      <trkpt lat="44.14072" lon="7.54088">
        <ele>1850.5</ele>
      </trkpt>
      <trkpt lat="44.14071" lon="7.54064">
        <ele>1849.1</ele>
      </trkpt>
      <trkpt lat="44.14069" lon="7.54052">
        <ele>1848.0</ele>
      </trkpt>
      <trkpt lat="44.14068" lon="7.5404">
        <ele>1847.3</ele>
      </trkpt>
      <trkpt lat="44.14066" lon="7.53977">
        <ele>1846.6</ele>
      </trkpt>
      <trkpt lat="44.14068" lon="7.53947">
        <ele>1849.2</ele>
      </trkpt>
      <trkpt lat="44.14066" lon="7.53925">
        <ele>1849.2</ele>
      </trkpt>
      <trkpt lat="44.14063" lon="7.53915">
        <ele>1848.3</ele>
      </trkpt>
      <trkpt lat="44.14058" lon="7.539">
        <ele>1848.3</ele>
      </trkpt>
      <trkpt lat="44.14041" lon="7.53868">
        <ele>1844.6</ele>
      </trkpt>
      <trkpt lat="44.1403" lon="7.53842">
        <ele>1842.8</ele>
      </trkpt>
      <trkpt lat="44.14013" lon="7.5378">
        <ele>1842.1</ele>
      </trkpt>
      <trkpt lat="44.14008" lon="7.53756">
        <ele>1842.4</ele>
      </trkpt>
      <trkpt lat="44.14005" lon="7.53736">
        <ele>1842.1</ele>
      </trkpt>
      <trkpt lat="44.14003" lon="7.53721">
        <ele>1841.7</ele>
      </trkpt>
      <trkpt lat="44.14004" lon="7.53647">
        <ele>1846.5</ele>
      </trkpt>
      <trkpt lat="44.14007" lon="7.53603">
        <ele>1849.9</ele>
      </trkpt>
      <trkpt lat="44.14007" lon="7.53591">
        <ele>1850.4</ele>
      </trkpt>
      <trkpt lat="44.14006" lon="7.53579">
        <ele>1850.4</ele>
      </trkpt>
      <trkpt lat="44.14005" lon="7.53569">
        <ele>1850.5</ele>
      </trkpt>
      <trkpt lat="44.13993" lon="7.53523">
        <ele>1848.9</ele>
      </trkpt>
      <trkpt lat="44.13985" lon="7.53485">
        <ele>1848.6</ele>
      </trkpt>
      <trkpt lat="44.13978" lon="7.53445">
        <ele>1848.1</ele>
      </trkpt>
      <trkpt lat="44.13975" lon="7.53409">
        <ele>1849.6</ele>
      </trkpt>
      <trkpt lat="44.13971" lon="7.53396">
        <ele>1850.1</ele>
      </trkpt>
      <trkpt lat="44.13968" lon="7.53388">
        <ele>1850.2</ele>
      </trkpt>
      <trkpt lat="44.13949" lon="7.53349">
        <ele>1849.7</ele>
      </trkpt>
      <trkpt lat="44.13929" lon="7.53318">
        <ele>1849.9</ele>
      </trkpt>
      <trkpt lat="44.13919" lon="7.53308">
        <ele>1849.7</ele>
      </trkpt>
      <trkpt lat="44.13914" lon="7.53304">
        <ele>1849.8</ele>
      </trkpt>
      <trkpt lat="44.13907" lon="7.533">
        <ele>1850.1</ele>
      </trkpt>
      <trkpt lat="44.13863" lon="7.5329">
        <ele>1847.5</ele>
      </trkpt>
      <trkpt lat="44.1384" lon="7.53281">
        <ele>1847.4</ele>
      </trkpt>
      <trkpt lat="44.13811" lon="7.53279">
        <ele>1846.9</ele>
      </trkpt>
      <trkpt lat="44.138" lon="7.53277">
        <ele>1847.4</ele>
      </trkpt>
      <trkpt lat="44.1377" lon="7.5328">
        <ele>1846.0</ele>
      </trkpt>
      <trkpt lat="44.13758" lon="7.53279">
        <ele>1846.1</ele>
      </trkpt>
      <trkpt lat="44.13741" lon="7.53273">
        <ele>1850.7</ele>
      </trkpt>
      <trkpt lat="44.13735" lon="7.53273">
        <ele>1852.8</ele>
      </trkpt>
      <trkpt lat="44.13725" lon="7.53277">
        <ele>1855.0</ele>
      </trkpt>
      <trkpt lat="44.13718" lon="7.53282">
        <ele>1855.7</ele>
      </trkpt>
      <trkpt lat="44.13711" lon="7.53288">
        <ele>1856.1</ele>
      </trkpt>
      <trkpt lat="44.13704" lon="7.53296">
        <ele>1855.7</ele>
      </trkpt>
      <trkpt lat="44.13689" lon="7.53321">
        <ele>1851.5</ele>
      </trkpt>
      <trkpt lat="44.13671" lon="7.53364">
        <ele>1843.1</ele>
      </trkpt>
      <trkpt lat="44.13662" lon="7.53378">
        <ele>1842.2</ele>
      </trkpt>
      <trkpt lat="44.1363" lon="7.53418">
        <ele>1843.0</ele>
      </trkpt>
      <trkpt lat="44.13612" lon="7.53438">
        <ele>1842.7</ele>
      </trkpt>
      <trkpt lat="44.13597" lon="7.53451">
        <ele>1843.2</ele>
      </trkpt>
      <trkpt lat="44.13582" lon="7.53461">
        <ele>1844.1</ele>
      </trkpt>
      <trkpt lat="44.13567" lon="7.53469">
        <ele>1842.9</ele>
      </trkpt>
      <trkpt lat="44.13536" lon="7.5348">
        <ele>1842.2</ele>
      </trkpt>
      <trkpt lat="44.13524" lon="7.53483">
        <ele>1842.4</ele>
      </trkpt>
      <trkpt lat="44.13505" lon="7.53486">
        <ele>1843.3</ele>
      </trkpt>
      <trkpt lat="44.1347" lon="7.53488">
        <ele>1844.5</ele>
      </trkpt>
      <trkpt lat="44.13403" lon="7.53499">
        <ele>1845.0</ele>
      </trkpt>
      <trkpt lat="44.13396" lon="7.53502">
        <ele>1845.3</ele>
      </trkpt>
      <trkpt lat="44.13339" lon="7.53536">
        <ele>1845.0</ele>
      </trkpt>
      <trkpt lat="44.13289" lon="7.53566">
        <ele>1844.4</ele>
      </trkpt>
      <trkpt lat="44.13236" lon="7.53603">
        <ele>1837.7</ele>
      </trkpt>
      <trkpt lat="44.13223" lon="7.53608">
        <ele>1834.7</ele>
      </trkpt>
      <trkpt lat="44.13211" lon="7.53608">
        <ele>1834.0</ele>
      </trkpt>
      <trkpt lat="44.13205" lon="7.53607">
        <ele>1834.1</ele>
      </trkpt>
      <trkpt lat="44.13155" lon="7.5358">
        <ele>1838.1</ele>
      </trkpt>
      <trkpt lat="44.13148" lon="7.53575">
        <ele>1836.8</ele>
      </trkpt>
      <trkpt lat="44.13141" lon="7.53566">
        <ele>1836.9</ele>
      </trkpt>
      <trkpt lat="44.13136" lon="7.53553">
        <ele>1839.3</ele>
      </trkpt>
      <trkpt lat="44.13128" lon="7.53521">
        <ele>1847.3</ele>
      </trkpt>
      <trkpt lat="44.13121" lon="7.53506">
        <ele>1849.8</ele>
      </trkpt>
      <trkpt lat="44.13119" lon="7.53503">
        <ele>1850.1</ele>
      </trkpt>
      <trkpt lat="44.13109" lon="7.53496">
        <ele>1848.5</ele>
      </trkpt>
      <trkpt lat="44.13101" lon="7.53493">
        <ele>1846.3</ele>
      </trkpt>
      <trkpt lat="44.13073" lon="7.53486">
        <ele>1837.0</ele>
      </trkpt>
      <trkpt lat="44.13063" lon="7.53483">
        <ele>1833.5</ele>
      </trkpt>
      <trkpt lat="44.13056" lon="7.53478">
        <ele>1831.9</ele>
      </trkpt>
      <trkpt lat="44.13053" lon="7.53475">
        <ele>1831.4</ele>
      </trkpt>
      <trkpt lat="44.1305" lon="7.53468">
        <ele>1832.0</ele>
      </trkpt>
      <trkpt lat="44.13045" lon="7.53453">
        <ele>1833.8</ele>
      </trkpt>
      <trkpt lat="44.13032" lon="7.53412">
        <ele>1838.0</ele>
      </trkpt>
      <trkpt lat="44.13018" lon="7.53376">
        <ele>1838.3</ele>
      </trkpt>
      <trkpt lat="44.12987" lon="7.53278">
        <ele>1839.7</ele>
      </trkpt>
      <trkpt lat="44.12982" lon="7.53254">
        <ele>1841.1</ele>
      </trkpt>
      <trkpt lat="44.12979" lon="7.53229">
        <ele>1844.3</ele>
      </trkpt>
      <trkpt lat="44.12979" lon="7.53229">
        <ele>1844.3</ele>
      </trkpt>
      <trkpt lat="44.12974" lon="7.53179">
        <ele>1851.5</ele>
      </trkpt>
      <trkpt lat="44.12971" lon="7.53174">
        <ele>1850.9</ele>
      </trkpt>
      <trkpt lat="44.12961" lon="7.53165">
        <ele>1847.4</ele>
      </trkpt>
      <trkpt lat="44.12955" lon="7.53157">
        <ele>1846.3</ele>
      </trkpt>
      <trkpt lat="44.12948" lon="7.53147">
        <ele>1845.3</ele>
      </trkpt>
      <trkpt lat="44.12938" lon="7.53132">
        <ele>1844.0</ele>
      </trkpt>
      <trkpt lat="44.12924" lon="7.53104">
        <ele>1844.2</ele>
      </trkpt>
      <trkpt lat="44.12882" lon="7.53006">
        <ele>1846.0</ele>
      </trkpt>
      <trkpt lat="44.12876" lon="7.52991">
        <ele>1845.8</ele>
      </trkpt>
      <trkpt lat="44.12866" lon="7.52958">
        <ele>1846.4</ele>
      </trkpt>
      <trkpt lat="44.12863" lon="7.5294">
        <ele>1848.1</ele>
      </trkpt>
      <trkpt lat="44.12859" lon="7.5289">
        <ele>1856.2</ele>
      </trkpt>
      <trkpt lat="44.12857" lon="7.52883">
        <ele>1856.7</ele>
      </trkpt>
      <trkpt lat="44.12854" lon="7.52871">
        <ele>1857.9</ele>
      </trkpt>
      <trkpt lat="44.12851" lon="7.52866">
        <ele>1857.4</ele>
      </trkpt>
      <trkpt lat="44.12826" lon="7.52825">
        <ele>1854.8</ele>
      </trkpt>
      <trkpt lat="44.12798" lon="7.52788">
        <ele>1851.8</ele>
      </trkpt>
      <trkpt lat="44.12789" lon="7.52775">
        <ele>1851.2</ele>
      </trkpt>
      <trkpt lat="44.12783" lon="7.52762">
        <ele>1852.0</ele>
      </trkpt>
      <trkpt lat="44.12771" lon="7.52738">
        <ele>1852.6</ele>
      </trkpt>
      <trkpt lat="44.12757" lon="7.52707">
        <ele>1853.1</ele>
      </trkpt>
      <trkpt lat="44.12753" lon="7.52689">
        <ele>1855.3</ele>
      </trkpt>
      <trkpt lat="44.12752" lon="7.5268">
        <ele>1856.9</ele>
      </trkpt>
      <trkpt lat="44.12751" lon="7.52657">
        <ele>1861.5</ele>
      </trkpt>
      <trkpt lat="44.1275" lon="7.52651">
        <ele>1862.4</ele>
      </trkpt>
      <trkpt lat="44.12748" lon="7.52647">
        <ele>1863.0</ele>
      </trkpt>
      <trkpt lat="44.12741" lon="7.52637">
        <ele>1864.5</ele>
      </trkpt>
      <trkpt lat="44.12734" lon="7.5263">
        <ele>1865.4</ele>
      </trkpt>
      <trkpt lat="44.12727" lon="7.52625">
        <ele>1865.9</ele>
      </trkpt>
      <trkpt lat="44.12717" lon="7.52621">
        <ele>1866.0</ele>
      </trkpt>
      <trkpt lat="44.12637" lon="7.52603">
        <ele>1860.4</ele>
      </trkpt>
      <trkpt lat="44.12624" lon="7.52599">
        <ele>1858.3</ele>
      </trkpt>
      <trkpt lat="44.12615" lon="7.5259">
        <ele>1857.5</ele>
      </trkpt>
      <trkpt lat="44.12611" lon="7.52581">
        <ele>1857.4</ele>
      </trkpt>
      <trkpt lat="44.12611" lon="7.52576">
        <ele>1857.5</ele>
      </trkpt>
      <trkpt lat="44.12614" lon="7.52553">
        <ele>1859.0</ele>
      </trkpt>
      <trkpt lat="44.12619" lon="7.52532">
        <ele>1861.5</ele>
      </trkpt>
      <trkpt lat="44.12625" lon="7.52518">
        <ele>1864.5</ele>
      </trkpt>
      <trkpt lat="44.12631" lon="7.52506">
        <ele>1867.8</ele>
      </trkpt>
      <trkpt lat="44.12667" lon="7.52449">
        <ele>1878.6</ele>
      </trkpt>
      <trkpt lat="44.12697" lon="7.52388">
        <ele>1886.0</ele>
      </trkpt>
      <trkpt lat="44.1271" lon="7.52357">
        <ele>1889.0</ele>
      </trkpt>
      <trkpt lat="44.12717" lon="7.52336">
        <ele>1890.2</ele>
      </trkpt>
      <trkpt lat="44.12718" lon="7.52326">
        <ele>1889.3</ele>
      </trkpt>
      <trkpt lat="44.12719" lon="7.52319">
        <ele>1888.7</ele>
      </trkpt>
      <trkpt lat="44.12717" lon="7.5231">
        <ele>1886.6</ele>
      </trkpt>
      <trkpt lat="44.12711" lon="7.52289">
        <ele>1881.2</ele>
      </trkpt>
      <trkpt lat="44.1271" lon="7.52283">
        <ele>1879.9</ele>
      </trkpt>
      <trkpt lat="44.12712" lon="7.52274">
        <ele>1879.4</ele>
      </trkpt>
      <trkpt lat="44.12714" lon="7.52269">
        <ele>1879.5</ele>
      </trkpt>
      <trkpt lat="44.1273" lon="7.52247">
        <ele>1882.8</ele>
      </trkpt>
      <trkpt lat="44.12739" lon="7.52238">
        <ele>1885.3</ele>
      </trkpt>
      <trkpt lat="44.12761" lon="7.52219">
        <ele>1892.2</ele>
      </trkpt>
      <trkpt lat="44.12768" lon="7.5221">
        <ele>1894.1</ele>
      </trkpt>
      <trkpt lat="44.12774" lon="7.522">
        <ele>1895.4</ele>
      </trkpt>
      <trkpt lat="44.12777" lon="7.52192">
        <ele>1895.7</ele>
      </trkpt>
      <trkpt lat="44.1278" lon="7.52182">
        <ele>1895.6</ele>
      </trkpt>
      <trkpt lat="44.12789" lon="7.52162">
        <ele>1897.2</ele>
      </trkpt>
      <trkpt lat="44.12796" lon="7.52137">
        <ele>1899.1</ele>
      </trkpt>
      <trkpt lat="44.12797" lon="7.52128">
        <ele>1899.1</ele>
      </trkpt>
      <trkpt lat="44.12795" lon="7.52086">
        <ele>1896.7</ele>
      </trkpt>
      <trkpt lat="44.12796" lon="7.52077">
        <ele>1897.2</ele>
      </trkpt>
      <trkpt lat="44.12798" lon="7.52068">
        <ele>1898.1</ele>
      </trkpt>
      <trkpt lat="44.12812" lon="7.52012">
        <ele>1904.0</ele>
      </trkpt>
      <trkpt lat="44.12814" lon="7.52002">
        <ele>1904.8</ele>
      </trkpt>
      <trkpt lat="44.12815" lon="7.51989">
        <ele>1905.3</ele>
      </trkpt>
      <trkpt lat="44.12814" lon="7.51982">
        <ele>1905.2</ele>
      </trkpt>
      <trkpt lat="44.12812" lon="7.51975">
        <ele>1904.8</ele>
      </trkpt>
      <trkpt lat="44.12809" lon="7.51969">
        <ele>1904.2</ele>
      </trkpt>
      <trkpt lat="44.12803" lon="7.51962">
        <ele>1903.0</ele>
      </trkpt>
      <trkpt lat="44.12797" lon="7.51959">
        <ele>1901.7</ele>
      </trkpt>
      <trkpt lat="44.12789" lon="7.51958">
        <ele>1899.9</ele>
      </trkpt>
      <trkpt lat="44.12776" lon="7.5196">
        <ele>1896.8</ele>
      </trkpt>
      <trkpt lat="44.12765" lon="7.5196">
        <ele>1894.3</ele>
      </trkpt>
      <trkpt lat="44.1276" lon="7.51955">
        <ele>1893.5</ele>
      </trkpt>
      <trkpt lat="44.12758" lon="7.5195">
        <ele>1893.4</ele>
      </trkpt>
      <trkpt lat="44.12758" lon="7.51943">
        <ele>1893.8</ele>
      </trkpt>
      <trkpt lat="44.12768" lon="7.51909">
        <ele>1898.0</ele>
      </trkpt>
      <trkpt lat="44.12772" lon="7.51879">
        <ele>1900.9</ele>
      </trkpt>
      <trkpt lat="44.12775" lon="7.51868">
        <ele>1902.3</ele>
      </trkpt>
      <trkpt lat="44.12786" lon="7.51835">
        <ele>1906.8</ele>
      </trkpt>
      <trkpt lat="44.12794" lon="7.51805">
        <ele>1911.1</ele>
      </trkpt>
      <trkpt lat="44.12796" lon="7.51794">
        <ele>1912.5</ele>
      </trkpt>
      <trkpt lat="44.12797" lon="7.51774">
        <ele>1914.5</ele>
      </trkpt>
      <trkpt lat="44.12796" lon="7.51762">
        <ele>1915.5</ele>
      </trkpt>
      <trkpt lat="44.12793" lon="7.51745">
        <ele>1915.3</ele>
      </trkpt>
      <trkpt lat="44.1279" lon="7.51738">
        <ele>1915.2</ele>
      </trkpt>
      <trkpt lat="44.12788" lon="7.51735">
        <ele>1915.1</ele>
      </trkpt>
      <trkpt lat="44.12783" lon="7.51731">
        <ele>1915.0</ele>
      </trkpt>
      <trkpt lat="44.12774" lon="7.51727">
        <ele>1914.9</ele>
      </trkpt>
      <trkpt lat="44.12744" lon="7.51718">
        <ele>1914.5</ele>
      </trkpt>
      <trkpt lat="44.1274" lon="7.51715">
        <ele>1914.2</ele>
      </trkpt>
      <trkpt lat="44.1272" lon="7.51685">
        <ele>1916.0</ele>
      </trkpt>
      <trkpt lat="44.12704" lon="7.51659">
        <ele>1918.8</ele>
      </trkpt>
      <trkpt lat="44.12695" lon="7.51635">
        <ele>1923.8</ele>
      </trkpt>
      <trkpt lat="44.12691" lon="7.51628">
        <ele>1925.2</ele>
      </trkpt>
      <trkpt lat="44.12688" lon="7.51626">
        <ele>1925.3</ele>
      </trkpt>
      <trkpt lat="44.12684" lon="7.51624">
        <ele>1925.3</ele>
      </trkpt>
      <trkpt lat="44.12656" lon="7.51613">
        <ele>1923.4</ele>
      </trkpt>
      <trkpt lat="44.12642" lon="7.51607">
        <ele>1921.6</ele>
      </trkpt>
      <trkpt lat="44.12638" lon="7.51603">
        <ele>1921.8</ele>
      </trkpt>
      <trkpt lat="44.12627" lon="7.51588">
        <ele>1923.2</ele>
      </trkpt>
      <trkpt lat="44.12621" lon="7.51579">
        <ele>1924.1</ele>
      </trkpt>
      <trkpt lat="44.12617" lon="7.51572">
        <ele>1925.0</ele>
      </trkpt>
      <trkpt lat="44.12611" lon="7.51556">
        <ele>1927.9</ele>
      </trkpt>
      <trkpt lat="44.12606" lon="7.51544">
        <ele>1929.9</ele>
      </trkpt>
      <trkpt lat="44.12601" lon="7.51536">
        <ele>1930.9</ele>
      </trkpt>
      <trkpt lat="44.12597" lon="7.51532">
        <ele>1931.1</ele>
      </trkpt>
      <trkpt lat="44.12567" lon="7.5152">
        <ele>1928.1</ele>
      </trkpt>
      <trkpt lat="44.12562" lon="7.51516">
        <ele>1928.2</ele>
      </trkpt>
      <trkpt lat="44.12557" lon="7.51509">
        <ele>1929.2</ele>
      </trkpt>
      <trkpt lat="44.12555" lon="7.51492">
        <ele>1933.3</ele>
      </trkpt>
      <trkpt lat="44.12551" lon="7.51482">
        <ele>1935.1</ele>
      </trkpt>
      <trkpt lat="44.12542" lon="7.51464">
        <ele>1938.5</ele>
      </trkpt>
      <trkpt lat="44.12532" lon="7.5143">
        <ele>1946.8</ele>
      </trkpt>
      <trkpt lat="44.12528" lon="7.51419">
        <ele>1949.7</ele>
      </trkpt>
      <trkpt lat="44.12524" lon="7.51413">
        <ele>1951.7</ele>
      </trkpt>
      <trkpt lat="44.12521" lon="7.51411">
        <ele>1952.4</ele>
      </trkpt>
      <trkpt lat="44.12509" lon="7.51406">
        <ele>1954.1</ele>
      </trkpt>
      <trkpt lat="44.12479" lon="7.51397">
        <ele>1961.6</ele>
      </trkpt>
      <trkpt lat="44.12439" lon="7.51402">
        <ele>1965.1</ele>
      </trkpt>
      <trkpt lat="44.12414" lon="7.5141">
        <ele>1965.2</ele>
      </trkpt>
      <trkpt lat="44.12397" lon="7.51412">
        <ele>1968.9</ele>
      </trkpt>
      <trkpt lat="44.12373" lon="7.51422">
        <ele>1971.5</ele>
      </trkpt>
      <trkpt lat="44.1235" lon="7.51429">
        <ele>1975.8</ele>
      </trkpt>
      <trkpt lat="44.12339" lon="7.51437">
        <ele>1976.4</ele>
      </trkpt>
      <trkpt lat="44.12334" lon="7.51443">
        <ele>1975.9</ele>
      </trkpt>
      <trkpt lat="44.12334" lon="7.51443">
        <ele>1975.9</ele>
      </trkpt>
      <trkpt lat="44.12294" lon="7.51495">
        <ele>1973.5</ele>
      </trkpt>
      <trkpt lat="44.12254" lon="7.51546">
        <ele>1974.7</ele>
      </trkpt>
      <trkpt lat="44.12245" lon="7.51553">
        <ele>1974.8</ele>
      </trkpt>
      <trkpt lat="44.12229" lon="7.51561">
        <ele>1974.0</ele>
      </trkpt>
      <trkpt lat="44.12222" lon="7.51562">
        <ele>1974.3</ele>
      </trkpt>
      <trkpt lat="44.12213" lon="7.5156">
        <ele>1975.6</ele>
      </trkpt>
      <trkpt lat="44.12209" lon="7.51558">
        <ele>1976.5</ele>
      </trkpt>
      <trkpt lat="44.12202" lon="7.51552">
        <ele>1978.6</ele>
      </trkpt>
      <trkpt lat="44.12193" lon="7.5154">
        <ele>1982.4</ele>
      </trkpt>
      <trkpt lat="44.12182" lon="7.51529">
        <ele>1985.9</ele>
      </trkpt>
      <trkpt lat="44.12176" lon="7.51529">
        <ele>1986.4</ele>
      </trkpt>
      <trkpt lat="44.1215" lon="7.51541">
        <ele>1987.0</ele>
      </trkpt>
      <trkpt lat="44.12143" lon="7.51542">
        <ele>1987.9</ele>
      </trkpt>
      <trkpt lat="44.12132" lon="7.51543">
        <ele>1989.5</ele>
      </trkpt>
      <trkpt lat="44.12125" lon="7.51542">
        <ele>1990.9</ele>
      </trkpt>
      <trkpt lat="44.12115" lon="7.51538">
        <ele>1993.5</ele>
      </trkpt>
      <trkpt lat="44.12107" lon="7.51533">
        <ele>1996.0</ele>
      </trkpt>
      <trkpt lat="44.12093" lon="7.51524">
        <ele>2000.2</ele>
      </trkpt>
      <trkpt lat="44.12085" lon="7.51524">
        <ele>2001.5</ele>
      </trkpt>
      <trkpt lat="44.1208" lon="7.51528">
        <ele>2002.5</ele>
      </trkpt>
      <trkpt lat="44.12077" lon="7.51533">
        <ele>2002.9</ele>
      </trkpt>
      <trkpt lat="44.12067" lon="7.51589">
        <ele>1996.0</ele>
      </trkpt>
      <trkpt lat="44.12062" lon="7.51611">
        <ele>1995.7</ele>
      </trkpt>
      <trkpt lat="44.12058" lon="7.51622">
        <ele>1996.0</ele>
      </trkpt>
      <trkpt lat="44.12055" lon="7.5163">
        <ele>1996.2</ele>
      </trkpt>
      <trkpt lat="44.12047" lon="7.51643">
        <ele>1997.6</ele>
      </trkpt>
      <trkpt lat="44.12041" lon="7.5165">
        <ele>1998.7</ele>
      </trkpt>
      <trkpt lat="44.1203" lon="7.51659">
        <ele>2001.2</ele>
      </trkpt>
      <trkpt lat="44.12007" lon="7.51672">
        <ele>2006.5</ele>
      </trkpt>
      <trkpt lat="44.11987" lon="7.51687">
        <ele>2009.3</ele>
      </trkpt>
      <trkpt lat="44.11908" lon="7.51737">
        <ele>2017.3</ele>
      </trkpt>
      <trkpt lat="44.11845" lon="7.51758">
        <ele>2023.4</ele>
      </trkpt>
      <trkpt lat="44.11767" lon="7.51776">
        <ele>2032.5</ele>
      </trkpt>
      <trkpt lat="44.11733" lon="7.51785">
        <ele>2035.9</ele>
      </trkpt>
      <trkpt lat="44.11703" lon="7.51795">
        <ele>2038.0</ele>
      </trkpt>
      <trkpt lat="44.11689" lon="7.51805">
        <ele>2038.8</ele>
      </trkpt>
      <trkpt lat="44.11684" lon="7.51811">
        <ele>2038.9</ele>
      </trkpt>
      <trkpt lat="44.11676" lon="7.51823">
        <ele>2039.2</ele>
      </trkpt>
      <trkpt lat="44.1166" lon="7.51859">
        <ele>2039.2</ele>
      </trkpt>
      <trkpt lat="44.11643" lon="7.51903">
        <ele>2038.5</ele>
      </trkpt>
      <trkpt lat="44.11621" lon="7.51962">
        <ele>2037.0</ele>
      </trkpt>
      <trkpt lat="44.11599" lon="7.5202">
        <ele>2036.7</ele>
      </trkpt>
      <trkpt lat="44.11578" lon="7.52073">
        <ele>2036.6</ele>
      </trkpt>
      <trkpt lat="44.11566" lon="7.52097">
        <ele>2035.6</ele>
      </trkpt>
      <trkpt lat="44.11543" lon="7.52139">
        <ele>2034.1</ele>
      </trkpt>
      <trkpt lat="44.11504" lon="7.52208">
        <ele>2033.3</ele>
      </trkpt>
      <trkpt lat="44.11494" lon="7.52224">
        <ele>2032.9</ele>
      </trkpt>
      <trkpt lat="44.11477" lon="7.52241">
        <ele>2032.0</ele>
      </trkpt>
      <trkpt lat="44.1147" lon="7.52247">
        <ele>2031.8</ele>
      </trkpt>
      <trkpt lat="44.11452" lon="7.52257">
        <ele>2032.1</ele>
      </trkpt>
      <trkpt lat="44.11402" lon="7.52279">
        <ele>2033.8</ele>
      </trkpt>
      <trkpt lat="44.11389" lon="7.52282">
        <ele>2034.2</ele>
      </trkpt>
      <trkpt lat="44.11382" lon="7.52281">
        <ele>2034.0</ele>
      </trkpt>
      <trkpt lat="44.11347" lon="7.52267">
        <ele>2031.4</ele>
      </trkpt>
      <trkpt lat="44.11325" lon="7.52261">
        <ele>2032.4</ele>
      </trkpt>
      <trkpt lat="44.11311" lon="7.52254">
        <ele>2034.9</ele>
      </trkpt>
      <trkpt lat="44.11306" lon="7.52247">
        <ele>2035.0</ele>
      </trkpt>
      <trkpt lat="44.11303" lon="7.52241">
        <ele>2034.7</ele>
      </trkpt>
      <trkpt lat="44.11298" lon="7.52219">
        <ele>2032.1</ele>
      </trkpt>
      <trkpt lat="44.11293" lon="7.52201">
        <ele>2030.0</ele>
      </trkpt>
      <trkpt lat="44.11287" lon="7.52188">
        <ele>2029.1</ele>
      </trkpt>
      <trkpt lat="44.11263" lon="7.52147">
        <ele>2024.3</ele>
      </trkpt>
      <trkpt lat="44.11254" lon="7.52137">
        <ele>2022.6</ele>
      </trkpt>
      <trkpt lat="44.11246" lon="7.52129">
        <ele>2021.2</ele>
      </trkpt>
      <trkpt lat="44.11224" lon="7.52113">
        <ele>2019.3</ele>
      </trkpt>
      <trkpt lat="44.112" lon="7.52101">
        <ele>2019.0</ele>
      </trkpt>
      <trkpt lat="44.11135" lon="7.52084">
        <ele>2019.0</ele>
      </trkpt>
      <trkpt lat="44.1107" lon="7.52067">
        <ele>2011.8</ele>
      </trkpt>
      <trkpt lat="44.11036" lon="7.5206">
        <ele>2006.5</ele>
      </trkpt>
      <trkpt lat="44.10982" lon="7.52057">
        <ele>1997.9</ele>
      </trkpt>
      <trkpt lat="44.10969" lon="7.52058">
        <ele>1994.7</ele>
      </trkpt>
      <trkpt lat="44.1096" lon="7.52063">
        <ele>1994.2</ele>
      </trkpt>
      <trkpt lat="44.10955" lon="7.52068">
        <ele>1994.7</ele>
      </trkpt>
      <trkpt lat="44.1095" lon="7.52074">
        <ele>1995.6</ele>
      </trkpt>
      <trkpt lat="44.10944" lon="7.52086">
        <ele>1998.6</ele>
      </trkpt>
      <trkpt lat="44.10938" lon="7.52105">
        <ele>2004.7</ele>
      </trkpt>
      <trkpt lat="44.10934" lon="7.52113">
        <ele>2006.8</ele>
      </trkpt>
      <trkpt lat="44.1093" lon="7.52119">
        <ele>2008.2</ele>
      </trkpt>
      <trkpt lat="44.10926" lon="7.52123">
        <ele>2008.7</ele>
      </trkpt>
      <trkpt lat="44.10919" lon="7.52125">
        <ele>2007.6</ele>
      </trkpt>
      <trkpt lat="44.10915" lon="7.52124">
        <ele>2006.3</ele>
      </trkpt>
      <trkpt lat="44.10903" lon="7.52115">
        <ele>2000.8</ele>
      </trkpt>
      <trkpt lat="44.10893" lon="7.5211">
        <ele>1997.2</ele>
      </trkpt>
      <trkpt lat="44.1087" lon="7.52103">
        <ele>1990.9</ele>
      </trkpt>
      <trkpt lat="44.10838" lon="7.52102">
        <ele>1985.7</ele>
      </trkpt>
      <trkpt lat="44.10833" lon="7.52103">
        <ele>1985.2</ele>
      </trkpt>
      <trkpt lat="44.10825" lon="7.52106">
        <ele>1983.3</ele>
      </trkpt>
      <trkpt lat="44.10815" lon="7.52112">
        <ele>1981.6</ele>
      </trkpt>
      <trkpt lat="44.10801" lon="7.52122">
        <ele>1979.7</ele>
      </trkpt>
      <trkpt lat="44.10795" lon="7.52128">
        <ele>1979.3</ele>
      </trkpt>
      <trkpt lat="44.10789" lon="7.52135">
        <ele>1979.3</ele>
      </trkpt>
      <trkpt lat="44.10764" lon="7.5218">
        <ele>1984.1</ele>
      </trkpt>
      <trkpt lat="44.10753" lon="7.52196">
        <ele>1985.0</ele>
      </trkpt>
      <trkpt lat="44.10753" lon="7.52196">
        <ele>1985.0</ele>
      </trkpt>
      <trkpt lat="44.10737" lon="7.52222">
        <ele>1989.1</ele>
      </trkpt>
      <trkpt lat="44.10718" lon="7.52252">
        <ele>1993.4</ele>
      </trkpt>
      <trkpt lat="44.10701" lon="7.52275">
        <ele>1995.9</ele>
      </trkpt>
      <trkpt lat="44.10675" lon="7.52302">
        <ele>1995.9</ele>
      </trkpt>
      <trkpt lat="44.10649" lon="7.52325">
        <ele>2001.5</ele>
      </trkpt>
      <trkpt lat="44.10637" lon="7.52339">
        <ele>2006.9</ele>
      </trkpt>
      <trkpt lat="44.10628" lon="7.52351">
        <ele>2011.5</ele>
      </trkpt>
      <trkpt lat="44.10622" lon="7.52352">
        <ele>2012.1</ele>
      </trkpt>
      <trkpt lat="44.10616" lon="7.52348">
        <ele>2011.0</ele>
      </trkpt>
      <trkpt lat="44.10603" lon="7.52329">
        <ele>2005.7</ele>
      </trkpt>
      <trkpt lat="44.10589" lon="7.52314">
        <ele>2003.1</ele>
      </trkpt>
      <trkpt lat="44.10569" lon="7.52247">
        <ele>1993.7</ele>
      </trkpt>
      <trkpt lat="44.10564" lon="7.52235">
        <ele>1992.2</ele>
      </trkpt>
      <trkpt lat="44.1056" lon="7.52227">
        <ele>1991.4</ele>
      </trkpt>
      <trkpt lat="44.10555" lon="7.52221">
        <ele>1991.5</ele>
      </trkpt>
      <trkpt lat="44.10505" lon="7.52179">
        <ele>1997.1</ele>
      </trkpt>
      <trkpt lat="44.10493" lon="7.52164">
        <ele>1996.4</ele>
      </trkpt>
      <trkpt lat="44.10473" lon="7.52145">
        <ele>1997.0</ele>
      </trkpt>
      <trkpt lat="44.10461" lon="7.52136">
        <ele>1998.1</ele>
      </trkpt>
      <trkpt lat="44.10445" lon="7.52127">
        <ele>2000.2</ele>
      </trkpt>
      <trkpt lat="44.10375" lon="7.52099">
        <ele>2005.4</ele>
      </trkpt>
      <trkpt lat="44.10364" lon="7.52092">
        <ele>2004.4</ele>
      </trkpt>
      <trkpt lat="44.10358" lon="7.52087">
        <ele>2003.5</ele>
      </trkpt>
      <trkpt lat="44.10353" lon="7.52081">
        <ele>2002.4</ele>
      </trkpt>
      <trkpt lat="44.10339" lon="7.52057">
        <ele>2000.3</ele>
      </trkpt>
      <trkpt lat="44.10327" lon="7.52044">
        <ele>1998.1</ele>
      </trkpt>
      <trkpt lat="44.10321" lon="7.5204">
        <ele>1996.4</ele>
      </trkpt>
      <trkpt lat="44.10317" lon="7.5204">
        <ele>1995.6</ele>
      </trkpt>
      <trkpt lat="44.10309" lon="7.52041">
        <ele>1994.2</ele>
      </trkpt>
      <trkpt lat="44.10304" lon="7.52044">
        <ele>1993.8</ele>
      </trkpt>
      <trkpt lat="44.10285" lon="7.52076">
        <ele>1997.1</ele>
      </trkpt>
      <trkpt lat="44.10274" lon="7.52089">
        <ele>1998.9</ele>
      </trkpt>
      <trkpt lat="44.10253" lon="7.52114">
        <ele>2003.3</ele>
      </trkpt>
      <trkpt lat="44.10246" lon="7.52121">
        <ele>2003.5</ele>
      </trkpt>
      <trkpt lat="44.10217" lon="7.52142">
        <ele>1999.7</ele>
      </trkpt>
      <trkpt lat="44.10213" lon="7.52148">
        <ele>2000.2</ele>
      </trkpt>
      <trkpt lat="44.10201" lon="7.52172">
        <ele>2004.3</ele>
      </trkpt>
      <trkpt lat="44.10188" lon="7.52192">
        <ele>2008.0</ele>
      </trkpt>
      <trkpt lat="44.1018" lon="7.52212">
        <ele>2013.4</ele>
      </trkpt>
      <trkpt lat="44.10178" lon="7.52215">
        <ele>2013.9</ele>
      </trkpt>
      <trkpt lat="44.10173" lon="7.52219">
        <ele>2013.8</ele>
      </trkpt>
      <trkpt lat="44.10168" lon="7.52221">
        <ele>2013.0</ele>
      </trkpt>
      <trkpt lat="44.10155" lon="7.52221">
        <ele>2009.2</ele>
      </trkpt>
      <trkpt lat="44.10141" lon="7.52228">
        <ele>2007.6</ele>
      </trkpt>
      <trkpt lat="44.10132" lon="7.5223">
        <ele>2005.5</ele>
      </trkpt>
      <trkpt lat="44.10105" lon="7.52233">
        <ele>1998.1</ele>
      </trkpt>
      <trkpt lat="44.10098" lon="7.52238">
        <ele>1997.1</ele>
      </trkpt>
      <trkpt lat="44.10094" lon="7.52245">
        <ele>1997.5</ele>
      </trkpt>
      <trkpt lat="44.10093" lon="7.52248">
        <ele>1997.9</ele>
      </trkpt>
      <trkpt lat="44.10093" lon="7.52252">
        <ele>1998.6</ele>
      </trkpt>
      <trkpt lat="44.10096" lon="7.52288">
        <ele>2005.0</ele>
      </trkpt>
      <trkpt lat="44.10095" lon="7.52299">
        <ele>2006.1</ele>
      </trkpt>
      <trkpt lat="44.10094" lon="7.52314">
        <ele>2007.7</ele>
      </trkpt>
      <trkpt lat="44.10091" lon="7.52327">
        <ele>2007.8</ele>
      </trkpt>
      <trkpt lat="44.10085" lon="7.52348">
        <ele>2008.9</ele>
      </trkpt>
      <trkpt lat="44.10083" lon="7.52355">
        <ele>2009.5</ele>
      </trkpt>
      <trkpt lat="44.10083" lon="7.52362">
        <ele>2011.3</ele>
      </trkpt>
      <trkpt lat="44.10084" lon="7.52373">
        <ele>2014.9</ele>
      </trkpt>
      <trkpt lat="44.10083" lon="7.52379">
        <ele>2015.8</ele>
      </trkpt>
      <trkpt lat="44.10079" lon="7.52389">
        <ele>2015.5</ele>
      </trkpt>
      <trkpt lat="44.10047" lon="7.52445">
        <ele>2007.7</ele>
      </trkpt>
      <trkpt lat="44.10039" lon="7.52463">
        <ele>2007.6</ele>
      </trkpt>
      <trkpt lat="44.10027" lon="7.52499">
        <ele>2010.8</ele>
      </trkpt>
      <trkpt lat="44.10016" lon="7.52553">
        <ele>2013.6</ele>
      </trkpt>
      <trkpt lat="44.10014" lon="7.5256">
        <ele>2013.5</ele>
      </trkpt>
      <trkpt lat="44.10005" lon="7.52577">
        <ele>2009.8</ele>
      </trkpt>
      <trkpt lat="44.10003" lon="7.52582">
        <ele>2009.1</ele>
      </trkpt>
      <trkpt lat="44.10002" lon="7.52588">
        <ele>2009.7</ele>
      </trkpt>
      <trkpt lat="44.10001" lon="7.52603">
        <ele>2012.7</ele>
      </trkpt>
      <trkpt lat="44.1" lon="7.52629">
        <ele>2018.5</ele>
      </trkpt>
      <trkpt lat="44.10001" lon="7.52634">
        <ele>2020.6</ele>
      </trkpt>
      <trkpt lat="44.10006" lon="7.52653">
        <ele>2029.3</ele>
      </trkpt>
      <trkpt lat="44.10006" lon="7.5266">
        <ele>2031.1</ele>
      </trkpt>
      <trkpt lat="44.10005" lon="7.52664">
        <ele>2031.3</ele>
      </trkpt>
      <trkpt lat="44.10003" lon="7.52665">
        <ele>2030.0</ele>
      </trkpt>
      <trkpt lat="44.09991" lon="7.52667">
        <ele>2023.9</ele>
      </trkpt>
      <trkpt lat="44.0998" lon="7.52671">
        <ele>2020.3</ele>
      </trkpt>
      <trkpt lat="44.09955" lon="7.52683">
        <ele>2012.8</ele>
      </trkpt>
      <trkpt lat="44.09948" lon="7.52688">
        <ele>2011.2</ele>
      </trkpt>
      <trkpt lat="44.09941" lon="7.52697">
        <ele>2010.9</ele>
      </trkpt>
      <trkpt lat="44.09935" lon="7.52706">
        <ele>2011.0</ele>
      </trkpt>
      <trkpt lat="44.09934" lon="7.52714">
        <ele>2013.2</ele>
      </trkpt>
      <trkpt lat="44.09934" lon="7.52728">
        <ele>2017.9</ele>
      </trkpt>
      <trkpt lat="44.09934" lon="7.52738">
        <ele>2021.3</ele>
      </trkpt>
      <trkpt lat="44.09932" lon="7.52744">
        <ele>2022.3</ele>
      </trkpt>
      <trkpt lat="44.09929" lon="7.52747">
        <ele>2021.7</ele>
      </trkpt>
      <trkpt lat="44.09924" lon="7.52748">
        <ele>2019.3</ele>
      </trkpt>
      <trkpt lat="44.09921" lon="7.52747">
        <ele>2017.4</ele>
      </trkpt>
      <trkpt lat="44.09909" lon="7.52742">
        <ele>2009.9</ele>
      </trkpt>
      <trkpt lat="44.09903" lon="7.52743">
        <ele>2007.5</ele>
      </trkpt>
      <trkpt lat="44.09902" lon="7.52744">
        <ele>2007.4</ele>
      </trkpt>
      <trkpt lat="44.09899" lon="7.52747">
        <ele>2007.0</ele>
      </trkpt>
      <trkpt lat="44.09894" lon="7.52756">
        <ele>2007.5</ele>
      </trkpt>
      <trkpt lat="44.09877" lon="7.52802">
        <ele>2013.8</ele>
      </trkpt>
      <trkpt lat="44.09874" lon="7.52813">
        <ele>2015.8</ele>
      </trkpt>
      <trkpt lat="44.0987" lon="7.52837">
        <ele>2021.5</ele>
      </trkpt>
      <trkpt lat="44.09869" lon="7.52864">
        <ele>2030.7</ele>
      </trkpt>
      <trkpt lat="44.09868" lon="7.52869">
        <ele>2032.1</ele>
      </trkpt>
      <trkpt lat="44.09866" lon="7.52871">
        <ele>2032.0</ele>
      </trkpt>
      <trkpt lat="44.09864" lon="7.52872">
        <ele>2031.5</ele>
      </trkpt>
      <trkpt lat="44.09853" lon="7.52871">
        <ele>2026.4</ele>
      </trkpt>
      <trkpt lat="44.0985" lon="7.52872">
        <ele>2025.5</ele>
      </trkpt>
      <trkpt lat="44.09841" lon="7.52882">
        <ele>2025.5</ele>
      </trkpt>
      <trkpt lat="44.09837" lon="7.52894">
        <ele>2028.5</ele>
      </trkpt>
      <trkpt lat="44.09835" lon="7.52896">
        <ele>2028.5</ele>
      </trkpt>
      <trkpt lat="44.09821" lon="7.52898">
        <ele>2026.1</ele>
      </trkpt>
      <trkpt lat="44.09815" lon="7.529">
        <ele>2025.5</ele>
      </trkpt>
      <trkpt lat="44.0981" lon="7.52905">
        <ele>2026.3</ele>
      </trkpt>
      <trkpt lat="44.09796" lon="7.52915">
        <ele>2026.5</ele>
      </trkpt>
      <trkpt lat="44.09775" lon="7.52937">
        <ele>2029.0</ele>
      </trkpt>
      <trkpt lat="44.09764" lon="7.52947">
        <ele>2029.4</ele>
      </trkpt>
      <trkpt lat="44.09748" lon="7.52956">
        <ele>2028.1</ele>
      </trkpt>
      <trkpt lat="44.09739" lon="7.52964">
        <ele>2029.7</ele>
      </trkpt>
      <trkpt lat="44.09728" lon="7.52968">
        <ele>2029.7</ele>
      </trkpt>
      <trkpt lat="44.09696" lon="7.52969">
        <ele>2026.4</ele>
      </trkpt>
      <trkpt lat="44.09692" lon="7.5297">
        <ele>2026.1</ele>
      </trkpt>
      <trkpt lat="44.09683" lon="7.52974">
        <ele>2025.5</ele>
      </trkpt>
      <trkpt lat="44.09672" lon="7.52985">
        <ele>2024.9</ele>
      </trkpt>
      <trkpt lat="44.09666" lon="7.52995">
        <ele>2024.6</ele>
      </trkpt>
      <trkpt lat="44.09663" lon="7.53008">
        <ele>2025.3</ele>
      </trkpt>
      <trkpt lat="44.09662" lon="7.53026">
        <ele>2027.4</ele>
      </trkpt>
      <trkpt lat="44.09662" lon="7.5305">
        <ele>2030.4</ele>
      </trkpt>
      <trkpt lat="44.0966" lon="7.53063">
        <ele>2031.5</ele>
      </trkpt>
      <trkpt lat="44.09651" lon="7.53118">
        <ele>2034.6</ele>
      </trkpt>
      <trkpt lat="44.09646" lon="7.53156">
        <ele>2037.0</ele>
      </trkpt>
      <trkpt lat="44.09645" lon="7.53161">
        <ele>2037.2</ele>
      </trkpt>
      <trkpt lat="44.09643" lon="7.53166">
        <ele>2037.3</ele>
      </trkpt>
      <trkpt lat="44.0964" lon="7.53169">
        <ele>2037.0</ele>
      </trkpt>
      <trkpt lat="44.09606" lon="7.5319">
        <ele>2033.1</ele>
      </trkpt>
      <trkpt lat="44.09571" lon="7.53217">
        <ele>2032.7</ele>
      </trkpt>
      <trkpt lat="44.0955" lon="7.53233">
        <ele>2033.6</ele>
      </trkpt>
      <trkpt lat="44.09532" lon="7.53249">
        <ele>2035.0</ele>
      </trkpt>
      <trkpt lat="44.09532" lon="7.53249">
        <ele>2035.0</ele>
      </trkpt>
      <trkpt lat="44.09521" lon="7.5326">
        <ele>2035.1</ele>
      </trkpt>
      <trkpt lat="44.09501" lon="7.53288">
        <ele>2036.6</ele>
      </trkpt>
      <trkpt lat="44.09494" lon="7.53296">
        <ele>2037.0</ele>
      </trkpt>
      <trkpt lat="44.09435" lon="7.53343">
        <ele>2037.0</ele>
      </trkpt>
      <trkpt lat="44.0942" lon="7.53357">
        <ele>2036.1</ele>
      </trkpt>
      <trkpt lat="44.09407" lon="7.53374">
        <ele>2036.9</ele>
      </trkpt>
      <trkpt lat="44.09385" lon="7.5341">
        <ele>2040.2</ele>
      </trkpt>
      <trkpt lat="44.09389" lon="7.5343">
        <ele>2038.0</ele>
      </trkpt>
      <trkpt lat="44.09389" lon="7.53437">
        <ele>2036.7</ele>
      </trkpt>
      <trkpt lat="44.09388" lon="7.53449">
        <ele>2034.7</ele>
      </trkpt>
      <trkpt lat="44.09384" lon="7.53458">
        <ele>2033.5</ele>
      </trkpt>
      <trkpt lat="44.09378" lon="7.53466">
        <ele>2032.6</ele>
      </trkpt>
      <trkpt lat="44.09354" lon="7.53483">
        <ele>2031.9</ele>
      </trkpt>
      <trkpt lat="44.09342" lon="7.53496">
        <ele>2030.8</ele>
      </trkpt>
      <trkpt lat="44.09327" lon="7.53513">
        <ele>2027.7</ele>
      </trkpt>
      <trkpt lat="44.09322" lon="7.53517">
        <ele>2027.2</ele>
      </trkpt>
      <trkpt lat="44.09306" lon="7.53523">
        <ele>2027.9</ele>
      </trkpt>
      <trkpt lat="44.09272" lon="7.53531">
        <ele>2030.8</ele>
      </trkpt>
      <trkpt lat="44.09255" lon="7.53539">
        <ele>2030.3</ele>
      </trkpt>
      <trkpt lat="44.09247" lon="7.53544">
        <ele>2029.5</ele>
      </trkpt>
      <trkpt lat="44.09223" lon="7.53562">
        <ele>2026.2</ele>
      </trkpt>
      <trkpt lat="44.09208" lon="7.53577">
        <ele>2022.3</ele>
      </trkpt>
      <trkpt lat="44.09186" lon="7.53589">
        <ele>2021.2</ele>
      </trkpt>
      <trkpt lat="44.0918" lon="7.53594">
        <ele>2020.3</ele>
      </trkpt>
      <trkpt lat="44.09169" lon="7.53604">
        <ele>2018.6</ele>
      </trkpt>
      <trkpt lat="44.09139" lon="7.53638">
        <ele>2001.5</ele>
      </trkpt>
      <trkpt lat="44.09135" lon="7.53641">
        <ele>1999.6</ele>
      </trkpt>
      <trkpt lat="44.09133" lon="7.53642">
        <ele>1998.9</ele>
      </trkpt>
      <trkpt lat="44.09127" lon="7.53642">
        <ele>1997.9</ele>
      </trkpt>
      <trkpt lat="44.09125" lon="7.5364">
        <ele>1998.4</ele>
      </trkpt>
      <trkpt lat="44.09099" lon="7.5361">
        <ele>2006.8</ele>
      </trkpt>
      <trkpt lat="44.09089" lon="7.53604">
        <ele>2007.9</ele>
      </trkpt>
      <trkpt lat="44.09077" lon="7.53602">
        <ele>2007.9</ele>
      </trkpt>
      <trkpt lat="44.09073" lon="7.536">
        <ele>2008.7</ele>
      </trkpt>
      <trkpt lat="44.09061" lon="7.53589">
        <ele>2013.3</ele>
      </trkpt>
      <trkpt lat="44.09053" lon="7.53586">
        <ele>2014.5</ele>
      </trkpt>
      <trkpt lat="44.09045" lon="7.53587">
        <ele>2014.0</ele>
      </trkpt>
      <trkpt lat="44.09037" lon="7.5359">
        <ele>2012.6</ele>
      </trkpt>
      <trkpt lat="44.09021" lon="7.53604">
        <ele>2006.5</ele>
      </trkpt>
      <trkpt lat="44.09012" lon="7.5361">
        <ele>2003.9</ele>
      </trkpt>
      <trkpt lat="44.09006" lon="7.53615">
        <ele>2001.7</ele>
      </trkpt>
      <trkpt lat="44.09004" lon="7.53618">
        <ele>2000.5</ele>
      </trkpt>
      <trkpt lat="44.08999" lon="7.53629">
        <ele>1995.6</ele>
      </trkpt>
      <trkpt lat="44.08995" lon="7.53634">
        <ele>1992.8</ele>
      </trkpt>
      <trkpt lat="44.08992" lon="7.53635">
        <ele>1991.8</ele>
      </trkpt>
      <trkpt lat="44.08989" lon="7.53634">
        <ele>1991.6</ele>
      </trkpt>
      <trkpt lat="44.08954" lon="7.53618">
        <ele>1991.5</ele>
      </trkpt>
      <trkpt lat="44.08903" lon="7.53585">
        <ele>1994.9</ele>
      </trkpt>
      <trkpt lat="44.08894" lon="7.53577">
        <ele>1996.6</ele>
      </trkpt>
      <trkpt lat="44.08882" lon="7.53562">
        <ele>2000.1</ele>
      </trkpt>
      <trkpt lat="44.0888" lon="7.5356">
        <ele>2000.4</ele>
      </trkpt>
      <trkpt lat="44.08876" lon="7.53559">
        <ele>1999.8</ele>
      </trkpt>
      <trkpt lat="44.08873" lon="7.53561">
        <ele>1998.3</ele>
      </trkpt>
      <trkpt lat="44.08871" lon="7.53566">
        <ele>1996.0</ele>
      </trkpt>
      <trkpt lat="44.08871" lon="7.53571">
        <ele>1994.2</ele>
      </trkpt>
      <trkpt lat="44.08873" lon="7.53575">
        <ele>1993.2</ele>
      </trkpt>
      <trkpt lat="44.08892" lon="7.53586">
        <ele>1992.7</ele>
      </trkpt>
      <trkpt lat="44.08896" lon="7.5359">
        <ele>1992.0</ele>
      </trkpt>
      <trkpt lat="44.08904" lon="7.53603">
        <ele>1988.6</ele>
      </trkpt>
      <trkpt lat="44.08914" lon="7.53615">
        <ele>1985.2</ele>
      </trkpt>
      <trkpt lat="44.0892" lon="7.5362">
        <ele>1984.1</ele>
      </trkpt>
      <trkpt lat="44.0895" lon="7.53639">
        <ele>1982.2</ele>
      </trkpt>
      <trkpt lat="44.08951" lon="7.53642">
        <ele>1981.2</ele>
      </trkpt>
      <trkpt lat="44.08951" lon="7.53648">
        <ele>1978.8</ele>
      </trkpt>
      <trkpt lat="44.08948" lon="7.53652">
        <ele>1976.6</ele>
      </trkpt>
      <trkpt lat="44.08945" lon="7.53654">
        <ele>1975.2</ele>
      </trkpt>
      <trkpt lat="44.08943" lon="7.53653">
        <ele>1975.3</ele>
      </trkpt>
      <trkpt lat="44.08938" lon="7.5365">
        <ele>1975.5</ele>
      </trkpt>
      <trkpt lat="44.08932" lon="7.53641">
        <ele>1978.0</ele>
      </trkpt>
      <trkpt lat="44.08924" lon="7.53634">
        <ele>1979.3</ele>
      </trkpt>
      <trkpt lat="44.08911" lon="7.53626">
        <ele>1980.8</ele>
      </trkpt>
      <trkpt lat="44.08875" lon="7.53602">
        <ele>1985.3</ele>
      </trkpt>
      <trkpt lat="44.08862" lon="7.53591">
        <ele>1986.3</ele>
      </trkpt>
      <trkpt lat="44.08855" lon="7.53587">
        <ele>1986.0</ele>
      </trkpt>
      <trkpt lat="44.08848" lon="7.53586">
        <ele>1985.8</ele>
      </trkpt>
      <trkpt lat="44.08843" lon="7.53588">
        <ele>1985.6</ele>
      </trkpt>
      <trkpt lat="44.08831" lon="7.53599">
        <ele>1985.1</ele>
      </trkpt>
      <trkpt lat="44.08824" lon="7.53605">
        <ele>1984.9</ele>
      </trkpt>
      <trkpt lat="44.0882" lon="7.53612">
        <ele>1984.7</ele>
      </trkpt>
      <trkpt lat="44.08819" lon="7.53617">
        <ele>1984.6</ele>
      </trkpt>
      <trkpt lat="44.08818" lon="7.53634">
        <ele>1982.6</ele>
      </trkpt>
      <trkpt lat="44.08817" lon="7.53639">
        <ele>1982.4</ele>
      </trkpt>
      <trkpt lat="44.08805" lon="7.53678">
        <ele>1982.6</ele>
      </trkpt>
      <trkpt lat="44.08797" lon="7.537">
        <ele>1982.1</ele>
      </trkpt>
      <trkpt lat="44.08783" lon="7.53744">
        <ele>1978.3</ele>
      </trkpt>
      <trkpt lat="44.08779" lon="7.53752">
        <ele>1977.2</ele>
      </trkpt>
      <trkpt lat="44.08775" lon="7.53756">
        <ele>1976.5</ele>
      </trkpt>
      <trkpt lat="44.08723" lon="7.53783">
        <ele>1976.9</ele>
      </trkpt>
      <trkpt lat="44.08715" lon="7.53785">
        <ele>1978.2</ele>
      </trkpt>
      <trkpt lat="44.08709" lon="7.53783">
        <ele>1980.9</ele>
      </trkpt>
      <trkpt lat="44.08694" lon="7.53766">
        <ele>1993.2</ele>
      </trkpt>
      <trkpt lat="44.08691" lon="7.53764">
        <ele>1994.9</ele>
      </trkpt>
      <trkpt lat="44.08686" lon="7.53763">
        <ele>1996.6</ele>
      </trkpt>
      <trkpt lat="44.08671" lon="7.53769">
        <ele>1997.7</ele>
      </trkpt>
      <trkpt lat="44.08668" lon="7.53768">
        <ele>1998.9</ele>
      </trkpt>
      <trkpt lat="44.08663" lon="7.53765">
        <ele>2001.9</ele>
      </trkpt>
      <trkpt lat="44.08658" lon="7.53764">
        <ele>2004.2</ele>
      </trkpt>
      <trkpt lat="44.08646" lon="7.53765">
        <ele>2008.4</ele>
      </trkpt>
      <trkpt lat="44.08626" lon="7.53776">
        <ele>2011.9</ele>
      </trkpt>
      <trkpt lat="44.08623" lon="7.53777">
        <ele>2012.7</ele>
      </trkpt>
      <trkpt lat="44.08608" lon="7.53777">
        <ele>2018.7</ele>
      </trkpt>
      <trkpt lat="44.08604" lon="7.53778">
        <ele>2020.0</ele>
      </trkpt>
      <trkpt lat="44.08592" lon="7.53787">
        <ele>2021.9</ele>
      </trkpt>
      <trkpt lat="44.08579" lon="7.53793">
        <ele>2026.5</ele>
      </trkpt>
      <trkpt lat="44.08569" lon="7.53803">
        <ele>2030.6</ele>
      </trkpt>
      <trkpt lat="44.08566" lon="7.53811">
        <ele>2030.6</ele>
      </trkpt>
      <trkpt lat="44.08565" lon="7.53819">
        <ele>2029.2</ele>
      </trkpt>
      <trkpt lat="44.0857" lon="7.53854">
        <ele>2019.1</ele>
      </trkpt>
      <trkpt lat="44.08575" lon="7.5388">
        <ele>2012.3</ele>
      </trkpt>
      <trkpt lat="44.08576" lon="7.53886">
        <ele>2010.9</ele>
      </trkpt>
      <trkpt lat="44.08575" lon="7.5391">
        <ele>2009.0</ele>
      </trkpt>
      <trkpt lat="44.08575" lon="7.53915">
        <ele>2008.5</ele>
      </trkpt>
      <trkpt lat="44.08569" lon="7.5393">
        <ele>2011.9</ele>
      </trkpt>
      <trkpt lat="44.08567" lon="7.5394">
        <ele>2012.6</ele>
      </trkpt>
      <trkpt lat="44.08566" lon="7.53952">
        <ele>2012.4</ele>
      </trkpt>
      <trkpt lat="44.08569" lon="7.53978">
        <ele>2008.6</ele>
      </trkpt>
      <trkpt lat="44.08568" lon="7.53985">
        <ele>2008.7</ele>
      </trkpt>
      <trkpt lat="44.08564" lon="7.54">
        <ele>2009.9</ele>
      </trkpt>
      <trkpt lat="44.08553" lon="7.54049">
        <ele>2009.0</ele>
      </trkpt>
      <trkpt lat="44.08552" lon="7.54067">
        <ele>2006.9</ele>
      </trkpt>
      <trkpt lat="44.0855" lon="7.54074">
        <ele>2007.0</ele>
      </trkpt>
      <trkpt lat="44.08546" lon="7.54079">
        <ele>2008.3</ele>
      </trkpt>
      <trkpt lat="44.08536" lon="7.54085">
        <ele>2013.0</ele>
      </trkpt>
      <trkpt lat="44.08534" lon="7.54089">
        <ele>2014.1</ele>
      </trkpt>
      <trkpt lat="44.0853" lon="7.541">
        <ele>2016.4</ele>
      </trkpt>
      <trkpt lat="44.0853" lon="7.54109">
        <ele>2016.6</ele>
      </trkpt>
      <trkpt lat="44.08558" lon="7.5421">
        <ele>2002.4</ele>
      </trkpt>
      <trkpt lat="44.08559" lon="7.54239">
        <ele>2003.1</ele>
      </trkpt>
      <trkpt lat="44.08559" lon="7.54239">
        <ele>2003.1</ele>
      </trkpt>
      <trkpt lat="44.08564" lon="7.54342">
        <ele>2003.8</ele>
      </trkpt>
      <trkpt lat="44.08602" lon="7.54423">
        <ele>1986.7</ele>
      </trkpt>
      <trkpt lat="44.08605" lon="7.54441">
        <ele>1987.1</ele>
      </trkpt>
      <trkpt lat="44.08601" lon="7.54492">
        <ele>1997.1</ele>
      </trkpt>
      <trkpt lat="44.08606" lon="7.54505">
        <ele>1994.8</ele>
      </trkpt>
      <trkpt lat="44.08626" lon="7.5452">
        <ele>1981.1</ele>
      </trkpt>
      <trkpt lat="44.0863" lon="7.54538">
        <ele>1979.1</ele>
      </trkpt>
      <trkpt lat="44.08632" lon="7.54557">
        <ele>1978.6</ele>
      </trkpt>
      <trkpt lat="44.08633" lon="7.54606">
        <ele>1977.2</ele>
      </trkpt>
      <trkpt lat="44.08622" lon="7.54672">
        <ele>1977.5</ele>
      </trkpt>
      <trkpt lat="44.0862" lon="7.54699">
        <ele>1975.2</ele>
      </trkpt>
      <trkpt lat="44.08625" lon="7.547">
        <ele>1972.5</ele>
      </trkpt>
      <trkpt lat="44.0863" lon="7.54688">
        <ele>1971.2</ele>
      </trkpt>
      <trkpt lat="44.0863" lon="7.54657">
        <ele>1974.5</ele>
      </trkpt>
      <trkpt lat="44.08635" lon="7.54636">
        <ele>1973.4</ele>
      </trkpt>
      <trkpt lat="44.0865" lon="7.54606">
        <ele>1966.5</ele>
      </trkpt>
      <trkpt lat="44.08652" lon="7.54583">
        <ele>1966.6</ele>
      </trkpt>
      <trkpt lat="44.08653" lon="7.54544">
        <ele>1963.6</ele>
      </trkpt>
      <trkpt lat="44.08651" lon="7.54509">
        <ele>1962.8</ele>
      </trkpt>
      <trkpt lat="44.08655" lon="7.54506">
        <ele>1959.8</ele>
      </trkpt>
      <trkpt lat="44.08659" lon="7.54509">
        <ele>1957.1</ele>
      </trkpt>
      <trkpt lat="44.0866" lon="7.54535">
        <ele>1958.1</ele>
      </trkpt>
      <trkpt lat="44.08667" lon="7.54587">
        <ele>1956.6</ele>
      </trkpt>
      <trkpt lat="44.08671" lon="7.54606">
        <ele>1952.9</ele>
      </trkpt>
      <trkpt lat="44.08669" lon="7.54618">
        <ele>1953.7</ele>
      </trkpt>
      <trkpt lat="44.08659" lon="7.54645">
        <ele>1958.5</ele>
      </trkpt>
      <trkpt lat="44.08659" lon="7.54662">
        <ele>1957.6</ele>
      </trkpt>
      <trkpt lat="44.08674" lon="7.54742">
        <ele>1942.5</ele>
      </trkpt>
      <trkpt lat="44.08699" lon="7.5485">
        <ele>1924.2</ele>
      </trkpt>
      <trkpt lat="44.08702" lon="7.54869">
        <ele>1921.6</ele>
      </trkpt>
      <trkpt lat="44.087" lon="7.54904">
        <ele>1920.7</ele>
      </trkpt>
      <trkpt lat="44.08697" lon="7.54932">
        <ele>1919.3</ele>
      </trkpt>
      <trkpt lat="44.08696" lon="7.54956">
        <ele>1916.5</ele>
      </trkpt>
      <trkpt lat="44.08695" lon="7.54979">
        <ele>1913.7</ele>
      </trkpt>
      <trkpt lat="44.08692" lon="7.54986">
        <ele>1913.4</ele>
      </trkpt>
      <trkpt lat="44.08688" lon="7.54989">
        <ele>1913.7</ele>
      </trkpt>
      <trkpt lat="44.08681" lon="7.54987">
        <ele>1915.3</ele>
      </trkpt>
      <trkpt lat="44.08647" lon="7.5496">
        <ele>1921.7</ele>
      </trkpt>
      <trkpt lat="44.08612" lon="7.54954">
        <ele>1919.5</ele>
      </trkpt>
      <trkpt lat="44.08567" lon="7.54962">
        <ele>1912.4</ele>
      </trkpt>
      <trkpt lat="44.08519" lon="7.54988">
        <ele>1899.2</ele>
      </trkpt>
      <trkpt lat="44.08491" lon="7.54995">
        <ele>1894.4</ele>
      </trkpt>
      <trkpt lat="44.08445" lon="7.5498">
        <ele>1896.5</ele>
      </trkpt>
      <trkpt lat="44.08399" lon="7.54966">
        <ele>1902.5</ele>
      </trkpt>
      <trkpt lat="44.08372" lon="7.54995">
        <ele>1896.0</ele>
      </trkpt>
      <trkpt lat="44.08372" lon="7.54995">
        <ele>1896.0</ele>
      </trkpt>
      <trkpt lat="44.0835" lon="7.55018">
        <ele>1890.5</ele>
      </trkpt>
      <trkpt lat="44.08315" lon="7.55064">
        <ele>1881.0</ele>
      </trkpt>
      <trkpt lat="44.08281" lon="7.55111">
        <ele>1874.0</ele>
      </trkpt>
      <trkpt lat="44.08239" lon="7.55158">
        <ele>1868.2</ele>
      </trkpt>
      <trkpt lat="44.08197" lon="7.55206">
        <ele>1865.2</ele>
      </trkpt>
      <trkpt lat="44.08143" lon="7.553">
        <ele>1850.5</ele>
      </trkpt>
      <trkpt lat="44.08119" lon="7.55359">
        <ele>1840.4</ele>
      </trkpt>
      <trkpt lat="44.08094" lon="7.55419">
        <ele>1828.6</ele>
      </trkpt>
      <trkpt lat="44.08071" lon="7.55441">
        <ele>1826.6</ele>
      </trkpt>
      <trkpt lat="44.08038" lon="7.55466">
        <ele>1822.9</ele>
      </trkpt>
      <trkpt lat="44.07989" lon="7.55496">
        <ele>1817.8</ele>
      </trkpt>
      <trkpt lat="44.0794" lon="7.55526">
        <ele>1814.3</ele>
      </trkpt>
      <trkpt lat="44.07884" lon="7.55583">
        <ele>1804.5</ele>
      </trkpt>
      <trkpt lat="44.07876" lon="7.55589">
        <ele>1804.6</ele>
      </trkpt>
      <trkpt lat="44.07876" lon="7.55596">
        <ele>1802.1</ele>
      </trkpt>
      <trkpt lat="44.07879" lon="7.55598">
        <ele>1800.5</ele>
      </trkpt>
      <trkpt lat="44.07883" lon="7.55595">
        <ele>1800.4</ele>
      </trkpt>
      <trkpt lat="44.07893" lon="7.55586">
        <ele>1800.8</ele>
      </trkpt>
      <trkpt lat="44.07922" lon="7.55573">
        <ele>1798.3</ele>
      </trkpt>
      <trkpt lat="44.07956" lon="7.5557">
        <ele>1793.7</ele>
      </trkpt>
      <trkpt lat="44.08044" lon="7.55571">
        <ele>1781.3</ele>
      </trkpt>
      <trkpt lat="44.08077" lon="7.5558">
        <ele>1774.8</ele>
      </trkpt>
      <trkpt lat="44.08106" lon="7.55584">
        <ele>1768.7</ele>
      </trkpt>
      <trkpt lat="44.08144" lon="7.55582">
        <ele>1762.5</ele>
      </trkpt>
      <trkpt lat="44.08162" lon="7.55577">
        <ele>1760.5</ele>
      </trkpt>
      <trkpt lat="44.08182" lon="7.55564">
        <ele>1757.4</ele>
      </trkpt>
      <trkpt lat="44.08206" lon="7.55547">
        <ele>1753.0</ele>
      </trkpt>
      <trkpt lat="44.08234" lon="7.55524">
        <ele>1748.6</ele>
      </trkpt>
      <trkpt lat="44.08253" lon="7.55505">
        <ele>1746.7</ele>
      </trkpt>
      <trkpt lat="44.08266" lon="7.55483">
        <ele>1749.1</ele>
      </trkpt>
      <trkpt lat="44.0827" lon="7.55483">
        <ele>1747.9</ele>
      </trkpt>
      <trkpt lat="44.08272" lon="7.55488">
        <ele>1745.7</ele>
      </trkpt>
      <trkpt lat="44.08253" lon="7.55541">
        <ele>1737.2</ele>
      </trkpt>
      <trkpt lat="44.08231" lon="7.5559">
        <ele>1732.5</ele>
      </trkpt>
      <trkpt lat="44.08226" lon="7.55616">
        <ele>1727.8</ele>
      </trkpt>
      <trkpt lat="44.08226" lon="7.55664">
        <ele>1716.0</ele>
      </trkpt>
      <trkpt lat="44.08221" lon="7.55679">
        <ele>1713.8</ele>
      </trkpt>
      <trkpt lat="44.08196" lon="7.55717">
        <ele>1710.2</ele>
      </trkpt>
      <trkpt lat="44.08177" lon="7.55739">
        <ele>1708.2</ele>
      </trkpt>
      <trkpt lat="44.08158" lon="7.55751">
        <ele>1707.5</ele>
      </trkpt>
      <trkpt lat="44.08135" lon="7.5575">
        <ele>1709.7</ele>
      </trkpt>
      <trkpt lat="44.08119" lon="7.55752">
        <ele>1710.5</ele>
      </trkpt>
      <trkpt lat="44.08105" lon="7.55764">
        <ele>1708.8</ele>
      </trkpt>
      <trkpt lat="44.08093" lon="7.55788">
        <ele>1704.1</ele>
      </trkpt>
      <trkpt lat="44.0808" lon="7.55835">
        <ele>1693.9</ele>
      </trkpt>
      <trkpt lat="44.08071" lon="7.55849">
        <ele>1691.0</ele>
      </trkpt>
      <trkpt lat="44.08061" lon="7.55858">
        <ele>1689.3</ele>
      </trkpt>
      <trkpt lat="44.0801" lon="7.55886">
        <ele>1684.7</ele>
      </trkpt>
      <trkpt lat="44.07978" lon="7.55917">
        <ele>1678.3</ele>
      </trkpt>
      <trkpt lat="44.0795" lon="7.55947">
        <ele>1673.2</ele>
      </trkpt>
      <trkpt lat="44.0794" lon="7.55968">
        <ele>1669.1</ele>
      </trkpt>
      <trkpt lat="44.07935" lon="7.55987">
        <ele>1665.0</ele>
      </trkpt>
      <trkpt lat="44.07898" lon="7.56033">
        <ele>1657.7</ele>
      </trkpt>
      <trkpt lat="44.07863" lon="7.56103">
        <ele>1642.6</ele>
      </trkpt>
      <trkpt lat="44.07811" lon="7.56161">
        <ele>1634.3</ele>
      </trkpt>
      <trkpt lat="44.07811" lon="7.56161">
        <ele>1634.3</ele>
      </trkpt>
      <trkpt lat="44.07804" lon="7.56168">
        <ele>1632.5</ele>
      </trkpt>
      <trkpt lat="44.07777" lon="7.56191">
        <ele>1623.9</ele>
      </trkpt>
      <trkpt lat="44.07749" lon="7.56207">
        <ele>1618.6</ele>
      </trkpt>
      <trkpt lat="44.0773" lon="7.56213">
        <ele>1615.2</ele>
      </trkpt>
      <trkpt lat="44.07709" lon="7.56208">
        <ele>1616.7</ele>
      </trkpt>
      <trkpt lat="44.07661" lon="7.5622">
        <ele>1608.6</ele>
      </trkpt>
      <trkpt lat="44.07589" lon="7.56191">
        <ele>1602.4</ele>
      </trkpt>
      <trkpt lat="44.07559" lon="7.56176">
        <ele>1604.5</ele>
      </trkpt>
      <trkpt lat="44.07546" lon="7.56175">
        <ele>1603.9</ele>
      </trkpt>
      <trkpt lat="44.07507" lon="7.56187">
        <ele>1595.1</ele>
      </trkpt>
      <trkpt lat="44.07492" lon="7.56189">
        <ele>1596.5</ele>
      </trkpt>
      <trkpt lat="44.07484" lon="7.56196">
        <ele>1596.2</ele>
      </trkpt>
      <trkpt lat="44.07476" lon="7.56216">
        <ele>1590.3</ele>
      </trkpt>
      <trkpt lat="44.07437" lon="7.56274">
        <ele>1578.6</ele>
      </trkpt>
      <trkpt lat="44.07398" lon="7.56332">
        <ele>1560.2</ele>
      </trkpt>
      <trkpt lat="44.07394" lon="7.56336">
        <ele>1559.7</ele>
      </trkpt>
      <trkpt lat="44.07389" lon="7.56338">
        <ele>1560.7</ele>
      </trkpt>
      <trkpt lat="44.07372" lon="7.56337">
        <ele>1567.1</ele>
      </trkpt>
      <trkpt lat="44.07362" lon="7.56342">
        <ele>1568.8</ele>
      </trkpt>
      <trkpt lat="44.07353" lon="7.5635">
        <ele>1569.2</ele>
      </trkpt>
      <trkpt lat="44.07346" lon="7.5637">
        <ele>1564.9</ele>
      </trkpt>
      <trkpt lat="44.07344" lon="7.56398">
        <ele>1556.1</ele>
      </trkpt>
      <trkpt lat="44.07335" lon="7.56429">
        <ele>1550.9</ele>
      </trkpt>
      <trkpt lat="44.07334" lon="7.5645">
        <ele>1545.8</ele>
      </trkpt>
      <trkpt lat="44.07327" lon="7.5647">
        <ele>1543.8</ele>
      </trkpt>
      <trkpt lat="44.07292" lon="7.56531">
        <ele>1540.0</ele>
      </trkpt>
      <trkpt lat="44.07258" lon="7.56591">
        <ele>1530.2</ele>
      </trkpt>
      <trkpt lat="44.07232" lon="7.56633">
        <ele>1523.9</ele>
      </trkpt>
      <trkpt lat="44.07198" lon="7.56674">
        <ele>1524.0</ele>
      </trkpt>
      <trkpt lat="44.07187" lon="7.56693">
        <ele>1522.2</ele>
      </trkpt>
      <trkpt lat="44.0717" lon="7.56758">
        <ele>1507.0</ele>
      </trkpt>
      <trkpt lat="44.0716" lon="7.56778">
        <ele>1503.1</ele>
      </trkpt>
      <trkpt lat="44.07142" lon="7.56806">
        <ele>1497.3</ele>
      </trkpt>
      <trkpt lat="44.07132" lon="7.56816">
        <ele>1495.8</ele>
      </trkpt>
      <trkpt lat="44.071" lon="7.56833">
        <ele>1495.9</ele>
      </trkpt>
      <trkpt lat="44.07055" lon="7.56866">
        <ele>1485.6</ele>
      </trkpt>
      <trkpt lat="44.07052" lon="7.56872">
        <ele>1483.7</ele>
      </trkpt>
      <trkpt lat="44.07053" lon="7.56877">
        <ele>1482.1</ele>
      </trkpt>
      <trkpt lat="44.07058" lon="7.56878">
        <ele>1481.6</ele>
      </trkpt>
      <trkpt lat="44.0707" lon="7.56869">
        <ele>1484.5</ele>
      </trkpt>
      <trkpt lat="44.07087" lon="7.56861">
        <ele>1487.1</ele>
      </trkpt>
      <trkpt lat="44.07116" lon="7.56857">
        <ele>1483.7</ele>
      </trkpt>
      <trkpt lat="44.0713" lon="7.56853">
        <ele>1482.8</ele>
      </trkpt>
      <trkpt lat="44.07175" lon="7.56829">
        <ele>1482.0</ele>
      </trkpt>
      <trkpt lat="44.07222" lon="7.56802">
        <ele>1475.1</ele>
      </trkpt>
      <trkpt lat="44.07236" lon="7.56786">
        <ele>1474.2</ele>
      </trkpt>
      <trkpt lat="44.07246" lon="7.56767">
        <ele>1474.9</ele>
      </trkpt>
      <trkpt lat="44.07258" lon="7.56752">
        <ele>1474.5</ele>
      </trkpt>
      <trkpt lat="44.07277" lon="7.5674">
        <ele>1473.4</ele>
      </trkpt>
      <trkpt lat="44.07302" lon="7.5673">
        <ele>1470.2</ele>
      </trkpt>
      <trkpt lat="44.07317" lon="7.56728">
        <ele>1467.0</ele>
      </trkpt>
      <trkpt lat="44.07345" lon="7.56744">
        <ele>1452.8</ele>
      </trkpt>
      <trkpt lat="44.07353" lon="7.56744">
        <ele>1449.3</ele>
      </trkpt>
      <trkpt lat="44.07366" lon="7.56733">
        <ele>1447.1</ele>
      </trkpt>
      <trkpt lat="44.074" lon="7.56688">
        <ele>1445.9</ele>
      </trkpt>
      <trkpt lat="44.07437" lon="7.56645">
        <ele>1442.0</ele>
      </trkpt>
      <trkpt lat="44.07451" lon="7.56623">
        <ele>1442.2</ele>
      </trkpt>
      <trkpt lat="44.07458" lon="7.56604">
        <ele>1444.8</ele>
      </trkpt>
      <trkpt lat="44.07462" lon="7.56588">
        <ele>1447.8</ele>
      </trkpt>
      <trkpt lat="44.07466" lon="7.56586">
        <ele>1446.9</ele>
      </trkpt>
      <trkpt lat="44.07468" lon="7.56592">
        <ele>1444.4</ele>
      </trkpt>
      <trkpt lat="44.07458" lon="7.56642">
        <ele>1434.1</ele>
      </trkpt>
      <trkpt lat="44.07448" lon="7.56679">
        <ele>1428.0</ele>
      </trkpt>
      <trkpt lat="44.0742" lon="7.56739">
        <ele>1422.0</ele>
      </trkpt>
      <trkpt lat="44.07392" lon="7.56799">
        <ele>1414.8</ele>
      </trkpt>
      <trkpt lat="44.07379" lon="7.56833">
        <ele>1409.0</ele>
      </trkpt>
      <trkpt lat="44.0737" lon="7.56846">
        <ele>1409.2</ele>
      </trkpt>
      <trkpt lat="44.07354" lon="7.56854">
        <ele>1413.6</ele>
      </trkpt>
      <trkpt lat="44.07347" lon="7.56865">
        <ele>1413.7</ele>
      </trkpt>
      <trkpt lat="44.0734" lon="7.56891">
        <ele>1410.3</ele>
      </trkpt>
      <trkpt lat="44.07337" lon="7.56962">
        <ele>1396.2</ele>
      </trkpt>
      <trkpt lat="44.07329" lon="7.56994">
        <ele>1392.9</ele>
      </trkpt>
      <trkpt lat="44.07317" lon="7.57035">
        <ele>1388.0</ele>
      </trkpt>
      <trkpt lat="44.07308" lon="7.57084">
        <ele>1378.8</ele>
      </trkpt>
      <trkpt lat="44.07302" lon="7.57113">
        <ele>1373.4</ele>
      </trkpt>
      <trkpt lat="44.07291" lon="7.57134">
        <ele>1370.2</ele>
      </trkpt>
      <trkpt lat="44.07281" lon="7.57142">
        <ele>1369.7</ele>
      </trkpt>
      <trkpt lat="44.07261" lon="7.5715">
        <ele>1370.2</ele>
      </trkpt>
      <trkpt lat="44.07241" lon="7.5715">
        <ele>1371.0</ele>
      </trkpt>
      <trkpt lat="44.07225" lon="7.57144">
        <ele>1371.8</ele>
      </trkpt>
      <trkpt lat="44.07211" lon="7.57132">
        <ele>1375.1</ele>
      </trkpt>
      <trkpt lat="44.07201" lon="7.57128">
        <ele>1375.8</ele>
      </trkpt>
      <trkpt lat="44.0717" lon="7.57125">
        <ele>1374.7</ele>
      </trkpt>
      <trkpt lat="44.07161" lon="7.57132">
        <ele>1372.2</ele>
      </trkpt>
      <trkpt lat="44.07148" lon="7.57147">
        <ele>1367.5</ele>
      </trkpt>
      <trkpt lat="44.0714" lon="7.57152">
        <ele>1366.2</ele>
      </trkpt>
      <trkpt lat="44.07129" lon="7.57152">
        <ele>1367.3</ele>
      </trkpt>
      <trkpt lat="44.07115" lon="7.57138">
        <ele>1373.9</ele>
      </trkpt>
      <trkpt lat="44.07108" lon="7.57137">
        <ele>1374.9</ele>
      </trkpt>
      <trkpt lat="44.07098" lon="7.5714">
        <ele>1374.6</ele>
      </trkpt>
      <trkpt lat="44.07084" lon="7.57153">
        <ele>1371.0</ele>
      </trkpt>
      <trkpt lat="44.07076" lon="7.57166">
        <ele>1368.9</ele>
      </trkpt>
      <trkpt lat="44.07061" lon="7.57229">
        <ele>1356.7</ele>
      </trkpt>
      <trkpt lat="44.07062" lon="7.57229">
        <ele>1356.4</ele>
      </trkpt>
      <trkpt lat="44.07052" lon="7.57265">
        <ele>1348.1</ele>
      </trkpt>
      <trkpt lat="44.07044" lon="7.57281">
        <ele>1344.6</ele>
      </trkpt>
      <trkpt lat="44.07034" lon="7.5729">
        <ele>1343.2</ele>
      </trkpt>
      <trkpt lat="44.07021" lon="7.57295">
        <ele>1343.5</ele>
      </trkpt>
      <trkpt lat="44.07009" lon="7.57292">
        <ele>1346.5</ele>
      </trkpt>
      <trkpt lat="44.06986" lon="7.57281">
        <ele>1351.1</ele>
      </trkpt>
      <trkpt lat="44.06916" lon="7.57278">
        <ele>1347.3</ele>
      </trkpt>
      <trkpt lat="44.06902" lon="7.57281">
        <ele>1348.2</ele>
      </trkpt>
      <trkpt lat="44.06887" lon="7.57289">
        <ele>1347.5</ele>
      </trkpt>
      <trkpt lat="44.06882" lon="7.57304">
        <ele>1342.9</ele>
      </trkpt>
      <trkpt lat="44.06858" lon="7.57336">
        <ele>1337.4</ele>
      </trkpt>
      <trkpt lat="44.06842" lon="7.57374">
        <ele>1332.8</ele>
      </trkpt>
      <trkpt lat="44.06827" lon="7.57415">
        <ele>1327.1</ele>
      </trkpt>
      <trkpt lat="44.06814" lon="7.57466">
        <ele>1318.6</ele>
      </trkpt>
      <trkpt lat="44.06808" lon="7.57482">
        <ele>1316.6</ele>
      </trkpt>
      <trkpt lat="44.06793" lon="7.57502">
        <ele>1315.6</ele>
      </trkpt>
      <trkpt lat="44.06784" lon="7.5751">
        <ele>1315.2</ele>
      </trkpt>
      <trkpt lat="44.06782" lon="7.57516">
        <ele>1313.9</ele>
      </trkpt>
      <trkpt lat="44.06783" lon="7.57523">
        <ele>1311.7</ele>
      </trkpt>
      <trkpt lat="44.06789" lon="7.57524">
        <ele>1310.1</ele>
      </trkpt>
      <trkpt lat="44.06813" lon="7.57498">
        <ele>1312.5</ele>
      </trkpt>
      <trkpt lat="44.0686" lon="7.5746">
        <ele>1307.0</ele>
      </trkpt>
      <trkpt lat="44.06869" lon="7.57447">
        <ele>1306.9</ele>
      </trkpt>
      <trkpt lat="44.06876" lon="7.57433">
        <ele>1308.0</ele>
      </trkpt>
      <trkpt lat="44.06889" lon="7.57418">
        <ele>1307.6</ele>
      </trkpt>
      <trkpt lat="44.06893" lon="7.57418">
        <ele>1306.3</ele>
      </trkpt>
      <trkpt lat="44.06895" lon="7.57422">
        <ele>1304.6</ele>
      </trkpt>
      <trkpt lat="44.06894" lon="7.57427">
        <ele>1303.6</ele>
      </trkpt>
      <trkpt lat="44.06883" lon="7.57441">
        <ele>1303.6</ele>
      </trkpt>
      <trkpt lat="44.06857" lon="7.57523">
        <ele>1291.9</ele>
      </trkpt>
      <trkpt lat="44.06846" lon="7.57544">
        <ele>1289.9</ele>
      </trkpt>
      <trkpt lat="44.06828" lon="7.57576">
        <ele>1286.4</ele>
      </trkpt>
      <trkpt lat="44.06821" lon="7.57586">
        <ele>1285.0</ele>
      </trkpt>
      <trkpt lat="44.06812" lon="7.57594">
        <ele>1284.5</ele>
      </trkpt>
      <trkpt lat="44.0681" lon="7.576">
        <ele>1283.1</ele>
      </trkpt>
      <trkpt lat="44.06811" lon="7.57604">
        <ele>1281.6</ele>
      </trkpt>
      <trkpt lat="44.06815" lon="7.57605">
        <ele>1280.4</ele>
      </trkpt>
      <trkpt lat="44.06819" lon="7.57602">
        <ele>1280.4</ele>
      </trkpt>
      <trkpt lat="44.06833" lon="7.57586">
        <ele>1282.2</ele>
      </trkpt>
      <trkpt lat="44.06851" lon="7.57573">
        <ele>1279.5</ele>
      </trkpt>
      <trkpt lat="44.06884" lon="7.57556">
        <ele>1271.9</ele>
      </trkpt>
      <trkpt lat="44.06895" lon="7.57544">
        <ele>1271.2</ele>
      </trkpt>
      <trkpt lat="44.06916" lon="7.57498">
        <ele>1275.8</ele>
      </trkpt>
      <trkpt lat="44.06921" lon="7.57497">
        <ele>1275.9</ele>
      </trkpt>
      <trkpt lat="44.06923" lon="7.57501">
        <ele>1274.7</ele>
      </trkpt>
      <trkpt lat="44.06923" lon="7.57507">
        <ele>1273.0</ele>
      </trkpt>
      <trkpt lat="44.06913" lon="7.57526">
        <ele>1269.2</ele>
      </trkpt>
      <trkpt lat="44.06908" lon="7.57548">
        <ele>1265.1</ele>
      </trkpt>
      <trkpt lat="44.06899" lon="7.57574">
        <ele>1261.2</ele>
      </trkpt>
      <trkpt lat="44.06868" lon="7.57625">
        <ele>1256.3</ele>
      </trkpt>
      <trkpt lat="44.06859" lon="7.5765">
        <ele>1251.7</ele>
      </trkpt>
      <trkpt lat="44.06848" lon="7.5767">
        <ele>1249.7</ele>
      </trkpt>
      <trkpt lat="44.06818" lon="7.57707">
        <ele>1246.7</ele>
      </trkpt>
      <trkpt lat="44.06804" lon="7.57717">
        <ele>1246.8</ele>
      </trkpt>
      <trkpt lat="44.06787" lon="7.57739">
        <ele>1243.8</ele>
      </trkpt>
      <trkpt lat="44.06774" lon="7.57759">
        <ele>1241.1</ele>
      </trkpt>
      <trkpt lat="44.06768" lon="7.57772">
        <ele>1239.1</ele>
      </trkpt>
      <trkpt lat="44.06768" lon="7.57777">
        <ele>1237.7</ele>
      </trkpt>
      <trkpt lat="44.06772" lon="7.57786">
        <ele>1234.0</ele>
      </trkpt>
      <trkpt lat="44.06777" lon="7.57785">
        <ele>1232.8</ele>
      </trkpt>
      <trkpt lat="44.06798" lon="7.57749">
        <ele>1237.7</ele>
      </trkpt>
      <trkpt lat="44.0681" lon="7.57741">
        <ele>1237.2</ele>
      </trkpt>
      <trkpt lat="44.06821" lon="7.57738">
        <ele>1235.4</ele>
      </trkpt>
      <trkpt lat="44.06838" lon="7.57737">
        <ele>1230.8</ele>
      </trkpt>
      <trkpt lat="44.06851" lon="7.57732">
        <ele>1227.7</ele>
      </trkpt>
      <trkpt lat="44.06864" lon="7.57723">
        <ele>1225.8</ele>
      </trkpt>
      <trkpt lat="44.06896" lon="7.57692">
        <ele>1223.0</ele>
      </trkpt>
      <trkpt lat="44.06918" lon="7.57665">
        <ele>1222.3</ele>
      </trkpt>
      <trkpt lat="44.06934" lon="7.57649">
        <ele>1224.5</ele>
      </trkpt>
      <trkpt lat="44.06946" lon="7.57625">
        <ele>1231.0</ele>
      </trkpt>
      <trkpt lat="44.06953" lon="7.5762">
        <ele>1231.5</ele>
      </trkpt>
      <trkpt lat="44.06961" lon="7.57622">
        <ele>1229.1</ele>
      </trkpt>
      <trkpt lat="44.06971" lon="7.57631">
        <ele>1223.5</ele>
      </trkpt>
      <trkpt lat="44.06988" lon="7.57649">
        <ele>1212.3</ele>
      </trkpt>
      <trkpt lat="44.06995" lon="7.5765">
        <ele>1210.3</ele>
      </trkpt>
      <trkpt lat="44.07044" lon="7.57642">
        <ele>1210.2</ele>
      </trkpt>
      <trkpt lat="44.07044" lon="7.57642">
        <ele>1210.2</ele>
      </trkpt>
      <trkpt lat="44.07071" lon="7.57638">
        <ele>1210.4</ele>
      </trkpt>
      <trkpt lat="44.0709" lon="7.57639">
        <ele>1209.0</ele>
      </trkpt>
      <trkpt lat="44.07138" lon="7.57652">
        <ele>1203.2</ele>
      </trkpt>
      <trkpt lat="44.07148" lon="7.5765">
        <ele>1203.6</ele>
      </trkpt>
      <trkpt lat="44.0716" lon="7.57644">
        <ele>1204.8</ele>
      </trkpt>
      <trkpt lat="44.07168" lon="7.57643">
        <ele>1205.3</ele>
      </trkpt>
      <trkpt lat="44.07175" lon="7.57649">
        <ele>1206.6</ele>
      </trkpt>
      <trkpt lat="44.07181" lon="7.57659">
        <ele>1207.3</ele>
      </trkpt>
      <trkpt lat="44.07181" lon="7.5767">
        <ele>1206.9</ele>
      </trkpt>
      <trkpt lat="44.07167" lon="7.57709">
        <ele>1208.8</ele>
      </trkpt>
      <trkpt lat="44.07159" lon="7.57721">
        <ele>1209.3</ele>
      </trkpt>
      <trkpt lat="44.07148" lon="7.57729">
        <ele>1207.7</ele>
      </trkpt>
      <trkpt lat="44.07104" lon="7.57729">
        <ele>1195.8</ele>
      </trkpt>
      <trkpt lat="44.07094" lon="7.57735">
        <ele>1192.7</ele>
      </trkpt>
      <trkpt lat="44.07075" lon="7.57762">
        <ele>1188.3</ele>
      </trkpt>
      <trkpt lat="44.07062" lon="7.57786">
        <ele>1187.6</ele>
      </trkpt>
      <trkpt lat="44.07052" lon="7.57814">
        <ele>1185.9</ele>
      </trkpt>
      <trkpt lat="44.07049" lon="7.57838">
        <ele>1185.2</ele>
      </trkpt>
      <trkpt lat="44.07047" lon="7.57854">
        <ele>1183.0</ele>
      </trkpt>
      <trkpt lat="44.07048" lon="7.5787">
        <ele>1182.4</ele>
      </trkpt>
      <trkpt lat="44.07055" lon="7.57932">
        <ele>1182.5</ele>
      </trkpt>
      <trkpt lat="44.07061" lon="7.57995">
        <ele>1181.5</ele>
      </trkpt>
      <trkpt lat="44.07073" lon="7.58088">
        <ele>1168.6</ele>
      </trkpt>
      <trkpt lat="44.07076" lon="7.58106">
        <ele>1165.0</ele>
      </trkpt>
      <trkpt lat="44.07083" lon="7.58122">
        <ele>1164.8</ele>
      </trkpt>
      <trkpt lat="44.07095" lon="7.58141">
        <ele>1163.1</ele>
      </trkpt>
      <trkpt lat="44.07123" lon="7.58171">
        <ele>1162.7</ele>
      </trkpt>
      <trkpt lat="44.07155" lon="7.58191">
        <ele>1164.6</ele>
      </trkpt>
      <trkpt lat="44.07203" lon="7.58231">
        <ele>1155.1</ele>
      </trkpt>
      <trkpt lat="44.07224" lon="7.58237">
        <ele>1156.0</ele>
      </trkpt>
      <trkpt lat="44.07239" lon="7.58235">
        <ele>1159.7</ele>
      </trkpt>
      <trkpt lat="44.07305" lon="7.58216">
        <ele>1167.9</ele>
      </trkpt>
      <trkpt lat="44.07312" lon="7.58216">
        <ele>1167.6</ele>
      </trkpt>
      <trkpt lat="44.07321" lon="7.58219">
        <ele>1165.8</ele>
      </trkpt>
      <trkpt lat="44.07331" lon="7.58224">
        <ele>1162.9</ele>
      </trkpt>
      <trkpt lat="44.07383" lon="7.58244">
        <ele>1158.4</ele>
      </trkpt>
      <trkpt lat="44.07429" lon="7.5827">
        <ele>1150.7</ele>
      </trkpt>
      <trkpt lat="44.07438" lon="7.58272">
        <ele>1151.3</ele>
      </trkpt>
      <trkpt lat="44.07461" lon="7.58271">
        <ele>1156.0</ele>
      </trkpt>
      <trkpt lat="44.07465" lon="7.58273">
        <ele>1155.8</ele>
      </trkpt>
      <trkpt lat="44.07466" lon="7.58276">
        <ele>1154.6</ele>
      </trkpt>
      <trkpt lat="44.07463" lon="7.5828">
        <ele>1152.2</ele>
      </trkpt>
      <trkpt lat="44.07428" lon="7.58286">
        <ele>1142.3</ele>
      </trkpt>
      <trkpt lat="44.07393" lon="7.58282">
        <ele>1139.5</ele>
      </trkpt>
      <trkpt lat="44.0738" lon="7.58277">
        <ele>1140.8</ele>
      </trkpt>
      <trkpt lat="44.07362" lon="7.58273">
        <ele>1140.9</ele>
      </trkpt>
      <trkpt lat="44.07358" lon="7.58273">
        <ele>1140.5</ele>
      </trkpt>
      <trkpt lat="44.07356" lon="7.58277">
        <ele>1138.2</ele>
      </trkpt>
      <trkpt lat="44.07357" lon="7.58282">
        <ele>1135.7</ele>
      </trkpt>
      <trkpt lat="44.07367" lon="7.58287">
        <ele>1134.1</ele>
      </trkpt>
      <trkpt lat="44.07405" lon="7.58308">
        <ele>1127.1</ele>
      </trkpt>
      <trkpt lat="44.07432" lon="7.58321">
        <ele>1125.3</ele>
      </trkpt>
      <trkpt lat="44.07448" lon="7.58322">
        <ele>1128.8</ele>
      </trkpt>
      <trkpt lat="44.07468" lon="7.58316">
        <ele>1136.6</ele>
      </trkpt>
      <trkpt lat="44.07474" lon="7.58317">
        <ele>1137.5</ele>
      </trkpt>
      <trkpt lat="44.07477" lon="7.58321">
        <ele>1136.5</ele>
      </trkpt>
      <trkpt lat="44.07486" lon="7.5836">
        <ele>1123.9</ele>
      </trkpt>
      <trkpt lat="44.07492" lon="7.5837">
        <ele>1122.4</ele>
      </trkpt>
      <trkpt lat="44.07507" lon="7.58383">
        <ele>1125.0</ele>
      </trkpt>
      <trkpt lat="44.07511" lon="7.58392">
        <ele>1124.6</ele>
      </trkpt>
      <trkpt lat="44.07512" lon="7.58406">
        <ele>1121.1</ele>
      </trkpt>
      <trkpt lat="44.07508" lon="7.58447">
        <ele>1110.8</ele>
      </trkpt>
      <trkpt lat="44.07506" lon="7.58506">
        <ele>1100.8</ele>
      </trkpt>
      <trkpt lat="44.07505" lon="7.58512">
        <ele>1099.4</ele>
      </trkpt>
      <trkpt lat="44.07502" lon="7.58513">
        <ele>1097.2</ele>
      </trkpt>
      <trkpt lat="44.07499" lon="7.58512">
        <ele>1095.2</ele>
      </trkpt>
      <trkpt lat="44.07498" lon="7.58506">
        <ele>1095.2</ele>
      </trkpt>
      <trkpt lat="44.07499" lon="7.58501">
        <ele>1096.3</ele>
      </trkpt>
      <trkpt lat="44.07499" lon="7.58442">
        <ele>1105.6</ele>
      </trkpt>
      <trkpt lat="44.07498" lon="7.58437">
        <ele>1105.9</ele>
      </trkpt>
      <trkpt lat="44.07495" lon="7.58434">
        <ele>1105.0</ele>
      </trkpt>
      <trkpt lat="44.07492" lon="7.58436">
        <ele>1103.2</ele>
      </trkpt>
      <trkpt lat="44.07491" lon="7.5844">
        <ele>1102.1</ele>
      </trkpt>
      <trkpt lat="44.07488" lon="7.58524">
        <ele>1087.1</ele>
      </trkpt>
      <trkpt lat="44.07489" lon="7.58534">
        <ele>1086.5</ele>
      </trkpt>
      <trkpt lat="44.07496" lon="7.58567">
        <ele>1087.7</ele>
      </trkpt>
      <trkpt lat="44.07495" lon="7.58574">
        <ele>1086.2</ele>
      </trkpt>
      <trkpt lat="44.07493" lon="7.58579">
        <ele>1084.2</ele>
      </trkpt>
      <trkpt lat="44.0749" lon="7.58581">
        <ele>1081.7</ele>
      </trkpt>
      <trkpt lat="44.07488" lon="7.58577">
        <ele>1080.7</ele>
      </trkpt>
      <trkpt lat="44.07479" lon="7.58527">
        <ele>1080.9</ele>
      </trkpt>
      <trkpt lat="44.07476" lon="7.58521">
        <ele>1079.9</ele>
      </trkpt>
      <trkpt lat="44.07472" lon="7.58519">
        <ele>1077.6</ele>
      </trkpt>
      <trkpt lat="44.0747" lon="7.58522">
        <ele>1075.9</ele>
      </trkpt>
      <trkpt lat="44.07469" lon="7.5853">
        <ele>1074.0</ele>
      </trkpt>
      <trkpt lat="44.07473" lon="7.58571">
        <ele>1070.5</ele>
      </trkpt>
      <trkpt lat="44.0748" lon="7.58599">
        <ele>1071.0</ele>
      </trkpt>
      <trkpt lat="44.07488" lon="7.5862">
        <ele>1073.0</ele>
      </trkpt>
      <trkpt lat="44.07503" lon="7.58646">
        <ele>1078.8</ele>
      </trkpt>
      <trkpt lat="44.07506" lon="7.5866">
        <ele>1078.1</ele>
      </trkpt>
      <trkpt lat="44.07505" lon="7.58672">
        <ele>1076.5</ele>
      </trkpt>
      <trkpt lat="44.07496" lon="7.58712">
        <ele>1072.3</ele>
      </trkpt>
      <trkpt lat="44.07491" lon="7.58727">
        <ele>1069.3</ele>
      </trkpt>
      <trkpt lat="44.07484" lon="7.58735">
        <ele>1064.6</ele>
      </trkpt>
      <trkpt lat="44.07484" lon="7.58735">
        <ele>1064.6</ele>
      </trkpt>
      <trkpt lat="44.07477" lon="7.58744">
        <ele>1059.9</ele>
      </trkpt>
      <trkpt lat="44.07464" lon="7.58757">
        <ele>1050.9</ele>
      </trkpt>
      <trkpt lat="44.07459" lon="7.58766">
        <ele>1047.7</ele>
      </trkpt>
      <trkpt lat="44.07457" lon="7.58778">
        <ele>1046.7</ele>
      </trkpt>
      <trkpt lat="44.07456" lon="7.58804">
        <ele>1047.2</ele>
      </trkpt>
      <trkpt lat="44.07452" lon="7.5885">
        <ele>1044.5</ele>
      </trkpt>
      <trkpt lat="44.07449" lon="7.58855">
        <ele>1042.2</ele>
      </trkpt>
      <trkpt lat="44.07447" lon="7.58855">
        <ele>1040.9</ele>
      </trkpt>
      <trkpt lat="44.07445" lon="7.58851">
        <ele>1039.9</ele>
      </trkpt>
      <trkpt lat="44.07449" lon="7.5881">
        <ele>1042.6</ele>
      </trkpt>
      <trkpt lat="44.07447" lon="7.58805">
        <ele>1041.0</ele>
      </trkpt>
      <trkpt lat="44.07444" lon="7.58806">
        <ele>1038.9</ele>
      </trkpt>
      <trkpt lat="44.07442" lon="7.58811">
        <ele>1037.8</ele>
      </trkpt>
      <trkpt lat="44.07441" lon="7.58828">
        <ele>1038.1</ele>
      </trkpt>
      <trkpt lat="44.07437" lon="7.58853">
        <ele>1034.6</ele>
      </trkpt>
      <trkpt lat="44.0744" lon="7.58899">
        <ele>1033.9</ele>
      </trkpt>
      <trkpt lat="44.07439" lon="7.58905">
        <ele>1033.0</ele>
      </trkpt>
      <trkpt lat="44.07436" lon="7.58909">
        <ele>1031.1</ele>
      </trkpt>
      <trkpt lat="44.07434" lon="7.58907">
        <ele>1030.0</ele>
      </trkpt>
      <trkpt lat="44.07428" lon="7.5885">
        <ele>1029.0</ele>
      </trkpt>
      <trkpt lat="44.07425" lon="7.58845">
        <ele>1027.2</ele>
      </trkpt>
      <trkpt lat="44.07422" lon="7.58845">
        <ele>1025.2</ele>
      </trkpt>
      <trkpt lat="44.07421" lon="7.58849">
        <ele>1024.4</ele>
      </trkpt>
      <trkpt lat="44.07419" lon="7.58923">
        <ele>1019.8</ele>
      </trkpt>
      <trkpt lat="44.07424" lon="7.58945">
        <ele>1017.2</ele>
      </trkpt>
      <trkpt lat="44.07451" lon="7.59012">
        <ele>1014.4</ele>
      </trkpt>
      <trkpt lat="44.07481" lon="7.59071">
        <ele>1014.1</ele>
      </trkpt>
      <trkpt lat="44.0749" lon="7.59085">
        <ele>1015.3</ele>
      </trkpt>
      <trkpt lat="44.0749" lon="7.5909">
        <ele>1014.2</ele>
      </trkpt>
      <trkpt lat="44.07488" lon="7.59094">
        <ele>1012.4</ele>
      </trkpt>
      <trkpt lat="44.07486" lon="7.59093">
        <ele>1011.5</ele>
      </trkpt>
      <trkpt lat="44.07463" lon="7.59062">
        <ele>1006.9</ele>
      </trkpt>
      <trkpt lat="44.0746" lon="7.59062">
        <ele>1005.3</ele>
      </trkpt>
      <trkpt lat="44.07457" lon="7.59065">
        <ele>1002.9</ele>
      </trkpt>
      <trkpt lat="44.07458" lon="7.59071">
        <ele>1001.7</ele>
      </trkpt>
      <trkpt lat="44.07469" lon="7.59085">
        <ele>1003.9</ele>
      </trkpt>
      <trkpt lat="44.07483" lon="7.59113">
        <ele>1005.8</ele>
      </trkpt>
      <trkpt lat="44.07485" lon="7.59132">
        <ele>1003.0</ele>
      </trkpt>
      <trkpt lat="44.07488" lon="7.59163">
        <ele>998.3</ele>
      </trkpt>
      <trkpt lat="44.07487" lon="7.59197">
        <ele>991.9</ele>
      </trkpt>
      <trkpt lat="44.07488" lon="7.59223">
        <ele>988.1</ele>
      </trkpt>
      <trkpt lat="44.07497" lon="7.59258">
        <ele>986.8</ele>
      </trkpt>
      <trkpt lat="44.0751" lon="7.59301">
        <ele>982.5</ele>
      </trkpt>
      <trkpt lat="44.07514" lon="7.59337">
        <ele>975.5</ele>
      </trkpt>
      <trkpt lat="44.07523" lon="7.59361">
        <ele>968.9</ele>
      </trkpt>
      <trkpt lat="44.07527" lon="7.59366">
        <ele>967.7</ele>
      </trkpt>
      <trkpt lat="44.07528" lon="7.59371">
        <ele>966.1</ele>
      </trkpt>
      <trkpt lat="44.07525" lon="7.59374">
        <ele>964.7</ele>
      </trkpt>
      <trkpt lat="44.07522" lon="7.59373">
        <ele>964.7</ele>
      </trkpt>
      <trkpt lat="44.07511" lon="7.59349">
        <ele>971.1</ele>
      </trkpt>
      <trkpt lat="44.075" lon="7.5932">
        <ele>976.6</ele>
      </trkpt>
      <trkpt lat="44.07497" lon="7.59317">
        <ele>975.4</ele>
      </trkpt>
      <trkpt lat="44.07495" lon="7.59318">
        <ele>974.0</ele>
      </trkpt>
      <trkpt lat="44.07494" lon="7.59322">
        <ele>972.6</ele>
      </trkpt>
      <trkpt lat="44.07496" lon="7.59331">
        <ele>972.1</ele>
      </trkpt>
      <trkpt lat="44.07505" lon="7.59371">
        <ele>963.3</ele>
      </trkpt>
      <trkpt lat="44.07511" lon="7.5939">
        <ele>957.9</ele>
      </trkpt>
      <trkpt lat="44.07521" lon="7.59402">
        <ele>954.7</ele>
      </trkpt>
      <trkpt lat="44.07532" lon="7.59409">
        <ele>952.9</ele>
      </trkpt>
      <trkpt lat="44.07542" lon="7.59409">
        <ele>953.4</ele>
      </trkpt>
      <trkpt lat="44.07551" lon="7.59405">
        <ele>955.4</ele>
      </trkpt>
      <trkpt lat="44.07603" lon="7.59378">
        <ele>967.0</ele>
      </trkpt>
      <trkpt lat="44.07607" lon="7.59377">
        <ele>967.0</ele>
      </trkpt>
      <trkpt lat="44.07609" lon="7.5938">
        <ele>965.3</ele>
      </trkpt>
      <trkpt lat="44.07606" lon="7.59387">
        <ele>962.5</ele>
      </trkpt>
      <trkpt lat="44.0755" lon="7.59433">
        <ele>943.7</ele>
      </trkpt>
      <trkpt lat="44.07543" lon="7.59437">
        <ele>941.8</ele>
      </trkpt>
      <trkpt lat="44.07543" lon="7.59437">
        <ele>941.8</ele>
      </trkpt>
      <trkpt lat="44.07541" lon="7.59438">
        <ele>941.3</ele>
      </trkpt>
      <trkpt lat="44.0754" lon="7.59443">
        <ele>939.1</ele>
      </trkpt>
      <trkpt lat="44.07543" lon="7.59446">
        <ele>937.9</ele>
      </trkpt>
      <trkpt lat="44.07546" lon="7.59446">
        <ele>937.9</ele>
      </trkpt>
      <trkpt lat="44.07611" lon="7.59421">
        <ele>946.4</ele>
      </trkpt>
      <trkpt lat="44.07623" lon="7.59418">
        <ele>946.2</ele>
      </trkpt>
      <trkpt lat="44.07655" lon="7.59424">
        <ele>939.3</ele>
      </trkpt>
      <trkpt lat="44.07695" lon="7.59424">
        <ele>938.4</ele>
      </trkpt>
      <trkpt lat="44.07714" lon="7.59428">
        <ele>937.0</ele>
      </trkpt>
      <trkpt lat="44.07734" lon="7.59438">
        <ele>932.9</ele>
      </trkpt>
      <trkpt lat="44.07781" lon="7.59477">
        <ele>916.7</ele>
      </trkpt>
      <trkpt lat="44.07809" lon="7.59502">
        <ele>907.0</ele>
      </trkpt>
      <trkpt lat="44.07819" lon="7.59509">
        <ele>904.8</ele>
      </trkpt>
      <trkpt lat="44.07826" lon="7.59511">
        <ele>904.4</ele>
      </trkpt>
      <trkpt lat="44.07834" lon="7.59511">
        <ele>904.6</ele>
      </trkpt>
      <trkpt lat="44.07851" lon="7.59505">
        <ele>903.3</ele>
      </trkpt>
      <trkpt lat="44.07867" lon="7.59497">
        <ele>902.8</ele>
      </trkpt>
      <trkpt lat="44.07883" lon="7.59485">
        <ele>903.5</ele>
      </trkpt>
      <trkpt lat="44.07931" lon="7.5944">
        <ele>903.2</ele>
      </trkpt>
      <trkpt lat="44.07933" lon="7.5944">
        <ele>902.4</ele>
      </trkpt>
      <trkpt lat="44.07935" lon="7.59443">
        <ele>900.7</ele>
      </trkpt>
      <trkpt lat="44.07934" lon="7.59448">
        <ele>899.7</ele>
      </trkpt>
      <trkpt lat="44.07902" lon="7.59503">
        <ele>893.2</ele>
      </trkpt>
      <trkpt lat="44.07901" lon="7.59509">
        <ele>891.5</ele>
      </trkpt>
      <trkpt lat="44.07902" lon="7.59513">
        <ele>890.1</ele>
      </trkpt>
      <trkpt lat="44.07907" lon="7.59511">
        <ele>889.7</ele>
      </trkpt>
      <trkpt lat="44.07962" lon="7.59454">
        <ele>887.2</ele>
      </trkpt>
      <trkpt lat="44.07972" lon="7.59428">
        <ele>889.4</ele>
      </trkpt>
      <trkpt lat="44.07982" lon="7.59411">
        <ele>890.0</ele>
      </trkpt>
      <trkpt lat="44.07996" lon="7.59398">
        <ele>889.1</ele>
      </trkpt>
      <trkpt lat="44.08056" lon="7.59362">
        <ele>883.1</ele>
      </trkpt>
      <trkpt lat="44.08115" lon="7.59327">
        <ele>872.0</ele>
      </trkpt>
      <trkpt lat="44.08121" lon="7.59321">
        <ele>871.6</ele>
      </trkpt>
      <trkpt lat="44.08126" lon="7.59321">
        <ele>869.7</ele>
      </trkpt>
      <trkpt lat="44.08133" lon="7.59313">
        <ele>869.5</ele>
      </trkpt>
      <trkpt lat="44.08146" lon="7.59305">
        <ele>866.8</ele>
      </trkpt>
      <trkpt lat="44.08152" lon="7.59298">
        <ele>866.6</ele>
      </trkpt>
      <trkpt lat="44.08155" lon="7.59291">
        <ele>867.5</ele>
      </trkpt>
      <trkpt lat="44.08161" lon="7.59271">
        <ele>865.7</ele>
      </trkpt>
      <trkpt lat="44.08165" lon="7.59262">
        <ele>864.8</ele>
      </trkpt>
      <trkpt lat="44.0817" lon="7.59256">
        <ele>864.1</ele>
      </trkpt>
      <trkpt lat="44.08177" lon="7.59257">
        <ele>863.3</ele>
      </trkpt>
      <trkpt lat="44.08187" lon="7.59269">
        <ele>861.8</ele>
      </trkpt>
      <trkpt lat="44.08195" lon="7.59271">
        <ele>858.1</ele>
      </trkpt>
      <trkpt lat="44.08219" lon="7.59264">
        <ele>851.7</ele>
      </trkpt>
      <trkpt lat="44.08228" lon="7.59256">
        <ele>851.4</ele>
      </trkpt>
      <trkpt lat="44.0823" lon="7.59255">
        <ele>851.1</ele>
      </trkpt>
      <trkpt lat="44.08253" lon="7.59234">
        <ele>852.5</ele>
      </trkpt>
      <trkpt lat="44.08263" lon="7.59227">
        <ele>852.7</ele>
      </trkpt>
      <trkpt lat="44.08266" lon="7.59231">
        <ele>850.2</ele>
      </trkpt>
      <trkpt lat="44.08272" lon="7.5923">
        <ele>848.9</ele>
      </trkpt>
      <trkpt lat="44.08277" lon="7.59234">
        <ele>845.9</ele>
      </trkpt>
      <trkpt lat="44.08287" lon="7.59236">
        <ele>842.4</ele>
      </trkpt>
      <trkpt lat="44.0829" lon="7.59238">
        <ele>840.8</ele>
      </trkpt>
      <trkpt lat="44.083" lon="7.5924">
        <ele>837.5</ele>
      </trkpt>
      <trkpt lat="44.08304" lon="7.59242">
        <ele>835.7</ele>
      </trkpt>
      <trkpt lat="44.08316" lon="7.59245">
        <ele>831.7</ele>
      </trkpt>
      <trkpt lat="44.08321" lon="7.59244">
        <ele>830.8</ele>
      </trkpt>
      <trkpt lat="44.08339" lon="7.59235">
        <ele>829.6</ele>
      </trkpt>
      <trkpt lat="44.08353" lon="7.5923">
        <ele>829.4</ele>
      </trkpt>
      <trkpt lat="44.08357" lon="7.5923">
        <ele>829.0</ele>
      </trkpt>
      <trkpt lat="44.08358" lon="7.59242">
        <ele>825.9</ele>
      </trkpt>
      <trkpt lat="44.08358" lon="7.59242">
        <ele>825.9</ele>
      </trkpt>
      <trkpt lat="44.08359" lon="7.59244">
        <ele>825.3</ele>
      </trkpt>
      <trkpt lat="44.08361" lon="7.59246">
        <ele>824.6</ele>
      </trkpt>
      <trkpt lat="44.08377" lon="7.59252">
        <ele>821.9</ele>
      </trkpt>
      <trkpt lat="44.0838" lon="7.59256">
        <ele>820.8</ele>
      </trkpt>
      <trkpt lat="44.08377" lon="7.59261">
        <ele>820.0</ele>
      </trkpt>
      <trkpt lat="44.08375" lon="7.59263">
        <ele>819.7</ele>
      </trkpt>
      <trkpt lat="44.08347" lon="7.59265">
        <ele>821.1</ele>
      </trkpt>
      <trkpt lat="44.08331" lon="7.59275">
        <ele>819.9</ele>
      </trkpt>
      <trkpt lat="44.08321" lon="7.59281">
        <ele>820.2</ele>
      </trkpt>
      <trkpt lat="44.08307" lon="7.59288">
        <ele>820.7</ele>
      </trkpt>
      <trkpt lat="44.08289" lon="7.59306">
        <ele>817.9</ele>
      </trkpt>
      <trkpt lat="44.08282" lon="7.59314">
        <ele>816.2</ele>
      </trkpt>
      <trkpt lat="44.08276" lon="7.59319">
        <ele>815.3</ele>
      </trkpt>
      <trkpt lat="44.08255" lon="7.5933">
        <ele>813.7</ele>
      </trkpt>
      <trkpt lat="44.08254" lon="7.59332">
        <ele>813.1</ele>
      </trkpt>
    </trkseg>
  </trk>
</gpx>
