<?xml version="1.0" encoding="UTF-8"?>
<gpx xmlns:gpxdata="http://www.cluetrust.com/XML/GPXDATA/1/0" xmlns:xsi="http://www.w3.org/2001/XMLSchema-instance" xmlns="http://www.topografix.com/GPX/1/1" version="1.1" creator="http://ridewithgps.com/" xsi:schemaLocation="http://www.topografix.com/GPX/1/1 http://www.topografix.com/GPX/1/1/gpx.xsd http://www.cluetrust.com/XML/GPXDATA/1/0 http://www.cluetrust.com/Schemas/gpxdata10.xsd">
  <metadata>
    <name>Alps Divide ULTRA 2025 - Section 4</name>
    <link href="https://ridewithgps.com/routes/50701489">
      <text>Alps Divide ULTRA 2025 - Section 4</text>
    </link>
    <time>2025-05-10T18:04:59Z</time>
  </metadata>
  <trk>
    <name>Alps Divide ULTRA 2025 - Section 4</name>
    <trkseg>
      <trkpt lat="45.07744" lon="6.70914">
        <ele>1265.0</ele>
      </trkpt>
      <trkpt lat="45.07766" lon="6.70907">
        <ele>1265.1</ele>
      </trkpt>
      <trkpt lat="45.0777" lon="6.70906">
        <ele>1265.1</ele>
      </trkpt>
      <trkpt lat="45.07783" lon="6.70908">
        <ele>1264.7</ele>
      </trkpt>
      <trkpt lat="45.07793" lon="6.70906">
        <ele>1264.5</ele>
      </trkpt>
      <trkpt lat="45.07798" lon="6.70903">
        <ele>1264.6</ele>
      </trkpt>
      <trkpt lat="45.07801" lon="6.709">
        <ele>1264.7</ele>
      </trkpt>
      <trkpt lat="45.07804" lon="6.70897">
        <ele>1264.8</ele>
      </trkpt>
      <trkpt lat="45.07806" lon="6.7089">
        <ele>1264.6</ele>
      </trkpt>
      <trkpt lat="45.07806" lon="6.7089">
        <ele>1264.6</ele>
      </trkpt>
      <trkpt lat="45.07806" lon="6.70886">
        <ele>1264.5</ele>
      </trkpt>
      <trkpt lat="45.07806" lon="6.7088">
        <ele>1264.3</ele>
      </trkpt>
      <trkpt lat="45.07804" lon="6.70875">
        <ele>1264.2</ele>
      </trkpt>
      <trkpt lat="45.07799" lon="6.70869">
        <ele>1264.0</ele>
      </trkpt>
      <trkpt lat="45.07795" lon="6.70868">
        <ele>1263.9</ele>
      </trkpt>
      <trkpt lat="45.07791" lon="6.70868">
        <ele>1263.7</ele>
      </trkpt>
      <trkpt lat="45.07787" lon="6.70869">
        <ele>1263.6</ele>
      </trkpt>
      <trkpt lat="45.07783" lon="6.70873">
        <ele>1263.4</ele>
      </trkpt>
      <trkpt lat="45.0778" lon="6.7088">
        <ele>1263.2</ele>
      </trkpt>
      <trkpt lat="45.07779" lon="6.70884">
        <ele>1263.1</ele>
      </trkpt>
      <trkpt lat="45.07779" lon="6.70884">
        <ele>1263.1</ele>
      </trkpt>
      <trkpt lat="45.07758" lon="6.70988">
        <ele>1260.5</ele>
      </trkpt>
      <trkpt lat="45.07742" lon="6.71057">
        <ele>1258.8</ele>
      </trkpt>
      <trkpt lat="45.0774" lon="6.71069">
        <ele>1258.7</ele>
      </trkpt>
      <trkpt lat="45.07748" lon="6.71069">
        <ele>1258.9</ele>
      </trkpt>
      <trkpt lat="45.07754" lon="6.71068">
        <ele>1259.1</ele>
      </trkpt>
      <trkpt lat="45.0776" lon="6.71064">
        <ele>1259.2</ele>
      </trkpt>
      <trkpt lat="45.07798" lon="6.71035">
        <ele>1260.2</ele>
      </trkpt>
      <trkpt lat="45.07812" lon="6.71028">
        <ele>1260.5</ele>
      </trkpt>
      <trkpt lat="45.07864" lon="6.71006">
        <ele>1263.4</ele>
      </trkpt>
      <trkpt lat="45.07866" lon="6.71013">
        <ele>1263.7</ele>
      </trkpt>
      <trkpt lat="45.07866" lon="6.71027">
        <ele>1264.2</ele>
      </trkpt>
      <trkpt lat="45.07865" lon="6.71042">
        <ele>1264.8</ele>
      </trkpt>
      <trkpt lat="45.07865" lon="6.71042">
        <ele>1264.8</ele>
      </trkpt>
      <trkpt lat="45.07863" lon="6.71083">
        <ele>1266.4</ele>
      </trkpt>
      <trkpt lat="45.0786" lon="6.71108">
        <ele>1267.3</ele>
      </trkpt>
      <trkpt lat="45.07858" lon="6.71113">
        <ele>1267.6</ele>
      </trkpt>
      <trkpt lat="45.07856" lon="6.71117">
        <ele>1267.8</ele>
      </trkpt>
      <trkpt lat="45.07851" lon="6.7112">
        <ele>1267.4</ele>
      </trkpt>
      <trkpt lat="45.07836" lon="6.71126">
        <ele>1265.6</ele>
      </trkpt>
      <trkpt lat="45.07829" lon="6.7113">
        <ele>1265.1</ele>
      </trkpt>
      <trkpt lat="45.07823" lon="6.71135">
        <ele>1265.0</ele>
      </trkpt>
      <trkpt lat="45.07816" lon="6.71142">
        <ele>1264.9</ele>
      </trkpt>
      <trkpt lat="45.0781" lon="6.71151">
        <ele>1264.9</ele>
      </trkpt>
      <trkpt lat="45.07785" lon="6.71198">
        <ele>1269.5</ele>
      </trkpt>
      <trkpt lat="45.07776" lon="6.71212">
        <ele>1270.5</ele>
      </trkpt>
      <trkpt lat="45.07764" lon="6.7123">
        <ele>1270.9</ele>
      </trkpt>
      <trkpt lat="45.07753" lon="6.71242">
        <ele>1269.7</ele>
      </trkpt>
      <trkpt lat="45.07735" lon="6.71262">
        <ele>1270.4</ele>
      </trkpt>
      <trkpt lat="45.07726" lon="6.71275">
        <ele>1271.9</ele>
      </trkpt>
      <trkpt lat="45.07711" lon="6.71301">
        <ele>1274.3</ele>
      </trkpt>
      <trkpt lat="45.07697" lon="6.71318">
        <ele>1273.4</ele>
      </trkpt>
      <trkpt lat="45.07697" lon="6.71318">
        <ele>1273.4</ele>
      </trkpt>
      <trkpt lat="45.07684" lon="6.71334">
        <ele>1271.9</ele>
      </trkpt>
      <trkpt lat="45.0767" lon="6.71349">
        <ele>1271.2</ele>
      </trkpt>
      <trkpt lat="45.07647" lon="6.71372">
        <ele>1270.6</ele>
      </trkpt>
      <trkpt lat="45.07639" lon="6.71382">
        <ele>1270.3</ele>
      </trkpt>
      <trkpt lat="45.07632" lon="6.71391">
        <ele>1269.7</ele>
      </trkpt>
      <trkpt lat="45.07629" lon="6.71398">
        <ele>1270.0</ele>
      </trkpt>
      <trkpt lat="45.07626" lon="6.71406">
        <ele>1270.4</ele>
      </trkpt>
      <trkpt lat="45.07624" lon="6.71414">
        <ele>1271.0</ele>
      </trkpt>
      <trkpt lat="45.07621" lon="6.71438">
        <ele>1275.3</ele>
      </trkpt>
      <trkpt lat="45.07619" lon="6.71458">
        <ele>1279.3</ele>
      </trkpt>
      <trkpt lat="45.07617" lon="6.7151">
        <ele>1291.3</ele>
      </trkpt>
      <trkpt lat="45.0761" lon="6.71559">
        <ele>1302.1</ele>
      </trkpt>
      <trkpt lat="45.07608" lon="6.71588">
        <ele>1309.6</ele>
      </trkpt>
      <trkpt lat="45.07606" lon="6.71594">
        <ele>1310.9</ele>
      </trkpt>
      <trkpt lat="45.07603" lon="6.71598">
        <ele>1311.1</ele>
      </trkpt>
      <trkpt lat="45.076" lon="6.71601">
        <ele>1310.9</ele>
      </trkpt>
      <trkpt lat="45.07596" lon="6.71603">
        <ele>1310.0</ele>
      </trkpt>
      <trkpt lat="45.07556" lon="6.71606">
        <ele>1302.8</ele>
      </trkpt>
      <trkpt lat="45.07548" lon="6.71608">
        <ele>1302.4</ele>
      </trkpt>
      <trkpt lat="45.07525" lon="6.71616">
        <ele>1302.1</ele>
      </trkpt>
      <trkpt lat="45.07501" lon="6.71629">
        <ele>1302.8</ele>
      </trkpt>
      <trkpt lat="45.0749" lon="6.71637">
        <ele>1304.2</ele>
      </trkpt>
      <trkpt lat="45.07469" lon="6.71656">
        <ele>1307.9</ele>
      </trkpt>
      <trkpt lat="45.07448" lon="6.7168">
        <ele>1311.6</ele>
      </trkpt>
      <trkpt lat="45.07431" lon="6.71707">
        <ele>1314.7</ele>
      </trkpt>
      <trkpt lat="45.07402" lon="6.71753">
        <ele>1318.9</ele>
      </trkpt>
      <trkpt lat="45.07402" lon="6.71753">
        <ele>1318.9</ele>
      </trkpt>
      <trkpt lat="45.07395" lon="6.71764">
        <ele>1321.0</ele>
      </trkpt>
      <trkpt lat="45.0739" lon="6.71771">
        <ele>1322.3</ele>
      </trkpt>
      <trkpt lat="45.07384" lon="6.71776">
        <ele>1322.9</ele>
      </trkpt>
      <trkpt lat="45.0737" lon="6.71786">
        <ele>1323.8</ele>
      </trkpt>
      <trkpt lat="45.07351" lon="6.71793">
        <ele>1323.2</ele>
      </trkpt>
      <trkpt lat="45.07345" lon="6.71796">
        <ele>1323.2</ele>
      </trkpt>
      <trkpt lat="45.07332" lon="6.7181">
        <ele>1325.3</ele>
      </trkpt>
      <trkpt lat="45.07315" lon="6.71834">
        <ele>1328.2</ele>
      </trkpt>
      <trkpt lat="45.07311" lon="6.71843">
        <ele>1329.8</ele>
      </trkpt>
      <trkpt lat="45.07298" lon="6.71887">
        <ele>1332.3</ele>
      </trkpt>
      <trkpt lat="45.07296" lon="6.71891">
        <ele>1332.6</ele>
      </trkpt>
      <trkpt lat="45.07293" lon="6.71894">
        <ele>1332.9</ele>
      </trkpt>
      <trkpt lat="45.0729" lon="6.71895">
        <ele>1333.1</ele>
      </trkpt>
      <trkpt lat="45.07282" lon="6.71896">
        <ele>1333.7</ele>
      </trkpt>
      <trkpt lat="45.07266" lon="6.719">
        <ele>1334.9</ele>
      </trkpt>
      <trkpt lat="45.07257" lon="6.71904">
        <ele>1335.7</ele>
      </trkpt>
      <trkpt lat="45.07251" lon="6.71909">
        <ele>1336.0</ele>
      </trkpt>
      <trkpt lat="45.07245" lon="6.71917">
        <ele>1337.6</ele>
      </trkpt>
      <trkpt lat="45.07241" lon="6.71927">
        <ele>1339.8</ele>
      </trkpt>
      <trkpt lat="45.07236" lon="6.71941">
        <ele>1343.0</ele>
      </trkpt>
      <trkpt lat="45.07233" lon="6.71948">
        <ele>1344.5</ele>
      </trkpt>
      <trkpt lat="45.07229" lon="6.71953">
        <ele>1345.3</ele>
      </trkpt>
      <trkpt lat="45.07188" lon="6.71983">
        <ele>1347.2</ele>
      </trkpt>
      <trkpt lat="45.07157" lon="6.72015">
        <ele>1348.1</ele>
      </trkpt>
      <trkpt lat="45.07148" lon="6.72029">
        <ele>1348.5</ele>
      </trkpt>
      <trkpt lat="45.0714" lon="6.72048">
        <ele>1350.2</ele>
      </trkpt>
      <trkpt lat="45.07139" lon="6.72053">
        <ele>1351.0</ele>
      </trkpt>
      <trkpt lat="45.07136" lon="6.72079">
        <ele>1355.5</ele>
      </trkpt>
      <trkpt lat="45.07134" lon="6.72097">
        <ele>1359.5</ele>
      </trkpt>
      <trkpt lat="45.0713" lon="6.7211">
        <ele>1361.9</ele>
      </trkpt>
      <trkpt lat="45.07127" lon="6.72115">
        <ele>1362.5</ele>
      </trkpt>
      <trkpt lat="45.07102" lon="6.72138">
        <ele>1362.1</ele>
      </trkpt>
      <trkpt lat="45.07096" lon="6.72146">
        <ele>1362.5</ele>
      </trkpt>
      <trkpt lat="45.07088" lon="6.72164">
        <ele>1364.6</ele>
      </trkpt>
      <trkpt lat="45.0708" lon="6.72184">
        <ele>1367.0</ele>
      </trkpt>
      <trkpt lat="45.07075" lon="6.72193">
        <ele>1367.5</ele>
      </trkpt>
      <trkpt lat="45.07059" lon="6.72213">
        <ele>1366.9</ele>
      </trkpt>
      <trkpt lat="45.07052" lon="6.72226">
        <ele>1367.3</ele>
      </trkpt>
      <trkpt lat="45.07046" lon="6.72244">
        <ele>1368.8</ele>
      </trkpt>
      <trkpt lat="45.07043" lon="6.72256">
        <ele>1370.1</ele>
      </trkpt>
      <trkpt lat="45.07041" lon="6.72266">
        <ele>1371.2</ele>
      </trkpt>
      <trkpt lat="45.07039" lon="6.72287">
        <ele>1374.5</ele>
      </trkpt>
      <trkpt lat="45.07035" lon="6.72308">
        <ele>1377.0</ele>
      </trkpt>
      <trkpt lat="45.0703" lon="6.72335">
        <ele>1380.4</ele>
      </trkpt>
      <trkpt lat="45.07015" lon="6.72379">
        <ele>1385.3</ele>
      </trkpt>
      <trkpt lat="45.07009" lon="6.72389">
        <ele>1385.6</ele>
      </trkpt>
      <trkpt lat="45.06987" lon="6.72419">
        <ele>1386.6</ele>
      </trkpt>
      <trkpt lat="45.06982" lon="6.72428">
        <ele>1387.4</ele>
      </trkpt>
      <trkpt lat="45.06969" lon="6.72458">
        <ele>1390.6</ele>
      </trkpt>
      <trkpt lat="45.06959" lon="6.72475">
        <ele>1391.6</ele>
      </trkpt>
      <trkpt lat="45.06942" lon="6.72514">
        <ele>1395.8</ele>
      </trkpt>
      <trkpt lat="45.06926" lon="6.72544">
        <ele>1399.3</ele>
      </trkpt>
      <trkpt lat="45.0692" lon="6.72563">
        <ele>1402.6</ele>
      </trkpt>
      <trkpt lat="45.06915" lon="6.72581">
        <ele>1405.9</ele>
      </trkpt>
      <trkpt lat="45.06905" lon="6.72597">
        <ele>1407.6</ele>
      </trkpt>
      <trkpt lat="45.06866" lon="6.72645">
        <ele>1409.7</ele>
      </trkpt>
      <trkpt lat="45.06827" lon="6.72692">
        <ele>1411.7</ele>
      </trkpt>
      <trkpt lat="45.06812" lon="6.72719">
        <ele>1414.5</ele>
      </trkpt>
      <trkpt lat="45.06803" lon="6.7274">
        <ele>1417.4</ele>
      </trkpt>
      <trkpt lat="45.06798" lon="6.72755">
        <ele>1419.5</ele>
      </trkpt>
      <trkpt lat="45.06795" lon="6.72766">
        <ele>1420.7</ele>
      </trkpt>
      <trkpt lat="45.06785" lon="6.72828">
        <ele>1430.3</ele>
      </trkpt>
      <trkpt lat="45.06776" lon="6.72868">
        <ele>1434.1</ele>
      </trkpt>
      <trkpt lat="45.06766" lon="6.72898">
        <ele>1436.0</ele>
      </trkpt>
      <trkpt lat="45.06765" lon="6.72904">
        <ele>1436.7</ele>
      </trkpt>
      <trkpt lat="45.06766" lon="6.7291">
        <ele>1438.2</ele>
      </trkpt>
      <trkpt lat="45.06768" lon="6.72913">
        <ele>1439.4</ele>
      </trkpt>
      <trkpt lat="45.06771" lon="6.72914">
        <ele>1440.6</ele>
      </trkpt>
      <trkpt lat="45.06776" lon="6.72913">
        <ele>1442.1</ele>
      </trkpt>
      <trkpt lat="45.06779" lon="6.7291">
        <ele>1442.6</ele>
      </trkpt>
      <trkpt lat="45.06783" lon="6.72904">
        <ele>1442.9</ele>
      </trkpt>
      <trkpt lat="45.068" lon="6.72861">
        <ele>1441.7</ele>
      </trkpt>
      <trkpt lat="45.06819" lon="6.72796">
        <ele>1436.4</ele>
      </trkpt>
      <trkpt lat="45.06823" lon="6.72788">
        <ele>1436.2</ele>
      </trkpt>
      <trkpt lat="45.06834" lon="6.72777">
        <ele>1438.0</ele>
      </trkpt>
      <trkpt lat="45.06844" lon="6.7277">
        <ele>1439.6</ele>
      </trkpt>
      <trkpt lat="45.06888" lon="6.72749">
        <ele>1447.4</ele>
      </trkpt>
      <trkpt lat="45.06933" lon="6.72728">
        <ele>1453.6</ele>
      </trkpt>
      <trkpt lat="45.06946" lon="6.72724">
        <ele>1455.8</ele>
      </trkpt>
      <trkpt lat="45.06965" lon="6.72713">
        <ele>1457.6</ele>
      </trkpt>
      <trkpt lat="45.0699" lon="6.72705">
        <ele>1461.9</ele>
      </trkpt>
      <trkpt lat="45.07002" lon="6.72698">
        <ele>1463.3</ele>
      </trkpt>
      <trkpt lat="45.07054" lon="6.72644">
        <ele>1465.6</ele>
      </trkpt>
      <trkpt lat="45.07089" lon="6.72604">
        <ele>1465.1</ele>
      </trkpt>
      <trkpt lat="45.07105" lon="6.7259">
        <ele>1466.5</ele>
      </trkpt>
      <trkpt lat="45.07122" lon="6.72582">
        <ele>1470.1</ele>
      </trkpt>
      <trkpt lat="45.07143" lon="6.72574">
        <ele>1475.5</ele>
      </trkpt>
      <trkpt lat="45.07159" lon="6.72563">
        <ele>1478.5</ele>
      </trkpt>
      <trkpt lat="45.07171" lon="6.72548">
        <ele>1478.7</ele>
      </trkpt>
      <trkpt lat="45.07183" lon="6.72529">
        <ele>1477.4</ele>
      </trkpt>
      <trkpt lat="45.07238" lon="6.72482">
        <ele>1481.8</ele>
      </trkpt>
      <trkpt lat="45.07256" lon="6.72466">
        <ele>1482.9</ele>
      </trkpt>
      <trkpt lat="45.07264" lon="6.72464">
        <ele>1484.2</ele>
      </trkpt>
      <trkpt lat="45.07271" lon="6.72466">
        <ele>1486.1</ele>
      </trkpt>
      <trkpt lat="45.07274" lon="6.72472">
        <ele>1488.0</ele>
      </trkpt>
      <trkpt lat="45.07275" lon="6.72479">
        <ele>1489.7</ele>
      </trkpt>
      <trkpt lat="45.07274" lon="6.72487">
        <ele>1491.2</ele>
      </trkpt>
      <trkpt lat="45.07266" lon="6.72505">
        <ele>1493.5</ele>
      </trkpt>
      <trkpt lat="45.07256" lon="6.72524">
        <ele>1495.8</ele>
      </trkpt>
      <trkpt lat="45.07236" lon="6.72549">
        <ele>1496.4</ele>
      </trkpt>
      <trkpt lat="45.07224" lon="6.72575">
        <ele>1499.2</ele>
      </trkpt>
      <trkpt lat="45.07214" lon="6.72601">
        <ele>1503.6</ele>
      </trkpt>
      <trkpt lat="45.07201" lon="6.72618">
        <ele>1504.9</ele>
      </trkpt>
      <trkpt lat="45.07183" lon="6.72638">
        <ele>1505.3</ele>
      </trkpt>
      <trkpt lat="45.07168" lon="6.7266">
        <ele>1506.7</ele>
      </trkpt>
      <trkpt lat="45.07133" lon="6.72725">
        <ele>1514.4</ele>
      </trkpt>
      <trkpt lat="45.07099" lon="6.72791">
        <ele>1522.1</ele>
      </trkpt>
      <trkpt lat="45.07047" lon="6.72893">
        <ele>1533.3</ele>
      </trkpt>
      <trkpt lat="45.07023" lon="6.72941">
        <ele>1537.2</ele>
      </trkpt>
      <trkpt lat="45.0697" lon="6.73039">
        <ele>1541.6</ele>
      </trkpt>
      <trkpt lat="45.06964" lon="6.73063">
        <ele>1544.1</ele>
      </trkpt>
      <trkpt lat="45.06963" lon="6.73089">
        <ele>1549.3</ele>
      </trkpt>
      <trkpt lat="45.06961" lon="6.73105">
        <ele>1552.4</ele>
      </trkpt>
      <trkpt lat="45.06955" lon="6.73117">
        <ele>1552.9</ele>
      </trkpt>
      <trkpt lat="45.06943" lon="6.7313">
        <ele>1551.3</ele>
      </trkpt>
      <trkpt lat="45.06937" lon="6.73142">
        <ele>1551.9</ele>
      </trkpt>
      <trkpt lat="45.06931" lon="6.73163">
        <ele>1554.8</ele>
      </trkpt>
      <trkpt lat="45.06925" lon="6.73177">
        <ele>1555.7</ele>
      </trkpt>
      <trkpt lat="45.06918" lon="6.73187">
        <ele>1555.2</ele>
      </trkpt>
      <trkpt lat="45.0691" lon="6.73192">
        <ele>1553.2</ele>
      </trkpt>
      <trkpt lat="45.06905" lon="6.73197">
        <ele>1552.5</ele>
      </trkpt>
      <trkpt lat="45.06896" lon="6.73208">
        <ele>1551.6</ele>
      </trkpt>
      <trkpt lat="45.06891" lon="6.73216">
        <ele>1551.6</ele>
      </trkpt>
      <trkpt lat="45.06885" lon="6.73229">
        <ele>1552.3</ele>
      </trkpt>
      <trkpt lat="45.06879" lon="6.73247">
        <ele>1554.3</ele>
      </trkpt>
      <trkpt lat="45.0686" lon="6.73332">
        <ele>1562.7</ele>
      </trkpt>
      <trkpt lat="45.06857" lon="6.73337">
        <ele>1562.5</ele>
      </trkpt>
      <trkpt lat="45.06818" lon="6.73384">
        <ele>1558.0</ele>
      </trkpt>
      <trkpt lat="45.06804" lon="6.73398">
        <ele>1556.0</ele>
      </trkpt>
      <trkpt lat="45.06799" lon="6.73405">
        <ele>1555.6</ele>
      </trkpt>
      <trkpt lat="45.06796" lon="6.73411">
        <ele>1555.5</ele>
      </trkpt>
      <trkpt lat="45.06792" lon="6.73424">
        <ele>1556.5</ele>
      </trkpt>
      <trkpt lat="45.06786" lon="6.73463">
        <ele>1561.9</ele>
      </trkpt>
      <trkpt lat="45.06775" lon="6.73519">
        <ele>1567.4</ele>
      </trkpt>
      <trkpt lat="45.06763" lon="6.73598">
        <ele>1573.3</ele>
      </trkpt>
      <trkpt lat="45.06756" lon="6.73678">
        <ele>1579.0</ele>
      </trkpt>
      <trkpt lat="45.06754" lon="6.73724">
        <ele>1582.5</ele>
      </trkpt>
      <trkpt lat="45.06753" lon="6.73811">
        <ele>1588.2</ele>
      </trkpt>
      <trkpt lat="45.06752" lon="6.73898">
        <ele>1593.6</ele>
      </trkpt>
      <trkpt lat="45.06751" lon="6.73984">
        <ele>1592.1</ele>
      </trkpt>
      <trkpt lat="45.06753" lon="6.73999">
        <ele>1592.7</ele>
      </trkpt>
      <trkpt lat="45.06758" lon="6.74006">
        <ele>1595.0</ele>
      </trkpt>
      <trkpt lat="45.06762" lon="6.74009">
        <ele>1597.1</ele>
      </trkpt>
      <trkpt lat="45.06768" lon="6.74008">
        <ele>1600.5</ele>
      </trkpt>
      <trkpt lat="45.06774" lon="6.74">
        <ele>1604.2</ele>
      </trkpt>
      <trkpt lat="45.0678" lon="6.73985">
        <ele>1607.6</ele>
      </trkpt>
      <trkpt lat="45.06794" lon="6.73937">
        <ele>1614.8</ele>
      </trkpt>
      <trkpt lat="45.068" lon="6.73914">
        <ele>1617.3</ele>
      </trkpt>
      <trkpt lat="45.06804" lon="6.73894">
        <ele>1618.2</ele>
      </trkpt>
      <trkpt lat="45.06809" lon="6.73856">
        <ele>1618.8</ele>
      </trkpt>
      <trkpt lat="45.06812" lon="6.73835">
        <ele>1619.3</ele>
      </trkpt>
      <trkpt lat="45.06822" lon="6.73787">
        <ele>1622.0</ele>
      </trkpt>
      <trkpt lat="45.06827" lon="6.73771">
        <ele>1623.8</ele>
      </trkpt>
      <trkpt lat="45.06829" lon="6.73764">
        <ele>1624.4</ele>
      </trkpt>
      <trkpt lat="45.0684" lon="6.73737">
        <ele>1627.3</ele>
      </trkpt>
      <trkpt lat="45.06859" lon="6.73705">
        <ele>1630.6</ele>
      </trkpt>
      <trkpt lat="45.06871" lon="6.73687">
        <ele>1632.2</ele>
      </trkpt>
      <trkpt lat="45.0688" lon="6.73677">
        <ele>1633.8</ele>
      </trkpt>
      <trkpt lat="45.06935" lon="6.73635">
        <ele>1644.6</ele>
      </trkpt>
      <trkpt lat="45.06951" lon="6.73621">
        <ele>1646.7</ele>
      </trkpt>
      <trkpt lat="45.06968" lon="6.73605">
        <ele>1648.5</ele>
      </trkpt>
      <trkpt lat="45.07003" lon="6.73566">
        <ele>1650.4</ele>
      </trkpt>
      <trkpt lat="45.07018" lon="6.73548">
        <ele>1652.5</ele>
      </trkpt>
      <trkpt lat="45.07041" lon="6.73525">
        <ele>1657.4</ele>
      </trkpt>
      <trkpt lat="45.07079" lon="6.73481">
        <ele>1665.9</ele>
      </trkpt>
      <trkpt lat="45.07091" lon="6.73463">
        <ele>1667.7</ele>
      </trkpt>
      <trkpt lat="45.07095" lon="6.73453">
        <ele>1667.6</ele>
      </trkpt>
      <trkpt lat="45.07101" lon="6.73429">
        <ele>1666.0</ele>
      </trkpt>
      <trkpt lat="45.07107" lon="6.73413">
        <ele>1665.8</ele>
      </trkpt>
      <trkpt lat="45.07112" lon="6.73399">
        <ele>1665.7</ele>
      </trkpt>
      <trkpt lat="45.07118" lon="6.73388">
        <ele>1666.2</ele>
      </trkpt>
      <trkpt lat="45.07123" lon="6.7338">
        <ele>1666.8</ele>
      </trkpt>
      <trkpt lat="45.07161" lon="6.73328">
        <ele>1671.4</ele>
      </trkpt>
      <trkpt lat="45.07199" lon="6.73276">
        <ele>1678.9</ele>
      </trkpt>
      <trkpt lat="45.07207" lon="6.73266">
        <ele>1680.5</ele>
      </trkpt>
      <trkpt lat="45.07217" lon="6.73249">
        <ele>1681.5</ele>
      </trkpt>
      <trkpt lat="45.0723" lon="6.73223">
        <ele>1681.5</ele>
      </trkpt>
      <trkpt lat="45.07239" lon="6.7321">
        <ele>1682.6</ele>
      </trkpt>
      <trkpt lat="45.0725" lon="6.73197">
        <ele>1684.5</ele>
      </trkpt>
      <trkpt lat="45.07257" lon="6.73191">
        <ele>1685.7</ele>
      </trkpt>
      <trkpt lat="45.07279" lon="6.73176">
        <ele>1689.7</ele>
      </trkpt>
      <trkpt lat="45.07324" lon="6.73147">
        <ele>1695.6</ele>
      </trkpt>
      <trkpt lat="45.07327" lon="6.73148">
        <ele>1696.7</ele>
      </trkpt>
      <trkpt lat="45.0733" lon="6.73151">
        <ele>1698.5</ele>
      </trkpt>
      <trkpt lat="45.0733" lon="6.73156">
        <ele>1699.9</ele>
      </trkpt>
      <trkpt lat="45.07329" lon="6.73162">
        <ele>1701.4</ele>
      </trkpt>
      <trkpt lat="45.07326" lon="6.73168">
        <ele>1702.2</ele>
      </trkpt>
      <trkpt lat="45.07313" lon="6.73183">
        <ele>1702.0</ele>
      </trkpt>
      <trkpt lat="45.073" lon="6.73194">
        <ele>1700.5</ele>
      </trkpt>
      <trkpt lat="45.07296" lon="6.73199">
        <ele>1700.3</ele>
      </trkpt>
      <trkpt lat="45.07293" lon="6.73205">
        <ele>1700.7</ele>
      </trkpt>
      <trkpt lat="45.07279" lon="6.73235">
        <ele>1702.3</ele>
      </trkpt>
      <trkpt lat="45.07271" lon="6.73254">
        <ele>1703.0</ele>
      </trkpt>
      <trkpt lat="45.07267" lon="6.7327">
        <ele>1704.3</ele>
      </trkpt>
      <trkpt lat="45.07248" lon="6.73351">
        <ele>1710.7</ele>
      </trkpt>
      <trkpt lat="45.07242" lon="6.73382">
        <ele>1712.9</ele>
      </trkpt>
      <trkpt lat="45.0724" lon="6.73398">
        <ele>1714.5</ele>
      </trkpt>
      <trkpt lat="45.07235" lon="6.73449">
        <ele>1721.0</ele>
      </trkpt>
      <trkpt lat="45.07232" lon="6.73464">
        <ele>1722.5</ele>
      </trkpt>
      <trkpt lat="45.0723" lon="6.73471">
        <ele>1722.9</ele>
      </trkpt>
      <trkpt lat="45.07192" lon="6.73577">
        <ele>1724.7</ele>
      </trkpt>
      <trkpt lat="45.07186" lon="6.73595">
        <ele>1725.4</ele>
      </trkpt>
      <trkpt lat="45.07182" lon="6.7362">
        <ele>1728.2</ele>
      </trkpt>
      <trkpt lat="45.07179" lon="6.73648">
        <ele>1732.0</ele>
      </trkpt>
      <trkpt lat="45.07175" lon="6.73666">
        <ele>1733.8</ele>
      </trkpt>
      <trkpt lat="45.07169" lon="6.73682">
        <ele>1735.0</ele>
      </trkpt>
      <trkpt lat="45.07162" lon="6.73698">
        <ele>1735.9</ele>
      </trkpt>
      <trkpt lat="45.0714" lon="6.73728">
        <ele>1735.0</ele>
      </trkpt>
      <trkpt lat="45.07128" lon="6.73751">
        <ele>1736.2</ele>
      </trkpt>
      <trkpt lat="45.07121" lon="6.73766">
        <ele>1737.2</ele>
      </trkpt>
      <trkpt lat="45.07119" lon="6.73774">
        <ele>1738.2</ele>
      </trkpt>
      <trkpt lat="45.0712" lon="6.73781">
        <ele>1740.0</ele>
      </trkpt>
      <trkpt lat="45.07123" lon="6.73784">
        <ele>1741.7</ele>
      </trkpt>
      <trkpt lat="45.07126" lon="6.73786">
        <ele>1743.1</ele>
      </trkpt>
      <trkpt lat="45.07132" lon="6.73785">
        <ele>1744.9</ele>
      </trkpt>
      <trkpt lat="45.07189" lon="6.7373">
        <ele>1752.5</ele>
      </trkpt>
      <trkpt lat="45.07203" lon="6.73715">
        <ele>1754.5</ele>
      </trkpt>
      <trkpt lat="45.07213" lon="6.73701">
        <ele>1755.0</ele>
      </trkpt>
      <trkpt lat="45.07239" lon="6.73659">
        <ele>1755.0</ele>
      </trkpt>
      <trkpt lat="45.07247" lon="6.73647">
        <ele>1756.1</ele>
      </trkpt>
      <trkpt lat="45.07309" lon="6.73584">
        <ele>1767.9</ele>
      </trkpt>
      <trkpt lat="45.07347" lon="6.73546">
        <ele>1776.4</ele>
      </trkpt>
      <trkpt lat="45.07352" lon="6.7354">
        <ele>1777.6</ele>
      </trkpt>
      <trkpt lat="45.07356" lon="6.73533">
        <ele>1778.2</ele>
      </trkpt>
      <trkpt lat="45.07368" lon="6.73495">
        <ele>1777.4</ele>
      </trkpt>
      <trkpt lat="45.07372" lon="6.73486">
        <ele>1777.8</ele>
      </trkpt>
      <trkpt lat="45.07377" lon="6.73479">
        <ele>1778.8</ele>
      </trkpt>
      <trkpt lat="45.07395" lon="6.73459">
        <ele>1782.8</ele>
      </trkpt>
      <trkpt lat="45.07448" lon="6.7342">
        <ele>1796.6</ele>
      </trkpt>
      <trkpt lat="45.07454" lon="6.73415">
        <ele>1798.0</ele>
      </trkpt>
      <trkpt lat="45.07461" lon="6.73406">
        <ele>1799.0</ele>
      </trkpt>
      <trkpt lat="45.07478" lon="6.73382">
        <ele>1800.4</ele>
      </trkpt>
      <trkpt lat="45.07503" lon="6.73356">
        <ele>1803.3</ele>
      </trkpt>
      <trkpt lat="45.07524" lon="6.73333">
        <ele>1805.5</ele>
      </trkpt>
      <trkpt lat="45.07528" lon="6.7333">
        <ele>1806.1</ele>
      </trkpt>
      <trkpt lat="45.07537" lon="6.73328">
        <ele>1808.8</ele>
      </trkpt>
      <trkpt lat="45.07537" lon="6.73328">
        <ele>1808.8</ele>
      </trkpt>
      <trkpt lat="45.07545" lon="6.73328">
        <ele>1811.6</ele>
      </trkpt>
      <trkpt lat="45.0755" lon="6.73323">
        <ele>1812.0</ele>
      </trkpt>
      <trkpt lat="45.0756" lon="6.73307">
        <ele>1810.8</ele>
      </trkpt>
      <trkpt lat="45.07569" lon="6.73295">
        <ele>1810.4</ele>
      </trkpt>
      <trkpt lat="45.07612" lon="6.73245">
        <ele>1807.6</ele>
      </trkpt>
      <trkpt lat="45.07621" lon="6.7324">
        <ele>1808.5</ele>
      </trkpt>
      <trkpt lat="45.07631" lon="6.73238">
        <ele>1810.5</ele>
      </trkpt>
      <trkpt lat="45.0764" lon="6.73239">
        <ele>1813.0</ele>
      </trkpt>
      <trkpt lat="45.07682" lon="6.73261">
        <ele>1826.8</ele>
      </trkpt>
      <trkpt lat="45.07696" lon="6.73263">
        <ele>1828.7</ele>
      </trkpt>
      <trkpt lat="45.07712" lon="6.73261">
        <ele>1829.6</ele>
      </trkpt>
      <trkpt lat="45.07743" lon="6.73253">
        <ele>1830.2</ele>
      </trkpt>
      <trkpt lat="45.0775" lon="6.73249">
        <ele>1829.9</ele>
      </trkpt>
      <trkpt lat="45.07794" lon="6.73189">
        <ele>1837.6</ele>
      </trkpt>
      <trkpt lat="45.07806" lon="6.73169">
        <ele>1838.5</ele>
      </trkpt>
      <trkpt lat="45.07853" lon="6.73117">
        <ele>1843.3</ele>
      </trkpt>
      <trkpt lat="45.07868" lon="6.73101">
        <ele>1844.1</ele>
      </trkpt>
      <trkpt lat="45.07892" lon="6.73086">
        <ele>1847.0</ele>
      </trkpt>
      <trkpt lat="45.07942" lon="6.73058">
        <ele>1849.4</ele>
      </trkpt>
      <trkpt lat="45.07957" lon="6.73055">
        <ele>1851.5</ele>
      </trkpt>
      <trkpt lat="45.08015" lon="6.73059">
        <ele>1863.5</ele>
      </trkpt>
      <trkpt lat="45.08073" lon="6.73064">
        <ele>1871.1</ele>
      </trkpt>
      <trkpt lat="45.0809" lon="6.73067">
        <ele>1873.8</ele>
      </trkpt>
      <trkpt lat="45.08129" lon="6.73084">
        <ele>1883.8</ele>
      </trkpt>
      <trkpt lat="45.08137" lon="6.73083">
        <ele>1884.6</ele>
      </trkpt>
      <trkpt lat="45.08149" lon="6.7308">
        <ele>1885.6</ele>
      </trkpt>
      <trkpt lat="45.08152" lon="6.73081">
        <ele>1886.3</ele>
      </trkpt>
      <trkpt lat="45.08155" lon="6.73084">
        <ele>1887.5</ele>
      </trkpt>
      <trkpt lat="45.08155" lon="6.73088">
        <ele>1888.4</ele>
      </trkpt>
      <trkpt lat="45.08154" lon="6.73093">
        <ele>1889.5</ele>
      </trkpt>
      <trkpt lat="45.08152" lon="6.73097">
        <ele>1890.2</ele>
      </trkpt>
      <trkpt lat="45.08144" lon="6.73102">
        <ele>1890.5</ele>
      </trkpt>
      <trkpt lat="45.08094" lon="6.73121">
        <ele>1890.3</ele>
      </trkpt>
      <trkpt lat="45.08064" lon="6.7314">
        <ele>1893.4</ele>
      </trkpt>
      <trkpt lat="45.08054" lon="6.73148">
        <ele>1894.9</ele>
      </trkpt>
      <trkpt lat="45.08053" lon="6.73154">
        <ele>1896.7</ele>
      </trkpt>
      <trkpt lat="45.08054" lon="6.73158">
        <ele>1898.1</ele>
      </trkpt>
      <trkpt lat="45.08058" lon="6.73161">
        <ele>1899.5</ele>
      </trkpt>
      <trkpt lat="45.08065" lon="6.7316">
        <ele>1899.9</ele>
      </trkpt>
      <trkpt lat="45.08086" lon="6.73152">
        <ele>1899.4</ele>
      </trkpt>
      <trkpt lat="45.08101" lon="6.73151">
        <ele>1900.1</ele>
      </trkpt>
      <trkpt lat="45.08115" lon="6.73152">
        <ele>1901.3</ele>
      </trkpt>
      <trkpt lat="45.0812" lon="6.73153">
        <ele>1901.9</ele>
      </trkpt>
      <trkpt lat="45.08124" lon="6.73156">
        <ele>1903.0</ele>
      </trkpt>
      <trkpt lat="45.0813" lon="6.73164">
        <ele>1905.5</ele>
      </trkpt>
      <trkpt lat="45.08149" lon="6.73169">
        <ele>1907.8</ele>
      </trkpt>
      <trkpt lat="45.08183" lon="6.73168">
        <ele>1909.2</ele>
      </trkpt>
      <trkpt lat="45.08219" lon="6.73163">
        <ele>1910.0</ele>
      </trkpt>
      <trkpt lat="45.08248" lon="6.73127">
        <ele>1907.5</ele>
      </trkpt>
      <trkpt lat="45.08262" lon="6.73111">
        <ele>1905.1</ele>
      </trkpt>
      <trkpt lat="45.08271" lon="6.73104">
        <ele>1903.5</ele>
      </trkpt>
      <trkpt lat="45.08288" lon="6.73098">
        <ele>1901.3</ele>
      </trkpt>
      <trkpt lat="45.08307" lon="6.73094">
        <ele>1899.1</ele>
      </trkpt>
      <trkpt lat="45.08325" lon="6.73093">
        <ele>1897.4</ele>
      </trkpt>
      <trkpt lat="45.08337" lon="6.73094">
        <ele>1896.1</ele>
      </trkpt>
      <trkpt lat="45.08361" lon="6.73106">
        <ele>1894.1</ele>
      </trkpt>
      <trkpt lat="45.08375" lon="6.73116">
        <ele>1893.9</ele>
      </trkpt>
      <trkpt lat="45.08408" lon="6.73155">
        <ele>1899.5</ele>
      </trkpt>
      <trkpt lat="45.08408" lon="6.73155">
        <ele>1899.5</ele>
      </trkpt>
      <trkpt lat="45.08419" lon="6.73169">
        <ele>1902.1</ele>
      </trkpt>
      <trkpt lat="45.08429" lon="6.73186">
        <ele>1904.2</ele>
      </trkpt>
      <trkpt lat="45.08434" lon="6.732">
        <ele>1906.2</ele>
      </trkpt>
      <trkpt lat="45.08446" lon="6.73217">
        <ele>1907.7</ele>
      </trkpt>
      <trkpt lat="45.08469" lon="6.73236">
        <ele>1907.2</ele>
      </trkpt>
      <trkpt lat="45.08481" lon="6.73257">
        <ele>1909.2</ele>
      </trkpt>
      <trkpt lat="45.08493" lon="6.73286">
        <ele>1912.9</ele>
      </trkpt>
      <trkpt lat="45.085" lon="6.73309">
        <ele>1916.0</ele>
      </trkpt>
      <trkpt lat="45.08509" lon="6.73331">
        <ele>1918.9</ele>
      </trkpt>
      <trkpt lat="45.08524" lon="6.73341">
        <ele>1918.2</ele>
      </trkpt>
      <trkpt lat="45.08558" lon="6.73352">
        <ele>1914.3</ele>
      </trkpt>
      <trkpt lat="45.0859" lon="6.73367">
        <ele>1911.8</ele>
      </trkpt>
      <trkpt lat="45.08609" lon="6.7338">
        <ele>1911.6</ele>
      </trkpt>
      <trkpt lat="45.08625" lon="6.73392">
        <ele>1911.7</ele>
      </trkpt>
      <trkpt lat="45.08657" lon="6.73432">
        <ele>1916.3</ele>
      </trkpt>
      <trkpt lat="45.08674" lon="6.73451">
        <ele>1918.8</ele>
      </trkpt>
      <trkpt lat="45.08694" lon="6.73467">
        <ele>1919.7</ele>
      </trkpt>
      <trkpt lat="45.08716" lon="6.73478">
        <ele>1918.9</ele>
      </trkpt>
      <trkpt lat="45.08738" lon="6.7348">
        <ele>1915.7</ele>
      </trkpt>
      <trkpt lat="45.08789" lon="6.73479">
        <ele>1913.5</ele>
      </trkpt>
      <trkpt lat="45.08815" lon="6.7348">
        <ele>1913.7</ele>
      </trkpt>
      <trkpt lat="45.08836" lon="6.73484">
        <ele>1914.0</ele>
      </trkpt>
      <trkpt lat="45.08848" lon="6.73489">
        <ele>1912.8</ele>
      </trkpt>
      <trkpt lat="45.08854" lon="6.73494">
        <ele>1912.7</ele>
      </trkpt>
      <trkpt lat="45.0886" lon="6.73502">
        <ele>1913.3</ele>
      </trkpt>
      <trkpt lat="45.08907" lon="6.7357">
        <ele>1918.8</ele>
      </trkpt>
      <trkpt lat="45.08948" lon="6.73622">
        <ele>1918.3</ele>
      </trkpt>
      <trkpt lat="45.08992" lon="6.73681">
        <ele>1917.3</ele>
      </trkpt>
      <trkpt lat="45.09012" lon="6.73722">
        <ele>1916.3</ele>
      </trkpt>
      <trkpt lat="45.09024" lon="6.73756">
        <ele>1916.3</ele>
      </trkpt>
      <trkpt lat="45.0903" lon="6.73797">
        <ele>1921.5</ele>
      </trkpt>
      <trkpt lat="45.09039" lon="6.73819">
        <ele>1922.2</ele>
      </trkpt>
      <trkpt lat="45.09056" lon="6.73846">
        <ele>1922.1</ele>
      </trkpt>
      <trkpt lat="45.0907" lon="6.73862">
        <ele>1921.7</ele>
      </trkpt>
      <trkpt lat="45.09111" lon="6.73884">
        <ele>1915.3</ele>
      </trkpt>
      <trkpt lat="45.09121" lon="6.73888">
        <ele>1913.3</ele>
      </trkpt>
      <trkpt lat="45.09127" lon="6.73895">
        <ele>1913.3</ele>
      </trkpt>
      <trkpt lat="45.09136" lon="6.73915">
        <ele>1915.5</ele>
      </trkpt>
      <trkpt lat="45.09142" lon="6.73934">
        <ele>1917.1</ele>
      </trkpt>
      <trkpt lat="45.09152" lon="6.73958">
        <ele>1918.0</ele>
      </trkpt>
      <trkpt lat="45.09164" lon="6.73974">
        <ele>1916.6</ele>
      </trkpt>
      <trkpt lat="45.09172" lon="6.73988">
        <ele>1918.0</ele>
      </trkpt>
      <trkpt lat="45.0918" lon="6.74009">
        <ele>1920.0</ele>
      </trkpt>
      <trkpt lat="45.09183" lon="6.74016">
        <ele>1920.7</ele>
      </trkpt>
      <trkpt lat="45.09191" lon="6.74046">
        <ele>1923.4</ele>
      </trkpt>
      <trkpt lat="45.09195" lon="6.7405">
        <ele>1923.4</ele>
      </trkpt>
      <trkpt lat="45.09209" lon="6.74055">
        <ele>1921.9</ele>
      </trkpt>
      <trkpt lat="45.09226" lon="6.74055">
        <ele>1919.0</ele>
      </trkpt>
      <trkpt lat="45.0924" lon="6.74057">
        <ele>1917.0</ele>
      </trkpt>
      <trkpt lat="45.09264" lon="6.74059">
        <ele>1917.9</ele>
      </trkpt>
      <trkpt lat="45.09288" lon="6.74058">
        <ele>1918.8</ele>
      </trkpt>
      <trkpt lat="45.09302" lon="6.74058">
        <ele>1919.4</ele>
      </trkpt>
      <trkpt lat="45.09321" lon="6.74057">
        <ele>1920.2</ele>
      </trkpt>
      <trkpt lat="45.0933" lon="6.74054">
        <ele>1920.1</ele>
      </trkpt>
      <trkpt lat="45.09356" lon="6.74037">
        <ele>1920.5</ele>
      </trkpt>
      <trkpt lat="45.09365" lon="6.74027">
        <ele>1919.6</ele>
      </trkpt>
      <trkpt lat="45.09379" lon="6.74006">
        <ele>1916.2</ele>
      </trkpt>
      <trkpt lat="45.09399" lon="6.73984">
        <ele>1912.8</ele>
      </trkpt>
      <trkpt lat="45.09406" lon="6.7398">
        <ele>1912.6</ele>
      </trkpt>
      <trkpt lat="45.09425" lon="6.73976">
        <ele>1913.5</ele>
      </trkpt>
      <trkpt lat="45.09462" lon="6.73972">
        <ele>1915.4</ele>
      </trkpt>
      <trkpt lat="45.095" lon="6.73965">
        <ele>1916.5</ele>
      </trkpt>
      <trkpt lat="45.09529" lon="6.73969">
        <ele>1913.2</ele>
      </trkpt>
      <trkpt lat="45.09546" lon="6.73974">
        <ele>1912.0</ele>
      </trkpt>
      <trkpt lat="45.09566" lon="6.73985">
        <ele>1912.2</ele>
      </trkpt>
      <trkpt lat="45.09576" lon="6.73994">
        <ele>1913.3</ele>
      </trkpt>
      <trkpt lat="45.09586" lon="6.74009">
        <ele>1915.1</ele>
      </trkpt>
      <trkpt lat="45.096" lon="6.74034">
        <ele>1914.9</ele>
      </trkpt>
      <trkpt lat="45.09609" lon="6.74063">
        <ele>1918.9</ele>
      </trkpt>
      <trkpt lat="45.09616" lon="6.74084">
        <ele>1921.8</ele>
      </trkpt>
      <trkpt lat="45.09628" lon="6.74109">
        <ele>1925.6</ele>
      </trkpt>
      <trkpt lat="45.09645" lon="6.74133">
        <ele>1927.3</ele>
      </trkpt>
      <trkpt lat="45.09663" lon="6.74153">
        <ele>1927.7</ele>
      </trkpt>
      <trkpt lat="45.09675" lon="6.74162">
        <ele>1928.5</ele>
      </trkpt>
      <trkpt lat="45.09697" lon="6.7417">
        <ele>1927.8</ele>
      </trkpt>
      <trkpt lat="45.09706" lon="6.74174">
        <ele>1927.7</ele>
      </trkpt>
      <trkpt lat="45.09717" lon="6.74184">
        <ele>1929.5</ele>
      </trkpt>
      <trkpt lat="45.09723" lon="6.74187">
        <ele>1929.5</ele>
      </trkpt>
      <trkpt lat="45.09732" lon="6.74188">
        <ele>1928.2</ele>
      </trkpt>
      <trkpt lat="45.0974" lon="6.74185">
        <ele>1925.6</ele>
      </trkpt>
      <trkpt lat="45.09756" lon="6.74174">
        <ele>1919.2</ele>
      </trkpt>
      <trkpt lat="45.09763" lon="6.74173">
        <ele>1918.2</ele>
      </trkpt>
      <trkpt lat="45.09768" lon="6.74175">
        <ele>1918.5</ele>
      </trkpt>
      <trkpt lat="45.09798" lon="6.74189">
        <ele>1921.0</ele>
      </trkpt>
      <trkpt lat="45.09808" lon="6.74192">
        <ele>1921.1</ele>
      </trkpt>
      <trkpt lat="45.09839" lon="6.74196">
        <ele>1918.1</ele>
      </trkpt>
      <trkpt lat="45.09849" lon="6.74199">
        <ele>1915.5</ele>
      </trkpt>
      <trkpt lat="45.09857" lon="6.74205">
        <ele>1914.5</ele>
      </trkpt>
      <trkpt lat="45.09865" lon="6.74215">
        <ele>1914.6</ele>
      </trkpt>
      <trkpt lat="45.09874" lon="6.74234">
        <ele>1917.0</ele>
      </trkpt>
      <trkpt lat="45.09886" lon="6.74271">
        <ele>1924.1</ele>
      </trkpt>
      <trkpt lat="45.09893" lon="6.74283">
        <ele>1925.5</ele>
      </trkpt>
      <trkpt lat="45.09901" lon="6.74292">
        <ele>1925.6</ele>
      </trkpt>
      <trkpt lat="45.09932" lon="6.74316">
        <ele>1923.6</ele>
      </trkpt>
      <trkpt lat="45.09948" lon="6.74332">
        <ele>1924.4</ele>
      </trkpt>
      <trkpt lat="45.09955" lon="6.74337">
        <ele>1923.9</ele>
      </trkpt>
      <trkpt lat="45.09963" lon="6.7434">
        <ele>1922.4</ele>
      </trkpt>
      <trkpt lat="45.09988" lon="6.74345">
        <ele>1915.9</ele>
      </trkpt>
      <trkpt lat="45.09996" lon="6.74348">
        <ele>1914.3</ele>
      </trkpt>
      <trkpt lat="45.10003" lon="6.74356">
        <ele>1915.2</ele>
      </trkpt>
      <trkpt lat="45.10008" lon="6.74366">
        <ele>1916.1</ele>
      </trkpt>
      <trkpt lat="45.1001" lon="6.74377">
        <ele>1916.9</ele>
      </trkpt>
      <trkpt lat="45.10015" lon="6.74384">
        <ele>1917.6</ele>
      </trkpt>
      <trkpt lat="45.1002" lon="6.7439">
        <ele>1918.3</ele>
      </trkpt>
      <trkpt lat="45.10047" lon="6.74414">
        <ele>1921.6</ele>
      </trkpt>
      <trkpt lat="45.10066" lon="6.74427">
        <ele>1920.4</ele>
      </trkpt>
      <trkpt lat="45.10091" lon="6.74449">
        <ele>1920.6</ele>
      </trkpt>
      <trkpt lat="45.10097" lon="6.74451">
        <ele>1919.8</ele>
      </trkpt>
      <trkpt lat="45.10108" lon="6.74451">
        <ele>1917.2</ele>
      </trkpt>
      <trkpt lat="45.10119" lon="6.7445">
        <ele>1914.2</ele>
      </trkpt>
      <trkpt lat="45.10127" lon="6.74452">
        <ele>1912.9</ele>
      </trkpt>
      <trkpt lat="45.10132" lon="6.74456">
        <ele>1913.0</ele>
      </trkpt>
      <trkpt lat="45.10138" lon="6.74463">
        <ele>1914.0</ele>
      </trkpt>
      <trkpt lat="45.10145" lon="6.74473">
        <ele>1915.7</ele>
      </trkpt>
      <trkpt lat="45.10166" lon="6.74502">
        <ele>1920.9</ele>
      </trkpt>
      <trkpt lat="45.10173" lon="6.74508">
        <ele>1921.8</ele>
      </trkpt>
      <trkpt lat="45.10181" lon="6.74511">
        <ele>1921.6</ele>
      </trkpt>
      <trkpt lat="45.10195" lon="6.74511">
        <ele>1919.2</ele>
      </trkpt>
      <trkpt lat="45.10211" lon="6.74518">
        <ele>1919.1</ele>
      </trkpt>
      <trkpt lat="45.1023" lon="6.74523">
        <ele>1917.9</ele>
      </trkpt>
      <trkpt lat="45.10236" lon="6.74527">
        <ele>1918.3</ele>
      </trkpt>
      <trkpt lat="45.10261" lon="6.74552">
        <ele>1921.7</ele>
      </trkpt>
      <trkpt lat="45.10278" lon="6.74577">
        <ele>1926.1</ele>
      </trkpt>
      <trkpt lat="45.10291" lon="6.74589">
        <ele>1926.8</ele>
      </trkpt>
      <trkpt lat="45.10304" lon="6.74604">
        <ele>1928.5</ele>
      </trkpt>
      <trkpt lat="45.10316" lon="6.74613">
        <ele>1928.1</ele>
      </trkpt>
      <trkpt lat="45.10331" lon="6.7462">
        <ele>1925.9</ele>
      </trkpt>
      <trkpt lat="45.10343" lon="6.74632">
        <ele>1926.7</ele>
      </trkpt>
      <trkpt lat="45.10372" lon="6.74651">
        <ele>1925.3</ele>
      </trkpt>
      <trkpt lat="45.10382" lon="6.74657">
        <ele>1924.8</ele>
      </trkpt>
      <trkpt lat="45.10382" lon="6.74657">
        <ele>1924.8</ele>
      </trkpt>
      <trkpt lat="45.10397" lon="6.74665">
        <ele>1923.8</ele>
      </trkpt>
      <trkpt lat="45.10426" lon="6.74685">
        <ele>1921.9</ele>
      </trkpt>
      <trkpt lat="45.10441" lon="6.74698">
        <ele>1921.3</ele>
      </trkpt>
      <trkpt lat="45.10467" lon="6.74727">
        <ele>1921.9</ele>
      </trkpt>
      <trkpt lat="45.10486" lon="6.74754">
        <ele>1924.0</ele>
      </trkpt>
      <trkpt lat="45.10504" lon="6.74777">
        <ele>1926.5</ele>
      </trkpt>
      <trkpt lat="45.10517" lon="6.74788">
        <ele>1926.5</ele>
      </trkpt>
      <trkpt lat="45.10533" lon="6.74799">
        <ele>1925.9</ele>
      </trkpt>
      <trkpt lat="45.10569" lon="6.74824">
        <ele>1925.2</ele>
      </trkpt>
      <trkpt lat="45.10632" lon="6.74876">
        <ele>1922.8</ele>
      </trkpt>
      <trkpt lat="45.1065" lon="6.74893">
        <ele>1922.1</ele>
      </trkpt>
      <trkpt lat="45.10679" lon="6.7493">
        <ele>1923.3</ele>
      </trkpt>
      <trkpt lat="45.10698" lon="6.74962">
        <ele>1925.4</ele>
      </trkpt>
      <trkpt lat="45.10732" lon="6.75004">
        <ele>1924.9</ele>
      </trkpt>
      <trkpt lat="45.10767" lon="6.75045">
        <ele>1925.4</ele>
      </trkpt>
      <trkpt lat="45.10803" lon="6.75087">
        <ele>1923.4</ele>
      </trkpt>
      <trkpt lat="45.10813" lon="6.75103">
        <ele>1922.6</ele>
      </trkpt>
      <trkpt lat="45.10821" lon="6.75125">
        <ele>1923.8</ele>
      </trkpt>
      <trkpt lat="45.10838" lon="6.75187">
        <ele>1929.7</ele>
      </trkpt>
      <trkpt lat="45.10849" lon="6.75218">
        <ele>1931.8</ele>
      </trkpt>
      <trkpt lat="45.10878" lon="6.75284">
        <ele>1931.4</ele>
      </trkpt>
      <trkpt lat="45.10907" lon="6.7535">
        <ele>1929.5</ele>
      </trkpt>
      <trkpt lat="45.10927" lon="6.75402">
        <ele>1928.0</ele>
      </trkpt>
      <trkpt lat="45.10946" lon="6.75464">
        <ele>1927.7</ele>
      </trkpt>
      <trkpt lat="45.10957" lon="6.75495">
        <ele>1926.5</ele>
      </trkpt>
      <trkpt lat="45.10963" lon="6.75517">
        <ele>1925.5</ele>
      </trkpt>
      <trkpt lat="45.10964" lon="6.7553">
        <ele>1925.8</ele>
      </trkpt>
      <trkpt lat="45.10963" lon="6.75546">
        <ele>1927.1</ele>
      </trkpt>
      <trkpt lat="45.10961" lon="6.75557">
        <ele>1928.2</ele>
      </trkpt>
      <trkpt lat="45.10958" lon="6.75563">
        <ele>1929.2</ele>
      </trkpt>
      <trkpt lat="45.10932" lon="6.75594">
        <ele>1935.6</ele>
      </trkpt>
      <trkpt lat="45.10904" lon="6.75619">
        <ele>1936.6</ele>
      </trkpt>
      <trkpt lat="45.109" lon="6.75625">
        <ele>1936.8</ele>
      </trkpt>
      <trkpt lat="45.10898" lon="6.75633">
        <ele>1936.9</ele>
      </trkpt>
      <trkpt lat="45.10898" lon="6.75642">
        <ele>1937.1</ele>
      </trkpt>
      <trkpt lat="45.109" lon="6.75651">
        <ele>1937.4</ele>
      </trkpt>
      <trkpt lat="45.10903" lon="6.75657">
        <ele>1937.5</ele>
      </trkpt>
      <trkpt lat="45.10907" lon="6.75661">
        <ele>1937.7</ele>
      </trkpt>
      <trkpt lat="45.10911" lon="6.75662">
        <ele>1937.8</ele>
      </trkpt>
      <trkpt lat="45.10932" lon="6.75658">
        <ele>1938.5</ele>
      </trkpt>
      <trkpt lat="45.10944" lon="6.7565">
        <ele>1938.3</ele>
      </trkpt>
      <trkpt lat="45.10974" lon="6.75624">
        <ele>1934.0</ele>
      </trkpt>
      <trkpt lat="45.10981" lon="6.75607">
        <ele>1930.3</ele>
      </trkpt>
      <trkpt lat="45.10988" lon="6.75596">
        <ele>1927.0</ele>
      </trkpt>
      <trkpt lat="45.11011" lon="6.75583">
        <ele>1919.8</ele>
      </trkpt>
      <trkpt lat="45.1104" lon="6.75582">
        <ele>1914.0</ele>
      </trkpt>
      <trkpt lat="45.11054" lon="6.75589">
        <ele>1913.3</ele>
      </trkpt>
      <trkpt lat="45.11064" lon="6.75603">
        <ele>1915.6</ele>
      </trkpt>
      <trkpt lat="45.11084" lon="6.75667">
        <ele>1931.8</ele>
      </trkpt>
      <trkpt lat="45.11086" lon="6.75674">
        <ele>1933.1</ele>
      </trkpt>
      <trkpt lat="45.11085" lon="6.75679">
        <ele>1935.0</ele>
      </trkpt>
      <trkpt lat="45.11101" lon="6.75699">
        <ele>1935.2</ele>
      </trkpt>
      <trkpt lat="45.1116" lon="6.75741">
        <ele>1930.4</ele>
      </trkpt>
      <trkpt lat="45.1118" lon="6.75773">
        <ele>1933.0</ele>
      </trkpt>
      <trkpt lat="45.11217" lon="6.75846">
        <ele>1936.6</ele>
      </trkpt>
      <trkpt lat="45.11254" lon="6.75918">
        <ele>1939.9</ele>
      </trkpt>
      <trkpt lat="45.11262" lon="6.75931">
        <ele>1942.4</ele>
      </trkpt>
      <trkpt lat="45.11291" lon="6.75961">
        <ele>1944.3</ele>
      </trkpt>
      <trkpt lat="45.11335" lon="6.75988">
        <ele>1939.7</ele>
      </trkpt>
      <trkpt lat="45.1138" lon="6.76015">
        <ele>1936.6</ele>
      </trkpt>
      <trkpt lat="45.11417" lon="6.76048">
        <ele>1937.8</ele>
      </trkpt>
      <trkpt lat="45.11446" lon="6.76071">
        <ele>1938.8</ele>
      </trkpt>
      <trkpt lat="45.11494" lon="6.76101">
        <ele>1937.3</ele>
      </trkpt>
      <trkpt lat="45.11537" lon="6.76113">
        <ele>1935.4</ele>
      </trkpt>
      <trkpt lat="45.11569" lon="6.76117">
        <ele>1932.1</ele>
      </trkpt>
      <trkpt lat="45.1162" lon="6.76125">
        <ele>1928.4</ele>
      </trkpt>
      <trkpt lat="45.11648" lon="6.7614">
        <ele>1929.7</ele>
      </trkpt>
      <trkpt lat="45.11701" lon="6.7618">
        <ele>1936.8</ele>
      </trkpt>
      <trkpt lat="45.11744" lon="6.76193">
        <ele>1938.2</ele>
      </trkpt>
      <trkpt lat="45.11744" lon="6.76193">
        <ele>1938.2</ele>
      </trkpt>
      <trkpt lat="45.11754" lon="6.76196">
        <ele>1938.6</ele>
      </trkpt>
      <trkpt lat="45.11783" lon="6.76208">
        <ele>1940.3</ele>
      </trkpt>
      <trkpt lat="45.11826" lon="6.76211">
        <ele>1936.8</ele>
      </trkpt>
      <trkpt lat="45.11872" lon="6.762">
        <ele>1930.3</ele>
      </trkpt>
      <trkpt lat="45.11908" lon="6.76214">
        <ele>1933.9</ele>
      </trkpt>
      <trkpt lat="45.11951" lon="6.7624">
        <ele>1937.4</ele>
      </trkpt>
      <trkpt lat="45.11979" lon="6.7625">
        <ele>1937.0</ele>
      </trkpt>
      <trkpt lat="45.12036" lon="6.76259">
        <ele>1935.4</ele>
      </trkpt>
      <trkpt lat="45.12094" lon="6.76268">
        <ele>1935.3</ele>
      </trkpt>
      <trkpt lat="45.12139" lon="6.76278">
        <ele>1932.8</ele>
      </trkpt>
      <trkpt lat="45.12203" lon="6.76316">
        <ele>1934.0</ele>
      </trkpt>
      <trkpt lat="45.12212" lon="6.76323">
        <ele>1934.4</ele>
      </trkpt>
      <trkpt lat="45.12225" lon="6.76338">
        <ele>1936.3</ele>
      </trkpt>
      <trkpt lat="45.12236" lon="6.76346">
        <ele>1935.9</ele>
      </trkpt>
      <trkpt lat="45.12244" lon="6.76355">
        <ele>1936.5</ele>
      </trkpt>
      <trkpt lat="45.1225" lon="6.76365">
        <ele>1937.6</ele>
      </trkpt>
      <trkpt lat="45.1226" lon="6.76392">
        <ele>1941.2</ele>
      </trkpt>
      <trkpt lat="45.12276" lon="6.76419">
        <ele>1942.8</ele>
      </trkpt>
      <trkpt lat="45.12282" lon="6.76435">
        <ele>1945.0</ele>
      </trkpt>
      <trkpt lat="45.1229" lon="6.76471">
        <ele>1951.4</ele>
      </trkpt>
      <trkpt lat="45.12295" lon="6.76481">
        <ele>1952.2</ele>
      </trkpt>
      <trkpt lat="45.12318" lon="6.76508">
        <ele>1951.4</ele>
      </trkpt>
      <trkpt lat="45.12324" lon="6.76518">
        <ele>1952.2</ele>
      </trkpt>
      <trkpt lat="45.12364" lon="6.76602">
        <ele>1963.2</ele>
      </trkpt>
      <trkpt lat="45.12368" lon="6.76616">
        <ele>1964.8</ele>
      </trkpt>
      <trkpt lat="45.1237" lon="6.76629">
        <ele>1966.8</ele>
      </trkpt>
      <trkpt lat="45.12374" lon="6.76637">
        <ele>1967.1</ele>
      </trkpt>
      <trkpt lat="45.12388" lon="6.76646">
        <ele>1964.5</ele>
      </trkpt>
      <trkpt lat="45.12394" lon="6.76651">
        <ele>1963.5</ele>
      </trkpt>
      <trkpt lat="45.12399" lon="6.76658">
        <ele>1963.2</ele>
      </trkpt>
      <trkpt lat="45.12401" lon="6.76666">
        <ele>1964.0</ele>
      </trkpt>
      <trkpt lat="45.12403" lon="6.76682">
        <ele>1966.1</ele>
      </trkpt>
      <trkpt lat="45.12402" lon="6.76706">
        <ele>1970.6</ele>
      </trkpt>
      <trkpt lat="45.12402" lon="6.76718">
        <ele>1972.7</ele>
      </trkpt>
      <trkpt lat="45.12409" lon="6.76741">
        <ele>1973.8</ele>
      </trkpt>
      <trkpt lat="45.1241" lon="6.7675">
        <ele>1974.9</ele>
      </trkpt>
      <trkpt lat="45.12409" lon="6.76767">
        <ele>1974.4</ele>
      </trkpt>
      <trkpt lat="45.12405" lon="6.76792">
        <ele>1975.3</ele>
      </trkpt>
      <trkpt lat="45.12392" lon="6.76848">
        <ele>1980.5</ele>
      </trkpt>
      <trkpt lat="45.1237" lon="6.76914">
        <ele>1987.3</ele>
      </trkpt>
      <trkpt lat="45.1236" lon="6.7694">
        <ele>1990.4</ele>
      </trkpt>
      <trkpt lat="45.12346" lon="6.76967">
        <ele>1992.7</ele>
      </trkpt>
      <trkpt lat="45.12313" lon="6.77021">
        <ele>2003.3</ele>
      </trkpt>
      <trkpt lat="45.12298" lon="6.7705">
        <ele>2009.8</ele>
      </trkpt>
      <trkpt lat="45.12294" lon="6.77062">
        <ele>2010.6</ele>
      </trkpt>
      <trkpt lat="45.12293" lon="6.77069">
        <ele>2010.3</ele>
      </trkpt>
      <trkpt lat="45.12293" lon="6.77075">
        <ele>2009.8</ele>
      </trkpt>
      <trkpt lat="45.12294" lon="6.77081">
        <ele>2009.0</ele>
      </trkpt>
      <trkpt lat="45.12298" lon="6.77086">
        <ele>2008.2</ele>
      </trkpt>
      <trkpt lat="45.12302" lon="6.77087">
        <ele>2007.4</ele>
      </trkpt>
      <trkpt lat="45.12306" lon="6.77087">
        <ele>2006.3</ele>
      </trkpt>
      <trkpt lat="45.12313" lon="6.77084">
        <ele>2003.8</ele>
      </trkpt>
      <trkpt lat="45.12332" lon="6.77074">
        <ele>1997.5</ele>
      </trkpt>
      <trkpt lat="45.12367" lon="6.77057">
        <ele>1994.0</ele>
      </trkpt>
      <trkpt lat="45.12392" lon="6.77042">
        <ele>1988.5</ele>
      </trkpt>
      <trkpt lat="45.12399" lon="6.77039">
        <ele>1986.8</ele>
      </trkpt>
      <trkpt lat="45.12407" lon="6.77038">
        <ele>1985.6</ele>
      </trkpt>
      <trkpt lat="45.12416" lon="6.77038">
        <ele>1984.7</ele>
      </trkpt>
      <trkpt lat="45.12424" lon="6.7704">
        <ele>1986.5</ele>
      </trkpt>
      <trkpt lat="45.12464" lon="6.77056">
        <ele>1997.9</ele>
      </trkpt>
      <trkpt lat="45.12469" lon="6.77057">
        <ele>1998.9</ele>
      </trkpt>
      <trkpt lat="45.12475" lon="6.77056">
        <ele>1999.4</ele>
      </trkpt>
      <trkpt lat="45.12482" lon="6.77052">
        <ele>1999.2</ele>
      </trkpt>
      <trkpt lat="45.12504" lon="6.77037">
        <ele>1998.9</ele>
      </trkpt>
      <trkpt lat="45.12518" lon="6.77024">
        <ele>1999.4</ele>
      </trkpt>
      <trkpt lat="45.12528" lon="6.77012">
        <ele>1999.1</ele>
      </trkpt>
      <trkpt lat="45.12536" lon="6.77">
        <ele>1998.4</ele>
      </trkpt>
      <trkpt lat="45.12549" lon="6.76974">
        <ele>1994.7</ele>
      </trkpt>
      <trkpt lat="45.12569" lon="6.76932">
        <ele>1989.8</ele>
      </trkpt>
      <trkpt lat="45.12583" lon="6.76906">
        <ele>1987.9</ele>
      </trkpt>
      <trkpt lat="45.12597" lon="6.76887">
        <ele>1987.5</ele>
      </trkpt>
      <trkpt lat="45.12629" lon="6.76859">
        <ele>1990.6</ele>
      </trkpt>
      <trkpt lat="45.12644" lon="6.76842">
        <ele>1990.9</ele>
      </trkpt>
      <trkpt lat="45.12651" lon="6.76835">
        <ele>1991.2</ele>
      </trkpt>
      <trkpt lat="45.12659" lon="6.76829">
        <ele>1991.9</ele>
      </trkpt>
      <trkpt lat="45.12713" lon="6.7681">
        <ele>2000.5</ele>
      </trkpt>
      <trkpt lat="45.12729" lon="6.76803">
        <ele>2002.0</ele>
      </trkpt>
      <trkpt lat="45.12737" lon="6.76798">
        <ele>2001.9</ele>
      </trkpt>
      <trkpt lat="45.12749" lon="6.76787">
        <ele>2000.2</ele>
      </trkpt>
      <trkpt lat="45.12752" lon="6.76782">
        <ele>1998.7</ele>
      </trkpt>
      <trkpt lat="45.12752" lon="6.76782">
        <ele>1998.7</ele>
      </trkpt>
      <trkpt lat="45.12761" lon="6.76769">
        <ele>1995.3</ele>
      </trkpt>
      <trkpt lat="45.12769" lon="6.76759">
        <ele>1993.0</ele>
      </trkpt>
      <trkpt lat="45.12792" lon="6.7674">
        <ele>1990.2</ele>
      </trkpt>
      <trkpt lat="45.1281" lon="6.76722">
        <ele>1986.5</ele>
      </trkpt>
      <trkpt lat="45.12815" lon="6.76718">
        <ele>1986.1</ele>
      </trkpt>
      <trkpt lat="45.12821" lon="6.76716">
        <ele>1986.9</ele>
      </trkpt>
      <trkpt lat="45.12829" lon="6.76714">
        <ele>1988.3</ele>
      </trkpt>
      <trkpt lat="45.12875" lon="6.76717">
        <ele>1997.5</ele>
      </trkpt>
      <trkpt lat="45.12883" lon="6.76715">
        <ele>1997.9</ele>
      </trkpt>
      <trkpt lat="45.12889" lon="6.76712">
        <ele>1997.6</ele>
      </trkpt>
      <trkpt lat="45.12903" lon="6.76706">
        <ele>1997.3</ele>
      </trkpt>
      <trkpt lat="45.12915" lon="6.76703">
        <ele>1998.0</ele>
      </trkpt>
      <trkpt lat="45.12947" lon="6.76701">
        <ele>2001.7</ele>
      </trkpt>
      <trkpt lat="45.12989" lon="6.76694">
        <ele>2004.6</ele>
      </trkpt>
      <trkpt lat="45.13004" lon="6.7669">
        <ele>2005.2</ele>
      </trkpt>
      <trkpt lat="45.13018" lon="6.76685">
        <ele>2006.1</ele>
      </trkpt>
      <trkpt lat="45.13089" lon="6.76641">
        <ele>2000.9</ele>
      </trkpt>
      <trkpt lat="45.13102" lon="6.76636">
        <ele>1999.2</ele>
      </trkpt>
      <trkpt lat="45.13119" lon="6.76633">
        <ele>1998.7</ele>
      </trkpt>
      <trkpt lat="45.13137" lon="6.7663">
        <ele>1998.4</ele>
      </trkpt>
      <trkpt lat="45.13154" lon="6.76631">
        <ele>1999.8</ele>
      </trkpt>
      <trkpt lat="45.13206" lon="6.76643">
        <ele>2003.7</ele>
      </trkpt>
      <trkpt lat="45.13241" lon="6.76642">
        <ele>2001.9</ele>
      </trkpt>
      <trkpt lat="45.13263" lon="6.76642">
        <ele>2002.1</ele>
      </trkpt>
      <trkpt lat="45.13271" lon="6.76641">
        <ele>2002.1</ele>
      </trkpt>
      <trkpt lat="45.13277" lon="6.76639">
        <ele>2001.6</ele>
      </trkpt>
      <trkpt lat="45.13284" lon="6.76634">
        <ele>2000.0</ele>
      </trkpt>
      <trkpt lat="45.13325" lon="6.76597">
        <ele>1988.5</ele>
      </trkpt>
      <trkpt lat="45.13335" lon="6.76591">
        <ele>1987.0</ele>
      </trkpt>
      <trkpt lat="45.13344" lon="6.76589">
        <ele>1987.4</ele>
      </trkpt>
      <trkpt lat="45.13356" lon="6.76587">
        <ele>1988.3</ele>
      </trkpt>
      <trkpt lat="45.13386" lon="6.76589">
        <ele>1992.8</ele>
      </trkpt>
      <trkpt lat="45.13427" lon="6.76602">
        <ele>2000.2</ele>
      </trkpt>
      <trkpt lat="45.13511" lon="6.76616">
        <ele>1998.5</ele>
      </trkpt>
      <trkpt lat="45.13536" lon="6.76623">
        <ele>1996.6</ele>
      </trkpt>
      <trkpt lat="45.13546" lon="6.76628">
        <ele>1996.5</ele>
      </trkpt>
      <trkpt lat="45.13553" lon="6.76634">
        <ele>1997.2</ele>
      </trkpt>
      <trkpt lat="45.13585" lon="6.76674">
        <ele>2004.1</ele>
      </trkpt>
      <trkpt lat="45.13594" lon="6.76684">
        <ele>2005.0</ele>
      </trkpt>
      <trkpt lat="45.13605" lon="6.7669">
        <ele>2003.7</ele>
      </trkpt>
      <trkpt lat="45.13631" lon="6.76696">
        <ele>1997.7</ele>
      </trkpt>
      <trkpt lat="45.13638" lon="6.76701">
        <ele>1997.2</ele>
      </trkpt>
      <trkpt lat="45.13644" lon="6.76707">
        <ele>1997.3</ele>
      </trkpt>
      <trkpt lat="45.13661" lon="6.76732">
        <ele>2000.0</ele>
      </trkpt>
      <trkpt lat="45.13678" lon="6.76748">
        <ele>1998.8</ele>
      </trkpt>
      <trkpt lat="45.13694" lon="6.76767">
        <ele>1999.1</ele>
      </trkpt>
      <trkpt lat="45.13742" lon="6.76838">
        <ele>1998.9</ele>
      </trkpt>
      <trkpt lat="45.1379" lon="6.7691">
        <ele>1999.3</ele>
      </trkpt>
      <trkpt lat="45.13805" lon="6.76934">
        <ele>1997.0</ele>
      </trkpt>
      <trkpt lat="45.13816" lon="6.76961">
        <ele>1996.8</ele>
      </trkpt>
      <trkpt lat="45.13827" lon="6.76988">
        <ele>1996.2</ele>
      </trkpt>
      <trkpt lat="45.13832" lon="6.77007">
        <ele>1996.9</ele>
      </trkpt>
      <trkpt lat="45.1384" lon="6.77075">
        <ele>2003.9</ele>
      </trkpt>
      <trkpt lat="45.13843" lon="6.77125">
        <ele>2006.4</ele>
      </trkpt>
      <trkpt lat="45.13844" lon="6.77159">
        <ele>2008.0</ele>
      </trkpt>
      <trkpt lat="45.1384" lon="6.77231">
        <ele>2011.1</ele>
      </trkpt>
      <trkpt lat="45.13837" lon="6.77302">
        <ele>2013.3</ele>
      </trkpt>
      <trkpt lat="45.13838" lon="6.77332">
        <ele>2013.4</ele>
      </trkpt>
      <trkpt lat="45.13846" lon="6.77432">
        <ele>2012.8</ele>
      </trkpt>
      <trkpt lat="45.13848" lon="6.77491">
        <ele>2010.9</ele>
      </trkpt>
      <trkpt lat="45.13851" lon="6.77516">
        <ele>2010.1</ele>
      </trkpt>
      <trkpt lat="45.13851" lon="6.77541">
        <ele>2010.0</ele>
      </trkpt>
      <trkpt lat="45.13851" lon="6.77557">
        <ele>2009.8</ele>
      </trkpt>
      <trkpt lat="45.13841" lon="6.77623">
        <ele>2010.4</ele>
      </trkpt>
      <trkpt lat="45.13838" lon="6.77654">
        <ele>2010.1</ele>
      </trkpt>
      <trkpt lat="45.13838" lon="6.77681">
        <ele>2009.1</ele>
      </trkpt>
      <trkpt lat="45.13839" lon="6.77713">
        <ele>2007.4</ele>
      </trkpt>
      <trkpt lat="45.13841" lon="6.77725">
        <ele>2006.9</ele>
      </trkpt>
      <trkpt lat="45.13843" lon="6.77729">
        <ele>2006.8</ele>
      </trkpt>
      <trkpt lat="45.13857" lon="6.77739">
        <ele>2007.3</ele>
      </trkpt>
      <trkpt lat="45.13863" lon="6.77746">
        <ele>2007.6</ele>
      </trkpt>
      <trkpt lat="45.13868" lon="6.77755">
        <ele>2007.9</ele>
      </trkpt>
      <trkpt lat="45.13881" lon="6.77784">
        <ele>2009.0</ele>
      </trkpt>
      <trkpt lat="45.13885" lon="6.77798">
        <ele>2009.3</ele>
      </trkpt>
      <trkpt lat="45.13885" lon="6.77807">
        <ele>2009.3</ele>
      </trkpt>
      <trkpt lat="45.13885" lon="6.77852">
        <ele>2010.5</ele>
      </trkpt>
      <trkpt lat="45.13892" lon="6.77921">
        <ele>2015.5</ele>
      </trkpt>
      <trkpt lat="45.13892" lon="6.77931">
        <ele>2016.9</ele>
      </trkpt>
      <trkpt lat="45.1389" lon="6.77943">
        <ele>2018.3</ele>
      </trkpt>
      <trkpt lat="45.13883" lon="6.77974">
        <ele>2021.2</ele>
      </trkpt>
      <trkpt lat="45.13881" lon="6.7798">
        <ele>2021.5</ele>
      </trkpt>
      <trkpt lat="45.13867" lon="6.78022">
        <ele>2023.7</ele>
      </trkpt>
      <trkpt lat="45.13864" lon="6.78033">
        <ele>2024.5</ele>
      </trkpt>
      <trkpt lat="45.13861" lon="6.78048">
        <ele>2025.6</ele>
      </trkpt>
      <trkpt lat="45.13859" lon="6.78076">
        <ele>2028.7</ele>
      </trkpt>
      <trkpt lat="45.13855" lon="6.78091">
        <ele>2029.4</ele>
      </trkpt>
      <trkpt lat="45.13852" lon="6.78099">
        <ele>2029.6</ele>
      </trkpt>
      <trkpt lat="45.13845" lon="6.78111">
        <ele>2029.0</ele>
      </trkpt>
      <trkpt lat="45.13829" lon="6.78127">
        <ele>2027.4</ele>
      </trkpt>
      <trkpt lat="45.13817" lon="6.78138">
        <ele>2029.2</ele>
      </trkpt>
      <trkpt lat="45.13806" lon="6.7815">
        <ele>2030.6</ele>
      </trkpt>
      <trkpt lat="45.138" lon="6.78161">
        <ele>2031.7</ele>
      </trkpt>
      <trkpt lat="45.13796" lon="6.78172">
        <ele>2032.7</ele>
      </trkpt>
      <trkpt lat="45.13795" lon="6.78175">
        <ele>2033.1</ele>
      </trkpt>
      <trkpt lat="45.13795" lon="6.78175">
        <ele>2033.1</ele>
      </trkpt>
      <trkpt lat="45.13795" lon="6.78179">
        <ele>2033.5</ele>
      </trkpt>
      <trkpt lat="45.13795" lon="6.78185">
        <ele>2034.3</ele>
      </trkpt>
      <trkpt lat="45.13797" lon="6.78188">
        <ele>2034.7</ele>
      </trkpt>
      <trkpt lat="45.138" lon="6.78189">
        <ele>2034.8</ele>
      </trkpt>
      <trkpt lat="45.13806" lon="6.78186">
        <ele>2034.6</ele>
      </trkpt>
      <trkpt lat="45.13818" lon="6.78177">
        <ele>2033.8</ele>
      </trkpt>
      <trkpt lat="45.13824" lon="6.78174">
        <ele>2033.6</ele>
      </trkpt>
      <trkpt lat="45.1383" lon="6.78173">
        <ele>2033.6</ele>
      </trkpt>
      <trkpt lat="45.13852" lon="6.78176">
        <ele>2040.8</ele>
      </trkpt>
      <trkpt lat="45.13864" lon="6.78174">
        <ele>2044.9</ele>
      </trkpt>
      <trkpt lat="45.13871" lon="6.7817">
        <ele>2046.9</ele>
      </trkpt>
      <trkpt lat="45.13874" lon="6.78165">
        <ele>2047.4</ele>
      </trkpt>
      <trkpt lat="45.13879" lon="6.78154">
        <ele>2047.5</ele>
      </trkpt>
      <trkpt lat="45.13895" lon="6.78102">
        <ele>2044.7</ele>
      </trkpt>
      <trkpt lat="45.13903" lon="6.7808">
        <ele>2043.8</ele>
      </trkpt>
      <trkpt lat="45.13908" lon="6.78068">
        <ele>2043.1</ele>
      </trkpt>
      <trkpt lat="45.13911" lon="6.78065">
        <ele>2043.5</ele>
      </trkpt>
      <trkpt lat="45.13914" lon="6.78066">
        <ele>2044.6</ele>
      </trkpt>
      <trkpt lat="45.13915" lon="6.7807">
        <ele>2045.8</ele>
      </trkpt>
      <trkpt lat="45.13916" lon="6.78074">
        <ele>2046.9</ele>
      </trkpt>
      <trkpt lat="45.13907" lon="6.78094">
        <ele>2047.5</ele>
      </trkpt>
      <trkpt lat="45.13905" lon="6.78103">
        <ele>2048.3</ele>
      </trkpt>
      <trkpt lat="45.13902" lon="6.7814">
        <ele>2053.4</ele>
      </trkpt>
      <trkpt lat="45.13901" lon="6.78167">
        <ele>2057.4</ele>
      </trkpt>
      <trkpt lat="45.13902" lon="6.78189">
        <ele>2060.4</ele>
      </trkpt>
      <trkpt lat="45.13902" lon="6.78202">
        <ele>2061.9</ele>
      </trkpt>
      <trkpt lat="45.13901" lon="6.78215">
        <ele>2063.1</ele>
      </trkpt>
      <trkpt lat="45.139" lon="6.78231">
        <ele>2064.6</ele>
      </trkpt>
      <trkpt lat="45.13901" lon="6.78248">
        <ele>2066.9</ele>
      </trkpt>
      <trkpt lat="45.13904" lon="6.78278">
        <ele>2073.2</ele>
      </trkpt>
      <trkpt lat="45.13903" lon="6.78287">
        <ele>2074.4</ele>
      </trkpt>
      <trkpt lat="45.13903" lon="6.78287">
        <ele>2074.4</ele>
      </trkpt>
      <trkpt lat="45.13901" lon="6.78292">
        <ele>2074.5</ele>
      </trkpt>
      <trkpt lat="45.13883" lon="6.7831">
        <ele>2070.7</ele>
      </trkpt>
      <trkpt lat="45.13874" lon="6.78325">
        <ele>2069.7</ele>
      </trkpt>
      <trkpt lat="45.13868" lon="6.78338">
        <ele>2069.6</ele>
      </trkpt>
      <trkpt lat="45.13862" lon="6.78353">
        <ele>2070.2</ele>
      </trkpt>
      <trkpt lat="45.1386" lon="6.78362">
        <ele>2071.2</ele>
      </trkpt>
      <trkpt lat="45.13858" lon="6.7838">
        <ele>2074.0</ele>
      </trkpt>
      <trkpt lat="45.13858" lon="6.78384">
        <ele>2074.7</ele>
      </trkpt>
      <trkpt lat="45.1386" lon="6.7839">
        <ele>2076.7</ele>
      </trkpt>
      <trkpt lat="45.13867" lon="6.78409">
        <ele>2083.0</ele>
      </trkpt>
      <trkpt lat="45.13867" lon="6.78414">
        <ele>2084.0</ele>
      </trkpt>
      <trkpt lat="45.13865" lon="6.78419">
        <ele>2084.4</ele>
      </trkpt>
      <trkpt lat="45.13865" lon="6.78419">
        <ele>2084.4</ele>
      </trkpt>
      <trkpt lat="45.13859" lon="6.78425">
        <ele>2083.6</ele>
      </trkpt>
      <trkpt lat="45.13841" lon="6.7843">
        <ele>2078.1</ele>
      </trkpt>
      <trkpt lat="45.13829" lon="6.78437">
        <ele>2076.1</ele>
      </trkpt>
      <trkpt lat="45.13824" lon="6.78444">
        <ele>2076.7</ele>
      </trkpt>
      <trkpt lat="45.13811" lon="6.78463">
        <ele>2078.0</ele>
      </trkpt>
      <trkpt lat="45.13805" lon="6.78476">
        <ele>2079.0</ele>
      </trkpt>
      <trkpt lat="45.13803" lon="6.78486">
        <ele>2080.3</ele>
      </trkpt>
      <trkpt lat="45.13796" lon="6.78531">
        <ele>2086.0</ele>
      </trkpt>
      <trkpt lat="45.13795" lon="6.78538">
        <ele>2086.8</ele>
      </trkpt>
      <trkpt lat="45.13796" lon="6.78549">
        <ele>2089.0</ele>
      </trkpt>
      <trkpt lat="45.13795" lon="6.78555">
        <ele>2089.6</ele>
      </trkpt>
      <trkpt lat="45.13786" lon="6.78593">
        <ele>2092.3</ele>
      </trkpt>
      <trkpt lat="45.13785" lon="6.78606">
        <ele>2094.0</ele>
      </trkpt>
      <trkpt lat="45.13784" lon="6.78636">
        <ele>2098.4</ele>
      </trkpt>
      <trkpt lat="45.13782" lon="6.78648">
        <ele>2099.4</ele>
      </trkpt>
      <trkpt lat="45.13762" lon="6.78705">
        <ele>2102.9</ele>
      </trkpt>
      <trkpt lat="45.13758" lon="6.78714">
        <ele>2103.4</ele>
      </trkpt>
      <trkpt lat="45.13731" lon="6.7876">
        <ele>2105.8</ele>
      </trkpt>
      <trkpt lat="45.13716" lon="6.78788">
        <ele>2108.6</ele>
      </trkpt>
      <trkpt lat="45.13706" lon="6.7881">
        <ele>2110.8</ele>
      </trkpt>
      <trkpt lat="45.13706" lon="6.7881">
        <ele>2110.8</ele>
      </trkpt>
      <trkpt lat="45.13692" lon="6.78837">
        <ele>2111.9</ele>
      </trkpt>
      <trkpt lat="45.13659" lon="6.78894">
        <ele>2115.7</ele>
      </trkpt>
      <trkpt lat="45.13652" lon="6.78909">
        <ele>2117.7</ele>
      </trkpt>
      <trkpt lat="45.13644" lon="6.78923">
        <ele>2118.8</ele>
      </trkpt>
      <trkpt lat="45.13624" lon="6.78951">
        <ele>2119.2</ele>
      </trkpt>
      <trkpt lat="45.13607" lon="6.78982">
        <ele>2120.5</ele>
      </trkpt>
      <trkpt lat="45.13598" lon="6.78996">
        <ele>2120.4</ele>
      </trkpt>
      <trkpt lat="45.13568" lon="6.79033">
        <ele>2124.9</ele>
      </trkpt>
      <trkpt lat="45.1356" lon="6.79046">
        <ele>2127.0</ele>
      </trkpt>
      <trkpt lat="45.13552" lon="6.79061">
        <ele>2128.7</ele>
      </trkpt>
      <trkpt lat="45.13547" lon="6.79075">
        <ele>2130.1</ele>
      </trkpt>
      <trkpt lat="45.13538" lon="6.79095">
        <ele>2131.0</ele>
      </trkpt>
      <trkpt lat="45.13524" lon="6.79111">
        <ele>2129.2</ele>
      </trkpt>
      <trkpt lat="45.1351" lon="6.7913">
        <ele>2127.4</ele>
      </trkpt>
      <trkpt lat="45.13494" lon="6.79157">
        <ele>2128.1</ele>
      </trkpt>
      <trkpt lat="45.13474" lon="6.79191">
        <ele>2132.8</ele>
      </trkpt>
      <trkpt lat="45.1347" lon="6.79202">
        <ele>2133.7</ele>
      </trkpt>
      <trkpt lat="45.13467" lon="6.79213">
        <ele>2134.5</ele>
      </trkpt>
      <trkpt lat="45.13459" lon="6.79262">
        <ele>2137.3</ele>
      </trkpt>
      <trkpt lat="45.13456" lon="6.79276">
        <ele>2138.2</ele>
      </trkpt>
      <trkpt lat="45.13452" lon="6.79287">
        <ele>2137.6</ele>
      </trkpt>
      <trkpt lat="45.13448" lon="6.79294">
        <ele>2137.2</ele>
      </trkpt>
      <trkpt lat="45.13445" lon="6.79296">
        <ele>2137.0</ele>
      </trkpt>
      <trkpt lat="45.1344" lon="6.79297">
        <ele>2136.7</ele>
      </trkpt>
      <trkpt lat="45.13438" lon="6.79298">
        <ele>2136.6</ele>
      </trkpt>
      <trkpt lat="45.13434" lon="6.79303">
        <ele>2136.3</ele>
      </trkpt>
      <trkpt lat="45.13432" lon="6.79309">
        <ele>2136.0</ele>
      </trkpt>
      <trkpt lat="45.1343" lon="6.79317">
        <ele>2135.7</ele>
      </trkpt>
      <trkpt lat="45.13429" lon="6.79357">
        <ele>2138.7</ele>
      </trkpt>
      <trkpt lat="45.13427" lon="6.79369">
        <ele>2139.2</ele>
      </trkpt>
      <trkpt lat="45.13421" lon="6.7939">
        <ele>2139.2</ele>
      </trkpt>
      <trkpt lat="45.13408" lon="6.79429">
        <ele>2142.7</ele>
      </trkpt>
      <trkpt lat="45.13383" lon="6.79482">
        <ele>2149.0</ele>
      </trkpt>
      <trkpt lat="45.13373" lon="6.79505">
        <ele>2150.0</ele>
      </trkpt>
      <trkpt lat="45.13354" lon="6.79564">
        <ele>2149.6</ele>
      </trkpt>
      <trkpt lat="45.13337" lon="6.79588">
        <ele>2150.1</ele>
      </trkpt>
      <trkpt lat="45.13326" lon="6.79599">
        <ele>2150.4</ele>
      </trkpt>
      <trkpt lat="45.13304" lon="6.79616">
        <ele>2152.4</ele>
      </trkpt>
      <trkpt lat="45.13285" lon="6.79625">
        <ele>2154.7</ele>
      </trkpt>
      <trkpt lat="45.13277" lon="6.79631">
        <ele>2155.4</ele>
      </trkpt>
      <trkpt lat="45.1327" lon="6.79641">
        <ele>2155.5</ele>
      </trkpt>
      <trkpt lat="45.13245" lon="6.79677">
        <ele>2155.9</ele>
      </trkpt>
      <trkpt lat="45.13233" lon="6.79693">
        <ele>2156.8</ele>
      </trkpt>
      <trkpt lat="45.13203" lon="6.79723">
        <ele>2160.7</ele>
      </trkpt>
      <trkpt lat="45.13193" lon="6.7973">
        <ele>2162.4</ele>
      </trkpt>
      <trkpt lat="45.13174" lon="6.79739">
        <ele>2166.2</ele>
      </trkpt>
      <trkpt lat="45.13163" lon="6.79746">
        <ele>2169.1</ele>
      </trkpt>
      <trkpt lat="45.13154" lon="6.79754">
        <ele>2172.4</ele>
      </trkpt>
      <trkpt lat="45.13139" lon="6.79781">
        <ele>2175.4</ele>
      </trkpt>
      <trkpt lat="45.13123" lon="6.79802">
        <ele>2178.9</ele>
      </trkpt>
      <trkpt lat="45.13118" lon="6.79813">
        <ele>2179.1</ele>
      </trkpt>
      <trkpt lat="45.13105" lon="6.7985">
        <ele>2179.1</ele>
      </trkpt>
      <trkpt lat="45.13081" lon="6.79892">
        <ele>2183.0</ele>
      </trkpt>
      <trkpt lat="45.13073" lon="6.79907">
        <ele>2184.8</ele>
      </trkpt>
      <trkpt lat="45.13066" lon="6.79927">
        <ele>2186.1</ele>
      </trkpt>
      <trkpt lat="45.13059" lon="6.7995">
        <ele>2187.6</ele>
      </trkpt>
      <trkpt lat="45.1304" lon="6.8">
        <ele>2190.6</ele>
      </trkpt>
      <trkpt lat="45.13039" lon="6.80004">
        <ele>2191.0</ele>
      </trkpt>
      <trkpt lat="45.13039" lon="6.80004">
        <ele>2191.0</ele>
      </trkpt>
      <trkpt lat="45.13037" lon="6.80012">
        <ele>2191.9</ele>
      </trkpt>
      <trkpt lat="45.13037" lon="6.80027">
        <ele>2192.4</ele>
      </trkpt>
      <trkpt lat="45.13041" lon="6.80065">
        <ele>2192.2</ele>
      </trkpt>
      <trkpt lat="45.13042" lon="6.80079">
        <ele>2192.3</ele>
      </trkpt>
      <trkpt lat="45.13042" lon="6.80098">
        <ele>2192.4</ele>
      </trkpt>
      <trkpt lat="45.1304" lon="6.80115">
        <ele>2193.0</ele>
      </trkpt>
      <trkpt lat="45.13035" lon="6.80137">
        <ele>2194.5</ele>
      </trkpt>
      <trkpt lat="45.13029" lon="6.80155">
        <ele>2196.1</ele>
      </trkpt>
      <trkpt lat="45.13008" lon="6.80214">
        <ele>2199.1</ele>
      </trkpt>
      <trkpt lat="45.13006" lon="6.80219">
        <ele>2199.3</ele>
      </trkpt>
      <trkpt lat="45.13004" lon="6.80222">
        <ele>2199.6</ele>
      </trkpt>
      <trkpt lat="45.13001" lon="6.80222">
        <ele>2200.4</ele>
      </trkpt>
      <trkpt lat="45.12999" lon="6.80221">
        <ele>2201.2</ele>
      </trkpt>
      <trkpt lat="45.12998" lon="6.80218">
        <ele>2201.8</ele>
      </trkpt>
      <trkpt lat="45.12997" lon="6.80214">
        <ele>2202.4</ele>
      </trkpt>
      <trkpt lat="45.13001" lon="6.80189">
        <ele>2202.4</ele>
      </trkpt>
      <trkpt lat="45.13" lon="6.80131">
        <ele>2204.9</ele>
      </trkpt>
      <trkpt lat="45.12999" lon="6.8012">
        <ele>2205.5</ele>
      </trkpt>
      <trkpt lat="45.12996" lon="6.80107">
        <ele>2207.1</ele>
      </trkpt>
      <trkpt lat="45.12984" lon="6.80061">
        <ele>2213.3</ele>
      </trkpt>
      <trkpt lat="45.12982" lon="6.8005">
        <ele>2214.4</ele>
      </trkpt>
      <trkpt lat="45.12981" lon="6.79985">
        <ele>2218.2</ele>
      </trkpt>
      <trkpt lat="45.12982" lon="6.79973">
        <ele>2219.5</ele>
      </trkpt>
      <trkpt lat="45.12986" lon="6.7993">
        <ele>2223.9</ele>
      </trkpt>
      <trkpt lat="45.12986" lon="6.79927">
        <ele>2224.4</ele>
      </trkpt>
      <trkpt lat="45.12984" lon="6.79925">
        <ele>2226.1</ele>
      </trkpt>
      <trkpt lat="45.12982" lon="6.79925">
        <ele>2227.6</ele>
      </trkpt>
      <trkpt lat="45.12981" lon="6.79927">
        <ele>2227.9</ele>
      </trkpt>
      <trkpt lat="45.12976" lon="6.79951">
        <ele>2227.3</ele>
      </trkpt>
      <trkpt lat="45.12974" lon="6.79959">
        <ele>2227.2</ele>
      </trkpt>
      <trkpt lat="45.12967" lon="6.79977">
        <ele>2228.5</ele>
      </trkpt>
      <trkpt lat="45.12957" lon="6.80013">
        <ele>2229.5</ele>
      </trkpt>
      <trkpt lat="45.12946" lon="6.80047">
        <ele>2233.1</ele>
      </trkpt>
      <trkpt lat="45.12944" lon="6.80057">
        <ele>2233.2</ele>
      </trkpt>
      <trkpt lat="45.12937" lon="6.80089">
        <ele>2233.5</ele>
      </trkpt>
      <trkpt lat="45.12933" lon="6.80104">
        <ele>2233.9</ele>
      </trkpt>
      <trkpt lat="45.12921" lon="6.80133">
        <ele>2235.9</ele>
      </trkpt>
      <trkpt lat="45.12918" lon="6.80133">
        <ele>2237.1</ele>
      </trkpt>
      <trkpt lat="45.12916" lon="6.80131">
        <ele>2238.2</ele>
      </trkpt>
      <trkpt lat="45.12915" lon="6.80124">
        <ele>2239.4</ele>
      </trkpt>
      <trkpt lat="45.12919" lon="6.8011">
        <ele>2239.1</ele>
      </trkpt>
      <trkpt lat="45.12921" lon="6.80101">
        <ele>2239.2</ele>
      </trkpt>
      <trkpt lat="45.12922" lon="6.80067">
        <ele>2242.8</ele>
      </trkpt>
      <trkpt lat="45.12927" lon="6.80032">
        <ele>2244.7</ele>
      </trkpt>
      <trkpt lat="45.1293" lon="6.79997">
        <ele>2247.5</ele>
      </trkpt>
      <trkpt lat="45.12931" lon="6.79988">
        <ele>2249.0</ele>
      </trkpt>
      <trkpt lat="45.12931" lon="6.79985">
        <ele>2249.7</ele>
      </trkpt>
      <trkpt lat="45.12929" lon="6.79984">
        <ele>2251.2</ele>
      </trkpt>
      <trkpt lat="45.12927" lon="6.79984">
        <ele>2252.5</ele>
      </trkpt>
      <trkpt lat="45.12925" lon="6.79987">
        <ele>2253.0</ele>
      </trkpt>
      <trkpt lat="45.12918" lon="6.80017">
        <ele>2251.8</ele>
      </trkpt>
      <trkpt lat="45.12913" lon="6.80031">
        <ele>2252.4</ele>
      </trkpt>
      <trkpt lat="45.12909" lon="6.80039">
        <ele>2253.2</ele>
      </trkpt>
      <trkpt lat="45.12876" lon="6.8009">
        <ele>2262.2</ele>
      </trkpt>
      <trkpt lat="45.12867" lon="6.80098">
        <ele>2265.6</ele>
      </trkpt>
      <trkpt lat="45.12862" lon="6.80105">
        <ele>2267.2</ele>
      </trkpt>
      <trkpt lat="45.12862" lon="6.80105">
        <ele>2267.2</ele>
      </trkpt>
      <trkpt lat="45.12861" lon="6.80111">
        <ele>2267.0</ele>
      </trkpt>
      <trkpt lat="45.12861" lon="6.80121">
        <ele>2265.7</ele>
      </trkpt>
      <trkpt lat="45.12863" lon="6.80141">
        <ele>2262.3</ele>
      </trkpt>
      <trkpt lat="45.12863" lon="6.80152">
        <ele>2260.9</ele>
      </trkpt>
      <trkpt lat="45.12863" lon="6.80163">
        <ele>2259.6</ele>
      </trkpt>
      <trkpt lat="45.1286" lon="6.80175">
        <ele>2260.6</ele>
      </trkpt>
      <trkpt lat="45.12857" lon="6.80183">
        <ele>2262.1</ele>
      </trkpt>
      <trkpt lat="45.12853" lon="6.80189">
        <ele>2264.0</ele>
      </trkpt>
      <trkpt lat="45.12846" lon="6.80196">
        <ele>2267.3</ele>
      </trkpt>
      <trkpt lat="45.12837" lon="6.80204">
        <ele>2271.4</ele>
      </trkpt>
      <trkpt lat="45.12822" lon="6.80213">
        <ele>2280.5</ele>
      </trkpt>
      <trkpt lat="45.12816" lon="6.80219">
        <ele>2284.5</ele>
      </trkpt>
      <trkpt lat="45.12814" lon="6.80224">
        <ele>2285.9</ele>
      </trkpt>
      <trkpt lat="45.12812" lon="6.80229">
        <ele>2287.4</ele>
      </trkpt>
      <trkpt lat="45.12812" lon="6.80235">
        <ele>2287.5</ele>
      </trkpt>
      <trkpt lat="45.12812" lon="6.80241">
        <ele>2287.7</ele>
      </trkpt>
      <trkpt lat="45.12815" lon="6.80247">
        <ele>2285.7</ele>
      </trkpt>
      <trkpt lat="45.12825" lon="6.80262">
        <ele>2281.3</ele>
      </trkpt>
      <trkpt lat="45.1283" lon="6.80269">
        <ele>2279.2</ele>
      </trkpt>
      <trkpt lat="45.12838" lon="6.80288">
        <ele>2279.1</ele>
      </trkpt>
      <trkpt lat="45.12843" lon="6.80296">
        <ele>2279.2</ele>
      </trkpt>
      <trkpt lat="45.12864" lon="6.80321">
        <ele>2278.7</ele>
      </trkpt>
      <trkpt lat="45.12877" lon="6.80335">
        <ele>2279.0</ele>
      </trkpt>
      <trkpt lat="45.1289" lon="6.80344">
        <ele>2278.5</ele>
      </trkpt>
      <trkpt lat="45.12893" lon="6.80348">
        <ele>2279.0</ele>
      </trkpt>
      <trkpt lat="45.12896" lon="6.80352">
        <ele>2279.4</ele>
      </trkpt>
      <trkpt lat="45.12896" lon="6.80356">
        <ele>2280.7</ele>
      </trkpt>
      <trkpt lat="45.12895" lon="6.80358">
        <ele>2281.6</ele>
      </trkpt>
      <trkpt lat="45.12893" lon="6.80359">
        <ele>2282.5</ele>
      </trkpt>
      <trkpt lat="45.1289" lon="6.8036">
        <ele>2283.7</ele>
      </trkpt>
      <trkpt lat="45.12874" lon="6.80347">
        <ele>2283.9</ele>
      </trkpt>
      <trkpt lat="45.12855" lon="6.80336">
        <ele>2285.2</ele>
      </trkpt>
      <trkpt lat="45.1284" lon="6.80329">
        <ele>2287.3</ele>
      </trkpt>
      <trkpt lat="45.12833" lon="6.80324">
        <ele>2288.3</ele>
      </trkpt>
      <trkpt lat="45.12827" lon="6.80318">
        <ele>2291.5</ele>
      </trkpt>
      <trkpt lat="45.12814" lon="6.80296">
        <ele>2296.4</ele>
      </trkpt>
      <trkpt lat="45.1281" lon="6.80292">
        <ele>2298.4</ele>
      </trkpt>
      <trkpt lat="45.12807" lon="6.8029">
        <ele>2300.1</ele>
      </trkpt>
      <trkpt lat="45.12805" lon="6.80291">
        <ele>2301.8</ele>
      </trkpt>
      <trkpt lat="45.12804" lon="6.80293">
        <ele>2302.9</ele>
      </trkpt>
      <trkpt lat="45.12804" lon="6.80296">
        <ele>2303.6</ele>
      </trkpt>
      <trkpt lat="45.12811" lon="6.80307">
        <ele>2300.9</ele>
      </trkpt>
      <trkpt lat="45.12818" lon="6.80329">
        <ele>2300.5</ele>
      </trkpt>
      <trkpt lat="45.1282" lon="6.80334">
        <ele>2300.1</ele>
      </trkpt>
      <trkpt lat="45.1285" lon="6.80375">
        <ele>2300.5</ele>
      </trkpt>
      <trkpt lat="45.12861" lon="6.80387">
        <ele>2301.4</ele>
      </trkpt>
      <trkpt lat="45.12863" lon="6.8039">
        <ele>2301.8</ele>
      </trkpt>
      <trkpt lat="45.12863" lon="6.80394">
        <ele>2303.2</ele>
      </trkpt>
      <trkpt lat="45.12862" lon="6.80397">
        <ele>2304.5</ele>
      </trkpt>
      <trkpt lat="45.1286" lon="6.80398">
        <ele>2305.5</ele>
      </trkpt>
      <trkpt lat="45.12858" lon="6.80398">
        <ele>2306.2</ele>
      </trkpt>
      <trkpt lat="45.12854" lon="6.80395">
        <ele>2306.4</ele>
      </trkpt>
      <trkpt lat="45.1285" lon="6.8039">
        <ele>2305.9</ele>
      </trkpt>
      <trkpt lat="45.12811" lon="6.80354">
        <ele>2312.6</ele>
      </trkpt>
      <trkpt lat="45.12805" lon="6.80347">
        <ele>2314.8</ele>
      </trkpt>
      <trkpt lat="45.12797" lon="6.80334">
        <ele>2317.2</ele>
      </trkpt>
      <trkpt lat="45.12795" lon="6.80333">
        <ele>2318.4</ele>
      </trkpt>
      <trkpt lat="45.12793" lon="6.80334">
        <ele>2320.2</ele>
      </trkpt>
      <trkpt lat="45.12792" lon="6.80337">
        <ele>2321.6</ele>
      </trkpt>
      <trkpt lat="45.12794" lon="6.80345">
        <ele>2322.0</ele>
      </trkpt>
      <trkpt lat="45.12808" lon="6.8037">
        <ele>2319.1</ele>
      </trkpt>
      <trkpt lat="45.12814" lon="6.80382">
        <ele>2319.1</ele>
      </trkpt>
      <trkpt lat="45.12818" lon="6.80393">
        <ele>2320.3</ele>
      </trkpt>
      <trkpt lat="45.12822" lon="6.80406">
        <ele>2322.5</ele>
      </trkpt>
      <trkpt lat="45.12825" lon="6.80414">
        <ele>2323.8</ele>
      </trkpt>
      <trkpt lat="45.1283" lon="6.8042">
        <ele>2323.3</ele>
      </trkpt>
      <trkpt lat="45.12847" lon="6.80438">
        <ele>2321.2</ele>
      </trkpt>
      <trkpt lat="45.12848" lon="6.80441">
        <ele>2321.5</ele>
      </trkpt>
      <trkpt lat="45.12848" lon="6.80447">
        <ele>2322.8</ele>
      </trkpt>
      <trkpt lat="45.12847" lon="6.80448">
        <ele>2323.4</ele>
      </trkpt>
      <trkpt lat="45.12845" lon="6.80449">
        <ele>2324.4</ele>
      </trkpt>
      <trkpt lat="45.12843" lon="6.80447">
        <ele>2324.7</ele>
      </trkpt>
      <trkpt lat="45.12839" lon="6.80443">
        <ele>2325.2</ele>
      </trkpt>
      <trkpt lat="45.12822" lon="6.80431">
        <ele>2329.3</ele>
      </trkpt>
      <trkpt lat="45.12814" lon="6.80424">
        <ele>2331.2</ele>
      </trkpt>
      <trkpt lat="45.12784" lon="6.80392">
        <ele>2338.1</ele>
      </trkpt>
      <trkpt lat="45.12775" lon="6.80378">
        <ele>2340.6</ele>
      </trkpt>
      <trkpt lat="45.12773" lon="6.80377">
        <ele>2341.6</ele>
      </trkpt>
      <trkpt lat="45.12771" lon="6.80377">
        <ele>2342.8</ele>
      </trkpt>
      <trkpt lat="45.1277" lon="6.8038">
        <ele>2343.8</ele>
      </trkpt>
      <trkpt lat="45.1277" lon="6.80384">
        <ele>2344.4</ele>
      </trkpt>
      <trkpt lat="45.12771" lon="6.80387">
        <ele>2344.3</ele>
      </trkpt>
      <trkpt lat="45.12787" lon="6.80418">
        <ele>2341.8</ele>
      </trkpt>
      <trkpt lat="45.12799" lon="6.80449">
        <ele>2342.6</ele>
      </trkpt>
      <trkpt lat="45.12809" lon="6.80468">
        <ele>2342.5</ele>
      </trkpt>
      <trkpt lat="45.12811" lon="6.80474">
        <ele>2343.0</ele>
      </trkpt>
      <trkpt lat="45.12811" lon="6.80478">
        <ele>2343.9</ele>
      </trkpt>
      <trkpt lat="45.12809" lon="6.8048">
        <ele>2345.0</ele>
      </trkpt>
      <trkpt lat="45.12807" lon="6.80481">
        <ele>2345.9</ele>
      </trkpt>
      <trkpt lat="45.12805" lon="6.80481">
        <ele>2346.7</ele>
      </trkpt>
      <trkpt lat="45.12802" lon="6.80479">
        <ele>2347.3</ele>
      </trkpt>
      <trkpt lat="45.12796" lon="6.80469">
        <ele>2347.6</ele>
      </trkpt>
      <trkpt lat="45.12772" lon="6.80438">
        <ele>2351.7</ele>
      </trkpt>
      <trkpt lat="45.12765" lon="6.80427">
        <ele>2352.9</ele>
      </trkpt>
      <trkpt lat="45.12753" lon="6.80405">
        <ele>2355.7</ele>
      </trkpt>
      <trkpt lat="45.1275" lon="6.80404">
        <ele>2357.1</ele>
      </trkpt>
      <trkpt lat="45.12748" lon="6.80406">
        <ele>2357.8</ele>
      </trkpt>
      <trkpt lat="45.12748" lon="6.8041">
        <ele>2358.1</ele>
      </trkpt>
      <trkpt lat="45.12749" lon="6.80414">
        <ele>2358.1</ele>
      </trkpt>
      <trkpt lat="45.12754" lon="6.80424">
        <ele>2357.2</ele>
      </trkpt>
      <trkpt lat="45.12757" lon="6.80433">
        <ele>2357.2</ele>
      </trkpt>
      <trkpt lat="45.1276" lon="6.80443">
        <ele>2357.4</ele>
      </trkpt>
      <trkpt lat="45.12768" lon="6.80492">
        <ele>2361.7</ele>
      </trkpt>
      <trkpt lat="45.12768" lon="6.80498">
        <ele>2362.6</ele>
      </trkpt>
      <trkpt lat="45.12767" lon="6.80502">
        <ele>2363.6</ele>
      </trkpt>
      <trkpt lat="45.12763" lon="6.80503">
        <ele>2365.0</ele>
      </trkpt>
      <trkpt lat="45.12761" lon="6.80502">
        <ele>2365.6</ele>
      </trkpt>
      <trkpt lat="45.12755" lon="6.80482">
        <ele>2364.8</ele>
      </trkpt>
      <trkpt lat="45.12749" lon="6.80466">
        <ele>2364.7</ele>
      </trkpt>
      <trkpt lat="45.12744" lon="6.80457">
        <ele>2364.7</ele>
      </trkpt>
      <trkpt lat="45.12732" lon="6.80438">
        <ele>2365.5</ele>
      </trkpt>
      <trkpt lat="45.1272" lon="6.80416">
        <ele>2367.0</ele>
      </trkpt>
      <trkpt lat="45.12718" lon="6.80407">
        <ele>2366.9</ele>
      </trkpt>
      <trkpt lat="45.12715" lon="6.80391">
        <ele>2366.7</ele>
      </trkpt>
      <trkpt lat="45.12712" lon="6.80359">
        <ele>2365.2</ele>
      </trkpt>
      <trkpt lat="45.12708" lon="6.80348">
        <ele>2365.7</ele>
      </trkpt>
      <trkpt lat="45.12707" lon="6.80346">
        <ele>2365.8</ele>
      </trkpt>
      <trkpt lat="45.12705" lon="6.80346">
        <ele>2366.4</ele>
      </trkpt>
      <trkpt lat="45.12703" lon="6.80347">
        <ele>2367.1</ele>
      </trkpt>
      <trkpt lat="45.12703" lon="6.80351">
        <ele>2367.4</ele>
      </trkpt>
      <trkpt lat="45.12704" lon="6.80364">
        <ele>2368.0</ele>
      </trkpt>
      <trkpt lat="45.12704" lon="6.80373">
        <ele>2368.7</ele>
      </trkpt>
      <trkpt lat="45.12701" lon="6.80385">
        <ele>2370.4</ele>
      </trkpt>
      <trkpt lat="45.12694" lon="6.80404">
        <ele>2373.9</ele>
      </trkpt>
      <trkpt lat="45.1268" lon="6.80423">
        <ele>2379.0</ele>
      </trkpt>
      <trkpt lat="45.12676" lon="6.80432">
        <ele>2380.1</ele>
      </trkpt>
      <trkpt lat="45.12674" lon="6.80437">
        <ele>2380.6</ele>
      </trkpt>
      <trkpt lat="45.12674" lon="6.80437">
        <ele>2380.6</ele>
      </trkpt>
      <trkpt lat="45.12668" lon="6.80455">
        <ele>2381.8</ele>
      </trkpt>
      <trkpt lat="45.12662" lon="6.80466">
        <ele>2383.2</ele>
      </trkpt>
      <trkpt lat="45.12648" lon="6.80485">
        <ele>2386.9</ele>
      </trkpt>
      <trkpt lat="45.12638" lon="6.80497">
        <ele>2389.6</ele>
      </trkpt>
      <trkpt lat="45.12632" lon="6.80505">
        <ele>2391.3</ele>
      </trkpt>
      <trkpt lat="45.12624" lon="6.80519">
        <ele>2393.3</ele>
      </trkpt>
      <trkpt lat="45.12621" lon="6.80522">
        <ele>2394.0</ele>
      </trkpt>
      <trkpt lat="45.12617" lon="6.80524">
        <ele>2395.0</ele>
      </trkpt>
      <trkpt lat="45.12613" lon="6.80523">
        <ele>2396.1</ele>
      </trkpt>
      <trkpt lat="45.12611" lon="6.80518">
        <ele>2396.8</ele>
      </trkpt>
      <trkpt lat="45.1261" lon="6.80504">
        <ele>2397.8</ele>
      </trkpt>
      <trkpt lat="45.12612" lon="6.80496">
        <ele>2397.4</ele>
      </trkpt>
      <trkpt lat="45.12614" lon="6.80488">
        <ele>2396.9</ele>
      </trkpt>
      <trkpt lat="45.12618" lon="6.80481">
        <ele>2395.8</ele>
      </trkpt>
      <trkpt lat="45.12626" lon="6.80469">
        <ele>2393.6</ele>
      </trkpt>
      <trkpt lat="45.12631" lon="6.8046">
        <ele>2392.2</ele>
      </trkpt>
      <trkpt lat="45.12635" lon="6.8045">
        <ele>2391.2</ele>
      </trkpt>
      <trkpt lat="45.1264" lon="6.80423">
        <ele>2390.3</ele>
      </trkpt>
      <trkpt lat="45.12643" lon="6.80413">
        <ele>2389.3</ele>
      </trkpt>
      <trkpt lat="45.12647" lon="6.80402">
        <ele>2387.6</ele>
      </trkpt>
      <trkpt lat="45.12647" lon="6.80398">
        <ele>2387.4</ele>
      </trkpt>
      <trkpt lat="45.12646" lon="6.80397">
        <ele>2387.6</ele>
      </trkpt>
      <trkpt lat="45.12643" lon="6.80396">
        <ele>2388.5</ele>
      </trkpt>
      <trkpt lat="45.12637" lon="6.804">
        <ele>2390.4</ele>
      </trkpt>
      <trkpt lat="45.12627" lon="6.80415">
        <ele>2393.9</ele>
      </trkpt>
      <trkpt lat="45.1261" lon="6.80434">
        <ele>2398.5</ele>
      </trkpt>
      <trkpt lat="45.12601" lon="6.80448">
        <ele>2401.0</ele>
      </trkpt>
      <trkpt lat="45.1258" lon="6.80483">
        <ele>2407.0</ele>
      </trkpt>
      <trkpt lat="45.12576" lon="6.80492">
        <ele>2408.2</ele>
      </trkpt>
      <trkpt lat="45.12573" lon="6.80502">
        <ele>2409.0</ele>
      </trkpt>
      <trkpt lat="45.1257" lon="6.8051">
        <ele>2409.3</ele>
      </trkpt>
      <trkpt lat="45.12565" lon="6.80521">
        <ele>2410.0</ele>
      </trkpt>
      <trkpt lat="45.12559" lon="6.80529">
        <ele>2411.4</ele>
      </trkpt>
      <trkpt lat="45.12532" lon="6.80561">
        <ele>2418.9</ele>
      </trkpt>
      <trkpt lat="45.12527" lon="6.8057">
        <ele>2420.3</ele>
      </trkpt>
      <trkpt lat="45.12524" lon="6.80577">
        <ele>2421.1</ele>
      </trkpt>
      <trkpt lat="45.12522" lon="6.80584">
        <ele>2421.5</ele>
      </trkpt>
      <trkpt lat="45.12521" lon="6.80592">
        <ele>2421.3</ele>
      </trkpt>
      <trkpt lat="45.12521" lon="6.80609">
        <ele>2420.0</ele>
      </trkpt>
      <trkpt lat="45.12519" lon="6.80616">
        <ele>2420.1</ele>
      </trkpt>
      <trkpt lat="45.12516" lon="6.80623">
        <ele>2420.4</ele>
      </trkpt>
      <trkpt lat="45.12501" lon="6.8064">
        <ele>2422.3</ele>
      </trkpt>
      <trkpt lat="45.12497" lon="6.80644">
        <ele>2422.8</ele>
      </trkpt>
      <trkpt lat="45.1249" lon="6.80671">
        <ele>2422.2</ele>
      </trkpt>
      <trkpt lat="45.12486" lon="6.80681">
        <ele>2423.4</ele>
      </trkpt>
      <trkpt lat="45.12482" lon="6.80689">
        <ele>2424.6</ele>
      </trkpt>
      <trkpt lat="45.12477" lon="6.80695">
        <ele>2425.9</ele>
      </trkpt>
      <trkpt lat="45.12461" lon="6.80709">
        <ele>2430.0</ele>
      </trkpt>
      <trkpt lat="45.12434" lon="6.80723">
        <ele>2436.2</ele>
      </trkpt>
      <trkpt lat="45.12424" lon="6.8073">
        <ele>2438.1</ele>
      </trkpt>
      <trkpt lat="45.12416" lon="6.80739">
        <ele>2439.1</ele>
      </trkpt>
      <trkpt lat="45.12412" lon="6.80746">
        <ele>2438.9</ele>
      </trkpt>
      <trkpt lat="45.12401" lon="6.80768">
        <ele>2438.8</ele>
      </trkpt>
      <trkpt lat="45.12395" lon="6.80774">
        <ele>2439.2</ele>
      </trkpt>
      <trkpt lat="45.12387" lon="6.80779">
        <ele>2439.8</ele>
      </trkpt>
      <trkpt lat="45.12382" lon="6.80782">
        <ele>2440.2</ele>
      </trkpt>
      <trkpt lat="45.12371" lon="6.80782">
        <ele>2441.6</ele>
      </trkpt>
      <trkpt lat="45.12363" lon="6.8078">
        <ele>2442.6</ele>
      </trkpt>
      <trkpt lat="45.12356" lon="6.80775">
        <ele>2443.8</ele>
      </trkpt>
      <trkpt lat="45.12341" lon="6.8076">
        <ele>2446.5</ele>
      </trkpt>
      <trkpt lat="45.12334" lon="6.80757">
        <ele>2447.5</ele>
      </trkpt>
      <trkpt lat="45.12326" lon="6.80755">
        <ele>2448.3</ele>
      </trkpt>
      <trkpt lat="45.1232" lon="6.80755">
        <ele>2448.8</ele>
      </trkpt>
      <trkpt lat="45.12311" lon="6.80757">
        <ele>2449.5</ele>
      </trkpt>
      <trkpt lat="45.12286" lon="6.80773">
        <ele>2450.9</ele>
      </trkpt>
      <trkpt lat="45.12257" lon="6.80799">
        <ele>2452.5</ele>
      </trkpt>
      <trkpt lat="45.12243" lon="6.80809">
        <ele>2453.6</ele>
      </trkpt>
      <trkpt lat="45.12238" lon="6.80815">
        <ele>2454.0</ele>
      </trkpt>
      <trkpt lat="45.12203" lon="6.8088">
        <ele>2457.2</ele>
      </trkpt>
      <trkpt lat="45.12193" lon="6.80902">
        <ele>2458.3</ele>
      </trkpt>
      <trkpt lat="45.1218" lon="6.80933">
        <ele>2461.2</ele>
      </trkpt>
      <trkpt lat="45.1217" lon="6.80961">
        <ele>2463.9</ele>
      </trkpt>
      <trkpt lat="45.12163" lon="6.80986">
        <ele>2466.1</ele>
      </trkpt>
      <trkpt lat="45.12147" lon="6.81033">
        <ele>2470.7</ele>
      </trkpt>
      <trkpt lat="45.12143" lon="6.81054">
        <ele>2471.9</ele>
      </trkpt>
      <trkpt lat="45.12141" lon="6.81069">
        <ele>2472.6</ele>
      </trkpt>
      <trkpt lat="45.1214" lon="6.81106">
        <ele>2474.8</ele>
      </trkpt>
      <trkpt lat="45.12139" lon="6.81119">
        <ele>2475.9</ele>
      </trkpt>
      <trkpt lat="45.12136" lon="6.8113">
        <ele>2477.1</ele>
      </trkpt>
      <trkpt lat="45.12135" lon="6.81145">
        <ele>2478.4</ele>
      </trkpt>
      <trkpt lat="45.12134" lon="6.81166">
        <ele>2480.0</ele>
      </trkpt>
      <trkpt lat="45.12136" lon="6.81187">
        <ele>2481.9</ele>
      </trkpt>
      <trkpt lat="45.1214" lon="6.81211">
        <ele>2483.7</ele>
      </trkpt>
      <trkpt lat="45.12145" lon="6.81295">
        <ele>2491.9</ele>
      </trkpt>
      <trkpt lat="45.12148" lon="6.8131">
        <ele>2493.2</ele>
      </trkpt>
      <trkpt lat="45.12151" lon="6.81319">
        <ele>2493.9</ele>
      </trkpt>
      <trkpt lat="45.12156" lon="6.8133">
        <ele>2494.7</ele>
      </trkpt>
      <trkpt lat="45.12172" lon="6.81351">
        <ele>2498.1</ele>
      </trkpt>
      <trkpt lat="45.12175" lon="6.81358">
        <ele>2499.9</ele>
      </trkpt>
      <trkpt lat="45.12175" lon="6.81364">
        <ele>2500.9</ele>
      </trkpt>
      <trkpt lat="45.12174" lon="6.81369">
        <ele>2501.6</ele>
      </trkpt>
      <trkpt lat="45.12171" lon="6.81374">
        <ele>2502.0</ele>
      </trkpt>
      <trkpt lat="45.12166" lon="6.81377">
        <ele>2501.9</ele>
      </trkpt>
      <trkpt lat="45.12157" lon="6.81382">
        <ele>2502.9</ele>
      </trkpt>
      <trkpt lat="45.12128" lon="6.81392">
        <ele>2504.5</ele>
      </trkpt>
      <trkpt lat="45.12117" lon="6.81399">
        <ele>2505.1</ele>
      </trkpt>
      <trkpt lat="45.12109" lon="6.81415">
        <ele>2506.1</ele>
      </trkpt>
      <trkpt lat="45.12095" lon="6.81431">
        <ele>2509.3</ele>
      </trkpt>
      <trkpt lat="45.12092" lon="6.81439">
        <ele>2511.2</ele>
      </trkpt>
      <trkpt lat="45.12131" lon="6.81444">
        <ele>2515.3</ele>
      </trkpt>
      <trkpt lat="45.1215" lon="6.81438">
        <ele>2514.8</ele>
      </trkpt>
      <trkpt lat="45.12167" lon="6.81429">
        <ele>2513.0</ele>
      </trkpt>
      <trkpt lat="45.12176" lon="6.81426">
        <ele>2512.7</ele>
      </trkpt>
      <trkpt lat="45.12181" lon="6.81431">
        <ele>2514.5</ele>
      </trkpt>
      <trkpt lat="45.12181" lon="6.81431">
        <ele>2514.5</ele>
      </trkpt>
      <trkpt lat="45.12181" lon="6.81431">
        <ele>2514.5</ele>
      </trkpt>
      <trkpt lat="45.12176" lon="6.81442">
        <ele>2517.6</ele>
      </trkpt>
      <trkpt lat="45.12165" lon="6.81451">
        <ele>2520.0</ele>
      </trkpt>
      <trkpt lat="45.12139" lon="6.81473">
        <ele>2524.6</ele>
      </trkpt>
      <trkpt lat="45.12122" lon="6.81485">
        <ele>2526.4</ele>
      </trkpt>
      <trkpt lat="45.12107" lon="6.81492">
        <ele>2526.7</ele>
      </trkpt>
      <trkpt lat="45.12088" lon="6.81494">
        <ele>2525.0</ele>
      </trkpt>
      <trkpt lat="45.1207" lon="6.815">
        <ele>2526.6</ele>
      </trkpt>
      <trkpt lat="45.12051" lon="6.81509">
        <ele>2530.2</ele>
      </trkpt>
      <trkpt lat="45.12036" lon="6.81519">
        <ele>2532.9</ele>
      </trkpt>
      <trkpt lat="45.12022" lon="6.81538">
        <ele>2536.6</ele>
      </trkpt>
      <trkpt lat="45.12007" lon="6.8156">
        <ele>2538.9</ele>
      </trkpt>
      <trkpt lat="45.11999" lon="6.81585">
        <ele>2541.3</ele>
      </trkpt>
      <trkpt lat="45.11995" lon="6.81612">
        <ele>2543.6</ele>
      </trkpt>
      <trkpt lat="45.11994" lon="6.81642">
        <ele>2545.4</ele>
      </trkpt>
      <trkpt lat="45.11995" lon="6.81672">
        <ele>2547.4</ele>
      </trkpt>
      <trkpt lat="45.11997" lon="6.81699">
        <ele>2550.0</ele>
      </trkpt>
      <trkpt lat="45.11996" lon="6.81724">
        <ele>2552.2</ele>
      </trkpt>
      <trkpt lat="45.11991" lon="6.8175">
        <ele>2554.2</ele>
      </trkpt>
      <trkpt lat="45.11985" lon="6.81766">
        <ele>2557.6</ele>
      </trkpt>
      <trkpt lat="45.11971" lon="6.81785">
        <ele>2560.8</ele>
      </trkpt>
      <trkpt lat="45.11918" lon="6.81861">
        <ele>2570.9</ele>
      </trkpt>
      <trkpt lat="45.11918" lon="6.81865">
        <ele>2571.7</ele>
      </trkpt>
      <trkpt lat="45.11919" lon="6.81869">
        <ele>2572.7</ele>
      </trkpt>
      <trkpt lat="45.11923" lon="6.81869">
        <ele>2573.4</ele>
      </trkpt>
      <trkpt lat="45.1195" lon="6.81851">
        <ele>2573.7</ele>
      </trkpt>
      <trkpt lat="45.11982" lon="6.81833">
        <ele>2573.5</ele>
      </trkpt>
      <trkpt lat="45.12007" lon="6.81823">
        <ele>2575.0</ele>
      </trkpt>
      <trkpt lat="45.12033" lon="6.81808">
        <ele>2577.6</ele>
      </trkpt>
      <trkpt lat="45.12054" lon="6.81797">
        <ele>2580.5</ele>
      </trkpt>
      <trkpt lat="45.12068" lon="6.81796">
        <ele>2583.8</ele>
      </trkpt>
      <trkpt lat="45.12085" lon="6.81797">
        <ele>2587.9</ele>
      </trkpt>
      <trkpt lat="45.12107" lon="6.81795">
        <ele>2587.1</ele>
      </trkpt>
      <trkpt lat="45.12136" lon="6.81789">
        <ele>2585.7</ele>
      </trkpt>
      <trkpt lat="45.12168" lon="6.81795">
        <ele>2585.4</ele>
      </trkpt>
      <trkpt lat="45.1218" lon="6.81786">
        <ele>2581.2</ele>
      </trkpt>
      <trkpt lat="45.12189" lon="6.81773">
        <ele>2577.5</ele>
      </trkpt>
      <trkpt lat="45.122" lon="6.81763">
        <ele>2573.5</ele>
      </trkpt>
      <trkpt lat="45.12206" lon="6.81749">
        <ele>2570.7</ele>
      </trkpt>
      <trkpt lat="45.12208" lon="6.81741">
        <ele>2569.9</ele>
      </trkpt>
      <trkpt lat="45.12212" lon="6.81732">
        <ele>2568.6</ele>
      </trkpt>
      <trkpt lat="45.12216" lon="6.81733">
        <ele>2567.4</ele>
      </trkpt>
      <trkpt lat="45.12218" lon="6.81737">
        <ele>2566.9</ele>
      </trkpt>
      <trkpt lat="45.12219" lon="6.8174">
        <ele>2566.7</ele>
      </trkpt>
      <trkpt lat="45.12209" lon="6.81766">
        <ele>2571.2</ele>
      </trkpt>
      <trkpt lat="45.12205" lon="6.81788">
        <ele>2574.2</ele>
      </trkpt>
      <trkpt lat="45.12204" lon="6.81807">
        <ele>2576.0</ele>
      </trkpt>
      <trkpt lat="45.12206" lon="6.81845">
        <ele>2579.3</ele>
      </trkpt>
      <trkpt lat="45.12212" lon="6.81869">
        <ele>2580.4</ele>
      </trkpt>
      <trkpt lat="45.12214" lon="6.81881">
        <ele>2581.1</ele>
      </trkpt>
      <trkpt lat="45.12241" lon="6.81961">
        <ele>2575.0</ele>
      </trkpt>
      <trkpt lat="45.12246" lon="6.81979">
        <ele>2573.7</ele>
      </trkpt>
      <trkpt lat="45.12249" lon="6.81999">
        <ele>2573.4</ele>
      </trkpt>
      <trkpt lat="45.12251" lon="6.82027">
        <ele>2573.6</ele>
      </trkpt>
      <trkpt lat="45.12251" lon="6.82152">
        <ele>2573.4</ele>
      </trkpt>
      <trkpt lat="45.12252" lon="6.82277">
        <ele>2578.1</ele>
      </trkpt>
      <trkpt lat="45.12253" lon="6.8231">
        <ele>2578.4</ele>
      </trkpt>
      <trkpt lat="45.12253" lon="6.8231">
        <ele>2578.4</ele>
      </trkpt>
      <trkpt lat="45.12254" lon="6.82314">
        <ele>2578.5</ele>
      </trkpt>
      <trkpt lat="45.12254" lon="6.82327">
        <ele>2578.6</ele>
      </trkpt>
      <trkpt lat="45.12255" lon="6.82399">
        <ele>2579.5</ele>
      </trkpt>
      <trkpt lat="45.12257" lon="6.82416">
        <ele>2580.1</ele>
      </trkpt>
      <trkpt lat="45.12256" lon="6.82461">
        <ele>2580.1</ele>
      </trkpt>
      <trkpt lat="45.12254" lon="6.82474">
        <ele>2579.8</ele>
      </trkpt>
      <trkpt lat="45.12251" lon="6.82487">
        <ele>2579.2</ele>
      </trkpt>
      <trkpt lat="45.1224" lon="6.82518">
        <ele>2580.8</ele>
      </trkpt>
      <trkpt lat="45.12231" lon="6.82547">
        <ele>2583.4</ele>
      </trkpt>
      <trkpt lat="45.1223" lon="6.8257">
        <ele>2585.2</ele>
      </trkpt>
      <trkpt lat="45.12235" lon="6.82602">
        <ele>2588.1</ele>
      </trkpt>
      <trkpt lat="45.12242" lon="6.82645">
        <ele>2592.9</ele>
      </trkpt>
      <trkpt lat="45.12243" lon="6.82663">
        <ele>2595.0</ele>
      </trkpt>
      <trkpt lat="45.12237" lon="6.8271">
        <ele>2598.7</ele>
      </trkpt>
      <trkpt lat="45.12235" lon="6.82735">
        <ele>2600.7</ele>
      </trkpt>
      <trkpt lat="45.12235" lon="6.82768">
        <ele>2603.4</ele>
      </trkpt>
      <trkpt lat="45.12235" lon="6.82768">
        <ele>2603.4</ele>
      </trkpt>
      <trkpt lat="45.12235" lon="6.82768">
        <ele>2603.4</ele>
      </trkpt>
      <trkpt lat="45.12235" lon="6.8282">
        <ele>2607.2</ele>
      </trkpt>
      <trkpt lat="45.12233" lon="6.82854">
        <ele>2609.2</ele>
      </trkpt>
      <trkpt lat="45.12228" lon="6.82863">
        <ele>2609.2</ele>
      </trkpt>
      <trkpt lat="45.12205" lon="6.82881">
        <ele>2608.1</ele>
      </trkpt>
      <trkpt lat="45.12195" lon="6.82887">
        <ele>2607.7</ele>
      </trkpt>
      <trkpt lat="45.12182" lon="6.82897">
        <ele>2607.4</ele>
      </trkpt>
      <trkpt lat="45.12178" lon="6.82902">
        <ele>2607.5</ele>
      </trkpt>
      <trkpt lat="45.12178" lon="6.82908">
        <ele>2608.0</ele>
      </trkpt>
      <trkpt lat="45.12183" lon="6.82919">
        <ele>2609.4</ele>
      </trkpt>
      <trkpt lat="45.12193" lon="6.82925">
        <ele>2610.7</ele>
      </trkpt>
      <trkpt lat="45.12206" lon="6.82932">
        <ele>2612.5</ele>
      </trkpt>
      <trkpt lat="45.12211" lon="6.82933">
        <ele>2613.0</ele>
      </trkpt>
      <trkpt lat="45.1222" lon="6.82939">
        <ele>2614.4</ele>
      </trkpt>
      <trkpt lat="45.1223" lon="6.8294">
        <ele>2615.4</ele>
      </trkpt>
      <trkpt lat="45.12235" lon="6.82943">
        <ele>2616.2</ele>
      </trkpt>
      <trkpt lat="45.12244" lon="6.82941">
        <ele>2616.7</ele>
      </trkpt>
      <trkpt lat="45.1225" lon="6.82937">
        <ele>2616.7</ele>
      </trkpt>
      <trkpt lat="45.12257" lon="6.82923">
        <ele>2616.9</ele>
      </trkpt>
      <trkpt lat="45.12284" lon="6.82895">
        <ele>2622.7</ele>
      </trkpt>
      <trkpt lat="45.1229" lon="6.82896">
        <ele>2624.5</ele>
      </trkpt>
      <trkpt lat="45.12294" lon="6.82902">
        <ele>2626.1</ele>
      </trkpt>
      <trkpt lat="45.12295" lon="6.82912">
        <ele>2627.2</ele>
      </trkpt>
      <trkpt lat="45.12289" lon="6.82924">
        <ele>2626.6</ele>
      </trkpt>
      <trkpt lat="45.12272" lon="6.8295">
        <ele>2624.8</ele>
      </trkpt>
      <trkpt lat="45.12266" lon="6.82964">
        <ele>2624.8</ele>
      </trkpt>
      <trkpt lat="45.12259" lon="6.83008">
        <ele>2628.3</ele>
      </trkpt>
      <trkpt lat="45.12252" lon="6.8304">
        <ele>2629.8</ele>
      </trkpt>
      <trkpt lat="45.12243" lon="6.83115">
        <ele>2637.1</ele>
      </trkpt>
      <trkpt lat="45.12244" lon="6.83128">
        <ele>2638.5</ele>
      </trkpt>
      <trkpt lat="45.12247" lon="6.83133">
        <ele>2639.2</ele>
      </trkpt>
      <trkpt lat="45.12252" lon="6.83134">
        <ele>2639.9</ele>
      </trkpt>
      <trkpt lat="45.12258" lon="6.83129">
        <ele>2640.8</ele>
      </trkpt>
      <trkpt lat="45.12263" lon="6.83121">
        <ele>2641.1</ele>
      </trkpt>
      <trkpt lat="45.1227" lon="6.83106">
        <ele>2641.2</ele>
      </trkpt>
      <trkpt lat="45.1229" lon="6.83091">
        <ele>2644.4</ele>
      </trkpt>
      <trkpt lat="45.12297" lon="6.8308">
        <ele>2645.0</ele>
      </trkpt>
      <trkpt lat="45.12312" lon="6.83063">
        <ele>2647.2</ele>
      </trkpt>
      <trkpt lat="45.12328" lon="6.83041">
        <ele>2649.6</ele>
      </trkpt>
      <trkpt lat="45.12332" lon="6.83029">
        <ele>2649.7</ele>
      </trkpt>
      <trkpt lat="45.12345" lon="6.82973">
        <ele>2650.8</ele>
      </trkpt>
      <trkpt lat="45.1237" lon="6.82895">
        <ele>2653.0</ele>
      </trkpt>
      <trkpt lat="45.12373" lon="6.82892">
        <ele>2654.0</ele>
      </trkpt>
      <trkpt lat="45.12376" lon="6.82894">
        <ele>2655.5</ele>
      </trkpt>
      <trkpt lat="45.12377" lon="6.82898">
        <ele>2656.4</ele>
      </trkpt>
      <trkpt lat="45.1237" lon="6.82922">
        <ele>2656.0</ele>
      </trkpt>
      <trkpt lat="45.12366" lon="6.82958">
        <ele>2659.1</ele>
      </trkpt>
      <trkpt lat="45.12364" lon="6.82985">
        <ele>2661.8</ele>
      </trkpt>
      <trkpt lat="45.12365" lon="6.83032">
        <ele>2666.1</ele>
      </trkpt>
      <trkpt lat="45.12367" lon="6.83046">
        <ele>2667.8</ele>
      </trkpt>
      <trkpt lat="45.12371" lon="6.83066">
        <ele>2670.8</ele>
      </trkpt>
      <trkpt lat="45.12373" lon="6.83085">
        <ele>2672.7</ele>
      </trkpt>
      <trkpt lat="45.12374" lon="6.83105">
        <ele>2674.2</ele>
      </trkpt>
      <trkpt lat="45.12373" lon="6.83137">
        <ele>2675.6</ele>
      </trkpt>
      <trkpt lat="45.12372" lon="6.83145">
        <ele>2675.6</ele>
      </trkpt>
      <trkpt lat="45.12367" lon="6.8316">
        <ele>2674.5</ele>
      </trkpt>
      <trkpt lat="45.12364" lon="6.83171">
        <ele>2674.2</ele>
      </trkpt>
      <trkpt lat="45.12362" lon="6.83204">
        <ele>2676.9</ele>
      </trkpt>
      <trkpt lat="45.12359" lon="6.8322">
        <ele>2677.4</ele>
      </trkpt>
      <trkpt lat="45.12358" lon="6.83238">
        <ele>2678.8</ele>
      </trkpt>
      <trkpt lat="45.12356" lon="6.83253">
        <ele>2679.6</ele>
      </trkpt>
      <trkpt lat="45.1235" lon="6.83267">
        <ele>2678.9</ele>
      </trkpt>
      <trkpt lat="45.12347" lon="6.83283">
        <ele>2679.6</ele>
      </trkpt>
      <trkpt lat="45.12341" lon="6.83298">
        <ele>2678.9</ele>
      </trkpt>
      <trkpt lat="45.12339" lon="6.83312">
        <ele>2679.8</ele>
      </trkpt>
      <trkpt lat="45.12334" lon="6.83345">
        <ele>2681.4</ele>
      </trkpt>
      <trkpt lat="45.12335" lon="6.83351">
        <ele>2682.4</ele>
      </trkpt>
      <trkpt lat="45.12337" lon="6.83354">
        <ele>2683.5</ele>
      </trkpt>
      <trkpt lat="45.12342" lon="6.83352">
        <ele>2685.4</ele>
      </trkpt>
      <trkpt lat="45.12362" lon="6.83306">
        <ele>2688.6</ele>
      </trkpt>
      <trkpt lat="45.12373" lon="6.83288">
        <ele>2691.0</ele>
      </trkpt>
      <trkpt lat="45.1239" lon="6.83252">
        <ele>2693.4</ele>
      </trkpt>
      <trkpt lat="45.12402" lon="6.83221">
        <ele>2694.7</ele>
      </trkpt>
      <trkpt lat="45.12409" lon="6.832">
        <ele>2695.0</ele>
      </trkpt>
      <trkpt lat="45.12413" lon="6.8318">
        <ele>2694.2</ele>
      </trkpt>
      <trkpt lat="45.12415" lon="6.83151">
        <ele>2693.1</ele>
      </trkpt>
      <trkpt lat="45.12422" lon="6.83091">
        <ele>2695.3</ele>
      </trkpt>
      <trkpt lat="45.12423" lon="6.83037">
        <ele>2694.3</ele>
      </trkpt>
      <trkpt lat="45.1243" lon="6.82995">
        <ele>2695.0</ele>
      </trkpt>
      <trkpt lat="45.12432" lon="6.82988">
        <ele>2694.6</ele>
      </trkpt>
      <trkpt lat="45.12434" lon="6.82987">
        <ele>2695.2</ele>
      </trkpt>
      <trkpt lat="45.12436" lon="6.82988">
        <ele>2696.1</ele>
      </trkpt>
      <trkpt lat="45.12437" lon="6.82991">
        <ele>2696.9</ele>
      </trkpt>
      <trkpt lat="45.12434" lon="6.83017">
        <ele>2697.8</ele>
      </trkpt>
      <trkpt lat="45.12433" lon="6.83048">
        <ele>2698.5</ele>
      </trkpt>
      <trkpt lat="45.12438" lon="6.83092">
        <ele>2702.1</ele>
      </trkpt>
      <trkpt lat="45.12441" lon="6.83144">
        <ele>2705.8</ele>
      </trkpt>
      <trkpt lat="45.12448" lon="6.83202">
        <ele>2714.6</ele>
      </trkpt>
      <trkpt lat="45.12449" lon="6.83224">
        <ele>2717.7</ele>
      </trkpt>
      <trkpt lat="45.12448" lon="6.83245">
        <ele>2719.6</ele>
      </trkpt>
      <trkpt lat="45.1244" lon="6.83305">
        <ele>2723.3</ele>
      </trkpt>
      <trkpt lat="45.12439" lon="6.83346">
        <ele>2727.5</ele>
      </trkpt>
      <trkpt lat="45.12441" lon="6.83403">
        <ele>2733.2</ele>
      </trkpt>
      <trkpt lat="45.12442" lon="6.83423">
        <ele>2734.3</ele>
      </trkpt>
      <trkpt lat="45.12444" lon="6.83439">
        <ele>2734.3</ele>
      </trkpt>
      <trkpt lat="45.12448" lon="6.83452">
        <ele>2735.3</ele>
      </trkpt>
      <trkpt lat="45.1245" lon="6.83466">
        <ele>2735.2</ele>
      </trkpt>
      <trkpt lat="45.12451" lon="6.83479">
        <ele>2734.8</ele>
      </trkpt>
      <trkpt lat="45.12454" lon="6.83497">
        <ele>2734.8</ele>
      </trkpt>
      <trkpt lat="45.12458" lon="6.83504">
        <ele>2736.4</ele>
      </trkpt>
      <trkpt lat="45.12463" lon="6.83504">
        <ele>2738.5</ele>
      </trkpt>
      <trkpt lat="45.12465" lon="6.83499">
        <ele>2739.5</ele>
      </trkpt>
      <trkpt lat="45.12465" lon="6.83496">
        <ele>2739.8</ele>
      </trkpt>
      <trkpt lat="45.12462" lon="6.83488">
        <ele>2739.1</ele>
      </trkpt>
      <trkpt lat="45.1246" lon="6.83481">
        <ele>2738.7</ele>
      </trkpt>
      <trkpt lat="45.12461" lon="6.83454">
        <ele>2741.4</ele>
      </trkpt>
      <trkpt lat="45.12458" lon="6.83423">
        <ele>2742.3</ele>
      </trkpt>
      <trkpt lat="45.12461" lon="6.83409">
        <ele>2743.7</ele>
      </trkpt>
      <trkpt lat="45.12467" lon="6.83384">
        <ele>2744.9</ele>
      </trkpt>
      <trkpt lat="45.12471" lon="6.83344">
        <ele>2743.8</ele>
      </trkpt>
      <trkpt lat="45.12473" lon="6.83335">
        <ele>2744.2</ele>
      </trkpt>
      <trkpt lat="45.12476" lon="6.83325">
        <ele>2744.5</ele>
      </trkpt>
      <trkpt lat="45.12481" lon="6.83316">
        <ele>2745.9</ele>
      </trkpt>
      <trkpt lat="45.12487" lon="6.83303">
        <ele>2747.3</ele>
      </trkpt>
      <trkpt lat="45.12492" lon="6.83284">
        <ele>2747.4</ele>
      </trkpt>
      <trkpt lat="45.12497" lon="6.83252">
        <ele>2745.7</ele>
      </trkpt>
      <trkpt lat="45.12502" lon="6.83212">
        <ele>2743.3</ele>
      </trkpt>
      <trkpt lat="45.12504" lon="6.83209">
        <ele>2743.4</ele>
      </trkpt>
      <trkpt lat="45.12508" lon="6.8321">
        <ele>2744.3</ele>
      </trkpt>
      <trkpt lat="45.12509" lon="6.83213">
        <ele>2744.9</ele>
      </trkpt>
      <trkpt lat="45.12507" lon="6.83228">
        <ele>2746.1</ele>
      </trkpt>
      <trkpt lat="45.12506" lon="6.83245">
        <ele>2747.8</ele>
      </trkpt>
      <trkpt lat="45.12505" lon="6.83314">
        <ele>2757.2</ele>
      </trkpt>
      <trkpt lat="45.12507" lon="6.83346">
        <ele>2761.7</ele>
      </trkpt>
      <trkpt lat="45.12503" lon="6.83375">
        <ele>2762.3</ele>
      </trkpt>
      <trkpt lat="45.12503" lon="6.83389">
        <ele>2763.3</ele>
      </trkpt>
      <trkpt lat="45.12507" lon="6.83406">
        <ele>2766.4</ele>
      </trkpt>
      <trkpt lat="45.1251" lon="6.83423">
        <ele>2768.0</ele>
      </trkpt>
      <trkpt lat="45.12511" lon="6.83436">
        <ele>2767.0</ele>
      </trkpt>
      <trkpt lat="45.12514" lon="6.83453">
        <ele>2766.4</ele>
      </trkpt>
      <trkpt lat="45.12517" lon="6.83461">
        <ele>2766.8</ele>
      </trkpt>
      <trkpt lat="45.12521" lon="6.83462">
        <ele>2768.5</ele>
      </trkpt>
      <trkpt lat="45.12522" lon="6.83462">
        <ele>2769.0</ele>
      </trkpt>
      <trkpt lat="45.12523" lon="6.83459">
        <ele>2769.8</ele>
      </trkpt>
      <trkpt lat="45.12521" lon="6.83434">
        <ele>2771.8</ele>
      </trkpt>
      <trkpt lat="45.12521" lon="6.83408">
        <ele>2773.0</ele>
      </trkpt>
      <trkpt lat="45.1252" lon="6.83389">
        <ele>2770.8</ele>
      </trkpt>
      <trkpt lat="45.1252" lon="6.83383">
        <ele>2770.3</ele>
      </trkpt>
      <trkpt lat="45.12522" lon="6.83377">
        <ele>2770.6</ele>
      </trkpt>
      <trkpt lat="45.1253" lon="6.83358">
        <ele>2772.0</ele>
      </trkpt>
      <trkpt lat="45.12537" lon="6.83337">
        <ele>2772.6</ele>
      </trkpt>
      <trkpt lat="45.12538" lon="6.83319">
        <ele>2769.7</ele>
      </trkpt>
      <trkpt lat="45.12541" lon="6.83315">
        <ele>2769.9</ele>
      </trkpt>
      <trkpt lat="45.12543" lon="6.83313">
        <ele>2770.2</ele>
      </trkpt>
      <trkpt lat="45.12546" lon="6.83315">
        <ele>2771.7</ele>
      </trkpt>
      <trkpt lat="45.12548" lon="6.83321">
        <ele>2773.7</ele>
      </trkpt>
      <trkpt lat="45.12547" lon="6.83329">
        <ele>2775.1</ele>
      </trkpt>
      <trkpt lat="45.12538" lon="6.83372">
        <ele>2776.9</ele>
      </trkpt>
      <trkpt lat="45.12538" lon="6.83396">
        <ele>2779.5</ele>
      </trkpt>
      <trkpt lat="45.1254" lon="6.83421">
        <ele>2782.2</ele>
      </trkpt>
      <trkpt lat="45.12544" lon="6.83447">
        <ele>2780.7</ele>
      </trkpt>
      <trkpt lat="45.12546" lon="6.83456">
        <ele>2780.5</ele>
      </trkpt>
      <trkpt lat="45.12549" lon="6.8346">
        <ele>2781.3</ele>
      </trkpt>
      <trkpt lat="45.12549" lon="6.8346">
        <ele>2781.3</ele>
      </trkpt>
      <trkpt lat="45.1256" lon="6.83477">
        <ele>2784.0</ele>
      </trkpt>
      <trkpt lat="45.12574" lon="6.83493">
        <ele>2787.9</ele>
      </trkpt>
      <trkpt lat="45.12596" lon="6.83515">
        <ele>2792.1</ele>
      </trkpt>
      <trkpt lat="45.12603" lon="6.83523">
        <ele>2792.8</ele>
      </trkpt>
      <trkpt lat="45.12607" lon="6.83534">
        <ele>2792.6</ele>
      </trkpt>
      <trkpt lat="45.12611" lon="6.8355">
        <ele>2792.1</ele>
      </trkpt>
      <trkpt lat="45.12618" lon="6.83565">
        <ele>2792.4</ele>
      </trkpt>
      <trkpt lat="45.12631" lon="6.83588">
        <ele>2794.5</ele>
      </trkpt>
      <trkpt lat="45.12636" lon="6.83603">
        <ele>2797.5</ele>
      </trkpt>
      <trkpt lat="45.12637" lon="6.83613">
        <ele>2798.9</ele>
      </trkpt>
      <trkpt lat="45.12635" lon="6.83643">
        <ele>2802.2</ele>
      </trkpt>
      <trkpt lat="45.12636" lon="6.83677">
        <ele>2806.3</ele>
      </trkpt>
      <trkpt lat="45.12634" lon="6.83688">
        <ele>2806.8</ele>
      </trkpt>
      <trkpt lat="45.12628" lon="6.837">
        <ele>2806.6</ele>
      </trkpt>
      <trkpt lat="45.12626" lon="6.83708">
        <ele>2806.9</ele>
      </trkpt>
      <trkpt lat="45.12627" lon="6.83716">
        <ele>2807.9</ele>
      </trkpt>
      <trkpt lat="45.12629" lon="6.83722">
        <ele>2808.8</ele>
      </trkpt>
      <trkpt lat="45.12632" lon="6.83727">
        <ele>2809.9</ele>
      </trkpt>
      <trkpt lat="45.12641" lon="6.83733">
        <ele>2812.3</ele>
      </trkpt>
      <trkpt lat="45.12694" lon="6.83753">
        <ele>2821.8</ele>
      </trkpt>
      <trkpt lat="45.12706" lon="6.83751">
        <ele>2822.9</ele>
      </trkpt>
      <trkpt lat="45.12725" lon="6.83744">
        <ele>2824.2</ele>
      </trkpt>
      <trkpt lat="45.12736" lon="6.83744">
        <ele>2825.3</ele>
      </trkpt>
      <trkpt lat="45.12747" lon="6.83747">
        <ele>2826.5</ele>
      </trkpt>
      <trkpt lat="45.12753" lon="6.83751">
        <ele>2827.4</ele>
      </trkpt>
      <trkpt lat="45.12757" lon="6.83758">
        <ele>2828.6</ele>
      </trkpt>
      <trkpt lat="45.12763" lon="6.83772">
        <ele>2830.5</ele>
      </trkpt>
      <trkpt lat="45.12767" lon="6.83789">
        <ele>2832.4</ele>
      </trkpt>
      <trkpt lat="45.12773" lon="6.83838">
        <ele>2836.7</ele>
      </trkpt>
      <trkpt lat="45.1278" lon="6.8387">
        <ele>2837.9</ele>
      </trkpt>
      <trkpt lat="45.12792" lon="6.83903">
        <ele>2839.1</ele>
      </trkpt>
      <trkpt lat="45.12804" lon="6.83925">
        <ele>2840.9</ele>
      </trkpt>
      <trkpt lat="45.12826" lon="6.83951">
        <ele>2844.9</ele>
      </trkpt>
      <trkpt lat="45.12845" lon="6.8397">
        <ele>2848.8</ele>
      </trkpt>
      <trkpt lat="45.12854" lon="6.83973">
        <ele>2850.1</ele>
      </trkpt>
      <trkpt lat="45.12863" lon="6.8397">
        <ele>2850.6</ele>
      </trkpt>
      <trkpt lat="45.12877" lon="6.8396">
        <ele>2851.1</ele>
      </trkpt>
      <trkpt lat="45.12898" lon="6.83936">
        <ele>2852.0</ele>
      </trkpt>
      <trkpt lat="45.12919" lon="6.83909">
        <ele>2854.9</ele>
      </trkpt>
      <trkpt lat="45.12939" lon="6.83868">
        <ele>2862.7</ele>
      </trkpt>
      <trkpt lat="45.12942" lon="6.83856">
        <ele>2864.3</ele>
      </trkpt>
      <trkpt lat="45.12943" lon="6.83843">
        <ele>2865.3</ele>
      </trkpt>
      <trkpt lat="45.12942" lon="6.83826">
        <ele>2865.7</ele>
      </trkpt>
      <trkpt lat="45.12938" lon="6.83799">
        <ele>2865.0</ele>
      </trkpt>
      <trkpt lat="45.12939" lon="6.83778">
        <ele>2866.0</ele>
      </trkpt>
      <trkpt lat="45.12938" lon="6.83766">
        <ele>2866.0</ele>
      </trkpt>
      <trkpt lat="45.12934" lon="6.83735">
        <ele>2866.1</ele>
      </trkpt>
      <trkpt lat="45.12927" lon="6.83708">
        <ele>2865.3</ele>
      </trkpt>
      <trkpt lat="45.1292" lon="6.8367">
        <ele>2865.3</ele>
      </trkpt>
      <trkpt lat="45.12921" lon="6.83666">
        <ele>2866.1</ele>
      </trkpt>
      <trkpt lat="45.12922" lon="6.83665">
        <ele>2866.7</ele>
      </trkpt>
      <trkpt lat="45.12926" lon="6.83665">
        <ele>2868.6</ele>
      </trkpt>
      <trkpt lat="45.12929" lon="6.83672">
        <ele>2869.4</ele>
      </trkpt>
      <trkpt lat="45.12931" lon="6.83682">
        <ele>2869.5</ele>
      </trkpt>
      <trkpt lat="45.12942" lon="6.83706">
        <ele>2872.4</ele>
      </trkpt>
      <trkpt lat="45.1296" lon="6.83741">
        <ele>2877.2</ele>
      </trkpt>
      <trkpt lat="45.12972" lon="6.83769">
        <ele>2880.4</ele>
      </trkpt>
      <trkpt lat="45.12976" lon="6.83788">
        <ele>2880.9</ele>
      </trkpt>
      <trkpt lat="45.12979" lon="6.83808">
        <ele>2880.9</ele>
      </trkpt>
      <trkpt lat="45.12997" lon="6.83849">
        <ele>2884.2</ele>
      </trkpt>
      <trkpt lat="45.13012" lon="6.83895">
        <ele>2885.9</ele>
      </trkpt>
      <trkpt lat="45.13031" lon="6.83939">
        <ele>2890.9</ele>
      </trkpt>
      <trkpt lat="45.13034" lon="6.8396">
        <ele>2891.4</ele>
      </trkpt>
      <trkpt lat="45.13039" lon="6.8401">
        <ele>2892.7</ele>
      </trkpt>
      <trkpt lat="45.13042" lon="6.84015">
        <ele>2894.2</ele>
      </trkpt>
      <trkpt lat="45.13045" lon="6.84014">
        <ele>2895.3</ele>
      </trkpt>
      <trkpt lat="45.13047" lon="6.8401">
        <ele>2895.8</ele>
      </trkpt>
      <trkpt lat="45.13048" lon="6.84006">
        <ele>2896.0</ele>
      </trkpt>
      <trkpt lat="45.13046" lon="6.83993">
        <ele>2895.1</ele>
      </trkpt>
      <trkpt lat="45.1305" lon="6.8395">
        <ele>2898.7</ele>
      </trkpt>
      <trkpt lat="45.13051" lon="6.83933">
        <ele>2899.9</ele>
      </trkpt>
      <trkpt lat="45.13049" lon="6.83918">
        <ele>2899.7</ele>
      </trkpt>
      <trkpt lat="45.1304" lon="6.83878">
        <ele>2901.0</ele>
      </trkpt>
      <trkpt lat="45.13028" lon="6.83795">
        <ele>2904.8</ele>
      </trkpt>
      <trkpt lat="45.13027" lon="6.83749">
        <ele>2908.7</ele>
      </trkpt>
      <trkpt lat="45.13023" lon="6.8372">
        <ele>2910.2</ele>
      </trkpt>
      <trkpt lat="45.13007" lon="6.83643">
        <ele>2911.0</ele>
      </trkpt>
      <trkpt lat="45.13002" lon="6.83603">
        <ele>2912.9</ele>
      </trkpt>
      <trkpt lat="45.12999" lon="6.83588">
        <ele>2912.9</ele>
      </trkpt>
      <trkpt lat="45.12999" lon="6.83584">
        <ele>2913.4</ele>
      </trkpt>
      <trkpt lat="45.13001" lon="6.83583">
        <ele>2914.8</ele>
      </trkpt>
      <trkpt lat="45.13003" lon="6.83584">
        <ele>2915.9</ele>
      </trkpt>
      <trkpt lat="45.13005" lon="6.83587">
        <ele>2916.8</ele>
      </trkpt>
      <trkpt lat="45.13008" lon="6.83596">
        <ele>2917.6</ele>
      </trkpt>
      <trkpt lat="45.13017" lon="6.83629">
        <ele>2918.8</ele>
      </trkpt>
      <trkpt lat="45.13023" lon="6.83645">
        <ele>2920.1</ele>
      </trkpt>
      <trkpt lat="45.1304" lon="6.83684">
        <ele>2924.3</ele>
      </trkpt>
      <trkpt lat="45.13048" lon="6.83704">
        <ele>2926.1</ele>
      </trkpt>
      <trkpt lat="45.13059" lon="6.8374">
        <ele>2927.2</ele>
      </trkpt>
      <trkpt lat="45.13068" lon="6.83774">
        <ele>2928.0</ele>
      </trkpt>
      <trkpt lat="45.13074" lon="6.83791">
        <ele>2929.2</ele>
      </trkpt>
      <trkpt lat="45.13096" lon="6.8384">
        <ele>2935.4</ele>
      </trkpt>
      <trkpt lat="45.13108" lon="6.83859">
        <ele>2939.4</ele>
      </trkpt>
      <trkpt lat="45.13113" lon="6.8387">
        <ele>2940.6</ele>
      </trkpt>
      <trkpt lat="45.13118" lon="6.83882">
        <ele>2941.7</ele>
      </trkpt>
      <trkpt lat="45.13121" lon="6.83895">
        <ele>2941.5</ele>
      </trkpt>
      <trkpt lat="45.13125" lon="6.83917">
        <ele>2940.5</ele>
      </trkpt>
      <trkpt lat="45.13127" lon="6.83938">
        <ele>2939.6</ele>
      </trkpt>
      <trkpt lat="45.1313" lon="6.83946">
        <ele>2940.6</ele>
      </trkpt>
      <trkpt lat="45.13136" lon="6.83957">
        <ele>2943.0</ele>
      </trkpt>
      <trkpt lat="45.1314" lon="6.8397">
        <ele>2943.9</ele>
      </trkpt>
      <trkpt lat="45.13156" lon="6.84022">
        <ele>2947.7</ele>
      </trkpt>
      <trkpt lat="45.13159" lon="6.84037">
        <ele>2948.1</ele>
      </trkpt>
      <trkpt lat="45.13161" lon="6.84049">
        <ele>2948.2</ele>
      </trkpt>
      <trkpt lat="45.13161" lon="6.84061">
        <ele>2947.3</ele>
      </trkpt>
      <trkpt lat="45.13166" lon="6.84086">
        <ele>2947.7</ele>
      </trkpt>
      <trkpt lat="45.13176" lon="6.84123">
        <ele>2951.8</ele>
      </trkpt>
      <trkpt lat="45.1319" lon="6.84162">
        <ele>2956.0</ele>
      </trkpt>
      <trkpt lat="45.1321" lon="6.84206">
        <ele>2963.4</ele>
      </trkpt>
      <trkpt lat="45.13221" lon="6.84226">
        <ele>2965.9</ele>
      </trkpt>
      <trkpt lat="45.13232" lon="6.84243">
        <ele>2967.6</ele>
      </trkpt>
      <trkpt lat="45.13264" lon="6.84278">
        <ele>2972.7</ele>
      </trkpt>
      <trkpt lat="45.1328" lon="6.84294">
        <ele>2975.3</ele>
      </trkpt>
      <trkpt lat="45.13294" lon="6.84309">
        <ele>2976.5</ele>
      </trkpt>
      <trkpt lat="45.13299" lon="6.84319">
        <ele>2976.2</ele>
      </trkpt>
      <trkpt lat="45.13299" lon="6.84319">
        <ele>2976.2</ele>
      </trkpt>
      <trkpt lat="45.13302" lon="6.84326">
        <ele>2975.8</ele>
      </trkpt>
      <trkpt lat="45.13307" lon="6.84344">
        <ele>2975.6</ele>
      </trkpt>
      <trkpt lat="45.13308" lon="6.84379">
        <ele>2976.0</ele>
      </trkpt>
      <trkpt lat="45.13306" lon="6.84393">
        <ele>2976.1</ele>
      </trkpt>
      <trkpt lat="45.13307" lon="6.84402">
        <ele>2976.2</ele>
      </trkpt>
      <trkpt lat="45.13311" lon="6.84405">
        <ele>2976.2</ele>
      </trkpt>
      <trkpt lat="45.13315" lon="6.84401">
        <ele>2976.3</ele>
      </trkpt>
      <trkpt lat="45.13325" lon="6.84359">
        <ele>2977.3</ele>
      </trkpt>
      <trkpt lat="45.13324" lon="6.84341">
        <ele>2977.6</ele>
      </trkpt>
      <trkpt lat="45.13328" lon="6.84336">
        <ele>2978.2</ele>
      </trkpt>
      <trkpt lat="45.13332" lon="6.84336">
        <ele>2978.7</ele>
      </trkpt>
      <trkpt lat="45.13334" lon="6.84347">
        <ele>2978.7</ele>
      </trkpt>
      <trkpt lat="45.13338" lon="6.84398">
        <ele>2977.9</ele>
      </trkpt>
      <trkpt lat="45.13344" lon="6.84418">
        <ele>2978.9</ele>
      </trkpt>
      <trkpt lat="45.13354" lon="6.84427">
        <ele>2982.5</ele>
      </trkpt>
      <trkpt lat="45.1338" lon="6.84435">
        <ele>2989.0</ele>
      </trkpt>
      <trkpt lat="45.1338" lon="6.84435">
        <ele>2989.0</ele>
      </trkpt>
      <trkpt lat="45.134" lon="6.8444">
        <ele>2993.2</ele>
      </trkpt>
      <trkpt lat="45.13378" lon="6.84435">
        <ele>2988.6</ele>
      </trkpt>
      <trkpt lat="45.13354" lon="6.84427">
        <ele>2982.5</ele>
      </trkpt>
      <trkpt lat="45.13344" lon="6.84418">
        <ele>2978.9</ele>
      </trkpt>
      <trkpt lat="45.13338" lon="6.84398">
        <ele>2977.9</ele>
      </trkpt>
      <trkpt lat="45.13334" lon="6.84347">
        <ele>2978.7</ele>
      </trkpt>
      <trkpt lat="45.13332" lon="6.84336">
        <ele>2978.7</ele>
      </trkpt>
      <trkpt lat="45.13328" lon="6.84336">
        <ele>2978.2</ele>
      </trkpt>
      <trkpt lat="45.13324" lon="6.84341">
        <ele>2977.6</ele>
      </trkpt>
      <trkpt lat="45.13325" lon="6.84359">
        <ele>2977.3</ele>
      </trkpt>
      <trkpt lat="45.13315" lon="6.84401">
        <ele>2976.3</ele>
      </trkpt>
      <trkpt lat="45.13311" lon="6.84405">
        <ele>2976.2</ele>
      </trkpt>
      <trkpt lat="45.13307" lon="6.84402">
        <ele>2976.2</ele>
      </trkpt>
      <trkpt lat="45.13306" lon="6.84393">
        <ele>2976.1</ele>
      </trkpt>
      <trkpt lat="45.13308" lon="6.84379">
        <ele>2976.0</ele>
      </trkpt>
      <trkpt lat="45.13307" lon="6.84344">
        <ele>2975.6</ele>
      </trkpt>
      <trkpt lat="45.13302" lon="6.84326">
        <ele>2975.8</ele>
      </trkpt>
      <trkpt lat="45.13294" lon="6.84309">
        <ele>2976.5</ele>
      </trkpt>
      <trkpt lat="45.13289" lon="6.84304">
        <ele>2976.2</ele>
      </trkpt>
      <trkpt lat="45.13289" lon="6.84304">
        <ele>2976.2</ele>
      </trkpt>
      <trkpt lat="45.13264" lon="6.84278">
        <ele>2972.7</ele>
      </trkpt>
      <trkpt lat="45.13232" lon="6.84243">
        <ele>2967.6</ele>
      </trkpt>
      <trkpt lat="45.13221" lon="6.84226">
        <ele>2965.9</ele>
      </trkpt>
      <trkpt lat="45.1321" lon="6.84206">
        <ele>2963.4</ele>
      </trkpt>
      <trkpt lat="45.1319" lon="6.84162">
        <ele>2956.0</ele>
      </trkpt>
      <trkpt lat="45.13176" lon="6.84123">
        <ele>2951.8</ele>
      </trkpt>
      <trkpt lat="45.13166" lon="6.84086">
        <ele>2947.7</ele>
      </trkpt>
      <trkpt lat="45.13161" lon="6.84061">
        <ele>2947.3</ele>
      </trkpt>
      <trkpt lat="45.13161" lon="6.84049">
        <ele>2948.2</ele>
      </trkpt>
      <trkpt lat="45.13159" lon="6.84037">
        <ele>2948.1</ele>
      </trkpt>
      <trkpt lat="45.13156" lon="6.84022">
        <ele>2947.7</ele>
      </trkpt>
      <trkpt lat="45.1314" lon="6.8397">
        <ele>2943.9</ele>
      </trkpt>
      <trkpt lat="45.13136" lon="6.83957">
        <ele>2943.0</ele>
      </trkpt>
      <trkpt lat="45.1313" lon="6.83946">
        <ele>2940.6</ele>
      </trkpt>
      <trkpt lat="45.13127" lon="6.83938">
        <ele>2939.6</ele>
      </trkpt>
      <trkpt lat="45.13125" lon="6.83917">
        <ele>2940.5</ele>
      </trkpt>
      <trkpt lat="45.13121" lon="6.83895">
        <ele>2941.5</ele>
      </trkpt>
      <trkpt lat="45.13118" lon="6.83882">
        <ele>2941.7</ele>
      </trkpt>
      <trkpt lat="45.13113" lon="6.8387">
        <ele>2940.6</ele>
      </trkpt>
      <trkpt lat="45.13113" lon="6.8387">
        <ele>2940.6</ele>
      </trkpt>
      <trkpt lat="45.13108" lon="6.83859">
        <ele>2939.4</ele>
      </trkpt>
      <trkpt lat="45.13096" lon="6.8384">
        <ele>2935.4</ele>
      </trkpt>
      <trkpt lat="45.13074" lon="6.83791">
        <ele>2929.2</ele>
      </trkpt>
      <trkpt lat="45.13068" lon="6.83774">
        <ele>2928.0</ele>
      </trkpt>
      <trkpt lat="45.13059" lon="6.8374">
        <ele>2927.2</ele>
      </trkpt>
      <trkpt lat="45.13048" lon="6.83704">
        <ele>2926.1</ele>
      </trkpt>
      <trkpt lat="45.1304" lon="6.83684">
        <ele>2924.3</ele>
      </trkpt>
      <trkpt lat="45.13023" lon="6.83645">
        <ele>2920.1</ele>
      </trkpt>
      <trkpt lat="45.13017" lon="6.83629">
        <ele>2918.8</ele>
      </trkpt>
      <trkpt lat="45.13005" lon="6.83587">
        <ele>2916.8</ele>
      </trkpt>
      <trkpt lat="45.13001" lon="6.83583">
        <ele>2914.8</ele>
      </trkpt>
      <trkpt lat="45.12999" lon="6.83584">
        <ele>2913.4</ele>
      </trkpt>
      <trkpt lat="45.12999" lon="6.83588">
        <ele>2912.9</ele>
      </trkpt>
      <trkpt lat="45.13002" lon="6.83603">
        <ele>2912.9</ele>
      </trkpt>
      <trkpt lat="45.13007" lon="6.83643">
        <ele>2911.0</ele>
      </trkpt>
      <trkpt lat="45.13023" lon="6.8372">
        <ele>2910.2</ele>
      </trkpt>
      <trkpt lat="45.13027" lon="6.83749">
        <ele>2908.7</ele>
      </trkpt>
      <trkpt lat="45.13028" lon="6.83795">
        <ele>2904.8</ele>
      </trkpt>
      <trkpt lat="45.1304" lon="6.83878">
        <ele>2901.0</ele>
      </trkpt>
      <trkpt lat="45.13049" lon="6.83918">
        <ele>2899.7</ele>
      </trkpt>
      <trkpt lat="45.13051" lon="6.83933">
        <ele>2899.9</ele>
      </trkpt>
      <trkpt lat="45.1305" lon="6.8395">
        <ele>2898.7</ele>
      </trkpt>
      <trkpt lat="45.13046" lon="6.83993">
        <ele>2895.1</ele>
      </trkpt>
      <trkpt lat="45.13048" lon="6.84006">
        <ele>2896.0</ele>
      </trkpt>
      <trkpt lat="45.13047" lon="6.8401">
        <ele>2895.8</ele>
      </trkpt>
      <trkpt lat="45.13045" lon="6.84014">
        <ele>2895.3</ele>
      </trkpt>
      <trkpt lat="45.13042" lon="6.84015">
        <ele>2894.2</ele>
      </trkpt>
      <trkpt lat="45.13039" lon="6.8401">
        <ele>2892.7</ele>
      </trkpt>
      <trkpt lat="45.13034" lon="6.8396">
        <ele>2891.4</ele>
      </trkpt>
      <trkpt lat="45.13031" lon="6.83939">
        <ele>2890.9</ele>
      </trkpt>
      <trkpt lat="45.13012" lon="6.83895">
        <ele>2885.9</ele>
      </trkpt>
      <trkpt lat="45.12997" lon="6.83849">
        <ele>2884.2</ele>
      </trkpt>
      <trkpt lat="45.12979" lon="6.83808">
        <ele>2880.9</ele>
      </trkpt>
      <trkpt lat="45.12976" lon="6.83788">
        <ele>2880.9</ele>
      </trkpt>
      <trkpt lat="45.12972" lon="6.83769">
        <ele>2880.4</ele>
      </trkpt>
      <trkpt lat="45.1296" lon="6.83741">
        <ele>2877.2</ele>
      </trkpt>
      <trkpt lat="45.12942" lon="6.83706">
        <ele>2872.4</ele>
      </trkpt>
      <trkpt lat="45.12931" lon="6.83682">
        <ele>2869.5</ele>
      </trkpt>
      <trkpt lat="45.12929" lon="6.83672">
        <ele>2869.4</ele>
      </trkpt>
      <trkpt lat="45.12926" lon="6.83665">
        <ele>2868.6</ele>
      </trkpt>
      <trkpt lat="45.12922" lon="6.83665">
        <ele>2866.7</ele>
      </trkpt>
      <trkpt lat="45.12921" lon="6.83666">
        <ele>2866.1</ele>
      </trkpt>
      <trkpt lat="45.1292" lon="6.8367">
        <ele>2865.3</ele>
      </trkpt>
      <trkpt lat="45.12927" lon="6.83708">
        <ele>2865.3</ele>
      </trkpt>
      <trkpt lat="45.12934" lon="6.83735">
        <ele>2866.1</ele>
      </trkpt>
      <trkpt lat="45.12938" lon="6.83766">
        <ele>2866.0</ele>
      </trkpt>
      <trkpt lat="45.12939" lon="6.83778">
        <ele>2866.0</ele>
      </trkpt>
      <trkpt lat="45.12938" lon="6.83797">
        <ele>2865.0</ele>
      </trkpt>
      <trkpt lat="45.12938" lon="6.83797">
        <ele>2865.0</ele>
      </trkpt>
      <trkpt lat="45.12942" lon="6.83826">
        <ele>2865.7</ele>
      </trkpt>
      <trkpt lat="45.12943" lon="6.83843">
        <ele>2865.3</ele>
      </trkpt>
      <trkpt lat="45.12942" lon="6.83856">
        <ele>2864.3</ele>
      </trkpt>
      <trkpt lat="45.12939" lon="6.83868">
        <ele>2862.7</ele>
      </trkpt>
      <trkpt lat="45.12919" lon="6.83909">
        <ele>2854.9</ele>
      </trkpt>
      <trkpt lat="45.12898" lon="6.83936">
        <ele>2852.0</ele>
      </trkpt>
      <trkpt lat="45.12877" lon="6.8396">
        <ele>2851.1</ele>
      </trkpt>
      <trkpt lat="45.12863" lon="6.8397">
        <ele>2850.6</ele>
      </trkpt>
      <trkpt lat="45.12854" lon="6.83973">
        <ele>2850.1</ele>
      </trkpt>
      <trkpt lat="45.12845" lon="6.8397">
        <ele>2848.8</ele>
      </trkpt>
      <trkpt lat="45.12826" lon="6.83951">
        <ele>2844.9</ele>
      </trkpt>
      <trkpt lat="45.12804" lon="6.83925">
        <ele>2840.9</ele>
      </trkpt>
      <trkpt lat="45.12792" lon="6.83903">
        <ele>2839.1</ele>
      </trkpt>
      <trkpt lat="45.1278" lon="6.8387">
        <ele>2837.9</ele>
      </trkpt>
      <trkpt lat="45.12773" lon="6.83838">
        <ele>2836.7</ele>
      </trkpt>
      <trkpt lat="45.12767" lon="6.83789">
        <ele>2832.4</ele>
      </trkpt>
      <trkpt lat="45.12763" lon="6.83772">
        <ele>2830.5</ele>
      </trkpt>
      <trkpt lat="45.12757" lon="6.83758">
        <ele>2828.6</ele>
      </trkpt>
      <trkpt lat="45.12753" lon="6.83751">
        <ele>2827.4</ele>
      </trkpt>
      <trkpt lat="45.12747" lon="6.83747">
        <ele>2826.5</ele>
      </trkpt>
      <trkpt lat="45.12736" lon="6.83744">
        <ele>2825.3</ele>
      </trkpt>
      <trkpt lat="45.12725" lon="6.83744">
        <ele>2824.2</ele>
      </trkpt>
      <trkpt lat="45.12706" lon="6.83751">
        <ele>2822.9</ele>
      </trkpt>
      <trkpt lat="45.12694" lon="6.83753">
        <ele>2821.8</ele>
      </trkpt>
      <trkpt lat="45.12641" lon="6.83733">
        <ele>2812.3</ele>
      </trkpt>
      <trkpt lat="45.12632" lon="6.83727">
        <ele>2809.9</ele>
      </trkpt>
      <trkpt lat="45.12629" lon="6.83722">
        <ele>2808.8</ele>
      </trkpt>
      <trkpt lat="45.12627" lon="6.83716">
        <ele>2807.9</ele>
      </trkpt>
      <trkpt lat="45.12626" lon="6.83708">
        <ele>2806.9</ele>
      </trkpt>
      <trkpt lat="45.12628" lon="6.837">
        <ele>2806.6</ele>
      </trkpt>
      <trkpt lat="45.12634" lon="6.83688">
        <ele>2806.8</ele>
      </trkpt>
      <trkpt lat="45.12636" lon="6.83677">
        <ele>2806.3</ele>
      </trkpt>
      <trkpt lat="45.12635" lon="6.83643">
        <ele>2802.2</ele>
      </trkpt>
      <trkpt lat="45.12637" lon="6.83613">
        <ele>2798.9</ele>
      </trkpt>
      <trkpt lat="45.12636" lon="6.83603">
        <ele>2797.5</ele>
      </trkpt>
      <trkpt lat="45.12631" lon="6.83588">
        <ele>2794.5</ele>
      </trkpt>
      <trkpt lat="45.12618" lon="6.83565">
        <ele>2792.4</ele>
      </trkpt>
      <trkpt lat="45.12611" lon="6.8355">
        <ele>2792.1</ele>
      </trkpt>
      <trkpt lat="45.12607" lon="6.83534">
        <ele>2792.6</ele>
      </trkpt>
      <trkpt lat="45.12603" lon="6.83523">
        <ele>2792.8</ele>
      </trkpt>
      <trkpt lat="45.12596" lon="6.83515">
        <ele>2792.1</ele>
      </trkpt>
      <trkpt lat="45.12574" lon="6.83493">
        <ele>2787.9</ele>
      </trkpt>
      <trkpt lat="45.1256" lon="6.83477">
        <ele>2784.0</ele>
      </trkpt>
      <trkpt lat="45.12546" lon="6.83456">
        <ele>2780.5</ele>
      </trkpt>
      <trkpt lat="45.12544" lon="6.83447">
        <ele>2780.7</ele>
      </trkpt>
      <trkpt lat="45.1254" lon="6.83421">
        <ele>2782.2</ele>
      </trkpt>
      <trkpt lat="45.12538" lon="6.83396">
        <ele>2779.5</ele>
      </trkpt>
      <trkpt lat="45.12538" lon="6.83385">
        <ele>2778.3</ele>
      </trkpt>
      <trkpt lat="45.12538" lon="6.83372">
        <ele>2776.9</ele>
      </trkpt>
      <trkpt lat="45.12547" lon="6.83329">
        <ele>2775.1</ele>
      </trkpt>
      <trkpt lat="45.12548" lon="6.83321">
        <ele>2773.7</ele>
      </trkpt>
      <trkpt lat="45.12546" lon="6.83315">
        <ele>2771.7</ele>
      </trkpt>
      <trkpt lat="45.12543" lon="6.83313">
        <ele>2770.2</ele>
      </trkpt>
      <trkpt lat="45.12541" lon="6.83315">
        <ele>2769.9</ele>
      </trkpt>
      <trkpt lat="45.12538" lon="6.83319">
        <ele>2769.7</ele>
      </trkpt>
      <trkpt lat="45.12537" lon="6.83337">
        <ele>2772.6</ele>
      </trkpt>
      <trkpt lat="45.1253" lon="6.83358">
        <ele>2772.0</ele>
      </trkpt>
      <trkpt lat="45.12522" lon="6.83377">
        <ele>2770.6</ele>
      </trkpt>
      <trkpt lat="45.1252" lon="6.83383">
        <ele>2770.3</ele>
      </trkpt>
      <trkpt lat="45.1252" lon="6.83389">
        <ele>2770.8</ele>
      </trkpt>
      <trkpt lat="45.12521" lon="6.83408">
        <ele>2773.0</ele>
      </trkpt>
      <trkpt lat="45.12521" lon="6.83434">
        <ele>2771.8</ele>
      </trkpt>
      <trkpt lat="45.12523" lon="6.83459">
        <ele>2769.8</ele>
      </trkpt>
      <trkpt lat="45.12522" lon="6.83462">
        <ele>2769.0</ele>
      </trkpt>
      <trkpt lat="45.12521" lon="6.83462">
        <ele>2768.5</ele>
      </trkpt>
      <trkpt lat="45.12517" lon="6.83461">
        <ele>2766.8</ele>
      </trkpt>
      <trkpt lat="45.12514" lon="6.83453">
        <ele>2766.4</ele>
      </trkpt>
      <trkpt lat="45.12511" lon="6.83436">
        <ele>2767.0</ele>
      </trkpt>
      <trkpt lat="45.1251" lon="6.83423">
        <ele>2768.0</ele>
      </trkpt>
      <trkpt lat="45.12507" lon="6.83406">
        <ele>2766.4</ele>
      </trkpt>
      <trkpt lat="45.12503" lon="6.83389">
        <ele>2763.3</ele>
      </trkpt>
      <trkpt lat="45.12503" lon="6.83375">
        <ele>2762.3</ele>
      </trkpt>
      <trkpt lat="45.12507" lon="6.83346">
        <ele>2761.7</ele>
      </trkpt>
      <trkpt lat="45.12505" lon="6.83314">
        <ele>2757.2</ele>
      </trkpt>
      <trkpt lat="45.12506" lon="6.83245">
        <ele>2747.8</ele>
      </trkpt>
      <trkpt lat="45.12507" lon="6.83228">
        <ele>2746.1</ele>
      </trkpt>
      <trkpt lat="45.12509" lon="6.83216">
        <ele>2745.2</ele>
      </trkpt>
      <trkpt lat="45.12509" lon="6.83213">
        <ele>2744.9</ele>
      </trkpt>
      <trkpt lat="45.12508" lon="6.8321">
        <ele>2744.3</ele>
      </trkpt>
      <trkpt lat="45.12504" lon="6.83209">
        <ele>2743.4</ele>
      </trkpt>
      <trkpt lat="45.12502" lon="6.83212">
        <ele>2743.3</ele>
      </trkpt>
      <trkpt lat="45.12497" lon="6.83252">
        <ele>2745.7</ele>
      </trkpt>
      <trkpt lat="45.12492" lon="6.83284">
        <ele>2747.4</ele>
      </trkpt>
      <trkpt lat="45.12487" lon="6.83303">
        <ele>2747.3</ele>
      </trkpt>
      <trkpt lat="45.12481" lon="6.83316">
        <ele>2745.9</ele>
      </trkpt>
      <trkpt lat="45.12476" lon="6.83325">
        <ele>2744.5</ele>
      </trkpt>
      <trkpt lat="45.12473" lon="6.83335">
        <ele>2744.2</ele>
      </trkpt>
      <trkpt lat="45.12471" lon="6.83344">
        <ele>2743.8</ele>
      </trkpt>
      <trkpt lat="45.12467" lon="6.83384">
        <ele>2744.9</ele>
      </trkpt>
      <trkpt lat="45.12461" lon="6.83409">
        <ele>2743.7</ele>
      </trkpt>
      <trkpt lat="45.12458" lon="6.83423">
        <ele>2742.3</ele>
      </trkpt>
      <trkpt lat="45.12461" lon="6.83454">
        <ele>2741.4</ele>
      </trkpt>
      <trkpt lat="45.1246" lon="6.83481">
        <ele>2738.7</ele>
      </trkpt>
      <trkpt lat="45.12462" lon="6.83488">
        <ele>2739.1</ele>
      </trkpt>
      <trkpt lat="45.12465" lon="6.83496">
        <ele>2739.8</ele>
      </trkpt>
      <trkpt lat="45.12465" lon="6.83499">
        <ele>2739.5</ele>
      </trkpt>
      <trkpt lat="45.12463" lon="6.83504">
        <ele>2738.5</ele>
      </trkpt>
      <trkpt lat="45.12458" lon="6.83504">
        <ele>2736.4</ele>
      </trkpt>
      <trkpt lat="45.12454" lon="6.83497">
        <ele>2734.8</ele>
      </trkpt>
      <trkpt lat="45.12451" lon="6.83479">
        <ele>2734.8</ele>
      </trkpt>
      <trkpt lat="45.1245" lon="6.83466">
        <ele>2735.2</ele>
      </trkpt>
      <trkpt lat="45.12448" lon="6.83452">
        <ele>2735.3</ele>
      </trkpt>
      <trkpt lat="45.12444" lon="6.83439">
        <ele>2734.3</ele>
      </trkpt>
      <trkpt lat="45.12442" lon="6.83423">
        <ele>2734.3</ele>
      </trkpt>
      <trkpt lat="45.12441" lon="6.83403">
        <ele>2733.2</ele>
      </trkpt>
      <trkpt lat="45.12439" lon="6.83346">
        <ele>2727.5</ele>
      </trkpt>
      <trkpt lat="45.1244" lon="6.83305">
        <ele>2723.3</ele>
      </trkpt>
      <trkpt lat="45.12448" lon="6.83245">
        <ele>2719.6</ele>
      </trkpt>
      <trkpt lat="45.12449" lon="6.83224">
        <ele>2717.7</ele>
      </trkpt>
      <trkpt lat="45.12448" lon="6.83202">
        <ele>2714.6</ele>
      </trkpt>
      <trkpt lat="45.12441" lon="6.83144">
        <ele>2705.8</ele>
      </trkpt>
      <trkpt lat="45.12438" lon="6.83092">
        <ele>2702.1</ele>
      </trkpt>
      <trkpt lat="45.12433" lon="6.83048">
        <ele>2698.5</ele>
      </trkpt>
      <trkpt lat="45.12434" lon="6.83017">
        <ele>2697.8</ele>
      </trkpt>
      <trkpt lat="45.12437" lon="6.82991">
        <ele>2696.9</ele>
      </trkpt>
      <trkpt lat="45.12436" lon="6.82988">
        <ele>2696.1</ele>
      </trkpt>
      <trkpt lat="45.12434" lon="6.82987">
        <ele>2695.2</ele>
      </trkpt>
      <trkpt lat="45.12432" lon="6.82988">
        <ele>2694.6</ele>
      </trkpt>
      <trkpt lat="45.1243" lon="6.82995">
        <ele>2695.0</ele>
      </trkpt>
      <trkpt lat="45.12423" lon="6.83037">
        <ele>2694.3</ele>
      </trkpt>
      <trkpt lat="45.12422" lon="6.83091">
        <ele>2695.3</ele>
      </trkpt>
      <trkpt lat="45.12415" lon="6.83151">
        <ele>2693.1</ele>
      </trkpt>
      <trkpt lat="45.12413" lon="6.8318">
        <ele>2694.2</ele>
      </trkpt>
      <trkpt lat="45.12409" lon="6.832">
        <ele>2695.0</ele>
      </trkpt>
      <trkpt lat="45.12402" lon="6.83221">
        <ele>2694.7</ele>
      </trkpt>
      <trkpt lat="45.1239" lon="6.83252">
        <ele>2693.4</ele>
      </trkpt>
      <trkpt lat="45.12373" lon="6.83288">
        <ele>2691.0</ele>
      </trkpt>
      <trkpt lat="45.12362" lon="6.83306">
        <ele>2688.6</ele>
      </trkpt>
      <trkpt lat="45.12342" lon="6.83352">
        <ele>2685.4</ele>
      </trkpt>
      <trkpt lat="45.12337" lon="6.83354">
        <ele>2683.5</ele>
      </trkpt>
      <trkpt lat="45.12335" lon="6.83351">
        <ele>2682.4</ele>
      </trkpt>
      <trkpt lat="45.12334" lon="6.83345">
        <ele>2681.4</ele>
      </trkpt>
      <trkpt lat="45.12339" lon="6.83312">
        <ele>2679.8</ele>
      </trkpt>
      <trkpt lat="45.12341" lon="6.83298">
        <ele>2678.9</ele>
      </trkpt>
      <trkpt lat="45.12347" lon="6.83283">
        <ele>2679.6</ele>
      </trkpt>
      <trkpt lat="45.1235" lon="6.83267">
        <ele>2678.9</ele>
      </trkpt>
      <trkpt lat="45.12356" lon="6.83253">
        <ele>2679.6</ele>
      </trkpt>
      <trkpt lat="45.12358" lon="6.83238">
        <ele>2678.8</ele>
      </trkpt>
      <trkpt lat="45.12359" lon="6.8322">
        <ele>2677.4</ele>
      </trkpt>
      <trkpt lat="45.12362" lon="6.83204">
        <ele>2676.9</ele>
      </trkpt>
      <trkpt lat="45.12364" lon="6.83171">
        <ele>2674.2</ele>
      </trkpt>
      <trkpt lat="45.12367" lon="6.8316">
        <ele>2674.5</ele>
      </trkpt>
      <trkpt lat="45.12372" lon="6.83145">
        <ele>2675.6</ele>
      </trkpt>
      <trkpt lat="45.12373" lon="6.83137">
        <ele>2675.6</ele>
      </trkpt>
      <trkpt lat="45.12374" lon="6.83105">
        <ele>2674.2</ele>
      </trkpt>
      <trkpt lat="45.12373" lon="6.83085">
        <ele>2672.7</ele>
      </trkpt>
      <trkpt lat="45.12371" lon="6.83066">
        <ele>2670.8</ele>
      </trkpt>
      <trkpt lat="45.12367" lon="6.83046">
        <ele>2667.8</ele>
      </trkpt>
      <trkpt lat="45.12365" lon="6.83032">
        <ele>2666.1</ele>
      </trkpt>
      <trkpt lat="45.12364" lon="6.82985">
        <ele>2661.8</ele>
      </trkpt>
      <trkpt lat="45.12366" lon="6.82958">
        <ele>2659.1</ele>
      </trkpt>
      <trkpt lat="45.1237" lon="6.82922">
        <ele>2656.0</ele>
      </trkpt>
      <trkpt lat="45.12377" lon="6.82898">
        <ele>2656.4</ele>
      </trkpt>
      <trkpt lat="45.12376" lon="6.82894">
        <ele>2655.5</ele>
      </trkpt>
      <trkpt lat="45.12373" lon="6.82892">
        <ele>2654.0</ele>
      </trkpt>
      <trkpt lat="45.1237" lon="6.82895">
        <ele>2653.0</ele>
      </trkpt>
      <trkpt lat="45.12345" lon="6.82973">
        <ele>2650.8</ele>
      </trkpt>
      <trkpt lat="45.12332" lon="6.83029">
        <ele>2649.7</ele>
      </trkpt>
      <trkpt lat="45.12328" lon="6.83041">
        <ele>2649.6</ele>
      </trkpt>
      <trkpt lat="45.12318" lon="6.83055">
        <ele>2648.1</ele>
      </trkpt>
      <trkpt lat="45.12318" lon="6.83055">
        <ele>2648.1</ele>
      </trkpt>
      <trkpt lat="45.12297" lon="6.8308">
        <ele>2645.0</ele>
      </trkpt>
      <trkpt lat="45.1229" lon="6.83091">
        <ele>2644.4</ele>
      </trkpt>
      <trkpt lat="45.1227" lon="6.83106">
        <ele>2641.2</ele>
      </trkpt>
      <trkpt lat="45.12263" lon="6.83121">
        <ele>2641.1</ele>
      </trkpt>
      <trkpt lat="45.12258" lon="6.83129">
        <ele>2640.8</ele>
      </trkpt>
      <trkpt lat="45.12252" lon="6.83134">
        <ele>2639.9</ele>
      </trkpt>
      <trkpt lat="45.12247" lon="6.83133">
        <ele>2639.2</ele>
      </trkpt>
      <trkpt lat="45.12244" lon="6.83128">
        <ele>2638.5</ele>
      </trkpt>
      <trkpt lat="45.12243" lon="6.83115">
        <ele>2637.1</ele>
      </trkpt>
      <trkpt lat="45.12252" lon="6.8304">
        <ele>2629.8</ele>
      </trkpt>
      <trkpt lat="45.12259" lon="6.83008">
        <ele>2628.3</ele>
      </trkpt>
      <trkpt lat="45.12266" lon="6.82964">
        <ele>2624.8</ele>
      </trkpt>
      <trkpt lat="45.12272" lon="6.8295">
        <ele>2624.8</ele>
      </trkpt>
      <trkpt lat="45.12289" lon="6.82924">
        <ele>2626.6</ele>
      </trkpt>
      <trkpt lat="45.12295" lon="6.82912">
        <ele>2627.2</ele>
      </trkpt>
      <trkpt lat="45.12294" lon="6.82902">
        <ele>2626.1</ele>
      </trkpt>
      <trkpt lat="45.1229" lon="6.82896">
        <ele>2624.5</ele>
      </trkpt>
      <trkpt lat="45.12284" lon="6.82895">
        <ele>2622.7</ele>
      </trkpt>
      <trkpt lat="45.12257" lon="6.82923">
        <ele>2616.9</ele>
      </trkpt>
      <trkpt lat="45.1225" lon="6.82937">
        <ele>2616.7</ele>
      </trkpt>
      <trkpt lat="45.12244" lon="6.82941">
        <ele>2616.7</ele>
      </trkpt>
      <trkpt lat="45.12235" lon="6.82943">
        <ele>2616.2</ele>
      </trkpt>
      <trkpt lat="45.1223" lon="6.8294">
        <ele>2615.4</ele>
      </trkpt>
      <trkpt lat="45.1222" lon="6.82939">
        <ele>2614.4</ele>
      </trkpt>
      <trkpt lat="45.12211" lon="6.82933">
        <ele>2613.0</ele>
      </trkpt>
      <trkpt lat="45.12206" lon="6.82932">
        <ele>2612.5</ele>
      </trkpt>
      <trkpt lat="45.12193" lon="6.82925">
        <ele>2610.7</ele>
      </trkpt>
      <trkpt lat="45.12183" lon="6.82919">
        <ele>2609.4</ele>
      </trkpt>
      <trkpt lat="45.12178" lon="6.82908">
        <ele>2608.0</ele>
      </trkpt>
      <trkpt lat="45.12178" lon="6.82902">
        <ele>2607.5</ele>
      </trkpt>
      <trkpt lat="45.12182" lon="6.82897">
        <ele>2607.4</ele>
      </trkpt>
      <trkpt lat="45.12195" lon="6.82887">
        <ele>2607.7</ele>
      </trkpt>
      <trkpt lat="45.12205" lon="6.82881">
        <ele>2608.1</ele>
      </trkpt>
      <trkpt lat="45.12228" lon="6.82863">
        <ele>2609.2</ele>
      </trkpt>
      <trkpt lat="45.12233" lon="6.82854">
        <ele>2609.2</ele>
      </trkpt>
      <trkpt lat="45.12235" lon="6.8282">
        <ele>2607.2</ele>
      </trkpt>
      <trkpt lat="45.12235" lon="6.82735">
        <ele>2600.7</ele>
      </trkpt>
      <trkpt lat="45.12237" lon="6.8271">
        <ele>2598.7</ele>
      </trkpt>
      <trkpt lat="45.12243" lon="6.82663">
        <ele>2595.0</ele>
      </trkpt>
      <trkpt lat="45.12242" lon="6.82645">
        <ele>2592.9</ele>
      </trkpt>
      <trkpt lat="45.12235" lon="6.82602">
        <ele>2588.1</ele>
      </trkpt>
      <trkpt lat="45.1223" lon="6.8257">
        <ele>2585.2</ele>
      </trkpt>
      <trkpt lat="45.12231" lon="6.82547">
        <ele>2583.4</ele>
      </trkpt>
      <trkpt lat="45.1224" lon="6.82518">
        <ele>2580.8</ele>
      </trkpt>
      <trkpt lat="45.12251" lon="6.82487">
        <ele>2579.2</ele>
      </trkpt>
      <trkpt lat="45.12254" lon="6.82474">
        <ele>2579.8</ele>
      </trkpt>
      <trkpt lat="45.12256" lon="6.82461">
        <ele>2580.1</ele>
      </trkpt>
      <trkpt lat="45.12257" lon="6.82416">
        <ele>2580.1</ele>
      </trkpt>
      <trkpt lat="45.12255" lon="6.82399">
        <ele>2579.5</ele>
      </trkpt>
      <trkpt lat="45.12254" lon="6.82327">
        <ele>2577.9</ele>
      </trkpt>
      <trkpt lat="45.12254" lon="6.82316">
        <ele>2577.6</ele>
      </trkpt>
      <trkpt lat="45.12254" lon="6.82316">
        <ele>2577.6</ele>
      </trkpt>
      <trkpt lat="45.12254" lon="6.82314">
        <ele>2577.6</ele>
      </trkpt>
      <trkpt lat="45.12253" lon="6.8229">
        <ele>2577.1</ele>
      </trkpt>
      <trkpt lat="45.12252" lon="6.82202">
        <ele>2575.2</ele>
      </trkpt>
      <trkpt lat="45.12251" lon="6.82114">
        <ele>2574.3</ele>
      </trkpt>
      <trkpt lat="45.12251" lon="6.82027">
        <ele>2573.6</ele>
      </trkpt>
      <trkpt lat="45.12249" lon="6.81999">
        <ele>2573.4</ele>
      </trkpt>
      <trkpt lat="45.12246" lon="6.81979">
        <ele>2573.7</ele>
      </trkpt>
      <trkpt lat="45.12241" lon="6.81961">
        <ele>2575.0</ele>
      </trkpt>
      <trkpt lat="45.12214" lon="6.81881">
        <ele>2581.1</ele>
      </trkpt>
      <trkpt lat="45.12212" lon="6.81869">
        <ele>2580.4</ele>
      </trkpt>
      <trkpt lat="45.12206" lon="6.81845">
        <ele>2579.3</ele>
      </trkpt>
      <trkpt lat="45.12204" lon="6.81807">
        <ele>2576.0</ele>
      </trkpt>
      <trkpt lat="45.12205" lon="6.81788">
        <ele>2574.2</ele>
      </trkpt>
      <trkpt lat="45.12209" lon="6.81766">
        <ele>2571.2</ele>
      </trkpt>
      <trkpt lat="45.12219" lon="6.8174">
        <ele>2566.7</ele>
      </trkpt>
      <trkpt lat="45.12216" lon="6.81733">
        <ele>2567.4</ele>
      </trkpt>
      <trkpt lat="45.12212" lon="6.81732">
        <ele>2568.6</ele>
      </trkpt>
      <trkpt lat="45.12208" lon="6.81741">
        <ele>2569.9</ele>
      </trkpt>
      <trkpt lat="45.12206" lon="6.81749">
        <ele>2570.7</ele>
      </trkpt>
      <trkpt lat="45.122" lon="6.81763">
        <ele>2573.5</ele>
      </trkpt>
      <trkpt lat="45.12189" lon="6.81773">
        <ele>2577.5</ele>
      </trkpt>
      <trkpt lat="45.1218" lon="6.81786">
        <ele>2581.2</ele>
      </trkpt>
      <trkpt lat="45.12168" lon="6.81795">
        <ele>2585.4</ele>
      </trkpt>
      <trkpt lat="45.12136" lon="6.81789">
        <ele>2585.7</ele>
      </trkpt>
      <trkpt lat="45.12107" lon="6.81795">
        <ele>2587.1</ele>
      </trkpt>
      <trkpt lat="45.12085" lon="6.81797">
        <ele>2587.9</ele>
      </trkpt>
      <trkpt lat="45.12068" lon="6.81796">
        <ele>2583.8</ele>
      </trkpt>
      <trkpt lat="45.12054" lon="6.81797">
        <ele>2580.5</ele>
      </trkpt>
      <trkpt lat="45.12033" lon="6.81808">
        <ele>2577.6</ele>
      </trkpt>
      <trkpt lat="45.12007" lon="6.81823">
        <ele>2575.0</ele>
      </trkpt>
      <trkpt lat="45.11982" lon="6.81833">
        <ele>2573.5</ele>
      </trkpt>
      <trkpt lat="45.1195" lon="6.81851">
        <ele>2573.7</ele>
      </trkpt>
      <trkpt lat="45.11923" lon="6.81869">
        <ele>2573.4</ele>
      </trkpt>
      <trkpt lat="45.11919" lon="6.81869">
        <ele>2572.7</ele>
      </trkpt>
      <trkpt lat="45.11918" lon="6.81865">
        <ele>2571.7</ele>
      </trkpt>
      <trkpt lat="45.11918" lon="6.81861">
        <ele>2570.9</ele>
      </trkpt>
      <trkpt lat="45.11971" lon="6.81785">
        <ele>2560.8</ele>
      </trkpt>
      <trkpt lat="45.11985" lon="6.81766">
        <ele>2557.6</ele>
      </trkpt>
      <trkpt lat="45.11991" lon="6.8175">
        <ele>2554.2</ele>
      </trkpt>
      <trkpt lat="45.11996" lon="6.81724">
        <ele>2552.2</ele>
      </trkpt>
      <trkpt lat="45.11997" lon="6.81699">
        <ele>2550.0</ele>
      </trkpt>
      <trkpt lat="45.11995" lon="6.81672">
        <ele>2547.4</ele>
      </trkpt>
      <trkpt lat="45.11994" lon="6.81642">
        <ele>2545.4</ele>
      </trkpt>
      <trkpt lat="45.11995" lon="6.81612">
        <ele>2543.6</ele>
      </trkpt>
      <trkpt lat="45.11999" lon="6.81585">
        <ele>2541.3</ele>
      </trkpt>
      <trkpt lat="45.12007" lon="6.8156">
        <ele>2538.9</ele>
      </trkpt>
      <trkpt lat="45.12022" lon="6.81538">
        <ele>2536.6</ele>
      </trkpt>
      <trkpt lat="45.12036" lon="6.81519">
        <ele>2532.9</ele>
      </trkpt>
      <trkpt lat="45.12051" lon="6.81509">
        <ele>2530.2</ele>
      </trkpt>
      <trkpt lat="45.1207" lon="6.815">
        <ele>2526.6</ele>
      </trkpt>
      <trkpt lat="45.12088" lon="6.81494">
        <ele>2525.0</ele>
      </trkpt>
      <trkpt lat="45.12107" lon="6.81492">
        <ele>2526.7</ele>
      </trkpt>
      <trkpt lat="45.12122" lon="6.81485">
        <ele>2526.4</ele>
      </trkpt>
      <trkpt lat="45.12139" lon="6.81473">
        <ele>2524.6</ele>
      </trkpt>
      <trkpt lat="45.12165" lon="6.81451">
        <ele>2520.0</ele>
      </trkpt>
      <trkpt lat="45.12176" lon="6.81442">
        <ele>2517.6</ele>
      </trkpt>
      <trkpt lat="45.12181" lon="6.81431">
        <ele>2514.5</ele>
      </trkpt>
      <trkpt lat="45.12176" lon="6.81426">
        <ele>2512.7</ele>
      </trkpt>
      <trkpt lat="45.12167" lon="6.81429">
        <ele>2513.0</ele>
      </trkpt>
      <trkpt lat="45.1215" lon="6.81438">
        <ele>2514.8</ele>
      </trkpt>
      <trkpt lat="45.12131" lon="6.81444">
        <ele>2515.3</ele>
      </trkpt>
      <trkpt lat="45.12092" lon="6.81439">
        <ele>2511.2</ele>
      </trkpt>
      <trkpt lat="45.12095" lon="6.81431">
        <ele>2509.3</ele>
      </trkpt>
      <trkpt lat="45.12109" lon="6.81415">
        <ele>2506.1</ele>
      </trkpt>
      <trkpt lat="45.12117" lon="6.81399">
        <ele>2505.1</ele>
      </trkpt>
      <trkpt lat="45.12128" lon="6.81392">
        <ele>2504.5</ele>
      </trkpt>
      <trkpt lat="45.12157" lon="6.81382">
        <ele>2502.9</ele>
      </trkpt>
      <trkpt lat="45.12166" lon="6.81377">
        <ele>2501.9</ele>
      </trkpt>
      <trkpt lat="45.12171" lon="6.81374">
        <ele>2502.0</ele>
      </trkpt>
      <trkpt lat="45.12174" lon="6.81369">
        <ele>2501.6</ele>
      </trkpt>
      <trkpt lat="45.12175" lon="6.81364">
        <ele>2500.9</ele>
      </trkpt>
      <trkpt lat="45.12175" lon="6.81358">
        <ele>2499.9</ele>
      </trkpt>
      <trkpt lat="45.12172" lon="6.81351">
        <ele>2498.1</ele>
      </trkpt>
      <trkpt lat="45.12156" lon="6.8133">
        <ele>2494.7</ele>
      </trkpt>
      <trkpt lat="45.12151" lon="6.81319">
        <ele>2493.9</ele>
      </trkpt>
      <trkpt lat="45.12148" lon="6.8131">
        <ele>2493.2</ele>
      </trkpt>
      <trkpt lat="45.12145" lon="6.81295">
        <ele>2491.9</ele>
      </trkpt>
      <trkpt lat="45.1214" lon="6.81211">
        <ele>2483.7</ele>
      </trkpt>
      <trkpt lat="45.12136" lon="6.81187">
        <ele>2481.9</ele>
      </trkpt>
      <trkpt lat="45.12134" lon="6.81166">
        <ele>2480.0</ele>
      </trkpt>
      <trkpt lat="45.12135" lon="6.81145">
        <ele>2478.4</ele>
      </trkpt>
      <trkpt lat="45.12136" lon="6.8113">
        <ele>2477.1</ele>
      </trkpt>
      <trkpt lat="45.12139" lon="6.81119">
        <ele>2475.9</ele>
      </trkpt>
      <trkpt lat="45.1214" lon="6.81106">
        <ele>2474.8</ele>
      </trkpt>
      <trkpt lat="45.12141" lon="6.81069">
        <ele>2472.6</ele>
      </trkpt>
      <trkpt lat="45.12143" lon="6.81054">
        <ele>2471.9</ele>
      </trkpt>
      <trkpt lat="45.12147" lon="6.81033">
        <ele>2470.7</ele>
      </trkpt>
      <trkpt lat="45.12163" lon="6.80986">
        <ele>2466.1</ele>
      </trkpt>
      <trkpt lat="45.1217" lon="6.80961">
        <ele>2463.9</ele>
      </trkpt>
      <trkpt lat="45.1218" lon="6.80933">
        <ele>2461.2</ele>
      </trkpt>
      <trkpt lat="45.12188" lon="6.80913">
        <ele>2459.0</ele>
      </trkpt>
      <trkpt lat="45.12188" lon="6.80913">
        <ele>2459.0</ele>
      </trkpt>
      <trkpt lat="45.12203" lon="6.8088">
        <ele>2457.2</ele>
      </trkpt>
      <trkpt lat="45.12238" lon="6.80815">
        <ele>2454.0</ele>
      </trkpt>
      <trkpt lat="45.12243" lon="6.80809">
        <ele>2453.6</ele>
      </trkpt>
      <trkpt lat="45.12257" lon="6.80799">
        <ele>2452.5</ele>
      </trkpt>
      <trkpt lat="45.12286" lon="6.80773">
        <ele>2450.9</ele>
      </trkpt>
      <trkpt lat="45.12311" lon="6.80757">
        <ele>2449.5</ele>
      </trkpt>
      <trkpt lat="45.1232" lon="6.80755">
        <ele>2448.8</ele>
      </trkpt>
      <trkpt lat="45.12326" lon="6.80755">
        <ele>2448.3</ele>
      </trkpt>
      <trkpt lat="45.12334" lon="6.80757">
        <ele>2447.5</ele>
      </trkpt>
      <trkpt lat="45.12341" lon="6.8076">
        <ele>2446.5</ele>
      </trkpt>
      <trkpt lat="45.12356" lon="6.80775">
        <ele>2443.8</ele>
      </trkpt>
      <trkpt lat="45.12363" lon="6.8078">
        <ele>2442.6</ele>
      </trkpt>
      <trkpt lat="45.12371" lon="6.80782">
        <ele>2441.6</ele>
      </trkpt>
      <trkpt lat="45.1238" lon="6.80782">
        <ele>2440.5</ele>
      </trkpt>
      <trkpt lat="45.12387" lon="6.80779">
        <ele>2439.8</ele>
      </trkpt>
      <trkpt lat="45.12395" lon="6.80774">
        <ele>2439.2</ele>
      </trkpt>
      <trkpt lat="45.12401" lon="6.80768">
        <ele>2438.8</ele>
      </trkpt>
      <trkpt lat="45.12412" lon="6.80746">
        <ele>2438.9</ele>
      </trkpt>
      <trkpt lat="45.12416" lon="6.80739">
        <ele>2439.1</ele>
      </trkpt>
      <trkpt lat="45.12424" lon="6.8073">
        <ele>2438.1</ele>
      </trkpt>
      <trkpt lat="45.12434" lon="6.80723">
        <ele>2436.2</ele>
      </trkpt>
      <trkpt lat="45.12461" lon="6.80709">
        <ele>2430.0</ele>
      </trkpt>
      <trkpt lat="45.12477" lon="6.80695">
        <ele>2425.9</ele>
      </trkpt>
      <trkpt lat="45.12481" lon="6.8069">
        <ele>2424.9</ele>
      </trkpt>
      <trkpt lat="45.12481" lon="6.8069">
        <ele>2424.9</ele>
      </trkpt>
      <trkpt lat="45.12486" lon="6.80681">
        <ele>2423.4</ele>
      </trkpt>
      <trkpt lat="45.1249" lon="6.80671">
        <ele>2422.2</ele>
      </trkpt>
      <trkpt lat="45.12497" lon="6.80644">
        <ele>2422.8</ele>
      </trkpt>
      <trkpt lat="45.12501" lon="6.8064">
        <ele>2422.3</ele>
      </trkpt>
      <trkpt lat="45.12516" lon="6.80623">
        <ele>2420.4</ele>
      </trkpt>
      <trkpt lat="45.12519" lon="6.80616">
        <ele>2420.1</ele>
      </trkpt>
      <trkpt lat="45.12521" lon="6.80609">
        <ele>2420.0</ele>
      </trkpt>
      <trkpt lat="45.12521" lon="6.80592">
        <ele>2421.3</ele>
      </trkpt>
      <trkpt lat="45.12522" lon="6.80584">
        <ele>2421.5</ele>
      </trkpt>
      <trkpt lat="45.12524" lon="6.80577">
        <ele>2421.1</ele>
      </trkpt>
      <trkpt lat="45.12527" lon="6.8057">
        <ele>2420.3</ele>
      </trkpt>
      <trkpt lat="45.12532" lon="6.80561">
        <ele>2418.9</ele>
      </trkpt>
      <trkpt lat="45.12559" lon="6.80529">
        <ele>2411.4</ele>
      </trkpt>
      <trkpt lat="45.12565" lon="6.80521">
        <ele>2410.0</ele>
      </trkpt>
      <trkpt lat="45.1257" lon="6.8051">
        <ele>2409.3</ele>
      </trkpt>
      <trkpt lat="45.12573" lon="6.80502">
        <ele>2409.0</ele>
      </trkpt>
      <trkpt lat="45.12576" lon="6.80492">
        <ele>2408.2</ele>
      </trkpt>
      <trkpt lat="45.1258" lon="6.80483">
        <ele>2407.0</ele>
      </trkpt>
      <trkpt lat="45.12601" lon="6.80448">
        <ele>2401.0</ele>
      </trkpt>
      <trkpt lat="45.1261" lon="6.80434">
        <ele>2398.5</ele>
      </trkpt>
      <trkpt lat="45.12627" lon="6.80415">
        <ele>2393.9</ele>
      </trkpt>
      <trkpt lat="45.12637" lon="6.804">
        <ele>2390.4</ele>
      </trkpt>
      <trkpt lat="45.12643" lon="6.80396">
        <ele>2388.5</ele>
      </trkpt>
      <trkpt lat="45.12646" lon="6.80397">
        <ele>2387.6</ele>
      </trkpt>
      <trkpt lat="45.12647" lon="6.80398">
        <ele>2387.4</ele>
      </trkpt>
      <trkpt lat="45.12647" lon="6.80402">
        <ele>2387.6</ele>
      </trkpt>
      <trkpt lat="45.12643" lon="6.80413">
        <ele>2389.3</ele>
      </trkpt>
      <trkpt lat="45.1264" lon="6.80423">
        <ele>2390.3</ele>
      </trkpt>
      <trkpt lat="45.12635" lon="6.8045">
        <ele>2391.2</ele>
      </trkpt>
      <trkpt lat="45.12631" lon="6.8046">
        <ele>2392.2</ele>
      </trkpt>
      <trkpt lat="45.12626" lon="6.80469">
        <ele>2393.6</ele>
      </trkpt>
      <trkpt lat="45.12618" lon="6.80481">
        <ele>2395.8</ele>
      </trkpt>
      <trkpt lat="45.12614" lon="6.80488">
        <ele>2396.9</ele>
      </trkpt>
      <trkpt lat="45.12612" lon="6.80496">
        <ele>2397.4</ele>
      </trkpt>
      <trkpt lat="45.1261" lon="6.80504">
        <ele>2397.8</ele>
      </trkpt>
      <trkpt lat="45.12611" lon="6.80518">
        <ele>2396.8</ele>
      </trkpt>
      <trkpt lat="45.12613" lon="6.80523">
        <ele>2396.1</ele>
      </trkpt>
      <trkpt lat="45.12617" lon="6.80524">
        <ele>2395.0</ele>
      </trkpt>
      <trkpt lat="45.12621" lon="6.80522">
        <ele>2394.0</ele>
      </trkpt>
      <trkpt lat="45.12624" lon="6.80519">
        <ele>2393.3</ele>
      </trkpt>
      <trkpt lat="45.12632" lon="6.80505">
        <ele>2391.3</ele>
      </trkpt>
      <trkpt lat="45.12638" lon="6.80497">
        <ele>2389.6</ele>
      </trkpt>
      <trkpt lat="45.12648" lon="6.80485">
        <ele>2386.9</ele>
      </trkpt>
      <trkpt lat="45.12662" lon="6.80466">
        <ele>2383.2</ele>
      </trkpt>
      <trkpt lat="45.12668" lon="6.80455">
        <ele>2381.8</ele>
      </trkpt>
      <trkpt lat="45.12676" lon="6.80432">
        <ele>2380.1</ele>
      </trkpt>
      <trkpt lat="45.1268" lon="6.80423">
        <ele>2379.0</ele>
      </trkpt>
      <trkpt lat="45.12694" lon="6.80404">
        <ele>2373.9</ele>
      </trkpt>
      <trkpt lat="45.12701" lon="6.80385">
        <ele>2370.4</ele>
      </trkpt>
      <trkpt lat="45.12704" lon="6.80373">
        <ele>2368.7</ele>
      </trkpt>
      <trkpt lat="45.12704" lon="6.80364">
        <ele>2368.0</ele>
      </trkpt>
      <trkpt lat="45.12703" lon="6.80351">
        <ele>2367.4</ele>
      </trkpt>
      <trkpt lat="45.12703" lon="6.80347">
        <ele>2367.1</ele>
      </trkpt>
      <trkpt lat="45.12705" lon="6.80346">
        <ele>2366.4</ele>
      </trkpt>
      <trkpt lat="45.12707" lon="6.80346">
        <ele>2365.8</ele>
      </trkpt>
      <trkpt lat="45.12708" lon="6.80348">
        <ele>2365.7</ele>
      </trkpt>
      <trkpt lat="45.12712" lon="6.80359">
        <ele>2365.2</ele>
      </trkpt>
      <trkpt lat="45.12715" lon="6.80391">
        <ele>2366.7</ele>
      </trkpt>
      <trkpt lat="45.12718" lon="6.80407">
        <ele>2366.9</ele>
      </trkpt>
      <trkpt lat="45.1272" lon="6.80416">
        <ele>2367.0</ele>
      </trkpt>
      <trkpt lat="45.12732" lon="6.80438">
        <ele>2365.5</ele>
      </trkpt>
      <trkpt lat="45.12744" lon="6.80457">
        <ele>2364.7</ele>
      </trkpt>
      <trkpt lat="45.12749" lon="6.80466">
        <ele>2364.7</ele>
      </trkpt>
      <trkpt lat="45.12755" lon="6.80482">
        <ele>2364.8</ele>
      </trkpt>
      <trkpt lat="45.12761" lon="6.80502">
        <ele>2365.6</ele>
      </trkpt>
      <trkpt lat="45.12763" lon="6.80503">
        <ele>2365.0</ele>
      </trkpt>
      <trkpt lat="45.12767" lon="6.80502">
        <ele>2363.6</ele>
      </trkpt>
      <trkpt lat="45.12768" lon="6.80498">
        <ele>2362.6</ele>
      </trkpt>
      <trkpt lat="45.12768" lon="6.80492">
        <ele>2361.7</ele>
      </trkpt>
      <trkpt lat="45.1276" lon="6.80443">
        <ele>2357.4</ele>
      </trkpt>
      <trkpt lat="45.12757" lon="6.80433">
        <ele>2357.2</ele>
      </trkpt>
      <trkpt lat="45.12754" lon="6.80424">
        <ele>2357.2</ele>
      </trkpt>
      <trkpt lat="45.12749" lon="6.80414">
        <ele>2358.1</ele>
      </trkpt>
      <trkpt lat="45.12748" lon="6.8041">
        <ele>2358.1</ele>
      </trkpt>
      <trkpt lat="45.12748" lon="6.80406">
        <ele>2357.8</ele>
      </trkpt>
      <trkpt lat="45.1275" lon="6.80404">
        <ele>2357.1</ele>
      </trkpt>
      <trkpt lat="45.12753" lon="6.80405">
        <ele>2355.7</ele>
      </trkpt>
      <trkpt lat="45.12765" lon="6.80427">
        <ele>2352.9</ele>
      </trkpt>
      <trkpt lat="45.12772" lon="6.80438">
        <ele>2351.7</ele>
      </trkpt>
      <trkpt lat="45.12796" lon="6.80469">
        <ele>2347.6</ele>
      </trkpt>
      <trkpt lat="45.12802" lon="6.80479">
        <ele>2347.3</ele>
      </trkpt>
      <trkpt lat="45.12805" lon="6.80481">
        <ele>2346.7</ele>
      </trkpt>
      <trkpt lat="45.12807" lon="6.80481">
        <ele>2345.9</ele>
      </trkpt>
      <trkpt lat="45.12809" lon="6.8048">
        <ele>2345.0</ele>
      </trkpt>
      <trkpt lat="45.12811" lon="6.80478">
        <ele>2343.9</ele>
      </trkpt>
      <trkpt lat="45.12811" lon="6.80474">
        <ele>2343.0</ele>
      </trkpt>
      <trkpt lat="45.12809" lon="6.80468">
        <ele>2342.5</ele>
      </trkpt>
      <trkpt lat="45.12799" lon="6.80449">
        <ele>2342.6</ele>
      </trkpt>
      <trkpt lat="45.12787" lon="6.80418">
        <ele>2341.8</ele>
      </trkpt>
      <trkpt lat="45.12771" lon="6.80387">
        <ele>2344.3</ele>
      </trkpt>
      <trkpt lat="45.1277" lon="6.80384">
        <ele>2344.4</ele>
      </trkpt>
      <trkpt lat="45.1277" lon="6.8038">
        <ele>2343.8</ele>
      </trkpt>
      <trkpt lat="45.12771" lon="6.80377">
        <ele>2342.8</ele>
      </trkpt>
      <trkpt lat="45.12773" lon="6.80377">
        <ele>2341.6</ele>
      </trkpt>
      <trkpt lat="45.12775" lon="6.80378">
        <ele>2340.6</ele>
      </trkpt>
      <trkpt lat="45.12784" lon="6.80392">
        <ele>2338.1</ele>
      </trkpt>
      <trkpt lat="45.12814" lon="6.80424">
        <ele>2331.2</ele>
      </trkpt>
      <trkpt lat="45.12822" lon="6.80431">
        <ele>2329.3</ele>
      </trkpt>
      <trkpt lat="45.12839" lon="6.80443">
        <ele>2325.2</ele>
      </trkpt>
      <trkpt lat="45.12843" lon="6.80447">
        <ele>2324.7</ele>
      </trkpt>
      <trkpt lat="45.12845" lon="6.80449">
        <ele>2324.4</ele>
      </trkpt>
      <trkpt lat="45.12847" lon="6.80448">
        <ele>2323.4</ele>
      </trkpt>
      <trkpt lat="45.12848" lon="6.80447">
        <ele>2322.8</ele>
      </trkpt>
      <trkpt lat="45.12848" lon="6.80441">
        <ele>2321.5</ele>
      </trkpt>
      <trkpt lat="45.12847" lon="6.80438">
        <ele>2321.2</ele>
      </trkpt>
      <trkpt lat="45.1283" lon="6.8042">
        <ele>2323.3</ele>
      </trkpt>
      <trkpt lat="45.12825" lon="6.80414">
        <ele>2323.8</ele>
      </trkpt>
      <trkpt lat="45.12822" lon="6.80406">
        <ele>2322.5</ele>
      </trkpt>
      <trkpt lat="45.12818" lon="6.80393">
        <ele>2320.3</ele>
      </trkpt>
      <trkpt lat="45.12814" lon="6.80382">
        <ele>2319.1</ele>
      </trkpt>
      <trkpt lat="45.12808" lon="6.8037">
        <ele>2319.1</ele>
      </trkpt>
      <trkpt lat="45.12794" lon="6.80345">
        <ele>2322.0</ele>
      </trkpt>
      <trkpt lat="45.12792" lon="6.80337">
        <ele>2321.6</ele>
      </trkpt>
      <trkpt lat="45.12793" lon="6.80334">
        <ele>2320.2</ele>
      </trkpt>
      <trkpt lat="45.12795" lon="6.80333">
        <ele>2318.4</ele>
      </trkpt>
      <trkpt lat="45.12797" lon="6.80334">
        <ele>2317.2</ele>
      </trkpt>
      <trkpt lat="45.12805" lon="6.80347">
        <ele>2314.8</ele>
      </trkpt>
      <trkpt lat="45.12811" lon="6.80354">
        <ele>2312.6</ele>
      </trkpt>
      <trkpt lat="45.1285" lon="6.8039">
        <ele>2305.9</ele>
      </trkpt>
      <trkpt lat="45.12854" lon="6.80395">
        <ele>2306.4</ele>
      </trkpt>
      <trkpt lat="45.12858" lon="6.80398">
        <ele>2306.2</ele>
      </trkpt>
      <trkpt lat="45.1286" lon="6.80398">
        <ele>2305.5</ele>
      </trkpt>
      <trkpt lat="45.12862" lon="6.80397">
        <ele>2304.5</ele>
      </trkpt>
      <trkpt lat="45.12863" lon="6.80394">
        <ele>2303.2</ele>
      </trkpt>
      <trkpt lat="45.12863" lon="6.8039">
        <ele>2301.8</ele>
      </trkpt>
      <trkpt lat="45.12861" lon="6.80387">
        <ele>2301.4</ele>
      </trkpt>
      <trkpt lat="45.1285" lon="6.80375">
        <ele>2300.5</ele>
      </trkpt>
      <trkpt lat="45.1282" lon="6.80334">
        <ele>2300.1</ele>
      </trkpt>
      <trkpt lat="45.12818" lon="6.80329">
        <ele>2300.5</ele>
      </trkpt>
      <trkpt lat="45.12811" lon="6.80307">
        <ele>2300.9</ele>
      </trkpt>
      <trkpt lat="45.12804" lon="6.80296">
        <ele>2303.6</ele>
      </trkpt>
      <trkpt lat="45.12804" lon="6.80293">
        <ele>2302.9</ele>
      </trkpt>
      <trkpt lat="45.12805" lon="6.80291">
        <ele>2301.8</ele>
      </trkpt>
      <trkpt lat="45.12807" lon="6.8029">
        <ele>2300.1</ele>
      </trkpt>
      <trkpt lat="45.1281" lon="6.80292">
        <ele>2298.4</ele>
      </trkpt>
      <trkpt lat="45.12814" lon="6.80296">
        <ele>2296.4</ele>
      </trkpt>
      <trkpt lat="45.12827" lon="6.80318">
        <ele>2291.5</ele>
      </trkpt>
      <trkpt lat="45.12833" lon="6.80324">
        <ele>2288.3</ele>
      </trkpt>
      <trkpt lat="45.1284" lon="6.80329">
        <ele>2287.3</ele>
      </trkpt>
      <trkpt lat="45.12855" lon="6.80336">
        <ele>2285.2</ele>
      </trkpt>
      <trkpt lat="45.12874" lon="6.80347">
        <ele>2283.9</ele>
      </trkpt>
      <trkpt lat="45.1289" lon="6.8036">
        <ele>2283.7</ele>
      </trkpt>
      <trkpt lat="45.12893" lon="6.80359">
        <ele>2282.5</ele>
      </trkpt>
      <trkpt lat="45.12895" lon="6.80358">
        <ele>2281.6</ele>
      </trkpt>
      <trkpt lat="45.12896" lon="6.80356">
        <ele>2280.7</ele>
      </trkpt>
      <trkpt lat="45.12896" lon="6.80352">
        <ele>2279.4</ele>
      </trkpt>
      <trkpt lat="45.12893" lon="6.80348">
        <ele>2279.0</ele>
      </trkpt>
      <trkpt lat="45.1289" lon="6.80344">
        <ele>2278.5</ele>
      </trkpt>
      <trkpt lat="45.12877" lon="6.80335">
        <ele>2279.0</ele>
      </trkpt>
      <trkpt lat="45.12864" lon="6.80321">
        <ele>2278.7</ele>
      </trkpt>
      <trkpt lat="45.12843" lon="6.80296">
        <ele>2279.2</ele>
      </trkpt>
      <trkpt lat="45.12838" lon="6.80288">
        <ele>2279.1</ele>
      </trkpt>
      <trkpt lat="45.1283" lon="6.80269">
        <ele>2279.2</ele>
      </trkpt>
      <trkpt lat="45.12825" lon="6.80262">
        <ele>2281.3</ele>
      </trkpt>
      <trkpt lat="45.12815" lon="6.80247">
        <ele>2285.7</ele>
      </trkpt>
      <trkpt lat="45.12812" lon="6.80241">
        <ele>2287.7</ele>
      </trkpt>
      <trkpt lat="45.12812" lon="6.80235">
        <ele>2287.5</ele>
      </trkpt>
      <trkpt lat="45.12812" lon="6.80229">
        <ele>2287.4</ele>
      </trkpt>
      <trkpt lat="45.12814" lon="6.80224">
        <ele>2285.9</ele>
      </trkpt>
      <trkpt lat="45.12816" lon="6.80219">
        <ele>2284.5</ele>
      </trkpt>
      <trkpt lat="45.12822" lon="6.80213">
        <ele>2280.5</ele>
      </trkpt>
      <trkpt lat="45.12837" lon="6.80204">
        <ele>2271.4</ele>
      </trkpt>
      <trkpt lat="45.12846" lon="6.80196">
        <ele>2267.3</ele>
      </trkpt>
      <trkpt lat="45.12853" lon="6.80189">
        <ele>2264.0</ele>
      </trkpt>
      <trkpt lat="45.12857" lon="6.80183">
        <ele>2262.1</ele>
      </trkpt>
      <trkpt lat="45.1286" lon="6.80175">
        <ele>2260.6</ele>
      </trkpt>
      <trkpt lat="45.12863" lon="6.80163">
        <ele>2259.6</ele>
      </trkpt>
      <trkpt lat="45.12863" lon="6.80152">
        <ele>2260.9</ele>
      </trkpt>
      <trkpt lat="45.12863" lon="6.80141">
        <ele>2262.3</ele>
      </trkpt>
      <trkpt lat="45.12861" lon="6.80121">
        <ele>2265.7</ele>
      </trkpt>
      <trkpt lat="45.12861" lon="6.80111">
        <ele>2267.0</ele>
      </trkpt>
      <trkpt lat="45.12862" lon="6.80105">
        <ele>2267.2</ele>
      </trkpt>
      <trkpt lat="45.12862" lon="6.80105">
        <ele>2267.2</ele>
      </trkpt>
      <trkpt lat="45.12867" lon="6.80098">
        <ele>2265.6</ele>
      </trkpt>
      <trkpt lat="45.12876" lon="6.8009">
        <ele>2262.2</ele>
      </trkpt>
      <trkpt lat="45.12909" lon="6.80039">
        <ele>2253.2</ele>
      </trkpt>
      <trkpt lat="45.12913" lon="6.80031">
        <ele>2252.4</ele>
      </trkpt>
      <trkpt lat="45.12918" lon="6.80017">
        <ele>2251.8</ele>
      </trkpt>
      <trkpt lat="45.12925" lon="6.79987">
        <ele>2253.0</ele>
      </trkpt>
      <trkpt lat="45.12927" lon="6.79984">
        <ele>2252.5</ele>
      </trkpt>
      <trkpt lat="45.12929" lon="6.79984">
        <ele>2251.2</ele>
      </trkpt>
      <trkpt lat="45.12931" lon="6.79985">
        <ele>2249.7</ele>
      </trkpt>
      <trkpt lat="45.12931" lon="6.79988">
        <ele>2249.0</ele>
      </trkpt>
      <trkpt lat="45.1293" lon="6.79997">
        <ele>2247.5</ele>
      </trkpt>
      <trkpt lat="45.12927" lon="6.80032">
        <ele>2244.7</ele>
      </trkpt>
      <trkpt lat="45.12922" lon="6.80067">
        <ele>2242.8</ele>
      </trkpt>
      <trkpt lat="45.12921" lon="6.80101">
        <ele>2239.2</ele>
      </trkpt>
      <trkpt lat="45.12919" lon="6.8011">
        <ele>2239.1</ele>
      </trkpt>
      <trkpt lat="45.12915" lon="6.80124">
        <ele>2239.4</ele>
      </trkpt>
      <trkpt lat="45.12916" lon="6.80131">
        <ele>2238.2</ele>
      </trkpt>
      <trkpt lat="45.12918" lon="6.80133">
        <ele>2237.1</ele>
      </trkpt>
      <trkpt lat="45.12921" lon="6.80133">
        <ele>2235.9</ele>
      </trkpt>
      <trkpt lat="45.12933" lon="6.80104">
        <ele>2233.9</ele>
      </trkpt>
      <trkpt lat="45.12937" lon="6.80089">
        <ele>2233.5</ele>
      </trkpt>
      <trkpt lat="45.12944" lon="6.80057">
        <ele>2233.2</ele>
      </trkpt>
      <trkpt lat="45.12946" lon="6.80047">
        <ele>2233.1</ele>
      </trkpt>
      <trkpt lat="45.12957" lon="6.80013">
        <ele>2229.5</ele>
      </trkpt>
      <trkpt lat="45.12967" lon="6.79977">
        <ele>2228.5</ele>
      </trkpt>
      <trkpt lat="45.12974" lon="6.79959">
        <ele>2227.2</ele>
      </trkpt>
      <trkpt lat="45.12976" lon="6.79951">
        <ele>2227.3</ele>
      </trkpt>
      <trkpt lat="45.12981" lon="6.79927">
        <ele>2227.9</ele>
      </trkpt>
      <trkpt lat="45.12982" lon="6.79925">
        <ele>2227.6</ele>
      </trkpt>
      <trkpt lat="45.12984" lon="6.79925">
        <ele>2226.1</ele>
      </trkpt>
      <trkpt lat="45.12986" lon="6.79927">
        <ele>2224.4</ele>
      </trkpt>
      <trkpt lat="45.12986" lon="6.7993">
        <ele>2223.9</ele>
      </trkpt>
      <trkpt lat="45.12982" lon="6.79973">
        <ele>2219.5</ele>
      </trkpt>
      <trkpt lat="45.12981" lon="6.79985">
        <ele>2218.2</ele>
      </trkpt>
      <trkpt lat="45.12982" lon="6.8005">
        <ele>2214.4</ele>
      </trkpt>
      <trkpt lat="45.12984" lon="6.80061">
        <ele>2213.3</ele>
      </trkpt>
      <trkpt lat="45.12996" lon="6.80107">
        <ele>2207.1</ele>
      </trkpt>
      <trkpt lat="45.12999" lon="6.8012">
        <ele>2205.5</ele>
      </trkpt>
      <trkpt lat="45.13" lon="6.80131">
        <ele>2204.9</ele>
      </trkpt>
      <trkpt lat="45.13001" lon="6.80189">
        <ele>2202.4</ele>
      </trkpt>
      <trkpt lat="45.12997" lon="6.80214">
        <ele>2202.4</ele>
      </trkpt>
      <trkpt lat="45.12998" lon="6.80218">
        <ele>2201.8</ele>
      </trkpt>
      <trkpt lat="45.12999" lon="6.80221">
        <ele>2201.2</ele>
      </trkpt>
      <trkpt lat="45.13001" lon="6.80222">
        <ele>2200.4</ele>
      </trkpt>
      <trkpt lat="45.13004" lon="6.80222">
        <ele>2199.6</ele>
      </trkpt>
      <trkpt lat="45.13006" lon="6.80219">
        <ele>2199.3</ele>
      </trkpt>
      <trkpt lat="45.13008" lon="6.80214">
        <ele>2199.1</ele>
      </trkpt>
      <trkpt lat="45.13029" lon="6.80155">
        <ele>2196.1</ele>
      </trkpt>
      <trkpt lat="45.13035" lon="6.80137">
        <ele>2194.5</ele>
      </trkpt>
      <trkpt lat="45.1304" lon="6.80115">
        <ele>2193.0</ele>
      </trkpt>
      <trkpt lat="45.13042" lon="6.80098">
        <ele>2192.4</ele>
      </trkpt>
      <trkpt lat="45.13042" lon="6.80079">
        <ele>2192.3</ele>
      </trkpt>
      <trkpt lat="45.13041" lon="6.80065">
        <ele>2192.2</ele>
      </trkpt>
      <trkpt lat="45.13037" lon="6.80027">
        <ele>2192.4</ele>
      </trkpt>
      <trkpt lat="45.13037" lon="6.80012">
        <ele>2191.9</ele>
      </trkpt>
      <trkpt lat="45.1304" lon="6.8">
        <ele>2190.6</ele>
      </trkpt>
      <trkpt lat="45.13059" lon="6.7995">
        <ele>2187.6</ele>
      </trkpt>
      <trkpt lat="45.13066" lon="6.79927">
        <ele>2186.1</ele>
      </trkpt>
      <trkpt lat="45.13073" lon="6.79907">
        <ele>2184.8</ele>
      </trkpt>
      <trkpt lat="45.13081" lon="6.79892">
        <ele>2183.0</ele>
      </trkpt>
      <trkpt lat="45.13106" lon="6.79848">
        <ele>2178.9</ele>
      </trkpt>
      <trkpt lat="45.13106" lon="6.79848">
        <ele>2178.9</ele>
      </trkpt>
      <trkpt lat="45.13118" lon="6.79813">
        <ele>2179.1</ele>
      </trkpt>
      <trkpt lat="45.13123" lon="6.79802">
        <ele>2178.9</ele>
      </trkpt>
      <trkpt lat="45.13139" lon="6.79781">
        <ele>2175.4</ele>
      </trkpt>
      <trkpt lat="45.13154" lon="6.79754">
        <ele>2172.4</ele>
      </trkpt>
      <trkpt lat="45.13163" lon="6.79746">
        <ele>2169.1</ele>
      </trkpt>
      <trkpt lat="45.13174" lon="6.79739">
        <ele>2166.2</ele>
      </trkpt>
      <trkpt lat="45.13193" lon="6.7973">
        <ele>2162.4</ele>
      </trkpt>
      <trkpt lat="45.13203" lon="6.79723">
        <ele>2160.7</ele>
      </trkpt>
      <trkpt lat="45.13233" lon="6.79693">
        <ele>2156.8</ele>
      </trkpt>
      <trkpt lat="45.13245" lon="6.79677">
        <ele>2155.9</ele>
      </trkpt>
      <trkpt lat="45.1327" lon="6.79641">
        <ele>2155.5</ele>
      </trkpt>
      <trkpt lat="45.13277" lon="6.79631">
        <ele>2155.4</ele>
      </trkpt>
      <trkpt lat="45.13285" lon="6.79625">
        <ele>2154.7</ele>
      </trkpt>
      <trkpt lat="45.13304" lon="6.79616">
        <ele>2152.4</ele>
      </trkpt>
      <trkpt lat="45.13326" lon="6.79599">
        <ele>2150.4</ele>
      </trkpt>
      <trkpt lat="45.13337" lon="6.79588">
        <ele>2150.1</ele>
      </trkpt>
      <trkpt lat="45.13354" lon="6.79564">
        <ele>2149.6</ele>
      </trkpt>
      <trkpt lat="45.13373" lon="6.79505">
        <ele>2150.0</ele>
      </trkpt>
      <trkpt lat="45.13383" lon="6.79482">
        <ele>2149.0</ele>
      </trkpt>
      <trkpt lat="45.13408" lon="6.79429">
        <ele>2142.7</ele>
      </trkpt>
      <trkpt lat="45.13421" lon="6.7939">
        <ele>2139.2</ele>
      </trkpt>
      <trkpt lat="45.13427" lon="6.79369">
        <ele>2139.2</ele>
      </trkpt>
      <trkpt lat="45.13429" lon="6.79357">
        <ele>2138.7</ele>
      </trkpt>
      <trkpt lat="45.1343" lon="6.79317">
        <ele>2135.7</ele>
      </trkpt>
      <trkpt lat="45.13432" lon="6.79309">
        <ele>2136.0</ele>
      </trkpt>
      <trkpt lat="45.13434" lon="6.79303">
        <ele>2136.3</ele>
      </trkpt>
      <trkpt lat="45.13438" lon="6.79298">
        <ele>2136.6</ele>
      </trkpt>
      <trkpt lat="45.1344" lon="6.79297">
        <ele>2136.7</ele>
      </trkpt>
      <trkpt lat="45.13445" lon="6.79296">
        <ele>2137.0</ele>
      </trkpt>
      <trkpt lat="45.13448" lon="6.79294">
        <ele>2137.2</ele>
      </trkpt>
      <trkpt lat="45.13452" lon="6.79287">
        <ele>2137.6</ele>
      </trkpt>
      <trkpt lat="45.13456" lon="6.79276">
        <ele>2138.2</ele>
      </trkpt>
      <trkpt lat="45.13459" lon="6.79262">
        <ele>2137.3</ele>
      </trkpt>
      <trkpt lat="45.13467" lon="6.79213">
        <ele>2134.5</ele>
      </trkpt>
      <trkpt lat="45.1347" lon="6.79202">
        <ele>2133.7</ele>
      </trkpt>
      <trkpt lat="45.13474" lon="6.79191">
        <ele>2132.8</ele>
      </trkpt>
      <trkpt lat="45.1351" lon="6.7913">
        <ele>2127.4</ele>
      </trkpt>
      <trkpt lat="45.13524" lon="6.79111">
        <ele>2129.2</ele>
      </trkpt>
      <trkpt lat="45.13538" lon="6.79095">
        <ele>2131.0</ele>
      </trkpt>
      <trkpt lat="45.13547" lon="6.79075">
        <ele>2130.1</ele>
      </trkpt>
      <trkpt lat="45.13552" lon="6.79061">
        <ele>2128.7</ele>
      </trkpt>
      <trkpt lat="45.1356" lon="6.79046">
        <ele>2127.0</ele>
      </trkpt>
      <trkpt lat="45.13568" lon="6.79033">
        <ele>2124.9</ele>
      </trkpt>
      <trkpt lat="45.13598" lon="6.78996">
        <ele>2120.4</ele>
      </trkpt>
      <trkpt lat="45.13607" lon="6.78982">
        <ele>2120.5</ele>
      </trkpt>
      <trkpt lat="45.13624" lon="6.78951">
        <ele>2119.2</ele>
      </trkpt>
      <trkpt lat="45.13644" lon="6.78923">
        <ele>2118.8</ele>
      </trkpt>
      <trkpt lat="45.13652" lon="6.78909">
        <ele>2117.7</ele>
      </trkpt>
      <trkpt lat="45.13659" lon="6.78894">
        <ele>2115.7</ele>
      </trkpt>
      <trkpt lat="45.13692" lon="6.78837">
        <ele>2111.9</ele>
      </trkpt>
      <trkpt lat="45.13703" lon="6.78816">
        <ele>2111.1</ele>
      </trkpt>
      <trkpt lat="45.13716" lon="6.78788">
        <ele>2108.6</ele>
      </trkpt>
      <trkpt lat="45.13731" lon="6.7876">
        <ele>2105.8</ele>
      </trkpt>
      <trkpt lat="45.13758" lon="6.78714">
        <ele>2103.4</ele>
      </trkpt>
      <trkpt lat="45.13762" lon="6.78705">
        <ele>2102.9</ele>
      </trkpt>
      <trkpt lat="45.13782" lon="6.78648">
        <ele>2099.4</ele>
      </trkpt>
      <trkpt lat="45.13784" lon="6.78636">
        <ele>2098.4</ele>
      </trkpt>
      <trkpt lat="45.13785" lon="6.78606">
        <ele>2094.0</ele>
      </trkpt>
      <trkpt lat="45.13786" lon="6.78593">
        <ele>2092.3</ele>
      </trkpt>
      <trkpt lat="45.13795" lon="6.78555">
        <ele>2089.6</ele>
      </trkpt>
      <trkpt lat="45.13796" lon="6.78549">
        <ele>2089.0</ele>
      </trkpt>
      <trkpt lat="45.13795" lon="6.78538">
        <ele>2086.8</ele>
      </trkpt>
      <trkpt lat="45.13796" lon="6.78531">
        <ele>2086.0</ele>
      </trkpt>
      <trkpt lat="45.13803" lon="6.78486">
        <ele>2080.3</ele>
      </trkpt>
      <trkpt lat="45.13805" lon="6.78476">
        <ele>2079.0</ele>
      </trkpt>
      <trkpt lat="45.13811" lon="6.78463">
        <ele>2078.0</ele>
      </trkpt>
      <trkpt lat="45.13824" lon="6.78444">
        <ele>2076.7</ele>
      </trkpt>
      <trkpt lat="45.13829" lon="6.78437">
        <ele>2076.1</ele>
      </trkpt>
      <trkpt lat="45.13841" lon="6.7843">
        <ele>2078.1</ele>
      </trkpt>
      <trkpt lat="45.13859" lon="6.78425">
        <ele>2083.6</ele>
      </trkpt>
      <trkpt lat="45.13865" lon="6.78419">
        <ele>2084.4</ele>
      </trkpt>
      <trkpt lat="45.13865" lon="6.78419">
        <ele>2084.4</ele>
      </trkpt>
      <trkpt lat="45.13867" lon="6.78414">
        <ele>2084.0</ele>
      </trkpt>
      <trkpt lat="45.13867" lon="6.78409">
        <ele>2083.0</ele>
      </trkpt>
      <trkpt lat="45.1386" lon="6.7839">
        <ele>2076.7</ele>
      </trkpt>
      <trkpt lat="45.13858" lon="6.78384">
        <ele>2074.7</ele>
      </trkpt>
      <trkpt lat="45.13858" lon="6.7838">
        <ele>2074.0</ele>
      </trkpt>
      <trkpt lat="45.1386" lon="6.78362">
        <ele>2071.2</ele>
      </trkpt>
      <trkpt lat="45.13862" lon="6.78353">
        <ele>2070.2</ele>
      </trkpt>
      <trkpt lat="45.13868" lon="6.78338">
        <ele>2069.6</ele>
      </trkpt>
      <trkpt lat="45.13874" lon="6.78325">
        <ele>2069.7</ele>
      </trkpt>
      <trkpt lat="45.13883" lon="6.7831">
        <ele>2070.7</ele>
      </trkpt>
      <trkpt lat="45.13901" lon="6.78292">
        <ele>2074.5</ele>
      </trkpt>
      <trkpt lat="45.13903" lon="6.78287">
        <ele>2074.4</ele>
      </trkpt>
      <trkpt lat="45.13903" lon="6.78287">
        <ele>2074.4</ele>
      </trkpt>
      <trkpt lat="45.13904" lon="6.78278">
        <ele>2073.2</ele>
      </trkpt>
      <trkpt lat="45.13901" lon="6.78248">
        <ele>2066.9</ele>
      </trkpt>
      <trkpt lat="45.139" lon="6.78229">
        <ele>2064.3</ele>
      </trkpt>
      <trkpt lat="45.139" lon="6.78229">
        <ele>2064.3</ele>
      </trkpt>
      <trkpt lat="45.13901" lon="6.78215">
        <ele>2063.1</ele>
      </trkpt>
      <trkpt lat="45.13902" lon="6.78202">
        <ele>2061.9</ele>
      </trkpt>
      <trkpt lat="45.13902" lon="6.78189">
        <ele>2060.4</ele>
      </trkpt>
      <trkpt lat="45.13901" lon="6.78167">
        <ele>2057.4</ele>
      </trkpt>
      <trkpt lat="45.13902" lon="6.7814">
        <ele>2053.4</ele>
      </trkpt>
      <trkpt lat="45.13905" lon="6.78103">
        <ele>2048.3</ele>
      </trkpt>
      <trkpt lat="45.13907" lon="6.78094">
        <ele>2047.5</ele>
      </trkpt>
      <trkpt lat="45.13916" lon="6.78074">
        <ele>2046.9</ele>
      </trkpt>
      <trkpt lat="45.13915" lon="6.7807">
        <ele>2045.8</ele>
      </trkpt>
      <trkpt lat="45.13914" lon="6.78066">
        <ele>2044.6</ele>
      </trkpt>
      <trkpt lat="45.13911" lon="6.78065">
        <ele>2043.5</ele>
      </trkpt>
      <trkpt lat="45.13908" lon="6.78068">
        <ele>2043.1</ele>
      </trkpt>
      <trkpt lat="45.13903" lon="6.7808">
        <ele>2043.8</ele>
      </trkpt>
      <trkpt lat="45.13895" lon="6.78102">
        <ele>2044.7</ele>
      </trkpt>
      <trkpt lat="45.13884" lon="6.78138">
        <ele>2046.7</ele>
      </trkpt>
      <trkpt lat="45.13879" lon="6.78154">
        <ele>2047.5</ele>
      </trkpt>
      <trkpt lat="45.13874" lon="6.78165">
        <ele>2047.4</ele>
      </trkpt>
      <trkpt lat="45.13871" lon="6.7817">
        <ele>2046.9</ele>
      </trkpt>
      <trkpt lat="45.13864" lon="6.78174">
        <ele>2044.9</ele>
      </trkpt>
      <trkpt lat="45.13852" lon="6.78176">
        <ele>2040.8</ele>
      </trkpt>
      <trkpt lat="45.1383" lon="6.78173">
        <ele>2033.6</ele>
      </trkpt>
      <trkpt lat="45.13824" lon="6.78174">
        <ele>2033.6</ele>
      </trkpt>
      <trkpt lat="45.13818" lon="6.78177">
        <ele>2033.8</ele>
      </trkpt>
      <trkpt lat="45.13806" lon="6.78186">
        <ele>2034.6</ele>
      </trkpt>
      <trkpt lat="45.138" lon="6.78189">
        <ele>2034.8</ele>
      </trkpt>
      <trkpt lat="45.13797" lon="6.78188">
        <ele>2034.7</ele>
      </trkpt>
      <trkpt lat="45.13795" lon="6.78185">
        <ele>2034.3</ele>
      </trkpt>
      <trkpt lat="45.13795" lon="6.78179">
        <ele>2033.5</ele>
      </trkpt>
      <trkpt lat="45.13796" lon="6.78172">
        <ele>2032.7</ele>
      </trkpt>
      <trkpt lat="45.138" lon="6.78161">
        <ele>2031.7</ele>
      </trkpt>
      <trkpt lat="45.13806" lon="6.7815">
        <ele>2030.6</ele>
      </trkpt>
      <trkpt lat="45.13806" lon="6.7815">
        <ele>2030.6</ele>
      </trkpt>
      <trkpt lat="45.13817" lon="6.78138">
        <ele>2029.2</ele>
      </trkpt>
      <trkpt lat="45.13829" lon="6.78127">
        <ele>2027.4</ele>
      </trkpt>
      <trkpt lat="45.13845" lon="6.78111">
        <ele>2029.0</ele>
      </trkpt>
      <trkpt lat="45.13852" lon="6.78099">
        <ele>2029.6</ele>
      </trkpt>
      <trkpt lat="45.13855" lon="6.78091">
        <ele>2029.4</ele>
      </trkpt>
      <trkpt lat="45.13859" lon="6.78076">
        <ele>2028.7</ele>
      </trkpt>
      <trkpt lat="45.13861" lon="6.78048">
        <ele>2025.6</ele>
      </trkpt>
      <trkpt lat="45.13864" lon="6.78033">
        <ele>2024.5</ele>
      </trkpt>
      <trkpt lat="45.13867" lon="6.78022">
        <ele>2023.7</ele>
      </trkpt>
      <trkpt lat="45.13883" lon="6.77974">
        <ele>2021.2</ele>
      </trkpt>
      <trkpt lat="45.13892" lon="6.77931">
        <ele>2016.9</ele>
      </trkpt>
      <trkpt lat="45.13892" lon="6.77921">
        <ele>2015.5</ele>
      </trkpt>
      <trkpt lat="45.13885" lon="6.77852">
        <ele>2010.5</ele>
      </trkpt>
      <trkpt lat="45.13885" lon="6.77807">
        <ele>2009.3</ele>
      </trkpt>
      <trkpt lat="45.13885" lon="6.77798">
        <ele>2009.3</ele>
      </trkpt>
      <trkpt lat="45.13881" lon="6.77784">
        <ele>2009.0</ele>
      </trkpt>
      <trkpt lat="45.13868" lon="6.77755">
        <ele>2007.9</ele>
      </trkpt>
      <trkpt lat="45.13863" lon="6.77746">
        <ele>2007.6</ele>
      </trkpt>
      <trkpt lat="45.13857" lon="6.77739">
        <ele>2007.3</ele>
      </trkpt>
      <trkpt lat="45.13843" lon="6.77729">
        <ele>2006.8</ele>
      </trkpt>
      <trkpt lat="45.13841" lon="6.77725">
        <ele>2006.9</ele>
      </trkpt>
      <trkpt lat="45.13839" lon="6.77713">
        <ele>2007.4</ele>
      </trkpt>
      <trkpt lat="45.13838" lon="6.77681">
        <ele>2009.1</ele>
      </trkpt>
      <trkpt lat="45.13838" lon="6.77654">
        <ele>2010.1</ele>
      </trkpt>
      <trkpt lat="45.13841" lon="6.77623">
        <ele>2010.4</ele>
      </trkpt>
      <trkpt lat="45.13851" lon="6.77557">
        <ele>2009.8</ele>
      </trkpt>
      <trkpt lat="45.13851" lon="6.77541">
        <ele>2010.0</ele>
      </trkpt>
      <trkpt lat="45.13851" lon="6.77516">
        <ele>2010.1</ele>
      </trkpt>
      <trkpt lat="45.13848" lon="6.77491">
        <ele>2010.9</ele>
      </trkpt>
      <trkpt lat="45.13846" lon="6.77432">
        <ele>2012.8</ele>
      </trkpt>
      <trkpt lat="45.13838" lon="6.77332">
        <ele>2013.4</ele>
      </trkpt>
      <trkpt lat="45.13837" lon="6.77302">
        <ele>2013.3</ele>
      </trkpt>
      <trkpt lat="45.1384" lon="6.77231">
        <ele>2011.1</ele>
      </trkpt>
      <trkpt lat="45.13844" lon="6.77159">
        <ele>2008.0</ele>
      </trkpt>
      <trkpt lat="45.13843" lon="6.77125">
        <ele>2006.4</ele>
      </trkpt>
      <trkpt lat="45.1384" lon="6.77075">
        <ele>2003.9</ele>
      </trkpt>
      <trkpt lat="45.13832" lon="6.77007">
        <ele>1996.9</ele>
      </trkpt>
      <trkpt lat="45.13827" lon="6.76988">
        <ele>1996.2</ele>
      </trkpt>
      <trkpt lat="45.13816" lon="6.76961">
        <ele>1996.8</ele>
      </trkpt>
      <trkpt lat="45.13805" lon="6.76934">
        <ele>1997.0</ele>
      </trkpt>
      <trkpt lat="45.1379" lon="6.7691">
        <ele>1999.3</ele>
      </trkpt>
      <trkpt lat="45.13742" lon="6.76838">
        <ele>1998.9</ele>
      </trkpt>
      <trkpt lat="45.13694" lon="6.76767">
        <ele>1999.1</ele>
      </trkpt>
      <trkpt lat="45.13678" lon="6.76748">
        <ele>1998.8</ele>
      </trkpt>
      <trkpt lat="45.13661" lon="6.76732">
        <ele>2000.0</ele>
      </trkpt>
      <trkpt lat="45.13644" lon="6.76707">
        <ele>1997.3</ele>
      </trkpt>
      <trkpt lat="45.13638" lon="6.76701">
        <ele>1997.2</ele>
      </trkpt>
      <trkpt lat="45.13631" lon="6.76696">
        <ele>1997.7</ele>
      </trkpt>
      <trkpt lat="45.13605" lon="6.7669">
        <ele>2003.7</ele>
      </trkpt>
      <trkpt lat="45.13594" lon="6.76684">
        <ele>2005.0</ele>
      </trkpt>
      <trkpt lat="45.13585" lon="6.76674">
        <ele>2004.1</ele>
      </trkpt>
      <trkpt lat="45.13553" lon="6.76634">
        <ele>1997.2</ele>
      </trkpt>
      <trkpt lat="45.13546" lon="6.76628">
        <ele>1996.5</ele>
      </trkpt>
      <trkpt lat="45.13536" lon="6.76623">
        <ele>1996.6</ele>
      </trkpt>
      <trkpt lat="45.13511" lon="6.76616">
        <ele>1998.5</ele>
      </trkpt>
      <trkpt lat="45.13427" lon="6.76602">
        <ele>2000.2</ele>
      </trkpt>
      <trkpt lat="45.13386" lon="6.76589">
        <ele>1992.8</ele>
      </trkpt>
      <trkpt lat="45.13356" lon="6.76587">
        <ele>1988.3</ele>
      </trkpt>
      <trkpt lat="45.13344" lon="6.76589">
        <ele>1987.4</ele>
      </trkpt>
      <trkpt lat="45.13335" lon="6.76591">
        <ele>1987.0</ele>
      </trkpt>
      <trkpt lat="45.13325" lon="6.76597">
        <ele>1988.5</ele>
      </trkpt>
      <trkpt lat="45.13284" lon="6.76634">
        <ele>2000.0</ele>
      </trkpt>
      <trkpt lat="45.13277" lon="6.76639">
        <ele>2001.6</ele>
      </trkpt>
      <trkpt lat="45.13271" lon="6.76641">
        <ele>2002.1</ele>
      </trkpt>
      <trkpt lat="45.13263" lon="6.76642">
        <ele>2002.1</ele>
      </trkpt>
      <trkpt lat="45.13241" lon="6.76642">
        <ele>2001.9</ele>
      </trkpt>
      <trkpt lat="45.13206" lon="6.76643">
        <ele>2003.7</ele>
      </trkpt>
      <trkpt lat="45.13154" lon="6.76631">
        <ele>1999.8</ele>
      </trkpt>
      <trkpt lat="45.13137" lon="6.7663">
        <ele>1998.4</ele>
      </trkpt>
      <trkpt lat="45.13119" lon="6.76633">
        <ele>1998.7</ele>
      </trkpt>
      <trkpt lat="45.13102" lon="6.76636">
        <ele>1999.2</ele>
      </trkpt>
      <trkpt lat="45.13089" lon="6.76641">
        <ele>2000.9</ele>
      </trkpt>
      <trkpt lat="45.13075" lon="6.7665">
        <ele>2003.2</ele>
      </trkpt>
      <trkpt lat="45.13075" lon="6.7665">
        <ele>2003.2</ele>
      </trkpt>
      <trkpt lat="45.13075" lon="6.7665">
        <ele>2003.2</ele>
      </trkpt>
      <trkpt lat="45.13018" lon="6.76685">
        <ele>2006.1</ele>
      </trkpt>
      <trkpt lat="45.13004" lon="6.7669">
        <ele>2005.2</ele>
      </trkpt>
      <trkpt lat="45.12989" lon="6.76694">
        <ele>2004.6</ele>
      </trkpt>
      <trkpt lat="45.12947" lon="6.76701">
        <ele>2001.7</ele>
      </trkpt>
      <trkpt lat="45.12915" lon="6.76703">
        <ele>1998.0</ele>
      </trkpt>
      <trkpt lat="45.12903" lon="6.76706">
        <ele>1997.3</ele>
      </trkpt>
      <trkpt lat="45.12889" lon="6.76712">
        <ele>1997.6</ele>
      </trkpt>
      <trkpt lat="45.12883" lon="6.76715">
        <ele>1997.9</ele>
      </trkpt>
      <trkpt lat="45.12875" lon="6.76717">
        <ele>1997.5</ele>
      </trkpt>
      <trkpt lat="45.12829" lon="6.76714">
        <ele>1988.3</ele>
      </trkpt>
      <trkpt lat="45.12821" lon="6.76716">
        <ele>1986.9</ele>
      </trkpt>
      <trkpt lat="45.12815" lon="6.76718">
        <ele>1986.1</ele>
      </trkpt>
      <trkpt lat="45.1281" lon="6.76722">
        <ele>1986.5</ele>
      </trkpt>
      <trkpt lat="45.12792" lon="6.7674">
        <ele>1990.2</ele>
      </trkpt>
      <trkpt lat="45.12769" lon="6.76759">
        <ele>1993.0</ele>
      </trkpt>
      <trkpt lat="45.12761" lon="6.76769">
        <ele>1995.3</ele>
      </trkpt>
      <trkpt lat="45.12749" lon="6.76787">
        <ele>2000.2</ele>
      </trkpt>
      <trkpt lat="45.12737" lon="6.76798">
        <ele>2001.9</ele>
      </trkpt>
      <trkpt lat="45.12729" lon="6.76803">
        <ele>2002.0</ele>
      </trkpt>
      <trkpt lat="45.12713" lon="6.7681">
        <ele>2000.5</ele>
      </trkpt>
      <trkpt lat="45.12676" lon="6.76823">
        <ele>1995.1</ele>
      </trkpt>
      <trkpt lat="45.12666" lon="6.76826">
        <ele>1993.2</ele>
      </trkpt>
      <trkpt lat="45.12659" lon="6.76829">
        <ele>1991.9</ele>
      </trkpt>
      <trkpt lat="45.12651" lon="6.76835">
        <ele>1991.2</ele>
      </trkpt>
      <trkpt lat="45.12644" lon="6.76842">
        <ele>1990.9</ele>
      </trkpt>
      <trkpt lat="45.12629" lon="6.76859">
        <ele>1990.6</ele>
      </trkpt>
      <trkpt lat="45.12597" lon="6.76887">
        <ele>1987.5</ele>
      </trkpt>
      <trkpt lat="45.12583" lon="6.76906">
        <ele>1987.9</ele>
      </trkpt>
      <trkpt lat="45.12569" lon="6.76932">
        <ele>1989.8</ele>
      </trkpt>
      <trkpt lat="45.12549" lon="6.76974">
        <ele>1994.7</ele>
      </trkpt>
      <trkpt lat="45.12536" lon="6.77">
        <ele>1998.4</ele>
      </trkpt>
      <trkpt lat="45.12528" lon="6.77012">
        <ele>1999.1</ele>
      </trkpt>
      <trkpt lat="45.12518" lon="6.77024">
        <ele>1999.4</ele>
      </trkpt>
      <trkpt lat="45.12504" lon="6.77037">
        <ele>1998.9</ele>
      </trkpt>
      <trkpt lat="45.12482" lon="6.77052">
        <ele>1999.2</ele>
      </trkpt>
      <trkpt lat="45.12475" lon="6.77056">
        <ele>1999.4</ele>
      </trkpt>
      <trkpt lat="45.12469" lon="6.77057">
        <ele>1998.9</ele>
      </trkpt>
      <trkpt lat="45.12464" lon="6.77056">
        <ele>1997.9</ele>
      </trkpt>
      <trkpt lat="45.12424" lon="6.7704">
        <ele>1986.5</ele>
      </trkpt>
      <trkpt lat="45.12416" lon="6.77038">
        <ele>1984.7</ele>
      </trkpt>
      <trkpt lat="45.12407" lon="6.77038">
        <ele>1985.6</ele>
      </trkpt>
      <trkpt lat="45.12399" lon="6.77039">
        <ele>1986.8</ele>
      </trkpt>
      <trkpt lat="45.12392" lon="6.77042">
        <ele>1988.5</ele>
      </trkpt>
      <trkpt lat="45.12367" lon="6.77057">
        <ele>1994.0</ele>
      </trkpt>
      <trkpt lat="45.12332" lon="6.77074">
        <ele>1997.5</ele>
      </trkpt>
      <trkpt lat="45.12313" lon="6.77084">
        <ele>2003.8</ele>
      </trkpt>
      <trkpt lat="45.12306" lon="6.77087">
        <ele>2006.3</ele>
      </trkpt>
      <trkpt lat="45.12302" lon="6.77087">
        <ele>2007.4</ele>
      </trkpt>
      <trkpt lat="45.12298" lon="6.77086">
        <ele>2008.2</ele>
      </trkpt>
      <trkpt lat="45.12294" lon="6.77081">
        <ele>2009.0</ele>
      </trkpt>
      <trkpt lat="45.12293" lon="6.77075">
        <ele>2009.8</ele>
      </trkpt>
      <trkpt lat="45.12293" lon="6.77069">
        <ele>2010.3</ele>
      </trkpt>
      <trkpt lat="45.12294" lon="6.77062">
        <ele>2010.6</ele>
      </trkpt>
      <trkpt lat="45.12298" lon="6.7705">
        <ele>2009.8</ele>
      </trkpt>
      <trkpt lat="45.12313" lon="6.77021">
        <ele>2003.3</ele>
      </trkpt>
      <trkpt lat="45.12346" lon="6.76967">
        <ele>1992.7</ele>
      </trkpt>
      <trkpt lat="45.1236" lon="6.7694">
        <ele>1990.4</ele>
      </trkpt>
      <trkpt lat="45.1237" lon="6.76914">
        <ele>1987.3</ele>
      </trkpt>
      <trkpt lat="45.12392" lon="6.76848">
        <ele>1980.5</ele>
      </trkpt>
      <trkpt lat="45.12405" lon="6.76792">
        <ele>1975.3</ele>
      </trkpt>
      <trkpt lat="45.12409" lon="6.76767">
        <ele>1974.4</ele>
      </trkpt>
      <trkpt lat="45.1241" lon="6.7675">
        <ele>1974.9</ele>
      </trkpt>
      <trkpt lat="45.12409" lon="6.76741">
        <ele>1973.8</ele>
      </trkpt>
      <trkpt lat="45.12402" lon="6.76718">
        <ele>1972.7</ele>
      </trkpt>
      <trkpt lat="45.12402" lon="6.76706">
        <ele>1970.6</ele>
      </trkpt>
      <trkpt lat="45.12403" lon="6.76682">
        <ele>1966.1</ele>
      </trkpt>
      <trkpt lat="45.12401" lon="6.76666">
        <ele>1964.0</ele>
      </trkpt>
      <trkpt lat="45.12399" lon="6.76658">
        <ele>1963.2</ele>
      </trkpt>
      <trkpt lat="45.12394" lon="6.76651">
        <ele>1963.5</ele>
      </trkpt>
      <trkpt lat="45.12388" lon="6.76646">
        <ele>1964.5</ele>
      </trkpt>
      <trkpt lat="45.12374" lon="6.76637">
        <ele>1967.1</ele>
      </trkpt>
      <trkpt lat="45.1237" lon="6.76629">
        <ele>1966.8</ele>
      </trkpt>
      <trkpt lat="45.12368" lon="6.76616">
        <ele>1964.8</ele>
      </trkpt>
      <trkpt lat="45.12364" lon="6.76602">
        <ele>1963.2</ele>
      </trkpt>
      <trkpt lat="45.12324" lon="6.76518">
        <ele>1952.2</ele>
      </trkpt>
      <trkpt lat="45.12318" lon="6.76508">
        <ele>1951.4</ele>
      </trkpt>
      <trkpt lat="45.12295" lon="6.76481">
        <ele>1952.2</ele>
      </trkpt>
      <trkpt lat="45.1229" lon="6.76471">
        <ele>1951.4</ele>
      </trkpt>
      <trkpt lat="45.12282" lon="6.76435">
        <ele>1945.0</ele>
      </trkpt>
      <trkpt lat="45.12276" lon="6.76419">
        <ele>1942.8</ele>
      </trkpt>
      <trkpt lat="45.1226" lon="6.76392">
        <ele>1941.2</ele>
      </trkpt>
      <trkpt lat="45.1225" lon="6.76365">
        <ele>1937.6</ele>
      </trkpt>
      <trkpt lat="45.12244" lon="6.76355">
        <ele>1936.5</ele>
      </trkpt>
      <trkpt lat="45.12236" lon="6.76346">
        <ele>1935.9</ele>
      </trkpt>
      <trkpt lat="45.12225" lon="6.76338">
        <ele>1936.3</ele>
      </trkpt>
      <trkpt lat="45.12212" lon="6.76323">
        <ele>1934.4</ele>
      </trkpt>
      <trkpt lat="45.12194" lon="6.763">
        <ele>1930.6</ele>
      </trkpt>
      <trkpt lat="45.12169" lon="6.76282">
        <ele>1929.9</ele>
      </trkpt>
      <trkpt lat="45.12154" lon="6.76269">
        <ele>1927.8</ele>
      </trkpt>
      <trkpt lat="45.12115" lon="6.7624">
        <ele>1922.7</ele>
      </trkpt>
      <trkpt lat="45.12063" lon="6.762">
        <ele>1913.0</ele>
      </trkpt>
      <trkpt lat="45.12049" lon="6.76195">
        <ele>1911.4</ele>
      </trkpt>
      <trkpt lat="45.12029" lon="6.76198">
        <ele>1912.9</ele>
      </trkpt>
      <trkpt lat="45.12018" lon="6.76198">
        <ele>1913.1</ele>
      </trkpt>
      <trkpt lat="45.12001" lon="6.76195">
        <ele>1912.2</ele>
      </trkpt>
      <trkpt lat="45.11974" lon="6.76187">
        <ele>1913.7</ele>
      </trkpt>
      <trkpt lat="45.11955" lon="6.76181">
        <ele>1914.9</ele>
      </trkpt>
      <trkpt lat="45.11948" lon="6.76175">
        <ele>1914.0</ele>
      </trkpt>
      <trkpt lat="45.11944" lon="6.76166">
        <ele>1911.5</ele>
      </trkpt>
      <trkpt lat="45.11928" lon="6.76131">
        <ele>1902.8</ele>
      </trkpt>
      <trkpt lat="45.11924" lon="6.76124">
        <ele>1901.1</ele>
      </trkpt>
      <trkpt lat="45.11921" lon="6.7612">
        <ele>1900.1</ele>
      </trkpt>
      <trkpt lat="45.11882" lon="6.76077">
        <ele>1888.1</ele>
      </trkpt>
      <trkpt lat="45.11874" lon="6.76073">
        <ele>1887.6</ele>
      </trkpt>
      <trkpt lat="45.11867" lon="6.76073">
        <ele>1887.9</ele>
      </trkpt>
      <trkpt lat="45.11839" lon="6.76077">
        <ele>1890.3</ele>
      </trkpt>
      <trkpt lat="45.11825" lon="6.76078">
        <ele>1891.8</ele>
      </trkpt>
      <trkpt lat="45.11815" lon="6.76075">
        <ele>1892.4</ele>
      </trkpt>
      <trkpt lat="45.11809" lon="6.76067">
        <ele>1891.4</ele>
      </trkpt>
      <trkpt lat="45.11803" lon="6.76053">
        <ele>1889.3</ele>
      </trkpt>
      <trkpt lat="45.11799" lon="6.76034">
        <ele>1885.8</ele>
      </trkpt>
      <trkpt lat="45.11791" lon="6.75973">
        <ele>1877.5</ele>
      </trkpt>
      <trkpt lat="45.11788" lon="6.75928">
        <ele>1873.6</ele>
      </trkpt>
      <trkpt lat="45.11786" lon="6.75919">
        <ele>1872.9</ele>
      </trkpt>
      <trkpt lat="45.11783" lon="6.75909">
        <ele>1872.1</ele>
      </trkpt>
      <trkpt lat="45.1178" lon="6.75902">
        <ele>1871.6</ele>
      </trkpt>
      <trkpt lat="45.1176" lon="6.75871">
        <ele>1869.6</ele>
      </trkpt>
      <trkpt lat="45.11743" lon="6.75853">
        <ele>1867.9</ele>
      </trkpt>
      <trkpt lat="45.11737" lon="6.7585">
        <ele>1867.5</ele>
      </trkpt>
      <trkpt lat="45.11726" lon="6.75847">
        <ele>1867.1</ele>
      </trkpt>
      <trkpt lat="45.11722" lon="6.75844">
        <ele>1866.6</ele>
      </trkpt>
      <trkpt lat="45.1172" lon="6.7584">
        <ele>1866.0</ele>
      </trkpt>
      <trkpt lat="45.1172" lon="6.75835">
        <ele>1865.3</ele>
      </trkpt>
      <trkpt lat="45.11722" lon="6.75829">
        <ele>1864.0</ele>
      </trkpt>
      <trkpt lat="45.1173" lon="6.7582">
        <ele>1862.1</ele>
      </trkpt>
      <trkpt lat="45.1173" lon="6.7582">
        <ele>1862.1</ele>
      </trkpt>
      <trkpt lat="45.1174" lon="6.7581">
        <ele>1860.1</ele>
      </trkpt>
      <trkpt lat="45.11747" lon="6.75804">
        <ele>1859.0</ele>
      </trkpt>
      <trkpt lat="45.11754" lon="6.758">
        <ele>1858.0</ele>
      </trkpt>
      <trkpt lat="45.1176" lon="6.75799">
        <ele>1857.4</ele>
      </trkpt>
      <trkpt lat="45.11768" lon="6.75799">
        <ele>1856.9</ele>
      </trkpt>
      <trkpt lat="45.11786" lon="6.75805">
        <ele>1857.1</ele>
      </trkpt>
      <trkpt lat="45.11805" lon="6.75817">
        <ele>1858.4</ele>
      </trkpt>
      <trkpt lat="45.11813" lon="6.7582">
        <ele>1858.5</ele>
      </trkpt>
      <trkpt lat="45.11819" lon="6.75821">
        <ele>1858.3</ele>
      </trkpt>
      <trkpt lat="45.11823" lon="6.7582">
        <ele>1857.9</ele>
      </trkpt>
      <trkpt lat="45.11825" lon="6.75817">
        <ele>1857.2</ele>
      </trkpt>
      <trkpt lat="45.11827" lon="6.75812">
        <ele>1856.0</ele>
      </trkpt>
      <trkpt lat="45.11827" lon="6.75806">
        <ele>1854.8</ele>
      </trkpt>
      <trkpt lat="45.11826" lon="6.75801">
        <ele>1853.8</ele>
      </trkpt>
      <trkpt lat="45.11823" lon="6.75796">
        <ele>1853.0</ele>
      </trkpt>
      <trkpt lat="45.11818" lon="6.75791">
        <ele>1852.3</ele>
      </trkpt>
      <trkpt lat="45.11758" lon="6.7574">
        <ele>1845.2</ele>
      </trkpt>
      <trkpt lat="45.11753" lon="6.75738">
        <ele>1845.1</ele>
      </trkpt>
      <trkpt lat="45.11747" lon="6.75738">
        <ele>1845.1</ele>
      </trkpt>
      <trkpt lat="45.11733" lon="6.75744">
        <ele>1845.7</ele>
      </trkpt>
      <trkpt lat="45.11725" lon="6.75749">
        <ele>1846.3</ele>
      </trkpt>
      <trkpt lat="45.11716" lon="6.75752">
        <ele>1846.4</ele>
      </trkpt>
      <trkpt lat="45.11707" lon="6.75753">
        <ele>1846.1</ele>
      </trkpt>
      <trkpt lat="45.11697" lon="6.7575">
        <ele>1844.8</ele>
      </trkpt>
      <trkpt lat="45.1169" lon="6.75746">
        <ele>1843.6</ele>
      </trkpt>
      <trkpt lat="45.11683" lon="6.7574">
        <ele>1842.1</ele>
      </trkpt>
      <trkpt lat="45.11676" lon="6.75729">
        <ele>1839.7</ele>
      </trkpt>
      <trkpt lat="45.1167" lon="6.75715">
        <ele>1836.8</ele>
      </trkpt>
      <trkpt lat="45.11664" lon="6.757">
        <ele>1834.1</ele>
      </trkpt>
      <trkpt lat="45.11648" lon="6.75652">
        <ele>1826.5</ele>
      </trkpt>
      <trkpt lat="45.11642" lon="6.75629">
        <ele>1823.0</ele>
      </trkpt>
      <trkpt lat="45.11638" lon="6.75622">
        <ele>1822.0</ele>
      </trkpt>
      <trkpt lat="45.1163" lon="6.75613">
        <ele>1820.8</ele>
      </trkpt>
      <trkpt lat="45.11621" lon="6.75605">
        <ele>1819.8</ele>
      </trkpt>
      <trkpt lat="45.11612" lon="6.756">
        <ele>1819.2</ele>
      </trkpt>
      <trkpt lat="45.11592" lon="6.75593">
        <ele>1818.5</ele>
      </trkpt>
      <trkpt lat="45.11576" lon="6.75587">
        <ele>1817.4</ele>
      </trkpt>
      <trkpt lat="45.11568" lon="6.75582">
        <ele>1816.2</ele>
      </trkpt>
      <trkpt lat="45.11548" lon="6.75567">
        <ele>1812.8</ele>
      </trkpt>
      <trkpt lat="45.11494" lon="6.75528">
        <ele>1805.4</ele>
      </trkpt>
      <trkpt lat="45.11488" lon="6.75525">
        <ele>1804.9</ele>
      </trkpt>
      <trkpt lat="45.11471" lon="6.75519">
        <ele>1803.9</ele>
      </trkpt>
      <trkpt lat="45.11464" lon="6.75514">
        <ele>1803.0</ele>
      </trkpt>
      <trkpt lat="45.11463" lon="6.75509">
        <ele>1802.1</ele>
      </trkpt>
      <trkpt lat="45.11463" lon="6.75505">
        <ele>1801.4</ele>
      </trkpt>
      <trkpt lat="45.11464" lon="6.75502">
        <ele>1800.9</ele>
      </trkpt>
      <trkpt lat="45.11466" lon="6.755">
        <ele>1800.6</ele>
      </trkpt>
      <trkpt lat="45.11483" lon="6.75495">
        <ele>1799.6</ele>
      </trkpt>
      <trkpt lat="45.11501" lon="6.75482">
        <ele>1796.5</ele>
      </trkpt>
      <trkpt lat="45.11509" lon="6.7548">
        <ele>1795.9</ele>
      </trkpt>
      <trkpt lat="45.11521" lon="6.7548">
        <ele>1795.9</ele>
      </trkpt>
      <trkpt lat="45.11531" lon="6.75478">
        <ele>1795.4</ele>
      </trkpt>
      <trkpt lat="45.11541" lon="6.75474">
        <ele>1794.3</ele>
      </trkpt>
      <trkpt lat="45.11554" lon="6.75464">
        <ele>1791.6</ele>
      </trkpt>
      <trkpt lat="45.11569" lon="6.75448">
        <ele>1787.4</ele>
      </trkpt>
      <trkpt lat="45.11576" lon="6.75443">
        <ele>1786.0</ele>
      </trkpt>
      <trkpt lat="45.11579" lon="6.75442">
        <ele>1785.7</ele>
      </trkpt>
      <trkpt lat="45.11579" lon="6.75442">
        <ele>1785.7</ele>
      </trkpt>
      <trkpt lat="45.11586" lon="6.7544">
        <ele>1784.9</ele>
      </trkpt>
      <trkpt lat="45.11595" lon="6.7544">
        <ele>1783.9</ele>
      </trkpt>
      <trkpt lat="45.1161" lon="6.75444">
        <ele>1783.3</ele>
      </trkpt>
      <trkpt lat="45.11622" lon="6.7545">
        <ele>1783.7</ele>
      </trkpt>
      <trkpt lat="45.11632" lon="6.75459">
        <ele>1785.2</ele>
      </trkpt>
      <trkpt lat="45.11637" lon="6.7546">
        <ele>1785.0</ele>
      </trkpt>
      <trkpt lat="45.11653" lon="6.75458">
        <ele>1782.8</ele>
      </trkpt>
      <trkpt lat="45.11658" lon="6.75458">
        <ele>1782.3</ele>
      </trkpt>
      <trkpt lat="45.11728" lon="6.75486">
        <ele>1776.2</ele>
      </trkpt>
      <trkpt lat="45.11732" lon="6.75485">
        <ele>1774.8</ele>
      </trkpt>
      <trkpt lat="45.11736" lon="6.75482">
        <ele>1772.6</ele>
      </trkpt>
      <trkpt lat="45.11737" lon="6.75479">
        <ele>1771.0</ele>
      </trkpt>
      <trkpt lat="45.11737" lon="6.75475">
        <ele>1769.2</ele>
      </trkpt>
      <trkpt lat="45.11724" lon="6.75451">
        <ele>1762.2</ele>
      </trkpt>
      <trkpt lat="45.11716" lon="6.75438">
        <ele>1759.3</ele>
      </trkpt>
      <trkpt lat="45.11707" lon="6.75428">
        <ele>1758.4</ele>
      </trkpt>
      <trkpt lat="45.11696" lon="6.75421">
        <ele>1759.7</ele>
      </trkpt>
      <trkpt lat="45.11685" lon="6.75415">
        <ele>1761.4</ele>
      </trkpt>
      <trkpt lat="45.11674" lon="6.75411">
        <ele>1763.6</ele>
      </trkpt>
      <trkpt lat="45.11659" lon="6.75407">
        <ele>1765.4</ele>
      </trkpt>
      <trkpt lat="45.11651" lon="6.75403">
        <ele>1764.6</ele>
      </trkpt>
      <trkpt lat="45.11643" lon="6.75397">
        <ele>1763.0</ele>
      </trkpt>
      <trkpt lat="45.11634" lon="6.75389">
        <ele>1760.8</ele>
      </trkpt>
      <trkpt lat="45.11621" lon="6.75375">
        <ele>1756.9</ele>
      </trkpt>
      <trkpt lat="45.11592" lon="6.75338">
        <ele>1747.8</ele>
      </trkpt>
      <trkpt lat="45.11582" lon="6.75329">
        <ele>1745.9</ele>
      </trkpt>
      <trkpt lat="45.11573" lon="6.75325">
        <ele>1744.2</ele>
      </trkpt>
      <trkpt lat="45.11532" lon="6.75315">
        <ele>1741.2</ele>
      </trkpt>
      <trkpt lat="45.11511" lon="6.75308">
        <ele>1739.3</ele>
      </trkpt>
      <trkpt lat="45.115" lon="6.75303">
        <ele>1738.0</ele>
      </trkpt>
      <trkpt lat="45.11486" lon="6.75293">
        <ele>1734.0</ele>
      </trkpt>
      <trkpt lat="45.11474" lon="6.75286">
        <ele>1731.3</ele>
      </trkpt>
      <trkpt lat="45.11467" lon="6.75283">
        <ele>1730.2</ele>
      </trkpt>
      <trkpt lat="45.11431" lon="6.75276">
        <ele>1727.6</ele>
      </trkpt>
      <trkpt lat="45.11427" lon="6.75273">
        <ele>1726.5</ele>
      </trkpt>
      <trkpt lat="45.11427" lon="6.75269">
        <ele>1725.0</ele>
      </trkpt>
      <trkpt lat="45.11427" lon="6.75264">
        <ele>1723.1</ele>
      </trkpt>
      <trkpt lat="45.1143" lon="6.75261">
        <ele>1722.0</ele>
      </trkpt>
      <trkpt lat="45.11437" lon="6.7526">
        <ele>1721.5</ele>
      </trkpt>
      <trkpt lat="45.11479" lon="6.75261">
        <ele>1721.5</ele>
      </trkpt>
      <trkpt lat="45.11479" lon="6.75261">
        <ele>1721.5</ele>
      </trkpt>
      <trkpt lat="45.11511" lon="6.75264">
        <ele>1721.3</ele>
      </trkpt>
      <trkpt lat="45.11551" lon="6.7526">
        <ele>1714.9</ele>
      </trkpt>
      <trkpt lat="45.1157" lon="6.7526">
        <ele>1712.6</ele>
      </trkpt>
      <trkpt lat="45.11589" lon="6.75261">
        <ele>1710.5</ele>
      </trkpt>
      <trkpt lat="45.11627" lon="6.75271">
        <ele>1708.2</ele>
      </trkpt>
      <trkpt lat="45.11688" lon="6.7529">
        <ele>1705.9</ele>
      </trkpt>
      <trkpt lat="45.11697" lon="6.75292">
        <ele>1705.2</ele>
      </trkpt>
      <trkpt lat="45.11702" lon="6.75291">
        <ele>1704.0</ele>
      </trkpt>
      <trkpt lat="45.11705" lon="6.75287">
        <ele>1702.1</ele>
      </trkpt>
      <trkpt lat="45.11706" lon="6.75282">
        <ele>1700.2</ele>
      </trkpt>
      <trkpt lat="45.11705" lon="6.75279">
        <ele>1699.2</ele>
      </trkpt>
      <trkpt lat="45.11701" lon="6.75276">
        <ele>1698.6</ele>
      </trkpt>
      <trkpt lat="45.11679" lon="6.75263">
        <ele>1695.8</ele>
      </trkpt>
      <trkpt lat="45.11668" lon="6.75254">
        <ele>1692.7</ele>
      </trkpt>
      <trkpt lat="45.1163" lon="6.75231">
        <ele>1691.5</ele>
      </trkpt>
      <trkpt lat="45.11576" lon="6.75191">
        <ele>1681.9</ele>
      </trkpt>
      <trkpt lat="45.11574" lon="6.75186">
        <ele>1679.9</ele>
      </trkpt>
      <trkpt lat="45.11573" lon="6.75182">
        <ele>1678.3</ele>
      </trkpt>
      <trkpt lat="45.11574" lon="6.75179">
        <ele>1676.9</ele>
      </trkpt>
      <trkpt lat="45.11577" lon="6.75178">
        <ele>1676.3</ele>
      </trkpt>
      <trkpt lat="45.11583" lon="6.7518">
        <ele>1676.6</ele>
      </trkpt>
      <trkpt lat="45.11592" lon="6.75187">
        <ele>1679.2</ele>
      </trkpt>
      <trkpt lat="45.11599" lon="6.75192">
        <ele>1680.8</ele>
      </trkpt>
      <trkpt lat="45.11614" lon="6.75197">
        <ele>1681.7</ele>
      </trkpt>
      <trkpt lat="45.11657" lon="6.75209">
        <ele>1682.0</ele>
      </trkpt>
      <trkpt lat="45.11661" lon="6.75207">
        <ele>1681.2</ele>
      </trkpt>
      <trkpt lat="45.11664" lon="6.75202">
        <ele>1679.7</ele>
      </trkpt>
      <trkpt lat="45.11665" lon="6.75197">
        <ele>1678.4</ele>
      </trkpt>
      <trkpt lat="45.11662" lon="6.75191">
        <ele>1677.1</ele>
      </trkpt>
      <trkpt lat="45.11659" lon="6.75188">
        <ele>1676.5</ele>
      </trkpt>
      <trkpt lat="45.11635" lon="6.75173">
        <ele>1673.0</ele>
      </trkpt>
      <trkpt lat="45.11609" lon="6.75159">
        <ele>1670.4</ele>
      </trkpt>
      <trkpt lat="45.11589" lon="6.75145">
        <ele>1668.2</ele>
      </trkpt>
      <trkpt lat="45.11573" lon="6.75131">
        <ele>1665.8</ele>
      </trkpt>
      <trkpt lat="45.11559" lon="6.75118">
        <ele>1663.0</ele>
      </trkpt>
      <trkpt lat="45.1155" lon="6.7511">
        <ele>1660.9</ele>
      </trkpt>
      <trkpt lat="45.11543" lon="6.75104">
        <ele>1659.1</ele>
      </trkpt>
      <trkpt lat="45.11534" lon="6.75102">
        <ele>1657.9</ele>
      </trkpt>
      <trkpt lat="45.11523" lon="6.75103">
        <ele>1657.3</ele>
      </trkpt>
      <trkpt lat="45.11523" lon="6.75103">
        <ele>1657.3</ele>
      </trkpt>
      <trkpt lat="45.11515" lon="6.75103">
        <ele>1656.7</ele>
      </trkpt>
      <trkpt lat="45.11506" lon="6.75101">
        <ele>1655.4</ele>
      </trkpt>
      <trkpt lat="45.11485" lon="6.75093">
        <ele>1651.4</ele>
      </trkpt>
      <trkpt lat="45.1144" lon="6.75087">
        <ele>1646.2</ele>
      </trkpt>
      <trkpt lat="45.11431" lon="6.75085">
        <ele>1644.8</ele>
      </trkpt>
      <trkpt lat="45.11414" lon="6.75075">
        <ele>1642.0</ele>
      </trkpt>
      <trkpt lat="45.11374" lon="6.75058">
        <ele>1638.1</ele>
      </trkpt>
      <trkpt lat="45.11366" lon="6.75056">
        <ele>1637.4</ele>
      </trkpt>
      <trkpt lat="45.1136" lon="6.75056">
        <ele>1637.1</ele>
      </trkpt>
      <trkpt lat="45.11352" lon="6.7506">
        <ele>1637.2</ele>
      </trkpt>
      <trkpt lat="45.11335" lon="6.7507">
        <ele>1637.5</ele>
      </trkpt>
      <trkpt lat="45.11328" lon="6.75071">
        <ele>1639.5</ele>
      </trkpt>
      <trkpt lat="45.11321" lon="6.7507">
        <ele>1642.0</ele>
      </trkpt>
      <trkpt lat="45.11312" lon="6.75065">
        <ele>1644.6</ele>
      </trkpt>
      <trkpt lat="45.11284" lon="6.75032">
        <ele>1644.2</ele>
      </trkpt>
      <trkpt lat="45.11279" lon="6.75024">
        <ele>1644.2</ele>
      </trkpt>
      <trkpt lat="45.11274" lon="6.75015">
        <ele>1644.1</ele>
      </trkpt>
      <trkpt lat="45.11266" lon="6.74989">
        <ele>1644.0</ele>
      </trkpt>
      <trkpt lat="45.11242" lon="6.74902">
        <ele>1635.0</ele>
      </trkpt>
      <trkpt lat="45.11219" lon="6.74815">
        <ele>1636.1</ele>
      </trkpt>
      <trkpt lat="45.11195" lon="6.747">
        <ele>1627.9</ele>
      </trkpt>
      <trkpt lat="45.11191" lon="6.74677">
        <ele>1625.9</ele>
      </trkpt>
      <trkpt lat="45.11179" lon="6.74572">
        <ele>1616.8</ele>
      </trkpt>
      <trkpt lat="45.11176" lon="6.74556">
        <ele>1613.9</ele>
      </trkpt>
      <trkpt lat="45.11158" lon="6.74469">
        <ele>1601.2</ele>
      </trkpt>
      <trkpt lat="45.11153" lon="6.74453">
        <ele>1600.2</ele>
      </trkpt>
      <trkpt lat="45.11146" lon="6.7444">
        <ele>1600.5</ele>
      </trkpt>
      <trkpt lat="45.11128" lon="6.74416">
        <ele>1602.6</ele>
      </trkpt>
      <trkpt lat="45.1112" lon="6.744">
        <ele>1602.2</ele>
      </trkpt>
      <trkpt lat="45.11107" lon="6.74371">
        <ele>1599.4</ele>
      </trkpt>
      <trkpt lat="45.11089" lon="6.7435">
        <ele>1598.1</ele>
      </trkpt>
      <trkpt lat="45.11084" lon="6.7434">
        <ele>1596.0</ele>
      </trkpt>
      <trkpt lat="45.11067" lon="6.74303">
        <ele>1592.4</ele>
      </trkpt>
      <trkpt lat="45.11039" lon="6.74259">
        <ele>1589.4</ele>
      </trkpt>
      <trkpt lat="45.1103" lon="6.74244">
        <ele>1588.0</ele>
      </trkpt>
      <trkpt lat="45.11018" lon="6.74218">
        <ele>1584.9</ele>
      </trkpt>
      <trkpt lat="45.11002" lon="6.74168">
        <ele>1575.1</ele>
      </trkpt>
      <trkpt lat="45.10978" lon="6.74121">
        <ele>1570.1</ele>
      </trkpt>
      <trkpt lat="45.10946" lon="6.74073">
        <ele>1564.4</ele>
      </trkpt>
      <trkpt lat="45.10924" lon="6.74049">
        <ele>1561.2</ele>
      </trkpt>
      <trkpt lat="45.10891" lon="6.74025">
        <ele>1559.3</ele>
      </trkpt>
      <trkpt lat="45.10852" lon="6.74005">
        <ele>1560.3</ele>
      </trkpt>
      <trkpt lat="45.10828" lon="6.73991">
        <ele>1560.7</ele>
      </trkpt>
      <trkpt lat="45.10809" lon="6.73969">
        <ele>1558.3</ele>
      </trkpt>
      <trkpt lat="45.10776" lon="6.73927">
        <ele>1553.5</ele>
      </trkpt>
      <trkpt lat="45.10766" lon="6.7392">
        <ele>1553.4</ele>
      </trkpt>
      <trkpt lat="45.10747" lon="6.73917">
        <ele>1555.9</ele>
      </trkpt>
      <trkpt lat="45.1074" lon="6.73909">
        <ele>1556.5</ele>
      </trkpt>
      <trkpt lat="45.10735" lon="6.73897">
        <ele>1555.8</ele>
      </trkpt>
      <trkpt lat="45.10733" lon="6.73879">
        <ele>1553.1</ele>
      </trkpt>
      <trkpt lat="45.1073" lon="6.73861">
        <ele>1550.6</ele>
      </trkpt>
      <trkpt lat="45.10723" lon="6.73847">
        <ele>1549.7</ele>
      </trkpt>
      <trkpt lat="45.10711" lon="6.73836">
        <ele>1550.4</ele>
      </trkpt>
      <trkpt lat="45.10686" lon="6.73819">
        <ele>1552.2</ele>
      </trkpt>
      <trkpt lat="45.10673" lon="6.73812">
        <ele>1553.1</ele>
      </trkpt>
      <trkpt lat="45.10673" lon="6.73812">
        <ele>1553.1</ele>
      </trkpt>
      <trkpt lat="45.1067" lon="6.7381">
        <ele>1553.2</ele>
      </trkpt>
      <trkpt lat="45.10651" lon="6.7379">
        <ele>1554.3</ele>
      </trkpt>
      <trkpt lat="45.10607" lon="6.73726">
        <ele>1554.2</ele>
      </trkpt>
      <trkpt lat="45.10595" lon="6.73704">
        <ele>1552.2</ele>
      </trkpt>
      <trkpt lat="45.10585" lon="6.73678">
        <ele>1547.9</ele>
      </trkpt>
      <trkpt lat="45.10577" lon="6.73653">
        <ele>1543.0</ele>
      </trkpt>
      <trkpt lat="45.1056" lon="6.73615">
        <ele>1537.7</ele>
      </trkpt>
      <trkpt lat="45.10543" lon="6.7359">
        <ele>1536.3</ele>
      </trkpt>
      <trkpt lat="45.10526" lon="6.73567">
        <ele>1534.6</ele>
      </trkpt>
      <trkpt lat="45.1051" lon="6.73551">
        <ele>1533.7</ele>
      </trkpt>
      <trkpt lat="45.1048" lon="6.7353">
        <ele>1533.3</ele>
      </trkpt>
      <trkpt lat="45.10443" lon="6.7351">
        <ele>1535.0</ele>
      </trkpt>
      <trkpt lat="45.10424" lon="6.73493">
        <ele>1534.3</ele>
      </trkpt>
      <trkpt lat="45.1041" lon="6.73473">
        <ele>1532.0</ele>
      </trkpt>
      <trkpt lat="45.10377" lon="6.73418">
        <ele>1526.2</ele>
      </trkpt>
      <trkpt lat="45.10345" lon="6.73363">
        <ele>1520.6</ele>
      </trkpt>
      <trkpt lat="45.1033" lon="6.73342">
        <ele>1518.0</ele>
      </trkpt>
      <trkpt lat="45.10313" lon="6.73326">
        <ele>1516.3</ele>
      </trkpt>
      <trkpt lat="45.10291" lon="6.73309">
        <ele>1515.6</ele>
      </trkpt>
      <trkpt lat="45.10252" lon="6.73287">
        <ele>1517.1</ele>
      </trkpt>
      <trkpt lat="45.10184" lon="6.73261">
        <ele>1511.1</ele>
      </trkpt>
      <trkpt lat="45.10162" lon="6.73255">
        <ele>1508.9</ele>
      </trkpt>
      <trkpt lat="45.10118" lon="6.73247">
        <ele>1501.8</ele>
      </trkpt>
      <trkpt lat="45.10101" lon="6.73246">
        <ele>1499.6</ele>
      </trkpt>
      <trkpt lat="45.10089" lon="6.73249">
        <ele>1499.3</ele>
      </trkpt>
      <trkpt lat="45.1008" lon="6.73257">
        <ele>1501.1</ele>
      </trkpt>
      <trkpt lat="45.10071" lon="6.73272">
        <ele>1506.0</ele>
      </trkpt>
      <trkpt lat="45.10063" lon="6.7329">
        <ele>1512.3</ele>
      </trkpt>
      <trkpt lat="45.10056" lon="6.73297">
        <ele>1515.2</ele>
      </trkpt>
      <trkpt lat="45.10049" lon="6.73301">
        <ele>1517.2</ele>
      </trkpt>
      <trkpt lat="45.10042" lon="6.733">
        <ele>1517.4</ele>
      </trkpt>
      <trkpt lat="45.10015" lon="6.73272">
        <ele>1507.6</ele>
      </trkpt>
      <trkpt lat="45.09993" lon="6.73257">
        <ele>1503.0</ele>
      </trkpt>
      <trkpt lat="45.09975" lon="6.73239">
        <ele>1500.9</ele>
      </trkpt>
      <trkpt lat="45.09956" lon="6.73213">
        <ele>1496.8</ele>
      </trkpt>
      <trkpt lat="45.09906" lon="6.7317">
        <ele>1491.6</ele>
      </trkpt>
      <trkpt lat="45.09885" lon="6.73155">
        <ele>1494.2</ele>
      </trkpt>
      <trkpt lat="45.09879" lon="6.73145">
        <ele>1493.7</ele>
      </trkpt>
      <trkpt lat="45.09875" lon="6.73133">
        <ele>1492.1</ele>
      </trkpt>
      <trkpt lat="45.09875" lon="6.73115">
        <ele>1487.9</ele>
      </trkpt>
      <trkpt lat="45.09873" lon="6.73102">
        <ele>1485.4</ele>
      </trkpt>
      <trkpt lat="45.09869" lon="6.73092">
        <ele>1484.2</ele>
      </trkpt>
      <trkpt lat="45.09865" lon="6.73086">
        <ele>1483.9</ele>
      </trkpt>
      <trkpt lat="45.0986" lon="6.7308">
        <ele>1484.1</ele>
      </trkpt>
      <trkpt lat="45.09835" lon="6.73069">
        <ele>1489.6</ele>
      </trkpt>
      <trkpt lat="45.09828" lon="6.73057">
        <ele>1490.9</ele>
      </trkpt>
      <trkpt lat="45.09823" lon="6.73038">
        <ele>1490.5</ele>
      </trkpt>
      <trkpt lat="45.09821" lon="6.73012">
        <ele>1487.8</ele>
      </trkpt>
      <trkpt lat="45.09824" lon="6.72983">
        <ele>1483.6</ele>
      </trkpt>
      <trkpt lat="45.0983" lon="6.72961">
        <ele>1479.5</ele>
      </trkpt>
      <trkpt lat="45.09831" lon="6.72942">
        <ele>1477.7</ele>
      </trkpt>
      <trkpt lat="45.09826" lon="6.72895">
        <ele>1473.6</ele>
      </trkpt>
      <trkpt lat="45.09819" lon="6.72839">
        <ele>1465.4</ele>
      </trkpt>
      <trkpt lat="45.09814" lon="6.72823">
        <ele>1463.3</ele>
      </trkpt>
      <trkpt lat="45.09806" lon="6.72805">
        <ele>1461.1</ele>
      </trkpt>
      <trkpt lat="45.09794" lon="6.72785">
        <ele>1459.1</ele>
      </trkpt>
      <trkpt lat="45.09778" lon="6.72763">
        <ele>1457.2</ele>
      </trkpt>
      <trkpt lat="45.0977" lon="6.72759">
        <ele>1458.0</ele>
      </trkpt>
      <trkpt lat="45.09765" lon="6.72757">
        <ele>1458.6</ele>
      </trkpt>
      <trkpt lat="45.0976" lon="6.72758">
        <ele>1460.1</ele>
      </trkpt>
      <trkpt lat="45.09749" lon="6.72766">
        <ele>1459.9</ele>
      </trkpt>
      <trkpt lat="45.09744" lon="6.72768">
        <ele>1459.8</ele>
      </trkpt>
      <trkpt lat="45.0974" lon="6.72769">
        <ele>1459.8</ele>
      </trkpt>
      <trkpt lat="45.09738" lon="6.72768">
        <ele>1459.7</ele>
      </trkpt>
      <trkpt lat="45.09734" lon="6.72763">
        <ele>1459.6</ele>
      </trkpt>
      <trkpt lat="45.09732" lon="6.72756">
        <ele>1459.6</ele>
      </trkpt>
      <trkpt lat="45.09731" lon="6.7275">
        <ele>1459.5</ele>
      </trkpt>
      <trkpt lat="45.09731" lon="6.72723">
        <ele>1459.3</ele>
      </trkpt>
      <trkpt lat="45.0973" lon="6.72709">
        <ele>1456.3</ele>
      </trkpt>
      <trkpt lat="45.09727" lon="6.72697">
        <ele>1454.3</ele>
      </trkpt>
      <trkpt lat="45.09724" lon="6.72687">
        <ele>1452.7</ele>
      </trkpt>
      <trkpt lat="45.09719" lon="6.7268">
        <ele>1452.4</ele>
      </trkpt>
      <trkpt lat="45.09701" lon="6.72655">
        <ele>1450.3</ele>
      </trkpt>
      <trkpt lat="45.09685" lon="6.72642">
        <ele>1450.0</ele>
      </trkpt>
      <trkpt lat="45.09672" lon="6.72633">
        <ele>1450.1</ele>
      </trkpt>
      <trkpt lat="45.09654" lon="6.72626">
        <ele>1450.6</ele>
      </trkpt>
      <trkpt lat="45.09603" lon="6.7258">
        <ele>1442.0</ele>
      </trkpt>
      <trkpt lat="45.09597" lon="6.72572">
        <ele>1440.0</ele>
      </trkpt>
      <trkpt lat="45.09564" lon="6.72555">
        <ele>1438.1</ele>
      </trkpt>
      <trkpt lat="45.09543" lon="6.72539">
        <ele>1435.7</ele>
      </trkpt>
      <trkpt lat="45.09535" lon="6.72528">
        <ele>1433.6</ele>
      </trkpt>
      <trkpt lat="45.09527" lon="6.72516">
        <ele>1431.4</ele>
      </trkpt>
      <trkpt lat="45.09519" lon="6.72508">
        <ele>1430.6</ele>
      </trkpt>
      <trkpt lat="45.09514" lon="6.72503">
        <ele>1430.1</ele>
      </trkpt>
      <trkpt lat="45.09506" lon="6.72499">
        <ele>1430.6</ele>
      </trkpt>
      <trkpt lat="45.09476" lon="6.72485">
        <ele>1433.1</ele>
      </trkpt>
      <trkpt lat="45.09447" lon="6.72466">
        <ele>1434.0</ele>
      </trkpt>
      <trkpt lat="45.09425" lon="6.72455">
        <ele>1435.7</ele>
      </trkpt>
      <trkpt lat="45.09393" lon="6.72423">
        <ele>1435.5</ele>
      </trkpt>
      <trkpt lat="45.09365" lon="6.7239">
        <ele>1431.6</ele>
      </trkpt>
      <trkpt lat="45.09354" lon="6.72372">
        <ele>1427.7</ele>
      </trkpt>
      <trkpt lat="45.09342" lon="6.72363">
        <ele>1427.6</ele>
      </trkpt>
      <trkpt lat="45.09319" lon="6.72353">
        <ele>1430.1</ele>
      </trkpt>
      <trkpt lat="45.093" lon="6.72322">
        <ele>1422.7</ele>
      </trkpt>
      <trkpt lat="45.09261" lon="6.72282">
        <ele>1418.5</ele>
      </trkpt>
      <trkpt lat="45.09248" lon="6.72266">
        <ele>1416.9</ele>
      </trkpt>
      <trkpt lat="45.09241" lon="6.72262">
        <ele>1418.9</ele>
      </trkpt>
      <trkpt lat="45.09232" lon="6.72262">
        <ele>1420.2</ele>
      </trkpt>
      <trkpt lat="45.09232" lon="6.72262">
        <ele>1420.2</ele>
      </trkpt>
      <trkpt lat="45.0922" lon="6.72259">
        <ele>1422.1</ele>
      </trkpt>
      <trkpt lat="45.09212" lon="6.72254">
        <ele>1423.4</ele>
      </trkpt>
      <trkpt lat="45.09201" lon="6.72226">
        <ele>1426.9</ele>
      </trkpt>
      <trkpt lat="45.09191" lon="6.72183">
        <ele>1419.4</ele>
      </trkpt>
      <trkpt lat="45.09174" lon="6.72113">
        <ele>1409.4</ele>
      </trkpt>
      <trkpt lat="45.09162" lon="6.72052">
        <ele>1397.1</ele>
      </trkpt>
      <trkpt lat="45.09149" lon="6.71991">
        <ele>1382.1</ele>
      </trkpt>
      <trkpt lat="45.09145" lon="6.71978">
        <ele>1379.3</ele>
      </trkpt>
      <trkpt lat="45.0914" lon="6.71966">
        <ele>1376.9</ele>
      </trkpt>
      <trkpt lat="45.09137" lon="6.7196">
        <ele>1375.6</ele>
      </trkpt>
      <trkpt lat="45.09133" lon="6.71958">
        <ele>1375.9</ele>
      </trkpt>
      <trkpt lat="45.09126" lon="6.71959">
        <ele>1377.8</ele>
      </trkpt>
      <trkpt lat="45.09119" lon="6.71962">
        <ele>1380.4</ele>
      </trkpt>
      <trkpt lat="45.09113" lon="6.7196">
        <ele>1381.1</ele>
      </trkpt>
      <trkpt lat="45.09104" lon="6.71954">
        <ele>1380.7</ele>
      </trkpt>
      <trkpt lat="45.09098" lon="6.7195">
        <ele>1380.2</ele>
      </trkpt>
      <trkpt lat="45.0909" lon="6.71949">
        <ele>1381.4</ele>
      </trkpt>
      <trkpt lat="45.0906" lon="6.71949">
        <ele>1388.0</ele>
      </trkpt>
      <trkpt lat="45.09055" lon="6.71947">
        <ele>1388.1</ele>
      </trkpt>
      <trkpt lat="45.09027" lon="6.71926">
        <ele>1383.6</ele>
      </trkpt>
      <trkpt lat="45.09026" lon="6.71921">
        <ele>1381.2</ele>
      </trkpt>
      <trkpt lat="45.09026" lon="6.71917">
        <ele>1379.2</ele>
      </trkpt>
      <trkpt lat="45.09028" lon="6.71914">
        <ele>1377.5</ele>
      </trkpt>
      <trkpt lat="45.0903" lon="6.71913">
        <ele>1376.8</ele>
      </trkpt>
      <trkpt lat="45.09033" lon="6.71914">
        <ele>1376.6</ele>
      </trkpt>
      <trkpt lat="45.09045" lon="6.71926">
        <ele>1380.0</ele>
      </trkpt>
      <trkpt lat="45.09053" lon="6.71931">
        <ele>1380.8</ele>
      </trkpt>
      <trkpt lat="45.0906" lon="6.71934">
        <ele>1380.8</ele>
      </trkpt>
      <trkpt lat="45.09068" lon="6.71933">
        <ele>1378.6</ele>
      </trkpt>
      <trkpt lat="45.09075" lon="6.71929">
        <ele>1375.3</ele>
      </trkpt>
      <trkpt lat="45.09088" lon="6.71921">
        <ele>1369.4</ele>
      </trkpt>
      <trkpt lat="45.09113" lon="6.71908">
        <ele>1362.1</ele>
      </trkpt>
      <trkpt lat="45.09121" lon="6.71902">
        <ele>1359.8</ele>
      </trkpt>
      <trkpt lat="45.0913" lon="6.71891">
        <ele>1356.5</ele>
      </trkpt>
      <trkpt lat="45.09146" lon="6.71881">
        <ele>1353.6</ele>
      </trkpt>
      <trkpt lat="45.09148" lon="6.71877">
        <ele>1352.8</ele>
      </trkpt>
      <trkpt lat="45.09148" lon="6.71872">
        <ele>1351.9</ele>
      </trkpt>
      <trkpt lat="45.09147" lon="6.71868">
        <ele>1351.1</ele>
      </trkpt>
      <trkpt lat="45.09144" lon="6.71867">
        <ele>1351.0</ele>
      </trkpt>
      <trkpt lat="45.09141" lon="6.71868">
        <ele>1351.2</ele>
      </trkpt>
      <trkpt lat="45.09129" lon="6.71879">
        <ele>1353.8</ele>
      </trkpt>
      <trkpt lat="45.09091" lon="6.7189">
        <ele>1358.6</ele>
      </trkpt>
      <trkpt lat="45.09076" lon="6.7189">
        <ele>1360.2</ele>
      </trkpt>
      <trkpt lat="45.09053" lon="6.71884">
        <ele>1361.6</ele>
      </trkpt>
      <trkpt lat="45.09028" lon="6.71864">
        <ele>1357.2</ele>
      </trkpt>
      <trkpt lat="45.09006" lon="6.71834">
        <ele>1346.8</ele>
      </trkpt>
      <trkpt lat="45.08995" lon="6.71804">
        <ele>1343.0</ele>
      </trkpt>
      <trkpt lat="45.08988" lon="6.71773">
        <ele>1338.5</ele>
      </trkpt>
      <trkpt lat="45.08939" lon="6.71736">
        <ele>1343.2</ele>
      </trkpt>
      <trkpt lat="45.08905" lon="6.71695">
        <ele>1338.6</ele>
      </trkpt>
      <trkpt lat="45.0887" lon="6.71655">
        <ele>1337.2</ele>
      </trkpt>
      <trkpt lat="45.0887" lon="6.71655">
        <ele>1337.2</ele>
      </trkpt>
      <trkpt lat="45.08826" lon="6.71603">
        <ele>1326.0</ele>
      </trkpt>
      <trkpt lat="45.08793" lon="6.7157">
        <ele>1318.5</ele>
      </trkpt>
      <trkpt lat="45.08787" lon="6.71565">
        <ele>1318.0</ele>
      </trkpt>
      <trkpt lat="45.08782" lon="6.71563">
        <ele>1317.7</ele>
      </trkpt>
      <trkpt lat="45.08772" lon="6.71561">
        <ele>1317.3</ele>
      </trkpt>
      <trkpt lat="45.08743" lon="6.71558">
        <ele>1317.4</ele>
      </trkpt>
      <trkpt lat="45.08731" lon="6.71554">
        <ele>1318.6</ele>
      </trkpt>
      <trkpt lat="45.08714" lon="6.71546">
        <ele>1319.2</ele>
      </trkpt>
      <trkpt lat="45.08704" lon="6.71539">
        <ele>1318.5</ele>
      </trkpt>
      <trkpt lat="45.0869" lon="6.71527">
        <ele>1316.3</ele>
      </trkpt>
      <trkpt lat="45.08641" lon="6.7147">
        <ele>1314.7</ele>
      </trkpt>
      <trkpt lat="45.08632" lon="6.71457">
        <ele>1315.8</ele>
      </trkpt>
      <trkpt lat="45.08623" lon="6.71442">
        <ele>1316.0</ele>
      </trkpt>
      <trkpt lat="45.08615" lon="6.71426">
        <ele>1315.0</ele>
      </trkpt>
      <trkpt lat="45.08608" lon="6.7141">
        <ele>1313.7</ele>
      </trkpt>
      <trkpt lat="45.08586" lon="6.71334">
        <ele>1300.4</ele>
      </trkpt>
      <trkpt lat="45.08565" lon="6.71258">
        <ele>1300.9</ele>
      </trkpt>
      <trkpt lat="45.08553" lon="6.71233">
        <ele>1304.0</ele>
      </trkpt>
      <trkpt lat="45.08545" lon="6.71222">
        <ele>1305.2</ele>
      </trkpt>
      <trkpt lat="45.08536" lon="6.71211">
        <ele>1305.8</ele>
      </trkpt>
      <trkpt lat="45.08525" lon="6.712">
        <ele>1305.2</ele>
      </trkpt>
      <trkpt lat="45.08511" lon="6.71188">
        <ele>1303.2</ele>
      </trkpt>
      <trkpt lat="45.08441" lon="6.71144">
        <ele>1301.2</ele>
      </trkpt>
      <trkpt lat="45.08371" lon="6.711">
        <ele>1296.2</ele>
      </trkpt>
      <trkpt lat="45.08301" lon="6.71056">
        <ele>1295.9</ele>
      </trkpt>
      <trkpt lat="45.08278" lon="6.71043">
        <ele>1295.2</ele>
      </trkpt>
      <trkpt lat="45.08258" lon="6.71036">
        <ele>1294.1</ele>
      </trkpt>
      <trkpt lat="45.08258" lon="6.71019">
        <ele>1293.6</ele>
      </trkpt>
      <trkpt lat="45.08259" lon="6.71004">
        <ele>1293.0</ele>
      </trkpt>
      <trkpt lat="45.08259" lon="6.71">
        <ele>1292.9</ele>
      </trkpt>
      <trkpt lat="45.08258" lon="6.70996">
        <ele>1292.7</ele>
      </trkpt>
      <trkpt lat="45.08255" lon="6.70993">
        <ele>1292.6</ele>
      </trkpt>
      <trkpt lat="45.0825" lon="6.70988">
        <ele>1292.3</ele>
      </trkpt>
      <trkpt lat="45.08186" lon="6.70956">
        <ele>1289.0</ele>
      </trkpt>
      <trkpt lat="45.0817" lon="6.70949">
        <ele>1286.0</ele>
      </trkpt>
      <trkpt lat="45.0811" lon="6.70933">
        <ele>1279.8</ele>
      </trkpt>
      <trkpt lat="45.08082" lon="6.70929">
        <ele>1276.9</ele>
      </trkpt>
      <trkpt lat="45.08082" lon="6.70929">
        <ele>1276.9</ele>
      </trkpt>
      <trkpt lat="45.08067" lon="6.70928">
        <ele>1276.2</ele>
      </trkpt>
      <trkpt lat="45.08055" lon="6.7093">
        <ele>1275.5</ele>
      </trkpt>
      <trkpt lat="45.08028" lon="6.70938">
        <ele>1274.0</ele>
      </trkpt>
      <trkpt lat="45.0797" lon="6.7096">
        <ele>1269.5</ele>
      </trkpt>
      <trkpt lat="45.07917" lon="6.70983">
        <ele>1265.0</ele>
      </trkpt>
      <trkpt lat="45.07864" lon="6.71006">
        <ele>1262.6</ele>
      </trkpt>
      <trkpt lat="45.07812" lon="6.71028">
        <ele>1260.5</ele>
      </trkpt>
      <trkpt lat="45.07798" lon="6.71035">
        <ele>1260.2</ele>
      </trkpt>
      <trkpt lat="45.0776" lon="6.71064">
        <ele>1259.2</ele>
      </trkpt>
      <trkpt lat="45.07754" lon="6.71068">
        <ele>1259.1</ele>
      </trkpt>
      <trkpt lat="45.07748" lon="6.71069">
        <ele>1258.9</ele>
      </trkpt>
      <trkpt lat="45.0774" lon="6.71069">
        <ele>1258.7</ele>
      </trkpt>
      <trkpt lat="45.07758" lon="6.70988">
        <ele>1260.7</ele>
      </trkpt>
      <trkpt lat="45.0776" lon="6.70978">
        <ele>1261.0</ele>
      </trkpt>
      <trkpt lat="45.0776" lon="6.70978">
        <ele>1261.0</ele>
      </trkpt>
      <trkpt lat="45.0778" lon="6.7088">
        <ele>1263.5</ele>
      </trkpt>
      <trkpt lat="45.07783" lon="6.70873">
        <ele>1263.7</ele>
      </trkpt>
      <trkpt lat="45.07787" lon="6.70869">
        <ele>1263.9</ele>
      </trkpt>
      <trkpt lat="45.07791" lon="6.70868">
        <ele>1264.0</ele>
      </trkpt>
      <trkpt lat="45.07795" lon="6.70868">
        <ele>1264.1</ele>
      </trkpt>
      <trkpt lat="45.07799" lon="6.70869">
        <ele>1264.3</ele>
      </trkpt>
      <trkpt lat="45.07804" lon="6.70875">
        <ele>1264.5</ele>
      </trkpt>
      <trkpt lat="45.07806" lon="6.7088">
        <ele>1264.7</ele>
      </trkpt>
      <trkpt lat="45.07806" lon="6.70886">
        <ele>1264.8</ele>
      </trkpt>
      <trkpt lat="45.07806" lon="6.70892">
        <ele>1265.0</ele>
      </trkpt>
      <trkpt lat="45.07804" lon="6.70897">
        <ele>1264.8</ele>
      </trkpt>
      <trkpt lat="45.07801" lon="6.709">
        <ele>1264.7</ele>
      </trkpt>
      <trkpt lat="45.07798" lon="6.70903">
        <ele>1264.6</ele>
      </trkpt>
      <trkpt lat="45.07793" lon="6.70906">
        <ele>1264.5</ele>
      </trkpt>
      <trkpt lat="45.07783" lon="6.70908">
        <ele>1264.7</ele>
      </trkpt>
      <trkpt lat="45.0777" lon="6.70906">
        <ele>1265.1</ele>
      </trkpt>
      <trkpt lat="45.07766" lon="6.70907">
        <ele>1265.1</ele>
      </trkpt>
      <trkpt lat="45.07729" lon="6.70919">
        <ele>1264.3</ele>
      </trkpt>
      <trkpt lat="45.07721" lon="6.70922">
        <ele>1263.9</ele>
      </trkpt>
      <trkpt lat="45.07678" lon="6.70941">
        <ele>1261.8</ele>
      </trkpt>
      <trkpt lat="45.07634" lon="6.70959">
        <ele>1260.1</ele>
      </trkpt>
      <trkpt lat="45.07621" lon="6.70964">
        <ele>1259.8</ele>
      </trkpt>
      <trkpt lat="45.07618" lon="6.70964">
        <ele>1259.7</ele>
      </trkpt>
      <trkpt lat="45.07617" lon="6.7096">
        <ele>1259.9</ele>
      </trkpt>
      <trkpt lat="45.07614" lon="6.70958">
        <ele>1259.9</ele>
      </trkpt>
      <trkpt lat="45.0761" lon="6.70959">
        <ele>1259.8</ele>
      </trkpt>
      <trkpt lat="45.07604" lon="6.70951">
        <ele>1259.9</ele>
      </trkpt>
      <trkpt lat="45.07579" lon="6.70924">
        <ele>1260.5</ele>
      </trkpt>
      <trkpt lat="45.07568" lon="6.70911">
        <ele>1260.8</ele>
      </trkpt>
      <trkpt lat="45.07566" lon="6.70909">
        <ele>1260.9</ele>
      </trkpt>
      <trkpt lat="45.07565" lon="6.70904">
        <ele>1261.0</ele>
      </trkpt>
      <trkpt lat="45.07564" lon="6.70892">
        <ele>1261.1</ele>
      </trkpt>
      <trkpt lat="45.07564" lon="6.70885">
        <ele>1261.3</ele>
      </trkpt>
      <trkpt lat="45.07563" lon="6.70881">
        <ele>1261.4</ele>
      </trkpt>
      <trkpt lat="45.0756" lon="6.70876">
        <ele>1261.6</ele>
      </trkpt>
      <trkpt lat="45.07556" lon="6.70874">
        <ele>1261.7</ele>
      </trkpt>
      <trkpt lat="45.07551" lon="6.70875">
        <ele>1261.7</ele>
      </trkpt>
      <trkpt lat="45.07534" lon="6.70862">
        <ele>1262.2</ele>
      </trkpt>
      <trkpt lat="45.07499" lon="6.70791">
        <ele>1264.1</ele>
      </trkpt>
      <trkpt lat="45.07464" lon="6.7072">
        <ele>1267.2</ele>
      </trkpt>
      <trkpt lat="45.07439" lon="6.70666">
        <ele>1268.0</ele>
      </trkpt>
      <trkpt lat="45.07414" lon="6.70611">
        <ele>1268.4</ele>
      </trkpt>
      <trkpt lat="45.07393" lon="6.70563">
        <ele>1269.4</ele>
      </trkpt>
      <trkpt lat="45.07389" lon="6.70553">
        <ele>1269.4</ele>
      </trkpt>
      <trkpt lat="45.07392" lon="6.70549">
        <ele>1269.2</ele>
      </trkpt>
      <trkpt lat="45.07393" lon="6.70545">
        <ele>1269.1</ele>
      </trkpt>
      <trkpt lat="45.07394" lon="6.7054">
        <ele>1268.9</ele>
      </trkpt>
      <trkpt lat="45.07393" lon="6.70535">
        <ele>1268.9</ele>
      </trkpt>
      <trkpt lat="45.07392" lon="6.70531">
        <ele>1268.8</ele>
      </trkpt>
      <trkpt lat="45.07389" lon="6.70528">
        <ele>1268.9</ele>
      </trkpt>
      <trkpt lat="45.07384" lon="6.70525">
        <ele>1269.0</ele>
      </trkpt>
      <trkpt lat="45.07378" lon="6.70527">
        <ele>1269.2</ele>
      </trkpt>
      <trkpt lat="45.07372" lon="6.70516">
        <ele>1269.1</ele>
      </trkpt>
      <trkpt lat="45.07365" lon="6.70492">
        <ele>1268.8</ele>
      </trkpt>
      <trkpt lat="45.07347" lon="6.70399">
        <ele>1269.7</ele>
      </trkpt>
      <trkpt lat="45.0733" lon="6.70299">
        <ele>1268.9</ele>
      </trkpt>
      <trkpt lat="45.07319" lon="6.70241">
        <ele>1269.7</ele>
      </trkpt>
      <trkpt lat="45.07319" lon="6.70241">
        <ele>1269.7</ele>
      </trkpt>
      <trkpt lat="45.07304" lon="6.70162">
        <ele>1270.5</ele>
      </trkpt>
      <trkpt lat="45.07289" lon="6.70082">
        <ele>1274.5</ele>
      </trkpt>
      <trkpt lat="45.07271" lon="6.69987">
        <ele>1278.2</ele>
      </trkpt>
      <trkpt lat="45.07252" lon="6.69892">
        <ele>1277.8</ele>
      </trkpt>
      <trkpt lat="45.07234" lon="6.69791">
        <ele>1277.9</ele>
      </trkpt>
      <trkpt lat="45.07222" lon="6.69732">
        <ele>1278.0</ele>
      </trkpt>
      <trkpt lat="45.07214" lon="6.697">
        <ele>1278.1</ele>
      </trkpt>
      <trkpt lat="45.07207" lon="6.69678">
        <ele>1278.8</ele>
      </trkpt>
      <trkpt lat="45.07187" lon="6.69627">
        <ele>1278.5</ele>
      </trkpt>
      <trkpt lat="45.07189" lon="6.69625">
        <ele>1278.6</ele>
      </trkpt>
      <trkpt lat="45.07191" lon="6.69621">
        <ele>1278.7</ele>
      </trkpt>
      <trkpt lat="45.07191" lon="6.69617">
        <ele>1278.7</ele>
      </trkpt>
      <trkpt lat="45.07191" lon="6.69613">
        <ele>1278.7</ele>
      </trkpt>
      <trkpt lat="45.0719" lon="6.69609">
        <ele>1278.7</ele>
      </trkpt>
      <trkpt lat="45.07188" lon="6.69606">
        <ele>1278.6</ele>
      </trkpt>
      <trkpt lat="45.07183" lon="6.69603">
        <ele>1278.4</ele>
      </trkpt>
      <trkpt lat="45.0718" lon="6.69603">
        <ele>1278.3</ele>
      </trkpt>
      <trkpt lat="45.07175" lon="6.69607">
        <ele>1278.1</ele>
      </trkpt>
      <trkpt lat="45.07152" lon="6.69578">
        <ele>1277.8</ele>
      </trkpt>
      <trkpt lat="45.07138" lon="6.69554">
        <ele>1277.9</ele>
      </trkpt>
      <trkpt lat="45.07128" lon="6.69536">
        <ele>1278.1</ele>
      </trkpt>
      <trkpt lat="45.07123" lon="6.69521">
        <ele>1278.3</ele>
      </trkpt>
      <trkpt lat="45.0712" lon="6.69504">
        <ele>1278.5</ele>
      </trkpt>
      <trkpt lat="45.07117" lon="6.69476">
        <ele>1279.5</ele>
      </trkpt>
      <trkpt lat="45.07117" lon="6.69465">
        <ele>1279.9</ele>
      </trkpt>
      <trkpt lat="45.0712" lon="6.69396">
        <ele>1283.2</ele>
      </trkpt>
      <trkpt lat="45.07124" lon="6.69331">
        <ele>1287.7</ele>
      </trkpt>
      <trkpt lat="45.07128" lon="6.69265">
        <ele>1292.8</ele>
      </trkpt>
      <trkpt lat="45.07129" lon="6.69245">
        <ele>1294.3</ele>
      </trkpt>
      <trkpt lat="45.07127" lon="6.69208">
        <ele>1297.3</ele>
      </trkpt>
      <trkpt lat="45.07124" lon="6.6919">
        <ele>1298.7</ele>
      </trkpt>
      <trkpt lat="45.07118" lon="6.69162">
        <ele>1300.9</ele>
      </trkpt>
      <trkpt lat="45.07107" lon="6.69125">
        <ele>1304.3</ele>
      </trkpt>
      <trkpt lat="45.07099" lon="6.69106">
        <ele>1305.5</ele>
      </trkpt>
      <trkpt lat="45.07088" lon="6.69086">
        <ele>1306.2</ele>
      </trkpt>
      <trkpt lat="45.07073" lon="6.69065">
        <ele>1308.6</ele>
      </trkpt>
      <trkpt lat="45.07061" lon="6.69049">
        <ele>1310.6</ele>
      </trkpt>
      <trkpt lat="45.0705" lon="6.69038">
        <ele>1311.9</ele>
      </trkpt>
      <trkpt lat="45.07041" lon="6.6903">
        <ele>1312.8</ele>
      </trkpt>
      <trkpt lat="45.07024" lon="6.69018">
        <ele>1313.8</ele>
      </trkpt>
      <trkpt lat="45.07001" lon="6.69004">
        <ele>1314.7</ele>
      </trkpt>
      <trkpt lat="45.06985" lon="6.68999">
        <ele>1316.2</ele>
      </trkpt>
      <trkpt lat="45.06896" lon="6.68984">
        <ele>1324.2</ele>
      </trkpt>
      <trkpt lat="45.06807" lon="6.68969">
        <ele>1330.4</ele>
      </trkpt>
      <trkpt lat="45.06784" lon="6.68962">
        <ele>1331.4</ele>
      </trkpt>
      <trkpt lat="45.06771" lon="6.68956">
        <ele>1332.2</ele>
      </trkpt>
      <trkpt lat="45.0676" lon="6.68949">
        <ele>1333.0</ele>
      </trkpt>
      <trkpt lat="45.06751" lon="6.68943">
        <ele>1333.7</ele>
      </trkpt>
      <trkpt lat="45.06732" lon="6.68922">
        <ele>1335.3</ele>
      </trkpt>
      <trkpt lat="45.06697" lon="6.68872">
        <ele>1339.2</ele>
      </trkpt>
      <trkpt lat="45.06662" lon="6.68822">
        <ele>1341.7</ele>
      </trkpt>
      <trkpt lat="45.06662" lon="6.68822">
        <ele>1341.7</ele>
      </trkpt>
      <trkpt lat="45.06636" lon="6.68784">
        <ele>1347.5</ele>
      </trkpt>
      <trkpt lat="45.06613" lon="6.68754">
        <ele>1351.8</ele>
      </trkpt>
      <trkpt lat="45.06597" lon="6.68737">
        <ele>1353.8</ele>
      </trkpt>
      <trkpt lat="45.06578" lon="6.68727">
        <ele>1354.9</ele>
      </trkpt>
      <trkpt lat="45.06557" lon="6.68722">
        <ele>1355.4</ele>
      </trkpt>
      <trkpt lat="45.06528" lon="6.68719">
        <ele>1355.6</ele>
      </trkpt>
      <trkpt lat="45.06449" lon="6.68714">
        <ele>1357.7</ele>
      </trkpt>
      <trkpt lat="45.06422" lon="6.68711">
        <ele>1359.0</ele>
      </trkpt>
      <trkpt lat="45.06406" lon="6.68708">
        <ele>1359.8</ele>
      </trkpt>
      <trkpt lat="45.06389" lon="6.68701">
        <ele>1361.2</ele>
      </trkpt>
      <trkpt lat="45.06372" lon="6.68693">
        <ele>1362.7</ele>
      </trkpt>
      <trkpt lat="45.06361" lon="6.68686">
        <ele>1363.7</ele>
      </trkpt>
      <trkpt lat="45.06348" lon="6.68676">
        <ele>1364.9</ele>
      </trkpt>
      <trkpt lat="45.06336" lon="6.68664">
        <ele>1366.2</ele>
      </trkpt>
      <trkpt lat="45.06323" lon="6.6865">
        <ele>1366.9</ele>
      </trkpt>
      <trkpt lat="45.06316" lon="6.68642">
        <ele>1367.2</ele>
      </trkpt>
      <trkpt lat="45.06259" lon="6.68558">
        <ele>1371.2</ele>
      </trkpt>
      <trkpt lat="45.06202" lon="6.68473">
        <ele>1372.2</ele>
      </trkpt>
      <trkpt lat="45.06145" lon="6.68388">
        <ele>1372.2</ele>
      </trkpt>
      <trkpt lat="45.06088" lon="6.68304">
        <ele>1372.0</ele>
      </trkpt>
      <trkpt lat="45.06031" lon="6.68219">
        <ele>1372.4</ele>
      </trkpt>
      <trkpt lat="45.06004" lon="6.68185">
        <ele>1371.9</ele>
      </trkpt>
      <trkpt lat="45.05976" lon="6.68154">
        <ele>1370.8</ele>
      </trkpt>
      <trkpt lat="45.05963" lon="6.68143">
        <ele>1370.2</ele>
      </trkpt>
      <trkpt lat="45.05951" lon="6.68135">
        <ele>1369.5</ele>
      </trkpt>
      <trkpt lat="45.05939" lon="6.68132">
        <ele>1368.5</ele>
      </trkpt>
      <trkpt lat="45.05933" lon="6.68133">
        <ele>1367.8</ele>
      </trkpt>
      <trkpt lat="45.05925" lon="6.68137">
        <ele>1366.9</ele>
      </trkpt>
      <trkpt lat="45.05915" lon="6.68143">
        <ele>1365.8</ele>
      </trkpt>
      <trkpt lat="45.05908" lon="6.68149">
        <ele>1365.6</ele>
      </trkpt>
      <trkpt lat="45.05894" lon="6.68167">
        <ele>1364.7</ele>
      </trkpt>
      <trkpt lat="45.05888" lon="6.68177">
        <ele>1364.6</ele>
      </trkpt>
      <trkpt lat="45.05881" lon="6.68192">
        <ele>1364.4</ele>
      </trkpt>
      <trkpt lat="45.05879" lon="6.68198">
        <ele>1364.4</ele>
      </trkpt>
      <trkpt lat="45.05879" lon="6.68205">
        <ele>1364.3</ele>
      </trkpt>
      <trkpt lat="45.05882" lon="6.68222">
        <ele>1364.3</ele>
      </trkpt>
      <trkpt lat="45.05882" lon="6.68233">
        <ele>1364.3</ele>
      </trkpt>
      <trkpt lat="45.05879" lon="6.68251">
        <ele>1364.1</ele>
      </trkpt>
      <trkpt lat="45.05872" lon="6.68265">
        <ele>1363.9</ele>
      </trkpt>
      <trkpt lat="45.05862" lon="6.68277">
        <ele>1363.7</ele>
      </trkpt>
      <trkpt lat="45.05858" lon="6.68279">
        <ele>1363.7</ele>
      </trkpt>
      <trkpt lat="45.05855" lon="6.68277">
        <ele>1363.6</ele>
      </trkpt>
      <trkpt lat="45.05844" lon="6.68255">
        <ele>1363.4</ele>
      </trkpt>
      <trkpt lat="45.05815" lon="6.68205">
        <ele>1365.3</ele>
      </trkpt>
      <trkpt lat="45.05785" lon="6.68155">
        <ele>1368.5</ele>
      </trkpt>
      <trkpt lat="45.05766" lon="6.68123">
        <ele>1370.9</ele>
      </trkpt>
      <trkpt lat="45.05766" lon="6.68123">
        <ele>1370.9</ele>
      </trkpt>
      <trkpt lat="45.05748" lon="6.68098">
        <ele>1373.1</ele>
      </trkpt>
      <trkpt lat="45.05745" lon="6.68094">
        <ele>1373.8</ele>
      </trkpt>
      <trkpt lat="45.0574" lon="6.68092">
        <ele>1374.8</ele>
      </trkpt>
      <trkpt lat="45.05729" lon="6.68089">
        <ele>1377.1</ele>
      </trkpt>
      <trkpt lat="45.05714" lon="6.68092">
        <ele>1380.2</ele>
      </trkpt>
      <trkpt lat="45.05709" lon="6.68091">
        <ele>1381.1</ele>
      </trkpt>
      <trkpt lat="45.05703" lon="6.68087">
        <ele>1382.2</ele>
      </trkpt>
      <trkpt lat="45.05653" lon="6.68034">
        <ele>1384.2</ele>
      </trkpt>
      <trkpt lat="45.0565" lon="6.68028">
        <ele>1384.4</ele>
      </trkpt>
      <trkpt lat="45.05648" lon="6.68023">
        <ele>1384.5</ele>
      </trkpt>
      <trkpt lat="45.05644" lon="6.67991">
        <ele>1385.3</ele>
      </trkpt>
      <trkpt lat="45.05639" lon="6.67946">
        <ele>1386.4</ele>
      </trkpt>
      <trkpt lat="45.05637" lon="6.67938">
        <ele>1386.8</ele>
      </trkpt>
      <trkpt lat="45.05634" lon="6.6793">
        <ele>1387.2</ele>
      </trkpt>
      <trkpt lat="45.05631" lon="6.67925">
        <ele>1387.4</ele>
      </trkpt>
      <trkpt lat="45.05626" lon="6.67921">
        <ele>1387.5</ele>
      </trkpt>
      <trkpt lat="45.05575" lon="6.67894">
        <ele>1392.3</ele>
      </trkpt>
      <trkpt lat="45.05559" lon="6.67884">
        <ele>1394.3</ele>
      </trkpt>
      <trkpt lat="45.0553" lon="6.6786">
        <ele>1395.6</ele>
      </trkpt>
      <trkpt lat="45.05519" lon="6.67853">
        <ele>1394.9</ele>
      </trkpt>
      <trkpt lat="45.05507" lon="6.67847">
        <ele>1393.6</ele>
      </trkpt>
      <trkpt lat="45.05493" lon="6.67844">
        <ele>1393.2</ele>
      </trkpt>
      <trkpt lat="45.05474" lon="6.67841">
        <ele>1394.3</ele>
      </trkpt>
      <trkpt lat="45.05403" lon="6.67835">
        <ele>1399.1</ele>
      </trkpt>
      <trkpt lat="45.05382" lon="6.6783">
        <ele>1402.0</ele>
      </trkpt>
      <trkpt lat="45.05372" lon="6.67823">
        <ele>1404.0</ele>
      </trkpt>
      <trkpt lat="45.05365" lon="6.67815">
        <ele>1405.3</ele>
      </trkpt>
      <trkpt lat="45.05357" lon="6.67803">
        <ele>1406.5</ele>
      </trkpt>
      <trkpt lat="45.05324" lon="6.67748">
        <ele>1406.8</ele>
      </trkpt>
      <trkpt lat="45.05284" lon="6.67666">
        <ele>1417.1</ele>
      </trkpt>
      <trkpt lat="45.0525" lon="6.6761">
        <ele>1422.9</ele>
      </trkpt>
      <trkpt lat="45.05215" lon="6.67566">
        <ele>1431.0</ele>
      </trkpt>
      <trkpt lat="45.0518" lon="6.67522">
        <ele>1434.2</ele>
      </trkpt>
      <trkpt lat="45.0518" lon="6.67522">
        <ele>1434.2</ele>
      </trkpt>
      <trkpt lat="45.05161" lon="6.67498">
        <ele>1433.1</ele>
      </trkpt>
      <trkpt lat="45.05158" lon="6.67493">
        <ele>1433.5</ele>
      </trkpt>
      <trkpt lat="45.05149" lon="6.67472">
        <ele>1434.7</ele>
      </trkpt>
      <trkpt lat="45.05141" lon="6.67455">
        <ele>1434.9</ele>
      </trkpt>
      <trkpt lat="45.05134" lon="6.67446">
        <ele>1435.0</ele>
      </trkpt>
      <trkpt lat="45.05125" lon="6.67434">
        <ele>1435.2</ele>
      </trkpt>
      <trkpt lat="45.05108" lon="6.6741">
        <ele>1435.6</ele>
      </trkpt>
      <trkpt lat="45.05099" lon="6.67395">
        <ele>1435.4</ele>
      </trkpt>
      <trkpt lat="45.05092" lon="6.67377">
        <ele>1435.4</ele>
      </trkpt>
      <trkpt lat="45.05087" lon="6.67362">
        <ele>1435.5</ele>
      </trkpt>
      <trkpt lat="45.05084" lon="6.67345">
        <ele>1435.7</ele>
      </trkpt>
      <trkpt lat="45.0507" lon="6.67264">
        <ele>1439.7</ele>
      </trkpt>
      <trkpt lat="45.05058" lon="6.67198">
        <ele>1443.4</ele>
      </trkpt>
      <trkpt lat="45.05047" lon="6.67134">
        <ele>1446.0</ele>
      </trkpt>
      <trkpt lat="45.05032" lon="6.67049">
        <ele>1449.3</ele>
      </trkpt>
      <trkpt lat="45.05017" lon="6.66963">
        <ele>1453.0</ele>
      </trkpt>
      <trkpt lat="45.05002" lon="6.66877">
        <ele>1455.3</ele>
      </trkpt>
      <trkpt lat="45.04989" lon="6.66813">
        <ele>1456.3</ele>
      </trkpt>
      <trkpt lat="45.04976" lon="6.66749">
        <ele>1457.3</ele>
      </trkpt>
      <trkpt lat="45.04972" lon="6.66711">
        <ele>1458.5</ele>
      </trkpt>
      <trkpt lat="45.04971" lon="6.66658">
        <ele>1459.3</ele>
      </trkpt>
      <trkpt lat="45.04972" lon="6.66566">
        <ele>1458.8</ele>
      </trkpt>
      <trkpt lat="45.04974" lon="6.66474">
        <ele>1463.7</ele>
      </trkpt>
      <trkpt lat="45.04977" lon="6.6639">
        <ele>1469.9</ele>
      </trkpt>
      <trkpt lat="45.04983" lon="6.66332">
        <ele>1475.0</ele>
      </trkpt>
      <trkpt lat="45.04986" lon="6.66285">
        <ele>1480.9</ele>
      </trkpt>
      <trkpt lat="45.04988" lon="6.66275">
        <ele>1481.8</ele>
      </trkpt>
      <trkpt lat="45.04994" lon="6.66257">
        <ele>1482.7</ele>
      </trkpt>
      <trkpt lat="45.04995" lon="6.66251">
        <ele>1483.2</ele>
      </trkpt>
      <trkpt lat="45.05004" lon="6.66182">
        <ele>1493.2</ele>
      </trkpt>
      <trkpt lat="45.05008" lon="6.66156">
        <ele>1499.3</ele>
      </trkpt>
      <trkpt lat="45.05022" lon="6.66117">
        <ele>1510.0</ele>
      </trkpt>
      <trkpt lat="45.05026" lon="6.6611">
        <ele>1511.0</ele>
      </trkpt>
      <trkpt lat="45.05031" lon="6.66104">
        <ele>1511.1</ele>
      </trkpt>
      <trkpt lat="45.05048" lon="6.66089">
        <ele>1508.6</ele>
      </trkpt>
      <trkpt lat="45.05062" lon="6.66071">
        <ele>1507.9</ele>
      </trkpt>
      <trkpt lat="45.05074" lon="6.66057">
        <ele>1507.1</ele>
      </trkpt>
      <trkpt lat="45.05099" lon="6.66033">
        <ele>1507.5</ele>
      </trkpt>
      <trkpt lat="45.05108" lon="6.66026">
        <ele>1507.5</ele>
      </trkpt>
      <trkpt lat="45.05115" lon="6.66021">
        <ele>1507.1</ele>
      </trkpt>
      <trkpt lat="45.05118" lon="6.66018">
        <ele>1507.0</ele>
      </trkpt>
      <trkpt lat="45.05121" lon="6.66012">
        <ele>1507.2</ele>
      </trkpt>
      <trkpt lat="45.05131" lon="6.6598">
        <ele>1510.5</ele>
      </trkpt>
      <trkpt lat="45.0514" lon="6.65928">
        <ele>1517.6</ele>
      </trkpt>
      <trkpt lat="45.05144" lon="6.65915">
        <ele>1518.5</ele>
      </trkpt>
      <trkpt lat="45.05149" lon="6.65904">
        <ele>1518.8</ele>
      </trkpt>
      <trkpt lat="45.0516" lon="6.65884">
        <ele>1518.0</ele>
      </trkpt>
      <trkpt lat="45.05213" lon="6.6581">
        <ele>1519.7</ele>
      </trkpt>
      <trkpt lat="45.05224" lon="6.65792">
        <ele>1520.6</ele>
      </trkpt>
      <trkpt lat="45.0523" lon="6.6578">
        <ele>1521.2</ele>
      </trkpt>
      <trkpt lat="45.05236" lon="6.65765">
        <ele>1522.2</ele>
      </trkpt>
      <trkpt lat="45.0524" lon="6.6574">
        <ele>1526.2</ele>
      </trkpt>
      <trkpt lat="45.0524" lon="6.65735">
        <ele>1527.6</ele>
      </trkpt>
      <trkpt lat="45.05238" lon="6.6573">
        <ele>1529.6</ele>
      </trkpt>
      <trkpt lat="45.05236" lon="6.65729">
        <ele>1530.7</ele>
      </trkpt>
      <trkpt lat="45.05234" lon="6.65729">
        <ele>1531.4</ele>
      </trkpt>
      <trkpt lat="45.05231" lon="6.65731">
        <ele>1532.0</ele>
      </trkpt>
      <trkpt lat="45.05202" lon="6.65768">
        <ele>1532.9</ele>
      </trkpt>
      <trkpt lat="45.05188" lon="6.65785">
        <ele>1533.0</ele>
      </trkpt>
      <trkpt lat="45.05188" lon="6.65785">
        <ele>1533.0</ele>
      </trkpt>
      <trkpt lat="45.05156" lon="6.65822">
        <ele>1534.5</ele>
      </trkpt>
      <trkpt lat="45.05109" lon="6.6589">
        <ele>1541.5</ele>
      </trkpt>
      <trkpt lat="45.0507" lon="6.6595">
        <ele>1542.3</ele>
      </trkpt>
      <trkpt lat="45.05032" lon="6.6601">
        <ele>1542.4</ele>
      </trkpt>
      <trkpt lat="45.05021" lon="6.66025">
        <ele>1542.3</ele>
      </trkpt>
      <trkpt lat="45.05012" lon="6.66036">
        <ele>1542.6</ele>
      </trkpt>
      <trkpt lat="45.04985" lon="6.6606">
        <ele>1544.2</ele>
      </trkpt>
      <trkpt lat="45.04974" lon="6.66067">
        <ele>1545.4</ele>
      </trkpt>
      <trkpt lat="45.04965" lon="6.66071">
        <ele>1547.1</ele>
      </trkpt>
      <trkpt lat="45.04936" lon="6.66077">
        <ele>1555.3</ele>
      </trkpt>
      <trkpt lat="45.04926" lon="6.66082">
        <ele>1557.1</ele>
      </trkpt>
      <trkpt lat="45.04902" lon="6.66094">
        <ele>1561.5</ele>
      </trkpt>
      <trkpt lat="45.04897" lon="6.66098">
        <ele>1562.0</ele>
      </trkpt>
      <trkpt lat="45.04892" lon="6.66104">
        <ele>1561.8</ele>
      </trkpt>
      <trkpt lat="45.04887" lon="6.66112">
        <ele>1561.0</ele>
      </trkpt>
      <trkpt lat="45.04876" lon="6.66149">
        <ele>1553.4</ele>
      </trkpt>
      <trkpt lat="45.04872" lon="6.66158">
        <ele>1552.3</ele>
      </trkpt>
      <trkpt lat="45.0482" lon="6.66232">
        <ele>1556.7</ele>
      </trkpt>
      <trkpt lat="45.04812" lon="6.6624">
        <ele>1557.2</ele>
      </trkpt>
      <trkpt lat="45.04807" lon="6.66242">
        <ele>1558.2</ele>
      </trkpt>
      <trkpt lat="45.04799" lon="6.66243">
        <ele>1560.5</ele>
      </trkpt>
      <trkpt lat="45.0479" lon="6.66241">
        <ele>1563.8</ele>
      </trkpt>
      <trkpt lat="45.04785" lon="6.66241">
        <ele>1565.3</ele>
      </trkpt>
      <trkpt lat="45.04778" lon="6.66245">
        <ele>1566.5</ele>
      </trkpt>
      <trkpt lat="45.04762" lon="6.66263">
        <ele>1568.4</ele>
      </trkpt>
      <trkpt lat="45.04715" lon="6.66311">
        <ele>1570.5</ele>
      </trkpt>
      <trkpt lat="45.04686" lon="6.66335">
        <ele>1570.2</ele>
      </trkpt>
      <trkpt lat="45.04671" lon="6.66345">
        <ele>1570.5</ele>
      </trkpt>
      <trkpt lat="45.04663" lon="6.66347">
        <ele>1572.3</ele>
      </trkpt>
      <trkpt lat="45.04658" lon="6.66346">
        <ele>1574.7</ele>
      </trkpt>
      <trkpt lat="45.04653" lon="6.66343">
        <ele>1577.5</ele>
      </trkpt>
      <trkpt lat="45.0465" lon="6.66336">
        <ele>1580.1</ele>
      </trkpt>
      <trkpt lat="45.0465" lon="6.66327">
        <ele>1582.0</ele>
      </trkpt>
      <trkpt lat="45.04653" lon="6.66316">
        <ele>1582.9</ele>
      </trkpt>
      <trkpt lat="45.04663" lon="6.66297">
        <ele>1582.5</ele>
      </trkpt>
      <trkpt lat="45.04688" lon="6.66257">
        <ele>1585.3</ele>
      </trkpt>
      <trkpt lat="45.04701" lon="6.66238">
        <ele>1586.8</ele>
      </trkpt>
      <trkpt lat="45.04713" lon="6.6623">
        <ele>1586.4</ele>
      </trkpt>
      <trkpt lat="45.04727" lon="6.66225">
        <ele>1584.8</ele>
      </trkpt>
      <trkpt lat="45.04732" lon="6.66222">
        <ele>1584.6</ele>
      </trkpt>
      <trkpt lat="45.04739" lon="6.66215">
        <ele>1585.0</ele>
      </trkpt>
      <trkpt lat="45.04741" lon="6.66209">
        <ele>1586.1</ele>
      </trkpt>
      <trkpt lat="45.04742" lon="6.66203">
        <ele>1587.4</ele>
      </trkpt>
      <trkpt lat="45.04741" lon="6.66193">
        <ele>1590.1</ele>
      </trkpt>
      <trkpt lat="45.04739" lon="6.66188">
        <ele>1591.7</ele>
      </trkpt>
      <trkpt lat="45.04736" lon="6.66185">
        <ele>1593.0</ele>
      </trkpt>
      <trkpt lat="45.04731" lon="6.66183">
        <ele>1594.4</ele>
      </trkpt>
      <trkpt lat="45.04722" lon="6.66183">
        <ele>1596.1</ele>
      </trkpt>
      <trkpt lat="45.04717" lon="6.66185">
        <ele>1596.5</ele>
      </trkpt>
      <trkpt lat="45.04691" lon="6.66207">
        <ele>1596.1</ele>
      </trkpt>
      <trkpt lat="45.04676" lon="6.66221">
        <ele>1595.8</ele>
      </trkpt>
      <trkpt lat="45.04661" lon="6.66239">
        <ele>1596.0</ele>
      </trkpt>
      <trkpt lat="45.04647" lon="6.6626">
        <ele>1597.6</ele>
      </trkpt>
      <trkpt lat="45.04633" lon="6.66287">
        <ele>1598.1</ele>
      </trkpt>
      <trkpt lat="45.04621" lon="6.66322">
        <ele>1596.2</ele>
      </trkpt>
      <trkpt lat="45.04612" lon="6.66341">
        <ele>1596.3</ele>
      </trkpt>
      <trkpt lat="45.04605" lon="6.66354">
        <ele>1596.5</ele>
      </trkpt>
      <trkpt lat="45.04571" lon="6.66392">
        <ele>1603.1</ele>
      </trkpt>
      <trkpt lat="45.04558" lon="6.6641">
        <ele>1604.9</ele>
      </trkpt>
      <trkpt lat="45.04554" lon="6.66416">
        <ele>1605.3</ele>
      </trkpt>
      <trkpt lat="45.04545" lon="6.66435">
        <ele>1604.8</ele>
      </trkpt>
      <trkpt lat="45.04541" lon="6.66439">
        <ele>1605.7</ele>
      </trkpt>
      <trkpt lat="45.04535" lon="6.66439">
        <ele>1608.6</ele>
      </trkpt>
      <trkpt lat="45.04532" lon="6.66434">
        <ele>1611.3</ele>
      </trkpt>
      <trkpt lat="45.04532" lon="6.66429">
        <ele>1612.5</ele>
      </trkpt>
      <trkpt lat="45.04533" lon="6.66424">
        <ele>1613.3</ele>
      </trkpt>
      <trkpt lat="45.04537" lon="6.66417">
        <ele>1613.2</ele>
      </trkpt>
      <trkpt lat="45.04556" lon="6.6639">
        <ele>1611.0</ele>
      </trkpt>
      <trkpt lat="45.04571" lon="6.66365">
        <ele>1609.8</ele>
      </trkpt>
      <trkpt lat="45.0458" lon="6.66347">
        <ele>1609.5</ele>
      </trkpt>
      <trkpt lat="45.04586" lon="6.6633">
        <ele>1610.5</ele>
      </trkpt>
      <trkpt lat="45.04607" lon="6.66255">
        <ele>1616.5</ele>
      </trkpt>
      <trkpt lat="45.04629" lon="6.66179">
        <ele>1624.3</ele>
      </trkpt>
      <trkpt lat="45.04629" lon="6.66179">
        <ele>1624.3</ele>
      </trkpt>
      <trkpt lat="45.04649" lon="6.66107">
        <ele>1632.8</ele>
      </trkpt>
      <trkpt lat="45.04677" lon="6.66028">
        <ele>1643.0</ele>
      </trkpt>
      <trkpt lat="45.04682" lon="6.66018">
        <ele>1644.8</ele>
      </trkpt>
      <trkpt lat="45.04687" lon="6.6601">
        <ele>1646.0</ele>
      </trkpt>
      <trkpt lat="45.04745" lon="6.65945">
        <ele>1648.9</ele>
      </trkpt>
      <trkpt lat="45.04751" lon="6.6594">
        <ele>1647.9</ele>
      </trkpt>
      <trkpt lat="45.04781" lon="6.6592">
        <ele>1646.1</ele>
      </trkpt>
      <trkpt lat="45.04801" lon="6.65911">
        <ele>1645.2</ele>
      </trkpt>
      <trkpt lat="45.04805" lon="6.65907">
        <ele>1646.1</ele>
      </trkpt>
      <trkpt lat="45.04809" lon="6.659">
        <ele>1648.2</ele>
      </trkpt>
      <trkpt lat="45.04809" lon="6.65896">
        <ele>1650.1</ele>
      </trkpt>
      <trkpt lat="45.04807" lon="6.65888">
        <ele>1654.5</ele>
      </trkpt>
      <trkpt lat="45.04805" lon="6.65885">
        <ele>1656.7</ele>
      </trkpt>
      <trkpt lat="45.04798" lon="6.65885">
        <ele>1659.5</ele>
      </trkpt>
      <trkpt lat="45.04774" lon="6.65895">
        <ele>1662.5</ele>
      </trkpt>
      <trkpt lat="45.0474" lon="6.65904">
        <ele>1668.8</ele>
      </trkpt>
      <trkpt lat="45.04711" lon="6.65919">
        <ele>1672.8</ele>
      </trkpt>
      <trkpt lat="45.0469" lon="6.65928">
        <ele>1679.3</ele>
      </trkpt>
      <trkpt lat="45.04662" lon="6.65941">
        <ele>1687.0</ele>
      </trkpt>
      <trkpt lat="45.04648" lon="6.65952">
        <ele>1691.6</ele>
      </trkpt>
      <trkpt lat="45.04643" lon="6.65957">
        <ele>1692.7</ele>
      </trkpt>
      <trkpt lat="45.04639" lon="6.65964">
        <ele>1692.2</ele>
      </trkpt>
      <trkpt lat="45.04632" lon="6.65988">
        <ele>1685.6</ele>
      </trkpt>
      <trkpt lat="45.04595" lon="6.6606">
        <ele>1681.2</ele>
      </trkpt>
      <trkpt lat="45.04583" lon="6.66079">
        <ele>1680.3</ele>
      </trkpt>
      <trkpt lat="45.04576" lon="6.66089">
        <ele>1683.1</ele>
      </trkpt>
      <trkpt lat="45.04559" lon="6.66106">
        <ele>1693.1</ele>
      </trkpt>
      <trkpt lat="45.04547" lon="6.66122">
        <ele>1698.4</ele>
      </trkpt>
      <trkpt lat="45.04543" lon="6.66129">
        <ele>1699.4</ele>
      </trkpt>
      <trkpt lat="45.04543" lon="6.66129">
        <ele>1699.4</ele>
      </trkpt>
      <trkpt lat="45.04522" lon="6.66181">
        <ele>1698.1</ele>
      </trkpt>
      <trkpt lat="45.04507" lon="6.66213">
        <ele>1696.8</ele>
      </trkpt>
      <trkpt lat="45.04493" lon="6.66239">
        <ele>1695.6</ele>
      </trkpt>
      <trkpt lat="45.04493" lon="6.66239">
        <ele>1695.6</ele>
      </trkpt>
      <trkpt lat="45.04476" lon="6.66263">
        <ele>1698.4</ele>
      </trkpt>
      <trkpt lat="45.0446" lon="6.66283">
        <ele>1702.1</ele>
      </trkpt>
      <trkpt lat="45.04452" lon="6.6629">
        <ele>1704.9</ele>
      </trkpt>
      <trkpt lat="45.04435" lon="6.66299">
        <ele>1712.8</ele>
      </trkpt>
      <trkpt lat="45.0443" lon="6.66303">
        <ele>1714.4</ele>
      </trkpt>
      <trkpt lat="45.0443" lon="6.66303">
        <ele>1714.4</ele>
      </trkpt>
      <trkpt lat="45.04426" lon="6.66309">
        <ele>1714.4</ele>
      </trkpt>
      <trkpt lat="45.04406" lon="6.66359">
        <ele>1707.9</ele>
      </trkpt>
      <trkpt lat="45.04401" lon="6.66367">
        <ele>1708.7</ele>
      </trkpt>
      <trkpt lat="45.04395" lon="6.66375">
        <ele>1710.2</ele>
      </trkpt>
      <trkpt lat="45.04367" lon="6.66404">
        <ele>1719.5</ele>
      </trkpt>
      <trkpt lat="45.04359" lon="6.66417">
        <ele>1720.3</ele>
      </trkpt>
      <trkpt lat="45.0435" lon="6.66435">
        <ele>1720.4</ele>
      </trkpt>
      <trkpt lat="45.04342" lon="6.66458">
        <ele>1718.2</ele>
      </trkpt>
      <trkpt lat="45.04338" lon="6.66466">
        <ele>1718.2</ele>
      </trkpt>
      <trkpt lat="45.04325" lon="6.6648">
        <ele>1723.3</ele>
      </trkpt>
      <trkpt lat="45.04321" lon="6.66487">
        <ele>1724.0</ele>
      </trkpt>
      <trkpt lat="45.0431" lon="6.66512">
        <ele>1725.9</ele>
      </trkpt>
      <trkpt lat="45.04297" lon="6.66538">
        <ele>1730.7</ele>
      </trkpt>
      <trkpt lat="45.04289" lon="6.66557">
        <ele>1732.9</ele>
      </trkpt>
      <trkpt lat="45.04286" lon="6.66571">
        <ele>1732.2</ele>
      </trkpt>
      <trkpt lat="45.04285" lon="6.66585">
        <ele>1730.3</ele>
      </trkpt>
      <trkpt lat="45.04285" lon="6.66599">
        <ele>1729.2</ele>
      </trkpt>
      <trkpt lat="45.0429" lon="6.66622">
        <ele>1724.2</ele>
      </trkpt>
      <trkpt lat="45.04293" lon="6.66643">
        <ele>1721.1</ele>
      </trkpt>
      <trkpt lat="45.043" lon="6.66674">
        <ele>1714.4</ele>
      </trkpt>
      <trkpt lat="45.04308" lon="6.66703">
        <ele>1703.8</ele>
      </trkpt>
      <trkpt lat="45.04309" lon="6.66713">
        <ele>1701.0</ele>
      </trkpt>
      <trkpt lat="45.04308" lon="6.66723">
        <ele>1699.2</ele>
      </trkpt>
      <trkpt lat="45.04305" lon="6.6673">
        <ele>1698.9</ele>
      </trkpt>
      <trkpt lat="45.043" lon="6.66735">
        <ele>1699.8</ele>
      </trkpt>
      <trkpt lat="45.04295" lon="6.66736">
        <ele>1701.6</ele>
      </trkpt>
      <trkpt lat="45.04291" lon="6.66733">
        <ele>1704.1</ele>
      </trkpt>
      <trkpt lat="45.04289" lon="6.66729">
        <ele>1705.9</ele>
      </trkpt>
      <trkpt lat="45.04287" lon="6.66721">
        <ele>1708.8</ele>
      </trkpt>
      <trkpt lat="45.04287" lon="6.66686">
        <ele>1717.9</ele>
      </trkpt>
      <trkpt lat="45.04286" lon="6.66674">
        <ele>1721.5</ele>
      </trkpt>
      <trkpt lat="45.04283" lon="6.66657">
        <ele>1725.8</ele>
      </trkpt>
      <trkpt lat="45.04276" lon="6.6663">
        <ele>1732.3</ele>
      </trkpt>
      <trkpt lat="45.04268" lon="6.66602">
        <ele>1740.6</ele>
      </trkpt>
      <trkpt lat="45.04266" lon="6.66593">
        <ele>1743.1</ele>
      </trkpt>
      <trkpt lat="45.04266" lon="6.66585">
        <ele>1744.1</ele>
      </trkpt>
      <trkpt lat="45.0427" lon="6.66561">
        <ele>1746.2</ele>
      </trkpt>
      <trkpt lat="45.04272" lon="6.66532">
        <ele>1750.9</ele>
      </trkpt>
      <trkpt lat="45.04274" lon="6.66521">
        <ele>1751.8</ele>
      </trkpt>
      <trkpt lat="45.04276" lon="6.66514">
        <ele>1751.7</ele>
      </trkpt>
      <trkpt lat="45.04288" lon="6.66497">
        <ele>1746.4</ele>
      </trkpt>
      <trkpt lat="45.04302" lon="6.66456">
        <ele>1749.6</ele>
      </trkpt>
      <trkpt lat="45.04306" lon="6.66445">
        <ele>1750.2</ele>
      </trkpt>
      <trkpt lat="45.04313" lon="6.66397">
        <ele>1762.1</ele>
      </trkpt>
      <trkpt lat="45.04314" lon="6.66393">
        <ele>1762.8</ele>
      </trkpt>
      <trkpt lat="45.04314" lon="6.66393">
        <ele>1762.8</ele>
      </trkpt>
      <trkpt lat="45.04316" lon="6.66388">
        <ele>1763.1</ele>
      </trkpt>
      <trkpt lat="45.04322" lon="6.66376">
        <ele>1762.7</ele>
      </trkpt>
      <trkpt lat="45.04341" lon="6.66349">
        <ele>1757.7</ele>
      </trkpt>
      <trkpt lat="45.04362" lon="6.66323">
        <ele>1753.7</ele>
      </trkpt>
      <trkpt lat="45.04366" lon="6.66316">
        <ele>1754.4</ele>
      </trkpt>
      <trkpt lat="45.04376" lon="6.66285">
        <ele>1762.9</ele>
      </trkpt>
      <trkpt lat="45.04393" lon="6.66242">
        <ele>1771.8</ele>
      </trkpt>
      <trkpt lat="45.04396" lon="6.66238">
        <ele>1771.7</ele>
      </trkpt>
      <trkpt lat="45.04403" lon="6.66232">
        <ele>1769.8</ele>
      </trkpt>
      <trkpt lat="45.04414" lon="6.66227">
        <ele>1764.7</ele>
      </trkpt>
      <trkpt lat="45.04419" lon="6.66222">
        <ele>1763.9</ele>
      </trkpt>
      <trkpt lat="45.04431" lon="6.66201">
        <ele>1766.3</ele>
      </trkpt>
      <trkpt lat="45.04458" lon="6.66164">
        <ele>1767.0</ele>
      </trkpt>
      <trkpt lat="45.04464" lon="6.66155">
        <ele>1767.2</ele>
      </trkpt>
      <trkpt lat="45.04469" lon="6.66146">
        <ele>1767.3</ele>
      </trkpt>
      <trkpt lat="45.04481" lon="6.66102">
        <ele>1768.0</ele>
      </trkpt>
      <trkpt lat="45.04484" lon="6.66081">
        <ele>1765.1</ele>
      </trkpt>
      <trkpt lat="45.04492" lon="6.66064">
        <ele>1762.4</ele>
      </trkpt>
      <trkpt lat="45.04496" lon="6.66057">
        <ele>1761.2</ele>
      </trkpt>
      <trkpt lat="45.04514" lon="6.66038">
        <ele>1757.0</ele>
      </trkpt>
      <trkpt lat="45.04552" lon="6.65978">
        <ele>1746.4</ele>
      </trkpt>
      <trkpt lat="45.04556" lon="6.65966">
        <ele>1747.5</ele>
      </trkpt>
      <trkpt lat="45.04557" lon="6.6595">
        <ele>1752.0</ele>
      </trkpt>
      <trkpt lat="45.04556" lon="6.65942">
        <ele>1755.0</ele>
      </trkpt>
      <trkpt lat="45.04552" lon="6.65925">
        <ele>1761.7</ele>
      </trkpt>
      <trkpt lat="45.04547" lon="6.65911">
        <ele>1766.8</ele>
      </trkpt>
      <trkpt lat="45.04541" lon="6.65897">
        <ele>1770.7</ele>
      </trkpt>
      <trkpt lat="45.04534" lon="6.65884">
        <ele>1774.3</ele>
      </trkpt>
      <trkpt lat="45.04524" lon="6.65871">
        <ele>1777.8</ele>
      </trkpt>
      <trkpt lat="45.04517" lon="6.65864">
        <ele>1779.6</ele>
      </trkpt>
      <trkpt lat="45.04511" lon="6.6586">
        <ele>1780.8</ele>
      </trkpt>
      <trkpt lat="45.04486" lon="6.65853">
        <ele>1782.7</ele>
      </trkpt>
      <trkpt lat="45.04485" lon="6.6585">
        <ele>1782.7</ele>
      </trkpt>
      <trkpt lat="45.04484" lon="6.65844">
        <ele>1782.7</ele>
      </trkpt>
      <trkpt lat="45.04484" lon="6.65804">
        <ele>1785.7</ele>
      </trkpt>
      <trkpt lat="45.04483" lon="6.65795">
        <ele>1786.5</ele>
      </trkpt>
      <trkpt lat="45.04479" lon="6.65788">
        <ele>1786.8</ele>
      </trkpt>
      <trkpt lat="45.04476" lon="6.65784">
        <ele>1786.9</ele>
      </trkpt>
      <trkpt lat="45.04424" lon="6.65736">
        <ele>1784.8</ele>
      </trkpt>
      <trkpt lat="45.04412" lon="6.65727">
        <ele>1784.3</ele>
      </trkpt>
      <trkpt lat="45.04397" lon="6.65719">
        <ele>1782.9</ele>
      </trkpt>
      <trkpt lat="45.04358" lon="6.65699">
        <ele>1779.1</ele>
      </trkpt>
      <trkpt lat="45.04344" lon="6.65694">
        <ele>1777.5</ele>
      </trkpt>
      <trkpt lat="45.04332" lon="6.65693">
        <ele>1775.8</ele>
      </trkpt>
      <trkpt lat="45.04332" lon="6.65693">
        <ele>1775.8</ele>
      </trkpt>
      <trkpt lat="45.04294" lon="6.65696">
        <ele>1773.1</ele>
      </trkpt>
      <trkpt lat="45.04258" lon="6.65694">
        <ele>1771.2</ele>
      </trkpt>
      <trkpt lat="45.04244" lon="6.65695">
        <ele>1770.2</ele>
      </trkpt>
      <trkpt lat="45.04207" lon="6.65703">
        <ele>1767.4</ele>
      </trkpt>
      <trkpt lat="45.04193" lon="6.65702">
        <ele>1766.7</ele>
      </trkpt>
      <trkpt lat="45.04179" lon="6.657">
        <ele>1765.9</ele>
      </trkpt>
      <trkpt lat="45.04167" lon="6.65695">
        <ele>1765.0</ele>
      </trkpt>
      <trkpt lat="45.04145" lon="6.65682">
        <ele>1766.0</ele>
      </trkpt>
      <trkpt lat="45.04127" lon="6.65666">
        <ele>1765.5</ele>
      </trkpt>
      <trkpt lat="45.04109" lon="6.65648">
        <ele>1766.4</ele>
      </trkpt>
      <trkpt lat="45.04061" lon="6.65608">
        <ele>1764.4</ele>
      </trkpt>
      <trkpt lat="45.04012" lon="6.65564">
        <ele>1756.4</ele>
      </trkpt>
      <trkpt lat="45.0399" lon="6.65547">
        <ele>1753.9</ele>
      </trkpt>
      <trkpt lat="45.0396" lon="6.65526">
        <ele>1752.2</ele>
      </trkpt>
      <trkpt lat="45.03944" lon="6.65516">
        <ele>1750.8</ele>
      </trkpt>
      <trkpt lat="45.03879" lon="6.6549">
        <ele>1749.6</ele>
      </trkpt>
      <trkpt lat="45.03815" lon="6.65464">
        <ele>1749.5</ele>
      </trkpt>
      <trkpt lat="45.03751" lon="6.65438">
        <ele>1748.3</ele>
      </trkpt>
      <trkpt lat="45.03733" lon="6.65433">
        <ele>1749.2</ele>
      </trkpt>
      <trkpt lat="45.03715" lon="6.65433">
        <ele>1750.6</ele>
      </trkpt>
      <trkpt lat="45.03698" lon="6.65436">
        <ele>1752.0</ele>
      </trkpt>
      <trkpt lat="45.0368" lon="6.6544">
        <ele>1753.7</ele>
      </trkpt>
      <trkpt lat="45.03641" lon="6.65452">
        <ele>1756.3</ele>
      </trkpt>
      <trkpt lat="45.03569" lon="6.65476">
        <ele>1758.8</ele>
      </trkpt>
      <trkpt lat="45.03537" lon="6.65487">
        <ele>1759.4</ele>
      </trkpt>
      <trkpt lat="45.03511" lon="6.65495">
        <ele>1758.8</ele>
      </trkpt>
      <trkpt lat="45.03493" lon="6.65498">
        <ele>1759.0</ele>
      </trkpt>
      <trkpt lat="45.03474" lon="6.65498">
        <ele>1760.6</ele>
      </trkpt>
      <trkpt lat="45.03437" lon="6.65497">
        <ele>1764.0</ele>
      </trkpt>
      <trkpt lat="45.03437" lon="6.65497">
        <ele>1764.0</ele>
      </trkpt>
      <trkpt lat="45.034" lon="6.65494">
        <ele>1766.8</ele>
      </trkpt>
      <trkpt lat="45.03371" lon="6.65497">
        <ele>1766.8</ele>
      </trkpt>
      <trkpt lat="45.03318" lon="6.65508">
        <ele>1766.6</ele>
      </trkpt>
      <trkpt lat="45.03264" lon="6.65519">
        <ele>1766.8</ele>
      </trkpt>
      <trkpt lat="45.03229" lon="6.65527">
        <ele>1766.7</ele>
      </trkpt>
      <trkpt lat="45.03183" lon="6.65536">
        <ele>1765.5</ele>
      </trkpt>
      <trkpt lat="45.03137" lon="6.65545">
        <ele>1763.1</ele>
      </trkpt>
      <trkpt lat="45.03099" lon="6.65552">
        <ele>1760.8</ele>
      </trkpt>
      <trkpt lat="45.03062" lon="6.6556">
        <ele>1759.0</ele>
      </trkpt>
      <trkpt lat="45.03041" lon="6.65566">
        <ele>1757.9</ele>
      </trkpt>
      <trkpt lat="45.02958" lon="6.65598">
        <ele>1758.1</ele>
      </trkpt>
      <trkpt lat="45.02919" lon="6.65615">
        <ele>1759.2</ele>
      </trkpt>
      <trkpt lat="45.02868" lon="6.65633">
        <ele>1762.5</ele>
      </trkpt>
      <trkpt lat="45.02818" lon="6.65656">
        <ele>1764.6</ele>
      </trkpt>
      <trkpt lat="45.02765" lon="6.65672">
        <ele>1768.7</ele>
      </trkpt>
      <trkpt lat="45.02717" lon="6.65682">
        <ele>1772.3</ele>
      </trkpt>
      <trkpt lat="45.02648" lon="6.65699">
        <ele>1773.1</ele>
      </trkpt>
      <trkpt lat="45.02582" lon="6.65712">
        <ele>1770.8</ele>
      </trkpt>
      <trkpt lat="45.02562" lon="6.65717">
        <ele>1768.7</ele>
      </trkpt>
      <trkpt lat="45.02519" lon="6.65734">
        <ele>1762.7</ele>
      </trkpt>
      <trkpt lat="45.02503" lon="6.65744">
        <ele>1759.5</ele>
      </trkpt>
      <trkpt lat="45.02488" lon="6.65755">
        <ele>1757.7</ele>
      </trkpt>
      <trkpt lat="45.02449" lon="6.65791">
        <ele>1756.2</ele>
      </trkpt>
      <trkpt lat="45.02422" lon="6.65812">
        <ele>1754.7</ele>
      </trkpt>
      <trkpt lat="45.02415" lon="6.65816">
        <ele>1754.5</ele>
      </trkpt>
      <trkpt lat="45.02407" lon="6.65818">
        <ele>1755.0</ele>
      </trkpt>
      <trkpt lat="45.02401" lon="6.65816">
        <ele>1755.4</ele>
      </trkpt>
      <trkpt lat="45.02393" lon="6.65812">
        <ele>1755.7</ele>
      </trkpt>
      <trkpt lat="45.02383" lon="6.65801">
        <ele>1755.4</ele>
      </trkpt>
      <trkpt lat="45.02364" lon="6.65771">
        <ele>1752.2</ele>
      </trkpt>
      <trkpt lat="45.02342" lon="6.6575">
        <ele>1747.0</ele>
      </trkpt>
      <trkpt lat="45.02334" lon="6.65737">
        <ele>1745.6</ele>
      </trkpt>
      <trkpt lat="45.02329" lon="6.65723">
        <ele>1744.7</ele>
      </trkpt>
      <trkpt lat="45.02325" lon="6.65698">
        <ele>1743.2</ele>
      </trkpt>
      <trkpt lat="45.02318" lon="6.65672">
        <ele>1741.1</ele>
      </trkpt>
      <trkpt lat="45.02309" lon="6.6565">
        <ele>1740.6</ele>
      </trkpt>
      <trkpt lat="45.02297" lon="6.65633">
        <ele>1739.7</ele>
      </trkpt>
      <trkpt lat="45.02283" lon="6.65619">
        <ele>1738.0</ele>
      </trkpt>
      <trkpt lat="45.02271" lon="6.6561">
        <ele>1736.2</ele>
      </trkpt>
      <trkpt lat="45.02215" lon="6.65578">
        <ele>1725.1</ele>
      </trkpt>
      <trkpt lat="45.02215" lon="6.65578">
        <ele>1725.1</ele>
      </trkpt>
      <trkpt lat="45.02209" lon="6.65575">
        <ele>1724.0</ele>
      </trkpt>
      <trkpt lat="45.02195" lon="6.65561">
        <ele>1722.0</ele>
      </trkpt>
      <trkpt lat="45.02169" lon="6.65531">
        <ele>1718.6</ele>
      </trkpt>
      <trkpt lat="45.0216" lon="6.65514">
        <ele>1718.1</ele>
      </trkpt>
      <trkpt lat="45.02154" lon="6.65498">
        <ele>1717.9</ele>
      </trkpt>
      <trkpt lat="45.02146" lon="6.65456">
        <ele>1714.5</ele>
      </trkpt>
      <trkpt lat="45.02138" lon="6.65386">
        <ele>1710.4</ele>
      </trkpt>
      <trkpt lat="45.02136" lon="6.65376">
        <ele>1709.6</ele>
      </trkpt>
      <trkpt lat="45.02131" lon="6.65366">
        <ele>1708.1</ele>
      </trkpt>
      <trkpt lat="45.02128" lon="6.65362">
        <ele>1707.2</ele>
      </trkpt>
      <trkpt lat="45.02123" lon="6.65359">
        <ele>1705.7</ele>
      </trkpt>
      <trkpt lat="45.02117" lon="6.6536">
        <ele>1704.2</ele>
      </trkpt>
      <trkpt lat="45.02112" lon="6.65364">
        <ele>1703.0</ele>
      </trkpt>
      <trkpt lat="45.02108" lon="6.6537">
        <ele>1702.2</ele>
      </trkpt>
      <trkpt lat="45.02106" lon="6.6538">
        <ele>1702.0</ele>
      </trkpt>
      <trkpt lat="45.02107" lon="6.65453">
        <ele>1705.0</ele>
      </trkpt>
      <trkpt lat="45.02107" lon="6.65463">
        <ele>1705.3</ele>
      </trkpt>
      <trkpt lat="45.02103" lon="6.65471">
        <ele>1704.7</ele>
      </trkpt>
      <trkpt lat="45.02097" lon="6.65477">
        <ele>1703.5</ele>
      </trkpt>
      <trkpt lat="45.02091" lon="6.65478">
        <ele>1702.0</ele>
      </trkpt>
      <trkpt lat="45.02085" lon="6.65478">
        <ele>1700.6</ele>
      </trkpt>
      <trkpt lat="45.02074" lon="6.65474">
        <ele>1697.6</ele>
      </trkpt>
      <trkpt lat="45.02067" lon="6.65467">
        <ele>1695.5</ele>
      </trkpt>
      <trkpt lat="45.02061" lon="6.65457">
        <ele>1693.6</ele>
      </trkpt>
      <trkpt lat="45.02056" lon="6.65443">
        <ele>1691.9</ele>
      </trkpt>
      <trkpt lat="45.02054" lon="6.65429">
        <ele>1690.9</ele>
      </trkpt>
      <trkpt lat="45.02053" lon="6.65411">
        <ele>1689.9</ele>
      </trkpt>
      <trkpt lat="45.02055" lon="6.65392">
        <ele>1689.1</ele>
      </trkpt>
      <trkpt lat="45.02072" lon="6.65327">
        <ele>1689.7</ele>
      </trkpt>
      <trkpt lat="45.02074" lon="6.65315">
        <ele>1689.2</ele>
      </trkpt>
      <trkpt lat="45.02073" lon="6.65296">
        <ele>1687.0</ele>
      </trkpt>
      <trkpt lat="45.02074" lon="6.6528">
        <ele>1685.9</ele>
      </trkpt>
      <trkpt lat="45.02076" lon="6.65268">
        <ele>1685.5</ele>
      </trkpt>
      <trkpt lat="45.02081" lon="6.65256">
        <ele>1686.5</ele>
      </trkpt>
      <trkpt lat="45.02086" lon="6.6524">
        <ele>1686.6</ele>
      </trkpt>
      <trkpt lat="45.02087" lon="6.65225">
        <ele>1684.7</ele>
      </trkpt>
      <trkpt lat="45.02088" lon="6.65195">
        <ele>1680.6</ele>
      </trkpt>
      <trkpt lat="45.02089" lon="6.65168">
        <ele>1677.1</ele>
      </trkpt>
      <trkpt lat="45.02093" lon="6.65142">
        <ele>1674.0</ele>
      </trkpt>
      <trkpt lat="45.02105" lon="6.65082">
        <ele>1669.6</ele>
      </trkpt>
      <trkpt lat="45.02112" lon="6.65034">
        <ele>1664.2</ele>
      </trkpt>
      <trkpt lat="45.02117" lon="6.65015">
        <ele>1663.1</ele>
      </trkpt>
      <trkpt lat="45.02125" lon="6.64997">
        <ele>1664.2</ele>
      </trkpt>
      <trkpt lat="45.02131" lon="6.64974">
        <ele>1665.7</ele>
      </trkpt>
      <trkpt lat="45.02132" lon="6.64956">
        <ele>1664.7</ele>
      </trkpt>
      <trkpt lat="45.02132" lon="6.64933">
        <ele>1662.6</ele>
      </trkpt>
      <trkpt lat="45.02129" lon="6.64899">
        <ele>1656.0</ele>
      </trkpt>
      <trkpt lat="45.02128" lon="6.64875">
        <ele>1651.4</ele>
      </trkpt>
      <trkpt lat="45.02131" lon="6.64856">
        <ele>1650.3</ele>
      </trkpt>
      <trkpt lat="45.02135" lon="6.64835">
        <ele>1649.6</ele>
      </trkpt>
      <trkpt lat="45.02157" lon="6.64766">
        <ele>1641.8</ele>
      </trkpt>
      <trkpt lat="45.02178" lon="6.64697">
        <ele>1638.1</ele>
      </trkpt>
      <trkpt lat="45.02181" lon="6.6468">
        <ele>1635.9</ele>
      </trkpt>
      <trkpt lat="45.02186" lon="6.64636">
        <ele>1631.1</ele>
      </trkpt>
      <trkpt lat="45.02196" lon="6.64592">
        <ele>1629.4</ele>
      </trkpt>
      <trkpt lat="45.02197" lon="6.6458">
        <ele>1628.2</ele>
      </trkpt>
      <trkpt lat="45.02197" lon="6.64568">
        <ele>1628.0</ele>
      </trkpt>
      <trkpt lat="45.02195" lon="6.64549">
        <ele>1626.8</ele>
      </trkpt>
      <trkpt lat="45.0219" lon="6.6452">
        <ele>1624.5</ele>
      </trkpt>
      <trkpt lat="45.02183" lon="6.64494">
        <ele>1621.8</ele>
      </trkpt>
      <trkpt lat="45.02177" lon="6.64477">
        <ele>1619.5</ele>
      </trkpt>
      <trkpt lat="45.02173" lon="6.6446">
        <ele>1618.1</ele>
      </trkpt>
      <trkpt lat="45.0217" lon="6.64445">
        <ele>1617.1</ele>
      </trkpt>
      <trkpt lat="45.0217" lon="6.64445">
        <ele>1617.1</ele>
      </trkpt>
      <trkpt lat="45.02169" lon="6.64437">
        <ele>1616.7</ele>
      </trkpt>
      <trkpt lat="45.02169" lon="6.64416">
        <ele>1616.7</ele>
      </trkpt>
      <trkpt lat="45.02172" lon="6.64372">
        <ele>1617.0</ele>
      </trkpt>
      <trkpt lat="45.02172" lon="6.64348">
        <ele>1616.7</ele>
      </trkpt>
      <trkpt lat="45.0217" lon="6.64326">
        <ele>1615.9</ele>
      </trkpt>
      <trkpt lat="45.02163" lon="6.64274">
        <ele>1614.3</ele>
      </trkpt>
      <trkpt lat="45.02154" lon="6.64237">
        <ele>1612.9</ele>
      </trkpt>
      <trkpt lat="45.02151" lon="6.64227">
        <ele>1612.6</ele>
      </trkpt>
      <trkpt lat="45.02147" lon="6.64219">
        <ele>1612.0</ele>
      </trkpt>
      <trkpt lat="45.02139" lon="6.6421">
        <ele>1610.8</ele>
      </trkpt>
      <trkpt lat="45.02127" lon="6.64199">
        <ele>1609.1</ele>
      </trkpt>
      <trkpt lat="45.02071" lon="6.6415">
        <ele>1602.9</ele>
      </trkpt>
      <trkpt lat="45.02015" lon="6.64101">
        <ele>1599.9</ele>
      </trkpt>
      <trkpt lat="45.01958" lon="6.64053">
        <ele>1597.8</ele>
      </trkpt>
      <trkpt lat="45.01948" lon="6.64043">
        <ele>1597.5</ele>
      </trkpt>
      <trkpt lat="45.01935" lon="6.64028">
        <ele>1597.2</ele>
      </trkpt>
      <trkpt lat="45.01921" lon="6.64008">
        <ele>1597.0</ele>
      </trkpt>
      <trkpt lat="45.01872" lon="6.63928">
        <ele>1594.3</ele>
      </trkpt>
      <trkpt lat="45.01823" lon="6.63849">
        <ele>1590.9</ele>
      </trkpt>
      <trkpt lat="45.01773" lon="6.63769">
        <ele>1590.1</ele>
      </trkpt>
      <trkpt lat="45.01724" lon="6.63689">
        <ele>1587.7</ele>
      </trkpt>
      <trkpt lat="45.01705" lon="6.6366">
        <ele>1586.2</ele>
      </trkpt>
      <trkpt lat="45.01697" lon="6.6365">
        <ele>1585.5</ele>
      </trkpt>
      <trkpt lat="45.01691" lon="6.63645">
        <ele>1584.9</ele>
      </trkpt>
      <trkpt lat="45.01685" lon="6.63641">
        <ele>1584.3</ele>
      </trkpt>
      <trkpt lat="45.01676" lon="6.63638">
        <ele>1583.4</ele>
      </trkpt>
      <trkpt lat="45.01679" lon="6.63605">
        <ele>1584.3</ele>
      </trkpt>
      <trkpt lat="45.0168" lon="6.63572">
        <ele>1585.2</ele>
      </trkpt>
      <trkpt lat="45.01682" lon="6.63558">
        <ele>1585.6</ele>
      </trkpt>
      <trkpt lat="45.01682" lon="6.63558">
        <ele>1585.6</ele>
      </trkpt>
      <trkpt lat="45.01686" lon="6.63521">
        <ele>1587.2</ele>
      </trkpt>
      <trkpt lat="45.01699" lon="6.63441">
        <ele>1588.5</ele>
      </trkpt>
      <trkpt lat="45.01701" lon="6.63424">
        <ele>1588.7</ele>
      </trkpt>
      <trkpt lat="45.01702" lon="6.63404">
        <ele>1588.8</ele>
      </trkpt>
      <trkpt lat="45.01703" lon="6.63315">
        <ele>1588.3</ele>
      </trkpt>
      <trkpt lat="45.01703" lon="6.63276">
        <ele>1587.6</ele>
      </trkpt>
      <trkpt lat="45.01697" lon="6.63175">
        <ele>1585.9</ele>
      </trkpt>
      <trkpt lat="45.01697" lon="6.63123">
        <ele>1586.2</ele>
      </trkpt>
      <trkpt lat="45.01698" lon="6.63099">
        <ele>1586.4</ele>
      </trkpt>
      <trkpt lat="45.01701" lon="6.63049">
        <ele>1586.2</ele>
      </trkpt>
      <trkpt lat="45.01703" lon="6.63023">
        <ele>1586.0</ele>
      </trkpt>
      <trkpt lat="45.01709" lon="6.62995">
        <ele>1586.0</ele>
      </trkpt>
      <trkpt lat="45.01723" lon="6.62941">
        <ele>1586.0</ele>
      </trkpt>
      <trkpt lat="45.01745" lon="6.6286">
        <ele>1586.8</ele>
      </trkpt>
      <trkpt lat="45.01777" lon="6.62748">
        <ele>1590.9</ele>
      </trkpt>
      <trkpt lat="45.01789" lon="6.62701">
        <ele>1590.8</ele>
      </trkpt>
      <trkpt lat="45.01797" lon="6.62665">
        <ele>1590.5</ele>
      </trkpt>
      <trkpt lat="45.018" lon="6.62651">
        <ele>1590.8</ele>
      </trkpt>
      <trkpt lat="45.01802" lon="6.62636">
        <ele>1590.9</ele>
      </trkpt>
      <trkpt lat="45.01803" lon="6.62617">
        <ele>1590.9</ele>
      </trkpt>
      <trkpt lat="45.01803" lon="6.62587">
        <ele>1590.8</ele>
      </trkpt>
      <trkpt lat="45.01801" lon="6.62533">
        <ele>1590.4</ele>
      </trkpt>
      <trkpt lat="45.01797" lon="6.62446">
        <ele>1590.4</ele>
      </trkpt>
      <trkpt lat="45.01792" lon="6.6236">
        <ele>1589.4</ele>
      </trkpt>
      <trkpt lat="45.01789" lon="6.62276">
        <ele>1588.4</ele>
      </trkpt>
      <trkpt lat="45.01785" lon="6.62193">
        <ele>1588.2</ele>
      </trkpt>
      <trkpt lat="45.01785" lon="6.62136">
        <ele>1588.6</ele>
      </trkpt>
      <trkpt lat="45.01786" lon="6.62079">
        <ele>1589.1</ele>
      </trkpt>
      <trkpt lat="45.01786" lon="6.62079">
        <ele>1589.1</ele>
      </trkpt>
      <trkpt lat="45.01786" lon="6.62066">
        <ele>1588.9</ele>
      </trkpt>
      <trkpt lat="45.01791" lon="6.6201">
        <ele>1588.1</ele>
      </trkpt>
      <trkpt lat="45.01802" lon="6.61906">
        <ele>1588.8</ele>
      </trkpt>
      <trkpt lat="45.01811" lon="6.61835">
        <ele>1588.5</ele>
      </trkpt>
      <trkpt lat="45.0182" lon="6.61764">
        <ele>1589.2</ele>
      </trkpt>
      <trkpt lat="45.01823" lon="6.61755">
        <ele>1589.5</ele>
      </trkpt>
      <trkpt lat="45.01827" lon="6.61745">
        <ele>1589.6</ele>
      </trkpt>
      <trkpt lat="45.01845" lon="6.61712">
        <ele>1590.1</ele>
      </trkpt>
      <trkpt lat="45.01862" lon="6.61678">
        <ele>1590.7</ele>
      </trkpt>
      <trkpt lat="45.01866" lon="6.61661">
        <ele>1590.8</ele>
      </trkpt>
      <trkpt lat="45.01868" lon="6.61628">
        <ele>1591.3</ele>
      </trkpt>
      <trkpt lat="45.01868" lon="6.61575">
        <ele>1591.8</ele>
      </trkpt>
      <trkpt lat="45.0187" lon="6.61518">
        <ele>1593.2</ele>
      </trkpt>
      <trkpt lat="45.0187" lon="6.61498">
        <ele>1593.6</ele>
      </trkpt>
      <trkpt lat="45.01867" lon="6.61489">
        <ele>1593.5</ele>
      </trkpt>
      <trkpt lat="45.01864" lon="6.61482">
        <ele>1593.2</ele>
      </trkpt>
      <trkpt lat="45.01839" lon="6.61441">
        <ele>1590.8</ele>
      </trkpt>
      <trkpt lat="45.01834" lon="6.61429">
        <ele>1590.2</ele>
      </trkpt>
      <trkpt lat="45.01829" lon="6.61415">
        <ele>1590.0</ele>
      </trkpt>
      <trkpt lat="45.01825" lon="6.61395">
        <ele>1590.5</ele>
      </trkpt>
      <trkpt lat="45.0181" lon="6.61292">
        <ele>1593.0</ele>
      </trkpt>
      <trkpt lat="45.0181" lon="6.61278">
        <ele>1593.3</ele>
      </trkpt>
      <trkpt lat="45.01811" lon="6.61266">
        <ele>1593.6</ele>
      </trkpt>
      <trkpt lat="45.01816" lon="6.61245">
        <ele>1594.0</ele>
      </trkpt>
      <trkpt lat="45.0182" lon="6.61232">
        <ele>1593.9</ele>
      </trkpt>
      <trkpt lat="45.01839" lon="6.61179">
        <ele>1593.5</ele>
      </trkpt>
      <trkpt lat="45.01847" lon="6.61164">
        <ele>1593.8</ele>
      </trkpt>
      <trkpt lat="45.01857" lon="6.61148">
        <ele>1594.3</ele>
      </trkpt>
      <trkpt lat="45.01875" lon="6.61126">
        <ele>1595.0</ele>
      </trkpt>
      <trkpt lat="45.01889" lon="6.61111">
        <ele>1595.4</ele>
      </trkpt>
      <trkpt lat="45.01894" lon="6.61103">
        <ele>1595.5</ele>
      </trkpt>
      <trkpt lat="45.01906" lon="6.61083">
        <ele>1595.6</ele>
      </trkpt>
      <trkpt lat="45.01943" lon="6.61009">
        <ele>1598.1</ele>
      </trkpt>
      <trkpt lat="45.01949" lon="6.60991">
        <ele>1598.2</ele>
      </trkpt>
      <trkpt lat="45.01951" lon="6.60975">
        <ele>1598.2</ele>
      </trkpt>
      <trkpt lat="45.0195" lon="6.60959">
        <ele>1597.9</ele>
      </trkpt>
      <trkpt lat="45.01943" lon="6.60924">
        <ele>1597.0</ele>
      </trkpt>
      <trkpt lat="45.01943" lon="6.60916">
        <ele>1597.0</ele>
      </trkpt>
      <trkpt lat="45.01951" lon="6.60864">
        <ele>1603.0</ele>
      </trkpt>
      <trkpt lat="45.01953" lon="6.60842">
        <ele>1605.8</ele>
      </trkpt>
      <trkpt lat="45.01953" lon="6.60822">
        <ele>1607.4</ele>
      </trkpt>
      <trkpt lat="45.01948" lon="6.6078">
        <ele>1608.3</ele>
      </trkpt>
      <trkpt lat="45.01942" lon="6.60706">
        <ele>1606.2</ele>
      </trkpt>
      <trkpt lat="45.01943" lon="6.60705">
        <ele>1606.5</ele>
      </trkpt>
      <trkpt lat="45.01945" lon="6.60701">
        <ele>1606.9</ele>
      </trkpt>
      <trkpt lat="45.01946" lon="6.60697">
        <ele>1607.0</ele>
      </trkpt>
      <trkpt lat="45.01944" lon="6.60693">
        <ele>1606.3</ele>
      </trkpt>
      <trkpt lat="45.01946" lon="6.60689">
        <ele>1606.6</ele>
      </trkpt>
      <trkpt lat="45.01947" lon="6.60683">
        <ele>1606.6</ele>
      </trkpt>
      <trkpt lat="45.01965" lon="6.60592">
        <ele>1609.4</ele>
      </trkpt>
      <trkpt lat="45.01979" lon="6.60532">
        <ele>1611.2</ele>
      </trkpt>
      <trkpt lat="45.01991" lon="6.60459">
        <ele>1614.7</ele>
      </trkpt>
      <trkpt lat="45.01992" lon="6.60446">
        <ele>1615.4</ele>
      </trkpt>
      <trkpt lat="45.01989" lon="6.60413">
        <ele>1617.0</ele>
      </trkpt>
      <trkpt lat="45.01985" lon="6.60389">
        <ele>1621.2</ele>
      </trkpt>
      <trkpt lat="45.01978" lon="6.60355">
        <ele>1626.1</ele>
      </trkpt>
      <trkpt lat="45.01973" lon="6.60335">
        <ele>1628.3</ele>
      </trkpt>
      <trkpt lat="45.01952" lon="6.60259">
        <ele>1632.0</ele>
      </trkpt>
      <trkpt lat="45.01946" lon="6.60244">
        <ele>1631.0</ele>
      </trkpt>
      <trkpt lat="45.0192" lon="6.60198">
        <ele>1623.7</ele>
      </trkpt>
      <trkpt lat="45.01906" lon="6.60176">
        <ele>1622.6</ele>
      </trkpt>
      <trkpt lat="45.01902" lon="6.60169">
        <ele>1622.5</ele>
      </trkpt>
      <trkpt lat="45.01899" lon="6.60157">
        <ele>1622.7</ele>
      </trkpt>
      <trkpt lat="45.01897" lon="6.60147">
        <ele>1622.8</ele>
      </trkpt>
      <trkpt lat="45.01889" lon="6.60075">
        <ele>1624.7</ele>
      </trkpt>
      <trkpt lat="45.0189" lon="6.60063">
        <ele>1625.2</ele>
      </trkpt>
      <trkpt lat="45.01892" lon="6.60049">
        <ele>1626.0</ele>
      </trkpt>
      <trkpt lat="45.01895" lon="6.60036">
        <ele>1626.9</ele>
      </trkpt>
      <trkpt lat="45.0191" lon="6.59992">
        <ele>1629.8</ele>
      </trkpt>
      <trkpt lat="45.01913" lon="6.59983">
        <ele>1630.4</ele>
      </trkpt>
      <trkpt lat="45.01935" lon="6.59914">
        <ele>1635.0</ele>
      </trkpt>
      <trkpt lat="45.01957" lon="6.59844">
        <ele>1641.4</ele>
      </trkpt>
      <trkpt lat="45.0199" lon="6.5976">
        <ele>1652.6</ele>
      </trkpt>
      <trkpt lat="45.01995" lon="6.5975">
        <ele>1654.1</ele>
      </trkpt>
      <trkpt lat="45.02003" lon="6.59735">
        <ele>1656.3</ele>
      </trkpt>
      <trkpt lat="45.02006" lon="6.59724">
        <ele>1657.7</ele>
      </trkpt>
      <trkpt lat="45.02007" lon="6.59714">
        <ele>1658.5</ele>
      </trkpt>
      <trkpt lat="45.02008" lon="6.59691">
        <ele>1659.8</ele>
      </trkpt>
      <trkpt lat="45.02005" lon="6.59629">
        <ele>1662.8</ele>
      </trkpt>
      <trkpt lat="45.02" lon="6.59538">
        <ele>1666.7</ele>
      </trkpt>
      <trkpt lat="45.02" lon="6.59503">
        <ele>1668.8</ele>
      </trkpt>
      <trkpt lat="45.02003" lon="6.59479">
        <ele>1671.1</ele>
      </trkpt>
      <trkpt lat="45.02017" lon="6.59369">
        <ele>1681.0</ele>
      </trkpt>
      <trkpt lat="45.0202" lon="6.59335">
        <ele>1683.3</ele>
      </trkpt>
      <trkpt lat="45.0202" lon="6.59318">
        <ele>1684.0</ele>
      </trkpt>
      <trkpt lat="45.02017" lon="6.59303">
        <ele>1683.2</ele>
      </trkpt>
      <trkpt lat="45.02008" lon="6.59264">
        <ele>1681.4</ele>
      </trkpt>
      <trkpt lat="45.02006" lon="6.59238">
        <ele>1682.0</ele>
      </trkpt>
      <trkpt lat="45.02008" lon="6.59204">
        <ele>1684.2</ele>
      </trkpt>
      <trkpt lat="45.02015" lon="6.59159">
        <ele>1688.3</ele>
      </trkpt>
      <trkpt lat="45.02017" lon="6.59127">
        <ele>1689.5</ele>
      </trkpt>
      <trkpt lat="45.02019" lon="6.59123">
        <ele>1690.3</ele>
      </trkpt>
      <trkpt lat="45.02021" lon="6.59121">
        <ele>1691.0</ele>
      </trkpt>
      <trkpt lat="45.02023" lon="6.59121">
        <ele>1691.7</ele>
      </trkpt>
      <trkpt lat="45.02027" lon="6.59126">
        <ele>1693.0</ele>
      </trkpt>
      <trkpt lat="45.02029" lon="6.59133">
        <ele>1693.6</ele>
      </trkpt>
      <trkpt lat="45.02028" lon="6.59158">
        <ele>1692.9</ele>
      </trkpt>
      <trkpt lat="45.0203" lon="6.59178">
        <ele>1693.2</ele>
      </trkpt>
      <trkpt lat="45.0204" lon="6.59219">
        <ele>1696.2</ele>
      </trkpt>
      <trkpt lat="45.02047" lon="6.59243">
        <ele>1698.8</ele>
      </trkpt>
      <trkpt lat="45.0205" lon="6.59255">
        <ele>1700.0</ele>
      </trkpt>
      <trkpt lat="45.02052" lon="6.59266">
        <ele>1700.9</ele>
      </trkpt>
      <trkpt lat="45.02053" lon="6.59293">
        <ele>1701.6</ele>
      </trkpt>
      <trkpt lat="45.02058" lon="6.59366">
        <ele>1705.7</ele>
      </trkpt>
      <trkpt lat="45.0206" lon="6.59371">
        <ele>1707.1</ele>
      </trkpt>
      <trkpt lat="45.02062" lon="6.59372">
        <ele>1708.3</ele>
      </trkpt>
      <trkpt lat="45.02065" lon="6.59371">
        <ele>1710.1</ele>
      </trkpt>
      <trkpt lat="45.02067" lon="6.59368">
        <ele>1711.2</ele>
      </trkpt>
      <trkpt lat="45.02068" lon="6.59362">
        <ele>1711.6</ele>
      </trkpt>
      <trkpt lat="45.02067" lon="6.5931">
        <ele>1709.0</ele>
      </trkpt>
      <trkpt lat="45.02068" lon="6.59295">
        <ele>1709.1</ele>
      </trkpt>
      <trkpt lat="45.0207" lon="6.59284">
        <ele>1709.7</ele>
      </trkpt>
      <trkpt lat="45.02074" lon="6.59273">
        <ele>1711.1</ele>
      </trkpt>
      <trkpt lat="45.0209" lon="6.59232">
        <ele>1717.3</ele>
      </trkpt>
      <trkpt lat="45.02095" lon="6.59208">
        <ele>1719.5</ele>
      </trkpt>
      <trkpt lat="45.02095" lon="6.59208">
        <ele>1719.5</ele>
      </trkpt>
      <trkpt lat="45.02104" lon="6.5917">
        <ele>1723.7</ele>
      </trkpt>
      <trkpt lat="45.0211" lon="6.59147">
        <ele>1727.5</ele>
      </trkpt>
      <trkpt lat="45.02112" lon="6.59135">
        <ele>1728.9</ele>
      </trkpt>
      <trkpt lat="45.02113" lon="6.59124">
        <ele>1729.8</ele>
      </trkpt>
      <trkpt lat="45.02113" lon="6.59087">
        <ele>1730.6</ele>
      </trkpt>
      <trkpt lat="45.02109" lon="6.59009">
        <ele>1732.1</ele>
      </trkpt>
      <trkpt lat="45.02109" lon="6.58986">
        <ele>1732.9</ele>
      </trkpt>
      <trkpt lat="45.02111" lon="6.58965">
        <ele>1734.5</ele>
      </trkpt>
      <trkpt lat="45.0212" lon="6.58897">
        <ele>1743.2</ele>
      </trkpt>
      <trkpt lat="45.02121" lon="6.58885">
        <ele>1745.8</ele>
      </trkpt>
      <trkpt lat="45.02119" lon="6.58873">
        <ele>1747.1</ele>
      </trkpt>
      <trkpt lat="45.02115" lon="6.58855">
        <ele>1748.8</ele>
      </trkpt>
      <trkpt lat="45.02112" lon="6.58849">
        <ele>1748.7</ele>
      </trkpt>
      <trkpt lat="45.02101" lon="6.58836">
        <ele>1747.0</ele>
      </trkpt>
      <trkpt lat="45.02091" lon="6.58826">
        <ele>1745.7</ele>
      </trkpt>
      <trkpt lat="45.02056" lon="6.58807">
        <ele>1742.2</ele>
      </trkpt>
      <trkpt lat="45.02029" lon="6.58797">
        <ele>1738.9</ele>
      </trkpt>
      <trkpt lat="45.02021" lon="6.58789">
        <ele>1739.2</ele>
      </trkpt>
      <trkpt lat="45.02017" lon="6.58782">
        <ele>1740.0</ele>
      </trkpt>
      <trkpt lat="45.02016" lon="6.58775">
        <ele>1741.5</ele>
      </trkpt>
      <trkpt lat="45.02016" lon="6.58767">
        <ele>1743.5</ele>
      </trkpt>
      <trkpt lat="45.02024" lon="6.58746">
        <ele>1749.6</ele>
      </trkpt>
      <trkpt lat="45.02033" lon="6.58712">
        <ele>1753.3</ele>
      </trkpt>
      <trkpt lat="45.02043" lon="6.58663">
        <ele>1758.1</ele>
      </trkpt>
      <trkpt lat="45.02053" lon="6.58605">
        <ele>1764.0</ele>
      </trkpt>
      <trkpt lat="45.02067" lon="6.58541">
        <ele>1770.6</ele>
      </trkpt>
      <trkpt lat="45.02076" lon="6.58514">
        <ele>1773.5</ele>
      </trkpt>
      <trkpt lat="45.02078" lon="6.58501">
        <ele>1774.5</ele>
      </trkpt>
      <trkpt lat="45.02078" lon="6.58466">
        <ele>1774.6</ele>
      </trkpt>
      <trkpt lat="45.02081" lon="6.5845">
        <ele>1774.8</ele>
      </trkpt>
      <trkpt lat="45.02085" lon="6.58437">
        <ele>1775.3</ele>
      </trkpt>
      <trkpt lat="45.02094" lon="6.58385">
        <ele>1775.2</ele>
      </trkpt>
      <trkpt lat="45.0211" lon="6.58299">
        <ele>1774.3</ele>
      </trkpt>
      <trkpt lat="45.02127" lon="6.58214">
        <ele>1772.0</ele>
      </trkpt>
      <trkpt lat="45.0213" lon="6.5819">
        <ele>1770.6</ele>
      </trkpt>
      <trkpt lat="45.02137" lon="6.58166">
        <ele>1769.7</ele>
      </trkpt>
      <trkpt lat="45.02176" lon="6.58059">
        <ele>1769.3</ele>
      </trkpt>
      <trkpt lat="45.02194" lon="6.58003">
        <ele>1772.3</ele>
      </trkpt>
      <trkpt lat="45.02199" lon="6.57983">
        <ele>1773.4</ele>
      </trkpt>
      <trkpt lat="45.02211" lon="6.57882">
        <ele>1777.5</ele>
      </trkpt>
      <trkpt lat="45.02213" lon="6.57853">
        <ele>1778.7</ele>
      </trkpt>
      <trkpt lat="45.02215" lon="6.57797">
        <ele>1779.1</ele>
      </trkpt>
      <trkpt lat="45.02217" lon="6.57779">
        <ele>1779.5</ele>
      </trkpt>
      <trkpt lat="45.02224" lon="6.57748">
        <ele>1781.6</ele>
      </trkpt>
      <trkpt lat="45.02224" lon="6.57734">
        <ele>1781.1</ele>
      </trkpt>
      <trkpt lat="45.02222" lon="6.57705">
        <ele>1779.3</ele>
      </trkpt>
      <trkpt lat="45.02224" lon="6.57689">
        <ele>1779.5</ele>
      </trkpt>
      <trkpt lat="45.02227" lon="6.57671">
        <ele>1780.0</ele>
      </trkpt>
      <trkpt lat="45.02232" lon="6.57652">
        <ele>1780.4</ele>
      </trkpt>
      <trkpt lat="45.02244" lon="6.57624">
        <ele>1781.4</ele>
      </trkpt>
      <trkpt lat="45.02256" lon="6.57603">
        <ele>1783.2</ele>
      </trkpt>
      <trkpt lat="45.0226" lon="6.57592">
        <ele>1783.4</ele>
      </trkpt>
      <trkpt lat="45.0226" lon="6.5755">
        <ele>1779.9</ele>
      </trkpt>
      <trkpt lat="45.02279" lon="6.57428">
        <ele>1777.0</ele>
      </trkpt>
      <trkpt lat="45.0229" lon="6.57377">
        <ele>1780.4</ele>
      </trkpt>
      <trkpt lat="45.0229" lon="6.57361">
        <ele>1780.6</ele>
      </trkpt>
      <trkpt lat="45.0229" lon="6.5735">
        <ele>1780.7</ele>
      </trkpt>
      <trkpt lat="45.02279" lon="6.57314">
        <ele>1778.3</ele>
      </trkpt>
      <trkpt lat="45.02274" lon="6.57281">
        <ele>1778.6</ele>
      </trkpt>
      <trkpt lat="45.02274" lon="6.57267">
        <ele>1779.5</ele>
      </trkpt>
      <trkpt lat="45.02277" lon="6.57257">
        <ele>1781.2</ele>
      </trkpt>
      <trkpt lat="45.02291" lon="6.57227">
        <ele>1787.8</ele>
      </trkpt>
      <trkpt lat="45.02308" lon="6.57196">
        <ele>1795.5</ele>
      </trkpt>
      <trkpt lat="45.02315" lon="6.57178">
        <ele>1799.0</ele>
      </trkpt>
      <trkpt lat="45.0232" lon="6.57157">
        <ele>1800.9</ele>
      </trkpt>
      <trkpt lat="45.02326" lon="6.57111">
        <ele>1800.4</ele>
      </trkpt>
      <trkpt lat="45.0233" lon="6.57096">
        <ele>1800.8</ele>
      </trkpt>
      <trkpt lat="45.02348" lon="6.57032">
        <ele>1806.5</ele>
      </trkpt>
      <trkpt lat="45.02352" lon="6.56988">
        <ele>1807.6</ele>
      </trkpt>
      <trkpt lat="45.02358" lon="6.56957">
        <ele>1811.1</ele>
      </trkpt>
      <trkpt lat="45.02364" lon="6.56934">
        <ele>1813.8</ele>
      </trkpt>
      <trkpt lat="45.02363" lon="6.56926">
        <ele>1813.7</ele>
      </trkpt>
      <trkpt lat="45.02349" lon="6.56902">
        <ele>1811.7</ele>
      </trkpt>
      <trkpt lat="45.02335" lon="6.56891">
        <ele>1809.7</ele>
      </trkpt>
      <trkpt lat="45.02322" lon="6.56882">
        <ele>1808.3</ele>
      </trkpt>
      <trkpt lat="45.02315" lon="6.56874">
        <ele>1808.1</ele>
      </trkpt>
      <trkpt lat="45.02308" lon="6.56863">
        <ele>1808.3</ele>
      </trkpt>
      <trkpt lat="45.02293" lon="6.56832">
        <ele>1809.9</ele>
      </trkpt>
      <trkpt lat="45.02289" lon="6.56817">
        <ele>1809.7</ele>
      </trkpt>
      <trkpt lat="45.02287" lon="6.56806">
        <ele>1809.7</ele>
      </trkpt>
      <trkpt lat="45.02287" lon="6.56793">
        <ele>1810.4</ele>
      </trkpt>
      <trkpt lat="45.02287" lon="6.56781">
        <ele>1810.9</ele>
      </trkpt>
      <trkpt lat="45.0229" lon="6.56768">
        <ele>1812.3</ele>
      </trkpt>
      <trkpt lat="45.02294" lon="6.56756">
        <ele>1813.7</ele>
      </trkpt>
      <trkpt lat="45.02308" lon="6.5673">
        <ele>1817.0</ele>
      </trkpt>
      <trkpt lat="45.02315" lon="6.56711">
        <ele>1817.7</ele>
      </trkpt>
      <trkpt lat="45.02317" lon="6.56697">
        <ele>1817.5</ele>
      </trkpt>
      <trkpt lat="45.02321" lon="6.56646">
        <ele>1816.4</ele>
      </trkpt>
      <trkpt lat="45.0232" lon="6.56632">
        <ele>1816.3</ele>
      </trkpt>
      <trkpt lat="45.02317" lon="6.56618">
        <ele>1816.3</ele>
      </trkpt>
      <trkpt lat="45.02313" lon="6.56603">
        <ele>1816.4</ele>
      </trkpt>
      <trkpt lat="45.02312" lon="6.56597">
        <ele>1816.5</ele>
      </trkpt>
      <trkpt lat="45.02315" lon="6.56587">
        <ele>1816.3</ele>
      </trkpt>
      <trkpt lat="45.02329" lon="6.5657">
        <ele>1815.1</ele>
      </trkpt>
      <trkpt lat="45.0236" lon="6.56525">
        <ele>1815.8</ele>
      </trkpt>
      <trkpt lat="45.02366" lon="6.5652">
        <ele>1815.9</ele>
      </trkpt>
      <trkpt lat="45.02373" lon="6.56517">
        <ele>1816.1</ele>
      </trkpt>
      <trkpt lat="45.0238" lon="6.56516">
        <ele>1816.5</ele>
      </trkpt>
      <trkpt lat="45.02407" lon="6.56521">
        <ele>1819.1</ele>
      </trkpt>
      <trkpt lat="45.02416" lon="6.5652">
        <ele>1819.6</ele>
      </trkpt>
      <trkpt lat="45.02423" lon="6.56516">
        <ele>1819.7</ele>
      </trkpt>
      <trkpt lat="45.02441" lon="6.56502">
        <ele>1819.3</ele>
      </trkpt>
      <trkpt lat="45.02457" lon="6.56494">
        <ele>1820.2</ele>
      </trkpt>
      <trkpt lat="45.02499" lon="6.56474">
        <ele>1821.5</ele>
      </trkpt>
      <trkpt lat="45.02508" lon="6.56471">
        <ele>1822.2</ele>
      </trkpt>
      <trkpt lat="45.02519" lon="6.56473">
        <ele>1824.1</ele>
      </trkpt>
      <trkpt lat="45.02532" lon="6.56472">
        <ele>1825.6</ele>
      </trkpt>
      <trkpt lat="45.02548" lon="6.5647">
        <ele>1827.5</ele>
      </trkpt>
      <trkpt lat="45.0256" lon="6.56466">
        <ele>1828.3</ele>
      </trkpt>
      <trkpt lat="45.02572" lon="6.56457">
        <ele>1828.3</ele>
      </trkpt>
      <trkpt lat="45.02582" lon="6.56448">
        <ele>1827.8</ele>
      </trkpt>
      <trkpt lat="45.02616" lon="6.56408">
        <ele>1833.7</ele>
      </trkpt>
      <trkpt lat="45.02624" lon="6.56395">
        <ele>1834.5</ele>
      </trkpt>
      <trkpt lat="45.02643" lon="6.56349">
        <ele>1831.5</ele>
      </trkpt>
      <trkpt lat="45.02654" lon="6.56336">
        <ele>1831.0</ele>
      </trkpt>
      <trkpt lat="45.02667" lon="6.56326">
        <ele>1832.3</ele>
      </trkpt>
      <trkpt lat="45.02677" lon="6.56313">
        <ele>1834.6</ele>
      </trkpt>
      <trkpt lat="45.02709" lon="6.5626">
        <ele>1835.0</ele>
      </trkpt>
      <trkpt lat="45.02709" lon="6.5626">
        <ele>1835.0</ele>
      </trkpt>
      <trkpt lat="45.02712" lon="6.56256">
        <ele>1834.8</ele>
      </trkpt>
      <trkpt lat="45.02722" lon="6.56233">
        <ele>1833.6</ele>
      </trkpt>
      <trkpt lat="45.02746" lon="6.5617">
        <ele>1828.2</ele>
      </trkpt>
      <trkpt lat="45.0277" lon="6.56108">
        <ele>1827.0</ele>
      </trkpt>
      <trkpt lat="45.02779" lon="6.56065">
        <ele>1826.7</ele>
      </trkpt>
      <trkpt lat="45.02786" lon="6.5602">
        <ele>1828.4</ele>
      </trkpt>
      <trkpt lat="45.02794" lon="6.55976">
        <ele>1829.6</ele>
      </trkpt>
      <trkpt lat="45.02797" lon="6.55961">
        <ele>1829.9</ele>
      </trkpt>
      <trkpt lat="45.028" lon="6.55913">
        <ele>1829.9</ele>
      </trkpt>
      <trkpt lat="45.02803" lon="6.55893">
        <ele>1829.5</ele>
      </trkpt>
      <trkpt lat="45.02809" lon="6.55874">
        <ele>1829.7</ele>
      </trkpt>
      <trkpt lat="45.02821" lon="6.55848">
        <ele>1830.1</ele>
      </trkpt>
      <trkpt lat="45.02829" lon="6.55817">
        <ele>1829.7</ele>
      </trkpt>
      <trkpt lat="45.02846" lon="6.55733">
        <ele>1829.2</ele>
      </trkpt>
      <trkpt lat="45.02851" lon="6.55718">
        <ele>1829.4</ele>
      </trkpt>
      <trkpt lat="45.02857" lon="6.55702">
        <ele>1829.6</ele>
      </trkpt>
      <trkpt lat="45.02874" lon="6.55683">
        <ele>1831.2</ele>
      </trkpt>
      <trkpt lat="45.02883" lon="6.55677">
        <ele>1832.1</ele>
      </trkpt>
      <trkpt lat="45.02933" lon="6.55642">
        <ele>1836.9</ele>
      </trkpt>
      <trkpt lat="45.02943" lon="6.55638">
        <ele>1838.9</ele>
      </trkpt>
      <trkpt lat="45.0296" lon="6.55634">
        <ele>1842.8</ele>
      </trkpt>
      <trkpt lat="45.02967" lon="6.5563">
        <ele>1843.9</ele>
      </trkpt>
      <trkpt lat="45.02974" lon="6.55623">
        <ele>1844.4</ele>
      </trkpt>
      <trkpt lat="45.02984" lon="6.55607">
        <ele>1843.9</ele>
      </trkpt>
      <trkpt lat="45.02999" lon="6.55573">
        <ele>1841.9</ele>
      </trkpt>
      <trkpt lat="45.03005" lon="6.55559">
        <ele>1843.6</ele>
      </trkpt>
      <trkpt lat="45.03017" lon="6.55538">
        <ele>1847.6</ele>
      </trkpt>
      <trkpt lat="45.03023" lon="6.55522">
        <ele>1848.7</ele>
      </trkpt>
      <trkpt lat="45.03029" lon="6.55488">
        <ele>1848.3</ele>
      </trkpt>
      <trkpt lat="45.03028" lon="6.5547">
        <ele>1846.9</ele>
      </trkpt>
      <trkpt lat="45.03022" lon="6.55447">
        <ele>1843.1</ele>
      </trkpt>
      <trkpt lat="45.03021" lon="6.55435">
        <ele>1842.0</ele>
      </trkpt>
      <trkpt lat="45.03022" lon="6.55417">
        <ele>1841.5</ele>
      </trkpt>
      <trkpt lat="45.03032" lon="6.55377">
        <ele>1842.7</ele>
      </trkpt>
      <trkpt lat="45.03038" lon="6.5536">
        <ele>1843.8</ele>
      </trkpt>
      <trkpt lat="45.03045" lon="6.55345">
        <ele>1845.3</ele>
      </trkpt>
      <trkpt lat="45.0306" lon="6.55321">
        <ele>1848.7</ele>
      </trkpt>
      <trkpt lat="45.03065" lon="6.55312">
        <ele>1849.4</ele>
      </trkpt>
      <trkpt lat="45.03072" lon="6.55282">
        <ele>1847.3</ele>
      </trkpt>
      <trkpt lat="45.03082" lon="6.55256">
        <ele>1844.9</ele>
      </trkpt>
      <trkpt lat="45.0309" lon="6.55241">
        <ele>1846.0</ele>
      </trkpt>
      <trkpt lat="45.03098" lon="6.55227">
        <ele>1847.9</ele>
      </trkpt>
      <trkpt lat="45.03146" lon="6.55165">
        <ele>1850.9</ele>
      </trkpt>
      <trkpt lat="45.03155" lon="6.55157">
        <ele>1851.1</ele>
      </trkpt>
      <trkpt lat="45.03192" lon="6.55134">
        <ele>1855.7</ele>
      </trkpt>
      <trkpt lat="45.03201" lon="6.55131">
        <ele>1857.6</ele>
      </trkpt>
      <trkpt lat="45.03222" lon="6.55128">
        <ele>1862.5</ele>
      </trkpt>
      <trkpt lat="45.03228" lon="6.55124">
        <ele>1863.1</ele>
      </trkpt>
      <trkpt lat="45.03228" lon="6.55124">
        <ele>1863.1</ele>
      </trkpt>
      <trkpt lat="45.0323" lon="6.55122">
        <ele>1863.1</ele>
      </trkpt>
      <trkpt lat="45.03235" lon="6.55115">
        <ele>1862.7</ele>
      </trkpt>
      <trkpt lat="45.03267" lon="6.55046">
        <ele>1862.6</ele>
      </trkpt>
      <trkpt lat="45.03273" lon="6.55029">
        <ele>1863.3</ele>
      </trkpt>
      <trkpt lat="45.03275" lon="6.55017">
        <ele>1862.7</ele>
      </trkpt>
      <trkpt lat="45.03274" lon="6.55008">
        <ele>1861.4</ele>
      </trkpt>
      <trkpt lat="45.0327" lon="6.54997">
        <ele>1859.4</ele>
      </trkpt>
      <trkpt lat="45.03269" lon="6.54988">
        <ele>1859.4</ele>
      </trkpt>
      <trkpt lat="45.0327" lon="6.54978">
        <ele>1860.1</ele>
      </trkpt>
      <trkpt lat="45.03275" lon="6.54968">
        <ele>1861.6</ele>
      </trkpt>
      <trkpt lat="45.03297" lon="6.54938">
        <ele>1866.2</ele>
      </trkpt>
      <trkpt lat="45.03324" lon="6.54897">
        <ele>1868.5</ele>
      </trkpt>
      <trkpt lat="45.03329" lon="6.54888">
        <ele>1868.8</ele>
      </trkpt>
      <trkpt lat="45.03334" lon="6.54874">
        <ele>1869.2</ele>
      </trkpt>
      <trkpt lat="45.03338" lon="6.54855">
        <ele>1870.2</ele>
      </trkpt>
      <trkpt lat="45.0334" lon="6.54827">
        <ele>1869.9</ele>
      </trkpt>
      <trkpt lat="45.0335" lon="6.5479">
        <ele>1871.0</ele>
      </trkpt>
      <trkpt lat="45.03351" lon="6.54777">
        <ele>1870.5</ele>
      </trkpt>
      <trkpt lat="45.03351" lon="6.54764">
        <ele>1869.7</ele>
      </trkpt>
      <trkpt lat="45.03348" lon="6.54732">
        <ele>1867.4</ele>
      </trkpt>
      <trkpt lat="45.03349" lon="6.54722">
        <ele>1867.2</ele>
      </trkpt>
      <trkpt lat="45.03352" lon="6.54703">
        <ele>1867.1</ele>
      </trkpt>
      <trkpt lat="45.03362" lon="6.54677">
        <ele>1867.5</ele>
      </trkpt>
      <trkpt lat="45.03363" lon="6.54671">
        <ele>1867.6</ele>
      </trkpt>
      <trkpt lat="45.03364" lon="6.54664">
        <ele>1867.7</ele>
      </trkpt>
      <trkpt lat="45.03363" lon="6.54657">
        <ele>1867.8</ele>
      </trkpt>
      <trkpt lat="45.03361" lon="6.54645">
        <ele>1868.0</ele>
      </trkpt>
      <trkpt lat="45.03354" lon="6.54602">
        <ele>1868.7</ele>
      </trkpt>
      <trkpt lat="45.03353" lon="6.54595">
        <ele>1869.0</ele>
      </trkpt>
      <trkpt lat="45.03354" lon="6.54587">
        <ele>1869.3</ele>
      </trkpt>
      <trkpt lat="45.03358" lon="6.54575">
        <ele>1870.0</ele>
      </trkpt>
      <trkpt lat="45.03363" lon="6.54568">
        <ele>1870.1</ele>
      </trkpt>
      <trkpt lat="45.03395" lon="6.54532">
        <ele>1868.6</ele>
      </trkpt>
      <trkpt lat="45.03467" lon="6.54457">
        <ele>1870.5</ele>
      </trkpt>
      <trkpt lat="45.03472" lon="6.54453">
        <ele>1870.6</ele>
      </trkpt>
      <trkpt lat="45.03512" lon="6.54413">
        <ele>1871.7</ele>
      </trkpt>
      <trkpt lat="45.03568" lon="6.54354">
        <ele>1869.5</ele>
      </trkpt>
      <trkpt lat="45.03631" lon="6.5429">
        <ele>1869.1</ele>
      </trkpt>
      <trkpt lat="45.03639" lon="6.54284">
        <ele>1869.4</ele>
      </trkpt>
      <trkpt lat="45.03647" lon="6.54282">
        <ele>1869.6</ele>
      </trkpt>
      <trkpt lat="45.03654" lon="6.54282">
        <ele>1869.6</ele>
      </trkpt>
      <trkpt lat="45.03668" lon="6.54285">
        <ele>1869.5</ele>
      </trkpt>
      <trkpt lat="45.03681" lon="6.54284">
        <ele>1869.8</ele>
      </trkpt>
      <trkpt lat="45.03691" lon="6.54282">
        <ele>1870.2</ele>
      </trkpt>
      <trkpt lat="45.03718" lon="6.54268">
        <ele>1871.8</ele>
      </trkpt>
      <trkpt lat="45.03751" lon="6.5424">
        <ele>1875.7</ele>
      </trkpt>
      <trkpt lat="45.03762" lon="6.54234">
        <ele>1876.2</ele>
      </trkpt>
      <trkpt lat="45.03788" lon="6.54225">
        <ele>1876.4</ele>
      </trkpt>
      <trkpt lat="45.0381" lon="6.54209">
        <ele>1878.1</ele>
      </trkpt>
      <trkpt lat="45.03836" lon="6.54186">
        <ele>1881.0</ele>
      </trkpt>
      <trkpt lat="45.03848" lon="6.5418">
        <ele>1880.8</ele>
      </trkpt>
      <trkpt lat="45.03862" lon="6.54176">
        <ele>1879.6</ele>
      </trkpt>
      <trkpt lat="45.03873" lon="6.54171">
        <ele>1878.5</ele>
      </trkpt>
      <trkpt lat="45.03898" lon="6.54154">
        <ele>1879.2</ele>
      </trkpt>
      <trkpt lat="45.03917" lon="6.54139">
        <ele>1880.9</ele>
      </trkpt>
      <trkpt lat="45.03917" lon="6.54139">
        <ele>1880.9</ele>
      </trkpt>
      <trkpt lat="45.0394" lon="6.54112">
        <ele>1885.2</ele>
      </trkpt>
      <trkpt lat="45.03949" lon="6.54104">
        <ele>1885.3</ele>
      </trkpt>
      <trkpt lat="45.03958" lon="6.54101">
        <ele>1884.0</ele>
      </trkpt>
      <trkpt lat="45.0397" lon="6.541">
        <ele>1881.4</ele>
      </trkpt>
      <trkpt lat="45.03982" lon="6.54102">
        <ele>1878.4</ele>
      </trkpt>
      <trkpt lat="45.03996" lon="6.54107">
        <ele>1874.8</ele>
      </trkpt>
      <trkpt lat="45.04018" lon="6.54123">
        <ele>1876.0</ele>
      </trkpt>
      <trkpt lat="45.04025" lon="6.54129">
        <ele>1876.3</ele>
      </trkpt>
      <trkpt lat="45.04039" lon="6.54139">
        <ele>1877.1</ele>
      </trkpt>
      <trkpt lat="45.04048" lon="6.5414">
        <ele>1877.6</ele>
      </trkpt>
      <trkpt lat="45.04064" lon="6.54139">
        <ele>1879.5</ele>
      </trkpt>
      <trkpt lat="45.04081" lon="6.54136">
        <ele>1881.2</ele>
      </trkpt>
      <trkpt lat="45.04089" lon="6.54132">
        <ele>1882.6</ele>
      </trkpt>
      <trkpt lat="45.04098" lon="6.54126">
        <ele>1884.3</ele>
      </trkpt>
      <trkpt lat="45.04107" lon="6.54118">
        <ele>1885.4</ele>
      </trkpt>
      <trkpt lat="45.0412" lon="6.54104">
        <ele>1886.3</ele>
      </trkpt>
      <trkpt lat="45.04125" lon="6.54097">
        <ele>1886.1</ele>
      </trkpt>
      <trkpt lat="45.04129" lon="6.54088">
        <ele>1885.1</ele>
      </trkpt>
      <trkpt lat="45.04134" lon="6.54065">
        <ele>1884.2</ele>
      </trkpt>
      <trkpt lat="45.04136" lon="6.54057">
        <ele>1884.0</ele>
      </trkpt>
      <trkpt lat="45.04142" lon="6.54046">
        <ele>1884.2</ele>
      </trkpt>
      <trkpt lat="45.04148" lon="6.54037">
        <ele>1884.2</ele>
      </trkpt>
      <trkpt lat="45.04163" lon="6.54023">
        <ele>1885.3</ele>
      </trkpt>
      <trkpt lat="45.04168" lon="6.54019">
        <ele>1885.7</ele>
      </trkpt>
      <trkpt lat="45.0418" lon="6.54011">
        <ele>1886.5</ele>
      </trkpt>
      <trkpt lat="45.04205" lon="6.53999">
        <ele>1888.3</ele>
      </trkpt>
      <trkpt lat="45.0422" lon="6.53995">
        <ele>1890.8</ele>
      </trkpt>
      <trkpt lat="45.04237" lon="6.53995">
        <ele>1893.9</ele>
      </trkpt>
      <trkpt lat="45.04268" lon="6.53988">
        <ele>1897.7</ele>
      </trkpt>
      <trkpt lat="45.04291" lon="6.53979">
        <ele>1899.3</ele>
      </trkpt>
      <trkpt lat="45.04308" lon="6.53969">
        <ele>1899.4</ele>
      </trkpt>
      <trkpt lat="45.04343" lon="6.53945">
        <ele>1899.3</ele>
      </trkpt>
      <trkpt lat="45.04383" lon="6.53924">
        <ele>1904.3</ele>
      </trkpt>
      <trkpt lat="45.04397" lon="6.53913">
        <ele>1905.5</ele>
      </trkpt>
      <trkpt lat="45.04405" lon="6.53902">
        <ele>1905.7</ele>
      </trkpt>
      <trkpt lat="45.04429" lon="6.53863">
        <ele>1905.4</ele>
      </trkpt>
      <trkpt lat="45.04442" lon="6.53846">
        <ele>1907.2</ele>
      </trkpt>
      <trkpt lat="45.04452" lon="6.53833">
        <ele>1908.6</ele>
      </trkpt>
      <trkpt lat="45.04469" lon="6.53817">
        <ele>1914.2</ele>
      </trkpt>
      <trkpt lat="45.04478" lon="6.5381">
        <ele>1916.5</ele>
      </trkpt>
      <trkpt lat="45.04496" lon="6.53801">
        <ele>1920.5</ele>
      </trkpt>
      <trkpt lat="45.04505" lon="6.53795">
        <ele>1922.3</ele>
      </trkpt>
      <trkpt lat="45.04542" lon="6.53759">
        <ele>1927.9</ele>
      </trkpt>
      <trkpt lat="45.04579" lon="6.53722">
        <ele>1934.2</ele>
      </trkpt>
      <trkpt lat="45.04584" lon="6.53715">
        <ele>1934.6</ele>
      </trkpt>
      <trkpt lat="45.04587" lon="6.53706">
        <ele>1934.1</ele>
      </trkpt>
      <trkpt lat="45.04591" lon="6.5369">
        <ele>1932.6</ele>
      </trkpt>
      <trkpt lat="45.04595" lon="6.53679">
        <ele>1931.5</ele>
      </trkpt>
      <trkpt lat="45.04607" lon="6.53667">
        <ele>1931.2</ele>
      </trkpt>
      <trkpt lat="45.04622" lon="6.5366">
        <ele>1933.3</ele>
      </trkpt>
      <trkpt lat="45.04647" lon="6.53653">
        <ele>1936.2</ele>
      </trkpt>
      <trkpt lat="45.04667" lon="6.53646">
        <ele>1938.1</ele>
      </trkpt>
      <trkpt lat="45.04695" lon="6.53638">
        <ele>1941.4</ele>
      </trkpt>
      <trkpt lat="45.04722" lon="6.53628">
        <ele>1944.2</ele>
      </trkpt>
      <trkpt lat="45.04738" lon="6.5362">
        <ele>1945.6</ele>
      </trkpt>
      <trkpt lat="45.04799" lon="6.536">
        <ele>1950.6</ele>
      </trkpt>
      <trkpt lat="45.04807" lon="6.53595">
        <ele>1950.8</ele>
      </trkpt>
      <trkpt lat="45.04824" lon="6.5358">
        <ele>1951.5</ele>
      </trkpt>
      <trkpt lat="45.04843" lon="6.53566">
        <ele>1954.1</ele>
      </trkpt>
      <trkpt lat="45.04856" lon="6.5356">
        <ele>1954.9</ele>
      </trkpt>
      <trkpt lat="45.04909" lon="6.53553">
        <ele>1955.9</ele>
      </trkpt>
      <trkpt lat="45.04919" lon="6.5355">
        <ele>1956.3</ele>
      </trkpt>
      <trkpt lat="45.04935" lon="6.53545">
        <ele>1957.5</ele>
      </trkpt>
      <trkpt lat="45.04964" lon="6.5353">
        <ele>1959.4</ele>
      </trkpt>
      <trkpt lat="45.04975" lon="6.53526">
        <ele>1959.8</ele>
      </trkpt>
      <trkpt lat="45.04993" lon="6.53526">
        <ele>1960.2</ele>
      </trkpt>
      <trkpt lat="45.05018" lon="6.53532">
        <ele>1962.0</ele>
      </trkpt>
      <trkpt lat="45.05032" lon="6.53531">
        <ele>1963.2</ele>
      </trkpt>
      <trkpt lat="45.0505" lon="6.53525">
        <ele>1964.3</ele>
      </trkpt>
      <trkpt lat="45.05084" lon="6.5351">
        <ele>1964.6</ele>
      </trkpt>
      <trkpt lat="45.05098" lon="6.53505">
        <ele>1965.3</ele>
      </trkpt>
      <trkpt lat="45.05136" lon="6.53502">
        <ele>1968.5</ele>
      </trkpt>
      <trkpt lat="45.05155" lon="6.53497">
        <ele>1969.7</ele>
      </trkpt>
      <trkpt lat="45.0516" lon="6.53493">
        <ele>1969.8</ele>
      </trkpt>
      <trkpt lat="45.0517" lon="6.53483">
        <ele>1969.9</ele>
      </trkpt>
      <trkpt lat="45.05178" lon="6.53468">
        <ele>1969.5</ele>
      </trkpt>
      <trkpt lat="45.0518" lon="6.53459">
        <ele>1969.1</ele>
      </trkpt>
      <trkpt lat="45.05181" lon="6.53449">
        <ele>1968.5</ele>
      </trkpt>
      <trkpt lat="45.0518" lon="6.53441">
        <ele>1967.8</ele>
      </trkpt>
      <trkpt lat="45.05174" lon="6.53415">
        <ele>1965.3</ele>
      </trkpt>
      <trkpt lat="45.05173" lon="6.53407">
        <ele>1965.8</ele>
      </trkpt>
      <trkpt lat="45.05181" lon="6.5338">
        <ele>1969.2</ele>
      </trkpt>
      <trkpt lat="45.05184" lon="6.53361">
        <ele>1971.1</ele>
      </trkpt>
      <trkpt lat="45.05189" lon="6.53342">
        <ele>1973.3</ele>
      </trkpt>
      <trkpt lat="45.05197" lon="6.5333">
        <ele>1975.0</ele>
      </trkpt>
      <trkpt lat="45.0522" lon="6.53308">
        <ele>1977.7</ele>
      </trkpt>
      <trkpt lat="45.05232" lon="6.53296">
        <ele>1978.6</ele>
      </trkpt>
      <trkpt lat="45.05244" lon="6.53281">
        <ele>1979.1</ele>
      </trkpt>
      <trkpt lat="45.05253" lon="6.53265">
        <ele>1979.2</ele>
      </trkpt>
      <trkpt lat="45.05253" lon="6.53265">
        <ele>1979.2</ele>
      </trkpt>
      <trkpt lat="45.05275" lon="6.53225">
        <ele>1981.4</ele>
      </trkpt>
      <trkpt lat="45.05283" lon="6.53216">
        <ele>1982.2</ele>
      </trkpt>
      <trkpt lat="45.05292" lon="6.53208">
        <ele>1983.0</ele>
      </trkpt>
      <trkpt lat="45.05344" lon="6.53177">
        <ele>1986.5</ele>
      </trkpt>
      <trkpt lat="45.0535" lon="6.53172">
        <ele>1986.4</ele>
      </trkpt>
      <trkpt lat="45.05357" lon="6.53169">
        <ele>1986.6</ele>
      </trkpt>
      <trkpt lat="45.05364" lon="6.53166">
        <ele>1986.8</ele>
      </trkpt>
      <trkpt lat="45.05407" lon="6.53162">
        <ele>1989.0</ele>
      </trkpt>
      <trkpt lat="45.05415" lon="6.5316">
        <ele>1989.3</ele>
      </trkpt>
      <trkpt lat="45.0544" lon="6.53148">
        <ele>1988.0</ele>
      </trkpt>
      <trkpt lat="45.05461" lon="6.53137">
        <ele>1986.8</ele>
      </trkpt>
      <trkpt lat="45.05475" lon="6.53123">
        <ele>1985.5</ele>
      </trkpt>
      <trkpt lat="45.05486" lon="6.53109">
        <ele>1984.2</ele>
      </trkpt>
      <trkpt lat="45.05494" lon="6.53101">
        <ele>1983.5</ele>
      </trkpt>
      <trkpt lat="45.05502" lon="6.53096">
        <ele>1983.3</ele>
      </trkpt>
      <trkpt lat="45.0555" lon="6.53083">
        <ele>1986.2</ele>
      </trkpt>
      <trkpt lat="45.05565" lon="6.53078">
        <ele>1987.4</ele>
      </trkpt>
      <trkpt lat="45.056" lon="6.53063">
        <ele>1990.8</ele>
      </trkpt>
      <trkpt lat="45.05608" lon="6.53054">
        <ele>1991.8</ele>
      </trkpt>
      <trkpt lat="45.05616" lon="6.53043">
        <ele>1992.8</ele>
      </trkpt>
      <trkpt lat="45.05636" lon="6.52995">
        <ele>1995.3</ele>
      </trkpt>
      <trkpt lat="45.05642" lon="6.52986">
        <ele>1996.0</ele>
      </trkpt>
      <trkpt lat="45.05676" lon="6.52947">
        <ele>1998.8</ele>
      </trkpt>
      <trkpt lat="45.05736" lon="6.5289">
        <ele>2002.4</ele>
      </trkpt>
      <trkpt lat="45.05741" lon="6.52887">
        <ele>2002.7</ele>
      </trkpt>
      <trkpt lat="45.05754" lon="6.52882">
        <ele>2003.7</ele>
      </trkpt>
      <trkpt lat="45.05769" lon="6.5288">
        <ele>2004.5</ele>
      </trkpt>
      <trkpt lat="45.05775" lon="6.52878">
        <ele>2004.9</ele>
      </trkpt>
      <trkpt lat="45.0578" lon="6.52871">
        <ele>2005.3</ele>
      </trkpt>
      <trkpt lat="45.05788" lon="6.52862">
        <ele>2005.9</ele>
      </trkpt>
      <trkpt lat="45.05799" lon="6.52855">
        <ele>2006.7</ele>
      </trkpt>
      <trkpt lat="45.05819" lon="6.52846">
        <ele>2008.2</ele>
      </trkpt>
      <trkpt lat="45.05828" lon="6.5284">
        <ele>2008.8</ele>
      </trkpt>
      <trkpt lat="45.05834" lon="6.52832">
        <ele>2009.2</ele>
      </trkpt>
      <trkpt lat="45.0586" lon="6.52785">
        <ele>2013.6</ele>
      </trkpt>
      <trkpt lat="45.0587" lon="6.52771">
        <ele>2014.6</ele>
      </trkpt>
      <trkpt lat="45.05872" lon="6.52764">
        <ele>2014.6</ele>
      </trkpt>
      <trkpt lat="45.05873" lon="6.52757">
        <ele>2014.5</ele>
      </trkpt>
      <trkpt lat="45.05872" lon="6.52745">
        <ele>2014.6</ele>
      </trkpt>
      <trkpt lat="45.0587" lon="6.52739">
        <ele>2014.8</ele>
      </trkpt>
      <trkpt lat="45.05867" lon="6.52733">
        <ele>2014.9</ele>
      </trkpt>
      <trkpt lat="45.05859" lon="6.52723">
        <ele>2015.0</ele>
      </trkpt>
      <trkpt lat="45.05857" lon="6.52717">
        <ele>2015.3</ele>
      </trkpt>
      <trkpt lat="45.05857" lon="6.52711">
        <ele>2015.7</ele>
      </trkpt>
      <trkpt lat="45.05858" lon="6.52685">
        <ele>2017.6</ele>
      </trkpt>
      <trkpt lat="45.05857" lon="6.52665">
        <ele>2019.0</ele>
      </trkpt>
      <trkpt lat="45.05858" lon="6.52656">
        <ele>2019.7</ele>
      </trkpt>
      <trkpt lat="45.05861" lon="6.5265">
        <ele>2020.2</ele>
      </trkpt>
      <trkpt lat="45.05887" lon="6.5262">
        <ele>2022.2</ele>
      </trkpt>
      <trkpt lat="45.05898" lon="6.52607">
        <ele>2022.7</ele>
      </trkpt>
      <trkpt lat="45.05898" lon="6.52607">
        <ele>2022.7</ele>
      </trkpt>
      <trkpt lat="45.05908" lon="6.52594">
        <ele>2023.0</ele>
      </trkpt>
      <trkpt lat="45.05923" lon="6.5257">
        <ele>2023.5</ele>
      </trkpt>
      <trkpt lat="45.05927" lon="6.52573">
        <ele>2023.7</ele>
      </trkpt>
      <trkpt lat="45.05929" lon="6.52574">
        <ele>2023.9</ele>
      </trkpt>
      <trkpt lat="45.05933" lon="6.52572">
        <ele>2024.2</ele>
      </trkpt>
      <trkpt lat="45.05935" lon="6.5257">
        <ele>2024.3</ele>
      </trkpt>
      <trkpt lat="45.05936" lon="6.52564">
        <ele>2024.4</ele>
      </trkpt>
      <trkpt lat="45.05935" lon="6.52557">
        <ele>2024.3</ele>
      </trkpt>
      <trkpt lat="45.05948" lon="6.5254">
        <ele>2025.3</ele>
      </trkpt>
      <trkpt lat="45.05977" lon="6.52518">
        <ele>2027.3</ele>
      </trkpt>
      <trkpt lat="45.05989" lon="6.52502">
        <ele>2028.2</ele>
      </trkpt>
      <trkpt lat="45.05993" lon="6.52497">
        <ele>2028.4</ele>
      </trkpt>
      <trkpt lat="45.05996" lon="6.52489">
        <ele>2028.2</ele>
      </trkpt>
      <trkpt lat="45.06003" lon="6.52479">
        <ele>2028.4</ele>
      </trkpt>
      <trkpt lat="45.06007" lon="6.52477">
        <ele>2028.8</ele>
      </trkpt>
      <trkpt lat="45.06012" lon="6.52476">
        <ele>2029.3</ele>
      </trkpt>
      <trkpt lat="45.06018" lon="6.52481">
        <ele>2030.4</ele>
      </trkpt>
      <trkpt lat="45.06022" lon="6.52483">
        <ele>2031.0</ele>
      </trkpt>
      <trkpt lat="45.06026" lon="6.52483">
        <ele>2031.5</ele>
      </trkpt>
      <trkpt lat="45.06034" lon="6.52479">
        <ele>2032.3</ele>
      </trkpt>
      <trkpt lat="45.06059" lon="6.52461">
        <ele>2034.3</ele>
      </trkpt>
      <trkpt lat="45.06072" lon="6.5245">
        <ele>2035.1</ele>
      </trkpt>
      <trkpt lat="45.06081" lon="6.52441">
        <ele>2035.5</ele>
      </trkpt>
      <trkpt lat="45.06089" lon="6.5243">
        <ele>2036.1</ele>
      </trkpt>
      <trkpt lat="45.06094" lon="6.52425">
        <ele>2036.8</ele>
      </trkpt>
      <trkpt lat="45.06128" lon="6.52406">
        <ele>2041.6</ele>
      </trkpt>
      <trkpt lat="45.06154" lon="6.52373">
        <ele>2041.5</ele>
      </trkpt>
      <trkpt lat="45.06167" lon="6.52361">
        <ele>2041.7</ele>
      </trkpt>
      <trkpt lat="45.06241" lon="6.52309">
        <ele>2048.4</ele>
      </trkpt>
      <trkpt lat="45.06255" lon="6.52295">
        <ele>2048.5</ele>
      </trkpt>
      <trkpt lat="45.06269" lon="6.52284">
        <ele>2050.3</ele>
      </trkpt>
      <trkpt lat="45.06301" lon="6.52266">
        <ele>2055.1</ele>
      </trkpt>
      <trkpt lat="45.06321" lon="6.52251">
        <ele>2055.9</ele>
      </trkpt>
      <trkpt lat="45.06352" lon="6.52225">
        <ele>2060.5</ele>
      </trkpt>
      <trkpt lat="45.06378" lon="6.522">
        <ele>2063.4</ele>
      </trkpt>
      <trkpt lat="45.06383" lon="6.52194">
        <ele>2063.4</ele>
      </trkpt>
      <trkpt lat="45.06387" lon="6.52181">
        <ele>2061.3</ele>
      </trkpt>
      <trkpt lat="45.06394" lon="6.52169">
        <ele>2060.1</ele>
      </trkpt>
      <trkpt lat="45.06403" lon="6.52159">
        <ele>2060.6</ele>
      </trkpt>
      <trkpt lat="45.06414" lon="6.5215">
        <ele>2061.7</ele>
      </trkpt>
      <trkpt lat="45.06426" lon="6.52144">
        <ele>2063.4</ele>
      </trkpt>
      <trkpt lat="45.06447" lon="6.52137">
        <ele>2067.3</ele>
      </trkpt>
      <trkpt lat="45.06463" lon="6.52126">
        <ele>2069.4</ele>
      </trkpt>
      <trkpt lat="45.0648" lon="6.52114">
        <ele>2071.9</ele>
      </trkpt>
      <trkpt lat="45.0649" lon="6.521">
        <ele>2072.5</ele>
      </trkpt>
      <trkpt lat="45.06502" lon="6.52087">
        <ele>2074.0</ele>
      </trkpt>
      <trkpt lat="45.06522" lon="6.52074">
        <ele>2077.4</ele>
      </trkpt>
      <trkpt lat="45.06531" lon="6.52062">
        <ele>2078.3</ele>
      </trkpt>
      <trkpt lat="45.06535" lon="6.52058">
        <ele>2078.8</ele>
      </trkpt>
      <trkpt lat="45.06547" lon="6.52053">
        <ele>2081.2</ele>
      </trkpt>
      <trkpt lat="45.0655" lon="6.52049">
        <ele>2081.5</ele>
      </trkpt>
      <trkpt lat="45.06565" lon="6.52021">
        <ele>2081.9</ele>
      </trkpt>
      <trkpt lat="45.06565" lon="6.52021">
        <ele>2081.9</ele>
      </trkpt>
      <trkpt lat="45.06583" lon="6.51997">
        <ele>2083.5</ele>
      </trkpt>
      <trkpt lat="45.06598" lon="6.51984">
        <ele>2085.0</ele>
      </trkpt>
      <trkpt lat="45.06598" lon="6.51984">
        <ele>2085.0</ele>
      </trkpt>
      <trkpt lat="45.06623" lon="6.51961">
        <ele>2088.1</ele>
      </trkpt>
      <trkpt lat="45.06638" lon="6.51945">
        <ele>2090.1</ele>
      </trkpt>
      <trkpt lat="45.06638" lon="6.51945">
        <ele>2090.1</ele>
      </trkpt>
      <trkpt lat="45.06661" lon="6.51903">
        <ele>2091.9</ele>
      </trkpt>
      <trkpt lat="45.06674" lon="6.51886">
        <ele>2093.4</ele>
      </trkpt>
      <trkpt lat="45.06686" lon="6.51873">
        <ele>2095.3</ele>
      </trkpt>
      <trkpt lat="45.06725" lon="6.5183">
        <ele>2101.9</ele>
      </trkpt>
      <trkpt lat="45.06732" lon="6.51819">
        <ele>2102.1</ele>
      </trkpt>
      <trkpt lat="45.0676" lon="6.51791">
        <ele>2105.4</ele>
      </trkpt>
      <trkpt lat="45.06766" lon="6.51777">
        <ele>2104.7</ele>
      </trkpt>
      <trkpt lat="45.06774" lon="6.51766">
        <ele>2105.0</ele>
      </trkpt>
      <trkpt lat="45.06786" lon="6.51756">
        <ele>2106.5</ele>
      </trkpt>
      <trkpt lat="45.06814" lon="6.51735">
        <ele>2109.7</ele>
      </trkpt>
      <trkpt lat="45.0682" lon="6.51728">
        <ele>2109.6</ele>
      </trkpt>
      <trkpt lat="45.06825" lon="6.51719">
        <ele>2108.6</ele>
      </trkpt>
      <trkpt lat="45.06832" lon="6.51702">
        <ele>2106.0</ele>
      </trkpt>
      <trkpt lat="45.06838" lon="6.51696">
        <ele>2106.1</ele>
      </trkpt>
      <trkpt lat="45.06845" lon="6.51692">
        <ele>2107.0</ele>
      </trkpt>
      <trkpt lat="45.06868" lon="6.51687">
        <ele>2112.1</ele>
      </trkpt>
      <trkpt lat="45.06875" lon="6.51682">
        <ele>2112.7</ele>
      </trkpt>
      <trkpt lat="45.06881" lon="6.51675">
        <ele>2112.5</ele>
      </trkpt>
      <trkpt lat="45.06898" lon="6.51663">
        <ele>2113.9</ele>
      </trkpt>
      <trkpt lat="45.06924" lon="6.51648">
        <ele>2116.9</ele>
      </trkpt>
      <trkpt lat="45.0695" lon="6.51629">
        <ele>2119.1</ele>
      </trkpt>
      <trkpt lat="45.06984" lon="6.51602">
        <ele>2119.2</ele>
      </trkpt>
      <trkpt lat="45.07004" lon="6.5159">
        <ele>2119.8</ele>
      </trkpt>
      <trkpt lat="45.07026" lon="6.5158">
        <ele>2122.4</ele>
      </trkpt>
      <trkpt lat="45.07096" lon="6.51551">
        <ele>2131.9</ele>
      </trkpt>
      <trkpt lat="45.07143" lon="6.51523">
        <ele>2134.6</ele>
      </trkpt>
      <trkpt lat="45.0719" lon="6.51496">
        <ele>2136.2</ele>
      </trkpt>
      <trkpt lat="45.0723" lon="6.51476">
        <ele>2140.8</ele>
      </trkpt>
      <trkpt lat="45.07245" lon="6.51465">
        <ele>2141.8</ele>
      </trkpt>
      <trkpt lat="45.07255" lon="6.51449">
        <ele>2140.6</ele>
      </trkpt>
      <trkpt lat="45.07265" lon="6.51434">
        <ele>2139.4</ele>
      </trkpt>
      <trkpt lat="45.07274" lon="6.51429">
        <ele>2139.9</ele>
      </trkpt>
      <trkpt lat="45.07294" lon="6.51424">
        <ele>2142.3</ele>
      </trkpt>
      <trkpt lat="45.07327" lon="6.5141">
        <ele>2144.9</ele>
      </trkpt>
      <trkpt lat="45.07352" lon="6.51398">
        <ele>2146.2</ele>
      </trkpt>
      <trkpt lat="45.07362" lon="6.51397">
        <ele>2147.1</ele>
      </trkpt>
      <trkpt lat="45.07372" lon="6.51393">
        <ele>2147.5</ele>
      </trkpt>
      <trkpt lat="45.0738" lon="6.51388">
        <ele>2147.3</ele>
      </trkpt>
      <trkpt lat="45.07411" lon="6.51365">
        <ele>2145.1</ele>
      </trkpt>
      <trkpt lat="45.07427" lon="6.51358">
        <ele>2145.6</ele>
      </trkpt>
      <trkpt lat="45.07437" lon="6.51349">
        <ele>2144.7</ele>
      </trkpt>
      <trkpt lat="45.07455" lon="6.5133">
        <ele>2142.4</ele>
      </trkpt>
      <trkpt lat="45.07462" lon="6.51326">
        <ele>2142.9</ele>
      </trkpt>
      <trkpt lat="45.07469" lon="6.51324">
        <ele>2143.5</ele>
      </trkpt>
      <trkpt lat="45.07478" lon="6.51326">
        <ele>2144.6</ele>
      </trkpt>
      <trkpt lat="45.07483" lon="6.51326">
        <ele>2145.2</ele>
      </trkpt>
      <trkpt lat="45.07483" lon="6.51326">
        <ele>2145.2</ele>
      </trkpt>
      <trkpt lat="45.07488" lon="6.51324">
        <ele>2145.5</ele>
      </trkpt>
      <trkpt lat="45.075" lon="6.51311">
        <ele>2145.1</ele>
      </trkpt>
      <trkpt lat="45.07515" lon="6.51301">
        <ele>2146.3</ele>
      </trkpt>
      <trkpt lat="45.07536" lon="6.5128">
        <ele>2146.2</ele>
      </trkpt>
      <trkpt lat="45.07536" lon="6.5128">
        <ele>2146.2</ele>
      </trkpt>
      <trkpt lat="45.07574" lon="6.51247">
        <ele>2145.0</ele>
      </trkpt>
      <trkpt lat="45.076" lon="6.51223">
        <ele>2147.5</ele>
      </trkpt>
      <trkpt lat="45.0761" lon="6.51218">
        <ele>2148.5</ele>
      </trkpt>
      <trkpt lat="45.07622" lon="6.51214">
        <ele>2149.6</ele>
      </trkpt>
      <trkpt lat="45.07631" lon="6.51209">
        <ele>2150.2</ele>
      </trkpt>
      <trkpt lat="45.07646" lon="6.51194">
        <ele>2150.1</ele>
      </trkpt>
      <trkpt lat="45.07664" lon="6.51181">
        <ele>2149.9</ele>
      </trkpt>
      <trkpt lat="45.07671" lon="6.5117">
        <ele>2149.1</ele>
      </trkpt>
      <trkpt lat="45.07675" lon="6.51164">
        <ele>2149.1</ele>
      </trkpt>
      <trkpt lat="45.07716" lon="6.51138">
        <ele>2152.5</ele>
      </trkpt>
      <trkpt lat="45.07742" lon="6.5112">
        <ele>2152.9</ele>
      </trkpt>
      <trkpt lat="45.07781" lon="6.51087">
        <ele>2151.8</ele>
      </trkpt>
      <trkpt lat="45.07789" lon="6.51082">
        <ele>2151.9</ele>
      </trkpt>
      <trkpt lat="45.07797" lon="6.5108">
        <ele>2152.6</ele>
      </trkpt>
      <trkpt lat="45.07811" lon="6.51079">
        <ele>2153.6</ele>
      </trkpt>
      <trkpt lat="45.07862" lon="6.51051">
        <ele>2157.4</ele>
      </trkpt>
      <trkpt lat="45.07887" lon="6.51032">
        <ele>2159.0</ele>
      </trkpt>
      <trkpt lat="45.07906" lon="6.5102">
        <ele>2160.0</ele>
      </trkpt>
      <trkpt lat="45.07937" lon="6.51005">
        <ele>2161.9</ele>
      </trkpt>
      <trkpt lat="45.07961" lon="6.50999">
        <ele>2163.7</ele>
      </trkpt>
      <trkpt lat="45.07978" lon="6.50986">
        <ele>2164.6</ele>
      </trkpt>
      <trkpt lat="45.07986" lon="6.50982">
        <ele>2165.0</ele>
      </trkpt>
      <trkpt lat="45.08012" lon="6.50979">
        <ele>2166.6</ele>
      </trkpt>
      <trkpt lat="45.08026" lon="6.50976">
        <ele>2167.2</ele>
      </trkpt>
      <trkpt lat="45.08033" lon="6.50977">
        <ele>2167.6</ele>
      </trkpt>
      <trkpt lat="45.08039" lon="6.50978">
        <ele>2167.9</ele>
      </trkpt>
      <trkpt lat="45.08045" lon="6.50979">
        <ele>2168.2</ele>
      </trkpt>
      <trkpt lat="45.0805" lon="6.50977">
        <ele>2168.4</ele>
      </trkpt>
      <trkpt lat="45.08053" lon="6.50974">
        <ele>2168.6</ele>
      </trkpt>
      <trkpt lat="45.08056" lon="6.50968">
        <ele>2168.9</ele>
      </trkpt>
      <trkpt lat="45.0806" lon="6.50959">
        <ele>2168.5</ele>
      </trkpt>
      <trkpt lat="45.08067" lon="6.50938">
        <ele>2167.5</ele>
      </trkpt>
      <trkpt lat="45.08067" lon="6.50927">
        <ele>2166.7</ele>
      </trkpt>
      <trkpt lat="45.08066" lon="6.50907">
        <ele>2166.6</ele>
      </trkpt>
      <trkpt lat="45.08069" lon="6.50885">
        <ele>2168.3</ele>
      </trkpt>
      <trkpt lat="45.08075" lon="6.50868">
        <ele>2169.7</ele>
      </trkpt>
      <trkpt lat="45.0808" lon="6.50853">
        <ele>2170.7</ele>
      </trkpt>
      <trkpt lat="45.08086" lon="6.50849">
        <ele>2171.3</ele>
      </trkpt>
      <trkpt lat="45.08103" lon="6.50844">
        <ele>2172.8</ele>
      </trkpt>
      <trkpt lat="45.08135" lon="6.5083">
        <ele>2175.9</ele>
      </trkpt>
      <trkpt lat="45.08163" lon="6.50812">
        <ele>2178.5</ele>
      </trkpt>
      <trkpt lat="45.08179" lon="6.50806">
        <ele>2181.4</ele>
      </trkpt>
      <trkpt lat="45.08181" lon="6.50805">
        <ele>2181.8</ele>
      </trkpt>
      <trkpt lat="45.08182" lon="6.50803">
        <ele>2182.0</ele>
      </trkpt>
      <trkpt lat="45.08187" lon="6.50799">
        <ele>2183.1</ele>
      </trkpt>
      <trkpt lat="45.08199" lon="6.50782">
        <ele>2185.7</ele>
      </trkpt>
      <trkpt lat="45.08206" lon="6.50775">
        <ele>2187.1</ele>
      </trkpt>
      <trkpt lat="45.0822" lon="6.50764">
        <ele>2189.8</ele>
      </trkpt>
      <trkpt lat="45.08242" lon="6.50751">
        <ele>2193.7</ele>
      </trkpt>
      <trkpt lat="45.08252" lon="6.50741">
        <ele>2195.1</ele>
      </trkpt>
      <trkpt lat="45.08268" lon="6.50734">
        <ele>2199.2</ele>
      </trkpt>
      <trkpt lat="45.08279" lon="6.50731">
        <ele>2202.0</ele>
      </trkpt>
      <trkpt lat="45.08285" lon="6.50725">
        <ele>2203.0</ele>
      </trkpt>
      <trkpt lat="45.0829" lon="6.50718">
        <ele>2203.5</ele>
      </trkpt>
      <trkpt lat="45.08302" lon="6.50692">
        <ele>2203.0</ele>
      </trkpt>
      <trkpt lat="45.08308" lon="6.50685">
        <ele>2203.2</ele>
      </trkpt>
      <trkpt lat="45.08319" lon="6.50679">
        <ele>2204.5</ele>
      </trkpt>
      <trkpt lat="45.08321" lon="6.50674">
        <ele>2204.0</ele>
      </trkpt>
      <trkpt lat="45.08325" lon="6.50672">
        <ele>2204.5</ele>
      </trkpt>
      <trkpt lat="45.08338" lon="6.50661">
        <ele>2207.2</ele>
      </trkpt>
      <trkpt lat="45.0834" lon="6.50659">
        <ele>2208.0</ele>
      </trkpt>
      <trkpt lat="45.08341" lon="6.50661">
        <ele>2208.5</ele>
      </trkpt>
      <trkpt lat="45.08347" lon="6.50654">
        <ele>2211.0</ele>
      </trkpt>
      <trkpt lat="45.08355" lon="6.50641">
        <ele>2213.6</ele>
      </trkpt>
      <trkpt lat="45.08362" lon="6.50632">
        <ele>2215.6</ele>
      </trkpt>
      <trkpt lat="45.08366" lon="6.50625">
        <ele>2216.4</ele>
      </trkpt>
      <trkpt lat="45.08369" lon="6.50619">
        <ele>2216.7</ele>
      </trkpt>
      <trkpt lat="45.08371" lon="6.50616">
        <ele>2217.0</ele>
      </trkpt>
      <trkpt lat="45.08378" lon="6.50606">
        <ele>2217.9</ele>
      </trkpt>
      <trkpt lat="45.08381" lon="6.50601">
        <ele>2218.0</ele>
      </trkpt>
      <trkpt lat="45.08383" lon="6.50597">
        <ele>2217.9</ele>
      </trkpt>
      <trkpt lat="45.08386" lon="6.50592">
        <ele>2217.8</ele>
      </trkpt>
      <trkpt lat="45.08386" lon="6.50592">
        <ele>2217.8</ele>
      </trkpt>
      <trkpt lat="45.08391" lon="6.5059">
        <ele>2218.7</ele>
      </trkpt>
      <trkpt lat="45.08394" lon="6.50586">
        <ele>2218.6</ele>
      </trkpt>
      <trkpt lat="45.08397" lon="6.50583">
        <ele>2218.8</ele>
      </trkpt>
      <trkpt lat="45.08401" lon="6.5058">
        <ele>2219.9</ele>
      </trkpt>
      <trkpt lat="45.08402" lon="6.50579">
        <ele>2220.2</ele>
      </trkpt>
      <trkpt lat="45.08408" lon="6.50575">
        <ele>2221.6</ele>
      </trkpt>
      <trkpt lat="45.08414" lon="6.50573">
        <ele>2222.9</ele>
      </trkpt>
      <trkpt lat="45.08417" lon="6.50569">
        <ele>2223.6</ele>
      </trkpt>
      <trkpt lat="45.08419" lon="6.50564">
        <ele>2224.6</ele>
      </trkpt>
      <trkpt lat="45.08422" lon="6.50559">
        <ele>2225.8</ele>
      </trkpt>
      <trkpt lat="45.08424" lon="6.50552">
        <ele>2226.6</ele>
      </trkpt>
      <trkpt lat="45.08422" lon="6.50547">
        <ele>2226.0</ele>
      </trkpt>
      <trkpt lat="45.08426" lon="6.5054">
        <ele>2227.4</ele>
      </trkpt>
      <trkpt lat="45.0843" lon="6.50529">
        <ele>2228.5</ele>
      </trkpt>
      <trkpt lat="45.0843" lon="6.50525">
        <ele>2228.5</ele>
      </trkpt>
      <trkpt lat="45.0843" lon="6.50524">
        <ele>2228.5</ele>
      </trkpt>
      <trkpt lat="45.08427" lon="6.50516">
        <ele>2227.8</ele>
      </trkpt>
      <trkpt lat="45.08426" lon="6.50509">
        <ele>2227.6</ele>
      </trkpt>
      <trkpt lat="45.08429" lon="6.50503">
        <ele>2228.2</ele>
      </trkpt>
      <trkpt lat="45.0843" lon="6.50502">
        <ele>2228.4</ele>
      </trkpt>
      <trkpt lat="45.08435" lon="6.50494">
        <ele>2229.9</ele>
      </trkpt>
      <trkpt lat="45.0844" lon="6.50487">
        <ele>2231.2</ele>
      </trkpt>
      <trkpt lat="45.0844" lon="6.50482">
        <ele>2231.6</ele>
      </trkpt>
      <trkpt lat="45.08441" lon="6.50482">
        <ele>2231.8</ele>
      </trkpt>
      <trkpt lat="45.08447" lon="6.50476">
        <ele>2232.9</ele>
      </trkpt>
      <trkpt lat="45.08447" lon="6.50476">
        <ele>2232.9</ele>
      </trkpt>
      <trkpt lat="45.0845" lon="6.50473">
        <ele>2233.4</ele>
      </trkpt>
      <trkpt lat="45.08456" lon="6.50471">
        <ele>2234.1</ele>
      </trkpt>
      <trkpt lat="45.08461" lon="6.50466">
        <ele>2234.8</ele>
      </trkpt>
      <trkpt lat="45.08466" lon="6.50465">
        <ele>2235.2</ele>
      </trkpt>
      <trkpt lat="45.0847" lon="6.50463">
        <ele>2235.5</ele>
      </trkpt>
      <trkpt lat="45.08473" lon="6.5046">
        <ele>2235.7</ele>
      </trkpt>
      <trkpt lat="45.08475" lon="6.50455">
        <ele>2235.8</ele>
      </trkpt>
      <trkpt lat="45.08474" lon="6.50451">
        <ele>2235.7</ele>
      </trkpt>
      <trkpt lat="45.08474" lon="6.50449">
        <ele>2235.7</ele>
      </trkpt>
      <trkpt lat="45.08477" lon="6.50439">
        <ele>2235.6</ele>
      </trkpt>
      <trkpt lat="45.08482" lon="6.50435">
        <ele>2235.5</ele>
      </trkpt>
      <trkpt lat="45.08488" lon="6.50428">
        <ele>2235.2</ele>
      </trkpt>
      <trkpt lat="45.0849" lon="6.50423">
        <ele>2234.8</ele>
      </trkpt>
      <trkpt lat="45.08492" lon="6.50415">
        <ele>2234.7</ele>
      </trkpt>
      <trkpt lat="45.08493" lon="6.50408">
        <ele>2235.9</ele>
      </trkpt>
      <trkpt lat="45.08496" lon="6.50403">
        <ele>2236.7</ele>
      </trkpt>
      <trkpt lat="45.08507" lon="6.50395">
        <ele>2239.2</ele>
      </trkpt>
      <trkpt lat="45.08513" lon="6.5039">
        <ele>2241.0</ele>
      </trkpt>
      <trkpt lat="45.08514" lon="6.50389">
        <ele>2241.3</ele>
      </trkpt>
      <trkpt lat="45.08517" lon="6.50385">
        <ele>2242.3</ele>
      </trkpt>
      <trkpt lat="45.08521" lon="6.50376">
        <ele>2244.0</ele>
      </trkpt>
      <trkpt lat="45.08524" lon="6.50366">
        <ele>2245.6</ele>
      </trkpt>
      <trkpt lat="45.08526" lon="6.50364">
        <ele>2246.0</ele>
      </trkpt>
      <trkpt lat="45.08526" lon="6.50364">
        <ele>2246.0</ele>
      </trkpt>
      <trkpt lat="45.08528" lon="6.50362">
        <ele>2246.4</ele>
      </trkpt>
      <trkpt lat="45.08536" lon="6.50357">
        <ele>2247.5</ele>
      </trkpt>
      <trkpt lat="45.08538" lon="6.50356">
        <ele>2247.7</ele>
      </trkpt>
      <trkpt lat="45.08543" lon="6.50354">
        <ele>2248.2</ele>
      </trkpt>
      <trkpt lat="45.08552" lon="6.50348">
        <ele>2249.1</ele>
      </trkpt>
      <trkpt lat="45.08553" lon="6.50348">
        <ele>2249.1</ele>
      </trkpt>
      <trkpt lat="45.08559" lon="6.50346">
        <ele>2249.5</ele>
      </trkpt>
      <trkpt lat="45.08566" lon="6.50345">
        <ele>2249.8</ele>
      </trkpt>
      <trkpt lat="45.0857" lon="6.50341">
        <ele>2249.9</ele>
      </trkpt>
      <trkpt lat="45.08571" lon="6.50339">
        <ele>2249.9</ele>
      </trkpt>
      <trkpt lat="45.08575" lon="6.50338">
        <ele>2250.0</ele>
      </trkpt>
      <trkpt lat="45.08578" lon="6.50335">
        <ele>2250.0</ele>
      </trkpt>
      <trkpt lat="45.08578" lon="6.50329">
        <ele>2250.5</ele>
      </trkpt>
      <trkpt lat="45.08579" lon="6.50322">
        <ele>2251.5</ele>
      </trkpt>
      <trkpt lat="45.08582" lon="6.50316">
        <ele>2252.3</ele>
      </trkpt>
      <trkpt lat="45.08586" lon="6.50314">
        <ele>2253.4</ele>
      </trkpt>
      <trkpt lat="45.08593" lon="6.50312">
        <ele>2255.9</ele>
      </trkpt>
      <trkpt lat="45.08594" lon="6.50312">
        <ele>2256.2</ele>
      </trkpt>
      <trkpt lat="45.08599" lon="6.5031">
        <ele>2258.0</ele>
      </trkpt>
      <trkpt lat="45.08605" lon="6.50305">
        <ele>2260.4</ele>
      </trkpt>
      <trkpt lat="45.08609" lon="6.50301">
        <ele>2262.1</ele>
      </trkpt>
      <trkpt lat="45.08611" lon="6.50299">
        <ele>2262.9</ele>
      </trkpt>
      <trkpt lat="45.08615" lon="6.50293">
        <ele>2264.7</ele>
      </trkpt>
      <trkpt lat="45.08616" lon="6.50289">
        <ele>2265.4</ele>
      </trkpt>
      <trkpt lat="45.08616" lon="6.50278">
        <ele>2266.5</ele>
      </trkpt>
      <trkpt lat="45.0862" lon="6.50271">
        <ele>2268.2</ele>
      </trkpt>
      <trkpt lat="45.08623" lon="6.50261">
        <ele>2270.0</ele>
      </trkpt>
      <trkpt lat="45.08623" lon="6.50258">
        <ele>2270.3</ele>
      </trkpt>
      <trkpt lat="45.08623" lon="6.50258">
        <ele>2270.3</ele>
      </trkpt>
      <trkpt lat="45.08628" lon="6.5025">
        <ele>2272.3</ele>
      </trkpt>
      <trkpt lat="45.08631" lon="6.50246">
        <ele>2273.8</ele>
      </trkpt>
      <trkpt lat="45.08636" lon="6.50246">
        <ele>2275.1</ele>
      </trkpt>
      <trkpt lat="45.08639" lon="6.50245">
        <ele>2276.0</ele>
      </trkpt>
      <trkpt lat="45.0864" lon="6.50241">
        <ele>2277.1</ele>
      </trkpt>
      <trkpt lat="45.08641" lon="6.50236">
        <ele>2278.3</ele>
      </trkpt>
      <trkpt lat="45.08639" lon="6.50231">
        <ele>2278.8</ele>
      </trkpt>
      <trkpt lat="45.08636" lon="6.50229">
        <ele>2278.5</ele>
      </trkpt>
      <trkpt lat="45.08631" lon="6.50225">
        <ele>2278.2</ele>
      </trkpt>
      <trkpt lat="45.0863" lon="6.50217">
        <ele>2279.6</ele>
      </trkpt>
      <trkpt lat="45.08627" lon="6.50213">
        <ele>2279.7</ele>
      </trkpt>
      <trkpt lat="45.08623" lon="6.50212">
        <ele>2279.0</ele>
      </trkpt>
      <trkpt lat="45.08622" lon="6.5021">
        <ele>2279.2</ele>
      </trkpt>
      <trkpt lat="45.08619" lon="6.50203">
        <ele>2280.1</ele>
      </trkpt>
      <trkpt lat="45.08616" lon="6.50202">
        <ele>2279.6</ele>
      </trkpt>
      <trkpt lat="45.08613" lon="6.50201">
        <ele>2279.2</ele>
      </trkpt>
      <trkpt lat="45.08611" lon="6.50198">
        <ele>2279.4</ele>
      </trkpt>
      <trkpt lat="45.08611" lon="6.50196">
        <ele>2279.9</ele>
      </trkpt>
      <trkpt lat="45.08612" lon="6.50186">
        <ele>2282.3</ele>
      </trkpt>
      <trkpt lat="45.08613" lon="6.50177">
        <ele>2284.4</ele>
      </trkpt>
      <trkpt lat="45.08612" lon="6.50171">
        <ele>2285.6</ele>
      </trkpt>
      <trkpt lat="45.08612" lon="6.50169">
        <ele>2286.0</ele>
      </trkpt>
      <trkpt lat="45.08614" lon="6.50162">
        <ele>2288.0</ele>
      </trkpt>
      <trkpt lat="45.08614" lon="6.50161">
        <ele>2288.3</ele>
      </trkpt>
      <trkpt lat="45.08614" lon="6.50161">
        <ele>2288.3</ele>
      </trkpt>
      <trkpt lat="45.08614" lon="6.50159">
        <ele>2288.8</ele>
      </trkpt>
      <trkpt lat="45.08611" lon="6.5015">
        <ele>2290.4</ele>
      </trkpt>
      <trkpt lat="45.08609" lon="6.50145">
        <ele>2291.3</ele>
      </trkpt>
      <trkpt lat="45.08606" lon="6.50143">
        <ele>2291.2</ele>
      </trkpt>
      <trkpt lat="45.08604" lon="6.50143">
        <ele>2290.9</ele>
      </trkpt>
      <trkpt lat="45.08602" lon="6.50143">
        <ele>2290.5</ele>
      </trkpt>
      <trkpt lat="45.08597" lon="6.50145">
        <ele>2289.0</ele>
      </trkpt>
      <trkpt lat="45.08595" lon="6.50142">
        <ele>2289.4</ele>
      </trkpt>
      <trkpt lat="45.08593" lon="6.50139">
        <ele>2289.8</ele>
      </trkpt>
      <trkpt lat="45.08587" lon="6.50138">
        <ele>2288.9</ele>
      </trkpt>
      <trkpt lat="45.08581" lon="6.50132">
        <ele>2289.7</ele>
      </trkpt>
      <trkpt lat="45.08581" lon="6.50132">
        <ele>2289.7</ele>
      </trkpt>
      <trkpt lat="45.08582" lon="6.50125">
        <ele>2291.5</ele>
      </trkpt>
      <trkpt lat="45.08581" lon="6.50121">
        <ele>2292.5</ele>
      </trkpt>
      <trkpt lat="45.08581" lon="6.50117">
        <ele>2293.5</ele>
      </trkpt>
      <trkpt lat="45.0858" lon="6.50116">
        <ele>2293.8</ele>
      </trkpt>
      <trkpt lat="45.08578" lon="6.50111">
        <ele>2295.0</ele>
      </trkpt>
      <trkpt lat="45.08577" lon="6.50108">
        <ele>2295.8</ele>
      </trkpt>
      <trkpt lat="45.08578" lon="6.50107">
        <ele>2296.0</ele>
      </trkpt>
      <trkpt lat="45.08579" lon="6.50106">
        <ele>2296.3</ele>
      </trkpt>
      <trkpt lat="45.08582" lon="6.50106">
        <ele>2296.3</ele>
      </trkpt>
      <trkpt lat="45.08583" lon="6.50102">
        <ele>2297.3</ele>
      </trkpt>
      <trkpt lat="45.08585" lon="6.50102">
        <ele>2297.6</ele>
      </trkpt>
      <trkpt lat="45.08587" lon="6.50102">
        <ele>2298.0</ele>
      </trkpt>
      <trkpt lat="45.0859" lon="6.50096">
        <ele>2300.0</ele>
      </trkpt>
      <trkpt lat="45.08591" lon="6.50094">
        <ele>2300.7</ele>
      </trkpt>
      <trkpt lat="45.08591" lon="6.50092">
        <ele>2301.2</ele>
      </trkpt>
      <trkpt lat="45.0859" lon="6.5009">
        <ele>2301.5</ele>
      </trkpt>
      <trkpt lat="45.08588" lon="6.50089">
        <ele>2301.4</ele>
      </trkpt>
      <trkpt lat="45.08587" lon="6.50084">
        <ele>2302.5</ele>
      </trkpt>
      <trkpt lat="45.08586" lon="6.50082">
        <ele>2302.8</ele>
      </trkpt>
      <trkpt lat="45.08579" lon="6.50082">
        <ele>2302.3</ele>
      </trkpt>
      <trkpt lat="45.08576" lon="6.50078">
        <ele>2303.2</ele>
      </trkpt>
      <trkpt lat="45.08573" lon="6.50073">
        <ele>2304.5</ele>
      </trkpt>
      <trkpt lat="45.0857" lon="6.50067">
        <ele>2305.9</ele>
      </trkpt>
      <trkpt lat="45.0857" lon="6.50062">
        <ele>2307.2</ele>
      </trkpt>
      <trkpt lat="45.08571" lon="6.50052">
        <ele>2309.7</ele>
      </trkpt>
      <trkpt lat="45.0857" lon="6.50049">
        <ele>2310.4</ele>
      </trkpt>
      <trkpt lat="45.08569" lon="6.50048">
        <ele>2310.7</ele>
      </trkpt>
      <trkpt lat="45.08565" lon="6.50042">
        <ele>2312.1</ele>
      </trkpt>
      <trkpt lat="45.08564" lon="6.50038">
        <ele>2313.1</ele>
      </trkpt>
      <trkpt lat="45.08564" lon="6.50033">
        <ele>2314.3</ele>
      </trkpt>
      <trkpt lat="45.08566" lon="6.50028">
        <ele>2315.6</ele>
      </trkpt>
      <trkpt lat="45.08566" lon="6.50027">
        <ele>2315.8</ele>
      </trkpt>
      <trkpt lat="45.08571" lon="6.50021">
        <ele>2317.4</ele>
      </trkpt>
      <trkpt lat="45.0857" lon="6.5001">
        <ele>2320.2</ele>
      </trkpt>
      <trkpt lat="45.0857" lon="6.50005">
        <ele>2321.4</ele>
      </trkpt>
      <trkpt lat="45.0857" lon="6.50001">
        <ele>2322.4</ele>
      </trkpt>
      <trkpt lat="45.08567" lon="6.49997">
        <ele>2323.3</ele>
      </trkpt>
      <trkpt lat="45.0856" lon="6.49993">
        <ele>2324.1</ele>
      </trkpt>
      <trkpt lat="45.08557" lon="6.49991">
        <ele>2324.5</ele>
      </trkpt>
      <trkpt lat="45.08554" lon="6.49984">
        <ele>2326.1</ele>
      </trkpt>
      <trkpt lat="45.08549" lon="6.4998">
        <ele>2326.8</ele>
      </trkpt>
      <trkpt lat="45.08543" lon="6.4998">
        <ele>2326.6</ele>
      </trkpt>
      <trkpt lat="45.0854" lon="6.4998">
        <ele>2326.5</ele>
      </trkpt>
      <trkpt lat="45.08535" lon="6.49974">
        <ele>2327.7</ele>
      </trkpt>
      <trkpt lat="45.08531" lon="6.49968">
        <ele>2328.8</ele>
      </trkpt>
      <trkpt lat="45.08525" lon="6.49964">
        <ele>2329.5</ele>
      </trkpt>
      <trkpt lat="45.0852" lon="6.49956">
        <ele>2331.0</ele>
      </trkpt>
      <trkpt lat="45.08517" lon="6.49947">
        <ele>2332.7</ele>
      </trkpt>
      <trkpt lat="45.08517" lon="6.49944">
        <ele>2333.4</ele>
      </trkpt>
      <trkpt lat="45.08516" lon="6.49936">
        <ele>2335.0</ele>
      </trkpt>
      <trkpt lat="45.08518" lon="6.4993">
        <ele>2336.4</ele>
      </trkpt>
      <trkpt lat="45.08518" lon="6.4993">
        <ele>2336.4</ele>
      </trkpt>
      <trkpt lat="45.08519" lon="6.49928">
        <ele>2336.9</ele>
      </trkpt>
      <trkpt lat="45.08527" lon="6.49923">
        <ele>2338.6</ele>
      </trkpt>
      <trkpt lat="45.08533" lon="6.49918">
        <ele>2340.1</ele>
      </trkpt>
      <trkpt lat="45.08533" lon="6.49917">
        <ele>2340.3</ele>
      </trkpt>
      <trkpt lat="45.08542" lon="6.4991">
        <ele>2341.9</ele>
      </trkpt>
      <trkpt lat="45.08548" lon="6.49903">
        <ele>2343.3</ele>
      </trkpt>
      <trkpt lat="45.08548" lon="6.49902">
        <ele>2343.4</ele>
      </trkpt>
      <trkpt lat="45.08548" lon="6.49902">
        <ele>2343.4</ele>
      </trkpt>
      <trkpt lat="45.08554" lon="6.49892">
        <ele>2345.2</ele>
      </trkpt>
      <trkpt lat="45.08554" lon="6.49892">
        <ele>2345.2</ele>
      </trkpt>
      <trkpt lat="45.0855" lon="6.49892">
        <ele>2344.9</ele>
      </trkpt>
      <trkpt lat="45.08545" lon="6.49893">
        <ele>2344.4</ele>
      </trkpt>
      <trkpt lat="45.08542" lon="6.49891">
        <ele>2344.4</ele>
      </trkpt>
      <trkpt lat="45.08538" lon="6.49889">
        <ele>2344.4</ele>
      </trkpt>
      <trkpt lat="45.08537" lon="6.49889">
        <ele>2344.3</ele>
      </trkpt>
      <trkpt lat="45.08535" lon="6.49889">
        <ele>2344.1</ele>
      </trkpt>
      <trkpt lat="45.08533" lon="6.49885">
        <ele>2344.5</ele>
      </trkpt>
      <trkpt lat="45.08533" lon="6.49878">
        <ele>2345.4</ele>
      </trkpt>
      <trkpt lat="45.08531" lon="6.49873">
        <ele>2345.9</ele>
      </trkpt>
      <trkpt lat="45.08528" lon="6.49869">
        <ele>2346.1</ele>
      </trkpt>
      <trkpt lat="45.08526" lon="6.49866">
        <ele>2346.3</ele>
      </trkpt>
      <trkpt lat="45.08523" lon="6.4986">
        <ele>2346.8</ele>
      </trkpt>
      <trkpt lat="45.08522" lon="6.49857">
        <ele>2347.1</ele>
      </trkpt>
      <trkpt lat="45.08522" lon="6.49853">
        <ele>2347.6</ele>
      </trkpt>
      <trkpt lat="45.08521" lon="6.49847">
        <ele>2348.3</ele>
      </trkpt>
      <trkpt lat="45.08522" lon="6.49843">
        <ele>2348.9</ele>
      </trkpt>
      <trkpt lat="45.08523" lon="6.49834">
        <ele>2350.1</ele>
      </trkpt>
      <trkpt lat="45.08525" lon="6.49828">
        <ele>2350.6</ele>
      </trkpt>
      <trkpt lat="45.08529" lon="6.49823">
        <ele>2351.2</ele>
      </trkpt>
      <trkpt lat="45.08529" lon="6.49819">
        <ele>2351.4</ele>
      </trkpt>
      <trkpt lat="45.08532" lon="6.49812">
        <ele>2352.0</ele>
      </trkpt>
      <trkpt lat="45.08535" lon="6.49807">
        <ele>2352.5</ele>
      </trkpt>
      <trkpt lat="45.08537" lon="6.49804">
        <ele>2352.9</ele>
      </trkpt>
      <trkpt lat="45.08538" lon="6.49803">
        <ele>2353.0</ele>
      </trkpt>
      <trkpt lat="45.08539" lon="6.49801">
        <ele>2353.2</ele>
      </trkpt>
      <trkpt lat="45.08538" lon="6.49797">
        <ele>2353.3</ele>
      </trkpt>
      <trkpt lat="45.08536" lon="6.49793">
        <ele>2353.3</ele>
      </trkpt>
      <trkpt lat="45.08533" lon="6.4979">
        <ele>2353.0</ele>
      </trkpt>
      <trkpt lat="45.08528" lon="6.49789">
        <ele>2352.5</ele>
      </trkpt>
      <trkpt lat="45.08527" lon="6.49787">
        <ele>2352.4</ele>
      </trkpt>
      <trkpt lat="45.08527" lon="6.49784">
        <ele>2352.5</ele>
      </trkpt>
      <trkpt lat="45.08529" lon="6.49777">
        <ele>2353.1</ele>
      </trkpt>
      <trkpt lat="45.0853" lon="6.49769">
        <ele>2353.5</ele>
      </trkpt>
      <trkpt lat="45.08532" lon="6.49764">
        <ele>2354.0</ele>
      </trkpt>
      <trkpt lat="45.08532" lon="6.49759">
        <ele>2354.2</ele>
      </trkpt>
      <trkpt lat="45.08533" lon="6.49748">
        <ele>2354.9</ele>
      </trkpt>
      <trkpt lat="45.08534" lon="6.49739">
        <ele>2355.8</ele>
      </trkpt>
      <trkpt lat="45.08535" lon="6.4973">
        <ele>2356.8</ele>
      </trkpt>
      <trkpt lat="45.08534" lon="6.49725">
        <ele>2357.0</ele>
      </trkpt>
      <trkpt lat="45.08534" lon="6.49719">
        <ele>2357.5</ele>
      </trkpt>
      <trkpt lat="45.08535" lon="6.49705">
        <ele>2358.9</ele>
      </trkpt>
      <trkpt lat="45.08535" lon="6.49694">
        <ele>2359.9</ele>
      </trkpt>
      <trkpt lat="45.08534" lon="6.49684">
        <ele>2360.5</ele>
      </trkpt>
      <trkpt lat="45.08533" lon="6.49676">
        <ele>2360.9</ele>
      </trkpt>
      <trkpt lat="45.08532" lon="6.49675">
        <ele>2360.8</ele>
      </trkpt>
      <trkpt lat="45.08532" lon="6.49675">
        <ele>2360.8</ele>
      </trkpt>
      <trkpt lat="45.08529" lon="6.4967">
        <ele>2360.4</ele>
      </trkpt>
      <trkpt lat="45.08529" lon="6.49664">
        <ele>2360.9</ele>
      </trkpt>
      <trkpt lat="45.0853" lon="6.49656">
        <ele>2361.7</ele>
      </trkpt>
      <trkpt lat="45.08531" lon="6.49649">
        <ele>2362.6</ele>
      </trkpt>
      <trkpt lat="45.08532" lon="6.49648">
        <ele>2362.9</ele>
      </trkpt>
      <trkpt lat="45.08532" lon="6.4964">
        <ele>2363.5</ele>
      </trkpt>
      <trkpt lat="45.08532" lon="6.49632">
        <ele>2364.2</ele>
      </trkpt>
      <trkpt lat="45.08532" lon="6.49621">
        <ele>2365.0</ele>
      </trkpt>
      <trkpt lat="45.08531" lon="6.49617">
        <ele>2365.1</ele>
      </trkpt>
      <trkpt lat="45.08526" lon="6.49612">
        <ele>2364.0</ele>
      </trkpt>
      <trkpt lat="45.08523" lon="6.49609">
        <ele>2363.3</ele>
      </trkpt>
      <trkpt lat="45.08521" lon="6.49605">
        <ele>2363.0</ele>
      </trkpt>
      <trkpt lat="45.0852" lon="6.49604">
        <ele>2362.8</ele>
      </trkpt>
      <trkpt lat="45.08519" lon="6.49596">
        <ele>2363.0</ele>
      </trkpt>
      <trkpt lat="45.08518" lon="6.49589">
        <ele>2363.2</ele>
      </trkpt>
      <trkpt lat="45.08515" lon="6.49581">
        <ele>2362.7</ele>
      </trkpt>
      <trkpt lat="45.08514" lon="6.49578">
        <ele>2362.5</ele>
      </trkpt>
      <trkpt lat="45.08514" lon="6.49572">
        <ele>2362.6</ele>
      </trkpt>
      <trkpt lat="45.08516" lon="6.49568">
        <ele>2363.3</ele>
      </trkpt>
      <trkpt lat="45.08518" lon="6.49555">
        <ele>2364.1</ele>
      </trkpt>
      <trkpt lat="45.0852" lon="6.49543">
        <ele>2365.0</ele>
      </trkpt>
      <trkpt lat="45.08521" lon="6.49532">
        <ele>2365.5</ele>
      </trkpt>
      <trkpt lat="45.08521" lon="6.4953">
        <ele>2365.5</ele>
      </trkpt>
      <trkpt lat="45.08525" lon="6.49516">
        <ele>2366.9</ele>
      </trkpt>
      <trkpt lat="45.08526" lon="6.49508">
        <ele>2367.4</ele>
      </trkpt>
      <trkpt lat="45.08527" lon="6.49498">
        <ele>2367.8</ele>
      </trkpt>
      <trkpt lat="45.08528" lon="6.49498">
        <ele>2368.1</ele>
      </trkpt>
      <trkpt lat="45.08527" lon="6.49498">
        <ele>2367.8</ele>
      </trkpt>
      <trkpt lat="45.08528" lon="6.49496">
        <ele>2368.2</ele>
      </trkpt>
      <trkpt lat="45.08532" lon="6.49486">
        <ele>2369.6</ele>
      </trkpt>
      <trkpt lat="45.08534" lon="6.49481">
        <ele>2370.3</ele>
      </trkpt>
      <trkpt lat="45.08536" lon="6.49471">
        <ele>2371.1</ele>
      </trkpt>
      <trkpt lat="45.08538" lon="6.49465">
        <ele>2371.7</ele>
      </trkpt>
      <trkpt lat="45.08539" lon="6.49461">
        <ele>2372.1</ele>
      </trkpt>
      <trkpt lat="45.08538" lon="6.49459">
        <ele>2371.9</ele>
      </trkpt>
      <trkpt lat="45.08536" lon="6.49456">
        <ele>2371.5</ele>
      </trkpt>
      <trkpt lat="45.08537" lon="6.49453">
        <ele>2371.8</ele>
      </trkpt>
      <trkpt lat="45.08538" lon="6.4945">
        <ele>2372.1</ele>
      </trkpt>
      <trkpt lat="45.08538" lon="6.49448">
        <ele>2372.1</ele>
      </trkpt>
      <trkpt lat="45.08538" lon="6.49446">
        <ele>2372.2</ele>
      </trkpt>
      <trkpt lat="45.08534" lon="6.49443">
        <ele>2371.4</ele>
      </trkpt>
      <trkpt lat="45.08534" lon="6.49443">
        <ele>2371.4</ele>
      </trkpt>
      <trkpt lat="45.08528" lon="6.49438">
        <ele>2370.3</ele>
      </trkpt>
      <trkpt lat="45.08525" lon="6.4943">
        <ele>2370.0</ele>
      </trkpt>
      <trkpt lat="45.08523" lon="6.49427">
        <ele>2369.7</ele>
      </trkpt>
      <trkpt lat="45.08518" lon="6.49421">
        <ele>2369.0</ele>
      </trkpt>
      <trkpt lat="45.08517" lon="6.49421">
        <ele>2368.8</ele>
      </trkpt>
      <trkpt lat="45.08508" lon="6.49412">
        <ele>2367.8</ele>
      </trkpt>
      <trkpt lat="45.08503" lon="6.49405">
        <ele>2367.4</ele>
      </trkpt>
      <trkpt lat="45.08501" lon="6.49403">
        <ele>2367.2</ele>
      </trkpt>
      <trkpt lat="45.08497" lon="6.49395">
        <ele>2367.4</ele>
      </trkpt>
      <trkpt lat="45.08495" lon="6.49388">
        <ele>2367.8</ele>
      </trkpt>
      <trkpt lat="45.08495" lon="6.49384">
        <ele>2368.1</ele>
      </trkpt>
      <trkpt lat="45.08495" lon="6.49383">
        <ele>2368.2</ele>
      </trkpt>
      <trkpt lat="45.08501" lon="6.49371">
        <ele>2369.5</ele>
      </trkpt>
      <trkpt lat="45.08507" lon="6.49365">
        <ele>2371.1</ele>
      </trkpt>
      <trkpt lat="45.08509" lon="6.49362">
        <ele>2371.7</ele>
      </trkpt>
      <trkpt lat="45.08517" lon="6.49358">
        <ele>2373.6</ele>
      </trkpt>
      <trkpt lat="45.08522" lon="6.49352">
        <ele>2375.0</ele>
      </trkpt>
      <trkpt lat="45.08524" lon="6.49346">
        <ele>2375.9</ele>
      </trkpt>
      <trkpt lat="45.08527" lon="6.49334">
        <ele>2377.5</ele>
      </trkpt>
      <trkpt lat="45.08533" lon="6.49324">
        <ele>2379.1</ele>
      </trkpt>
      <trkpt lat="45.08533" lon="6.49324">
        <ele>2379.1</ele>
      </trkpt>
      <trkpt lat="45.0854" lon="6.49313">
        <ele>2381.0</ele>
      </trkpt>
      <trkpt lat="45.08541" lon="6.49312">
        <ele>2381.3</ele>
      </trkpt>
      <trkpt lat="45.08546" lon="6.49307">
        <ele>2382.5</ele>
      </trkpt>
      <trkpt lat="45.0855" lon="6.49299">
        <ele>2383.7</ele>
      </trkpt>
      <trkpt lat="45.08554" lon="6.49294">
        <ele>2384.7</ele>
      </trkpt>
      <trkpt lat="45.08556" lon="6.49291">
        <ele>2385.3</ele>
      </trkpt>
      <trkpt lat="45.08561" lon="6.49283">
        <ele>2386.7</ele>
      </trkpt>
      <trkpt lat="45.08562" lon="6.49273">
        <ele>2387.4</ele>
      </trkpt>
      <trkpt lat="45.08563" lon="6.49266">
        <ele>2387.9</ele>
      </trkpt>
      <trkpt lat="45.08564" lon="6.49259">
        <ele>2388.4</ele>
      </trkpt>
      <trkpt lat="45.08564" lon="6.49247">
        <ele>2388.8</ele>
      </trkpt>
      <trkpt lat="45.08571" lon="6.49234">
        <ele>2389.9</ele>
      </trkpt>
      <trkpt lat="45.08574" lon="6.49228">
        <ele>2390.3</ele>
      </trkpt>
      <trkpt lat="45.08576" lon="6.49222">
        <ele>2390.4</ele>
      </trkpt>
      <trkpt lat="45.08583" lon="6.49212">
        <ele>2391.1</ele>
      </trkpt>
      <trkpt lat="45.08585" lon="6.49207">
        <ele>2391.5</ele>
      </trkpt>
      <trkpt lat="45.08586" lon="6.49204">
        <ele>2391.7</ele>
      </trkpt>
      <trkpt lat="45.08587" lon="6.49194">
        <ele>2391.5</ele>
      </trkpt>
      <trkpt lat="45.08588" lon="6.49187">
        <ele>2391.5</ele>
      </trkpt>
      <trkpt lat="45.08588" lon="6.49182">
        <ele>2391.3</ele>
      </trkpt>
      <trkpt lat="45.08587" lon="6.49175">
        <ele>2390.6</ele>
      </trkpt>
      <trkpt lat="45.08589" lon="6.49165">
        <ele>2391.0</ele>
      </trkpt>
      <trkpt lat="45.08592" lon="6.49158">
        <ele>2392.2</ele>
      </trkpt>
      <trkpt lat="45.08596" lon="6.4915">
        <ele>2393.6</ele>
      </trkpt>
      <trkpt lat="45.08601" lon="6.49139">
        <ele>2395.2</ele>
      </trkpt>
      <trkpt lat="45.08605" lon="6.49132">
        <ele>2396.3</ele>
      </trkpt>
      <trkpt lat="45.08608" lon="6.49123">
        <ele>2397.1</ele>
      </trkpt>
      <trkpt lat="45.0861" lon="6.49115">
        <ele>2397.5</ele>
      </trkpt>
      <trkpt lat="45.0861" lon="6.49115">
        <ele>2397.5</ele>
      </trkpt>
      <trkpt lat="45.08614" lon="6.49103">
        <ele>2398.1</ele>
      </trkpt>
      <trkpt lat="45.08618" lon="6.49094">
        <ele>2398.7</ele>
      </trkpt>
      <trkpt lat="45.08619" lon="6.49085">
        <ele>2398.6</ele>
      </trkpt>
      <trkpt lat="45.0862" lon="6.49078">
        <ele>2398.7</ele>
      </trkpt>
      <trkpt lat="45.08625" lon="6.49068">
        <ele>2399.2</ele>
      </trkpt>
      <trkpt lat="45.08628" lon="6.49061">
        <ele>2399.5</ele>
      </trkpt>
      <trkpt lat="45.08631" lon="6.49054">
        <ele>2399.7</ele>
      </trkpt>
      <trkpt lat="45.08635" lon="6.49044">
        <ele>2399.8</ele>
      </trkpt>
      <trkpt lat="45.08634" lon="6.49033">
        <ele>2399.4</ele>
      </trkpt>
      <trkpt lat="45.08639" lon="6.49024">
        <ele>2399.5</ele>
      </trkpt>
      <trkpt lat="45.08641" lon="6.49021">
        <ele>2399.6</ele>
      </trkpt>
      <trkpt lat="45.08645" lon="6.49016">
        <ele>2399.7</ele>
      </trkpt>
      <trkpt lat="45.08645" lon="6.49016">
        <ele>2399.7</ele>
      </trkpt>
      <trkpt lat="45.08655" lon="6.49004">
        <ele>2399.7</ele>
      </trkpt>
      <trkpt lat="45.08664" lon="6.48989">
        <ele>2399.8</ele>
      </trkpt>
      <trkpt lat="45.08666" lon="6.48985">
        <ele>2399.8</ele>
      </trkpt>
      <trkpt lat="45.08672" lon="6.48976">
        <ele>2401.2</ele>
      </trkpt>
      <trkpt lat="45.08679" lon="6.48967">
        <ele>2402.8</ele>
      </trkpt>
      <trkpt lat="45.08687" lon="6.48954">
        <ele>2404.3</ele>
      </trkpt>
      <trkpt lat="45.08693" lon="6.4894">
        <ele>2404.9</ele>
      </trkpt>
      <trkpt lat="45.08698" lon="6.48926">
        <ele>2404.9</ele>
      </trkpt>
      <trkpt lat="45.08698" lon="6.48925">
        <ele>2404.9</ele>
      </trkpt>
      <trkpt lat="45.087" lon="6.48918">
        <ele>2404.7</ele>
      </trkpt>
      <trkpt lat="45.08698" lon="6.48912">
        <ele>2404.2</ele>
      </trkpt>
      <trkpt lat="45.08692" lon="6.48907">
        <ele>2403.1</ele>
      </trkpt>
      <trkpt lat="45.08684" lon="6.48904">
        <ele>2401.8</ele>
      </trkpt>
      <trkpt lat="45.08679" lon="6.48903">
        <ele>2402.5</ele>
      </trkpt>
      <trkpt lat="45.08674" lon="6.48905">
        <ele>2403.3</ele>
      </trkpt>
      <trkpt lat="45.08674" lon="6.48905">
        <ele>2403.3</ele>
      </trkpt>
      <trkpt lat="45.0867" lon="6.48894">
        <ele>2404.6</ele>
      </trkpt>
      <trkpt lat="45.08663" lon="6.48885">
        <ele>2406.0</ele>
      </trkpt>
      <trkpt lat="45.0866" lon="6.48878">
        <ele>2406.5</ele>
      </trkpt>
      <trkpt lat="45.08655" lon="6.48874">
        <ele>2407.0</ele>
      </trkpt>
      <trkpt lat="45.08652" lon="6.4887">
        <ele>2407.4</ele>
      </trkpt>
      <trkpt lat="45.0865" lon="6.48868">
        <ele>2407.7</ele>
      </trkpt>
      <trkpt lat="45.08649" lon="6.48867">
        <ele>2407.8</ele>
      </trkpt>
      <trkpt lat="45.08648" lon="6.48868">
        <ele>2407.9</ele>
      </trkpt>
      <trkpt lat="45.08649" lon="6.48867">
        <ele>2408.0</ele>
      </trkpt>
      <trkpt lat="45.08643" lon="6.48862">
        <ele>2408.7</ele>
      </trkpt>
      <trkpt lat="45.08635" lon="6.48854">
        <ele>2409.6</ele>
      </trkpt>
      <trkpt lat="45.08634" lon="6.48854">
        <ele>2409.7</ele>
      </trkpt>
      <trkpt lat="45.08629" lon="6.48851">
        <ele>2410.2</ele>
      </trkpt>
      <trkpt lat="45.08621" lon="6.48844">
        <ele>2411.1</ele>
      </trkpt>
      <trkpt lat="45.08619" lon="6.48843">
        <ele>2411.3</ele>
      </trkpt>
      <trkpt lat="45.0861" lon="6.4884">
        <ele>2412.2</ele>
      </trkpt>
      <trkpt lat="45.08601" lon="6.4884">
        <ele>2413.1</ele>
      </trkpt>
      <trkpt lat="45.08599" lon="6.4884">
        <ele>2413.5</ele>
      </trkpt>
      <trkpt lat="45.08588" lon="6.48838">
        <ele>2416.2</ele>
      </trkpt>
      <trkpt lat="45.08575" lon="6.4883">
        <ele>2420.7</ele>
      </trkpt>
      <trkpt lat="45.08571" lon="6.48828">
        <ele>2422.1</ele>
      </trkpt>
      <trkpt lat="45.08568" lon="6.48829">
        <ele>2422.2</ele>
      </trkpt>
      <trkpt lat="45.08564" lon="6.4883">
        <ele>2422.5</ele>
      </trkpt>
      <trkpt lat="45.08561" lon="6.48832">
        <ele>2422.2</ele>
      </trkpt>
      <trkpt lat="45.08556" lon="6.48835">
        <ele>2422.3</ele>
      </trkpt>
      <trkpt lat="45.08553" lon="6.48838">
        <ele>2422.3</ele>
      </trkpt>
      <trkpt lat="45.08552" lon="6.48841">
        <ele>2421.9</ele>
      </trkpt>
      <trkpt lat="45.08553" lon="6.48846">
        <ele>2420.9</ele>
      </trkpt>
      <trkpt lat="45.08554" lon="6.48852">
        <ele>2419.7</ele>
      </trkpt>
      <trkpt lat="45.08554" lon="6.48855">
        <ele>2419.2</ele>
      </trkpt>
      <trkpt lat="45.0855" lon="6.48855">
        <ele>2419.9</ele>
      </trkpt>
      <trkpt lat="45.08544" lon="6.48856">
        <ele>2420.7</ele>
      </trkpt>
      <trkpt lat="45.08535" lon="6.4886">
        <ele>2421.5</ele>
      </trkpt>
      <trkpt lat="45.08529" lon="6.48856">
        <ele>2423.1</ele>
      </trkpt>
      <trkpt lat="45.08527" lon="6.48855">
        <ele>2423.6</ele>
      </trkpt>
      <trkpt lat="45.08522" lon="6.48852">
        <ele>2425.0</ele>
      </trkpt>
      <trkpt lat="45.08518" lon="6.48852">
        <ele>2425.7</ele>
      </trkpt>
      <trkpt lat="45.08512" lon="6.48859">
        <ele>2425.4</ele>
      </trkpt>
      <trkpt lat="45.08507" lon="6.48862">
        <ele>2425.7</ele>
      </trkpt>
      <trkpt lat="45.085" lon="6.48862">
        <ele>2426.8</ele>
      </trkpt>
      <trkpt lat="45.08496" lon="6.48862">
        <ele>2427.2</ele>
      </trkpt>
      <trkpt lat="45.08486" lon="6.4886">
        <ele>2428.5</ele>
      </trkpt>
      <trkpt lat="45.08472" lon="6.48855">
        <ele>2430.3</ele>
      </trkpt>
      <trkpt lat="45.08464" lon="6.48853">
        <ele>2431.2</ele>
      </trkpt>
      <trkpt lat="45.08452" lon="6.48854">
        <ele>2432.0</ele>
      </trkpt>
      <trkpt lat="45.08443" lon="6.48852">
        <ele>2432.8</ele>
      </trkpt>
      <trkpt lat="45.08442" lon="6.48852">
        <ele>2432.9</ele>
      </trkpt>
      <trkpt lat="45.0843" lon="6.4885">
        <ele>2433.9</ele>
      </trkpt>
      <trkpt lat="45.08425" lon="6.48849">
        <ele>2434.2</ele>
      </trkpt>
      <trkpt lat="45.08423" lon="6.48848">
        <ele>2434.4</ele>
      </trkpt>
      <trkpt lat="45.0842" lon="6.48845">
        <ele>2434.7</ele>
      </trkpt>
      <trkpt lat="45.08417" lon="6.48844">
        <ele>2434.9</ele>
      </trkpt>
      <trkpt lat="45.08417" lon="6.48839">
        <ele>2434.9</ele>
      </trkpt>
      <trkpt lat="45.08418" lon="6.48831">
        <ele>2435.0</ele>
      </trkpt>
      <trkpt lat="45.08422" lon="6.48819">
        <ele>2435.6</ele>
      </trkpt>
      <trkpt lat="45.08424" lon="6.48812">
        <ele>2436.0</ele>
      </trkpt>
      <trkpt lat="45.08428" lon="6.48808">
        <ele>2436.4</ele>
      </trkpt>
      <trkpt lat="45.08431" lon="6.48798">
        <ele>2437.3</ele>
      </trkpt>
      <trkpt lat="45.08438" lon="6.48791">
        <ele>2438.5</ele>
      </trkpt>
      <trkpt lat="45.08439" lon="6.4879">
        <ele>2438.7</ele>
      </trkpt>
      <trkpt lat="45.08442" lon="6.48782">
        <ele>2439.9</ele>
      </trkpt>
      <trkpt lat="45.08445" lon="6.48775">
        <ele>2441.1</ele>
      </trkpt>
      <trkpt lat="45.0845" lon="6.48775">
        <ele>2441.8</ele>
      </trkpt>
      <trkpt lat="45.08458" lon="6.48774">
        <ele>2443.1</ele>
      </trkpt>
      <trkpt lat="45.08472" lon="6.48774">
        <ele>2445.1</ele>
      </trkpt>
      <trkpt lat="45.08481" lon="6.48775">
        <ele>2446.1</ele>
      </trkpt>
      <trkpt lat="45.08484" lon="6.48774">
        <ele>2446.8</ele>
      </trkpt>
      <trkpt lat="45.08481" lon="6.48761">
        <ele>2449.4</ele>
      </trkpt>
      <trkpt lat="45.08481" lon="6.48757">
        <ele>2450.3</ele>
      </trkpt>
      <trkpt lat="45.0849" lon="6.4876">
        <ele>2451.3</ele>
      </trkpt>
      <trkpt lat="45.08492" lon="6.48759">
        <ele>2451.9</ele>
      </trkpt>
      <trkpt lat="45.08493" lon="6.48754">
        <ele>2453.4</ele>
      </trkpt>
      <trkpt lat="45.08492" lon="6.48748">
        <ele>2454.5</ele>
      </trkpt>
      <trkpt lat="45.08486" lon="6.48743">
        <ele>2453.9</ele>
      </trkpt>
      <trkpt lat="45.08481" lon="6.48739">
        <ele>2453.3</ele>
      </trkpt>
      <trkpt lat="45.08471" lon="6.4873">
        <ele>2452.1</ele>
      </trkpt>
      <trkpt lat="45.08471" lon="6.48729">
        <ele>2452.2</ele>
      </trkpt>
      <trkpt lat="45.08465" lon="6.48724">
        <ele>2451.5</ele>
      </trkpt>
      <trkpt lat="45.08463" lon="6.48721">
        <ele>2451.4</ele>
      </trkpt>
      <trkpt lat="45.08463" lon="6.48718">
        <ele>2451.7</ele>
      </trkpt>
      <trkpt lat="45.08466" lon="6.48704">
        <ele>2454.1</ele>
      </trkpt>
      <trkpt lat="45.08468" lon="6.48699">
        <ele>2455.1</ele>
      </trkpt>
      <trkpt lat="45.08471" lon="6.48694">
        <ele>2456.4</ele>
      </trkpt>
      <trkpt lat="45.08472" lon="6.48691">
        <ele>2457.0</ele>
      </trkpt>
      <trkpt lat="45.08473" lon="6.48688">
        <ele>2457.6</ele>
      </trkpt>
      <trkpt lat="45.08473" lon="6.4868">
        <ele>2458.6</ele>
      </trkpt>
      <trkpt lat="45.08476" lon="6.48666">
        <ele>2461.0</ele>
      </trkpt>
      <trkpt lat="45.08477" lon="6.48661">
        <ele>2461.5</ele>
      </trkpt>
      <trkpt lat="45.08479" lon="6.48657">
        <ele>2462.2</ele>
      </trkpt>
      <trkpt lat="45.08479" lon="6.48648">
        <ele>2462.6</ele>
      </trkpt>
      <trkpt lat="45.08479" lon="6.48642">
        <ele>2462.9</ele>
      </trkpt>
      <trkpt lat="45.0848" lon="6.48639">
        <ele>2463.2</ele>
      </trkpt>
      <trkpt lat="45.08481" lon="6.48634">
        <ele>2463.6</ele>
      </trkpt>
      <trkpt lat="45.08484" lon="6.48624">
        <ele>2464.3</ele>
      </trkpt>
      <trkpt lat="45.08484" lon="6.48616">
        <ele>2464.6</ele>
      </trkpt>
      <trkpt lat="45.08485" lon="6.48614">
        <ele>2464.7</ele>
      </trkpt>
      <trkpt lat="45.08487" lon="6.48604">
        <ele>2465.0</ele>
      </trkpt>
      <trkpt lat="45.0849" lon="6.48592">
        <ele>2465.3</ele>
      </trkpt>
      <trkpt lat="45.0849" lon="6.4859">
        <ele>2465.3</ele>
      </trkpt>
      <trkpt lat="45.08491" lon="6.48583">
        <ele>2465.3</ele>
      </trkpt>
      <trkpt lat="45.08491" lon="6.48572">
        <ele>2464.6</ele>
      </trkpt>
      <trkpt lat="45.08491" lon="6.48561">
        <ele>2463.9</ele>
      </trkpt>
      <trkpt lat="45.08491" lon="6.48553">
        <ele>2463.4</ele>
      </trkpt>
      <trkpt lat="45.08494" lon="6.48545">
        <ele>2462.5</ele>
      </trkpt>
      <trkpt lat="45.085" lon="6.48531">
        <ele>2460.6</ele>
      </trkpt>
      <trkpt lat="45.08505" lon="6.48521">
        <ele>2461.6</ele>
      </trkpt>
      <trkpt lat="45.08511" lon="6.48515">
        <ele>2463.1</ele>
      </trkpt>
      <trkpt lat="45.08516" lon="6.48506">
        <ele>2464.0</ele>
      </trkpt>
      <trkpt lat="45.08531" lon="6.48479">
        <ele>2465.5</ele>
      </trkpt>
      <trkpt lat="45.08541" lon="6.48468">
        <ele>2466.8</ele>
      </trkpt>
      <trkpt lat="45.08555" lon="6.48438">
        <ele>2465.4</ele>
      </trkpt>
      <trkpt lat="45.08557" lon="6.48437">
        <ele>2465.7</ele>
      </trkpt>
      <trkpt lat="45.0856" lon="6.48433">
        <ele>2465.6</ele>
      </trkpt>
      <trkpt lat="45.08564" lon="6.4842">
        <ele>2463.9</ele>
      </trkpt>
      <trkpt lat="45.08571" lon="6.48408">
        <ele>2463.4</ele>
      </trkpt>
      <trkpt lat="45.08575" lon="6.484">
        <ele>2463.0</ele>
      </trkpt>
      <trkpt lat="45.08576" lon="6.48395">
        <ele>2462.4</ele>
      </trkpt>
      <trkpt lat="45.08577" lon="6.48392">
        <ele>2462.1</ele>
      </trkpt>
      <trkpt lat="45.0858" lon="6.48383">
        <ele>2461.3</ele>
      </trkpt>
      <trkpt lat="45.08584" lon="6.48373">
        <ele>2460.4</ele>
      </trkpt>
      <trkpt lat="45.0859" lon="6.48367">
        <ele>2461.0</ele>
      </trkpt>
      <trkpt lat="45.08595" lon="6.48353">
        <ele>2460.0</ele>
      </trkpt>
      <trkpt lat="45.08595" lon="6.48352">
        <ele>2459.9</ele>
      </trkpt>
      <trkpt lat="45.08603" lon="6.48335">
        <ele>2459.0</ele>
      </trkpt>
      <trkpt lat="45.08605" lon="6.48331">
        <ele>2459.1</ele>
      </trkpt>
      <trkpt lat="45.08613" lon="6.48319">
        <ele>2460.1</ele>
      </trkpt>
      <trkpt lat="45.0862" lon="6.48312">
        <ele>2461.2</ele>
      </trkpt>
      <trkpt lat="45.08622" lon="6.48308">
        <ele>2461.4</ele>
      </trkpt>
      <trkpt lat="45.08623" lon="6.48299">
        <ele>2460.9</ele>
      </trkpt>
      <trkpt lat="45.0863" lon="6.48286">
        <ele>2461.3</ele>
      </trkpt>
      <trkpt lat="45.08635" lon="6.48268">
        <ele>2460.8</ele>
      </trkpt>
      <trkpt lat="45.08642" lon="6.48255">
        <ele>2461.0</ele>
      </trkpt>
      <trkpt lat="45.08646" lon="6.4825">
        <ele>2461.3</ele>
      </trkpt>
      <trkpt lat="45.08653" lon="6.48238">
        <ele>2461.7</ele>
      </trkpt>
      <trkpt lat="45.08671" lon="6.48213">
        <ele>2463.6</ele>
      </trkpt>
      <trkpt lat="45.08672" lon="6.48211">
        <ele>2463.8</ele>
      </trkpt>
      <trkpt lat="45.08674" lon="6.48208">
        <ele>2464.2</ele>
      </trkpt>
      <trkpt lat="45.08673" lon="6.48207">
        <ele>2463.8</ele>
      </trkpt>
      <trkpt lat="45.08673" lon="6.48207">
        <ele>2463.8</ele>
      </trkpt>
      <trkpt lat="45.08692" lon="6.48179">
        <ele>2467.9</ele>
      </trkpt>
      <trkpt lat="45.08712" lon="6.48092">
        <ele>2463.4</ele>
      </trkpt>
      <trkpt lat="45.08699" lon="6.48029">
        <ele>2458.1</ele>
      </trkpt>
      <trkpt lat="45.08695" lon="6.47992">
        <ele>2456.6</ele>
      </trkpt>
      <trkpt lat="45.08698" lon="6.47955">
        <ele>2456.4</ele>
      </trkpt>
      <trkpt lat="45.08691" lon="6.47919">
        <ele>2455.0</ele>
      </trkpt>
      <trkpt lat="45.08693" lon="6.47874">
        <ele>2455.5</ele>
      </trkpt>
      <trkpt lat="45.08692" lon="6.47846">
        <ele>2455.5</ele>
      </trkpt>
      <trkpt lat="45.08685" lon="6.47797">
        <ele>2457.4</ele>
      </trkpt>
      <trkpt lat="45.08684" lon="6.47775">
        <ele>2459.0</ele>
      </trkpt>
      <trkpt lat="45.08686" lon="6.47734">
        <ele>2463.2</ele>
      </trkpt>
      <trkpt lat="45.08683" lon="6.47712">
        <ele>2464.9</ele>
      </trkpt>
      <trkpt lat="45.0868" lon="6.47695">
        <ele>2466.1</ele>
      </trkpt>
      <trkpt lat="45.08679" lon="6.47691">
        <ele>2466.3</ele>
      </trkpt>
      <trkpt lat="45.08679" lon="6.47691">
        <ele>2466.3</ele>
      </trkpt>
      <trkpt lat="45.08673" lon="6.47677">
        <ele>2466.4</ele>
      </trkpt>
      <trkpt lat="45.08664" lon="6.47661">
        <ele>2466.4</ele>
      </trkpt>
      <trkpt lat="45.0866" lon="6.47645">
        <ele>2467.7</ele>
      </trkpt>
      <trkpt lat="45.08659" lon="6.47625">
        <ele>2469.5</ele>
      </trkpt>
      <trkpt lat="45.08644" lon="6.47584">
        <ele>2470.9</ele>
      </trkpt>
      <trkpt lat="45.08637" lon="6.47555">
        <ele>2470.5</ele>
      </trkpt>
      <trkpt lat="45.08634" lon="6.47522">
        <ele>2470.9</ele>
      </trkpt>
      <trkpt lat="45.08646" lon="6.47491">
        <ele>2474.1</ele>
      </trkpt>
      <trkpt lat="45.08648" lon="6.47458">
        <ele>2474.0</ele>
      </trkpt>
      <trkpt lat="45.08652" lon="6.4742">
        <ele>2474.1</ele>
      </trkpt>
      <trkpt lat="45.08663" lon="6.47403">
        <ele>2475.3</ele>
      </trkpt>
      <trkpt lat="45.08673" lon="6.47392">
        <ele>2478.7</ele>
      </trkpt>
      <trkpt lat="45.08681" lon="6.47377">
        <ele>2482.4</ele>
      </trkpt>
      <trkpt lat="45.08688" lon="6.47357">
        <ele>2485.5</ele>
      </trkpt>
      <trkpt lat="45.08696" lon="6.47322">
        <ele>2489.9</ele>
      </trkpt>
      <trkpt lat="45.08691" lon="6.47298">
        <ele>2487.4</ele>
      </trkpt>
      <trkpt lat="45.08691" lon="6.47247">
        <ele>2488.9</ele>
      </trkpt>
      <trkpt lat="45.08677" lon="6.47213">
        <ele>2484.6</ele>
      </trkpt>
      <trkpt lat="45.08654" lon="6.47177">
        <ele>2483.5</ele>
      </trkpt>
      <trkpt lat="45.08654" lon="6.47177">
        <ele>2483.5</ele>
      </trkpt>
      <trkpt lat="45.08646" lon="6.47162">
        <ele>2485.4</ele>
      </trkpt>
      <trkpt lat="45.08628" lon="6.47146">
        <ele>2487.0</ele>
      </trkpt>
      <trkpt lat="45.08608" lon="6.47138">
        <ele>2486.5</ele>
      </trkpt>
      <trkpt lat="45.08585" lon="6.47137">
        <ele>2484.4</ele>
      </trkpt>
      <trkpt lat="45.0857" lon="6.47113">
        <ele>2488.5</ele>
      </trkpt>
      <trkpt lat="45.08556" lon="6.47103">
        <ele>2490.1</ele>
      </trkpt>
      <trkpt lat="45.0854" lon="6.47094">
        <ele>2491.0</ele>
      </trkpt>
      <trkpt lat="45.08528" lon="6.47078">
        <ele>2490.0</ele>
      </trkpt>
      <trkpt lat="45.08525" lon="6.47074">
        <ele>2488.9</ele>
      </trkpt>
      <trkpt lat="45.08523" lon="6.47073">
        <ele>2488.6</ele>
      </trkpt>
      <trkpt lat="45.0851" lon="6.47073">
        <ele>2488.3</ele>
      </trkpt>
      <trkpt lat="45.08502" lon="6.47082">
        <ele>2490.7</ele>
      </trkpt>
      <trkpt lat="45.08489" lon="6.47091">
        <ele>2491.0</ele>
      </trkpt>
      <trkpt lat="45.08474" lon="6.47093">
        <ele>2490.6</ele>
      </trkpt>
      <trkpt lat="45.08459" lon="6.47099">
        <ele>2490.8</ele>
      </trkpt>
      <trkpt lat="45.08459" lon="6.47099">
        <ele>2490.8</ele>
      </trkpt>
      <trkpt lat="45.08453" lon="6.47101">
        <ele>2490.9</ele>
      </trkpt>
      <trkpt lat="45.08441" lon="6.47113">
        <ele>2492.4</ele>
      </trkpt>
      <trkpt lat="45.08429" lon="6.47119">
        <ele>2493.3</ele>
      </trkpt>
      <trkpt lat="45.08412" lon="6.47118">
        <ele>2494.0</ele>
      </trkpt>
      <trkpt lat="45.08394" lon="6.47109">
        <ele>2495.7</ele>
      </trkpt>
      <trkpt lat="45.08385" lon="6.47094">
        <ele>2495.0</ele>
      </trkpt>
      <trkpt lat="45.08383" lon="6.47082">
        <ele>2493.6</ele>
      </trkpt>
      <trkpt lat="45.08391" lon="6.47062">
        <ele>2488.4</ele>
      </trkpt>
      <trkpt lat="45.08395" lon="6.47036">
        <ele>2482.8</ele>
      </trkpt>
      <trkpt lat="45.084" lon="6.46988">
        <ele>2474.3</ele>
      </trkpt>
      <trkpt lat="45.08404" lon="6.46978">
        <ele>2472.8</ele>
      </trkpt>
      <trkpt lat="45.08413" lon="6.46956">
        <ele>2469.3</ele>
      </trkpt>
      <trkpt lat="45.08416" lon="6.46939">
        <ele>2467.5</ele>
      </trkpt>
      <trkpt lat="45.08413" lon="6.46922">
        <ele>2467.2</ele>
      </trkpt>
      <trkpt lat="45.08408" lon="6.46911">
        <ele>2467.8</ele>
      </trkpt>
      <trkpt lat="45.08405" lon="6.46899">
        <ele>2467.6</ele>
      </trkpt>
      <trkpt lat="45.08406" lon="6.46873">
        <ele>2465.4</ele>
      </trkpt>
      <trkpt lat="45.08403" lon="6.46859">
        <ele>2465.3</ele>
      </trkpt>
      <trkpt lat="45.08404" lon="6.46852">
        <ele>2464.5</ele>
      </trkpt>
      <trkpt lat="45.08409" lon="6.46848">
        <ele>2462.6</ele>
      </trkpt>
      <trkpt lat="45.08416" lon="6.46853">
        <ele>2460.9</ele>
      </trkpt>
      <trkpt lat="45.08423" lon="6.46866">
        <ele>2460.5</ele>
      </trkpt>
      <trkpt lat="45.0844" lon="6.46927">
        <ele>2462.8</ele>
      </trkpt>
      <trkpt lat="45.08445" lon="6.46936">
        <ele>2463.0</ele>
      </trkpt>
      <trkpt lat="45.0845" lon="6.46938">
        <ele>2462.5</ele>
      </trkpt>
      <trkpt lat="45.08457" lon="6.46935">
        <ele>2461.1</ele>
      </trkpt>
      <trkpt lat="45.0846" lon="6.46927">
        <ele>2459.6</ele>
      </trkpt>
      <trkpt lat="45.08463" lon="6.46916">
        <ele>2457.6</ele>
      </trkpt>
      <trkpt lat="45.08468" lon="6.46892">
        <ele>2454.1</ele>
      </trkpt>
      <trkpt lat="45.08467" lon="6.46869">
        <ele>2451.9</ele>
      </trkpt>
      <trkpt lat="45.08471" lon="6.4686">
        <ele>2450.1</ele>
      </trkpt>
      <trkpt lat="45.08471" lon="6.4686">
        <ele>2450.1</ele>
      </trkpt>
      <trkpt lat="45.08479" lon="6.46857">
        <ele>2448.2</ele>
      </trkpt>
      <trkpt lat="45.08497" lon="6.46871">
        <ele>2446.1</ele>
      </trkpt>
      <trkpt lat="45.08508" lon="6.46885">
        <ele>2446.9</ele>
      </trkpt>
      <trkpt lat="45.08521" lon="6.46878">
        <ele>2445.8</ele>
      </trkpt>
      <trkpt lat="45.08565" lon="6.46832">
        <ele>2441.6</ele>
      </trkpt>
      <trkpt lat="45.08583" lon="6.46797">
        <ele>2437.2</ele>
      </trkpt>
      <trkpt lat="45.08597" lon="6.46783">
        <ele>2434.6</ele>
      </trkpt>
      <trkpt lat="45.08602" lon="6.4677">
        <ele>2432.1</ele>
      </trkpt>
      <trkpt lat="45.08603" lon="6.46756">
        <ele>2429.7</ele>
      </trkpt>
      <trkpt lat="45.08602" lon="6.46744">
        <ele>2428.1</ele>
      </trkpt>
      <trkpt lat="45.08609" lon="6.4673">
        <ele>2426.0</ele>
      </trkpt>
      <trkpt lat="45.08639" lon="6.46703">
        <ele>2420.9</ele>
      </trkpt>
      <trkpt lat="45.08647" lon="6.46696">
        <ele>2419.9</ele>
      </trkpt>
      <trkpt lat="45.08658" lon="6.46679">
        <ele>2418.1</ele>
      </trkpt>
      <trkpt lat="45.08661" lon="6.46666">
        <ele>2417.2</ele>
      </trkpt>
      <trkpt lat="45.08658" lon="6.46659">
        <ele>2417.1</ele>
      </trkpt>
      <trkpt lat="45.08658" lon="6.46659">
        <ele>2417.1</ele>
      </trkpt>
      <trkpt lat="45.08655" lon="6.46646">
        <ele>2416.8</ele>
      </trkpt>
      <trkpt lat="45.0865" lon="6.46593">
        <ele>2415.3</ele>
      </trkpt>
      <trkpt lat="45.08651" lon="6.46583">
        <ele>2414.9</ele>
      </trkpt>
      <trkpt lat="45.08649" lon="6.46555">
        <ele>2414.4</ele>
      </trkpt>
      <trkpt lat="45.08649" lon="6.46555">
        <ele>2414.4</ele>
      </trkpt>
      <trkpt lat="45.08647" lon="6.46515">
        <ele>2413.5</ele>
      </trkpt>
      <trkpt lat="45.08655" lon="6.46503">
        <ele>2412.3</ele>
      </trkpt>
      <trkpt lat="45.08669" lon="6.46491">
        <ele>2411.2</ele>
      </trkpt>
      <trkpt lat="45.08694" lon="6.46466">
        <ele>2412.1</ele>
      </trkpt>
      <trkpt lat="45.08717" lon="6.46438">
        <ele>2412.7</ele>
      </trkpt>
      <trkpt lat="45.0874" lon="6.46404">
        <ele>2411.6</ele>
      </trkpt>
      <trkpt lat="45.08752" lon="6.46369">
        <ele>2407.5</ele>
      </trkpt>
      <trkpt lat="45.08752" lon="6.46366">
        <ele>2407.2</ele>
      </trkpt>
      <trkpt lat="45.08752" lon="6.46366">
        <ele>2407.2</ele>
      </trkpt>
      <trkpt lat="45.08753" lon="6.46349">
        <ele>2405.2</ele>
      </trkpt>
      <trkpt lat="45.08751" lon="6.46334">
        <ele>2403.9</ele>
      </trkpt>
      <trkpt lat="45.08749" lon="6.46329">
        <ele>2403.1</ele>
      </trkpt>
      <trkpt lat="45.08744" lon="6.46322">
        <ele>2401.8</ele>
      </trkpt>
      <trkpt lat="45.08738" lon="6.46317">
        <ele>2401.1</ele>
      </trkpt>
      <trkpt lat="45.08726" lon="6.46312">
        <ele>2400.7</ele>
      </trkpt>
      <trkpt lat="45.08705" lon="6.46295">
        <ele>2398.8</ele>
      </trkpt>
      <trkpt lat="45.08699" lon="6.46286">
        <ele>2397.7</ele>
      </trkpt>
      <trkpt lat="45.08694" lon="6.46268">
        <ele>2395.1</ele>
      </trkpt>
      <trkpt lat="45.08691" lon="6.4626">
        <ele>2394.0</ele>
      </trkpt>
      <trkpt lat="45.08681" lon="6.46251">
        <ele>2393.6</ele>
      </trkpt>
      <trkpt lat="45.08674" lon="6.46248">
        <ele>2393.9</ele>
      </trkpt>
      <trkpt lat="45.08667" lon="6.46248">
        <ele>2394.7</ele>
      </trkpt>
      <trkpt lat="45.0866" lon="6.46251">
        <ele>2395.0</ele>
      </trkpt>
      <trkpt lat="45.08655" lon="6.46252">
        <ele>2395.0</ele>
      </trkpt>
      <trkpt lat="45.08651" lon="6.46248">
        <ele>2394.3</ele>
      </trkpt>
      <trkpt lat="45.08649" lon="6.46242">
        <ele>2393.3</ele>
      </trkpt>
      <trkpt lat="45.0865" lon="6.46235">
        <ele>2392.3</ele>
      </trkpt>
      <trkpt lat="45.08654" lon="6.46228">
        <ele>2391.3</ele>
      </trkpt>
      <trkpt lat="45.08661" lon="6.4622">
        <ele>2390.2</ele>
      </trkpt>
      <trkpt lat="45.08674" lon="6.46213">
        <ele>2388.3</ele>
      </trkpt>
      <trkpt lat="45.08688" lon="6.46209">
        <ele>2385.8</ele>
      </trkpt>
      <trkpt lat="45.08693" lon="6.46205">
        <ele>2384.5</ele>
      </trkpt>
      <trkpt lat="45.08694" lon="6.462">
        <ele>2383.5</ele>
      </trkpt>
      <trkpt lat="45.08694" lon="6.46194">
        <ele>2382.4</ele>
      </trkpt>
      <trkpt lat="45.08692" lon="6.4619">
        <ele>2382.0</ele>
      </trkpt>
      <trkpt lat="45.08686" lon="6.46187">
        <ele>2382.4</ele>
      </trkpt>
      <trkpt lat="45.08673" lon="6.46181">
        <ele>2383.3</ele>
      </trkpt>
      <trkpt lat="45.08657" lon="6.46169">
        <ele>2382.1</ele>
      </trkpt>
      <trkpt lat="45.08651" lon="6.46167">
        <ele>2381.7</ele>
      </trkpt>
      <trkpt lat="45.0863" lon="6.4617">
        <ele>2381.6</ele>
      </trkpt>
      <trkpt lat="45.08627" lon="6.46168">
        <ele>2381.3</ele>
      </trkpt>
      <trkpt lat="45.08625" lon="6.46165">
        <ele>2380.7</ele>
      </trkpt>
      <trkpt lat="45.08625" lon="6.46161">
        <ele>2379.8</ele>
      </trkpt>
      <trkpt lat="45.08626" lon="6.46154">
        <ele>2378.4</ele>
      </trkpt>
      <trkpt lat="45.08631" lon="6.46146">
        <ele>2376.9</ele>
      </trkpt>
      <trkpt lat="45.08641" lon="6.4614">
        <ele>2375.9</ele>
      </trkpt>
      <trkpt lat="45.08661" lon="6.46132">
        <ele>2374.8</ele>
      </trkpt>
      <trkpt lat="45.08675" lon="6.46133">
        <ele>2374.1</ele>
      </trkpt>
      <trkpt lat="45.08697" lon="6.46138">
        <ele>2372.3</ele>
      </trkpt>
      <trkpt lat="45.08714" lon="6.46136">
        <ele>2369.8</ele>
      </trkpt>
      <trkpt lat="45.0872" lon="6.46137">
        <ele>2369.2</ele>
      </trkpt>
      <trkpt lat="45.0873" lon="6.46143">
        <ele>2368.8</ele>
      </trkpt>
      <trkpt lat="45.08735" lon="6.46144">
        <ele>2368.3</ele>
      </trkpt>
      <trkpt lat="45.08739" lon="6.46142">
        <ele>2367.5</ele>
      </trkpt>
      <trkpt lat="45.08742" lon="6.46138">
        <ele>2366.6</ele>
      </trkpt>
      <trkpt lat="45.08743" lon="6.46132">
        <ele>2365.7</ele>
      </trkpt>
      <trkpt lat="45.08741" lon="6.46128">
        <ele>2365.4</ele>
      </trkpt>
      <trkpt lat="45.08741" lon="6.46128">
        <ele>2365.4</ele>
      </trkpt>
      <trkpt lat="45.08741" lon="6.46126">
        <ele>2365.2</ele>
      </trkpt>
      <trkpt lat="45.08737" lon="6.46123">
        <ele>2365.2</ele>
      </trkpt>
      <trkpt lat="45.08717" lon="6.46118">
        <ele>2366.7</ele>
      </trkpt>
      <trkpt lat="45.08708" lon="6.46111">
        <ele>2366.5</ele>
      </trkpt>
      <trkpt lat="45.08683" lon="6.46081">
        <ele>2363.5</ele>
      </trkpt>
      <trkpt lat="45.0867" lon="6.4606">
        <ele>2361.9</ele>
      </trkpt>
      <trkpt lat="45.08655" lon="6.46027">
        <ele>2357.7</ele>
      </trkpt>
      <trkpt lat="45.08651" lon="6.46013">
        <ele>2355.7</ele>
      </trkpt>
      <trkpt lat="45.08646" lon="6.45972">
        <ele>2344.8</ele>
      </trkpt>
      <trkpt lat="45.08645" lon="6.45965">
        <ele>2342.5</ele>
      </trkpt>
      <trkpt lat="45.0864" lon="6.45957">
        <ele>2339.8</ele>
      </trkpt>
      <trkpt lat="45.08634" lon="6.45954">
        <ele>2338.7</ele>
      </trkpt>
      <trkpt lat="45.08604" lon="6.45948">
        <ele>2336.1</ele>
      </trkpt>
      <trkpt lat="45.08579" lon="6.45948">
        <ele>2335.2</ele>
      </trkpt>
      <trkpt lat="45.08573" lon="6.4595">
        <ele>2335.2</ele>
      </trkpt>
      <trkpt lat="45.08568" lon="6.45956">
        <ele>2336.4</ele>
      </trkpt>
      <trkpt lat="45.08564" lon="6.45967">
        <ele>2339.1</ele>
      </trkpt>
      <trkpt lat="45.08563" lon="6.45971">
        <ele>2340.1</ele>
      </trkpt>
      <trkpt lat="45.0856" lon="6.45974">
        <ele>2340.7</ele>
      </trkpt>
      <trkpt lat="45.08555" lon="6.45975">
        <ele>2340.5</ele>
      </trkpt>
      <trkpt lat="45.08552" lon="6.45971">
        <ele>2339.1</ele>
      </trkpt>
      <trkpt lat="45.0855" lon="6.45964">
        <ele>2336.9</ele>
      </trkpt>
      <trkpt lat="45.08552" lon="6.45949">
        <ele>2332.8</ele>
      </trkpt>
      <trkpt lat="45.08556" lon="6.45935">
        <ele>2329.3</ele>
      </trkpt>
      <trkpt lat="45.08558" lon="6.45931">
        <ele>2328.3</ele>
      </trkpt>
      <trkpt lat="45.08558" lon="6.45931">
        <ele>2328.3</ele>
      </trkpt>
      <trkpt lat="45.08561" lon="6.45925">
        <ele>2326.9</ele>
      </trkpt>
      <trkpt lat="45.08568" lon="6.45918">
        <ele>2325.7</ele>
      </trkpt>
      <trkpt lat="45.08573" lon="6.45916">
        <ele>2325.7</ele>
      </trkpt>
      <trkpt lat="45.08583" lon="6.45918">
        <ele>2327.3</ele>
      </trkpt>
      <trkpt lat="45.08592" lon="6.45917">
        <ele>2327.1</ele>
      </trkpt>
      <trkpt lat="45.08599" lon="6.45913">
        <ele>2326.1</ele>
      </trkpt>
      <trkpt lat="45.08639" lon="6.4588">
        <ele>2319.5</ele>
      </trkpt>
      <trkpt lat="45.08657" lon="6.45873">
        <ele>2318.8</ele>
      </trkpt>
      <trkpt lat="45.08677" lon="6.45872">
        <ele>2319.6</ele>
      </trkpt>
      <trkpt lat="45.08682" lon="6.4587">
        <ele>2319.5</ele>
      </trkpt>
      <trkpt lat="45.08685" lon="6.45866">
        <ele>2319.0</ele>
      </trkpt>
      <trkpt lat="45.08685" lon="6.45866">
        <ele>2319.0</ele>
      </trkpt>
      <trkpt lat="45.08686" lon="6.45856">
        <ele>2317.5</ele>
      </trkpt>
      <trkpt lat="45.08684" lon="6.4585">
        <ele>2316.4</ele>
      </trkpt>
      <trkpt lat="45.08679" lon="6.45842">
        <ele>2314.6</ele>
      </trkpt>
      <trkpt lat="45.08662" lon="6.45825">
        <ele>2309.8</ele>
      </trkpt>
      <trkpt lat="45.08637" lon="6.45809">
        <ele>2304.8</ele>
      </trkpt>
      <trkpt lat="45.08611" lon="6.45798">
        <ele>2301.4</ele>
      </trkpt>
      <trkpt lat="45.08595" lon="6.45799">
        <ele>2300.8</ele>
      </trkpt>
      <trkpt lat="45.08587" lon="6.45805">
        <ele>2301.4</ele>
      </trkpt>
      <trkpt lat="45.08579" lon="6.45812">
        <ele>2301.8</ele>
      </trkpt>
      <trkpt lat="45.08575" lon="6.45818">
        <ele>2302.2</ele>
      </trkpt>
      <trkpt lat="45.08568" lon="6.45839">
        <ele>2305.3</ele>
      </trkpt>
      <trkpt lat="45.08563" lon="6.4585">
        <ele>2307.4</ele>
      </trkpt>
      <trkpt lat="45.08558" lon="6.45854">
        <ele>2307.8</ele>
      </trkpt>
      <trkpt lat="45.08553" lon="6.45857">
        <ele>2307.9</ele>
      </trkpt>
      <trkpt lat="45.08523" lon="6.4586">
        <ele>2304.7</ele>
      </trkpt>
      <trkpt lat="45.08488" lon="6.45869">
        <ele>2305.6</ele>
      </trkpt>
      <trkpt lat="45.08483" lon="6.45868">
        <ele>2305.9</ele>
      </trkpt>
      <trkpt lat="45.08479" lon="6.45866">
        <ele>2305.7</ele>
      </trkpt>
      <trkpt lat="45.08477" lon="6.45861">
        <ele>2304.5</ele>
      </trkpt>
      <trkpt lat="45.08477" lon="6.45861">
        <ele>2304.5</ele>
      </trkpt>
      <trkpt lat="45.08476" lon="6.45855">
        <ele>2303.0</ele>
      </trkpt>
      <trkpt lat="45.08478" lon="6.45849">
        <ele>2301.1</ele>
      </trkpt>
      <trkpt lat="45.08482" lon="6.45845">
        <ele>2299.5</ele>
      </trkpt>
      <trkpt lat="45.08489" lon="6.45839">
        <ele>2296.9</ele>
      </trkpt>
      <trkpt lat="45.08495" lon="6.45831">
        <ele>2294.2</ele>
      </trkpt>
      <trkpt lat="45.08499" lon="6.45805">
        <ele>2289.0</ele>
      </trkpt>
      <trkpt lat="45.085" lon="6.45779">
        <ele>2284.2</ele>
      </trkpt>
      <trkpt lat="45.08504" lon="6.4577">
        <ele>2283.2</ele>
      </trkpt>
      <trkpt lat="45.08512" lon="6.45764">
        <ele>2283.4</ele>
      </trkpt>
      <trkpt lat="45.08517" lon="6.45757">
        <ele>2282.9</ele>
      </trkpt>
      <trkpt lat="45.08519" lon="6.45749">
        <ele>2281.8</ele>
      </trkpt>
      <trkpt lat="45.08515" lon="6.45714">
        <ele>2275.1</ele>
      </trkpt>
      <trkpt lat="45.08516" lon="6.45706">
        <ele>2273.8</ele>
      </trkpt>
      <trkpt lat="45.08519" lon="6.45698">
        <ele>2272.8</ele>
      </trkpt>
      <trkpt lat="45.08542" lon="6.45678">
        <ele>2272.2</ele>
      </trkpt>
      <trkpt lat="45.0855" lon="6.4567">
        <ele>2271.6</ele>
      </trkpt>
      <trkpt lat="45.08554" lon="6.45664">
        <ele>2271.0</ele>
      </trkpt>
      <trkpt lat="45.08556" lon="6.45654">
        <ele>2269.5</ele>
      </trkpt>
      <trkpt lat="45.08555" lon="6.45642">
        <ele>2267.4</ele>
      </trkpt>
      <trkpt lat="45.0855" lon="6.45619">
        <ele>2262.6</ele>
      </trkpt>
      <trkpt lat="45.08551" lon="6.45613">
        <ele>2261.7</ele>
      </trkpt>
      <trkpt lat="45.08552" lon="6.45609">
        <ele>2261.2</ele>
      </trkpt>
      <trkpt lat="45.08558" lon="6.45602">
        <ele>2260.9</ele>
      </trkpt>
      <trkpt lat="45.08574" lon="6.45588">
        <ele>2261.2</ele>
      </trkpt>
      <trkpt lat="45.08575" lon="6.45586">
        <ele>2261.0</ele>
      </trkpt>
      <trkpt lat="45.08575" lon="6.45586">
        <ele>2261.0</ele>
      </trkpt>
      <trkpt lat="45.08577" lon="6.45581">
        <ele>2260.3</ele>
      </trkpt>
      <trkpt lat="45.08577" lon="6.45575">
        <ele>2258.7</ele>
      </trkpt>
      <trkpt lat="45.08573" lon="6.45569">
        <ele>2256.4</ele>
      </trkpt>
      <trkpt lat="45.08566" lon="6.45568">
        <ele>2255.1</ele>
      </trkpt>
      <trkpt lat="45.08539" lon="6.4559">
        <ele>2255.8</ele>
      </trkpt>
      <trkpt lat="45.08534" lon="6.45596">
        <ele>2256.0</ele>
      </trkpt>
      <trkpt lat="45.08529" lon="6.45612">
        <ele>2258.2</ele>
      </trkpt>
      <trkpt lat="45.08525" lon="6.45618">
        <ele>2258.8</ele>
      </trkpt>
      <trkpt lat="45.08519" lon="6.45622">
        <ele>2258.7</ele>
      </trkpt>
      <trkpt lat="45.08489" lon="6.45623">
        <ele>2254.1</ele>
      </trkpt>
      <trkpt lat="45.08475" lon="6.45626">
        <ele>2252.2</ele>
      </trkpt>
      <trkpt lat="45.08469" lon="6.4563">
        <ele>2251.9</ele>
      </trkpt>
      <trkpt lat="45.08445" lon="6.45645">
        <ele>2250.7</ele>
      </trkpt>
      <trkpt lat="45.08434" lon="6.45648">
        <ele>2249.3</ele>
      </trkpt>
      <trkpt lat="45.08405" lon="6.45635">
        <ele>2242.3</ele>
      </trkpt>
      <trkpt lat="45.08392" lon="6.45634">
        <ele>2240.6</ele>
      </trkpt>
      <trkpt lat="45.08377" lon="6.4564">
        <ele>2240.5</ele>
      </trkpt>
      <trkpt lat="45.08372" lon="6.45638">
        <ele>2239.5</ele>
      </trkpt>
      <trkpt lat="45.0837" lon="6.45633">
        <ele>2238.0</ele>
      </trkpt>
      <trkpt lat="45.08369" lon="6.45625">
        <ele>2235.8</ele>
      </trkpt>
      <trkpt lat="45.08372" lon="6.45618">
        <ele>2234.4</ele>
      </trkpt>
      <trkpt lat="45.08416" lon="6.45585">
        <ele>2233.2</ele>
      </trkpt>
      <trkpt lat="45.08429" lon="6.45562">
        <ele>2230.7</ele>
      </trkpt>
      <trkpt lat="45.08435" lon="6.45556">
        <ele>2230.5</ele>
      </trkpt>
      <trkpt lat="45.08443" lon="6.45551">
        <ele>2230.9</ele>
      </trkpt>
      <trkpt lat="45.08448" lon="6.45545">
        <ele>2230.5</ele>
      </trkpt>
      <trkpt lat="45.08448" lon="6.45545">
        <ele>2230.5</ele>
      </trkpt>
      <trkpt lat="45.08447" lon="6.45536">
        <ele>2228.4</ele>
      </trkpt>
      <trkpt lat="45.08444" lon="6.45532">
        <ele>2227.0</ele>
      </trkpt>
      <trkpt lat="45.08438" lon="6.45533">
        <ele>2226.1</ele>
      </trkpt>
      <trkpt lat="45.08426" lon="6.45545">
        <ele>2226.5</ele>
      </trkpt>
      <trkpt lat="45.08417" lon="6.45546">
        <ele>2225.0</ele>
      </trkpt>
      <trkpt lat="45.08406" lon="6.45542">
        <ele>2221.9</ele>
      </trkpt>
      <trkpt lat="45.08395" lon="6.4554">
        <ele>2219.2</ele>
      </trkpt>
      <trkpt lat="45.08371" lon="6.45544">
        <ele>2215.3</ele>
      </trkpt>
      <trkpt lat="45.08342" lon="6.4556">
        <ele>2213.9</ele>
      </trkpt>
      <trkpt lat="45.08322" lon="6.45569">
        <ele>2211.8</ele>
      </trkpt>
      <trkpt lat="45.08309" lon="6.4558">
        <ele>2211.8</ele>
      </trkpt>
      <trkpt lat="45.08302" lon="6.45583">
        <ele>2211.0</ele>
      </trkpt>
      <trkpt lat="45.08297" lon="6.45581">
        <ele>2209.1</ele>
      </trkpt>
      <trkpt lat="45.08297" lon="6.45581">
        <ele>2209.1</ele>
      </trkpt>
      <trkpt lat="45.08295" lon="6.4558">
        <ele>2208.2</ele>
      </trkpt>
      <trkpt lat="45.08293" lon="6.45575">
        <ele>2206.1</ele>
      </trkpt>
      <trkpt lat="45.08295" lon="6.45567">
        <ele>2203.9</ele>
      </trkpt>
      <trkpt lat="45.08312" lon="6.45551">
        <ele>2203.5</ele>
      </trkpt>
      <trkpt lat="45.08331" lon="6.45528">
        <ele>2202.3</ele>
      </trkpt>
      <trkpt lat="45.08344" lon="6.45505">
        <ele>2199.0</ele>
      </trkpt>
      <trkpt lat="45.08359" lon="6.45478">
        <ele>2194.2</ele>
      </trkpt>
      <trkpt lat="45.08368" lon="6.45465">
        <ele>2192.4</ele>
      </trkpt>
      <trkpt lat="45.08392" lon="6.45444">
        <ele>2192.6</ele>
      </trkpt>
      <trkpt lat="45.084" lon="6.45435">
        <ele>2192.3</ele>
      </trkpt>
      <trkpt lat="45.0841" lon="6.45422">
        <ele>2191.5</ele>
      </trkpt>
      <trkpt lat="45.08427" lon="6.45409">
        <ele>2190.4</ele>
      </trkpt>
      <trkpt lat="45.0843" lon="6.45404">
        <ele>2188.9</ele>
      </trkpt>
      <trkpt lat="45.0843" lon="6.45404">
        <ele>2188.9</ele>
      </trkpt>
      <trkpt lat="45.08431" lon="6.45402">
        <ele>2188.4</ele>
      </trkpt>
      <trkpt lat="45.08431" lon="6.45398">
        <ele>2187.0</ele>
      </trkpt>
      <trkpt lat="45.08428" lon="6.45393">
        <ele>2185.0</ele>
      </trkpt>
      <trkpt lat="45.08424" lon="6.45392">
        <ele>2184.2</ele>
      </trkpt>
      <trkpt lat="45.08394" lon="6.4541">
        <ele>2183.0</ele>
      </trkpt>
      <trkpt lat="45.08363" lon="6.45419">
        <ele>2176.6</ele>
      </trkpt>
      <trkpt lat="45.08354" lon="6.45425">
        <ele>2175.9</ele>
      </trkpt>
      <trkpt lat="45.08342" lon="6.45441">
        <ele>2177.6</ele>
      </trkpt>
      <trkpt lat="45.08337" lon="6.45446">
        <ele>2177.9</ele>
      </trkpt>
      <trkpt lat="45.08334" lon="6.45447">
        <ele>2177.4</ele>
      </trkpt>
      <trkpt lat="45.08331" lon="6.45446">
        <ele>2176.1</ele>
      </trkpt>
      <trkpt lat="45.08329" lon="6.45444">
        <ele>2174.7</ele>
      </trkpt>
      <trkpt lat="45.08328" lon="6.4544">
        <ele>2173.1</ele>
      </trkpt>
      <trkpt lat="45.08328" lon="6.45437">
        <ele>2172.1</ele>
      </trkpt>
      <trkpt lat="45.08329" lon="6.45435">
        <ele>2171.7</ele>
      </trkpt>
      <trkpt lat="45.08329" lon="6.45435">
        <ele>2171.7</ele>
      </trkpt>
      <trkpt lat="45.08331" lon="6.45432">
        <ele>2171.4</ele>
      </trkpt>
      <trkpt lat="45.08373" lon="6.45379">
        <ele>2167.0</ele>
      </trkpt>
      <trkpt lat="45.08415" lon="6.45326">
        <ele>2159.7</ele>
      </trkpt>
      <trkpt lat="45.08428" lon="6.45315">
        <ele>2157.7</ele>
      </trkpt>
      <trkpt lat="45.08439" lon="6.4531">
        <ele>2157.8</ele>
      </trkpt>
      <trkpt lat="45.08442" lon="6.45307">
        <ele>2157.4</ele>
      </trkpt>
      <trkpt lat="45.08445" lon="6.45302">
        <ele>2156.3</ele>
      </trkpt>
      <trkpt lat="45.08445" lon="6.45297">
        <ele>2154.6</ele>
      </trkpt>
      <trkpt lat="45.08444" lon="6.45294">
        <ele>2153.4</ele>
      </trkpt>
      <trkpt lat="45.08443" lon="6.45292">
        <ele>2152.5</ele>
      </trkpt>
      <trkpt lat="45.08439" lon="6.45291">
        <ele>2151.2</ele>
      </trkpt>
      <trkpt lat="45.08435" lon="6.45292">
        <ele>2150.7</ele>
      </trkpt>
      <trkpt lat="45.08384" lon="6.45322">
        <ele>2151.8</ele>
      </trkpt>
      <trkpt lat="45.08368" lon="6.45336">
        <ele>2152.2</ele>
      </trkpt>
      <trkpt lat="45.08348" lon="6.45348">
        <ele>2150.9</ele>
      </trkpt>
      <trkpt lat="45.08333" lon="6.45355">
        <ele>2149.2</ele>
      </trkpt>
      <trkpt lat="45.08316" lon="6.4536">
        <ele>2148.2</ele>
      </trkpt>
      <trkpt lat="45.08316" lon="6.4536">
        <ele>2148.2</ele>
      </trkpt>
      <trkpt lat="45.08298" lon="6.45365">
        <ele>2146.5</ele>
      </trkpt>
      <trkpt lat="45.08272" lon="6.45377">
        <ele>2143.4</ele>
      </trkpt>
      <trkpt lat="45.08266" lon="6.45377">
        <ele>2142.2</ele>
      </trkpt>
      <trkpt lat="45.0826" lon="6.45374">
        <ele>2140.9</ele>
      </trkpt>
      <trkpt lat="45.08259" lon="6.45372">
        <ele>2140.6</ele>
      </trkpt>
      <trkpt lat="45.08259" lon="6.45372">
        <ele>2140.6</ele>
      </trkpt>
      <trkpt lat="45.08257" lon="6.45363">
        <ele>2139.8</ele>
      </trkpt>
      <trkpt lat="45.08257" lon="6.45333">
        <ele>2138.4</ele>
      </trkpt>
      <trkpt lat="45.08263" lon="6.45305">
        <ele>2136.2</ele>
      </trkpt>
      <trkpt lat="45.08282" lon="6.45236">
        <ele>2129.8</ele>
      </trkpt>
      <trkpt lat="45.08288" lon="6.45216">
        <ele>2127.7</ele>
      </trkpt>
      <trkpt lat="45.08294" lon="6.45199">
        <ele>2126.1</ele>
      </trkpt>
      <trkpt lat="45.08294" lon="6.45199">
        <ele>2126.1</ele>
      </trkpt>
      <trkpt lat="45.08295" lon="6.45196">
        <ele>2125.8</ele>
      </trkpt>
      <trkpt lat="45.08306" lon="6.4518">
        <ele>2124.7</ele>
      </trkpt>
      <trkpt lat="45.08313" lon="6.45172">
        <ele>2124.3</ele>
      </trkpt>
      <trkpt lat="45.08336" lon="6.45156">
        <ele>2123.7</ele>
      </trkpt>
      <trkpt lat="45.08345" lon="6.45152">
        <ele>2122.5</ele>
      </trkpt>
      <trkpt lat="45.08345" lon="6.45152">
        <ele>2122.5</ele>
      </trkpt>
      <trkpt lat="45.08352" lon="6.45149">
        <ele>2121.5</ele>
      </trkpt>
      <trkpt lat="45.08365" lon="6.45149">
        <ele>2120.2</ele>
      </trkpt>
      <trkpt lat="45.08372" lon="6.45155">
        <ele>2120.3</ele>
      </trkpt>
      <trkpt lat="45.08376" lon="6.45162">
        <ele>2120.8</ele>
      </trkpt>
      <trkpt lat="45.08379" lon="6.45174">
        <ele>2122.0</ele>
      </trkpt>
      <trkpt lat="45.0838" lon="6.45216">
        <ele>2126.9</ele>
      </trkpt>
      <trkpt lat="45.08383" lon="6.45224">
        <ele>2127.7</ele>
      </trkpt>
      <trkpt lat="45.08386" lon="6.4523">
        <ele>2128.3</ele>
      </trkpt>
      <trkpt lat="45.08391" lon="6.45232">
        <ele>2128.4</ele>
      </trkpt>
      <trkpt lat="45.08399" lon="6.45227">
        <ele>2127.4</ele>
      </trkpt>
      <trkpt lat="45.08406" lon="6.45216">
        <ele>2125.7</ele>
      </trkpt>
      <trkpt lat="45.08406" lon="6.45216">
        <ele>2125.7</ele>
      </trkpt>
      <trkpt lat="45.08413" lon="6.45206">
        <ele>2124.2</ele>
      </trkpt>
      <trkpt lat="45.08416" lon="6.45201">
        <ele>2123.5</ele>
      </trkpt>
      <trkpt lat="45.08424" lon="6.45172">
        <ele>2120.2</ele>
      </trkpt>
      <trkpt lat="45.0843" lon="6.4516">
        <ele>2119.2</ele>
      </trkpt>
      <trkpt lat="45.08458" lon="6.45128">
        <ele>2116.9</ele>
      </trkpt>
      <trkpt lat="45.0849" lon="6.45071">
        <ele>2106.7</ele>
      </trkpt>
      <trkpt lat="45.08508" lon="6.4504">
        <ele>2104.6</ele>
      </trkpt>
      <trkpt lat="45.08515" lon="6.45025">
        <ele>2104.3</ele>
      </trkpt>
      <trkpt lat="45.08517" lon="6.45016">
        <ele>2103.3</ele>
      </trkpt>
      <trkpt lat="45.08518" lon="6.45009">
        <ele>2102.3</ele>
      </trkpt>
      <trkpt lat="45.0852" lon="6.44967">
        <ele>2096.9</ele>
      </trkpt>
      <trkpt lat="45.08519" lon="6.44943">
        <ele>2093.5</ele>
      </trkpt>
      <trkpt lat="45.0852" lon="6.44926">
        <ele>2091.5</ele>
      </trkpt>
      <trkpt lat="45.08524" lon="6.44874">
        <ele>2090.1</ele>
      </trkpt>
      <trkpt lat="45.08529" lon="6.44789">
        <ele>2086.0</ele>
      </trkpt>
      <trkpt lat="45.08533" lon="6.44703">
        <ele>2079.9</ele>
      </trkpt>
      <trkpt lat="45.08568" lon="6.44604">
        <ele>2073.1</ele>
      </trkpt>
      <trkpt lat="45.08574" lon="6.44592">
        <ele>2071.9</ele>
      </trkpt>
      <trkpt lat="45.08574" lon="6.44592">
        <ele>2071.9</ele>
      </trkpt>
      <trkpt lat="45.08599" lon="6.44548">
        <ele>2068.6</ele>
      </trkpt>
      <trkpt lat="45.08624" lon="6.44519">
        <ele>2068.0</ele>
      </trkpt>
      <trkpt lat="45.08645" lon="6.4449">
        <ele>2066.9</ele>
      </trkpt>
      <trkpt lat="45.08652" lon="6.44474">
        <ele>2066.2</ele>
      </trkpt>
      <trkpt lat="45.08654" lon="6.4446">
        <ele>2065.0</ele>
      </trkpt>
      <trkpt lat="45.08655" lon="6.44452">
        <ele>2064.2</ele>
      </trkpt>
      <trkpt lat="45.08654" lon="6.44444">
        <ele>2063.3</ele>
      </trkpt>
      <trkpt lat="45.0865" lon="6.44419">
        <ele>2060.4</ele>
      </trkpt>
      <trkpt lat="45.08649" lon="6.44395">
        <ele>2058.1</ele>
      </trkpt>
      <trkpt lat="45.08656" lon="6.44363">
        <ele>2054.6</ele>
      </trkpt>
      <trkpt lat="45.08656" lon="6.44363">
        <ele>2054.6</ele>
      </trkpt>
      <trkpt lat="45.0866" lon="6.44348">
        <ele>2052.5</ele>
      </trkpt>
      <trkpt lat="45.08664" lon="6.44326">
        <ele>2049.7</ele>
      </trkpt>
      <trkpt lat="45.08668" lon="6.4429">
        <ele>2046.6</ele>
      </trkpt>
      <trkpt lat="45.08677" lon="6.44248">
        <ele>2044.7</ele>
      </trkpt>
      <trkpt lat="45.08683" lon="6.44225">
        <ele>2043.4</ele>
      </trkpt>
      <trkpt lat="45.0869" lon="6.442">
        <ele>2041.9</ele>
      </trkpt>
      <trkpt lat="45.08705" lon="6.44161">
        <ele>2040.0</ele>
      </trkpt>
      <trkpt lat="45.08713" lon="6.44145">
        <ele>2039.5</ele>
      </trkpt>
      <trkpt lat="45.08724" lon="6.44126">
        <ele>2039.0</ele>
      </trkpt>
      <trkpt lat="45.08744" lon="6.4409">
        <ele>2037.2</ele>
      </trkpt>
      <trkpt lat="45.08751" lon="6.44075">
        <ele>2036.1</ele>
      </trkpt>
      <trkpt lat="45.08751" lon="6.44075">
        <ele>2036.1</ele>
      </trkpt>
      <trkpt lat="45.08756" lon="6.44065">
        <ele>2035.2</ele>
      </trkpt>
      <trkpt lat="45.08773" lon="6.44016">
        <ele>2029.7</ele>
      </trkpt>
      <trkpt lat="45.08773" lon="6.44007">
        <ele>2028.5</ele>
      </trkpt>
      <trkpt lat="45.08768" lon="6.44001">
        <ele>2027.6</ele>
      </trkpt>
      <trkpt lat="45.08735" lon="6.43995">
        <ele>2025.5</ele>
      </trkpt>
      <trkpt lat="45.08728" lon="6.43992">
        <ele>2024.8</ele>
      </trkpt>
      <trkpt lat="45.08722" lon="6.43987">
        <ele>2023.9</ele>
      </trkpt>
      <trkpt lat="45.08718" lon="6.43981">
        <ele>2023.0</ele>
      </trkpt>
      <trkpt lat="45.08716" lon="6.43973">
        <ele>2022.0</ele>
      </trkpt>
      <trkpt lat="45.08716" lon="6.43966">
        <ele>2021.2</ele>
      </trkpt>
      <trkpt lat="45.08716" lon="6.43964">
        <ele>2021.0</ele>
      </trkpt>
      <trkpt lat="45.08716" lon="6.43964">
        <ele>2021.0</ele>
      </trkpt>
      <trkpt lat="45.08719" lon="6.43953">
        <ele>2019.9</ele>
      </trkpt>
      <trkpt lat="45.08751" lon="6.43915">
        <ele>2016.7</ele>
      </trkpt>
      <trkpt lat="45.08767" lon="6.43889">
        <ele>2012.8</ele>
      </trkpt>
      <trkpt lat="45.08776" lon="6.43872">
        <ele>2010.2</ele>
      </trkpt>
      <trkpt lat="45.08794" lon="6.43829">
        <ele>2004.1</ele>
      </trkpt>
      <trkpt lat="45.08815" lon="6.43799">
        <ele>2002.0</ele>
      </trkpt>
      <trkpt lat="45.08821" lon="6.43786">
        <ele>2001.2</ele>
      </trkpt>
      <trkpt lat="45.08829" lon="6.43759">
        <ele>1999.5</ele>
      </trkpt>
      <trkpt lat="45.0884" lon="6.43727">
        <ele>1994.7</ele>
      </trkpt>
      <trkpt lat="45.08849" lon="6.43715">
        <ele>1992.2</ele>
      </trkpt>
      <trkpt lat="45.0887" lon="6.43693">
        <ele>1987.4</ele>
      </trkpt>
      <trkpt lat="45.08904" lon="6.43664">
        <ele>1981.3</ele>
      </trkpt>
      <trkpt lat="45.08917" lon="6.43654">
        <ele>1979.6</ele>
      </trkpt>
      <trkpt lat="45.0895" lon="6.43639">
        <ele>1977.3</ele>
      </trkpt>
      <trkpt lat="45.0895" lon="6.43639">
        <ele>1977.3</ele>
      </trkpt>
      <trkpt lat="45.08992" lon="6.4362">
        <ele>1974.0</ele>
      </trkpt>
      <trkpt lat="45.09" lon="6.43613">
        <ele>1972.9</ele>
      </trkpt>
      <trkpt lat="45.09007" lon="6.43599">
        <ele>1971.7</ele>
      </trkpt>
      <trkpt lat="45.09018" lon="6.43567">
        <ele>1968.5</ele>
      </trkpt>
      <trkpt lat="45.09027" lon="6.43548">
        <ele>1966.5</ele>
      </trkpt>
      <trkpt lat="45.09031" lon="6.43535">
        <ele>1964.9</ele>
      </trkpt>
      <trkpt lat="45.09053" lon="6.43529">
        <ele>1964.7</ele>
      </trkpt>
      <trkpt lat="45.09072" lon="6.43522">
        <ele>1964.0</ele>
      </trkpt>
      <trkpt lat="45.09088" lon="6.43514">
        <ele>1963.7</ele>
      </trkpt>
      <trkpt lat="45.09088" lon="6.43514">
        <ele>1963.7</ele>
      </trkpt>
      <trkpt lat="45.09103" lon="6.43505">
        <ele>1965.0</ele>
      </trkpt>
      <trkpt lat="45.09109" lon="6.43499">
        <ele>1965.1</ele>
      </trkpt>
      <trkpt lat="45.0912" lon="6.43483">
        <ele>1965.8</ele>
      </trkpt>
      <trkpt lat="45.09128" lon="6.43459">
        <ele>1964.8</ele>
      </trkpt>
      <trkpt lat="45.09139" lon="6.43404">
        <ele>1960.4</ele>
      </trkpt>
      <trkpt lat="45.09141" lon="6.43396">
        <ele>1959.6</ele>
      </trkpt>
      <trkpt lat="45.09147" lon="6.43384">
        <ele>1958.6</ele>
      </trkpt>
      <trkpt lat="45.09161" lon="6.43362">
        <ele>1956.4</ele>
      </trkpt>
      <trkpt lat="45.09169" lon="6.43349">
        <ele>1955.3</ele>
      </trkpt>
      <trkpt lat="45.09182" lon="6.43314">
        <ele>1954.2</ele>
      </trkpt>
      <trkpt lat="45.0919" lon="6.433">
        <ele>1954.2</ele>
      </trkpt>
      <trkpt lat="45.09203" lon="6.43283">
        <ele>1953.7</ele>
      </trkpt>
      <trkpt lat="45.09214" lon="6.43272">
        <ele>1953.0</ele>
      </trkpt>
      <trkpt lat="45.09225" lon="6.43263">
        <ele>1952.1</ele>
      </trkpt>
      <trkpt lat="45.09235" lon="6.43256">
        <ele>1951.0</ele>
      </trkpt>
      <trkpt lat="45.09257" lon="6.43244">
        <ele>1951.3</ele>
      </trkpt>
      <trkpt lat="45.09278" lon="6.43235">
        <ele>1954.8</ele>
      </trkpt>
      <trkpt lat="45.09291" lon="6.43226">
        <ele>1955.7</ele>
      </trkpt>
      <trkpt lat="45.09296" lon="6.43219">
        <ele>1955.2</ele>
      </trkpt>
      <trkpt lat="45.093" lon="6.43211">
        <ele>1954.1</ele>
      </trkpt>
      <trkpt lat="45.09312" lon="6.4319">
        <ele>1950.4</ele>
      </trkpt>
      <trkpt lat="45.0932" lon="6.43182">
        <ele>1948.6</ele>
      </trkpt>
      <trkpt lat="45.09328" lon="6.43174">
        <ele>1946.4</ele>
      </trkpt>
      <trkpt lat="45.09356" lon="6.43161">
        <ele>1946.0</ele>
      </trkpt>
      <trkpt lat="45.09364" lon="6.43155">
        <ele>1945.9</ele>
      </trkpt>
      <trkpt lat="45.09395" lon="6.4313">
        <ele>1942.6</ele>
      </trkpt>
      <trkpt lat="45.09405" lon="6.43122">
        <ele>1940.6</ele>
      </trkpt>
      <trkpt lat="45.09426" lon="6.43109">
        <ele>1937.8</ele>
      </trkpt>
      <trkpt lat="45.09448" lon="6.43089">
        <ele>1935.0</ele>
      </trkpt>
      <trkpt lat="45.09472" lon="6.43064">
        <ele>1933.5</ele>
      </trkpt>
      <trkpt lat="45.09478" lon="6.43059">
        <ele>1933.1</ele>
      </trkpt>
      <trkpt lat="45.09485" lon="6.43054">
        <ele>1932.6</ele>
      </trkpt>
      <trkpt lat="45.09492" lon="6.43052">
        <ele>1932.6</ele>
      </trkpt>
      <trkpt lat="45.09503" lon="6.4305">
        <ele>1932.4</ele>
      </trkpt>
      <trkpt lat="45.09513" lon="6.43049">
        <ele>1931.6</ele>
      </trkpt>
      <trkpt lat="45.09534" lon="6.43052">
        <ele>1931.2</ele>
      </trkpt>
      <trkpt lat="45.09548" lon="6.43051">
        <ele>1930.2</ele>
      </trkpt>
      <trkpt lat="45.09562" lon="6.43049">
        <ele>1928.9</ele>
      </trkpt>
      <trkpt lat="45.09619" lon="6.43049">
        <ele>1926.1</ele>
      </trkpt>
      <trkpt lat="45.09658" lon="6.43052">
        <ele>1925.1</ele>
      </trkpt>
      <trkpt lat="45.09673" lon="6.43048">
        <ele>1923.5</ele>
      </trkpt>
      <trkpt lat="45.09692" lon="6.43036">
        <ele>1919.9</ele>
      </trkpt>
      <trkpt lat="45.0971" lon="6.43018">
        <ele>1915.0</ele>
      </trkpt>
      <trkpt lat="45.0972" lon="6.43009">
        <ele>1912.6</ele>
      </trkpt>
      <trkpt lat="45.09732" lon="6.43002">
        <ele>1910.7</ele>
      </trkpt>
      <trkpt lat="45.09753" lon="6.42994">
        <ele>1908.2</ele>
      </trkpt>
      <trkpt lat="45.09799" lon="6.42979">
        <ele>1903.4</ele>
      </trkpt>
      <trkpt lat="45.09823" lon="6.42975">
        <ele>1902.1</ele>
      </trkpt>
      <trkpt lat="45.09839" lon="6.4297">
        <ele>1901.4</ele>
      </trkpt>
      <trkpt lat="45.09853" lon="6.42965">
        <ele>1901.6</ele>
      </trkpt>
      <trkpt lat="45.09858" lon="6.42962">
        <ele>1901.4</ele>
      </trkpt>
      <trkpt lat="45.09858" lon="6.42962">
        <ele>1901.4</ele>
      </trkpt>
      <trkpt lat="45.09869" lon="6.42956">
        <ele>1901.1</ele>
      </trkpt>
      <trkpt lat="45.09877" lon="6.4295">
        <ele>1900.4</ele>
      </trkpt>
      <trkpt lat="45.09887" lon="6.42939">
        <ele>1898.7</ele>
      </trkpt>
      <trkpt lat="45.09904" lon="6.42909">
        <ele>1892.9</ele>
      </trkpt>
      <trkpt lat="45.09914" lon="6.42898">
        <ele>1891.3</ele>
      </trkpt>
      <trkpt lat="45.09919" lon="6.42895">
        <ele>1890.7</ele>
      </trkpt>
      <trkpt lat="45.09926" lon="6.42892">
        <ele>1889.8</ele>
      </trkpt>
      <trkpt lat="45.09934" lon="6.42891">
        <ele>1889.3</ele>
      </trkpt>
      <trkpt lat="45.09965" lon="6.42894">
        <ele>1889.1</ele>
      </trkpt>
      <trkpt lat="45.09975" lon="6.42893">
        <ele>1888.5</ele>
      </trkpt>
      <trkpt lat="45.10008" lon="6.42883">
        <ele>1882.4</ele>
      </trkpt>
      <trkpt lat="45.10015" lon="6.42884">
        <ele>1881.1</ele>
      </trkpt>
      <trkpt lat="45.10027" lon="6.42889">
        <ele>1880.0</ele>
      </trkpt>
      <trkpt lat="45.10048" lon="6.42909">
        <ele>1881.4</ele>
      </trkpt>
      <trkpt lat="45.10063" lon="6.42929">
        <ele>1882.8</ele>
      </trkpt>
      <trkpt lat="45.10074" lon="6.42944">
        <ele>1883.3</ele>
      </trkpt>
      <trkpt lat="45.10083" lon="6.42955">
        <ele>1883.4</ele>
      </trkpt>
      <trkpt lat="45.10089" lon="6.42959">
        <ele>1883.9</ele>
      </trkpt>
      <trkpt lat="45.10099" lon="6.42962">
        <ele>1884.2</ele>
      </trkpt>
      <trkpt lat="45.10108" lon="6.42961">
        <ele>1883.5</ele>
      </trkpt>
      <trkpt lat="45.10134" lon="6.42952">
        <ele>1879.6</ele>
      </trkpt>
      <trkpt lat="45.10145" lon="6.42948">
        <ele>1877.5</ele>
      </trkpt>
      <trkpt lat="45.10156" lon="6.42941">
        <ele>1874.2</ele>
      </trkpt>
      <trkpt lat="45.10181" lon="6.42913">
        <ele>1863.9</ele>
      </trkpt>
      <trkpt lat="45.10187" lon="6.42909">
        <ele>1863.2</ele>
      </trkpt>
      <trkpt lat="45.10191" lon="6.42906">
        <ele>1862.6</ele>
      </trkpt>
      <trkpt lat="45.10207" lon="6.42902">
        <ele>1862.8</ele>
      </trkpt>
      <trkpt lat="45.10225" lon="6.42898">
        <ele>1863.2</ele>
      </trkpt>
      <trkpt lat="45.10233" lon="6.42894">
        <ele>1862.8</ele>
      </trkpt>
      <trkpt lat="45.10241" lon="6.42888">
        <ele>1861.9</ele>
      </trkpt>
      <trkpt lat="45.10254" lon="6.42871">
        <ele>1859.4</ele>
      </trkpt>
      <trkpt lat="45.10287" lon="6.4281">
        <ele>1850.4</ele>
      </trkpt>
      <trkpt lat="45.10294" lon="6.428">
        <ele>1848.8</ele>
      </trkpt>
      <trkpt lat="45.10299" lon="6.42795">
        <ele>1848.2</ele>
      </trkpt>
      <trkpt lat="45.10312" lon="6.42786">
        <ele>1848.0</ele>
      </trkpt>
      <trkpt lat="45.10362" lon="6.4276">
        <ele>1846.7</ele>
      </trkpt>
      <trkpt lat="45.10403" lon="6.42741">
        <ele>1845.6</ele>
      </trkpt>
      <trkpt lat="45.10407" lon="6.42738">
        <ele>1845.1</ele>
      </trkpt>
      <trkpt lat="45.10414" lon="6.42731">
        <ele>1843.9</ele>
      </trkpt>
      <trkpt lat="45.10416" lon="6.42725">
        <ele>1842.4</ele>
      </trkpt>
      <trkpt lat="45.10427" lon="6.42693">
        <ele>1835.5</ele>
      </trkpt>
      <trkpt lat="45.10432" lon="6.42684">
        <ele>1834.0</ele>
      </trkpt>
      <trkpt lat="45.10437" lon="6.42676">
        <ele>1832.8</ele>
      </trkpt>
      <trkpt lat="45.10445" lon="6.42668">
        <ele>1832.2</ele>
      </trkpt>
      <trkpt lat="45.10491" lon="6.4263">
        <ele>1830.3</ele>
      </trkpt>
      <trkpt lat="45.10556" lon="6.42577">
        <ele>1823.4</ele>
      </trkpt>
      <trkpt lat="45.10574" lon="6.42568">
        <ele>1822.5</ele>
      </trkpt>
      <trkpt lat="45.10604" lon="6.42556">
        <ele>1818.7</ele>
      </trkpt>
      <trkpt lat="45.10622" lon="6.42549">
        <ele>1816.1</ele>
      </trkpt>
      <trkpt lat="45.1063" lon="6.42547">
        <ele>1815.4</ele>
      </trkpt>
      <trkpt lat="45.10671" lon="6.42537">
        <ele>1812.4</ele>
      </trkpt>
      <trkpt lat="45.10686" lon="6.42535">
        <ele>1809.5</ele>
      </trkpt>
      <trkpt lat="45.10702" lon="6.42535">
        <ele>1807.2</ele>
      </trkpt>
      <trkpt lat="45.10715" lon="6.42537">
        <ele>1806.0</ele>
      </trkpt>
      <trkpt lat="45.10766" lon="6.42552">
        <ele>1804.1</ele>
      </trkpt>
      <trkpt lat="45.10818" lon="6.42567">
        <ele>1802.7</ele>
      </trkpt>
      <trkpt lat="45.10865" lon="6.4258">
        <ele>1801.2</ele>
      </trkpt>
      <trkpt lat="45.10914" lon="6.42599">
        <ele>1800.9</ele>
      </trkpt>
      <trkpt lat="45.10923" lon="6.426">
        <ele>1801.3</ele>
      </trkpt>
      <trkpt lat="45.10927" lon="6.426">
        <ele>1801.6</ele>
      </trkpt>
      <trkpt lat="45.10936" lon="6.42595">
        <ele>1800.9</ele>
      </trkpt>
      <trkpt lat="45.10948" lon="6.42583">
        <ele>1798.5</ele>
      </trkpt>
      <trkpt lat="45.10966" lon="6.4256">
        <ele>1793.8</ele>
      </trkpt>
      <trkpt lat="45.10983" lon="6.42534">
        <ele>1788.7</ele>
      </trkpt>
      <trkpt lat="45.10988" lon="6.42527">
        <ele>1787.4</ele>
      </trkpt>
      <trkpt lat="45.10994" lon="6.42521">
        <ele>1786.6</ele>
      </trkpt>
      <trkpt lat="45.1101" lon="6.42509">
        <ele>1785.1</ele>
      </trkpt>
      <trkpt lat="45.11053" lon="6.42484">
        <ele>1781.6</ele>
      </trkpt>
      <trkpt lat="45.11116" lon="6.42439">
        <ele>1771.4</ele>
      </trkpt>
      <trkpt lat="45.11123" lon="6.42436">
        <ele>1770.6</ele>
      </trkpt>
      <trkpt lat="45.11142" lon="6.42433">
        <ele>1770.3</ele>
      </trkpt>
      <trkpt lat="45.1118" lon="6.42431">
        <ele>1770.3</ele>
      </trkpt>
      <trkpt lat="45.11218" lon="6.42432">
        <ele>1770.1</ele>
      </trkpt>
      <trkpt lat="45.11234" lon="6.42432">
        <ele>1769.8</ele>
      </trkpt>
      <trkpt lat="45.11246" lon="6.4243">
        <ele>1769.1</ele>
      </trkpt>
      <trkpt lat="45.11252" lon="6.42427">
        <ele>1768.1</ele>
      </trkpt>
      <trkpt lat="45.1126" lon="6.42421">
        <ele>1766.5</ele>
      </trkpt>
      <trkpt lat="45.11289" lon="6.42384">
        <ele>1760.1</ele>
      </trkpt>
      <trkpt lat="45.11295" lon="6.42379">
        <ele>1759.2</ele>
      </trkpt>
      <trkpt lat="45.11303" lon="6.42374">
        <ele>1758.2</ele>
      </trkpt>
      <trkpt lat="45.11331" lon="6.42367">
        <ele>1756.3</ele>
      </trkpt>
      <trkpt lat="45.11361" lon="6.42363">
        <ele>1754.8</ele>
      </trkpt>
      <trkpt lat="45.11392" lon="6.42363">
        <ele>1754.2</ele>
      </trkpt>
      <trkpt lat="45.11446" lon="6.42359">
        <ele>1750.9</ele>
      </trkpt>
      <trkpt lat="45.11467" lon="6.42354">
        <ele>1748.8</ele>
      </trkpt>
      <trkpt lat="45.11472" lon="6.42352">
        <ele>1748.1</ele>
      </trkpt>
      <trkpt lat="45.11483" lon="6.42343">
        <ele>1746.3</ele>
      </trkpt>
      <trkpt lat="45.11494" lon="6.42329">
        <ele>1744.0</ele>
      </trkpt>
      <trkpt lat="45.1151" lon="6.42303">
        <ele>1741.7</ele>
      </trkpt>
      <trkpt lat="45.11517" lon="6.42291">
        <ele>1740.8</ele>
      </trkpt>
      <trkpt lat="45.11541" lon="6.42225">
        <ele>1734.8</ele>
      </trkpt>
      <trkpt lat="45.11552" lon="6.42198">
        <ele>1731.9</ele>
      </trkpt>
      <trkpt lat="45.11557" lon="6.42187">
        <ele>1730.6</ele>
      </trkpt>
      <trkpt lat="45.11574" lon="6.42163">
        <ele>1728.0</ele>
      </trkpt>
      <trkpt lat="45.1159" lon="6.42145">
        <ele>1727.5</ele>
      </trkpt>
      <trkpt lat="45.116" lon="6.42137">
        <ele>1727.6</ele>
      </trkpt>
      <trkpt lat="45.11616" lon="6.42126">
        <ele>1727.4</ele>
      </trkpt>
      <trkpt lat="45.11662" lon="6.42099">
        <ele>1725.1</ele>
      </trkpt>
      <trkpt lat="45.1167" lon="6.42092">
        <ele>1724.2</ele>
      </trkpt>
      <trkpt lat="45.1168" lon="6.42081">
        <ele>1723.5</ele>
      </trkpt>
      <trkpt lat="45.11723" lon="6.42029">
        <ele>1723.1</ele>
      </trkpt>
      <trkpt lat="45.11737" lon="6.42013">
        <ele>1720.4</ele>
      </trkpt>
      <trkpt lat="45.11768" lon="6.41986">
        <ele>1717.2</ele>
      </trkpt>
      <trkpt lat="45.11786" lon="6.41967">
        <ele>1716.2</ele>
      </trkpt>
      <trkpt lat="45.11791" lon="6.4196">
        <ele>1715.6</ele>
      </trkpt>
      <trkpt lat="45.11791" lon="6.4196">
        <ele>1715.6</ele>
      </trkpt>
      <trkpt lat="45.11833" lon="6.41892">
        <ele>1706.2</ele>
      </trkpt>
      <trkpt lat="45.11874" lon="6.41824">
        <ele>1701.7</ele>
      </trkpt>
      <trkpt lat="45.11882" lon="6.41814">
        <ele>1701.4</ele>
      </trkpt>
      <trkpt lat="45.11893" lon="6.41803">
        <ele>1699.9</ele>
      </trkpt>
      <trkpt lat="45.11906" lon="6.41797">
        <ele>1698.3</ele>
      </trkpt>
      <trkpt lat="45.11929" lon="6.41796">
        <ele>1695.8</ele>
      </trkpt>
      <trkpt lat="45.11975" lon="6.41794">
        <ele>1690.7</ele>
      </trkpt>
      <trkpt lat="45.12021" lon="6.41792">
        <ele>1686.3</ele>
      </trkpt>
      <trkpt lat="45.12037" lon="6.41792">
        <ele>1684.9</ele>
      </trkpt>
      <trkpt lat="45.12115" lon="6.41787">
        <ele>1677.9</ele>
      </trkpt>
      <trkpt lat="45.12193" lon="6.41782">
        <ele>1670.8</ele>
      </trkpt>
      <trkpt lat="45.12228" lon="6.41785">
        <ele>1668.3</ele>
      </trkpt>
      <trkpt lat="45.1224" lon="6.41792">
        <ele>1668.3</ele>
      </trkpt>
      <trkpt lat="45.1224" lon="6.41792">
        <ele>1668.3</ele>
      </trkpt>
      <trkpt lat="45.12298" lon="6.41827">
        <ele>1665.7</ele>
      </trkpt>
      <trkpt lat="45.12356" lon="6.41862">
        <ele>1661.5</ele>
      </trkpt>
      <trkpt lat="45.1237" lon="6.41872">
        <ele>1661.0</ele>
      </trkpt>
      <trkpt lat="45.12389" lon="6.41892">
        <ele>1661.1</ele>
      </trkpt>
      <trkpt lat="45.12394" lon="6.41894">
        <ele>1660.8</ele>
      </trkpt>
      <trkpt lat="45.12399" lon="6.41894">
        <ele>1660.2</ele>
      </trkpt>
      <trkpt lat="45.12403" lon="6.4189">
        <ele>1659.3</ele>
      </trkpt>
      <trkpt lat="45.12406" lon="6.41884">
        <ele>1658.3</ele>
      </trkpt>
      <trkpt lat="45.12406" lon="6.41879">
        <ele>1657.7</ele>
      </trkpt>
      <trkpt lat="45.12405" lon="6.41873">
        <ele>1657.1</ele>
      </trkpt>
      <trkpt lat="45.12403" lon="6.41867">
        <ele>1656.6</ele>
      </trkpt>
      <trkpt lat="45.12391" lon="6.41846">
        <ele>1655.6</ele>
      </trkpt>
      <trkpt lat="45.12387" lon="6.41833">
        <ele>1654.5</ele>
      </trkpt>
      <trkpt lat="45.12381" lon="6.41806">
        <ele>1652.8</ele>
      </trkpt>
      <trkpt lat="45.12372" lon="6.41772">
        <ele>1650.8</ele>
      </trkpt>
      <trkpt lat="45.12373" lon="6.41766">
        <ele>1650.2</ele>
      </trkpt>
      <trkpt lat="45.12376" lon="6.41761">
        <ele>1649.4</ele>
      </trkpt>
      <trkpt lat="45.1238" lon="6.41759">
        <ele>1648.8</ele>
      </trkpt>
      <trkpt lat="45.12385" lon="6.41758">
        <ele>1648.1</ele>
      </trkpt>
      <trkpt lat="45.12389" lon="6.4176">
        <ele>1647.9</ele>
      </trkpt>
      <trkpt lat="45.12413" lon="6.41779">
        <ele>1646.8</ele>
      </trkpt>
      <trkpt lat="45.12436" lon="6.41794">
        <ele>1647.6</ele>
      </trkpt>
      <trkpt lat="45.12445" lon="6.41801">
        <ele>1647.4</ele>
      </trkpt>
      <trkpt lat="45.12454" lon="6.41811">
        <ele>1646.8</ele>
      </trkpt>
      <trkpt lat="45.12488" lon="6.41853">
        <ele>1645.0</ele>
      </trkpt>
      <trkpt lat="45.12495" lon="6.4186">
        <ele>1645.4</ele>
      </trkpt>
      <trkpt lat="45.12502" lon="6.41865">
        <ele>1645.7</ele>
      </trkpt>
      <trkpt lat="45.12516" lon="6.41866">
        <ele>1645.9</ele>
      </trkpt>
      <trkpt lat="45.1253" lon="6.41867">
        <ele>1646.1</ele>
      </trkpt>
      <trkpt lat="45.12604" lon="6.41864">
        <ele>1642.6</ele>
      </trkpt>
      <trkpt lat="45.12678" lon="6.41861">
        <ele>1631.7</ele>
      </trkpt>
      <trkpt lat="45.12758" lon="6.41849">
        <ele>1622.1</ele>
      </trkpt>
      <trkpt lat="45.12839" lon="6.41837">
        <ele>1613.3</ele>
      </trkpt>
      <trkpt lat="45.12868" lon="6.41834">
        <ele>1610.2</ele>
      </trkpt>
      <trkpt lat="45.12945" lon="6.41832">
        <ele>1605.4</ele>
      </trkpt>
      <trkpt lat="45.13022" lon="6.4183">
        <ele>1603.8</ele>
      </trkpt>
      <trkpt lat="45.13045" lon="6.41832">
        <ele>1603.5</ele>
      </trkpt>
      <trkpt lat="45.13068" lon="6.41835">
        <ele>1603.6</ele>
      </trkpt>
      <trkpt lat="45.1313" lon="6.41848">
        <ele>1602.7</ele>
      </trkpt>
      <trkpt lat="45.1313" lon="6.41848">
        <ele>1602.7</ele>
      </trkpt>
      <trkpt lat="45.13177" lon="6.41858">
        <ele>1600.1</ele>
      </trkpt>
      <trkpt lat="45.13224" lon="6.41868">
        <ele>1599.2</ele>
      </trkpt>
      <trkpt lat="45.1328" lon="6.41883">
        <ele>1599.6</ele>
      </trkpt>
      <trkpt lat="45.13335" lon="6.419">
        <ele>1600.4</ele>
      </trkpt>
      <trkpt lat="45.13406" lon="6.4192">
        <ele>1594.1</ele>
      </trkpt>
      <trkpt lat="45.13493" lon="6.41946">
        <ele>1594.7</ele>
      </trkpt>
      <trkpt lat="45.1358" lon="6.41972">
        <ele>1597.0</ele>
      </trkpt>
      <trkpt lat="45.136" lon="6.41976">
        <ele>1597.4</ele>
      </trkpt>
      <trkpt lat="45.13633" lon="6.4198">
        <ele>1597.7</ele>
      </trkpt>
      <trkpt lat="45.13672" lon="6.41984">
        <ele>1597.4</ele>
      </trkpt>
      <trkpt lat="45.13687" lon="6.41983">
        <ele>1596.3</ele>
      </trkpt>
      <trkpt lat="45.13691" lon="6.4198">
        <ele>1596.0</ele>
      </trkpt>
      <trkpt lat="45.13696" lon="6.41975">
        <ele>1595.6</ele>
      </trkpt>
      <trkpt lat="45.13713" lon="6.41952">
        <ele>1594.0</ele>
      </trkpt>
      <trkpt lat="45.13718" lon="6.41946">
        <ele>1593.5</ele>
      </trkpt>
      <trkpt lat="45.13722" lon="6.41943">
        <ele>1593.2</ele>
      </trkpt>
      <trkpt lat="45.13726" lon="6.41942">
        <ele>1592.9</ele>
      </trkpt>
      <trkpt lat="45.13732" lon="6.41942">
        <ele>1592.5</ele>
      </trkpt>
      <trkpt lat="45.13744" lon="6.41946">
        <ele>1591.7</ele>
      </trkpt>
      <trkpt lat="45.13769" lon="6.41958">
        <ele>1590.3</ele>
      </trkpt>
      <trkpt lat="45.1385" lon="6.41985">
        <ele>1584.7</ele>
      </trkpt>
      <trkpt lat="45.13874" lon="6.4199">
        <ele>1583.9</ele>
      </trkpt>
      <trkpt lat="45.13902" lon="6.4199">
        <ele>1583.7</ele>
      </trkpt>
      <trkpt lat="45.13977" lon="6.41986">
        <ele>1581.9</ele>
      </trkpt>
      <trkpt lat="45.14051" lon="6.41982">
        <ele>1577.8</ele>
      </trkpt>
      <trkpt lat="45.14126" lon="6.41978">
        <ele>1573.4</ele>
      </trkpt>
      <trkpt lat="45.142" lon="6.41974">
        <ele>1570.6</ele>
      </trkpt>
      <trkpt lat="45.14261" lon="6.41975">
        <ele>1568.9</ele>
      </trkpt>
      <trkpt lat="45.14321" lon="6.41977">
        <ele>1564.8</ele>
      </trkpt>
      <trkpt lat="45.14382" lon="6.41978">
        <ele>1564.4</ele>
      </trkpt>
      <trkpt lat="45.14427" lon="6.41979">
        <ele>1564.7</ele>
      </trkpt>
      <trkpt lat="45.14477" lon="6.41981">
        <ele>1564.2</ele>
      </trkpt>
      <trkpt lat="45.14558" lon="6.41998">
        <ele>1561.9</ele>
      </trkpt>
      <trkpt lat="45.14558" lon="6.41998">
        <ele>1561.9</ele>
      </trkpt>
      <trkpt lat="45.14585" lon="6.42004">
        <ele>1561.2</ele>
      </trkpt>
      <trkpt lat="45.14632" lon="6.42015">
        <ele>1563.3</ele>
      </trkpt>
      <trkpt lat="45.14665" lon="6.42023">
        <ele>1565.0</ele>
      </trkpt>
      <trkpt lat="45.14681" lon="6.42027">
        <ele>1564.9</ele>
      </trkpt>
      <trkpt lat="45.14692" lon="6.42028">
        <ele>1564.6</ele>
      </trkpt>
      <trkpt lat="45.14708" lon="6.42028">
        <ele>1564.2</ele>
      </trkpt>
      <trkpt lat="45.14715" lon="6.42026">
        <ele>1563.9</ele>
      </trkpt>
      <trkpt lat="45.14741" lon="6.42024">
        <ele>1563.0</ele>
      </trkpt>
      <trkpt lat="45.14759" lon="6.42025">
        <ele>1562.5</ele>
      </trkpt>
      <trkpt lat="45.14779" lon="6.4203">
        <ele>1562.2</ele>
      </trkpt>
      <trkpt lat="45.14803" lon="6.42038">
        <ele>1561.4</ele>
      </trkpt>
      <trkpt lat="45.14836" lon="6.42054">
        <ele>1559.6</ele>
      </trkpt>
      <trkpt lat="45.14847" lon="6.42056">
        <ele>1559.3</ele>
      </trkpt>
      <trkpt lat="45.14859" lon="6.42056">
        <ele>1558.9</ele>
      </trkpt>
      <trkpt lat="45.14874" lon="6.4205">
        <ele>1558.8</ele>
      </trkpt>
      <trkpt lat="45.14888" lon="6.42048">
        <ele>1558.6</ele>
      </trkpt>
      <trkpt lat="45.14913" lon="6.42048">
        <ele>1558.1</ele>
      </trkpt>
      <trkpt lat="45.1494" lon="6.42054">
        <ele>1555.9</ele>
      </trkpt>
      <trkpt lat="45.14951" lon="6.42053">
        <ele>1555.3</ele>
      </trkpt>
      <trkpt lat="45.14964" lon="6.42051">
        <ele>1554.6</ele>
      </trkpt>
      <trkpt lat="45.14995" lon="6.42043">
        <ele>1552.8</ele>
      </trkpt>
      <trkpt lat="45.15014" lon="6.42043">
        <ele>1551.2</ele>
      </trkpt>
      <trkpt lat="45.15035" lon="6.42045">
        <ele>1549.4</ele>
      </trkpt>
      <trkpt lat="45.15065" lon="6.4205">
        <ele>1546.9</ele>
      </trkpt>
      <trkpt lat="45.15073" lon="6.4205">
        <ele>1546.2</ele>
      </trkpt>
      <trkpt lat="45.15085" lon="6.42046">
        <ele>1545.6</ele>
      </trkpt>
      <trkpt lat="45.15123" lon="6.42023">
        <ele>1544.1</ele>
      </trkpt>
      <trkpt lat="45.15138" lon="6.4202">
        <ele>1543.1</ele>
      </trkpt>
      <trkpt lat="45.15157" lon="6.42021">
        <ele>1541.5</ele>
      </trkpt>
      <trkpt lat="45.15176" lon="6.42029">
        <ele>1539.8</ele>
      </trkpt>
      <trkpt lat="45.15242" lon="6.42064">
        <ele>1535.0</ele>
      </trkpt>
      <trkpt lat="45.15266" lon="6.42076">
        <ele>1532.4</ele>
      </trkpt>
      <trkpt lat="45.15274" lon="6.42077">
        <ele>1531.4</ele>
      </trkpt>
      <trkpt lat="45.15286" lon="6.42074">
        <ele>1530.2</ele>
      </trkpt>
      <trkpt lat="45.15313" lon="6.42067">
        <ele>1527.6</ele>
      </trkpt>
      <trkpt lat="45.15333" lon="6.42067">
        <ele>1525.4</ele>
      </trkpt>
      <trkpt lat="45.15383" lon="6.42074">
        <ele>1519.4</ele>
      </trkpt>
      <trkpt lat="45.15432" lon="6.42081">
        <ele>1513.7</ele>
      </trkpt>
      <trkpt lat="45.15458" lon="6.42079">
        <ele>1511.3</ele>
      </trkpt>
      <trkpt lat="45.15483" lon="6.42075">
        <ele>1509.2</ele>
      </trkpt>
      <trkpt lat="45.15553" lon="6.42066">
        <ele>1504.4</ele>
      </trkpt>
      <trkpt lat="45.15573" lon="6.42065">
        <ele>1503.0</ele>
      </trkpt>
      <trkpt lat="45.15602" lon="6.42069">
        <ele>1499.7</ele>
      </trkpt>
      <trkpt lat="45.1568" lon="6.42087">
        <ele>1488.9</ele>
      </trkpt>
      <trkpt lat="45.15757" lon="6.42104">
        <ele>1482.6</ele>
      </trkpt>
      <trkpt lat="45.15757" lon="6.42104">
        <ele>1482.6</ele>
      </trkpt>
      <trkpt lat="45.15832" lon="6.42122">
        <ele>1477.7</ele>
      </trkpt>
      <trkpt lat="45.15854" lon="6.42127">
        <ele>1475.7</ele>
      </trkpt>
      <trkpt lat="45.15866" lon="6.42134">
        <ele>1474.2</ele>
      </trkpt>
      <trkpt lat="45.15879" lon="6.42138">
        <ele>1472.7</ele>
      </trkpt>
      <trkpt lat="45.15911" lon="6.42144">
        <ele>1469.0</ele>
      </trkpt>
      <trkpt lat="45.15932" lon="6.42143">
        <ele>1467.6</ele>
      </trkpt>
      <trkpt lat="45.15971" lon="6.42152">
        <ele>1464.4</ele>
      </trkpt>
      <trkpt lat="45.1598" lon="6.42153">
        <ele>1463.8</ele>
      </trkpt>
      <trkpt lat="45.15994" lon="6.4215">
        <ele>1463.2</ele>
      </trkpt>
      <trkpt lat="45.16" lon="6.42151">
        <ele>1462.8</ele>
      </trkpt>
      <trkpt lat="45.16005" lon="6.42154">
        <ele>1462.6</ele>
      </trkpt>
      <trkpt lat="45.16006" lon="6.4216">
        <ele>1462.3</ele>
      </trkpt>
      <trkpt lat="45.16009" lon="6.42164">
        <ele>1462.1</ele>
      </trkpt>
      <trkpt lat="45.16012" lon="6.42165">
        <ele>1462.1</ele>
      </trkpt>
      <trkpt lat="45.16015" lon="6.42165">
        <ele>1462.1</ele>
      </trkpt>
      <trkpt lat="45.16019" lon="6.42161">
        <ele>1462.3</ele>
      </trkpt>
      <trkpt lat="45.16025" lon="6.42166">
        <ele>1462.0</ele>
      </trkpt>
      <trkpt lat="45.16035" lon="6.42169">
        <ele>1462.4</ele>
      </trkpt>
      <trkpt lat="45.16074" lon="6.42178">
        <ele>1462.8</ele>
      </trkpt>
      <trkpt lat="45.16106" lon="6.42184">
        <ele>1462.9</ele>
      </trkpt>
      <trkpt lat="45.16182" lon="6.42193">
        <ele>1462.5</ele>
      </trkpt>
      <trkpt lat="45.16194" lon="6.42196">
        <ele>1462.3</ele>
      </trkpt>
      <trkpt lat="45.1621" lon="6.42203">
        <ele>1461.1</ele>
      </trkpt>
      <trkpt lat="45.16221" lon="6.42209">
        <ele>1459.7</ele>
      </trkpt>
      <trkpt lat="45.16243" lon="6.42218">
        <ele>1456.8</ele>
      </trkpt>
      <trkpt lat="45.16253" lon="6.42225">
        <ele>1454.2</ele>
      </trkpt>
      <trkpt lat="45.16307" lon="6.42247">
        <ele>1444.2</ele>
      </trkpt>
      <trkpt lat="45.16317" lon="6.4225">
        <ele>1443.0</ele>
      </trkpt>
      <trkpt lat="45.16328" lon="6.42251">
        <ele>1442.9</ele>
      </trkpt>
      <trkpt lat="45.16345" lon="6.42256">
        <ele>1442.7</ele>
      </trkpt>
      <trkpt lat="45.16364" lon="6.42264">
        <ele>1442.6</ele>
      </trkpt>
      <trkpt lat="45.16381" lon="6.42274">
        <ele>1442.5</ele>
      </trkpt>
      <trkpt lat="45.16389" lon="6.42283">
        <ele>1442.0</ele>
      </trkpt>
      <trkpt lat="45.16395" lon="6.42293">
        <ele>1441.3</ele>
      </trkpt>
      <trkpt lat="45.16398" lon="6.42306">
        <ele>1440.5</ele>
      </trkpt>
      <trkpt lat="45.16399" lon="6.42321">
        <ele>1439.6</ele>
      </trkpt>
      <trkpt lat="45.16398" lon="6.4233">
        <ele>1439.2</ele>
      </trkpt>
      <trkpt lat="45.16397" lon="6.42339">
        <ele>1439.0</ele>
      </trkpt>
      <trkpt lat="45.16389" lon="6.42366">
        <ele>1439.2</ele>
      </trkpt>
      <trkpt lat="45.1638" lon="6.42398">
        <ele>1439.5</ele>
      </trkpt>
      <trkpt lat="45.1638" lon="6.42406">
        <ele>1439.6</ele>
      </trkpt>
      <trkpt lat="45.16383" lon="6.42413">
        <ele>1439.7</ele>
      </trkpt>
      <trkpt lat="45.16388" lon="6.4242">
        <ele>1439.8</ele>
      </trkpt>
      <trkpt lat="45.16397" lon="6.42429">
        <ele>1436.7</ele>
      </trkpt>
      <trkpt lat="45.1641" lon="6.42452">
        <ele>1431.8</ele>
      </trkpt>
      <trkpt lat="45.16408" lon="6.42454">
        <ele>1432.3</ele>
      </trkpt>
      <trkpt lat="45.16407" lon="6.42458">
        <ele>1432.5</ele>
      </trkpt>
      <trkpt lat="45.16407" lon="6.42462">
        <ele>1432.3</ele>
      </trkpt>
      <trkpt lat="45.16407" lon="6.42465">
        <ele>1432.2</ele>
      </trkpt>
      <trkpt lat="45.16409" lon="6.42469">
        <ele>1431.4</ele>
      </trkpt>
      <trkpt lat="45.16411" lon="6.42471">
        <ele>1430.8</ele>
      </trkpt>
      <trkpt lat="45.16409" lon="6.42474">
        <ele>1431.3</ele>
      </trkpt>
      <trkpt lat="45.16405" lon="6.42486">
        <ele>1432.0</ele>
      </trkpt>
      <trkpt lat="45.16404" lon="6.42498">
        <ele>1431.9</ele>
      </trkpt>
      <trkpt lat="45.16404" lon="6.42513">
        <ele>1430.5</ele>
      </trkpt>
      <trkpt lat="45.16405" lon="6.42533">
        <ele>1428.3</ele>
      </trkpt>
      <trkpt lat="45.16406" lon="6.42536">
        <ele>1427.7</ele>
      </trkpt>
      <trkpt lat="45.16409" lon="6.42628">
        <ele>1420.9</ele>
      </trkpt>
      <trkpt lat="45.1641" lon="6.42676">
        <ele>1418.9</ele>
      </trkpt>
      <trkpt lat="45.16413" lon="6.42753">
        <ele>1414.3</ele>
      </trkpt>
      <trkpt lat="45.16414" lon="6.42799">
        <ele>1412.4</ele>
      </trkpt>
      <trkpt lat="45.16416" lon="6.42811">
        <ele>1411.9</ele>
      </trkpt>
      <trkpt lat="45.16417" lon="6.4287">
        <ele>1411.4</ele>
      </trkpt>
      <trkpt lat="45.16419" lon="6.42904">
        <ele>1411.8</ele>
      </trkpt>
      <trkpt lat="45.16423" lon="6.43003">
        <ele>1412.6</ele>
      </trkpt>
      <trkpt lat="45.16453" lon="6.43003">
        <ele>1411.2</ele>
      </trkpt>
      <trkpt lat="45.165" lon="6.43001">
        <ele>1409.0</ele>
      </trkpt>
      <trkpt lat="45.16548" lon="6.42999">
        <ele>1406.1</ele>
      </trkpt>
      <trkpt lat="45.16548" lon="6.43011">
        <ele>1406.0</ele>
      </trkpt>
      <trkpt lat="45.16549" lon="6.43018">
        <ele>1406.1</ele>
      </trkpt>
      <trkpt lat="45.16544" lon="6.43042">
        <ele>1406.5</ele>
      </trkpt>
      <trkpt lat="45.16541" lon="6.43059">
        <ele>1406.8</ele>
      </trkpt>
      <trkpt lat="45.16517" lon="6.43174">
        <ele>1408.9</ele>
      </trkpt>
      <trkpt lat="45.16512" lon="6.43174">
        <ele>1409.0</ele>
      </trkpt>
      <trkpt lat="45.16508" lon="6.43177">
        <ele>1409.5</ele>
      </trkpt>
      <trkpt lat="45.16506" lon="6.43181">
        <ele>1410.1</ele>
      </trkpt>
      <trkpt lat="45.16506" lon="6.43186">
        <ele>1410.9</ele>
      </trkpt>
      <trkpt lat="45.16507" lon="6.4319">
        <ele>1411.5</ele>
      </trkpt>
      <trkpt lat="45.16509" lon="6.43194">
        <ele>1412.0</ele>
      </trkpt>
      <trkpt lat="45.16513" lon="6.43196">
        <ele>1412.2</ele>
      </trkpt>
      <trkpt lat="45.16518" lon="6.43195">
        <ele>1411.9</ele>
      </trkpt>
      <trkpt lat="45.16521" lon="6.43191">
        <ele>1411.3</ele>
      </trkpt>
      <trkpt lat="45.1654" lon="6.43213">
        <ele>1413.7</ele>
      </trkpt>
      <trkpt lat="45.16554" lon="6.43224">
        <ele>1414.5</ele>
      </trkpt>
      <trkpt lat="45.16605" lon="6.43254">
        <ele>1415.2</ele>
      </trkpt>
      <trkpt lat="45.16651" lon="6.43283">
        <ele>1418.7</ele>
      </trkpt>
      <trkpt lat="45.16665" lon="6.43295">
        <ele>1420.5</ele>
      </trkpt>
      <trkpt lat="45.16669" lon="6.433">
        <ele>1421.2</ele>
      </trkpt>
      <trkpt lat="45.16678" lon="6.43319">
        <ele>1424.4</ele>
      </trkpt>
      <trkpt lat="45.1669" lon="6.43351">
        <ele>1429.7</ele>
      </trkpt>
      <trkpt lat="45.16693" lon="6.43358">
        <ele>1430.7</ele>
      </trkpt>
      <trkpt lat="45.16699" lon="6.4337">
        <ele>1432.2</ele>
      </trkpt>
      <trkpt lat="45.16707" lon="6.43378">
        <ele>1432.2</ele>
      </trkpt>
      <trkpt lat="45.16768" lon="6.4343">
        <ele>1434.0</ele>
      </trkpt>
      <trkpt lat="45.16797" lon="6.43441">
        <ele>1436.9</ele>
      </trkpt>
      <trkpt lat="45.16809" lon="6.43443">
        <ele>1437.2</ele>
      </trkpt>
      <trkpt lat="45.16831" lon="6.43439">
        <ele>1434.5</ele>
      </trkpt>
      <trkpt lat="45.1684" lon="6.43437">
        <ele>1433.5</ele>
      </trkpt>
      <trkpt lat="45.16852" lon="6.43434">
        <ele>1432.2</ele>
      </trkpt>
      <trkpt lat="45.16862" lon="6.43435">
        <ele>1432.6</ele>
      </trkpt>
      <trkpt lat="45.16871" lon="6.43439">
        <ele>1434.1</ele>
      </trkpt>
      <trkpt lat="45.16927" lon="6.4347">
        <ele>1444.2</ele>
      </trkpt>
      <trkpt lat="45.16927" lon="6.4347">
        <ele>1444.2</ele>
      </trkpt>
      <trkpt lat="45.16942" lon="6.43475">
        <ele>1445.2</ele>
      </trkpt>
      <trkpt lat="45.16948" lon="6.43476">
        <ele>1445.2</ele>
      </trkpt>
      <trkpt lat="45.16959" lon="6.43475">
        <ele>1444.5</ele>
      </trkpt>
      <trkpt lat="45.16969" lon="6.43471">
        <ele>1443.2</ele>
      </trkpt>
      <trkpt lat="45.1698" lon="6.43463">
        <ele>1441.4</ele>
      </trkpt>
      <trkpt lat="45.17015" lon="6.43427">
        <ele>1438.5</ele>
      </trkpt>
      <trkpt lat="45.17032" lon="6.43412">
        <ele>1438.4</ele>
      </trkpt>
      <trkpt lat="45.17041" lon="6.43408">
        <ele>1439.0</ele>
      </trkpt>
      <trkpt lat="45.17052" lon="6.43408">
        <ele>1440.4</ele>
      </trkpt>
      <trkpt lat="45.17066" lon="6.43409">
        <ele>1442.5</ele>
      </trkpt>
      <trkpt lat="45.17093" lon="6.4341">
        <ele>1446.2</ele>
      </trkpt>
      <trkpt lat="45.17115" lon="6.43407">
        <ele>1448.5</ele>
      </trkpt>
      <trkpt lat="45.17147" lon="6.43391">
        <ele>1449.7</ele>
      </trkpt>
      <trkpt lat="45.17158" lon="6.43388">
        <ele>1450.5</ele>
      </trkpt>
      <trkpt lat="45.17172" lon="6.43385">
        <ele>1451.5</ele>
      </trkpt>
      <trkpt lat="45.17226" lon="6.43379">
        <ele>1456.1</ele>
      </trkpt>
      <trkpt lat="45.17239" lon="6.43376">
        <ele>1457.0</ele>
      </trkpt>
      <trkpt lat="45.17255" lon="6.43362">
        <ele>1456.6</ele>
      </trkpt>
      <trkpt lat="45.17263" lon="6.43353">
        <ele>1456.3</ele>
      </trkpt>
      <trkpt lat="45.17283" lon="6.43322">
        <ele>1454.9</ele>
      </trkpt>
      <trkpt lat="45.17296" lon="6.43304">
        <ele>1454.3</ele>
      </trkpt>
      <trkpt lat="45.17307" lon="6.43296">
        <ele>1454.9</ele>
      </trkpt>
      <trkpt lat="45.17327" lon="6.43285">
        <ele>1456.4</ele>
      </trkpt>
      <trkpt lat="45.17342" lon="6.43279">
        <ele>1457.0</ele>
      </trkpt>
      <trkpt lat="45.1736" lon="6.43275">
        <ele>1457.3</ele>
      </trkpt>
      <trkpt lat="45.17381" lon="6.43275">
        <ele>1458.5</ele>
      </trkpt>
      <trkpt lat="45.17423" lon="6.43286">
        <ele>1462.6</ele>
      </trkpt>
      <trkpt lat="45.17471" lon="6.43297">
        <ele>1464.4</ele>
      </trkpt>
      <trkpt lat="45.17518" lon="6.43308">
        <ele>1465.4</ele>
      </trkpt>
      <trkpt lat="45.17527" lon="6.43312">
        <ele>1465.7</ele>
      </trkpt>
      <trkpt lat="45.17551" lon="6.4333">
        <ele>1468.7</ele>
      </trkpt>
      <trkpt lat="45.17577" lon="6.43362">
        <ele>1474.7</ele>
      </trkpt>
      <trkpt lat="45.17592" lon="6.43379">
        <ele>1477.7</ele>
      </trkpt>
      <trkpt lat="45.17603" lon="6.43387">
        <ele>1478.6</ele>
      </trkpt>
      <trkpt lat="45.17615" lon="6.43394">
        <ele>1479.2</ele>
      </trkpt>
      <trkpt lat="45.17656" lon="6.4341">
        <ele>1479.3</ele>
      </trkpt>
      <trkpt lat="45.17661" lon="6.43413">
        <ele>1479.6</ele>
      </trkpt>
      <trkpt lat="45.17665" lon="6.43419">
        <ele>1480.4</ele>
      </trkpt>
      <trkpt lat="45.17668" lon="6.43427">
        <ele>1480.6</ele>
      </trkpt>
      <trkpt lat="45.17669" lon="6.43433">
        <ele>1480.9</ele>
      </trkpt>
      <trkpt lat="45.17669" lon="6.43433">
        <ele>1480.9</ele>
      </trkpt>
      <trkpt lat="45.17672" lon="6.43459">
        <ele>1482.7</ele>
      </trkpt>
      <trkpt lat="45.17677" lon="6.43544">
        <ele>1488.4</ele>
      </trkpt>
      <trkpt lat="45.17681" lon="6.43576">
        <ele>1489.6</ele>
      </trkpt>
      <trkpt lat="45.17696" lon="6.43667">
        <ele>1497.0</ele>
      </trkpt>
      <trkpt lat="45.17705" lon="6.43711">
        <ele>1504.4</ele>
      </trkpt>
      <trkpt lat="45.17715" lon="6.43739">
        <ele>1507.9</ele>
      </trkpt>
      <trkpt lat="45.17744" lon="6.43786">
        <ele>1510.9</ele>
      </trkpt>
      <trkpt lat="45.17779" lon="6.43833">
        <ele>1510.9</ele>
      </trkpt>
      <trkpt lat="45.17813" lon="6.43881">
        <ele>1513.2</ele>
      </trkpt>
      <trkpt lat="45.17836" lon="6.43904">
        <ele>1513.4</ele>
      </trkpt>
      <trkpt lat="45.17851" lon="6.43915">
        <ele>1516.1</ele>
      </trkpt>
      <trkpt lat="45.17867" lon="6.4392">
        <ele>1517.6</ele>
      </trkpt>
      <trkpt lat="45.17902" lon="6.43928">
        <ele>1519.9</ele>
      </trkpt>
      <trkpt lat="45.17938" lon="6.43931">
        <ele>1520.3</ele>
      </trkpt>
      <trkpt lat="45.17979" lon="6.43931">
        <ele>1519.9</ele>
      </trkpt>
      <trkpt lat="45.18001" lon="6.43929">
        <ele>1519.0</ele>
      </trkpt>
      <trkpt lat="45.18008" lon="6.4393">
        <ele>1519.6</ele>
      </trkpt>
      <trkpt lat="45.18014" lon="6.43932">
        <ele>1520.5</ele>
      </trkpt>
      <trkpt lat="45.18021" lon="6.43936">
        <ele>1521.9</ele>
      </trkpt>
      <trkpt lat="45.1804" lon="6.43958">
        <ele>1528.9</ele>
      </trkpt>
      <trkpt lat="45.18046" lon="6.43962">
        <ele>1530.1</ele>
      </trkpt>
      <trkpt lat="45.18061" lon="6.43964">
        <ele>1530.8</ele>
      </trkpt>
      <trkpt lat="45.18101" lon="6.43951">
        <ele>1528.9</ele>
      </trkpt>
      <trkpt lat="45.18168" lon="6.43922">
        <ele>1527.3</ele>
      </trkpt>
      <trkpt lat="45.18235" lon="6.43893">
        <ele>1529.6</ele>
      </trkpt>
      <trkpt lat="45.18248" lon="6.43889">
        <ele>1530.4</ele>
      </trkpt>
      <trkpt lat="45.18261" lon="6.43887">
        <ele>1530.8</ele>
      </trkpt>
      <trkpt lat="45.18274" lon="6.43889">
        <ele>1531.8</ele>
      </trkpt>
      <trkpt lat="45.18314" lon="6.439">
        <ele>1536.3</ele>
      </trkpt>
      <trkpt lat="45.18325" lon="6.43899">
        <ele>1536.6</ele>
      </trkpt>
      <trkpt lat="45.18334" lon="6.43895">
        <ele>1536.1</ele>
      </trkpt>
      <trkpt lat="45.18342" lon="6.4389">
        <ele>1535.9</ele>
      </trkpt>
      <trkpt lat="45.18349" lon="6.43883">
        <ele>1535.1</ele>
      </trkpt>
      <trkpt lat="45.18364" lon="6.43865">
        <ele>1533.1</ele>
      </trkpt>
      <trkpt lat="45.18381" lon="6.4385">
        <ele>1532.2</ele>
      </trkpt>
      <trkpt lat="45.18393" lon="6.43844">
        <ele>1532.7</ele>
      </trkpt>
      <trkpt lat="45.18402" lon="6.43841">
        <ele>1533.3</ele>
      </trkpt>
      <trkpt lat="45.18435" lon="6.43835">
        <ele>1534.1</ele>
      </trkpt>
      <trkpt lat="45.1845" lon="6.43833">
        <ele>1533.5</ele>
      </trkpt>
      <trkpt lat="45.18465" lon="6.43833">
        <ele>1533.4</ele>
      </trkpt>
      <trkpt lat="45.18509" lon="6.43845">
        <ele>1535.1</ele>
      </trkpt>
      <trkpt lat="45.18522" lon="6.43851">
        <ele>1535.3</ele>
      </trkpt>
      <trkpt lat="45.18537" lon="6.43861">
        <ele>1536.4</ele>
      </trkpt>
      <trkpt lat="45.18568" lon="6.4389">
        <ele>1540.8</ele>
      </trkpt>
      <trkpt lat="45.18583" lon="6.439">
        <ele>1541.8</ele>
      </trkpt>
      <trkpt lat="45.18649" lon="6.43934">
        <ele>1543.2</ele>
      </trkpt>
      <trkpt lat="45.18665" lon="6.43938">
        <ele>1543.0</ele>
      </trkpt>
      <trkpt lat="45.18692" lon="6.43938">
        <ele>1541.5</ele>
      </trkpt>
      <trkpt lat="45.18712" lon="6.4394">
        <ele>1541.6</ele>
      </trkpt>
      <trkpt lat="45.18739" lon="6.43948">
        <ele>1544.9</ele>
      </trkpt>
      <trkpt lat="45.188" lon="6.43968">
        <ele>1550.4</ele>
      </trkpt>
      <trkpt lat="45.18861" lon="6.43988">
        <ele>1552.2</ele>
      </trkpt>
      <trkpt lat="45.18877" lon="6.43996">
        <ele>1552.5</ele>
      </trkpt>
      <trkpt lat="45.18888" lon="6.44003">
        <ele>1553.3</ele>
      </trkpt>
      <trkpt lat="45.18892" lon="6.44006">
        <ele>1553.8</ele>
      </trkpt>
      <trkpt lat="45.18892" lon="6.44006">
        <ele>1553.8</ele>
      </trkpt>
      <trkpt lat="45.18908" lon="6.44021">
        <ele>1557.6</ele>
      </trkpt>
      <trkpt lat="45.1895" lon="6.44048">
        <ele>1564.5</ele>
      </trkpt>
      <trkpt lat="45.18972" lon="6.44055">
        <ele>1564.7</ele>
      </trkpt>
      <trkpt lat="45.18997" lon="6.44057">
        <ele>1561.4</ele>
      </trkpt>
      <trkpt lat="45.19022" lon="6.44049">
        <ele>1555.6</ele>
      </trkpt>
      <trkpt lat="45.1906" lon="6.44044">
        <ele>1551.6</ele>
      </trkpt>
      <trkpt lat="45.19098" lon="6.44044">
        <ele>1549.8</ele>
      </trkpt>
      <trkpt lat="45.19152" lon="6.44059">
        <ele>1555.2</ele>
      </trkpt>
      <trkpt lat="45.19214" lon="6.44067">
        <ele>1548.0</ele>
      </trkpt>
      <trkpt lat="45.19238" lon="6.44075">
        <ele>1547.5</ele>
      </trkpt>
      <trkpt lat="45.19257" lon="6.44087">
        <ele>1549.7</ele>
      </trkpt>
      <trkpt lat="45.19271" lon="6.441">
        <ele>1552.4</ele>
      </trkpt>
      <trkpt lat="45.19287" lon="6.44122">
        <ele>1559.5</ele>
      </trkpt>
      <trkpt lat="45.19317" lon="6.44146">
        <ele>1562.3</ele>
      </trkpt>
      <trkpt lat="45.19344" lon="6.4416">
        <ele>1562.8</ele>
      </trkpt>
      <trkpt lat="45.19386" lon="6.44179">
        <ele>1569.6</ele>
      </trkpt>
      <trkpt lat="45.19398" lon="6.44183">
        <ele>1570.9</ele>
      </trkpt>
      <trkpt lat="45.19413" lon="6.44186">
        <ele>1571.1</ele>
      </trkpt>
      <trkpt lat="45.19444" lon="6.44187">
        <ele>1566.3</ele>
      </trkpt>
      <trkpt lat="45.19489" lon="6.44186">
        <ele>1557.2</ele>
      </trkpt>
      <trkpt lat="45.19502" lon="6.44188">
        <ele>1556.5</ele>
      </trkpt>
      <trkpt lat="45.19516" lon="6.44194">
        <ele>1560.2</ele>
      </trkpt>
      <trkpt lat="45.19529" lon="6.44201">
        <ele>1564.4</ele>
      </trkpt>
      <trkpt lat="45.19564" lon="6.44224">
        <ele>1576.9</ele>
      </trkpt>
      <trkpt lat="45.1959" lon="6.44233">
        <ele>1579.4</ele>
      </trkpt>
      <trkpt lat="45.19607" lon="6.44238">
        <ele>1579.4</ele>
      </trkpt>
      <trkpt lat="45.19626" lon="6.44242">
        <ele>1578.4</ele>
      </trkpt>
      <trkpt lat="45.19642" lon="6.44242">
        <ele>1575.5</ele>
      </trkpt>
      <trkpt lat="45.19668" lon="6.44238">
        <ele>1568.6</ele>
      </trkpt>
      <trkpt lat="45.19677" lon="6.44237">
        <ele>1567.8</ele>
      </trkpt>
      <trkpt lat="45.19716" lon="6.44246">
        <ele>1572.4</ele>
      </trkpt>
      <trkpt lat="45.19744" lon="6.44256">
        <ele>1577.2</ele>
      </trkpt>
      <trkpt lat="45.19766" lon="6.44259">
        <ele>1575.1</ele>
      </trkpt>
      <trkpt lat="45.19775" lon="6.44258">
        <ele>1572.7</ele>
      </trkpt>
      <trkpt lat="45.19783" lon="6.44256">
        <ele>1570.0</ele>
      </trkpt>
      <trkpt lat="45.19792" lon="6.44252">
        <ele>1566.0</ele>
      </trkpt>
      <trkpt lat="45.19796" lon="6.44253">
        <ele>1565.6</ele>
      </trkpt>
      <trkpt lat="45.19804" lon="6.44259">
        <ele>1567.0</ele>
      </trkpt>
      <trkpt lat="45.1982" lon="6.44263">
        <ele>1565.7</ele>
      </trkpt>
      <trkpt lat="45.19878" lon="6.44293">
        <ele>1567.1</ele>
      </trkpt>
      <trkpt lat="45.19936" lon="6.44322">
        <ele>1565.8</ele>
      </trkpt>
      <trkpt lat="45.1997" lon="6.44338">
        <ele>1565.6</ele>
      </trkpt>
      <trkpt lat="45.2" lon="6.4435">
        <ele>1563.6</ele>
      </trkpt>
      <trkpt lat="45.20053" lon="6.44374">
        <ele>1562.7</ele>
      </trkpt>
      <trkpt lat="45.20105" lon="6.44397">
        <ele>1565.9</ele>
      </trkpt>
      <trkpt lat="45.20116" lon="6.44399">
        <ele>1566.0</ele>
      </trkpt>
      <trkpt lat="45.20137" lon="6.44386">
        <ele>1558.9</ele>
      </trkpt>
      <trkpt lat="45.20144" lon="6.44385">
        <ele>1558.0</ele>
      </trkpt>
      <trkpt lat="45.20152" lon="6.44386">
        <ele>1557.8</ele>
      </trkpt>
      <trkpt lat="45.2018" lon="6.44399">
        <ele>1561.4</ele>
      </trkpt>
      <trkpt lat="45.20225" lon="6.44414">
        <ele>1564.1</ele>
      </trkpt>
      <trkpt lat="45.20241" lon="6.44422">
        <ele>1563.7</ele>
      </trkpt>
      <trkpt lat="45.20254" lon="6.4443">
        <ele>1562.8</ele>
      </trkpt>
      <trkpt lat="45.20263" lon="6.44439">
        <ele>1562.9</ele>
      </trkpt>
      <trkpt lat="45.20268" lon="6.44447">
        <ele>1563.0</ele>
      </trkpt>
      <trkpt lat="45.2027" lon="6.44461">
        <ele>1562.9</ele>
      </trkpt>
      <trkpt lat="45.20269" lon="6.44471">
        <ele>1562.7</ele>
      </trkpt>
      <trkpt lat="45.20266" lon="6.44478">
        <ele>1562.5</ele>
      </trkpt>
      <trkpt lat="45.20194" lon="6.4453">
        <ele>1559.2</ele>
      </trkpt>
      <trkpt lat="45.20187" lon="6.44533">
        <ele>1558.8</ele>
      </trkpt>
      <trkpt lat="45.20187" lon="6.44533">
        <ele>1558.8</ele>
      </trkpt>
      <trkpt lat="45.20183" lon="6.44535">
        <ele>1558.4</ele>
      </trkpt>
      <trkpt lat="45.20174" lon="6.44535">
        <ele>1558.9</ele>
      </trkpt>
      <trkpt lat="45.20138" lon="6.44528">
        <ele>1561.6</ele>
      </trkpt>
      <trkpt lat="45.20131" lon="6.44531">
        <ele>1560.3</ele>
      </trkpt>
      <trkpt lat="45.20111" lon="6.44557">
        <ele>1549.4</ele>
      </trkpt>
      <trkpt lat="45.20103" lon="6.44562">
        <ele>1547.0</ele>
      </trkpt>
      <trkpt lat="45.20096" lon="6.44562">
        <ele>1546.7</ele>
      </trkpt>
      <trkpt lat="45.20091" lon="6.4456">
        <ele>1547.4</ele>
      </trkpt>
      <trkpt lat="45.20075" lon="6.44541">
        <ele>1555.4</ele>
      </trkpt>
      <trkpt lat="45.20067" lon="6.44534">
        <ele>1558.6</ele>
      </trkpt>
      <trkpt lat="45.20059" lon="6.44529">
        <ele>1561.0</ele>
      </trkpt>
      <trkpt lat="45.20048" lon="6.44524">
        <ele>1563.4</ele>
      </trkpt>
      <trkpt lat="45.20008" lon="6.44516">
        <ele>1567.7</ele>
      </trkpt>
      <trkpt lat="45.19994" lon="6.44516">
        <ele>1568.5</ele>
      </trkpt>
      <trkpt lat="45.19989" lon="6.44521">
        <ele>1566.7</ele>
      </trkpt>
      <trkpt lat="45.19981" lon="6.44536">
        <ele>1560.5</ele>
      </trkpt>
      <trkpt lat="45.19967" lon="6.44571">
        <ele>1544.7</ele>
      </trkpt>
      <trkpt lat="45.19957" lon="6.44594">
        <ele>1535.4</ele>
      </trkpt>
      <trkpt lat="45.19953" lon="6.44599">
        <ele>1533.8</ele>
      </trkpt>
      <trkpt lat="45.19948" lon="6.44601">
        <ele>1533.2</ele>
      </trkpt>
      <trkpt lat="45.19943" lon="6.44601">
        <ele>1533.3</ele>
      </trkpt>
      <trkpt lat="45.19938" lon="6.446">
        <ele>1533.7</ele>
      </trkpt>
      <trkpt lat="45.19867" lon="6.44557">
        <ele>1547.9</ele>
      </trkpt>
      <trkpt lat="45.19859" lon="6.44555">
        <ele>1548.2</ele>
      </trkpt>
      <trkpt lat="45.19849" lon="6.44555">
        <ele>1547.0</ele>
      </trkpt>
      <trkpt lat="45.19798" lon="6.44573">
        <ele>1533.7</ele>
      </trkpt>
      <trkpt lat="45.19785" lon="6.44577">
        <ele>1530.9</ele>
      </trkpt>
      <trkpt lat="45.19773" lon="6.44579">
        <ele>1529.5</ele>
      </trkpt>
      <trkpt lat="45.19716" lon="6.44575">
        <ele>1539.1</ele>
      </trkpt>
      <trkpt lat="45.19707" lon="6.44575">
        <ele>1540.6</ele>
      </trkpt>
      <trkpt lat="45.197" lon="6.44577">
        <ele>1540.4</ele>
      </trkpt>
      <trkpt lat="45.19694" lon="6.44579">
        <ele>1540.0</ele>
      </trkpt>
      <trkpt lat="45.19637" lon="6.44613">
        <ele>1537.0</ele>
      </trkpt>
      <trkpt lat="45.19629" lon="6.4462">
        <ele>1535.8</ele>
      </trkpt>
      <trkpt lat="45.19622" lon="6.44628">
        <ele>1533.8</ele>
      </trkpt>
      <trkpt lat="45.19594" lon="6.44683">
        <ele>1517.1</ele>
      </trkpt>
      <trkpt lat="45.19575" lon="6.44702">
        <ele>1515.3</ele>
      </trkpt>
      <trkpt lat="45.19545" lon="6.44719">
        <ele>1518.3</ele>
      </trkpt>
      <trkpt lat="45.19535" lon="6.44728">
        <ele>1518.1</ele>
      </trkpt>
      <trkpt lat="45.19528" lon="6.44739">
        <ele>1516.3</ele>
      </trkpt>
      <trkpt lat="45.19508" lon="6.44771">
        <ele>1513.2</ele>
      </trkpt>
      <trkpt lat="45.19504" lon="6.44781">
        <ele>1512.1</ele>
      </trkpt>
      <trkpt lat="45.19501" lon="6.44797">
        <ele>1509.5</ele>
      </trkpt>
      <trkpt lat="45.195" lon="6.4483">
        <ele>1502.7</ele>
      </trkpt>
      <trkpt lat="45.19502" lon="6.44876">
        <ele>1496.2</ele>
      </trkpt>
      <trkpt lat="45.195" lon="6.44902">
        <ele>1493.8</ele>
      </trkpt>
      <trkpt lat="45.19497" lon="6.4491">
        <ele>1493.2</ele>
      </trkpt>
      <trkpt lat="45.19484" lon="6.44941">
        <ele>1490.2</ele>
      </trkpt>
      <trkpt lat="45.1944" lon="6.45024">
        <ele>1485.5</ele>
      </trkpt>
      <trkpt lat="45.19396" lon="6.45108">
        <ele>1486.4</ele>
      </trkpt>
      <trkpt lat="45.19367" lon="6.45168">
        <ele>1492.3</ele>
      </trkpt>
      <trkpt lat="45.19353" lon="6.45223">
        <ele>1495.0</ele>
      </trkpt>
      <trkpt lat="45.19352" lon="6.45255">
        <ele>1494.2</ele>
      </trkpt>
      <trkpt lat="45.19355" lon="6.45277">
        <ele>1493.6</ele>
      </trkpt>
      <trkpt lat="45.19362" lon="6.45304">
        <ele>1490.6</ele>
      </trkpt>
      <trkpt lat="45.1938" lon="6.45329">
        <ele>1480.2</ele>
      </trkpt>
      <trkpt lat="45.19387" lon="6.45346">
        <ele>1477.9</ele>
      </trkpt>
      <trkpt lat="45.19393" lon="6.4537">
        <ele>1478.2</ele>
      </trkpt>
      <trkpt lat="45.19402" lon="6.45392">
        <ele>1476.4</ele>
      </trkpt>
      <trkpt lat="45.19415" lon="6.45416">
        <ele>1472.9</ele>
      </trkpt>
      <trkpt lat="45.19429" lon="6.45433">
        <ele>1468.9</ele>
      </trkpt>
      <trkpt lat="45.19442" lon="6.4546">
        <ele>1466.1</ele>
      </trkpt>
      <trkpt lat="45.19458" lon="6.45527">
        <ele>1461.4</ele>
      </trkpt>
      <trkpt lat="45.19459" lon="6.45544">
        <ele>1460.3</ele>
      </trkpt>
      <trkpt lat="45.19458" lon="6.45555">
        <ele>1460.5</ele>
      </trkpt>
      <trkpt lat="45.1945" lon="6.45591">
        <ele>1465.2</ele>
      </trkpt>
      <trkpt lat="45.19449" lon="6.456">
        <ele>1466.6</ele>
      </trkpt>
      <trkpt lat="45.19449" lon="6.45614">
        <ele>1467.8</ele>
      </trkpt>
      <trkpt lat="45.19453" lon="6.45626">
        <ele>1465.9</ele>
      </trkpt>
      <trkpt lat="45.19466" lon="6.45652">
        <ele>1457.6</ele>
      </trkpt>
      <trkpt lat="45.19472" lon="6.45666">
        <ele>1453.2</ele>
      </trkpt>
      <trkpt lat="45.19477" lon="6.45685">
        <ele>1451.1</ele>
      </trkpt>
      <trkpt lat="45.19479" lon="6.45697">
        <ele>1450.8</ele>
      </trkpt>
      <trkpt lat="45.19478" lon="6.45714">
        <ele>1453.4</ele>
      </trkpt>
      <trkpt lat="45.19475" lon="6.45742">
        <ele>1458.9</ele>
      </trkpt>
      <trkpt lat="45.19465" lon="6.45792">
        <ele>1473.3</ele>
      </trkpt>
      <trkpt lat="45.19465" lon="6.45799">
        <ele>1474.3</ele>
      </trkpt>
      <trkpt lat="45.19467" lon="6.45806">
        <ele>1474.2</ele>
      </trkpt>
      <trkpt lat="45.19469" lon="6.4581">
        <ele>1473.7</ele>
      </trkpt>
      <trkpt lat="45.19473" lon="6.45814">
        <ele>1472.4</ele>
      </trkpt>
      <trkpt lat="45.19482" lon="6.45817">
        <ele>1468.6</ele>
      </trkpt>
      <trkpt lat="45.19492" lon="6.45818">
        <ele>1464.2</ele>
      </trkpt>
      <trkpt lat="45.19518" lon="6.45818">
        <ele>1453.1</ele>
      </trkpt>
      <trkpt lat="45.19524" lon="6.45819">
        <ele>1451.0</ele>
      </trkpt>
      <trkpt lat="45.19549" lon="6.45827">
        <ele>1443.5</ele>
      </trkpt>
      <trkpt lat="45.19558" lon="6.45827">
        <ele>1439.9</ele>
      </trkpt>
      <trkpt lat="45.19567" lon="6.45826">
        <ele>1436.0</ele>
      </trkpt>
      <trkpt lat="45.19578" lon="6.45826">
        <ele>1431.6</ele>
      </trkpt>
      <trkpt lat="45.19582" lon="6.45828">
        <ele>1430.7</ele>
      </trkpt>
      <trkpt lat="45.19587" lon="6.45834">
        <ele>1431.0</ele>
      </trkpt>
      <trkpt lat="45.19603" lon="6.45857">
        <ele>1436.7</ele>
      </trkpt>
      <trkpt lat="45.19615" lon="6.4587">
        <ele>1438.4</ele>
      </trkpt>
      <trkpt lat="45.19627" lon="6.45881">
        <ele>1438.8</ele>
      </trkpt>
      <trkpt lat="45.19643" lon="6.4589">
        <ele>1436.4</ele>
      </trkpt>
      <trkpt lat="45.19676" lon="6.45905">
        <ele>1430.5</ele>
      </trkpt>
      <trkpt lat="45.19707" lon="6.45908">
        <ele>1423.4</ele>
      </trkpt>
      <trkpt lat="45.19707" lon="6.45908">
        <ele>1423.4</ele>
      </trkpt>
      <trkpt lat="45.19736" lon="6.45912">
        <ele>1417.1</ele>
      </trkpt>
      <trkpt lat="45.19759" lon="6.45911">
        <ele>1410.2</ele>
      </trkpt>
      <trkpt lat="45.19763" lon="6.45911">
        <ele>1409.0</ele>
      </trkpt>
      <trkpt lat="45.19769" lon="6.45913">
        <ele>1408.1</ele>
      </trkpt>
      <trkpt lat="45.19825" lon="6.45958">
        <ele>1411.7</ele>
      </trkpt>
      <trkpt lat="45.19852" lon="6.45982">
        <ele>1411.6</ele>
      </trkpt>
      <trkpt lat="45.19877" lon="6.46008">
        <ele>1409.3</ele>
      </trkpt>
      <trkpt lat="45.19888" lon="6.46021">
        <ele>1406.6</ele>
      </trkpt>
      <trkpt lat="45.19898" lon="6.46036">
        <ele>1405.1</ele>
      </trkpt>
      <trkpt lat="45.19905" lon="6.4605">
        <ele>1405.1</ele>
      </trkpt>
      <trkpt lat="45.19911" lon="6.46065">
        <ele>1406.0</ele>
      </trkpt>
      <trkpt lat="45.19927" lon="6.46121">
        <ele>1403.2</ele>
      </trkpt>
      <trkpt lat="45.19935" lon="6.46153">
        <ele>1399.5</ele>
      </trkpt>
      <trkpt lat="45.19938" lon="6.46166">
        <ele>1398.0</ele>
      </trkpt>
      <trkpt lat="45.19938" lon="6.46173">
        <ele>1396.7</ele>
      </trkpt>
      <trkpt lat="45.19936" lon="6.46183">
        <ele>1395.4</ele>
      </trkpt>
      <trkpt lat="45.19915" lon="6.46203">
        <ele>1399.8</ele>
      </trkpt>
      <trkpt lat="45.19896" lon="6.46234">
        <ele>1402.0</ele>
      </trkpt>
      <trkpt lat="45.1989" lon="6.46248">
        <ele>1402.4</ele>
      </trkpt>
      <trkpt lat="45.19877" lon="6.46273">
        <ele>1403.6</ele>
      </trkpt>
      <trkpt lat="45.1987" lon="6.46295">
        <ele>1402.1</ele>
      </trkpt>
      <trkpt lat="45.19861" lon="6.46329">
        <ele>1398.7</ele>
      </trkpt>
      <trkpt lat="45.19831" lon="6.46409">
        <ele>1384.7</ele>
      </trkpt>
      <trkpt lat="45.19827" lon="6.46418">
        <ele>1381.9</ele>
      </trkpt>
      <trkpt lat="45.19822" lon="6.46425">
        <ele>1379.8</ele>
      </trkpt>
      <trkpt lat="45.19815" lon="6.46428">
        <ele>1379.2</ele>
      </trkpt>
      <trkpt lat="45.19809" lon="6.46429">
        <ele>1379.2</ele>
      </trkpt>
      <trkpt lat="45.19785" lon="6.46424">
        <ele>1381.9</ele>
      </trkpt>
      <trkpt lat="45.19776" lon="6.46424">
        <ele>1382.4</ele>
      </trkpt>
      <trkpt lat="45.19762" lon="6.46426">
        <ele>1382.4</ele>
      </trkpt>
      <trkpt lat="45.1974" lon="6.46434">
        <ele>1382.5</ele>
      </trkpt>
      <trkpt lat="45.19713" lon="6.46446">
        <ele>1384.5</ele>
      </trkpt>
      <trkpt lat="45.197" lon="6.46456">
        <ele>1384.1</ele>
      </trkpt>
      <trkpt lat="45.19694" lon="6.46462">
        <ele>1383.4</ele>
      </trkpt>
      <trkpt lat="45.19685" lon="6.46483">
        <ele>1378.5</ele>
      </trkpt>
      <trkpt lat="45.19681" lon="6.46503">
        <ele>1373.4</ele>
      </trkpt>
      <trkpt lat="45.19673" lon="6.46572">
        <ele>1363.2</ele>
      </trkpt>
      <trkpt lat="45.1967" lon="6.46586">
        <ele>1361.5</ele>
      </trkpt>
      <trkpt lat="45.19661" lon="6.46609">
        <ele>1358.4</ele>
      </trkpt>
      <trkpt lat="45.19645" lon="6.46632">
        <ele>1356.7</ele>
      </trkpt>
      <trkpt lat="45.19624" lon="6.46653">
        <ele>1356.8</ele>
      </trkpt>
      <trkpt lat="45.19611" lon="6.46662">
        <ele>1357.7</ele>
      </trkpt>
      <trkpt lat="45.19566" lon="6.46684">
        <ele>1361.7</ele>
      </trkpt>
      <trkpt lat="45.19554" lon="6.46692">
        <ele>1361.8</ele>
      </trkpt>
      <trkpt lat="45.19548" lon="6.467">
        <ele>1360.7</ele>
      </trkpt>
      <trkpt lat="45.19543" lon="6.46712">
        <ele>1358.1</ele>
      </trkpt>
      <trkpt lat="45.19535" lon="6.46743">
        <ele>1350.4</ele>
      </trkpt>
      <trkpt lat="45.19532" lon="6.46749">
        <ele>1349.2</ele>
      </trkpt>
      <trkpt lat="45.19524" lon="6.46754">
        <ele>1349.3</ele>
      </trkpt>
      <trkpt lat="45.19498" lon="6.46761">
        <ele>1352.1</ele>
      </trkpt>
      <trkpt lat="45.19487" lon="6.46767">
        <ele>1350.6</ele>
      </trkpt>
      <trkpt lat="45.19456" lon="6.4679">
        <ele>1344.7</ele>
      </trkpt>
      <trkpt lat="45.19444" lon="6.46796">
        <ele>1343.2</ele>
      </trkpt>
      <trkpt lat="45.19436" lon="6.46797">
        <ele>1342.9</ele>
      </trkpt>
      <trkpt lat="45.19387" lon="6.46799">
        <ele>1344.0</ele>
      </trkpt>
      <trkpt lat="45.19338" lon="6.46801">
        <ele>1345.9</ele>
      </trkpt>
      <trkpt lat="45.19334" lon="6.46803">
        <ele>1345.4</ele>
      </trkpt>
      <trkpt lat="45.1933" lon="6.46808">
        <ele>1345.1</ele>
      </trkpt>
      <trkpt lat="45.19328" lon="6.46813">
        <ele>1344.4</ele>
      </trkpt>
      <trkpt lat="45.19329" lon="6.46818">
        <ele>1342.5</ele>
      </trkpt>
      <trkpt lat="45.19331" lon="6.46827">
        <ele>1338.9</ele>
      </trkpt>
      <trkpt lat="45.19334" lon="6.46831">
        <ele>1336.7</ele>
      </trkpt>
      <trkpt lat="45.19336" lon="6.46832">
        <ele>1336.3</ele>
      </trkpt>
      <trkpt lat="45.1934" lon="6.46832">
        <ele>1336.2</ele>
      </trkpt>
      <trkpt lat="45.19344" lon="6.46831">
        <ele>1336.3</ele>
      </trkpt>
      <trkpt lat="45.19359" lon="6.46823">
        <ele>1338.2</ele>
      </trkpt>
      <trkpt lat="45.19364" lon="6.46822">
        <ele>1338.3</ele>
      </trkpt>
      <trkpt lat="45.19377" lon="6.46822">
        <ele>1337.7</ele>
      </trkpt>
      <trkpt lat="45.19393" lon="6.46827">
        <ele>1335.7</ele>
      </trkpt>
      <trkpt lat="45.19405" lon="6.46834">
        <ele>1333.2</ele>
      </trkpt>
      <trkpt lat="45.19419" lon="6.46845">
        <ele>1329.8</ele>
      </trkpt>
      <trkpt lat="45.19456" lon="6.4689">
        <ele>1318.6</ele>
      </trkpt>
      <trkpt lat="45.19466" lon="6.46897">
        <ele>1317.2</ele>
      </trkpt>
      <trkpt lat="45.19471" lon="6.46898">
        <ele>1317.2</ele>
      </trkpt>
      <trkpt lat="45.19478" lon="6.46898">
        <ele>1317.4</ele>
      </trkpt>
      <trkpt lat="45.19485" lon="6.46893">
        <ele>1318.9</ele>
      </trkpt>
      <trkpt lat="45.19498" lon="6.46877">
        <ele>1323.0</ele>
      </trkpt>
      <trkpt lat="45.19507" lon="6.46869">
        <ele>1323.5</ele>
      </trkpt>
      <trkpt lat="45.19544" lon="6.46843">
        <ele>1321.5</ele>
      </trkpt>
      <trkpt lat="45.19554" lon="6.46834">
        <ele>1321.2</ele>
      </trkpt>
      <trkpt lat="45.19576" lon="6.46807">
        <ele>1324.1</ele>
      </trkpt>
      <trkpt lat="45.19583" lon="6.468">
        <ele>1324.7</ele>
      </trkpt>
      <trkpt lat="45.19596" lon="6.46791">
        <ele>1323.7</ele>
      </trkpt>
      <trkpt lat="45.19655" lon="6.46757">
        <ele>1317.2</ele>
      </trkpt>
      <trkpt lat="45.19674" lon="6.46742">
        <ele>1316.4</ele>
      </trkpt>
      <trkpt lat="45.19689" lon="6.46725">
        <ele>1317.0</ele>
      </trkpt>
      <trkpt lat="45.19709" lon="6.46688">
        <ele>1321.7</ele>
      </trkpt>
      <trkpt lat="45.19715" lon="6.46685">
        <ele>1320.5</ele>
      </trkpt>
      <trkpt lat="45.19722" lon="6.46687">
        <ele>1317.4</ele>
      </trkpt>
      <trkpt lat="45.19724" lon="6.4669">
        <ele>1315.8</ele>
      </trkpt>
      <trkpt lat="45.19727" lon="6.46695">
        <ele>1313.3</ele>
      </trkpt>
      <trkpt lat="45.19728" lon="6.46701">
        <ele>1311.2</ele>
      </trkpt>
      <trkpt lat="45.19728" lon="6.46708">
        <ele>1309.1</ele>
      </trkpt>
      <trkpt lat="45.19725" lon="6.46715">
        <ele>1308.1</ele>
      </trkpt>
      <trkpt lat="45.19714" lon="6.46726">
        <ele>1308.5</ele>
      </trkpt>
      <trkpt lat="45.19707" lon="6.46736">
        <ele>1307.7</ele>
      </trkpt>
      <trkpt lat="45.19698" lon="6.46753">
        <ele>1305.5</ele>
      </trkpt>
      <trkpt lat="45.1969" lon="6.46767">
        <ele>1304.2</ele>
      </trkpt>
      <trkpt lat="45.1964" lon="6.46824">
        <ele>1302.0</ele>
      </trkpt>
      <trkpt lat="45.19629" lon="6.46834">
        <ele>1302.3</ele>
      </trkpt>
      <trkpt lat="45.19619" lon="6.4684">
        <ele>1303.8</ele>
      </trkpt>
      <trkpt lat="45.19603" lon="6.46838">
        <ele>1308.6</ele>
      </trkpt>
      <trkpt lat="45.19598" lon="6.46839">
        <ele>1309.8</ele>
      </trkpt>
      <trkpt lat="45.19594" lon="6.46844">
        <ele>1310.0</ele>
      </trkpt>
      <trkpt lat="45.19592" lon="6.4685">
        <ele>1309.3</ele>
      </trkpt>
      <trkpt lat="45.19591" lon="6.46857">
        <ele>1308.3</ele>
      </trkpt>
      <trkpt lat="45.19592" lon="6.46864">
        <ele>1306.6</ele>
      </trkpt>
      <trkpt lat="45.19595" lon="6.46869">
        <ele>1304.8</ele>
      </trkpt>
      <trkpt lat="45.19599" lon="6.46874">
        <ele>1302.6</ele>
      </trkpt>
      <trkpt lat="45.19603" lon="6.46876">
        <ele>1301.0</ele>
      </trkpt>
      <trkpt lat="45.19609" lon="6.46876">
        <ele>1299.2</ele>
      </trkpt>
      <trkpt lat="45.19615" lon="6.46872">
        <ele>1298.3</ele>
      </trkpt>
      <trkpt lat="45.19621" lon="6.46865">
        <ele>1298.0</ele>
      </trkpt>
      <trkpt lat="45.19631" lon="6.46856">
        <ele>1297.0</ele>
      </trkpt>
      <trkpt lat="45.19644" lon="6.46848">
        <ele>1295.1</ele>
      </trkpt>
      <trkpt lat="45.1966" lon="6.46842">
        <ele>1291.9</ele>
      </trkpt>
      <trkpt lat="45.19672" lon="6.46838">
        <ele>1289.7</ele>
      </trkpt>
      <trkpt lat="45.19716" lon="6.46833">
        <ele>1280.8</ele>
      </trkpt>
      <trkpt lat="45.1973" lon="6.46828">
        <ele>1278.8</ele>
      </trkpt>
      <trkpt lat="45.19736" lon="6.46823">
        <ele>1278.4</ele>
      </trkpt>
      <trkpt lat="45.19743" lon="6.46816">
        <ele>1278.3</ele>
      </trkpt>
      <trkpt lat="45.19793" lon="6.46744">
        <ele>1278.0</ele>
      </trkpt>
      <trkpt lat="45.19807" lon="6.46728">
        <ele>1279.0</ele>
      </trkpt>
      <trkpt lat="45.19828" lon="6.46711">
        <ele>1279.0</ele>
      </trkpt>
      <trkpt lat="45.19838" lon="6.46704">
        <ele>1279.5</ele>
      </trkpt>
      <trkpt lat="45.19848" lon="6.46699">
        <ele>1280.0</ele>
      </trkpt>
      <trkpt lat="45.19859" lon="6.46697">
        <ele>1279.2</ele>
      </trkpt>
      <trkpt lat="45.19876" lon="6.46698">
        <ele>1276.5</ele>
      </trkpt>
      <trkpt lat="45.19892" lon="6.467">
        <ele>1273.6</ele>
      </trkpt>
      <trkpt lat="45.19906" lon="6.467">
        <ele>1271.7</ele>
      </trkpt>
      <trkpt lat="45.19927" lon="6.46692">
        <ele>1270.6</ele>
      </trkpt>
      <trkpt lat="45.19935" lon="6.46687">
        <ele>1270.6</ele>
      </trkpt>
      <trkpt lat="45.19941" lon="6.46686">
        <ele>1269.6</ele>
      </trkpt>
      <trkpt lat="45.19947" lon="6.46687">
        <ele>1268.0</ele>
      </trkpt>
      <trkpt lat="45.19951" lon="6.46692">
        <ele>1265.6</ele>
      </trkpt>
      <trkpt lat="45.19953" lon="6.46697">
        <ele>1263.6</ele>
      </trkpt>
      <trkpt lat="45.19953" lon="6.46703">
        <ele>1261.8</ele>
      </trkpt>
      <trkpt lat="45.19952" lon="6.46711">
        <ele>1259.5</ele>
      </trkpt>
      <trkpt lat="45.1995" lon="6.46714">
        <ele>1258.9</ele>
      </trkpt>
      <trkpt lat="45.19946" lon="6.46718">
        <ele>1258.5</ele>
      </trkpt>
      <trkpt lat="45.19936" lon="6.4672">
        <ele>1259.8</ele>
      </trkpt>
      <trkpt lat="45.19897" lon="6.46726">
        <ele>1264.2</ele>
      </trkpt>
      <trkpt lat="45.19878" lon="6.46731">
        <ele>1264.8</ele>
      </trkpt>
      <trkpt lat="45.19854" lon="6.4674">
        <ele>1264.4</ele>
      </trkpt>
      <trkpt lat="45.19846" lon="6.46746">
        <ele>1263.1</ele>
      </trkpt>
      <trkpt lat="45.19838" lon="6.46757">
        <ele>1260.6</ele>
      </trkpt>
      <trkpt lat="45.19825" lon="6.46778">
        <ele>1258.5</ele>
      </trkpt>
      <trkpt lat="45.19812" lon="6.46803">
        <ele>1256.7</ele>
      </trkpt>
      <trkpt lat="45.19791" lon="6.46852">
        <ele>1253.4</ele>
      </trkpt>
      <trkpt lat="45.19786" lon="6.46866">
        <ele>1252.3</ele>
      </trkpt>
      <trkpt lat="45.19783" lon="6.46876">
        <ele>1251.2</ele>
      </trkpt>
      <trkpt lat="45.19774" lon="6.46914">
        <ele>1245.7</ele>
      </trkpt>
      <trkpt lat="45.19767" lon="6.46935">
        <ele>1242.8</ele>
      </trkpt>
      <trkpt lat="45.19768" lon="6.46945">
        <ele>1240.1</ele>
      </trkpt>
      <trkpt lat="45.19769" lon="6.46948">
        <ele>1239.1</ele>
      </trkpt>
      <trkpt lat="45.19772" lon="6.46953">
        <ele>1237.2</ele>
      </trkpt>
      <trkpt lat="45.19776" lon="6.46956">
        <ele>1235.5</ele>
      </trkpt>
      <trkpt lat="45.19783" lon="6.46955">
        <ele>1233.9</ele>
      </trkpt>
      <trkpt lat="45.19787" lon="6.46952">
        <ele>1233.6</ele>
      </trkpt>
      <trkpt lat="45.19789" lon="6.46949">
        <ele>1233.7</ele>
      </trkpt>
      <trkpt lat="45.19791" lon="6.46945">
        <ele>1234.1</ele>
      </trkpt>
      <trkpt lat="45.19791" lon="6.46941">
        <ele>1234.9</ele>
      </trkpt>
      <trkpt lat="45.19792" lon="6.4692">
        <ele>1239.2</ele>
      </trkpt>
      <trkpt lat="45.19793" lon="6.4691">
        <ele>1241.0</ele>
      </trkpt>
      <trkpt lat="45.19796" lon="6.46898">
        <ele>1242.5</ele>
      </trkpt>
      <trkpt lat="45.19802" lon="6.46878">
        <ele>1244.5</ele>
      </trkpt>
      <trkpt lat="45.1983" lon="6.46826">
        <ele>1244.2</ele>
      </trkpt>
      <trkpt lat="45.19842" lon="6.46811">
        <ele>1245.3</ele>
      </trkpt>
      <trkpt lat="45.19848" lon="6.46807">
        <ele>1245.3</ele>
      </trkpt>
      <trkpt lat="45.19856" lon="6.46804">
        <ele>1244.7</ele>
      </trkpt>
      <trkpt lat="45.19866" lon="6.46804">
        <ele>1242.9</ele>
      </trkpt>
      <trkpt lat="45.19901" lon="6.46818">
        <ele>1231.8</ele>
      </trkpt>
      <trkpt lat="45.19908" lon="6.46819">
        <ele>1230.0</ele>
      </trkpt>
      <trkpt lat="45.19915" lon="6.46819">
        <ele>1228.7</ele>
      </trkpt>
      <trkpt lat="45.19924" lon="6.46815">
        <ele>1227.8</ele>
      </trkpt>
      <trkpt lat="45.19954" lon="6.46792">
        <ele>1229.2</ele>
      </trkpt>
      <trkpt lat="45.2002" lon="6.46761">
        <ele>1226.3</ele>
      </trkpt>
      <trkpt lat="45.2005" lon="6.46753">
        <ele>1220.4</ele>
      </trkpt>
      <trkpt lat="45.20074" lon="6.46751">
        <ele>1213.6</ele>
      </trkpt>
      <trkpt lat="45.20084" lon="6.46747">
        <ele>1211.9</ele>
      </trkpt>
      <trkpt lat="45.20092" lon="6.46742">
        <ele>1210.8</ele>
      </trkpt>
      <trkpt lat="45.20105" lon="6.46728">
        <ele>1210.8</ele>
      </trkpt>
      <trkpt lat="45.20129" lon="6.46702">
        <ele>1209.9</ele>
      </trkpt>
      <trkpt lat="45.20155" lon="6.46668">
        <ele>1209.1</ele>
      </trkpt>
      <trkpt lat="45.20167" lon="6.46645">
        <ele>1206.5</ele>
      </trkpt>
      <trkpt lat="45.20172" lon="6.46634">
        <ele>1205.6</ele>
      </trkpt>
      <trkpt lat="45.20173" lon="6.46627">
        <ele>1205.9</ele>
      </trkpt>
      <trkpt lat="45.20175" lon="6.46605">
        <ele>1207.7</ele>
      </trkpt>
      <trkpt lat="45.20182" lon="6.46549">
        <ele>1208.7</ele>
      </trkpt>
      <trkpt lat="45.20185" lon="6.46538">
        <ele>1207.8</ele>
      </trkpt>
      <trkpt lat="45.20192" lon="6.46517">
        <ele>1205.5</ele>
      </trkpt>
      <trkpt lat="45.202" lon="6.46497">
        <ele>1202.8</ele>
      </trkpt>
      <trkpt lat="45.20234" lon="6.46435">
        <ele>1194.0</ele>
      </trkpt>
      <trkpt lat="45.20268" lon="6.46373">
        <ele>1194.1</ele>
      </trkpt>
      <trkpt lat="45.20274" lon="6.46364">
        <ele>1194.3</ele>
      </trkpt>
      <trkpt lat="45.2028" lon="6.46358">
        <ele>1193.7</ele>
      </trkpt>
      <trkpt lat="45.20294" lon="6.46344">
        <ele>1192.0</ele>
      </trkpt>
      <trkpt lat="45.2034" lon="6.4632">
        <ele>1177.1</ele>
      </trkpt>
      <trkpt lat="45.20346" lon="6.46315">
        <ele>1174.2</ele>
      </trkpt>
      <trkpt lat="45.20352" lon="6.46306">
        <ele>1172.0</ele>
      </trkpt>
      <trkpt lat="45.20354" lon="6.463">
        <ele>1171.7</ele>
      </trkpt>
      <trkpt lat="45.20356" lon="6.4629">
        <ele>1172.0</ele>
      </trkpt>
      <trkpt lat="45.20357" lon="6.46282">
        <ele>1172.6</ele>
      </trkpt>
      <trkpt lat="45.20353" lon="6.46233">
        <ele>1179.2</ele>
      </trkpt>
      <trkpt lat="45.2035" lon="6.46211">
        <ele>1179.8</ele>
      </trkpt>
      <trkpt lat="45.20348" lon="6.46192">
        <ele>1180.0</ele>
      </trkpt>
      <trkpt lat="45.20347" lon="6.46144">
        <ele>1175.6</ele>
      </trkpt>
      <trkpt lat="45.20346" lon="6.46137">
        <ele>1175.0</ele>
      </trkpt>
      <trkpt lat="45.20341" lon="6.4612">
        <ele>1174.7</ele>
      </trkpt>
      <trkpt lat="45.20341" lon="6.4612">
        <ele>1174.7</ele>
      </trkpt>
      <trkpt lat="45.20324" lon="6.46083">
        <ele>1175.9</ele>
      </trkpt>
      <trkpt lat="45.20321" lon="6.4607">
        <ele>1174.6</ele>
      </trkpt>
      <trkpt lat="45.20319" lon="6.46057">
        <ele>1173.0</ele>
      </trkpt>
      <trkpt lat="45.2032" lon="6.46023">
        <ele>1166.0</ele>
      </trkpt>
      <trkpt lat="45.20319" lon="6.46004">
        <ele>1162.8</ele>
      </trkpt>
      <trkpt lat="45.20316" lon="6.45984">
        <ele>1160.1</ele>
      </trkpt>
      <trkpt lat="45.20311" lon="6.45963">
        <ele>1158.2</ele>
      </trkpt>
      <trkpt lat="45.20307" lon="6.45952">
        <ele>1157.8</ele>
      </trkpt>
      <trkpt lat="45.20296" lon="6.45931">
        <ele>1158.7</ele>
      </trkpt>
      <trkpt lat="45.20273" lon="6.45896">
        <ele>1159.7</ele>
      </trkpt>
      <trkpt lat="45.20257" lon="6.45869">
        <ele>1157.9</ele>
      </trkpt>
      <trkpt lat="45.20252" lon="6.45859">
        <ele>1156.7</ele>
      </trkpt>
      <trkpt lat="45.20245" lon="6.45846">
        <ele>1156.0</ele>
      </trkpt>
      <trkpt lat="45.20235" lon="6.45814">
        <ele>1151.1</ele>
      </trkpt>
      <trkpt lat="45.20232" lon="6.45805">
        <ele>1149.8</ele>
      </trkpt>
      <trkpt lat="45.20222" lon="6.45788">
        <ele>1149.1</ele>
      </trkpt>
      <trkpt lat="45.20211" lon="6.45774">
        <ele>1149.3</ele>
      </trkpt>
      <trkpt lat="45.20203" lon="6.45766">
        <ele>1150.0</ele>
      </trkpt>
      <trkpt lat="45.20175" lon="6.45747">
        <ele>1154.8</ele>
      </trkpt>
      <trkpt lat="45.20165" lon="6.45737">
        <ele>1156.2</ele>
      </trkpt>
      <trkpt lat="45.20133" lon="6.45693">
        <ele>1159.6</ele>
      </trkpt>
      <trkpt lat="45.20125" lon="6.45679">
        <ele>1156.1</ele>
      </trkpt>
      <trkpt lat="45.20122" lon="6.45667">
        <ele>1153.7</ele>
      </trkpt>
      <trkpt lat="45.20124" lon="6.45655">
        <ele>1151.3</ele>
      </trkpt>
      <trkpt lat="45.20129" lon="6.45646">
        <ele>1149.2</ele>
      </trkpt>
      <trkpt lat="45.20132" lon="6.45643">
        <ele>1148.2</ele>
      </trkpt>
      <trkpt lat="45.20136" lon="6.45641">
        <ele>1147.0</ele>
      </trkpt>
      <trkpt lat="45.20167" lon="6.4564">
        <ele>1138.7</ele>
      </trkpt>
      <trkpt lat="45.20178" lon="6.45639">
        <ele>1134.5</ele>
      </trkpt>
      <trkpt lat="45.20185" lon="6.45637">
        <ele>1131.9</ele>
      </trkpt>
      <trkpt lat="45.20195" lon="6.45631">
        <ele>1128.3</ele>
      </trkpt>
      <trkpt lat="45.202" lon="6.45626">
        <ele>1126.5</ele>
      </trkpt>
      <trkpt lat="45.20202" lon="6.45622">
        <ele>1125.8</ele>
      </trkpt>
      <trkpt lat="45.20205" lon="6.45614">
        <ele>1124.7</ele>
      </trkpt>
      <trkpt lat="45.20205" lon="6.45604">
        <ele>1125.0</ele>
      </trkpt>
      <trkpt lat="45.2019" lon="6.45571">
        <ele>1133.1</ele>
      </trkpt>
      <trkpt lat="45.20186" lon="6.45559">
        <ele>1134.9</ele>
      </trkpt>
      <trkpt lat="45.20181" lon="6.4552">
        <ele>1136.5</ele>
      </trkpt>
      <trkpt lat="45.2018" lon="6.45506">
        <ele>1136.7</ele>
      </trkpt>
      <trkpt lat="45.20182" lon="6.45496">
        <ele>1136.1</ele>
      </trkpt>
      <trkpt lat="45.20184" lon="6.45492">
        <ele>1135.7</ele>
      </trkpt>
      <trkpt lat="45.20189" lon="6.45484">
        <ele>1134.4</ele>
      </trkpt>
      <trkpt lat="45.20192" lon="6.45481">
        <ele>1133.5</ele>
      </trkpt>
      <trkpt lat="45.20199" lon="6.45478">
        <ele>1131.1</ele>
      </trkpt>
      <trkpt lat="45.20221" lon="6.45478">
        <ele>1122.4</ele>
      </trkpt>
      <trkpt lat="45.20234" lon="6.45473">
        <ele>1117.8</ele>
      </trkpt>
      <trkpt lat="45.20239" lon="6.4547">
        <ele>1116.3</ele>
      </trkpt>
      <trkpt lat="45.2027" lon="6.45434">
        <ele>1111.7</ele>
      </trkpt>
      <trkpt lat="45.20277" lon="6.45424">
        <ele>1111.3</ele>
      </trkpt>
      <trkpt lat="45.20288" lon="6.45404">
        <ele>1111.5</ele>
      </trkpt>
      <trkpt lat="45.20293" lon="6.454">
        <ele>1110.9</ele>
      </trkpt>
      <trkpt lat="45.20299" lon="6.45399">
        <ele>1109.5</ele>
      </trkpt>
      <trkpt lat="45.20302" lon="6.454">
        <ele>1108.6</ele>
      </trkpt>
      <trkpt lat="45.20306" lon="6.45404">
        <ele>1106.9</ele>
      </trkpt>
      <trkpt lat="45.2031" lon="6.4541">
        <ele>1104.9</ele>
      </trkpt>
      <trkpt lat="45.20311" lon="6.45419">
        <ele>1103.3</ele>
      </trkpt>
      <trkpt lat="45.2031" lon="6.45423">
        <ele>1103.1</ele>
      </trkpt>
      <trkpt lat="45.20307" lon="6.45432">
        <ele>1102.7</ele>
      </trkpt>
      <trkpt lat="45.20287" lon="6.45453">
        <ele>1105.1</ele>
      </trkpt>
      <trkpt lat="45.20274" lon="6.45469">
        <ele>1106.2</ele>
      </trkpt>
      <trkpt lat="45.20258" lon="6.45491">
        <ele>1107.3</ele>
      </trkpt>
      <trkpt lat="45.20235" lon="6.4552">
        <ele>1113.3</ele>
      </trkpt>
      <trkpt lat="45.2023" lon="6.45529">
        <ele>1115.1</ele>
      </trkpt>
      <trkpt lat="45.2023" lon="6.45534">
        <ele>1114.9</ele>
      </trkpt>
      <trkpt lat="45.20231" lon="6.45544">
        <ele>1114.1</ele>
      </trkpt>
      <trkpt lat="45.20235" lon="6.45551">
        <ele>1111.9</ele>
      </trkpt>
      <trkpt lat="45.2024" lon="6.45557">
        <ele>1109.3</ele>
      </trkpt>
      <trkpt lat="45.2025" lon="6.45562">
        <ele>1104.3</ele>
      </trkpt>
      <trkpt lat="45.20258" lon="6.45564">
        <ele>1102.5</ele>
      </trkpt>
      <trkpt lat="45.20265" lon="6.45562">
        <ele>1101.1</ele>
      </trkpt>
      <trkpt lat="45.20273" lon="6.45557">
        <ele>1099.6</ele>
      </trkpt>
      <trkpt lat="45.20303" lon="6.45528">
        <ele>1094.2</ele>
      </trkpt>
      <trkpt lat="45.20315" lon="6.45515">
        <ele>1091.9</ele>
      </trkpt>
      <trkpt lat="45.20329" lon="6.45493">
        <ele>1089.9</ele>
      </trkpt>
      <trkpt lat="45.20356" lon="6.45439">
        <ele>1089.3</ele>
      </trkpt>
      <trkpt lat="45.20361" lon="6.45427">
        <ele>1089.2</ele>
      </trkpt>
      <trkpt lat="45.20367" lon="6.45402">
        <ele>1090.8</ele>
      </trkpt>
      <trkpt lat="45.20374" lon="6.45362">
        <ele>1094.3</ele>
      </trkpt>
      <trkpt lat="45.20377" lon="6.45347">
        <ele>1095.5</ele>
      </trkpt>
      <trkpt lat="45.20383" lon="6.45335">
        <ele>1095.3</ele>
      </trkpt>
      <trkpt lat="45.20388" lon="6.45329">
        <ele>1095.1</ele>
      </trkpt>
      <trkpt lat="45.20393" lon="6.45325">
        <ele>1094.7</ele>
      </trkpt>
      <trkpt lat="45.204" lon="6.45322">
        <ele>1093.4</ele>
      </trkpt>
      <trkpt lat="45.20417" lon="6.45317">
        <ele>1089.8</ele>
      </trkpt>
      <trkpt lat="45.20438" lon="6.45316">
        <ele>1086.8</ele>
      </trkpt>
      <trkpt lat="45.20491" lon="6.45319">
        <ele>1077.3</ele>
      </trkpt>
      <trkpt lat="45.2054" lon="6.45318">
        <ele>1071.7</ele>
      </trkpt>
      <trkpt lat="45.20557" lon="6.45319">
        <ele>1069.4</ele>
      </trkpt>
      <trkpt lat="45.20581" lon="6.45323">
        <ele>1064.9</ele>
      </trkpt>
      <trkpt lat="45.20591" lon="6.45326">
        <ele>1063.0</ele>
      </trkpt>
      <trkpt lat="45.20628" lon="6.4534">
        <ele>1057.0</ele>
      </trkpt>
      <trkpt lat="45.20644" lon="6.45343">
        <ele>1055.7</ele>
      </trkpt>
      <trkpt lat="45.2068" lon="6.45342">
        <ele>1054.3</ele>
      </trkpt>
      <trkpt lat="45.20706" lon="6.45337">
        <ele>1053.6</ele>
      </trkpt>
      <trkpt lat="45.2072" lon="6.45336">
        <ele>1052.7</ele>
      </trkpt>
      <trkpt lat="45.2075" lon="6.45339">
        <ele>1049.2</ele>
      </trkpt>
      <trkpt lat="45.20766" lon="6.45343">
        <ele>1051.6</ele>
      </trkpt>
      <trkpt lat="45.20777" lon="6.45349">
        <ele>1052.1</ele>
      </trkpt>
      <trkpt lat="45.20786" lon="6.45357">
        <ele>1051.5</ele>
      </trkpt>
      <trkpt lat="45.2079" lon="6.45362">
        <ele>1050.7</ele>
      </trkpt>
      <trkpt lat="45.20798" lon="6.45376">
        <ele>1047.7</ele>
      </trkpt>
      <trkpt lat="45.20815" lon="6.45414">
        <ele>1038.4</ele>
      </trkpt>
      <trkpt lat="45.20825" lon="6.45436">
        <ele>1035.0</ele>
      </trkpt>
      <trkpt lat="45.20856" lon="6.45494">
        <ele>1024.9</ele>
      </trkpt>
      <trkpt lat="45.20868" lon="6.45521">
        <ele>1020.5</ele>
      </trkpt>
      <trkpt lat="45.20877" lon="6.45546">
        <ele>1017.0</ele>
      </trkpt>
      <trkpt lat="45.20886" lon="6.4558">
        <ele>1012.7</ele>
      </trkpt>
      <trkpt lat="45.2089" lon="6.45589">
        <ele>1011.6</ele>
      </trkpt>
      <trkpt lat="45.20893" lon="6.45595">
        <ele>1010.8</ele>
      </trkpt>
      <trkpt lat="45.20899" lon="6.45603">
        <ele>1010.1</ele>
      </trkpt>
      <trkpt lat="45.20908" lon="6.45608">
        <ele>1010.5</ele>
      </trkpt>
      <trkpt lat="45.20932" lon="6.45613">
        <ele>1008.0</ele>
      </trkpt>
      <trkpt lat="45.20937" lon="6.45613">
        <ele>1007.1</ele>
      </trkpt>
      <trkpt lat="45.20943" lon="6.45612">
        <ele>1006.1</ele>
      </trkpt>
      <trkpt lat="45.20946" lon="6.4561">
        <ele>1005.9</ele>
      </trkpt>
      <trkpt lat="45.2095" lon="6.45604">
        <ele>1006.1</ele>
      </trkpt>
      <trkpt lat="45.20953" lon="6.45595">
        <ele>1007.0</ele>
      </trkpt>
      <trkpt lat="45.20955" lon="6.45554">
        <ele>1011.9</ele>
      </trkpt>
      <trkpt lat="45.20957" lon="6.45544">
        <ele>1012.6</ele>
      </trkpt>
      <trkpt lat="45.20962" lon="6.4553">
        <ele>1013.0</ele>
      </trkpt>
      <trkpt lat="45.20969" lon="6.45518">
        <ele>1012.7</ele>
      </trkpt>
      <trkpt lat="45.20981" lon="6.45506">
        <ele>1011.1</ele>
      </trkpt>
      <trkpt lat="45.20996" lon="6.45494">
        <ele>1009.4</ele>
      </trkpt>
      <trkpt lat="45.21004" lon="6.45485">
        <ele>1009.7</ele>
      </trkpt>
      <trkpt lat="45.2101" lon="6.45473">
        <ele>1011.4</ele>
      </trkpt>
      <trkpt lat="45.21017" lon="6.45453">
        <ele>1015.0</ele>
      </trkpt>
      <trkpt lat="45.21022" lon="6.45447">
        <ele>1015.6</ele>
      </trkpt>
      <trkpt lat="45.21027" lon="6.45444">
        <ele>1015.5</ele>
      </trkpt>
      <trkpt lat="45.21031" lon="6.45444">
        <ele>1014.7</ele>
      </trkpt>
      <trkpt lat="45.21034" lon="6.45445">
        <ele>1013.9</ele>
      </trkpt>
      <trkpt lat="45.21038" lon="6.45449">
        <ele>1012.1</ele>
      </trkpt>
      <trkpt lat="45.2104" lon="6.45454">
        <ele>1010.3</ele>
      </trkpt>
      <trkpt lat="45.21042" lon="6.45462">
        <ele>1007.6</ele>
      </trkpt>
      <trkpt lat="45.21041" lon="6.4547">
        <ele>1005.6</ele>
      </trkpt>
      <trkpt lat="45.21038" lon="6.45476">
        <ele>1004.6</ele>
      </trkpt>
      <trkpt lat="45.21027" lon="6.45496">
        <ele>1001.6</ele>
      </trkpt>
      <trkpt lat="45.21018" lon="6.45518">
        <ele>1000.4</ele>
      </trkpt>
      <trkpt lat="45.21007" lon="6.45547">
        <ele>999.6</ele>
      </trkpt>
      <trkpt lat="45.21005" lon="6.45556">
        <ele>999.0</ele>
      </trkpt>
      <trkpt lat="45.21002" lon="6.45576">
        <ele>997.4</ele>
      </trkpt>
      <trkpt lat="45.21001" lon="6.45587">
        <ele>996.5</ele>
      </trkpt>
      <trkpt lat="45.21002" lon="6.45599">
        <ele>995.5</ele>
      </trkpt>
      <trkpt lat="45.21009" lon="6.45631">
        <ele>991.6</ele>
      </trkpt>
      <trkpt lat="45.21018" lon="6.45661">
        <ele>987.2</ele>
      </trkpt>
      <trkpt lat="45.21023" lon="6.45672">
        <ele>984.7</ele>
      </trkpt>
      <trkpt lat="45.21031" lon="6.45685">
        <ele>981.1</ele>
      </trkpt>
      <trkpt lat="45.21057" lon="6.45724">
        <ele>973.5</ele>
      </trkpt>
      <trkpt lat="45.2107" lon="6.45742">
        <ele>971.8</ele>
      </trkpt>
      <trkpt lat="45.21074" lon="6.4575">
        <ele>971.6</ele>
      </trkpt>
      <trkpt lat="45.21075" lon="6.45756">
        <ele>970.7</ele>
      </trkpt>
      <trkpt lat="45.21074" lon="6.45763">
        <ele>969.8</ele>
      </trkpt>
      <trkpt lat="45.2107" lon="6.45768">
        <ele>969.2</ele>
      </trkpt>
      <trkpt lat="45.21067" lon="6.4577">
        <ele>969.0</ele>
      </trkpt>
      <trkpt lat="45.21061" lon="6.45769">
        <ele>969.3</ele>
      </trkpt>
      <trkpt lat="45.21034" lon="6.45749">
        <ele>974.1</ele>
      </trkpt>
      <trkpt lat="45.21023" lon="6.45746">
        <ele>975.1</ele>
      </trkpt>
      <trkpt lat="45.20986" lon="6.45746">
        <ele>976.5</ele>
      </trkpt>
      <trkpt lat="45.2098" lon="6.45747">
        <ele>976.2</ele>
      </trkpt>
      <trkpt lat="45.20974" lon="6.45749">
        <ele>975.6</ele>
      </trkpt>
      <trkpt lat="45.20964" lon="6.45755">
        <ele>973.7</ele>
      </trkpt>
      <trkpt lat="45.20938" lon="6.45779">
        <ele>965.7</ele>
      </trkpt>
      <trkpt lat="45.20925" lon="6.45788">
        <ele>962.5</ele>
      </trkpt>
      <trkpt lat="45.20915" lon="6.4579">
        <ele>961.4</ele>
      </trkpt>
      <trkpt lat="45.20904" lon="6.45789">
        <ele>961.3</ele>
      </trkpt>
      <trkpt lat="45.20885" lon="6.45784">
        <ele>961.9</ele>
      </trkpt>
      <trkpt lat="45.20874" lon="6.45783">
        <ele>961.6</ele>
      </trkpt>
      <trkpt lat="45.20865" lon="6.45784">
        <ele>960.9</ele>
      </trkpt>
      <trkpt lat="45.20859" lon="6.45786">
        <ele>960.1</ele>
      </trkpt>
      <trkpt lat="45.20842" lon="6.45794">
        <ele>957.3</ele>
      </trkpt>
      <trkpt lat="45.20835" lon="6.45795">
        <ele>956.7</ele>
      </trkpt>
      <trkpt lat="45.20786" lon="6.45796">
        <ele>961.2</ele>
      </trkpt>
      <trkpt lat="45.20778" lon="6.45799">
        <ele>961.4</ele>
      </trkpt>
      <trkpt lat="45.20772" lon="6.45806">
        <ele>960.8</ele>
      </trkpt>
      <trkpt lat="45.20769" lon="6.45811">
        <ele>960.2</ele>
      </trkpt>
      <trkpt lat="45.20758" lon="6.45841">
        <ele>956.8</ele>
      </trkpt>
      <trkpt lat="45.2072" lon="6.45931">
        <ele>957.3</ele>
      </trkpt>
      <trkpt lat="45.20715" lon="6.45947">
        <ele>958.5</ele>
      </trkpt>
      <trkpt lat="45.20714" lon="6.45961">
        <ele>958.3</ele>
      </trkpt>
      <trkpt lat="45.20714" lon="6.45969">
        <ele>958.0</ele>
      </trkpt>
      <trkpt lat="45.20719" lon="6.45982">
        <ele>955.2</ele>
      </trkpt>
      <trkpt lat="45.2072" lon="6.45984">
        <ele>954.6</ele>
      </trkpt>
      <trkpt lat="45.2072" lon="6.45984">
        <ele>954.6</ele>
      </trkpt>
      <trkpt lat="45.20732" lon="6.45998">
        <ele>948.0</ele>
      </trkpt>
      <trkpt lat="45.20743" lon="6.46008">
        <ele>943.2</ele>
      </trkpt>
      <trkpt lat="45.20746" lon="6.46013">
        <ele>942.1</ele>
      </trkpt>
      <trkpt lat="45.20749" lon="6.4602">
        <ele>941.0</ele>
      </trkpt>
      <trkpt lat="45.20751" lon="6.46055">
        <ele>942.6</ele>
      </trkpt>
      <trkpt lat="45.20753" lon="6.46063">
        <ele>942.3</ele>
      </trkpt>
      <trkpt lat="45.20756" lon="6.46071">
        <ele>941.6</ele>
      </trkpt>
      <trkpt lat="45.20766" lon="6.46097">
        <ele>939.0</ele>
      </trkpt>
      <trkpt lat="45.20768" lon="6.46105">
        <ele>938.7</ele>
      </trkpt>
      <trkpt lat="45.20775" lon="6.46157">
        <ele>939.3</ele>
      </trkpt>
      <trkpt lat="45.20778" lon="6.46168">
        <ele>938.2</ele>
      </trkpt>
      <trkpt lat="45.20782" lon="6.46176">
        <ele>936.0</ele>
      </trkpt>
      <trkpt lat="45.20797" lon="6.46202">
        <ele>927.8</ele>
      </trkpt>
      <trkpt lat="45.20801" lon="6.46213">
        <ele>925.8</ele>
      </trkpt>
      <trkpt lat="45.20803" lon="6.46226">
        <ele>925.0</ele>
      </trkpt>
      <trkpt lat="45.20803" lon="6.46236">
        <ele>925.3</ele>
      </trkpt>
      <trkpt lat="45.208" lon="6.46299">
        <ele>923.6</ele>
      </trkpt>
      <trkpt lat="45.20798" lon="6.46312">
        <ele>923.5</ele>
      </trkpt>
      <trkpt lat="45.20785" lon="6.4635">
        <ele>926.6</ele>
      </trkpt>
      <trkpt lat="45.20783" lon="6.46364">
        <ele>926.8</ele>
      </trkpt>
      <trkpt lat="45.20784" lon="6.46373">
        <ele>926.0</ele>
      </trkpt>
      <trkpt lat="45.20786" lon="6.46381">
        <ele>924.9</ele>
      </trkpt>
      <trkpt lat="45.20797" lon="6.46394">
        <ele>920.4</ele>
      </trkpt>
      <trkpt lat="45.20802" lon="6.46397">
        <ele>918.4</ele>
      </trkpt>
      <trkpt lat="45.20847" lon="6.46413">
        <ele>904.6</ele>
      </trkpt>
      <trkpt lat="45.20859" lon="6.46421">
        <ele>902.3</ele>
      </trkpt>
      <trkpt lat="45.20864" lon="6.46429">
        <ele>901.2</ele>
      </trkpt>
      <trkpt lat="45.20867" lon="6.46441">
        <ele>900.4</ele>
      </trkpt>
      <trkpt lat="45.20868" lon="6.46452">
        <ele>899.9</ele>
      </trkpt>
      <trkpt lat="45.20868" lon="6.46522">
        <ele>899.1</ele>
      </trkpt>
      <trkpt lat="45.20869" lon="6.46532">
        <ele>898.9</ele>
      </trkpt>
      <trkpt lat="45.20871" lon="6.46543">
        <ele>898.3</ele>
      </trkpt>
      <trkpt lat="45.20877" lon="6.46562">
        <ele>896.3</ele>
      </trkpt>
      <trkpt lat="45.20879" lon="6.46571">
        <ele>895.5</ele>
      </trkpt>
      <trkpt lat="45.20879" lon="6.46578">
        <ele>895.5</ele>
      </trkpt>
      <trkpt lat="45.20879" lon="6.46586">
        <ele>895.4</ele>
      </trkpt>
      <trkpt lat="45.20878" lon="6.46596">
        <ele>895.3</ele>
      </trkpt>
      <trkpt lat="45.20874" lon="6.46619">
        <ele>896.1</ele>
      </trkpt>
      <trkpt lat="45.20873" lon="6.46628">
        <ele>896.3</ele>
      </trkpt>
      <trkpt lat="45.20874" lon="6.46644">
        <ele>895.3</ele>
      </trkpt>
      <trkpt lat="45.20878" lon="6.46662">
        <ele>892.7</ele>
      </trkpt>
      <trkpt lat="45.20891" lon="6.46703">
        <ele>882.7</ele>
      </trkpt>
      <trkpt lat="45.20892" lon="6.46711">
        <ele>881.4</ele>
      </trkpt>
      <trkpt lat="45.20893" lon="6.46725">
        <ele>879.7</ele>
      </trkpt>
      <trkpt lat="45.2089" lon="6.46737">
        <ele>879.6</ele>
      </trkpt>
      <trkpt lat="45.20887" lon="6.46743">
        <ele>880.1</ele>
      </trkpt>
      <trkpt lat="45.20873" lon="6.46767">
        <ele>881.0</ele>
      </trkpt>
      <trkpt lat="45.20869" lon="6.46775">
        <ele>880.7</ele>
      </trkpt>
      <trkpt lat="45.20863" lon="6.46792">
        <ele>879.2</ele>
      </trkpt>
      <trkpt lat="45.2086" lon="6.46809">
        <ele>876.6</ele>
      </trkpt>
      <trkpt lat="45.20854" lon="6.46824">
        <ele>875.0</ele>
      </trkpt>
      <trkpt lat="45.20844" lon="6.46839">
        <ele>874.2</ele>
      </trkpt>
      <trkpt lat="45.20779" lon="6.46907">
        <ele>876.2</ele>
      </trkpt>
      <trkpt lat="45.20774" lon="6.46919">
        <ele>874.4</ele>
      </trkpt>
      <trkpt lat="45.20774" lon="6.46927">
        <ele>872.6</ele>
      </trkpt>
      <trkpt lat="45.20776" lon="6.46936">
        <ele>870.0</ele>
      </trkpt>
      <trkpt lat="45.20781" lon="6.46942">
        <ele>867.2</ele>
      </trkpt>
      <trkpt lat="45.20788" lon="6.46943">
        <ele>865.0</ele>
      </trkpt>
      <trkpt lat="45.20793" lon="6.46942">
        <ele>863.9</ele>
      </trkpt>
      <trkpt lat="45.20811" lon="6.46923">
        <ele>863.9</ele>
      </trkpt>
      <trkpt lat="45.20825" lon="6.46911">
        <ele>863.4</ele>
      </trkpt>
      <trkpt lat="45.20837" lon="6.46901">
        <ele>862.6</ele>
      </trkpt>
      <trkpt lat="45.20855" lon="6.46888">
        <ele>861.7</ele>
      </trkpt>
      <trkpt lat="45.20862" lon="6.46885">
        <ele>860.8</ele>
      </trkpt>
      <trkpt lat="45.20908" lon="6.46871">
        <ele>853.6</ele>
      </trkpt>
      <trkpt lat="45.20927" lon="6.46862">
        <ele>850.0</ele>
      </trkpt>
      <trkpt lat="45.20951" lon="6.46847">
        <ele>845.1</ele>
      </trkpt>
      <trkpt lat="45.20957" lon="6.46841">
        <ele>844.2</ele>
      </trkpt>
      <trkpt lat="45.20962" lon="6.46834">
        <ele>843.8</ele>
      </trkpt>
      <trkpt lat="45.20977" lon="6.46808">
        <ele>842.1</ele>
      </trkpt>
      <trkpt lat="45.20984" lon="6.46793">
        <ele>841.5</ele>
      </trkpt>
      <trkpt lat="45.20988" lon="6.46781">
        <ele>841.6</ele>
      </trkpt>
      <trkpt lat="45.20992" lon="6.46766">
        <ele>841.9</ele>
      </trkpt>
      <trkpt lat="45.21005" lon="6.46687">
        <ele>841.5</ele>
      </trkpt>
      <trkpt lat="45.21009" lon="6.46682">
        <ele>840.2</ele>
      </trkpt>
      <trkpt lat="45.21012" lon="6.46682">
        <ele>839.1</ele>
      </trkpt>
      <trkpt lat="45.21017" lon="6.46683">
        <ele>837.3</ele>
      </trkpt>
      <trkpt lat="45.2102" lon="6.46684">
        <ele>836.2</ele>
      </trkpt>
      <trkpt lat="45.21023" lon="6.4669">
        <ele>835.0</ele>
      </trkpt>
      <trkpt lat="45.21025" lon="6.46699">
        <ele>834.1</ele>
      </trkpt>
      <trkpt lat="45.21021" lon="6.46722">
        <ele>835.0</ele>
      </trkpt>
      <trkpt lat="45.21019" lon="6.46732">
        <ele>835.5</ele>
      </trkpt>
      <trkpt lat="45.21017" lon="6.46806">
        <ele>830.3</ele>
      </trkpt>
      <trkpt lat="45.21016" lon="6.46823">
        <ele>829.0</ele>
      </trkpt>
      <trkpt lat="45.20998" lon="6.469">
        <ele>823.0</ele>
      </trkpt>
      <trkpt lat="45.20988" lon="6.46936">
        <ele>819.1</ele>
      </trkpt>
      <trkpt lat="45.20988" lon="6.46947">
        <ele>816.7</ele>
      </trkpt>
      <trkpt lat="45.20991" lon="6.46954">
        <ele>814.3</ele>
      </trkpt>
      <trkpt lat="45.20992" lon="6.46956">
        <ele>813.6</ele>
      </trkpt>
      <trkpt lat="45.20996" lon="6.46959">
        <ele>811.9</ele>
      </trkpt>
      <trkpt lat="45.21003" lon="6.46958">
        <ele>810.6</ele>
      </trkpt>
      <trkpt lat="45.21007" lon="6.46952">
        <ele>811.2</ele>
      </trkpt>
      <trkpt lat="45.21012" lon="6.46944">
        <ele>812.0</ele>
      </trkpt>
      <trkpt lat="45.21017" lon="6.46938">
        <ele>812.3</ele>
      </trkpt>
      <trkpt lat="45.21026" lon="6.46929">
        <ele>812.4</ele>
      </trkpt>
      <trkpt lat="45.21107" lon="6.46878">
        <ele>800.0</ele>
      </trkpt>
      <trkpt lat="45.21117" lon="6.46871">
        <ele>798.0</ele>
      </trkpt>
      <trkpt lat="45.21125" lon="6.46864">
        <ele>796.8</ele>
      </trkpt>
      <trkpt lat="45.21148" lon="6.46837">
        <ele>794.9</ele>
      </trkpt>
      <trkpt lat="45.21171" lon="6.46808">
        <ele>790.7</ele>
      </trkpt>
      <trkpt lat="45.21178" lon="6.46797">
        <ele>789.2</ele>
      </trkpt>
      <trkpt lat="45.21189" lon="6.46776">
        <ele>786.8</ele>
      </trkpt>
      <trkpt lat="45.21192" lon="6.46767">
        <ele>786.2</ele>
      </trkpt>
      <trkpt lat="45.21194" lon="6.46757">
        <ele>785.9</ele>
      </trkpt>
      <trkpt lat="45.21194" lon="6.4675">
        <ele>786.1</ele>
      </trkpt>
      <trkpt lat="45.21192" lon="6.46741">
        <ele>786.0</ele>
      </trkpt>
      <trkpt lat="45.21189" lon="6.46737">
        <ele>786.6</ele>
      </trkpt>
      <trkpt lat="45.21183" lon="6.46729">
        <ele>787.6</ele>
      </trkpt>
      <trkpt lat="45.21147" lon="6.46694">
        <ele>794.5</ele>
      </trkpt>
      <trkpt lat="45.21143" lon="6.46689">
        <ele>795.4</ele>
      </trkpt>
      <trkpt lat="45.2114" lon="6.46679">
        <ele>795.5</ele>
      </trkpt>
      <trkpt lat="45.21138" lon="6.46669">
        <ele>795.5</ele>
      </trkpt>
      <trkpt lat="45.21139" lon="6.46658">
        <ele>795.2</ele>
      </trkpt>
      <trkpt lat="45.21141" lon="6.46652">
        <ele>794.8</ele>
      </trkpt>
      <trkpt lat="45.21143" lon="6.46647">
        <ele>794.3</ele>
      </trkpt>
      <trkpt lat="45.21146" lon="6.46644">
        <ele>793.5</ele>
      </trkpt>
      <trkpt lat="45.2115" lon="6.46639">
        <ele>792.5</ele>
      </trkpt>
      <trkpt lat="45.21156" lon="6.46636">
        <ele>790.7</ele>
      </trkpt>
      <trkpt lat="45.21181" lon="6.46631">
        <ele>784.9</ele>
      </trkpt>
      <trkpt lat="45.21187" lon="6.46629">
        <ele>783.9</ele>
      </trkpt>
      <trkpt lat="45.21192" lon="6.46625">
        <ele>783.1</ele>
      </trkpt>
      <trkpt lat="45.21197" lon="6.4662">
        <ele>782.5</ele>
      </trkpt>
      <trkpt lat="45.212" lon="6.46616">
        <ele>782.2</ele>
      </trkpt>
      <trkpt lat="45.21212" lon="6.46597">
        <ele>781.4</ele>
      </trkpt>
      <trkpt lat="45.21218" lon="6.46593">
        <ele>780.6</ele>
      </trkpt>
      <trkpt lat="45.21225" lon="6.46591">
        <ele>779.6</ele>
      </trkpt>
      <trkpt lat="45.21232" lon="6.46593">
        <ele>778.2</ele>
      </trkpt>
      <trkpt lat="45.21239" lon="6.46598">
        <ele>776.5</ele>
      </trkpt>
      <trkpt lat="45.21245" lon="6.46606">
        <ele>774.7</ele>
      </trkpt>
      <trkpt lat="45.21247" lon="6.46612">
        <ele>773.8</ele>
      </trkpt>
      <trkpt lat="45.2125" lon="6.46624">
        <ele>772.1</ele>
      </trkpt>
      <trkpt lat="45.21254" lon="6.46722">
        <ele>768.8</ele>
      </trkpt>
      <trkpt lat="45.21255" lon="6.46729">
        <ele>768.9</ele>
      </trkpt>
      <trkpt lat="45.21257" lon="6.4674">
        <ele>768.8</ele>
      </trkpt>
      <trkpt lat="45.21259" lon="6.46745">
        <ele>768.6</ele>
      </trkpt>
      <trkpt lat="45.21263" lon="6.46751">
        <ele>768.1</ele>
      </trkpt>
      <trkpt lat="45.21272" lon="6.46756">
        <ele>766.8</ele>
      </trkpt>
      <trkpt lat="45.21312" lon="6.46764">
        <ele>761.4</ele>
      </trkpt>
      <trkpt lat="45.21321" lon="6.46766">
        <ele>760.2</ele>
      </trkpt>
      <trkpt lat="45.21329" lon="6.4677">
        <ele>759.3</ele>
      </trkpt>
      <trkpt lat="45.21344" lon="6.46779">
        <ele>757.5</ele>
      </trkpt>
      <trkpt lat="45.21363" lon="6.46795">
        <ele>754.9</ele>
      </trkpt>
      <trkpt lat="45.21382" lon="6.46817">
        <ele>752.1</ele>
      </trkpt>
      <trkpt lat="45.21414" lon="6.46862">
        <ele>746.7</ele>
      </trkpt>
      <trkpt lat="45.21425" lon="6.4688">
        <ele>745.7</ele>
      </trkpt>
      <trkpt lat="45.21432" lon="6.46899">
        <ele>745.2</ele>
      </trkpt>
      <trkpt lat="45.21435" lon="6.46913">
        <ele>745.0</ele>
      </trkpt>
      <trkpt lat="45.21436" lon="6.46923">
        <ele>744.6</ele>
      </trkpt>
      <trkpt lat="45.21435" lon="6.46978">
        <ele>742.2</ele>
      </trkpt>
      <trkpt lat="45.21432" lon="6.46989">
        <ele>742.0</ele>
      </trkpt>
      <trkpt lat="45.21426" lon="6.47005">
        <ele>741.5</ele>
      </trkpt>
      <trkpt lat="45.21413" lon="6.4703">
        <ele>739.2</ele>
      </trkpt>
      <trkpt lat="45.21404" lon="6.47039">
        <ele>738.3</ele>
      </trkpt>
      <trkpt lat="45.21397" lon="6.47043">
        <ele>738.0</ele>
      </trkpt>
      <trkpt lat="45.2139" lon="6.47044">
        <ele>738.2</ele>
      </trkpt>
      <trkpt lat="45.21351" lon="6.47037">
        <ele>740.5</ele>
      </trkpt>
      <trkpt lat="45.21344" lon="6.47037">
        <ele>740.7</ele>
      </trkpt>
      <trkpt lat="45.21336" lon="6.47041">
        <ele>740.5</ele>
      </trkpt>
      <trkpt lat="45.21331" lon="6.47047">
        <ele>740.0</ele>
      </trkpt>
      <trkpt lat="45.21328" lon="6.47053">
        <ele>739.5</ele>
      </trkpt>
      <trkpt lat="45.21327" lon="6.47058">
        <ele>738.9</ele>
      </trkpt>
      <trkpt lat="45.21327" lon="6.47067">
        <ele>737.8</ele>
      </trkpt>
      <trkpt lat="45.21328" lon="6.47073">
        <ele>736.9</ele>
      </trkpt>
      <trkpt lat="45.21338" lon="6.47109">
        <ele>735.9</ele>
      </trkpt>
      <trkpt lat="45.2135" lon="6.4715">
        <ele>734.9</ele>
      </trkpt>
      <trkpt lat="45.21367" lon="6.47211">
        <ele>733.4</ele>
      </trkpt>
      <trkpt lat="45.21374" lon="6.47232">
        <ele>733.4</ele>
      </trkpt>
      <trkpt lat="45.21382" lon="6.47248">
        <ele>732.9</ele>
      </trkpt>
      <trkpt lat="45.21391" lon="6.47261">
        <ele>731.5</ele>
      </trkpt>
      <trkpt lat="45.21397" lon="6.47268">
        <ele>730.5</ele>
      </trkpt>
      <trkpt lat="45.21422" lon="6.47291">
        <ele>726.7</ele>
      </trkpt>
      <trkpt lat="45.21434" lon="6.47305">
        <ele>724.7</ele>
      </trkpt>
      <trkpt lat="45.21444" lon="6.47318">
        <ele>723.0</ele>
      </trkpt>
      <trkpt lat="45.21453" lon="6.47331">
        <ele>721.4</ele>
      </trkpt>
      <trkpt lat="45.21474" lon="6.47366">
        <ele>720.6</ele>
      </trkpt>
      <trkpt lat="45.2151" lon="6.47423">
        <ele>719.2</ele>
      </trkpt>
      <trkpt lat="45.2151" lon="6.47423">
        <ele>719.2</ele>
      </trkpt>
      <trkpt lat="45.21532" lon="6.47458">
        <ele>718.4</ele>
      </trkpt>
      <trkpt lat="45.21544" lon="6.47472">
        <ele>718.0</ele>
      </trkpt>
      <trkpt lat="45.21569" lon="6.47491">
        <ele>717.4</ele>
      </trkpt>
      <trkpt lat="45.21601" lon="6.47534">
        <ele>727.1</ele>
      </trkpt>
      <trkpt lat="45.21603" lon="6.47535">
        <ele>727.6</ele>
      </trkpt>
      <trkpt lat="45.21608" lon="6.47534">
        <ele>728.1</ele>
      </trkpt>
      <trkpt lat="45.21674" lon="6.47506">
        <ele>727.3</ele>
      </trkpt>
      <trkpt lat="45.21686" lon="6.47498">
        <ele>726.5</ele>
      </trkpt>
      <trkpt lat="45.21691" lon="6.47493">
        <ele>726.6</ele>
      </trkpt>
      <trkpt lat="45.21703" lon="6.47471">
        <ele>724.9</ele>
      </trkpt>
      <trkpt lat="45.21733" lon="6.47448">
        <ele>724.0</ele>
      </trkpt>
      <trkpt lat="45.21737" lon="6.47442">
        <ele>723.2</ele>
      </trkpt>
      <trkpt lat="45.21749" lon="6.47417">
        <ele>719.0</ele>
      </trkpt>
      <trkpt lat="45.21754" lon="6.4741">
        <ele>719.1</ele>
      </trkpt>
      <trkpt lat="45.21759" lon="6.47407">
        <ele>719.5</ele>
      </trkpt>
      <trkpt lat="45.21763" lon="6.47405">
        <ele>719.9</ele>
      </trkpt>
      <trkpt lat="45.2177" lon="6.47405">
        <ele>720.8</ele>
      </trkpt>
      <trkpt lat="45.21776" lon="6.47407">
        <ele>721.7</ele>
      </trkpt>
      <trkpt lat="45.21829" lon="6.47437">
        <ele>732.2</ele>
      </trkpt>
      <trkpt lat="45.21843" lon="6.47437">
        <ele>734.3</ele>
      </trkpt>
      <trkpt lat="45.21848" lon="6.47431">
        <ele>734.5</ele>
      </trkpt>
      <trkpt lat="45.21861" lon="6.47415">
        <ele>735.1</ele>
      </trkpt>
      <trkpt lat="45.21903" lon="6.47367">
        <ele>739.4</ele>
      </trkpt>
      <trkpt lat="45.21903" lon="6.47367">
        <ele>739.4</ele>
      </trkpt>
      <trkpt lat="45.21919" lon="6.47351">
        <ele>742.0</ele>
      </trkpt>
      <trkpt lat="45.21942" lon="6.47324">
        <ele>746.0</ele>
      </trkpt>
      <trkpt lat="45.21947" lon="6.47316">
        <ele>746.4</ele>
      </trkpt>
      <trkpt lat="45.21964" lon="6.47283">
        <ele>747.1</ele>
      </trkpt>
      <trkpt lat="45.21966" lon="6.47275">
        <ele>746.6</ele>
      </trkpt>
      <trkpt lat="45.21971" lon="6.47268">
        <ele>747.3</ele>
      </trkpt>
      <trkpt lat="45.21988" lon="6.47253">
        <ele>750.6</ele>
      </trkpt>
      <trkpt lat="45.21997" lon="6.47238">
        <ele>751.9</ele>
      </trkpt>
      <trkpt lat="45.22005" lon="6.47216">
        <ele>752.2</ele>
      </trkpt>
      <trkpt lat="45.22004" lon="6.47188">
        <ele>749.2</ele>
      </trkpt>
      <trkpt lat="45.22006" lon="6.47179">
        <ele>748.9</ele>
      </trkpt>
      <trkpt lat="45.2201" lon="6.47174">
        <ele>749.5</ele>
      </trkpt>
      <trkpt lat="45.22013" lon="6.47173">
        <ele>750.2</ele>
      </trkpt>
      <trkpt lat="45.22016" lon="6.47174">
        <ele>751.2</ele>
      </trkpt>
      <trkpt lat="45.2202" lon="6.47177">
        <ele>752.6</ele>
      </trkpt>
      <trkpt lat="45.22022" lon="6.47181">
        <ele>753.5</ele>
      </trkpt>
      <trkpt lat="45.22023" lon="6.47185">
        <ele>754.2</ele>
      </trkpt>
      <trkpt lat="45.22016" lon="6.47248">
        <ele>758.6</ele>
      </trkpt>
      <trkpt lat="45.22011" lon="6.47312">
        <ele>764.9</ele>
      </trkpt>
      <trkpt lat="45.22008" lon="6.47328">
        <ele>765.9</ele>
      </trkpt>
      <trkpt lat="45.21996" lon="6.47376">
        <ele>767.9</ele>
      </trkpt>
      <trkpt lat="45.21994" lon="6.47394">
        <ele>769.3</ele>
      </trkpt>
      <trkpt lat="45.21994" lon="6.4744">
        <ele>773.3</ele>
      </trkpt>
      <trkpt lat="45.21995" lon="6.47472">
        <ele>775.6</ele>
      </trkpt>
      <trkpt lat="45.21998" lon="6.47482">
        <ele>777.2</ele>
      </trkpt>
      <trkpt lat="45.22004" lon="6.47488">
        <ele>779.4</ele>
      </trkpt>
      <trkpt lat="45.22008" lon="6.47488">
        <ele>780.6</ele>
      </trkpt>
      <trkpt lat="45.22012" lon="6.47486">
        <ele>781.7</ele>
      </trkpt>
      <trkpt lat="45.22038" lon="6.47446">
        <ele>787.3</ele>
      </trkpt>
      <trkpt lat="45.22041" lon="6.47436">
        <ele>787.7</ele>
      </trkpt>
      <trkpt lat="45.22044" lon="6.47424">
        <ele>788.1</ele>
      </trkpt>
      <trkpt lat="45.22044" lon="6.47424">
        <ele>788.1</ele>
      </trkpt>
      <trkpt lat="45.22049" lon="6.47409">
        <ele>788.4</ele>
      </trkpt>
      <trkpt lat="45.22069" lon="6.47368">
        <ele>790.2</ele>
      </trkpt>
      <trkpt lat="45.22084" lon="6.47342">
        <ele>792.2</ele>
      </trkpt>
      <trkpt lat="45.22092" lon="6.47324">
        <ele>792.7</ele>
      </trkpt>
      <trkpt lat="45.22096" lon="6.47306">
        <ele>791.4</ele>
      </trkpt>
      <trkpt lat="45.22097" lon="6.47296">
        <ele>790.3</ele>
      </trkpt>
      <trkpt lat="45.221" lon="6.4729">
        <ele>790.5</ele>
      </trkpt>
      <trkpt lat="45.22104" lon="6.47287">
        <ele>791.4</ele>
      </trkpt>
      <trkpt lat="45.22109" lon="6.47288">
        <ele>793.2</ele>
      </trkpt>
      <trkpt lat="45.22114" lon="6.47291">
        <ele>795.4</ele>
      </trkpt>
      <trkpt lat="45.22116" lon="6.47298">
        <ele>797.1</ele>
      </trkpt>
      <trkpt lat="45.22115" lon="6.47308">
        <ele>798.3</ele>
      </trkpt>
      <trkpt lat="45.22109" lon="6.47325">
        <ele>798.7</ele>
      </trkpt>
      <trkpt lat="45.22102" lon="6.47356">
        <ele>800.2</ele>
      </trkpt>
      <trkpt lat="45.22099" lon="6.47405">
        <ele>804.8</ele>
      </trkpt>
      <trkpt lat="45.22093" lon="6.4743">
        <ele>804.4</ele>
      </trkpt>
      <trkpt lat="45.22091" lon="6.47442">
        <ele>804.0</ele>
      </trkpt>
      <trkpt lat="45.22091" lon="6.47454">
        <ele>804.5</ele>
      </trkpt>
      <trkpt lat="45.22093" lon="6.47463">
        <ele>805.7</ele>
      </trkpt>
      <trkpt lat="45.22097" lon="6.47472">
        <ele>807.7</ele>
      </trkpt>
      <trkpt lat="45.22108" lon="6.47489">
        <ele>813.1</ele>
      </trkpt>
      <trkpt lat="45.22117" lon="6.47507">
        <ele>818.5</ele>
      </trkpt>
      <trkpt lat="45.2212" lon="6.47519">
        <ele>821.5</ele>
      </trkpt>
      <trkpt lat="45.22121" lon="6.4753">
        <ele>823.4</ele>
      </trkpt>
      <trkpt lat="45.22118" lon="6.47539">
        <ele>823.4</ele>
      </trkpt>
      <trkpt lat="45.22112" lon="6.47545">
        <ele>822.0</ele>
      </trkpt>
      <trkpt lat="45.22108" lon="6.47551">
        <ele>821.4</ele>
      </trkpt>
      <trkpt lat="45.22106" lon="6.47559">
        <ele>821.9</ele>
      </trkpt>
      <trkpt lat="45.22107" lon="6.47583">
        <ele>825.9</ele>
      </trkpt>
      <trkpt lat="45.22105" lon="6.47597">
        <ele>827.9</ele>
      </trkpt>
      <trkpt lat="45.22095" lon="6.47624">
        <ele>829.8</ele>
      </trkpt>
      <trkpt lat="45.22089" lon="6.47636">
        <ele>830.1</ele>
      </trkpt>
      <trkpt lat="45.22085" lon="6.47644">
        <ele>830.2</ele>
      </trkpt>
      <trkpt lat="45.22079" lon="6.47648">
        <ele>828.9</ele>
      </trkpt>
      <trkpt lat="45.22063" lon="6.47651">
        <ele>823.7</ele>
      </trkpt>
      <trkpt lat="45.22055" lon="6.47654">
        <ele>821.5</ele>
      </trkpt>
      <trkpt lat="45.22051" lon="6.47659">
        <ele>821.1</ele>
      </trkpt>
      <trkpt lat="45.22048" lon="6.47666">
        <ele>821.6</ele>
      </trkpt>
      <trkpt lat="45.22049" lon="6.47673">
        <ele>823.7</ele>
      </trkpt>
      <trkpt lat="45.22053" lon="6.47679">
        <ele>826.7</ele>
      </trkpt>
      <trkpt lat="45.22059" lon="6.47681">
        <ele>829.4</ele>
      </trkpt>
      <trkpt lat="45.22067" lon="6.4768">
        <ele>831.9</ele>
      </trkpt>
      <trkpt lat="45.22076" lon="6.47676">
        <ele>834.0</ele>
      </trkpt>
      <trkpt lat="45.22086" lon="6.47675">
        <ele>837.2</ele>
      </trkpt>
      <trkpt lat="45.22092" lon="6.47673">
        <ele>838.8</ele>
      </trkpt>
      <trkpt lat="45.22097" lon="6.4767">
        <ele>839.7</ele>
      </trkpt>
      <trkpt lat="45.2211" lon="6.47652">
        <ele>840.4</ele>
      </trkpt>
      <trkpt lat="45.22118" lon="6.47642">
        <ele>841.2</ele>
      </trkpt>
      <trkpt lat="45.22122" lon="6.4764">
        <ele>842.2</ele>
      </trkpt>
      <trkpt lat="45.22133" lon="6.47629">
        <ele>843.8</ele>
      </trkpt>
      <trkpt lat="45.22141" lon="6.47614">
        <ele>843.5</ele>
      </trkpt>
      <trkpt lat="45.22146" lon="6.47601">
        <ele>842.6</ele>
      </trkpt>
      <trkpt lat="45.22152" lon="6.47593">
        <ele>843.0</ele>
      </trkpt>
      <trkpt lat="45.22163" lon="6.47582">
        <ele>844.7</ele>
      </trkpt>
      <trkpt lat="45.22182" lon="6.4755">
        <ele>850.0</ele>
      </trkpt>
      <trkpt lat="45.22196" lon="6.47515">
        <ele>854.2</ele>
      </trkpt>
      <trkpt lat="45.22203" lon="6.47479">
        <ele>855.4</ele>
      </trkpt>
      <trkpt lat="45.22204" lon="6.47431">
        <ele>852.4</ele>
      </trkpt>
      <trkpt lat="45.2221" lon="6.47405">
        <ele>852.7</ele>
      </trkpt>
      <trkpt lat="45.2221" lon="6.47405">
        <ele>852.7</ele>
      </trkpt>
      <trkpt lat="45.22226" lon="6.47367">
        <ele>855.7</ele>
      </trkpt>
      <trkpt lat="45.22235" lon="6.47328">
        <ele>855.2</ele>
      </trkpt>
      <trkpt lat="45.22242" lon="6.47285">
        <ele>852.2</ele>
      </trkpt>
      <trkpt lat="45.2226" lon="6.47235">
        <ele>853.6</ele>
      </trkpt>
      <trkpt lat="45.2231" lon="6.47171">
        <ele>864.2</ele>
      </trkpt>
      <trkpt lat="45.22331" lon="6.47113">
        <ele>859.9</ele>
      </trkpt>
      <trkpt lat="45.22358" lon="6.47081">
        <ele>864.0</ele>
      </trkpt>
      <trkpt lat="45.22386" lon="6.47032">
        <ele>860.5</ele>
      </trkpt>
      <trkpt lat="45.22453" lon="6.46983">
        <ele>868.2</ele>
      </trkpt>
      <trkpt lat="45.22494" lon="6.46957">
        <ele>874.9</ele>
      </trkpt>
      <trkpt lat="45.22532" lon="6.46906">
        <ele>874.3</ele>
      </trkpt>
      <trkpt lat="45.22539" lon="6.46883">
        <ele>870.7</ele>
      </trkpt>
      <trkpt lat="45.22542" lon="6.46855">
        <ele>864.6</ele>
      </trkpt>
      <trkpt lat="45.22546" lon="6.46846">
        <ele>863.5</ele>
      </trkpt>
      <trkpt lat="45.22554" lon="6.46845">
        <ele>865.5</ele>
      </trkpt>
      <trkpt lat="45.22558" lon="6.46845">
        <ele>866.7</ele>
      </trkpt>
      <trkpt lat="45.22562" lon="6.46849">
        <ele>868.9</ele>
      </trkpt>
      <trkpt lat="45.22563" lon="6.46859">
        <ele>871.8</ele>
      </trkpt>
      <trkpt lat="45.22539" lon="6.46929">
        <ele>881.9</ele>
      </trkpt>
      <trkpt lat="45.2251" lon="6.46985">
        <ele>886.1</ele>
      </trkpt>
      <trkpt lat="45.22466" lon="6.4703">
        <ele>885.9</ele>
      </trkpt>
      <trkpt lat="45.2241" lon="6.47081">
        <ele>886.3</ele>
      </trkpt>
      <trkpt lat="45.22372" lon="6.47159">
        <ele>888.0</ele>
      </trkpt>
      <trkpt lat="45.2234" lon="6.47259">
        <ele>897.7</ele>
      </trkpt>
      <trkpt lat="45.22336" lon="6.47334">
        <ele>907.0</ele>
      </trkpt>
      <trkpt lat="45.22332" lon="6.4741">
        <ele>912.7</ele>
      </trkpt>
      <trkpt lat="45.22332" lon="6.47423">
        <ele>913.7</ele>
      </trkpt>
      <trkpt lat="45.22335" lon="6.47431">
        <ele>915.1</ele>
      </trkpt>
      <trkpt lat="45.22339" lon="6.47433">
        <ele>916.3</ele>
      </trkpt>
      <trkpt lat="45.22343" lon="6.47431">
        <ele>917.4</ele>
      </trkpt>
      <trkpt lat="45.22346" lon="6.47422">
        <ele>917.8</ele>
      </trkpt>
      <trkpt lat="45.22348" lon="6.47411">
        <ele>917.6</ele>
      </trkpt>
      <trkpt lat="45.22349" lon="6.47366">
        <ele>914.1</ele>
      </trkpt>
      <trkpt lat="45.22355" lon="6.47314">
        <ele>910.8</ele>
      </trkpt>
      <trkpt lat="45.22358" lon="6.47296">
        <ele>909.3</ele>
      </trkpt>
      <trkpt lat="45.22362" lon="6.4728">
        <ele>908.5</ele>
      </trkpt>
      <trkpt lat="45.22369" lon="6.47266">
        <ele>909.1</ele>
      </trkpt>
      <trkpt lat="45.22381" lon="6.47254">
        <ele>911.7</ele>
      </trkpt>
      <trkpt lat="45.22398" lon="6.47243">
        <ele>915.9</ele>
      </trkpt>
      <trkpt lat="45.22417" lon="6.47233">
        <ele>921.0</ele>
      </trkpt>
      <trkpt lat="45.22448" lon="6.47215">
        <ele>925.3</ele>
      </trkpt>
      <trkpt lat="45.22452" lon="6.47214">
        <ele>926.1</ele>
      </trkpt>
      <trkpt lat="45.22498" lon="6.47166">
        <ele>931.3</ele>
      </trkpt>
      <trkpt lat="45.22556" lon="6.4712">
        <ele>932.5</ele>
      </trkpt>
      <trkpt lat="45.22619" lon="6.47098">
        <ele>936.5</ele>
      </trkpt>
      <trkpt lat="45.22666" lon="6.47072">
        <ele>935.6</ele>
      </trkpt>
      <trkpt lat="45.22744" lon="6.47075">
        <ele>946.1</ele>
      </trkpt>
      <trkpt lat="45.22792" lon="6.47059">
        <ele>950.6</ele>
      </trkpt>
      <trkpt lat="45.22836" lon="6.47023">
        <ele>949.8</ele>
      </trkpt>
      <trkpt lat="45.22859" lon="6.47014">
        <ele>949.7</ele>
      </trkpt>
      <trkpt lat="45.22881" lon="6.47011">
        <ele>951.1</ele>
      </trkpt>
      <trkpt lat="45.22907" lon="6.47012">
        <ele>953.7</ele>
      </trkpt>
      <trkpt lat="45.22935" lon="6.4702">
        <ele>957.1</ele>
      </trkpt>
      <trkpt lat="45.22956" lon="6.47037">
        <ele>961.1</ele>
      </trkpt>
      <trkpt lat="45.22975" lon="6.47048">
        <ele>963.4</ele>
      </trkpt>
      <trkpt lat="45.22993" lon="6.47051">
        <ele>964.2</ele>
      </trkpt>
      <trkpt lat="45.23009" lon="6.47041">
        <ele>965.0</ele>
      </trkpt>
      <trkpt lat="45.23053" lon="6.47006">
        <ele>969.5</ele>
      </trkpt>
      <trkpt lat="45.23097" lon="6.4698">
        <ele>971.2</ele>
      </trkpt>
      <trkpt lat="45.2313" lon="6.46977">
        <ele>971.7</ele>
      </trkpt>
      <trkpt lat="45.23158" lon="6.46997">
        <ele>977.0</ele>
      </trkpt>
      <trkpt lat="45.23171" lon="6.47008">
        <ele>980.8</ele>
      </trkpt>
      <trkpt lat="45.23186" lon="6.47011">
        <ele>983.1</ele>
      </trkpt>
      <trkpt lat="45.23204" lon="6.47007">
        <ele>983.4</ele>
      </trkpt>
      <trkpt lat="45.2322" lon="6.46994">
        <ele>981.0</ele>
      </trkpt>
      <trkpt lat="45.23249" lon="6.46976">
        <ele>978.9</ele>
      </trkpt>
      <trkpt lat="45.23258" lon="6.46976">
        <ele>979.7</ele>
      </trkpt>
      <trkpt lat="45.23266" lon="6.46981">
        <ele>981.6</ele>
      </trkpt>
      <trkpt lat="45.23265" lon="6.46992">
        <ele>984.3</ele>
      </trkpt>
      <trkpt lat="45.2326" lon="6.47001">
        <ele>986.2</ele>
      </trkpt>
      <trkpt lat="45.23244" lon="6.47007">
        <ele>987.0</ele>
      </trkpt>
      <trkpt lat="45.2322" lon="6.47022">
        <ele>989.9</ele>
      </trkpt>
      <trkpt lat="45.23193" lon="6.47041">
        <ele>993.3</ele>
      </trkpt>
      <trkpt lat="45.23172" lon="6.47042">
        <ele>991.2</ele>
      </trkpt>
      <trkpt lat="45.23154" lon="6.47041">
        <ele>989.1</ele>
      </trkpt>
      <trkpt lat="45.23139" lon="6.47039">
        <ele>987.2</ele>
      </trkpt>
      <trkpt lat="45.23119" lon="6.47055">
        <ele>989.0</ele>
      </trkpt>
      <trkpt lat="45.23099" lon="6.471">
        <ele>994.4</ele>
      </trkpt>
      <trkpt lat="45.23086" lon="6.47127">
        <ele>994.8</ele>
      </trkpt>
      <trkpt lat="45.23084" lon="6.47147">
        <ele>996.3</ele>
      </trkpt>
      <trkpt lat="45.23086" lon="6.47167">
        <ele>998.8</ele>
      </trkpt>
      <trkpt lat="45.23091" lon="6.47198">
        <ele>1007.2</ele>
      </trkpt>
      <trkpt lat="45.23098" lon="6.47222">
        <ele>1014.4</ele>
      </trkpt>
      <trkpt lat="45.23094" lon="6.47247">
        <ele>1019.0</ele>
      </trkpt>
      <trkpt lat="45.23072" lon="6.47272">
        <ele>1022.1</ele>
      </trkpt>
      <trkpt lat="45.23045" lon="6.47278">
        <ele>1020.2</ele>
      </trkpt>
      <trkpt lat="45.23018" lon="6.4728">
        <ele>1017.1</ele>
      </trkpt>
      <trkpt lat="45.23005" lon="6.47285">
        <ele>1016.8</ele>
      </trkpt>
      <trkpt lat="45.22996" lon="6.47296">
        <ele>1018.8</ele>
      </trkpt>
      <trkpt lat="45.2298" lon="6.47325">
        <ele>1025.4</ele>
      </trkpt>
      <trkpt lat="45.22969" lon="6.47339">
        <ele>1028.9</ele>
      </trkpt>
      <trkpt lat="45.22906" lon="6.47378">
        <ele>1036.1</ele>
      </trkpt>
      <trkpt lat="45.22852" lon="6.47391">
        <ele>1030.4</ele>
      </trkpt>
      <trkpt lat="45.22813" lon="6.47433">
        <ele>1036.6</ele>
      </trkpt>
      <trkpt lat="45.22765" lon="6.47489">
        <ele>1043.7</ele>
      </trkpt>
      <trkpt lat="45.22755" lon="6.47496">
        <ele>1043.2</ele>
      </trkpt>
      <trkpt lat="45.2275" lon="6.47509">
        <ele>1044.8</ele>
      </trkpt>
      <trkpt lat="45.22743" lon="6.47549">
        <ele>1050.6</ele>
      </trkpt>
      <trkpt lat="45.2272" lon="6.47617">
        <ele>1054.5</ele>
      </trkpt>
      <trkpt lat="45.22714" lon="6.47688">
        <ele>1062.8</ele>
      </trkpt>
      <trkpt lat="45.2271" lon="6.47701">
        <ele>1064.1</ele>
      </trkpt>
      <trkpt lat="45.22704" lon="6.47715">
        <ele>1065.1</ele>
      </trkpt>
      <trkpt lat="45.22678" lon="6.47743">
        <ele>1064.2</ele>
      </trkpt>
      <trkpt lat="45.2266" lon="6.47772">
        <ele>1062.0</ele>
      </trkpt>
      <trkpt lat="45.22651" lon="6.478">
        <ele>1061.0</ele>
      </trkpt>
      <trkpt lat="45.22646" lon="6.47838">
        <ele>1062.9</ele>
      </trkpt>
      <trkpt lat="45.22647" lon="6.47889">
        <ele>1069.7</ele>
      </trkpt>
      <trkpt lat="45.22649" lon="6.47901">
        <ele>1071.7</ele>
      </trkpt>
      <trkpt lat="45.22652" lon="6.47906">
        <ele>1072.9</ele>
      </trkpt>
      <trkpt lat="45.22657" lon="6.47908">
        <ele>1074.2</ele>
      </trkpt>
      <trkpt lat="45.22661" lon="6.47909">
        <ele>1075.1</ele>
      </trkpt>
      <trkpt lat="45.22666" lon="6.47903">
        <ele>1075.5</ele>
      </trkpt>
      <trkpt lat="45.22672" lon="6.4789">
        <ele>1076.1</ele>
      </trkpt>
      <trkpt lat="45.22712" lon="6.47775">
        <ele>1075.8</ele>
      </trkpt>
      <trkpt lat="45.22716" lon="6.47766">
        <ele>1075.9</ele>
      </trkpt>
      <trkpt lat="45.2272" lon="6.4776">
        <ele>1076.2</ele>
      </trkpt>
      <trkpt lat="45.22724" lon="6.47757">
        <ele>1076.8</ele>
      </trkpt>
      <trkpt lat="45.22735" lon="6.47751">
        <ele>1078.7</ele>
      </trkpt>
      <trkpt lat="45.22774" lon="6.47741">
        <ele>1088.7</ele>
      </trkpt>
      <trkpt lat="45.22779" lon="6.47737">
        <ele>1089.8</ele>
      </trkpt>
      <trkpt lat="45.22784" lon="6.47728">
        <ele>1090.1</ele>
      </trkpt>
      <trkpt lat="45.22789" lon="6.47714">
        <ele>1089.7</ele>
      </trkpt>
      <trkpt lat="45.22792" lon="6.47697">
        <ele>1088.2</ele>
      </trkpt>
      <trkpt lat="45.22793" lon="6.47694">
        <ele>1088.1</ele>
      </trkpt>
      <trkpt lat="45.22795" lon="6.47693">
        <ele>1088.6</ele>
      </trkpt>
      <trkpt lat="45.22798" lon="6.47692">
        <ele>1089.5</ele>
      </trkpt>
      <trkpt lat="45.22802" lon="6.47695">
        <ele>1091.3</ele>
      </trkpt>
      <trkpt lat="45.22804" lon="6.47698">
        <ele>1092.4</ele>
      </trkpt>
      <trkpt lat="45.22805" lon="6.47703">
        <ele>1093.5</ele>
      </trkpt>
      <trkpt lat="45.22805" lon="6.4771">
        <ele>1094.6</ele>
      </trkpt>
      <trkpt lat="45.22798" lon="6.47793">
        <ele>1104.5</ele>
      </trkpt>
      <trkpt lat="45.22795" lon="6.47806">
        <ele>1105.3</ele>
      </trkpt>
      <trkpt lat="45.22779" lon="6.47846">
        <ele>1105.2</ele>
      </trkpt>
      <trkpt lat="45.22774" lon="6.47862">
        <ele>1105.7</ele>
      </trkpt>
      <trkpt lat="45.22761" lon="6.47932">
        <ele>1113.9</ele>
      </trkpt>
      <trkpt lat="45.22755" lon="6.47952">
        <ele>1118.0</ele>
      </trkpt>
      <trkpt lat="45.22752" lon="6.47957">
        <ele>1118.4</ele>
      </trkpt>
      <trkpt lat="45.22743" lon="6.47966">
        <ele>1118.4</ele>
      </trkpt>
      <trkpt lat="45.22694" lon="6.47997">
        <ele>1113.5</ele>
      </trkpt>
      <trkpt lat="45.22672" lon="6.4801">
        <ele>1112.6</ele>
      </trkpt>
      <trkpt lat="45.22616" lon="6.48049">
        <ele>1116.4</ele>
      </trkpt>
      <trkpt lat="45.2256" lon="6.48088">
        <ele>1115.1</ele>
      </trkpt>
      <trkpt lat="45.22548" lon="6.48101">
        <ele>1115.4</ele>
      </trkpt>
      <trkpt lat="45.22541" lon="6.48111">
        <ele>1116.4</ele>
      </trkpt>
      <trkpt lat="45.22528" lon="6.48162">
        <ele>1129.4</ele>
      </trkpt>
      <trkpt lat="45.22505" lon="6.48196">
        <ele>1128.9</ele>
      </trkpt>
      <trkpt lat="45.22485" lon="6.48234">
        <ele>1132.3</ele>
      </trkpt>
      <trkpt lat="45.22471" lon="6.48277">
        <ele>1142.8</ele>
      </trkpt>
      <trkpt lat="45.22458" lon="6.48287">
        <ele>1143.1</ele>
      </trkpt>
      <trkpt lat="45.22453" lon="6.4829">
        <ele>1142.9</ele>
      </trkpt>
      <trkpt lat="45.2241" lon="6.483">
        <ele>1135.8</ele>
      </trkpt>
      <trkpt lat="45.22401" lon="6.48307">
        <ele>1136.4</ele>
      </trkpt>
      <trkpt lat="45.22399" lon="6.48316">
        <ele>1139.5</ele>
      </trkpt>
      <trkpt lat="45.22405" lon="6.48323">
        <ele>1143.9</ele>
      </trkpt>
      <trkpt lat="45.22412" lon="6.48323">
        <ele>1145.6</ele>
      </trkpt>
      <trkpt lat="45.2242" lon="6.48319">
        <ele>1146.0</ele>
      </trkpt>
      <trkpt lat="45.22431" lon="6.48311">
        <ele>1145.5</ele>
      </trkpt>
      <trkpt lat="45.22454" lon="6.48312">
        <ele>1151.7</ele>
      </trkpt>
      <trkpt lat="45.22465" lon="6.4831">
        <ele>1153.7</ele>
      </trkpt>
      <trkpt lat="45.22476" lon="6.48301">
        <ele>1153.2</ele>
      </trkpt>
      <trkpt lat="45.22525" lon="6.48252">
        <ele>1152.9</ele>
      </trkpt>
      <trkpt lat="45.2255" lon="6.48235">
        <ele>1159.1</ele>
      </trkpt>
      <trkpt lat="45.22566" lon="6.48218">
        <ele>1161.6</ele>
      </trkpt>
      <trkpt lat="45.22572" lon="6.48202">
        <ele>1159.8</ele>
      </trkpt>
      <trkpt lat="45.22584" lon="6.48181">
        <ele>1159.3</ele>
      </trkpt>
      <trkpt lat="45.22601" lon="6.48159">
        <ele>1159.2</ele>
      </trkpt>
      <trkpt lat="45.22683" lon="6.48115">
        <ele>1168.0</ele>
      </trkpt>
      <trkpt lat="45.2272" lon="6.48103">
        <ele>1172.2</ele>
      </trkpt>
      <trkpt lat="45.22776" lon="6.48093">
        <ele>1183.2</ele>
      </trkpt>
      <trkpt lat="45.22824" lon="6.48075">
        <ele>1190.8</ele>
      </trkpt>
      <trkpt lat="45.22878" lon="6.48037">
        <ele>1195.7</ele>
      </trkpt>
      <trkpt lat="45.22934" lon="6.47962">
        <ele>1197.5</ele>
      </trkpt>
      <trkpt lat="45.22983" lon="6.4791">
        <ele>1202.5</ele>
      </trkpt>
      <trkpt lat="45.23042" lon="6.47852">
        <ele>1206.4</ele>
      </trkpt>
      <trkpt lat="45.23073" lon="6.47834">
        <ele>1212.0</ele>
      </trkpt>
      <trkpt lat="45.23079" lon="6.47835">
        <ele>1214.0</ele>
      </trkpt>
      <trkpt lat="45.23081" lon="6.47845">
        <ele>1216.3</ele>
      </trkpt>
      <trkpt lat="45.23074" lon="6.47862">
        <ele>1217.2</ele>
      </trkpt>
      <trkpt lat="45.23039" lon="6.47903">
        <ele>1216.1</ele>
      </trkpt>
      <trkpt lat="45.2299" lon="6.47978">
        <ele>1218.7</ele>
      </trkpt>
      <trkpt lat="45.22982" lon="6.47993">
        <ele>1219.2</ele>
      </trkpt>
      <trkpt lat="45.22982" lon="6.47993">
        <ele>1219.2</ele>
      </trkpt>
      <trkpt lat="45.22977" lon="6.48002">
        <ele>1219.4</ele>
      </trkpt>
      <trkpt lat="45.22965" lon="6.48041">
        <ele>1222.0</ele>
      </trkpt>
      <trkpt lat="45.2294" lon="6.48136">
        <ele>1237.8</ele>
      </trkpt>
      <trkpt lat="45.2293" lon="6.48159">
        <ele>1242.9</ele>
      </trkpt>
      <trkpt lat="45.22927" lon="6.48165">
        <ele>1244.3</ele>
      </trkpt>
      <trkpt lat="45.2292" lon="6.4817">
        <ele>1245.0</ele>
      </trkpt>
      <trkpt lat="45.22887" lon="6.48177">
        <ele>1242.3</ele>
      </trkpt>
      <trkpt lat="45.22874" lon="6.48187">
        <ele>1243.5</ele>
      </trkpt>
      <trkpt lat="45.22862" lon="6.482">
        <ele>1246.1</ele>
      </trkpt>
      <trkpt lat="45.22847" lon="6.48221">
        <ele>1251.6</ele>
      </trkpt>
      <trkpt lat="45.22836" lon="6.48228">
        <ele>1253.3</ele>
      </trkpt>
      <trkpt lat="45.2283" lon="6.48237">
        <ele>1256.1</ele>
      </trkpt>
      <trkpt lat="45.22832" lon="6.48247">
        <ele>1259.9</ele>
      </trkpt>
      <trkpt lat="45.22837" lon="6.4825">
        <ele>1261.1</ele>
      </trkpt>
      <trkpt lat="45.22841" lon="6.4825">
        <ele>1261.3</ele>
      </trkpt>
      <trkpt lat="45.22869" lon="6.48226">
        <ele>1254.9</ele>
      </trkpt>
      <trkpt lat="45.22878" lon="6.48221">
        <ele>1254.0</ele>
      </trkpt>
      <trkpt lat="45.22888" lon="6.4822">
        <ele>1254.5</ele>
      </trkpt>
      <trkpt lat="45.22894" lon="6.48221">
        <ele>1255.3</ele>
      </trkpt>
      <trkpt lat="45.22899" lon="6.48225">
        <ele>1256.7</ele>
      </trkpt>
      <trkpt lat="45.22938" lon="6.48263">
        <ele>1269.3</ele>
      </trkpt>
      <trkpt lat="45.22947" lon="6.48271">
        <ele>1272.4</ele>
      </trkpt>
      <trkpt lat="45.22955" lon="6.48276">
        <ele>1274.5</ele>
      </trkpt>
      <trkpt lat="45.22968" lon="6.48278">
        <ele>1275.9</ele>
      </trkpt>
      <trkpt lat="45.22977" lon="6.48274">
        <ele>1274.9</ele>
      </trkpt>
      <trkpt lat="45.23005" lon="6.48252">
        <ele>1268.9</ele>
      </trkpt>
      <trkpt lat="45.23015" lon="6.48247">
        <ele>1269.9</ele>
      </trkpt>
      <trkpt lat="45.23025" lon="6.48244">
        <ele>1271.5</ele>
      </trkpt>
      <trkpt lat="45.23079" lon="6.4824">
        <ele>1282.3</ele>
      </trkpt>
      <trkpt lat="45.23089" lon="6.48236">
        <ele>1282.7</ele>
      </trkpt>
      <trkpt lat="45.23137" lon="6.48196">
        <ele>1278.6</ele>
      </trkpt>
      <trkpt lat="45.23158" lon="6.48182">
        <ele>1279.6</ele>
      </trkpt>
      <trkpt lat="45.23174" lon="6.48167">
        <ele>1279.6</ele>
      </trkpt>
      <trkpt lat="45.23192" lon="6.48153">
        <ele>1281.5</ele>
      </trkpt>
      <trkpt lat="45.23215" lon="6.48135">
        <ele>1284.9</ele>
      </trkpt>
      <trkpt lat="45.23218" lon="6.48133">
        <ele>1285.5</ele>
      </trkpt>
      <trkpt lat="45.23222" lon="6.48133">
        <ele>1286.5</ele>
      </trkpt>
      <trkpt lat="45.23224" lon="6.48134">
        <ele>1287.0</ele>
      </trkpt>
      <trkpt lat="45.23226" lon="6.48138">
        <ele>1287.8</ele>
      </trkpt>
      <trkpt lat="45.23227" lon="6.48145">
        <ele>1288.6</ele>
      </trkpt>
      <trkpt lat="45.23226" lon="6.48149">
        <ele>1288.7</ele>
      </trkpt>
      <trkpt lat="45.23218" lon="6.48173">
        <ele>1289.9</ele>
      </trkpt>
      <trkpt lat="45.23207" lon="6.482">
        <ele>1293.8</ele>
      </trkpt>
      <trkpt lat="45.2318" lon="6.48235">
        <ele>1296.9</ele>
      </trkpt>
      <trkpt lat="45.2315" lon="6.4826">
        <ele>1299.6</ele>
      </trkpt>
      <trkpt lat="45.23148" lon="6.4827">
        <ele>1303.1</ele>
      </trkpt>
      <trkpt lat="45.23152" lon="6.48277">
        <ele>1306.3</ele>
      </trkpt>
      <trkpt lat="45.23162" lon="6.48277">
        <ele>1307.7</ele>
      </trkpt>
      <trkpt lat="45.23175" lon="6.48263">
        <ele>1304.4</ele>
      </trkpt>
      <trkpt lat="45.23233" lon="6.48226">
        <ele>1304.6</ele>
      </trkpt>
      <trkpt lat="45.23252" lon="6.48216">
        <ele>1306.2</ele>
      </trkpt>
      <trkpt lat="45.23268" lon="6.48197">
        <ele>1306.9</ele>
      </trkpt>
      <trkpt lat="45.23308" lon="6.48132">
        <ele>1307.6</ele>
      </trkpt>
      <trkpt lat="45.23327" lon="6.48111">
        <ele>1308.6</ele>
      </trkpt>
      <trkpt lat="45.23362" lon="6.48084">
        <ele>1311.3</ele>
      </trkpt>
      <trkpt lat="45.23396" lon="6.48054">
        <ele>1314.0</ele>
      </trkpt>
      <trkpt lat="45.23408" lon="6.48037">
        <ele>1313.3</ele>
      </trkpt>
      <trkpt lat="45.23468" lon="6.48">
        <ele>1320.9</ele>
      </trkpt>
      <trkpt lat="45.23527" lon="6.47942">
        <ele>1317.5</ele>
      </trkpt>
      <trkpt lat="45.23576" lon="6.47926">
        <ele>1322.3</ele>
      </trkpt>
      <trkpt lat="45.23626" lon="6.47931">
        <ele>1329.6</ele>
      </trkpt>
      <trkpt lat="45.23632" lon="6.4793">
        <ele>1329.9</ele>
      </trkpt>
      <trkpt lat="45.23632" lon="6.4793">
        <ele>1329.9</ele>
      </trkpt>
      <trkpt lat="45.23658" lon="6.47927">
        <ele>1331.8</ele>
      </trkpt>
      <trkpt lat="45.2371" lon="6.47927">
        <ele>1340.3</ele>
      </trkpt>
      <trkpt lat="45.23736" lon="6.47913">
        <ele>1341.9</ele>
      </trkpt>
      <trkpt lat="45.23768" lon="6.47883">
        <ele>1340.9</ele>
      </trkpt>
      <trkpt lat="45.23774" lon="6.47863">
        <ele>1340.5</ele>
      </trkpt>
      <trkpt lat="45.23776" lon="6.47844">
        <ele>1340.2</ele>
      </trkpt>
      <trkpt lat="45.23782" lon="6.47825">
        <ele>1339.9</ele>
      </trkpt>
      <trkpt lat="45.23799" lon="6.47804">
        <ele>1340.0</ele>
      </trkpt>
      <trkpt lat="45.2385" lon="6.47769">
        <ele>1345.9</ele>
      </trkpt>
      <trkpt lat="45.23873" lon="6.47766">
        <ele>1349.3</ele>
      </trkpt>
      <trkpt lat="45.23917" lon="6.47774">
        <ele>1359.1</ele>
      </trkpt>
      <trkpt lat="45.23935" lon="6.47767">
        <ele>1359.5</ele>
      </trkpt>
      <trkpt lat="45.23963" lon="6.47762">
        <ele>1361.7</ele>
      </trkpt>
      <trkpt lat="45.23995" lon="6.47776">
        <ele>1368.4</ele>
      </trkpt>
      <trkpt lat="45.24025" lon="6.47775">
        <ele>1373.8</ele>
      </trkpt>
      <trkpt lat="45.2404" lon="6.47755">
        <ele>1372.7</ele>
      </trkpt>
      <trkpt lat="45.24047" lon="6.47744">
        <ele>1371.6</ele>
      </trkpt>
      <trkpt lat="45.24055" lon="6.47741">
        <ele>1372.5</ele>
      </trkpt>
      <trkpt lat="45.24059" lon="6.47748">
        <ele>1374.9</ele>
      </trkpt>
      <trkpt lat="45.24055" lon="6.47765">
        <ele>1377.7</ele>
      </trkpt>
      <trkpt lat="45.24019" lon="6.47813">
        <ele>1380.1</ele>
      </trkpt>
      <trkpt lat="45.23973" lon="6.4783">
        <ele>1377.4</ele>
      </trkpt>
      <trkpt lat="45.23958" lon="6.47841">
        <ele>1378.9</ele>
      </trkpt>
      <trkpt lat="45.23953" lon="6.47851">
        <ele>1381.0</ele>
      </trkpt>
      <trkpt lat="45.23957" lon="6.4786">
        <ele>1383.6</ele>
      </trkpt>
      <trkpt lat="45.23963" lon="6.47864">
        <ele>1385.2</ele>
      </trkpt>
      <trkpt lat="45.23974" lon="6.47862">
        <ele>1385.7</ele>
      </trkpt>
      <trkpt lat="45.24002" lon="6.47848">
        <ele>1384.7</ele>
      </trkpt>
      <trkpt lat="45.24044" lon="6.47841">
        <ele>1391.7</ele>
      </trkpt>
      <trkpt lat="45.24086" lon="6.47819">
        <ele>1395.5</ele>
      </trkpt>
      <trkpt lat="45.24125" lon="6.47787">
        <ele>1397.3</ele>
      </trkpt>
      <trkpt lat="45.24167" lon="6.47746">
        <ele>1398.9</ele>
      </trkpt>
      <trkpt lat="45.24198" lon="6.4774">
        <ele>1401.6</ele>
      </trkpt>
      <trkpt lat="45.24235" lon="6.47739">
        <ele>1406.6</ele>
      </trkpt>
      <trkpt lat="45.24259" lon="6.47744">
        <ele>1411.2</ele>
      </trkpt>
      <trkpt lat="45.24271" lon="6.47757">
        <ele>1415.7</ele>
      </trkpt>
      <trkpt lat="45.24286" lon="6.47764">
        <ele>1418.7</ele>
      </trkpt>
      <trkpt lat="45.24308" lon="6.47756">
        <ele>1419.5</ele>
      </trkpt>
      <trkpt lat="45.24333" lon="6.47739">
        <ele>1418.8</ele>
      </trkpt>
      <trkpt lat="45.24358" lon="6.47716">
        <ele>1415.7</ele>
      </trkpt>
      <trkpt lat="45.24382" lon="6.47705">
        <ele>1414.7</ele>
      </trkpt>
      <trkpt lat="45.24399" lon="6.47702">
        <ele>1414.8</ele>
      </trkpt>
      <trkpt lat="45.24447" lon="6.47698">
        <ele>1415.3</ele>
      </trkpt>
      <trkpt lat="45.24465" lon="6.47687">
        <ele>1413.6</ele>
      </trkpt>
      <trkpt lat="45.24487" lon="6.47677">
        <ele>1412.3</ele>
      </trkpt>
      <trkpt lat="45.24494" lon="6.4766">
        <ele>1409.4</ele>
      </trkpt>
      <trkpt lat="45.24513" lon="6.47639">
        <ele>1405.6</ele>
      </trkpt>
      <trkpt lat="45.24527" lon="6.47636">
        <ele>1405.2</ele>
      </trkpt>
      <trkpt lat="45.24542" lon="6.47629">
        <ele>1404.0</ele>
      </trkpt>
      <trkpt lat="45.24555" lon="6.47609">
        <ele>1400.4</ele>
      </trkpt>
      <trkpt lat="45.24567" lon="6.47566">
        <ele>1392.7</ele>
      </trkpt>
      <trkpt lat="45.24604" lon="6.47481">
        <ele>1380.9</ele>
      </trkpt>
      <trkpt lat="45.24609" lon="6.47472">
        <ele>1379.8</ele>
      </trkpt>
      <trkpt lat="45.24618" lon="6.47466">
        <ele>1379.4</ele>
      </trkpt>
      <trkpt lat="45.24645" lon="6.47465">
        <ele>1380.7</ele>
      </trkpt>
      <trkpt lat="45.24677" lon="6.47457">
        <ele>1380.8</ele>
      </trkpt>
      <trkpt lat="45.24698" lon="6.4744">
        <ele>1377.9</ele>
      </trkpt>
      <trkpt lat="45.24698" lon="6.4744">
        <ele>1377.9</ele>
      </trkpt>
      <trkpt lat="45.24704" lon="6.47435">
        <ele>1376.9</ele>
      </trkpt>
      <trkpt lat="45.24734" lon="6.47417">
        <ele>1372.9</ele>
      </trkpt>
      <trkpt lat="45.2476" lon="6.47413">
        <ele>1371.3</ele>
      </trkpt>
      <trkpt lat="45.24791" lon="6.47433">
        <ele>1374.8</ele>
      </trkpt>
      <trkpt lat="45.24818" lon="6.47434">
        <ele>1373.3</ele>
      </trkpt>
      <trkpt lat="45.24849" lon="6.47419">
        <ele>1366.5</ele>
      </trkpt>
      <trkpt lat="45.24867" lon="6.47419">
        <ele>1366.0</ele>
      </trkpt>
      <trkpt lat="45.24945" lon="6.47374">
        <ele>1354.8</ele>
      </trkpt>
      <trkpt lat="45.24994" lon="6.47359">
        <ele>1354.7</ele>
      </trkpt>
      <trkpt lat="45.25019" lon="6.47354">
        <ele>1355.0</ele>
      </trkpt>
      <trkpt lat="45.25025" lon="6.4735">
        <ele>1354.4</ele>
      </trkpt>
      <trkpt lat="45.25027" lon="6.47348">
        <ele>1354.0</ele>
      </trkpt>
      <trkpt lat="45.25029" lon="6.47342">
        <ele>1352.7</ele>
      </trkpt>
      <trkpt lat="45.25034" lon="6.4732">
        <ele>1349.5</ele>
      </trkpt>
      <trkpt lat="45.25038" lon="6.47293">
        <ele>1346.7</ele>
      </trkpt>
      <trkpt lat="45.25048" lon="6.47269">
        <ele>1344.6</ele>
      </trkpt>
      <trkpt lat="45.25067" lon="6.4724">
        <ele>1342.7</ele>
      </trkpt>
      <trkpt lat="45.25074" lon="6.47236">
        <ele>1342.7</ele>
      </trkpt>
      <trkpt lat="45.25104" lon="6.47238">
        <ele>1343.5</ele>
      </trkpt>
      <trkpt lat="45.25137" lon="6.47196">
        <ele>1337.7</ele>
      </trkpt>
      <trkpt lat="45.25172" lon="6.47231">
        <ele>1339.6</ele>
      </trkpt>
      <trkpt lat="45.2518" lon="6.47234">
        <ele>1340.0</ele>
      </trkpt>
      <trkpt lat="45.25187" lon="6.47232">
        <ele>1340.3</ele>
      </trkpt>
      <trkpt lat="45.25193" lon="6.47227">
        <ele>1340.6</ele>
      </trkpt>
      <trkpt lat="45.25205" lon="6.47215">
        <ele>1341.3</ele>
      </trkpt>
      <trkpt lat="45.25207" lon="6.47211">
        <ele>1341.5</ele>
      </trkpt>
      <trkpt lat="45.2521" lon="6.47204">
        <ele>1341.7</ele>
      </trkpt>
      <trkpt lat="45.25209" lon="6.4717">
        <ele>1342.9</ele>
      </trkpt>
      <trkpt lat="45.25205" lon="6.47133">
        <ele>1341.1</ele>
      </trkpt>
      <trkpt lat="45.25202" lon="6.47124">
        <ele>1340.1</ele>
      </trkpt>
      <trkpt lat="45.25207" lon="6.47123">
        <ele>1341.4</ele>
      </trkpt>
      <trkpt lat="45.25208" lon="6.4712">
        <ele>1341.6</ele>
      </trkpt>
      <trkpt lat="45.25208" lon="6.47117">
        <ele>1341.5</ele>
      </trkpt>
      <trkpt lat="45.25202" lon="6.47099">
        <ele>1339.5</ele>
      </trkpt>
      <trkpt lat="45.252" lon="6.47087">
        <ele>1338.7</ele>
      </trkpt>
      <trkpt lat="45.25201" lon="6.47073">
        <ele>1339.1</ele>
      </trkpt>
      <trkpt lat="45.25204" lon="6.47066">
        <ele>1340.1</ele>
      </trkpt>
      <trkpt lat="45.25205" lon="6.47056">
        <ele>1340.5</ele>
      </trkpt>
      <trkpt lat="45.2521" lon="6.47045">
        <ele>1342.2</ele>
      </trkpt>
      <trkpt lat="45.25214" lon="6.47031">
        <ele>1343.6</ele>
      </trkpt>
      <trkpt lat="45.25217" lon="6.47006">
        <ele>1345.0</ele>
      </trkpt>
      <trkpt lat="45.25218" lon="6.46987">
        <ele>1345.8</ele>
      </trkpt>
      <trkpt lat="45.25226" lon="6.46985">
        <ele>1348.3</ele>
      </trkpt>
      <trkpt lat="45.25234" lon="6.46996">
        <ele>1350.3</ele>
      </trkpt>
      <trkpt lat="45.25254" lon="6.47042">
        <ele>1355.1</ele>
      </trkpt>
      <trkpt lat="45.25263" lon="6.47069">
        <ele>1357.6</ele>
      </trkpt>
      <trkpt lat="45.25269" lon="6.47083">
        <ele>1359.6</ele>
      </trkpt>
      <trkpt lat="45.25286" lon="6.47108">
        <ele>1365.6</ele>
      </trkpt>
      <trkpt lat="45.25291" lon="6.47109">
        <ele>1367.4</ele>
      </trkpt>
      <trkpt lat="45.25295" lon="6.47104">
        <ele>1368.8</ele>
      </trkpt>
      <trkpt lat="45.25302" lon="6.47093">
        <ele>1371.2</ele>
      </trkpt>
      <trkpt lat="45.25306" lon="6.47083">
        <ele>1372.5</ele>
      </trkpt>
      <trkpt lat="45.25323" lon="6.47058">
        <ele>1376.3</ele>
      </trkpt>
      <trkpt lat="45.25338" lon="6.47047">
        <ele>1379.5</ele>
      </trkpt>
      <trkpt lat="45.25345" lon="6.46999">
        <ele>1376.7</ele>
      </trkpt>
      <trkpt lat="45.25349" lon="6.46937">
        <ele>1377.8</ele>
      </trkpt>
      <trkpt lat="45.2535" lon="6.46923">
        <ele>1378.0</ele>
      </trkpt>
      <trkpt lat="45.25352" lon="6.46913">
        <ele>1377.8</ele>
      </trkpt>
      <trkpt lat="45.25357" lon="6.46904">
        <ele>1377.4</ele>
      </trkpt>
      <trkpt lat="45.25368" lon="6.46888">
        <ele>1376.7</ele>
      </trkpt>
      <trkpt lat="45.25371" lon="6.46884">
        <ele>1376.5</ele>
      </trkpt>
      <trkpt lat="45.2538" lon="6.4688">
        <ele>1376.8</ele>
      </trkpt>
      <trkpt lat="45.25386" lon="6.46881">
        <ele>1377.5</ele>
      </trkpt>
      <trkpt lat="45.25392" lon="6.46879">
        <ele>1377.8</ele>
      </trkpt>
      <trkpt lat="45.25405" lon="6.46874">
        <ele>1378.3</ele>
      </trkpt>
      <trkpt lat="45.25418" lon="6.46862">
        <ele>1377.7</ele>
      </trkpt>
      <trkpt lat="45.2543" lon="6.46855">
        <ele>1378.3</ele>
      </trkpt>
      <trkpt lat="45.2547" lon="6.46848">
        <ele>1382.9</ele>
      </trkpt>
      <trkpt lat="45.25478" lon="6.46838">
        <ele>1382.5</ele>
      </trkpt>
      <trkpt lat="45.25499" lon="6.46819">
        <ele>1382.8</ele>
      </trkpt>
      <trkpt lat="45.25536" lon="6.46797">
        <ele>1388.0</ele>
      </trkpt>
      <trkpt lat="45.2558" lon="6.46752">
        <ele>1391.5</ele>
      </trkpt>
      <trkpt lat="45.25587" lon="6.46743">
        <ele>1391.6</ele>
      </trkpt>
      <trkpt lat="45.256" lon="6.46719">
        <ele>1390.4</ele>
      </trkpt>
      <trkpt lat="45.256" lon="6.46719">
        <ele>1390.4</ele>
      </trkpt>
      <trkpt lat="45.25614" lon="6.46686">
        <ele>1387.9</ele>
      </trkpt>
      <trkpt lat="45.25628" lon="6.46664">
        <ele>1387.2</ele>
      </trkpt>
      <trkpt lat="45.25634" lon="6.4666">
        <ele>1387.9</ele>
      </trkpt>
      <trkpt lat="45.25669" lon="6.4665">
        <ele>1393.4</ele>
      </trkpt>
      <trkpt lat="45.25682" lon="6.46644">
        <ele>1395.1</ele>
      </trkpt>
      <trkpt lat="45.25688" lon="6.4664">
        <ele>1395.7</ele>
      </trkpt>
      <trkpt lat="45.25692" lon="6.46631">
        <ele>1395.5</ele>
      </trkpt>
      <trkpt lat="45.25693" lon="6.46621">
        <ele>1394.6</ele>
      </trkpt>
      <trkpt lat="45.25692" lon="6.46603">
        <ele>1392.5</ele>
      </trkpt>
      <trkpt lat="45.25692" lon="6.46594">
        <ele>1391.6</ele>
      </trkpt>
      <trkpt lat="45.25694" lon="6.46583">
        <ele>1390.9</ele>
      </trkpt>
      <trkpt lat="45.25699" lon="6.46572">
        <ele>1390.5</ele>
      </trkpt>
      <trkpt lat="45.25708" lon="6.4656">
        <ele>1391.0</ele>
      </trkpt>
      <trkpt lat="45.25734" lon="6.46541">
        <ele>1394.4</ele>
      </trkpt>
      <trkpt lat="45.25738" lon="6.46537">
        <ele>1394.8</ele>
      </trkpt>
      <trkpt lat="45.25748" lon="6.46515">
        <ele>1394.3</ele>
      </trkpt>
      <trkpt lat="45.25753" lon="6.46504">
        <ele>1394.0</ele>
      </trkpt>
      <trkpt lat="45.25761" lon="6.46495">
        <ele>1394.2</ele>
      </trkpt>
      <trkpt lat="45.25771" lon="6.46489">
        <ele>1395.2</ele>
      </trkpt>
      <trkpt lat="45.258" lon="6.46477">
        <ele>1398.5</ele>
      </trkpt>
      <trkpt lat="45.25827" lon="6.46463">
        <ele>1401.1</ele>
      </trkpt>
      <trkpt lat="45.25858" lon="6.46451">
        <ele>1405.0</ele>
      </trkpt>
      <trkpt lat="45.25866" lon="6.46446">
        <ele>1405.8</ele>
      </trkpt>
      <trkpt lat="45.25878" lon="6.46435">
        <ele>1406.5</ele>
      </trkpt>
      <trkpt lat="45.2589" lon="6.4642">
        <ele>1406.6</ele>
      </trkpt>
      <trkpt lat="45.25907" lon="6.46386">
        <ele>1407.1</ele>
      </trkpt>
      <trkpt lat="45.25934" lon="6.46347">
        <ele>1408.5</ele>
      </trkpt>
      <trkpt lat="45.25939" lon="6.4634">
        <ele>1408.7</ele>
      </trkpt>
      <trkpt lat="45.25941" lon="6.46334">
        <ele>1408.6</ele>
      </trkpt>
      <trkpt lat="45.25942" lon="6.46322">
        <ele>1408.8</ele>
      </trkpt>
      <trkpt lat="45.25941" lon="6.46292">
        <ele>1409.2</ele>
      </trkpt>
      <trkpt lat="45.25942" lon="6.4628">
        <ele>1409.5</ele>
      </trkpt>
      <trkpt lat="45.25944" lon="6.46269">
        <ele>1410.0</ele>
      </trkpt>
      <trkpt lat="45.25948" lon="6.46256">
        <ele>1410.2</ele>
      </trkpt>
      <trkpt lat="45.25954" lon="6.46246">
        <ele>1410.4</ele>
      </trkpt>
      <trkpt lat="45.25962" lon="6.46232">
        <ele>1410.8</ele>
      </trkpt>
      <trkpt lat="45.25974" lon="6.46212">
        <ele>1411.3</ele>
      </trkpt>
      <trkpt lat="45.26008" lon="6.46249">
        <ele>1414.7</ele>
      </trkpt>
      <trkpt lat="45.2601" lon="6.46262">
        <ele>1415.5</ele>
      </trkpt>
      <trkpt lat="45.26007" lon="6.46269">
        <ele>1416.0</ele>
      </trkpt>
      <trkpt lat="45.26002" lon="6.46287">
        <ele>1417.1</ele>
      </trkpt>
      <trkpt lat="45.26022" lon="6.46326">
        <ele>1419.9</ele>
      </trkpt>
      <trkpt lat="45.2602" lon="6.46364">
        <ele>1422.1</ele>
      </trkpt>
      <trkpt lat="45.25986" lon="6.46441">
        <ele>1424.7</ele>
      </trkpt>
      <trkpt lat="45.25986" lon="6.46446">
        <ele>1425.4</ele>
      </trkpt>
      <trkpt lat="45.25988" lon="6.4645">
        <ele>1426.4</ele>
      </trkpt>
      <trkpt lat="45.25993" lon="6.46451">
        <ele>1427.3</ele>
      </trkpt>
      <trkpt lat="45.26034" lon="6.46435">
        <ele>1431.5</ele>
      </trkpt>
      <trkpt lat="45.26067" lon="6.46423">
        <ele>1435.2</ele>
      </trkpt>
      <trkpt lat="45.26121" lon="6.46391">
        <ele>1442.5</ele>
      </trkpt>
      <trkpt lat="45.26139" lon="6.46386">
        <ele>1446.0</ele>
      </trkpt>
      <trkpt lat="45.26139" lon="6.46386">
        <ele>1446.0</ele>
      </trkpt>
      <trkpt lat="45.26153" lon="6.46382">
        <ele>1448.7</ele>
      </trkpt>
      <trkpt lat="45.26211" lon="6.46357">
        <ele>1457.8</ele>
      </trkpt>
      <trkpt lat="45.26224" lon="6.4633">
        <ele>1458.2</ele>
      </trkpt>
      <trkpt lat="45.26243" lon="6.463">
        <ele>1463.5</ele>
      </trkpt>
      <trkpt lat="45.26256" lon="6.46305">
        <ele>1465.4</ele>
      </trkpt>
      <trkpt lat="45.26268" lon="6.46316">
        <ele>1466.3</ele>
      </trkpt>
      <trkpt lat="45.26279" lon="6.4632">
        <ele>1467.5</ele>
      </trkpt>
      <trkpt lat="45.26298" lon="6.46339">
        <ele>1470.0</ele>
      </trkpt>
      <trkpt lat="45.26301" lon="6.46346">
        <ele>1470.6</ele>
      </trkpt>
      <trkpt lat="45.26303" lon="6.46357">
        <ele>1471.5</ele>
      </trkpt>
      <trkpt lat="45.26303" lon="6.46357">
        <ele>1471.5</ele>
      </trkpt>
      <trkpt lat="45.26305" lon="6.46384">
        <ele>1473.5</ele>
      </trkpt>
      <trkpt lat="45.26308" lon="6.4641">
        <ele>1475.5</ele>
      </trkpt>
      <trkpt lat="45.26304" lon="6.46436">
        <ele>1477.4</ele>
      </trkpt>
      <trkpt lat="45.26301" lon="6.46442">
        <ele>1477.7</ele>
      </trkpt>
      <trkpt lat="45.26297" lon="6.46447">
        <ele>1477.9</ele>
      </trkpt>
      <trkpt lat="45.26263" lon="6.4645">
        <ele>1475.3</ele>
      </trkpt>
      <trkpt lat="45.26259" lon="6.46453">
        <ele>1475.2</ele>
      </trkpt>
      <trkpt lat="45.26255" lon="6.46458">
        <ele>1475.4</ele>
      </trkpt>
      <trkpt lat="45.26248" lon="6.46476">
        <ele>1476.4</ele>
      </trkpt>
      <trkpt lat="45.26242" lon="6.46496">
        <ele>1477.4</ele>
      </trkpt>
      <trkpt lat="45.26241" lon="6.46504">
        <ele>1478.3</ele>
      </trkpt>
      <trkpt lat="45.26242" lon="6.46513">
        <ele>1479.6</ele>
      </trkpt>
      <trkpt lat="45.26255" lon="6.46553">
        <ele>1487.1</ele>
      </trkpt>
      <trkpt lat="45.26263" lon="6.46585">
        <ele>1492.5</ele>
      </trkpt>
      <trkpt lat="45.26255" lon="6.46622">
        <ele>1498.1</ele>
      </trkpt>
      <trkpt lat="45.26235" lon="6.46637">
        <ele>1497.3</ele>
      </trkpt>
      <trkpt lat="45.26235" lon="6.46656">
        <ele>1500.6</ele>
      </trkpt>
      <trkpt lat="45.2625" lon="6.4666">
        <ele>1503.9</ele>
      </trkpt>
      <trkpt lat="45.26286" lon="6.46655">
        <ele>1508.0</ele>
      </trkpt>
      <trkpt lat="45.26338" lon="6.46657">
        <ele>1515.2</ele>
      </trkpt>
      <trkpt lat="45.26375" lon="6.4667">
        <ele>1520.3</ele>
      </trkpt>
      <trkpt lat="45.2638" lon="6.46677">
        <ele>1522.3</ele>
      </trkpt>
      <trkpt lat="45.2638" lon="6.46684">
        <ele>1524.0</ele>
      </trkpt>
      <trkpt lat="45.26337" lon="6.46703">
        <ele>1525.1</ele>
      </trkpt>
      <trkpt lat="45.26319" lon="6.46727">
        <ele>1527.6</ele>
      </trkpt>
      <trkpt lat="45.26316" lon="6.4674">
        <ele>1529.8</ele>
      </trkpt>
      <trkpt lat="45.26317" lon="6.46755">
        <ele>1532.6</ele>
      </trkpt>
      <trkpt lat="45.26319" lon="6.46765">
        <ele>1534.1</ele>
      </trkpt>
      <trkpt lat="45.26325" lon="6.46775">
        <ele>1536.3</ele>
      </trkpt>
      <trkpt lat="45.26333" lon="6.4678">
        <ele>1538.2</ele>
      </trkpt>
      <trkpt lat="45.26343" lon="6.46776">
        <ele>1539.2</ele>
      </trkpt>
      <trkpt lat="45.26353" lon="6.46759">
        <ele>1538.3</ele>
      </trkpt>
      <trkpt lat="45.26359" lon="6.46758">
        <ele>1538.9</ele>
      </trkpt>
      <trkpt lat="45.26366" lon="6.4676">
        <ele>1540.0</ele>
      </trkpt>
      <trkpt lat="45.2637" lon="6.46773">
        <ele>1542.5</ele>
      </trkpt>
      <trkpt lat="45.26373" lon="6.468">
        <ele>1547.3</ele>
      </trkpt>
      <trkpt lat="45.26373" lon="6.468">
        <ele>1547.3</ele>
      </trkpt>
      <trkpt lat="45.26377" lon="6.46844">
        <ele>1554.1</ele>
      </trkpt>
      <trkpt lat="45.26391" lon="6.46899">
        <ele>1560.4</ele>
      </trkpt>
      <trkpt lat="45.26395" lon="6.46915">
        <ele>1562.2</ele>
      </trkpt>
      <trkpt lat="45.264" lon="6.46919">
        <ele>1563.6</ele>
      </trkpt>
      <trkpt lat="45.26405" lon="6.46918">
        <ele>1564.6</ele>
      </trkpt>
      <trkpt lat="45.26411" lon="6.46912">
        <ele>1565.5</ele>
      </trkpt>
      <trkpt lat="45.2642" lon="6.46864">
        <ele>1564.5</ele>
      </trkpt>
      <trkpt lat="45.26428" lon="6.46847">
        <ele>1564.8</ele>
      </trkpt>
      <trkpt lat="45.26436" lon="6.46838">
        <ele>1565.3</ele>
      </trkpt>
      <trkpt lat="45.26444" lon="6.46835">
        <ele>1566.1</ele>
      </trkpt>
      <trkpt lat="45.26452" lon="6.46838">
        <ele>1567.7</ele>
      </trkpt>
      <trkpt lat="45.26456" lon="6.46844">
        <ele>1569.2</ele>
      </trkpt>
      <trkpt lat="45.26456" lon="6.46858">
        <ele>1571.2</ele>
      </trkpt>
      <trkpt lat="45.26452" lon="6.46873">
        <ele>1572.5</ele>
      </trkpt>
      <trkpt lat="45.26451" lon="6.46895">
        <ele>1575.2</ele>
      </trkpt>
      <trkpt lat="45.26459" lon="6.46925">
        <ele>1581.1</ele>
      </trkpt>
      <trkpt lat="45.2647" lon="6.4695">
        <ele>1585.7</ele>
      </trkpt>
      <trkpt lat="45.26488" lon="6.46989">
        <ele>1592.3</ele>
      </trkpt>
      <trkpt lat="45.26513" lon="6.47025">
        <ele>1598.9</ele>
      </trkpt>
      <trkpt lat="45.26532" lon="6.4706">
        <ele>1603.9</ele>
      </trkpt>
      <trkpt lat="45.26543" lon="6.47102">
        <ele>1609.3</ele>
      </trkpt>
      <trkpt lat="45.26545" lon="6.47106">
        <ele>1610.2</ele>
      </trkpt>
      <trkpt lat="45.2655" lon="6.47109">
        <ele>1611.6</ele>
      </trkpt>
      <trkpt lat="45.26554" lon="6.47109">
        <ele>1612.5</ele>
      </trkpt>
      <trkpt lat="45.2656" lon="6.47102">
        <ele>1613.1</ele>
      </trkpt>
      <trkpt lat="45.26569" lon="6.47076">
        <ele>1613.1</ele>
      </trkpt>
      <trkpt lat="45.2661" lon="6.47016">
        <ele>1618.3</ele>
      </trkpt>
      <trkpt lat="45.26616" lon="6.4701">
        <ele>1619.1</ele>
      </trkpt>
      <trkpt lat="45.26621" lon="6.4701">
        <ele>1620.2</ele>
      </trkpt>
      <trkpt lat="45.26626" lon="6.47014">
        <ele>1621.7</ele>
      </trkpt>
      <trkpt lat="45.26627" lon="6.47023">
        <ele>1623.0</ele>
      </trkpt>
      <trkpt lat="45.26621" lon="6.47079">
        <ele>1627.4</ele>
      </trkpt>
      <trkpt lat="45.26624" lon="6.47086">
        <ele>1628.9</ele>
      </trkpt>
      <trkpt lat="45.2663" lon="6.47086">
        <ele>1630.6</ele>
      </trkpt>
      <trkpt lat="45.26636" lon="6.47078">
        <ele>1631.5</ele>
      </trkpt>
      <trkpt lat="45.26651" lon="6.47054">
        <ele>1632.7</ele>
      </trkpt>
      <trkpt lat="45.26681" lon="6.47022">
        <ele>1635.0</ele>
      </trkpt>
      <trkpt lat="45.267" lon="6.4701">
        <ele>1637.4</ele>
      </trkpt>
      <trkpt lat="45.26704" lon="6.47011">
        <ele>1638.3</ele>
      </trkpt>
      <trkpt lat="45.26707" lon="6.47018">
        <ele>1639.7</ele>
      </trkpt>
      <trkpt lat="45.26705" lon="6.47024">
        <ele>1639.9</ele>
      </trkpt>
      <trkpt lat="45.26694" lon="6.47029">
        <ele>1638.4</ele>
      </trkpt>
      <trkpt lat="45.26692" lon="6.4704">
        <ele>1639.4</ele>
      </trkpt>
      <trkpt lat="45.26693" lon="6.47046">
        <ele>1640.3</ele>
      </trkpt>
      <trkpt lat="45.26699" lon="6.4705">
        <ele>1641.8</ele>
      </trkpt>
      <trkpt lat="45.26725" lon="6.47026">
        <ele>1644.0</ele>
      </trkpt>
      <trkpt lat="45.26741" lon="6.47006">
        <ele>1645.5</ele>
      </trkpt>
      <trkpt lat="45.26747" lon="6.47005">
        <ele>1646.7</ele>
      </trkpt>
      <trkpt lat="45.26754" lon="6.47009">
        <ele>1648.1</ele>
      </trkpt>
      <trkpt lat="45.2676" lon="6.4703">
        <ele>1650.5</ele>
      </trkpt>
      <trkpt lat="45.26778" lon="6.47037">
        <ele>1653.4</ele>
      </trkpt>
      <trkpt lat="45.268" lon="6.47028">
        <ele>1655.4</ele>
      </trkpt>
      <trkpt lat="45.26851" lon="6.47039">
        <ele>1664.1</ele>
      </trkpt>
      <trkpt lat="45.26878" lon="6.47038">
        <ele>1668.4</ele>
      </trkpt>
      <trkpt lat="45.26919" lon="6.4706">
        <ele>1679.7</ele>
      </trkpt>
      <trkpt lat="45.26936" lon="6.47071">
        <ele>1684.9</ele>
      </trkpt>
      <trkpt lat="45.26942" lon="6.47108">
        <ele>1690.1</ele>
      </trkpt>
      <trkpt lat="45.26951" lon="6.47131">
        <ele>1693.6</ele>
      </trkpt>
      <trkpt lat="45.26991" lon="6.47141">
        <ele>1701.1</ele>
      </trkpt>
      <trkpt lat="45.27015" lon="6.4713">
        <ele>1707.3</ele>
      </trkpt>
      <trkpt lat="45.27027" lon="6.4711">
        <ele>1709.6</ele>
      </trkpt>
      <trkpt lat="45.2703" lon="6.47096">
        <ele>1709.0</ele>
      </trkpt>
      <trkpt lat="45.27027" lon="6.47083">
        <ele>1706.4</ele>
      </trkpt>
      <trkpt lat="45.27009" lon="6.47062">
        <ele>1698.9</ele>
      </trkpt>
      <trkpt lat="45.26997" lon="6.47054">
        <ele>1694.6</ele>
      </trkpt>
      <trkpt lat="45.26991" lon="6.47043">
        <ele>1692.5</ele>
      </trkpt>
      <trkpt lat="45.26991" lon="6.47034">
        <ele>1691.9</ele>
      </trkpt>
      <trkpt lat="45.26998" lon="6.47025">
        <ele>1693.0</ele>
      </trkpt>
      <trkpt lat="45.27009" lon="6.47028">
        <ele>1696.8</ele>
      </trkpt>
      <trkpt lat="45.27024" lon="6.47042">
        <ele>1702.9</ele>
      </trkpt>
      <trkpt lat="45.27031" lon="6.47044">
        <ele>1705.4</ele>
      </trkpt>
      <trkpt lat="45.27039" lon="6.47036">
        <ele>1707.7</ele>
      </trkpt>
      <trkpt lat="45.27039" lon="6.46986">
        <ele>1704.8</ele>
      </trkpt>
      <trkpt lat="45.27045" lon="6.46959">
        <ele>1705.5</ele>
      </trkpt>
      <trkpt lat="45.27063" lon="6.46918">
        <ele>1710.8</ele>
      </trkpt>
      <trkpt lat="45.27082" lon="6.46889">
        <ele>1715.8</ele>
      </trkpt>
      <trkpt lat="45.27108" lon="6.4688">
        <ele>1719.4</ele>
      </trkpt>
      <trkpt lat="45.27157" lon="6.46882">
        <ele>1727.6</ele>
      </trkpt>
      <trkpt lat="45.27207" lon="6.469">
        <ele>1735.2</ele>
      </trkpt>
      <trkpt lat="45.2721" lon="6.46903">
        <ele>1735.9</ele>
      </trkpt>
      <trkpt lat="45.2721" lon="6.46903">
        <ele>1735.9</ele>
      </trkpt>
      <trkpt lat="45.27237" lon="6.46929">
        <ele>1741.8</ele>
      </trkpt>
      <trkpt lat="45.27271" lon="6.4694">
        <ele>1746.5</ele>
      </trkpt>
      <trkpt lat="45.27281" lon="6.46955">
        <ele>1749.1</ele>
      </trkpt>
      <trkpt lat="45.27292" lon="6.46974">
        <ele>1751.7</ele>
      </trkpt>
      <trkpt lat="45.2731" lon="6.46985">
        <ele>1753.4</ele>
      </trkpt>
      <trkpt lat="45.27337" lon="6.47011">
        <ele>1757.9</ele>
      </trkpt>
      <trkpt lat="45.27349" lon="6.47013">
        <ele>1760.4</ele>
      </trkpt>
      <trkpt lat="45.27357" lon="6.47008">
        <ele>1760.8</ele>
      </trkpt>
      <trkpt lat="45.27379" lon="6.46999">
        <ele>1763.2</ele>
      </trkpt>
      <trkpt lat="45.27383" lon="6.46992">
        <ele>1763.5</ele>
      </trkpt>
      <trkpt lat="45.27386" lon="6.46974">
        <ele>1763.2</ele>
      </trkpt>
      <trkpt lat="45.27392" lon="6.46956">
        <ele>1763.2</ele>
      </trkpt>
      <trkpt lat="45.27402" lon="6.46943">
        <ele>1764.2</ele>
      </trkpt>
      <trkpt lat="45.27409" lon="6.46931">
        <ele>1764.6</ele>
      </trkpt>
      <trkpt lat="45.27415" lon="6.46898">
        <ele>1764.3</ele>
      </trkpt>
      <trkpt lat="45.2742" lon="6.46874">
        <ele>1764.7</ele>
      </trkpt>
      <trkpt lat="45.27427" lon="6.46862">
        <ele>1765.8</ele>
      </trkpt>
      <trkpt lat="45.27434" lon="6.46857">
        <ele>1767.0</ele>
      </trkpt>
      <trkpt lat="45.27478" lon="6.46862">
        <ele>1776.2</ele>
      </trkpt>
      <trkpt lat="45.27498" lon="6.46869">
        <ele>1781.0</ele>
      </trkpt>
      <trkpt lat="45.27503" lon="6.46876">
        <ele>1782.7</ele>
      </trkpt>
      <trkpt lat="45.27504" lon="6.46883">
        <ele>1783.6</ele>
      </trkpt>
      <trkpt lat="45.27504" lon="6.46889">
        <ele>1784.2</ele>
      </trkpt>
      <trkpt lat="45.27484" lon="6.46924">
        <ele>1782.8</ele>
      </trkpt>
      <trkpt lat="45.27477" lon="6.46945">
        <ele>1783.1</ele>
      </trkpt>
      <trkpt lat="45.27477" lon="6.46956">
        <ele>1784.3</ele>
      </trkpt>
      <trkpt lat="45.27481" lon="6.46962">
        <ele>1786.0</ele>
      </trkpt>
      <trkpt lat="45.27488" lon="6.46963">
        <ele>1788.1</ele>
      </trkpt>
      <trkpt lat="45.27506" lon="6.46941">
        <ele>1790.3</ele>
      </trkpt>
      <trkpt lat="45.27521" lon="6.46937">
        <ele>1793.3</ele>
      </trkpt>
      <trkpt lat="45.27544" lon="6.46936">
        <ele>1798.6</ele>
      </trkpt>
      <trkpt lat="45.27569" lon="6.46923">
        <ele>1802.0</ele>
      </trkpt>
      <trkpt lat="45.27575" lon="6.46922">
        <ele>1803.2</ele>
      </trkpt>
      <trkpt lat="45.2758" lon="6.46924">
        <ele>1804.7</ele>
      </trkpt>
      <trkpt lat="45.27583" lon="6.46929">
        <ele>1806.3</ele>
      </trkpt>
      <trkpt lat="45.27582" lon="6.46939">
        <ele>1808.0</ele>
      </trkpt>
      <trkpt lat="45.27572" lon="6.46949">
        <ele>1807.4</ele>
      </trkpt>
      <trkpt lat="45.27563" lon="6.46963">
        <ele>1807.7</ele>
      </trkpt>
      <trkpt lat="45.27545" lon="6.47015">
        <ele>1810.9</ele>
      </trkpt>
      <trkpt lat="45.27542" lon="6.47045">
        <ele>1814.0</ele>
      </trkpt>
      <trkpt lat="45.27534" lon="6.47074">
        <ele>1815.6</ele>
      </trkpt>
      <trkpt lat="45.27537" lon="6.47084">
        <ele>1817.8</ele>
      </trkpt>
      <trkpt lat="45.27542" lon="6.47088">
        <ele>1819.9</ele>
      </trkpt>
      <trkpt lat="45.27578" lon="6.47072">
        <ele>1828.0</ele>
      </trkpt>
      <trkpt lat="45.27613" lon="6.47028">
        <ele>1834.6</ele>
      </trkpt>
      <trkpt lat="45.27627" lon="6.47014">
        <ele>1838.0</ele>
      </trkpt>
      <trkpt lat="45.27631" lon="6.4704">
        <ele>1842.7</ele>
      </trkpt>
      <trkpt lat="45.27635" lon="6.47096">
        <ele>1851.4</ele>
      </trkpt>
      <trkpt lat="45.27625" lon="6.47144">
        <ele>1855.1</ele>
      </trkpt>
      <trkpt lat="45.27608" lon="6.47173">
        <ele>1854.5</ele>
      </trkpt>
      <trkpt lat="45.27578" lon="6.47253">
        <ele>1867.0</ele>
      </trkpt>
      <trkpt lat="45.27565" lon="6.47293">
        <ele>1869.7</ele>
      </trkpt>
      <trkpt lat="45.27555" lon="6.47314">
        <ele>1870.7</ele>
      </trkpt>
      <trkpt lat="45.27553" lon="6.47325">
        <ele>1872.1</ele>
      </trkpt>
      <trkpt lat="45.27555" lon="6.47332">
        <ele>1873.7</ele>
      </trkpt>
      <trkpt lat="45.27561" lon="6.47336">
        <ele>1875.5</ele>
      </trkpt>
      <trkpt lat="45.2757" lon="6.47335">
        <ele>1877.3</ele>
      </trkpt>
      <trkpt lat="45.27591" lon="6.47319">
        <ele>1879.1</ele>
      </trkpt>
      <trkpt lat="45.2761" lon="6.47315">
        <ele>1881.4</ele>
      </trkpt>
      <trkpt lat="45.27622" lon="6.47319">
        <ele>1883.6</ele>
      </trkpt>
      <trkpt lat="45.27653" lon="6.47345">
        <ele>1889.8</ele>
      </trkpt>
      <trkpt lat="45.27678" lon="6.47368">
        <ele>1892.6</ele>
      </trkpt>
      <trkpt lat="45.27703" lon="6.47372">
        <ele>1892.5</ele>
      </trkpt>
      <trkpt lat="45.27755" lon="6.47372">
        <ele>1892.7</ele>
      </trkpt>
      <trkpt lat="45.27795" lon="6.4737">
        <ele>1898.7</ele>
      </trkpt>
      <trkpt lat="45.27811" lon="6.47367">
        <ele>1901.2</ele>
      </trkpt>
      <trkpt lat="45.2782" lon="6.47341">
        <ele>1902.7</ele>
      </trkpt>
      <trkpt lat="45.27812" lon="6.47309">
        <ele>1902.3</ele>
      </trkpt>
      <trkpt lat="45.27812" lon="6.47309">
        <ele>1902.3</ele>
      </trkpt>
      <trkpt lat="45.27811" lon="6.47304">
        <ele>1902.3</ele>
      </trkpt>
      <trkpt lat="45.27818" lon="6.4724">
        <ele>1905.4</ele>
      </trkpt>
      <trkpt lat="45.27826" lon="6.47223">
        <ele>1906.8</ele>
      </trkpt>
      <trkpt lat="45.2784" lon="6.47203">
        <ele>1909.2</ele>
      </trkpt>
      <trkpt lat="45.27843" lon="6.47174">
        <ele>1909.1</ele>
      </trkpt>
      <trkpt lat="45.27849" lon="6.47164">
        <ele>1909.8</ele>
      </trkpt>
      <trkpt lat="45.27865" lon="6.47158">
        <ele>1912.6</ele>
      </trkpt>
      <trkpt lat="45.2788" lon="6.4716">
        <ele>1915.6</ele>
      </trkpt>
      <trkpt lat="45.2789" lon="6.47168">
        <ele>1917.9</ele>
      </trkpt>
      <trkpt lat="45.27916" lon="6.47211">
        <ele>1925.0</ele>
      </trkpt>
      <trkpt lat="45.27938" lon="6.47261">
        <ele>1932.6</ele>
      </trkpt>
      <trkpt lat="45.27933" lon="6.47291">
        <ele>1932.0</ele>
      </trkpt>
      <trkpt lat="45.27934" lon="6.47302">
        <ele>1932.5</ele>
      </trkpt>
      <trkpt lat="45.27938" lon="6.47312">
        <ele>1933.7</ele>
      </trkpt>
      <trkpt lat="45.27956" lon="6.47341">
        <ele>1938.4</ele>
      </trkpt>
      <trkpt lat="45.27959" lon="6.47429">
        <ele>1940.2</ele>
      </trkpt>
      <trkpt lat="45.27972" lon="6.47475">
        <ele>1947.8</ele>
      </trkpt>
      <trkpt lat="45.27992" lon="6.47505">
        <ele>1956.7</ele>
      </trkpt>
      <trkpt lat="45.27997" lon="6.4754">
        <ele>1960.0</ele>
      </trkpt>
      <trkpt lat="45.28006" lon="6.47571">
        <ele>1963.8</ele>
      </trkpt>
      <trkpt lat="45.28009" lon="6.47602">
        <ele>1966.0</ele>
      </trkpt>
      <trkpt lat="45.28017" lon="6.47627">
        <ele>1969.2</ele>
      </trkpt>
      <trkpt lat="45.28023" lon="6.4763">
        <ele>1971.0</ele>
      </trkpt>
      <trkpt lat="45.28029" lon="6.47626">
        <ele>1972.4</ele>
      </trkpt>
      <trkpt lat="45.28028" lon="6.4759">
        <ele>1970.1</ele>
      </trkpt>
      <trkpt lat="45.28032" lon="6.4758">
        <ele>1970.4</ele>
      </trkpt>
      <trkpt lat="45.28037" lon="6.47582">
        <ele>1971.8</ele>
      </trkpt>
      <trkpt lat="45.28041" lon="6.47588">
        <ele>1973.1</ele>
      </trkpt>
      <trkpt lat="45.28042" lon="6.476">
        <ele>1974.2</ele>
      </trkpt>
      <trkpt lat="45.2805" lon="6.47621">
        <ele>1977.7</ele>
      </trkpt>
      <trkpt lat="45.28055" lon="6.47648">
        <ele>1981.1</ele>
      </trkpt>
      <trkpt lat="45.28063" lon="6.47679">
        <ele>1986.1</ele>
      </trkpt>
      <trkpt lat="45.28067" lon="6.47703">
        <ele>1989.5</ele>
      </trkpt>
      <trkpt lat="45.28068" lon="6.47746">
        <ele>1993.8</ele>
      </trkpt>
      <trkpt lat="45.28072" lon="6.47769">
        <ele>1996.3</ele>
      </trkpt>
      <trkpt lat="45.28084" lon="6.47791">
        <ele>2000.1</ele>
      </trkpt>
      <trkpt lat="45.28121" lon="6.47827">
        <ele>2008.3</ele>
      </trkpt>
      <trkpt lat="45.28148" lon="6.47839">
        <ele>2012.8</ele>
      </trkpt>
      <trkpt lat="45.28157" lon="6.47836">
        <ele>2014.3</ele>
      </trkpt>
      <trkpt lat="45.28162" lon="6.4783">
        <ele>2015.3</ele>
      </trkpt>
      <trkpt lat="45.28163" lon="6.47816">
        <ele>2015.9</ele>
      </trkpt>
      <trkpt lat="45.28149" lon="6.47772">
        <ele>2014.1</ele>
      </trkpt>
      <trkpt lat="45.2815" lon="6.47764">
        <ele>2014.5</ele>
      </trkpt>
      <trkpt lat="45.28154" lon="6.47756">
        <ele>2015.7</ele>
      </trkpt>
      <trkpt lat="45.28161" lon="6.47752">
        <ele>2017.5</ele>
      </trkpt>
      <trkpt lat="45.28174" lon="6.47765">
        <ele>2020.1</ele>
      </trkpt>
      <trkpt lat="45.28191" lon="6.47768">
        <ele>2024.0</ele>
      </trkpt>
      <trkpt lat="45.28208" lon="6.47761">
        <ele>2028.1</ele>
      </trkpt>
      <trkpt lat="45.28224" lon="6.47737">
        <ele>2030.7</ele>
      </trkpt>
      <trkpt lat="45.28239" lon="6.47722">
        <ele>2032.7</ele>
      </trkpt>
      <trkpt lat="45.28247" lon="6.47722">
        <ele>2034.6</ele>
      </trkpt>
      <trkpt lat="45.2825" lon="6.47727">
        <ele>2035.8</ele>
      </trkpt>
      <trkpt lat="45.28251" lon="6.47751">
        <ele>2038.3</ele>
      </trkpt>
      <trkpt lat="45.28255" lon="6.47775">
        <ele>2038.7</ele>
      </trkpt>
      <trkpt lat="45.28265" lon="6.47792">
        <ele>2040.9</ele>
      </trkpt>
      <trkpt lat="45.28279" lon="6.47805">
        <ele>2044.0</ele>
      </trkpt>
      <trkpt lat="45.28285" lon="6.47808">
        <ele>2045.4</ele>
      </trkpt>
      <trkpt lat="45.28292" lon="6.47809">
        <ele>2047.1</ele>
      </trkpt>
      <trkpt lat="45.28296" lon="6.47804">
        <ele>2048.3</ele>
      </trkpt>
      <trkpt lat="45.28299" lon="6.47797">
        <ele>2049.4</ele>
      </trkpt>
      <trkpt lat="45.28302" lon="6.47779">
        <ele>2051.0</ele>
      </trkpt>
      <trkpt lat="45.28322" lon="6.47728">
        <ele>2056.9</ele>
      </trkpt>
      <trkpt lat="45.28338" lon="6.47695">
        <ele>2060.5</ele>
      </trkpt>
      <trkpt lat="45.28357" lon="6.47664">
        <ele>2065.7</ele>
      </trkpt>
      <trkpt lat="45.28371" lon="6.47633">
        <ele>2067.4</ele>
      </trkpt>
      <trkpt lat="45.28386" lon="6.47607">
        <ele>2070.2</ele>
      </trkpt>
      <trkpt lat="45.2839" lon="6.47597">
        <ele>2070.7</ele>
      </trkpt>
      <trkpt lat="45.28392" lon="6.47584">
        <ele>2070.2</ele>
      </trkpt>
      <trkpt lat="45.28391" lon="6.47564">
        <ele>2069.2</ele>
      </trkpt>
      <trkpt lat="45.28392" lon="6.47541">
        <ele>2068.8</ele>
      </trkpt>
      <trkpt lat="45.28397" lon="6.47515">
        <ele>2069.9</ele>
      </trkpt>
      <trkpt lat="45.28397" lon="6.47515">
        <ele>2069.9</ele>
      </trkpt>
      <trkpt lat="45.28401" lon="6.47496">
        <ele>2071.4</ele>
      </trkpt>
      <trkpt lat="45.28399" lon="6.47471">
        <ele>2073.3</ele>
      </trkpt>
      <trkpt lat="45.284" lon="6.47443">
        <ele>2076.6</ele>
      </trkpt>
      <trkpt lat="45.28391" lon="6.47418">
        <ele>2076.2</ele>
      </trkpt>
      <trkpt lat="45.28376" lon="6.47345">
        <ele>2080.3</ele>
      </trkpt>
      <trkpt lat="45.28373" lon="6.47332">
        <ele>2081.0</ele>
      </trkpt>
      <trkpt lat="45.2836" lon="6.47314">
        <ele>2078.6</ele>
      </trkpt>
      <trkpt lat="45.28355" lon="6.47305">
        <ele>2077.9</ele>
      </trkpt>
      <trkpt lat="45.28341" lon="6.47252">
        <ele>2078.7</ele>
      </trkpt>
      <trkpt lat="45.28331" lon="6.47234">
        <ele>2074.9</ele>
      </trkpt>
      <trkpt lat="45.28331" lon="6.47227">
        <ele>2074.4</ele>
      </trkpt>
      <trkpt lat="45.28333" lon="6.47224">
        <ele>2074.7</ele>
      </trkpt>
      <trkpt lat="45.2834" lon="6.47222">
        <ele>2076.2</ele>
      </trkpt>
      <trkpt lat="45.28354" lon="6.47225">
        <ele>2079.7</ele>
      </trkpt>
      <trkpt lat="45.28359" lon="6.47234">
        <ele>2081.8</ele>
      </trkpt>
      <trkpt lat="45.28371" lon="6.47245">
        <ele>2085.9</ele>
      </trkpt>
      <trkpt lat="45.28396" lon="6.47261">
        <ele>2092.1</ele>
      </trkpt>
      <trkpt lat="45.28442" lon="6.47286">
        <ele>2100.3</ele>
      </trkpt>
      <trkpt lat="45.28453" lon="6.47295">
        <ele>2102.2</ele>
      </trkpt>
      <trkpt lat="45.28486" lon="6.47312">
        <ele>2109.1</ele>
      </trkpt>
      <trkpt lat="45.28529" lon="6.4736">
        <ele>2118.2</ele>
      </trkpt>
      <trkpt lat="45.28543" lon="6.47368">
        <ele>2121.1</ele>
      </trkpt>
      <trkpt lat="45.28572" lon="6.47389">
        <ele>2129.5</ele>
      </trkpt>
      <trkpt lat="45.28591" lon="6.47395">
        <ele>2134.7</ele>
      </trkpt>
      <trkpt lat="45.28626" lon="6.47401">
        <ele>2143.2</ele>
      </trkpt>
      <trkpt lat="45.28658" lon="6.47399">
        <ele>2149.6</ele>
      </trkpt>
      <trkpt lat="45.28679" lon="6.47399">
        <ele>2152.5</ele>
      </trkpt>
      <trkpt lat="45.28685" lon="6.47397">
        <ele>2152.6</ele>
      </trkpt>
      <trkpt lat="45.2869" lon="6.47391">
        <ele>2152.0</ele>
      </trkpt>
      <trkpt lat="45.28701" lon="6.47371">
        <ele>2149.5</ele>
      </trkpt>
      <trkpt lat="45.28707" lon="6.47368">
        <ele>2149.7</ele>
      </trkpt>
      <trkpt lat="45.28716" lon="6.47368">
        <ele>2150.7</ele>
      </trkpt>
      <trkpt lat="45.28728" lon="6.47376">
        <ele>2153.3</ele>
      </trkpt>
      <trkpt lat="45.28738" lon="6.47381">
        <ele>2155.1</ele>
      </trkpt>
      <trkpt lat="45.28766" lon="6.47381">
        <ele>2158.5</ele>
      </trkpt>
      <trkpt lat="45.28772" lon="6.47379">
        <ele>2159.1</ele>
      </trkpt>
      <trkpt lat="45.28799" lon="6.47363">
        <ele>2161.7</ele>
      </trkpt>
      <trkpt lat="45.28799" lon="6.47363">
        <ele>2161.7</ele>
      </trkpt>
      <trkpt lat="45.28808" lon="6.47358">
        <ele>2162.7</ele>
      </trkpt>
      <trkpt lat="45.28815" lon="6.47347">
        <ele>2163.3</ele>
      </trkpt>
      <trkpt lat="45.28812" lon="6.47336">
        <ele>2162.1</ele>
      </trkpt>
      <trkpt lat="45.28799" lon="6.47305">
        <ele>2161.3</ele>
      </trkpt>
      <trkpt lat="45.28802" lon="6.47261">
        <ele>2165.0</ele>
      </trkpt>
      <trkpt lat="45.2881" lon="6.47251">
        <ele>2167.8</ele>
      </trkpt>
      <trkpt lat="45.2882" lon="6.4725">
        <ele>2170.5</ele>
      </trkpt>
      <trkpt lat="45.28828" lon="6.4726">
        <ele>2171.7</ele>
      </trkpt>
      <trkpt lat="45.28835" lon="6.47275">
        <ele>2172.2</ele>
      </trkpt>
      <trkpt lat="45.28842" lon="6.4728">
        <ele>2174.3</ele>
      </trkpt>
      <trkpt lat="45.28853" lon="6.47282">
        <ele>2178.2</ele>
      </trkpt>
      <trkpt lat="45.28863" lon="6.47278">
        <ele>2182.1</ele>
      </trkpt>
      <trkpt lat="45.28868" lon="6.47264">
        <ele>2184.6</ele>
      </trkpt>
      <trkpt lat="45.28873" lon="6.47241">
        <ele>2188.5</ele>
      </trkpt>
      <trkpt lat="45.28872" lon="6.47234">
        <ele>2189.5</ele>
      </trkpt>
      <trkpt lat="45.28872" lon="6.47234">
        <ele>2189.5</ele>
      </trkpt>
      <trkpt lat="45.28871" lon="6.47229">
        <ele>2190.1</ele>
      </trkpt>
      <trkpt lat="45.28843" lon="6.47206">
        <ele>2185.9</ele>
      </trkpt>
      <trkpt lat="45.28797" lon="6.47153">
        <ele>2183.6</ele>
      </trkpt>
      <trkpt lat="45.28797" lon="6.47153">
        <ele>2183.6</ele>
      </trkpt>
      <trkpt lat="45.28781" lon="6.47132">
        <ele>2184.2</ele>
      </trkpt>
      <trkpt lat="45.28774" lon="6.47116">
        <ele>2186.1</ele>
      </trkpt>
      <trkpt lat="45.2875" lon="6.47091">
        <ele>2185.1</ele>
      </trkpt>
      <trkpt lat="45.28742" lon="6.47077">
        <ele>2183.7</ele>
      </trkpt>
      <trkpt lat="45.28741" lon="6.47063">
        <ele>2184.5</ele>
      </trkpt>
      <trkpt lat="45.28749" lon="6.47029">
        <ele>2191.7</ele>
      </trkpt>
      <trkpt lat="45.28746" lon="6.46928">
        <ele>2195.4</ele>
      </trkpt>
      <trkpt lat="45.28734" lon="6.46907">
        <ele>2188.6</ele>
      </trkpt>
      <trkpt lat="45.28732" lon="6.469">
        <ele>2187.2</ele>
      </trkpt>
      <trkpt lat="45.28736" lon="6.46897">
        <ele>2189.4</ele>
      </trkpt>
      <trkpt lat="45.28742" lon="6.46898">
        <ele>2192.8</ele>
      </trkpt>
      <trkpt lat="45.28755" lon="6.46915">
        <ele>2200.3</ele>
      </trkpt>
      <trkpt lat="45.28755" lon="6.46952">
        <ele>2199.1</ele>
      </trkpt>
      <trkpt lat="45.28761" lon="6.46977">
        <ele>2200.8</ele>
      </trkpt>
      <trkpt lat="45.28767" lon="6.47032">
        <ele>2198.6</ele>
      </trkpt>
      <trkpt lat="45.28772" lon="6.4705">
        <ele>2198.2</ele>
      </trkpt>
      <trkpt lat="45.28782" lon="6.47058">
        <ele>2200.7</ele>
      </trkpt>
      <trkpt lat="45.28793" lon="6.47056">
        <ele>2204.9</ele>
      </trkpt>
      <trkpt lat="45.28803" lon="6.47052">
        <ele>2209.2</ele>
      </trkpt>
      <trkpt lat="45.28811" lon="6.47061">
        <ele>2210.3</ele>
      </trkpt>
      <trkpt lat="45.28819" lon="6.47081">
        <ele>2209.0</ele>
      </trkpt>
      <trkpt lat="45.28842" lon="6.47099">
        <ele>2211.3</ele>
      </trkpt>
      <trkpt lat="45.28873" lon="6.47092">
        <ele>2221.7</ele>
      </trkpt>
      <trkpt lat="45.28881" lon="6.47086">
        <ele>2225.5</ele>
      </trkpt>
      <trkpt lat="45.28881" lon="6.47073">
        <ele>2228.6</ele>
      </trkpt>
      <trkpt lat="45.28869" lon="6.47037">
        <ele>2233.6</ele>
      </trkpt>
      <trkpt lat="45.28861" lon="6.47025">
        <ele>2234.2</ele>
      </trkpt>
      <trkpt lat="45.2884" lon="6.46997">
        <ele>2234.2</ele>
      </trkpt>
      <trkpt lat="45.2883" lon="6.46951">
        <ele>2234.0</ele>
      </trkpt>
      <trkpt lat="45.28831" lon="6.46933">
        <ele>2235.7</ele>
      </trkpt>
      <trkpt lat="45.28838" lon="6.46919">
        <ele>2239.7</ele>
      </trkpt>
      <trkpt lat="45.28848" lon="6.46917">
        <ele>2243.8</ele>
      </trkpt>
      <trkpt lat="45.28856" lon="6.46922">
        <ele>2246.4</ele>
      </trkpt>
      <trkpt lat="45.28872" lon="6.46941">
        <ele>2250.3</ele>
      </trkpt>
      <trkpt lat="45.2889" lon="6.4699">
        <ele>2249.8</ele>
      </trkpt>
      <trkpt lat="45.28901" lon="6.47005">
        <ele>2250.3</ele>
      </trkpt>
      <trkpt lat="45.28907" lon="6.47009">
        <ele>2251.1</ele>
      </trkpt>
      <trkpt lat="45.2891" lon="6.47003">
        <ele>2253.4</ele>
      </trkpt>
      <trkpt lat="45.28915" lon="6.46985">
        <ele>2258.2</ele>
      </trkpt>
      <trkpt lat="45.28919" lon="6.46977">
        <ele>2260.9</ele>
      </trkpt>
      <trkpt lat="45.28932" lon="6.46969">
        <ele>2266.6</ele>
      </trkpt>
      <trkpt lat="45.28938" lon="6.46967">
        <ele>2269.0</ele>
      </trkpt>
      <trkpt lat="45.2894" lon="6.46963">
        <ele>2270.5</ele>
      </trkpt>
      <trkpt lat="45.28936" lon="6.46958">
        <ele>2270.2</ele>
      </trkpt>
      <trkpt lat="45.28922" lon="6.46958">
        <ele>2265.4</ele>
      </trkpt>
      <trkpt lat="45.28917" lon="6.46955">
        <ele>2264.2</ele>
      </trkpt>
      <trkpt lat="45.28918" lon="6.46948">
        <ele>2265.8</ele>
      </trkpt>
      <trkpt lat="45.28932" lon="6.46927">
        <ele>2275.0</ele>
      </trkpt>
      <trkpt lat="45.28953" lon="6.46925">
        <ele>2283.5</ele>
      </trkpt>
      <trkpt lat="45.28965" lon="6.46898">
        <ele>2292.6</ele>
      </trkpt>
      <trkpt lat="45.28974" lon="6.46845">
        <ele>2303.9</ele>
      </trkpt>
      <trkpt lat="45.28969" lon="6.46836">
        <ele>2302.6</ele>
      </trkpt>
      <trkpt lat="45.2896" lon="6.46827">
        <ele>2298.0</ele>
      </trkpt>
      <trkpt lat="45.28958" lon="6.46818">
        <ele>2296.3</ele>
      </trkpt>
      <trkpt lat="45.28959" lon="6.46811">
        <ele>2296.4</ele>
      </trkpt>
      <trkpt lat="45.28971" lon="6.46803">
        <ele>2302.9</ele>
      </trkpt>
      <trkpt lat="45.28983" lon="6.46792">
        <ele>2309.7</ele>
      </trkpt>
      <trkpt lat="45.28989" lon="6.46791">
        <ele>2313.3</ele>
      </trkpt>
      <trkpt lat="45.28995" lon="6.46796">
        <ele>2316.9</ele>
      </trkpt>
      <trkpt lat="45.28997" lon="6.46802">
        <ele>2318.0</ele>
      </trkpt>
      <trkpt lat="45.28998" lon="6.46823">
        <ele>2318.2</ele>
      </trkpt>
      <trkpt lat="45.29006" lon="6.46862">
        <ele>2316.2</ele>
      </trkpt>
      <trkpt lat="45.29013" lon="6.46872">
        <ele>2317.1</ele>
      </trkpt>
      <trkpt lat="45.29048" lon="6.46907">
        <ele>2323.3</ele>
      </trkpt>
      <trkpt lat="45.29053" lon="6.46909">
        <ele>2324.7</ele>
      </trkpt>
      <trkpt lat="45.29056" lon="6.46906">
        <ele>2326.4</ele>
      </trkpt>
      <trkpt lat="45.29056" lon="6.469">
        <ele>2327.7</ele>
      </trkpt>
      <trkpt lat="45.29049" lon="6.46875">
        <ele>2330.3</ele>
      </trkpt>
      <trkpt lat="45.29039" lon="6.46857">
        <ele>2330.1</ele>
      </trkpt>
      <trkpt lat="45.2904" lon="6.4684">
        <ele>2334.0</ele>
      </trkpt>
      <trkpt lat="45.2904" lon="6.46819">
        <ele>2336.0</ele>
      </trkpt>
      <trkpt lat="45.29045" lon="6.46813">
        <ele>2338.4</ele>
      </trkpt>
      <trkpt lat="45.29049" lon="6.46808">
        <ele>2340.3</ele>
      </trkpt>
      <trkpt lat="45.29054" lon="6.46813">
        <ele>2342.2</ele>
      </trkpt>
      <trkpt lat="45.2906" lon="6.46844">
        <ele>2341.2</ele>
      </trkpt>
      <trkpt lat="45.29069" lon="6.46863">
        <ele>2340.6</ele>
      </trkpt>
      <trkpt lat="45.29085" lon="6.46877">
        <ele>2343.5</ele>
      </trkpt>
      <trkpt lat="45.29104" lon="6.46885">
        <ele>2347.2</ele>
      </trkpt>
      <trkpt lat="45.29142" lon="6.4689">
        <ele>2357.3</ele>
      </trkpt>
      <trkpt lat="45.29161" lon="6.46882">
        <ele>2364.2</ele>
      </trkpt>
      <trkpt lat="45.29183" lon="6.46883">
        <ele>2367.1</ele>
      </trkpt>
      <trkpt lat="45.292" lon="6.4689">
        <ele>2367.6</ele>
      </trkpt>
      <trkpt lat="45.29213" lon="6.46912">
        <ele>2365.7</ele>
      </trkpt>
      <trkpt lat="45.29218" lon="6.4692">
        <ele>2365.0</ele>
      </trkpt>
      <trkpt lat="45.29228" lon="6.46941">
        <ele>2362.5</ele>
      </trkpt>
      <trkpt lat="45.29239" lon="6.46953">
        <ele>2361.9</ele>
      </trkpt>
      <trkpt lat="45.29255" lon="6.46959">
        <ele>2361.8</ele>
      </trkpt>
      <trkpt lat="45.29285" lon="6.46957">
        <ele>2358.7</ele>
      </trkpt>
      <trkpt lat="45.29297" lon="6.4695">
        <ele>2358.2</ele>
      </trkpt>
      <trkpt lat="45.29309" lon="6.46931">
        <ele>2358.9</ele>
      </trkpt>
      <trkpt lat="45.29309" lon="6.46931">
        <ele>2358.9</ele>
      </trkpt>
      <trkpt lat="45.29331" lon="6.46897">
        <ele>2359.9</ele>
      </trkpt>
      <trkpt lat="45.29342" lon="6.46872">
        <ele>2361.8</ele>
      </trkpt>
      <trkpt lat="45.29351" lon="6.46868">
        <ele>2361.3</ele>
      </trkpt>
      <trkpt lat="45.2936" lon="6.46875">
        <ele>2359.1</ele>
      </trkpt>
      <trkpt lat="45.2941" lon="6.4693">
        <ele>2344.1</ele>
      </trkpt>
      <trkpt lat="45.29442" lon="6.46928">
        <ele>2338.5</ele>
      </trkpt>
      <trkpt lat="45.29486" lon="6.46941">
        <ele>2329.0</ele>
      </trkpt>
      <trkpt lat="45.29539" lon="6.46961">
        <ele>2318.6</ele>
      </trkpt>
      <trkpt lat="45.29558" lon="6.4696">
        <ele>2316.0</ele>
      </trkpt>
      <trkpt lat="45.29562" lon="6.46947">
        <ele>2316.8</ele>
      </trkpt>
      <trkpt lat="45.29562" lon="6.46905">
        <ele>2321.7</ele>
      </trkpt>
      <trkpt lat="45.29571" lon="6.46893">
        <ele>2321.8</ele>
      </trkpt>
      <trkpt lat="45.29614" lon="6.46868">
        <ele>2315.4</ele>
      </trkpt>
      <trkpt lat="45.29625" lon="6.46852">
        <ele>2315.2</ele>
      </trkpt>
      <trkpt lat="45.29639" lon="6.46834">
        <ele>2314.9</ele>
      </trkpt>
      <trkpt lat="45.2966" lon="6.46822">
        <ele>2311.1</ele>
      </trkpt>
      <trkpt lat="45.29674" lon="6.46807">
        <ele>2309.4</ele>
      </trkpt>
      <trkpt lat="45.29697" lon="6.46803">
        <ele>2306.1</ele>
      </trkpt>
      <trkpt lat="45.29716" lon="6.46783">
        <ele>2304.3</ele>
      </trkpt>
      <trkpt lat="45.29717" lon="6.46771">
        <ele>2304.9</ele>
      </trkpt>
      <trkpt lat="45.29713" lon="6.46755">
        <ele>2306.5</ele>
      </trkpt>
      <trkpt lat="45.29706" lon="6.46744">
        <ele>2308.3</ele>
      </trkpt>
      <trkpt lat="45.29697" lon="6.46736">
        <ele>2310.2</ele>
      </trkpt>
      <trkpt lat="45.29669" lon="6.46745">
        <ele>2313.9</ele>
      </trkpt>
      <trkpt lat="45.29641" lon="6.46735">
        <ele>2319.9</ele>
      </trkpt>
      <trkpt lat="45.29633" lon="6.46734">
        <ele>2321.5</ele>
      </trkpt>
      <trkpt lat="45.29578" lon="6.46733">
        <ele>2332.4</ele>
      </trkpt>
      <trkpt lat="45.29557" lon="6.46714">
        <ele>2336.7</ele>
      </trkpt>
      <trkpt lat="45.29519" lon="6.46666">
        <ele>2343.2</ele>
      </trkpt>
      <trkpt lat="45.29493" lon="6.46618">
        <ele>2347.9</ele>
      </trkpt>
      <trkpt lat="45.29479" lon="6.46504">
        <ele>2345.4</ele>
      </trkpt>
      <trkpt lat="45.29479" lon="6.46504">
        <ele>2345.4</ele>
      </trkpt>
      <trkpt lat="45.29478" lon="6.46496">
        <ele>2345.2</ele>
      </trkpt>
      <trkpt lat="45.29482" lon="6.46469">
        <ele>2344.3</ele>
      </trkpt>
      <trkpt lat="45.29504" lon="6.46446">
        <ele>2342.3</ele>
      </trkpt>
      <trkpt lat="45.29535" lon="6.46438">
        <ele>2339.4</ele>
      </trkpt>
      <trkpt lat="45.29575" lon="6.46438">
        <ele>2335.8</ele>
      </trkpt>
      <trkpt lat="45.29623" lon="6.46466">
        <ele>2330.4</ele>
      </trkpt>
      <trkpt lat="45.2963" lon="6.46468">
        <ele>2329.7</ele>
      </trkpt>
      <trkpt lat="45.29657" lon="6.46467">
        <ele>2326.5</ele>
      </trkpt>
      <trkpt lat="45.29685" lon="6.46476">
        <ele>2323.2</ele>
      </trkpt>
      <trkpt lat="45.29717" lon="6.46467">
        <ele>2318.2</ele>
      </trkpt>
      <trkpt lat="45.29764" lon="6.4648">
        <ele>2312.2</ele>
      </trkpt>
      <trkpt lat="45.29793" lon="6.46498">
        <ele>2309.2</ele>
      </trkpt>
      <trkpt lat="45.29827" lon="6.46533">
        <ele>2304.8</ele>
      </trkpt>
      <trkpt lat="45.29855" lon="6.46575">
        <ele>2301.2</ele>
      </trkpt>
      <trkpt lat="45.29887" lon="6.46604">
        <ele>2295.3</ele>
      </trkpt>
      <trkpt lat="45.29907" lon="6.46621">
        <ele>2291.2</ele>
      </trkpt>
      <trkpt lat="45.29946" lon="6.46602">
        <ele>2288.5</ele>
      </trkpt>
      <trkpt lat="45.29952" lon="6.46574">
        <ele>2289.9</ele>
      </trkpt>
      <trkpt lat="45.29965" lon="6.46567">
        <ele>2288.9</ele>
      </trkpt>
      <trkpt lat="45.30005" lon="6.46567">
        <ele>2285.2</ele>
      </trkpt>
      <trkpt lat="45.30051" lon="6.46596">
        <ele>2278.3</ele>
      </trkpt>
      <trkpt lat="45.30116" lon="6.46607">
        <ele>2272.3</ele>
      </trkpt>
      <trkpt lat="45.30174" lon="6.46622">
        <ele>2269.2</ele>
      </trkpt>
      <trkpt lat="45.30192" lon="6.46623">
        <ele>2268.0</ele>
      </trkpt>
      <trkpt lat="45.30192" lon="6.46623">
        <ele>2268.0</ele>
      </trkpt>
      <trkpt lat="45.30221" lon="6.46625">
        <ele>2266.2</ele>
      </trkpt>
      <trkpt lat="45.30273" lon="6.46676">
        <ele>2259.2</ele>
      </trkpt>
      <trkpt lat="45.30313" lon="6.46738">
        <ele>2253.7</ele>
      </trkpt>
      <trkpt lat="45.30353" lon="6.46814">
        <ele>2244.6</ele>
      </trkpt>
      <trkpt lat="45.3039" lon="6.46862">
        <ele>2238.5</ele>
      </trkpt>
      <trkpt lat="45.30441" lon="6.46914">
        <ele>2231.9</ele>
      </trkpt>
      <trkpt lat="45.30484" lon="6.46941">
        <ele>2227.9</ele>
      </trkpt>
      <trkpt lat="45.3051" lon="6.46952">
        <ele>2223.2</ele>
      </trkpt>
      <trkpt lat="45.30537" lon="6.4693">
        <ele>2217.9</ele>
      </trkpt>
      <trkpt lat="45.30548" lon="6.46903">
        <ele>2214.6</ele>
      </trkpt>
      <trkpt lat="45.30559" lon="6.4689">
        <ele>2209.9</ele>
      </trkpt>
      <trkpt lat="45.30586" lon="6.46896">
        <ele>2201.2</ele>
      </trkpt>
      <trkpt lat="45.30634" lon="6.46934">
        <ele>2191.2</ele>
      </trkpt>
      <trkpt lat="45.30682" lon="6.46971">
        <ele>2184.7</ele>
      </trkpt>
      <trkpt lat="45.30704" lon="6.46999">
        <ele>2185.0</ele>
      </trkpt>
      <trkpt lat="45.3074" lon="6.47008">
        <ele>2179.2</ele>
      </trkpt>
      <trkpt lat="45.30766" lon="6.47026">
        <ele>2173.3</ele>
      </trkpt>
      <trkpt lat="45.30796" lon="6.4704">
        <ele>2166.0</ele>
      </trkpt>
      <trkpt lat="45.30832" lon="6.4704">
        <ele>2157.8</ele>
      </trkpt>
      <trkpt lat="45.30875" lon="6.47035">
        <ele>2140.9</ele>
      </trkpt>
      <trkpt lat="45.30876" lon="6.47018">
        <ele>2139.6</ele>
      </trkpt>
      <trkpt lat="45.30867" lon="6.46998">
        <ele>2142.1</ele>
      </trkpt>
      <trkpt lat="45.30871" lon="6.46945">
        <ele>2130.6</ele>
      </trkpt>
      <trkpt lat="45.30856" lon="6.4691">
        <ele>2128.8</ele>
      </trkpt>
      <trkpt lat="45.30824" lon="6.46885">
        <ele>2131.7</ele>
      </trkpt>
      <trkpt lat="45.30812" lon="6.46857">
        <ele>2125.8</ele>
      </trkpt>
      <trkpt lat="45.30808" lon="6.46832">
        <ele>2118.7</ele>
      </trkpt>
      <trkpt lat="45.30814" lon="6.46829">
        <ele>2117.1</ele>
      </trkpt>
      <trkpt lat="45.30835" lon="6.46844">
        <ele>2118.4</ele>
      </trkpt>
      <trkpt lat="45.30855" lon="6.46846">
        <ele>2113.4</ele>
      </trkpt>
      <trkpt lat="45.30881" lon="6.46831">
        <ele>2102.8</ele>
      </trkpt>
      <trkpt lat="45.30917" lon="6.46846">
        <ele>2096.3</ele>
      </trkpt>
      <trkpt lat="45.30948" lon="6.46861">
        <ele>2087.3</ele>
      </trkpt>
      <trkpt lat="45.30984" lon="6.46888">
        <ele>2077.1</ele>
      </trkpt>
      <trkpt lat="45.31003" lon="6.46906">
        <ele>2072.0</ele>
      </trkpt>
      <trkpt lat="45.31014" lon="6.46898">
        <ele>2068.3</ele>
      </trkpt>
      <trkpt lat="45.31013" lon="6.46859">
        <ele>2063.6</ele>
      </trkpt>
      <trkpt lat="45.31021" lon="6.46841">
        <ele>2059.2</ele>
      </trkpt>
      <trkpt lat="45.3103" lon="6.46841">
        <ele>2056.7</ele>
      </trkpt>
      <trkpt lat="45.31048" lon="6.46855">
        <ele>2053.8</ele>
      </trkpt>
      <trkpt lat="45.31121" lon="6.46903">
        <ele>2038.5</ele>
      </trkpt>
      <trkpt lat="45.31121" lon="6.46903">
        <ele>2038.5</ele>
      </trkpt>
      <trkpt lat="45.31141" lon="6.46916">
        <ele>2034.5</ele>
      </trkpt>
      <trkpt lat="45.31158" lon="6.46943">
        <ele>2024.8</ele>
      </trkpt>
      <trkpt lat="45.31172" lon="6.46954">
        <ele>2018.4</ele>
      </trkpt>
      <trkpt lat="45.31195" lon="6.46955">
        <ele>2010.6</ele>
      </trkpt>
      <trkpt lat="45.31218" lon="6.46938">
        <ele>2003.9</ele>
      </trkpt>
      <trkpt lat="45.31214" lon="6.46918">
        <ele>2006.6</ele>
      </trkpt>
      <trkpt lat="45.31185" lon="6.46858">
        <ele>2003.3</ele>
      </trkpt>
      <trkpt lat="45.31177" lon="6.46823">
        <ele>1997.6</ele>
      </trkpt>
      <trkpt lat="45.31186" lon="6.46808">
        <ele>1990.6</ele>
      </trkpt>
      <trkpt lat="45.31197" lon="6.46836">
        <ele>1993.0</ele>
      </trkpt>
      <trkpt lat="45.31214" lon="6.46855">
        <ele>1991.2</ele>
      </trkpt>
      <trkpt lat="45.31249" lon="6.46876">
        <ele>1982.6</ele>
      </trkpt>
      <trkpt lat="45.31284" lon="6.46898">
        <ele>1973.6</ele>
      </trkpt>
      <trkpt lat="45.31289" lon="6.46891">
        <ele>1970.1</ele>
      </trkpt>
      <trkpt lat="45.31284" lon="6.46862">
        <ele>1966.3</ele>
      </trkpt>
      <trkpt lat="45.31267" lon="6.46831">
        <ele>1965.7</ele>
      </trkpt>
      <trkpt lat="45.31274" lon="6.4682">
        <ele>1960.6</ele>
      </trkpt>
      <trkpt lat="45.31284" lon="6.4682">
        <ele>1957.3</ele>
      </trkpt>
      <trkpt lat="45.31308" lon="6.46839">
        <ele>1953.5</ele>
      </trkpt>
      <trkpt lat="45.3133" lon="6.46836">
        <ele>1945.5</ele>
      </trkpt>
      <trkpt lat="45.3133" lon="6.46818">
        <ele>1941.8</ele>
      </trkpt>
      <trkpt lat="45.31323" lon="6.46791">
        <ele>1938.1</ele>
      </trkpt>
      <trkpt lat="45.31287" lon="6.46782">
        <ele>1947.1</ele>
      </trkpt>
      <trkpt lat="45.31271" lon="6.46759">
        <ele>1946.2</ele>
      </trkpt>
      <trkpt lat="45.31276" lon="6.46731">
        <ele>1939.1</ele>
      </trkpt>
      <trkpt lat="45.31277" lon="6.46684">
        <ele>1930.3</ele>
      </trkpt>
      <trkpt lat="45.31297" lon="6.46676">
        <ele>1924.4</ele>
      </trkpt>
      <trkpt lat="45.31322" lon="6.46695">
        <ele>1921.5</ele>
      </trkpt>
      <trkpt lat="45.31335" lon="6.46709">
        <ele>1920.5</ele>
      </trkpt>
      <trkpt lat="45.31346" lon="6.46739">
        <ele>1922.6</ele>
      </trkpt>
      <trkpt lat="45.3136" lon="6.4674">
        <ele>1920.4</ele>
      </trkpt>
      <trkpt lat="45.31372" lon="6.46721">
        <ele>1919.1</ele>
      </trkpt>
      <trkpt lat="45.31383" lon="6.46724">
        <ele>1918.0</ele>
      </trkpt>
      <trkpt lat="45.31389" lon="6.46751">
        <ele>1914.7</ele>
      </trkpt>
      <trkpt lat="45.31408" lon="6.46764">
        <ele>1910.6</ele>
      </trkpt>
      <trkpt lat="45.31413" lon="6.46796">
        <ele>1908.6</ele>
      </trkpt>
      <trkpt lat="45.31432" lon="6.46837">
        <ele>1904.4</ele>
      </trkpt>
      <trkpt lat="45.31454" lon="6.46879">
        <ele>1901.8</ele>
      </trkpt>
      <trkpt lat="45.31487" lon="6.46908">
        <ele>1892.2</ele>
      </trkpt>
      <trkpt lat="45.31499" lon="6.46911">
        <ele>1889.2</ele>
      </trkpt>
      <trkpt lat="45.31507" lon="6.46913">
        <ele>1887.2</ele>
      </trkpt>
      <trkpt lat="45.31511" lon="6.46914">
        <ele>1886.2</ele>
      </trkpt>
      <trkpt lat="45.31529" lon="6.46911">
        <ele>1881.8</ele>
      </trkpt>
      <trkpt lat="45.31571" lon="6.46921">
        <ele>1874.4</ele>
      </trkpt>
      <trkpt lat="45.31634" lon="6.46925">
        <ele>1870.8</ele>
      </trkpt>
      <trkpt lat="45.31686" lon="6.46942">
        <ele>1867.0</ele>
      </trkpt>
      <trkpt lat="45.31727" lon="6.46967">
        <ele>1862.2</ele>
      </trkpt>
      <trkpt lat="45.31764" lon="6.46985">
        <ele>1858.5</ele>
      </trkpt>
      <trkpt lat="45.31785" lon="6.47002">
        <ele>1855.4</ele>
      </trkpt>
      <trkpt lat="45.31804" lon="6.47005">
        <ele>1854.6</ele>
      </trkpt>
      <trkpt lat="45.31823" lon="6.46995">
        <ele>1854.6</ele>
      </trkpt>
      <trkpt lat="45.3187" lon="6.46992">
        <ele>1851.6</ele>
      </trkpt>
      <trkpt lat="45.3191" lon="6.46974">
        <ele>1851.3</ele>
      </trkpt>
      <trkpt lat="45.31954" lon="6.46976">
        <ele>1847.0</ele>
      </trkpt>
      <trkpt lat="45.31954" lon="6.46976">
        <ele>1847.0</ele>
      </trkpt>
      <trkpt lat="45.31964" lon="6.46976">
        <ele>1846.2</ele>
      </trkpt>
      <trkpt lat="45.31988" lon="6.4697">
        <ele>1844.7</ele>
      </trkpt>
      <trkpt lat="45.32017" lon="6.46925">
        <ele>1844.3</ele>
      </trkpt>
      <trkpt lat="45.32029" lon="6.46911">
        <ele>1843.8</ele>
      </trkpt>
      <trkpt lat="45.32035" lon="6.46905">
        <ele>1844.0</ele>
      </trkpt>
      <trkpt lat="45.32045" lon="6.46901">
        <ele>1842.8</ele>
      </trkpt>
      <trkpt lat="45.32061" lon="6.46889">
        <ele>1841.6</ele>
      </trkpt>
      <trkpt lat="45.32069" lon="6.4687">
        <ele>1843.1</ele>
      </trkpt>
      <trkpt lat="45.32072" lon="6.46854">
        <ele>1845.1</ele>
      </trkpt>
      <trkpt lat="45.32084" lon="6.46833">
        <ele>1845.0</ele>
      </trkpt>
      <trkpt lat="45.32112" lon="6.46806">
        <ele>1846.5</ele>
      </trkpt>
      <trkpt lat="45.32129" lon="6.46795">
        <ele>1845.0</ele>
      </trkpt>
      <trkpt lat="45.32139" lon="6.46795">
        <ele>1844.1</ele>
      </trkpt>
      <trkpt lat="45.32139" lon="6.46795">
        <ele>1844.1</ele>
      </trkpt>
      <trkpt lat="45.32149" lon="6.46795">
        <ele>1843.3</ele>
      </trkpt>
      <trkpt lat="45.32157" lon="6.46793">
        <ele>1842.6</ele>
      </trkpt>
      <trkpt lat="45.32183" lon="6.46763">
        <ele>1839.9</ele>
      </trkpt>
      <trkpt lat="45.32196" lon="6.4674">
        <ele>1842.4</ele>
      </trkpt>
      <trkpt lat="45.32201" lon="6.46735">
        <ele>1842.8</ele>
      </trkpt>
      <trkpt lat="45.32235" lon="6.46745">
        <ele>1838.8</ele>
      </trkpt>
      <trkpt lat="45.32265" lon="6.46729">
        <ele>1837.2</ele>
      </trkpt>
      <trkpt lat="45.3231" lon="6.46691">
        <ele>1835.0</ele>
      </trkpt>
      <trkpt lat="45.32347" lon="6.46653">
        <ele>1834.9</ele>
      </trkpt>
      <trkpt lat="45.32388" lon="6.46643">
        <ele>1829.8</ele>
      </trkpt>
      <trkpt lat="45.32415" lon="6.46618">
        <ele>1828.7</ele>
      </trkpt>
      <trkpt lat="45.32425" lon="6.4662">
        <ele>1827.5</ele>
      </trkpt>
      <trkpt lat="45.32443" lon="6.46635">
        <ele>1824.4</ele>
      </trkpt>
      <trkpt lat="45.32476" lon="6.46657">
        <ele>1820.1</ele>
      </trkpt>
      <trkpt lat="45.32508" lon="6.46662">
        <ele>1817.9</ele>
      </trkpt>
      <trkpt lat="45.32537" lon="6.46663">
        <ele>1816.1</ele>
      </trkpt>
      <trkpt lat="45.32562" lon="6.46654">
        <ele>1815.3</ele>
      </trkpt>
      <trkpt lat="45.32574" lon="6.46648">
        <ele>1814.9</ele>
      </trkpt>
      <trkpt lat="45.32586" lon="6.46647">
        <ele>1814.5</ele>
      </trkpt>
      <trkpt lat="45.326" lon="6.46649">
        <ele>1814.1</ele>
      </trkpt>
      <trkpt lat="45.32633" lon="6.46671">
        <ele>1810.2</ele>
      </trkpt>
      <trkpt lat="45.32655" lon="6.46689">
        <ele>1807.3</ele>
      </trkpt>
      <trkpt lat="45.32668" lon="6.46693">
        <ele>1806.3</ele>
      </trkpt>
      <trkpt lat="45.3271" lon="6.46699">
        <ele>1808.3</ele>
      </trkpt>
      <trkpt lat="45.32722" lon="6.46698">
        <ele>1809.3</ele>
      </trkpt>
      <trkpt lat="45.32731" lon="6.46703">
        <ele>1808.8</ele>
      </trkpt>
      <trkpt lat="45.32738" lon="6.46714">
        <ele>1806.6</ele>
      </trkpt>
      <trkpt lat="45.32742" lon="6.46726">
        <ele>1803.9</ele>
      </trkpt>
      <trkpt lat="45.3274" lon="6.46774">
        <ele>1795.1</ele>
      </trkpt>
      <trkpt lat="45.32748" lon="6.46794">
        <ele>1791.8</ele>
      </trkpt>
      <trkpt lat="45.32758" lon="6.46802">
        <ele>1789.7</ele>
      </trkpt>
      <trkpt lat="45.32799" lon="6.46798">
        <ele>1786.0</ele>
      </trkpt>
      <trkpt lat="45.32835" lon="6.46797">
        <ele>1782.2</ele>
      </trkpt>
      <trkpt lat="45.32844" lon="6.46798">
        <ele>1780.8</ele>
      </trkpt>
      <trkpt lat="45.32847" lon="6.46805">
        <ele>1779.8</ele>
      </trkpt>
      <trkpt lat="45.32849" lon="6.46816">
        <ele>1778.6</ele>
      </trkpt>
      <trkpt lat="45.32848" lon="6.46835">
        <ele>1777.2</ele>
      </trkpt>
      <trkpt lat="45.3285" lon="6.46848">
        <ele>1776.4</ele>
      </trkpt>
      <trkpt lat="45.3286" lon="6.46861">
        <ele>1774.9</ele>
      </trkpt>
      <trkpt lat="45.32881" lon="6.46862">
        <ele>1772.7</ele>
      </trkpt>
      <trkpt lat="45.32907" lon="6.4685">
        <ele>1770.1</ele>
      </trkpt>
      <trkpt lat="45.32957" lon="6.46833">
        <ele>1765.1</ele>
      </trkpt>
      <trkpt lat="45.32991" lon="6.46826">
        <ele>1762.1</ele>
      </trkpt>
      <trkpt lat="45.33045" lon="6.46825">
        <ele>1755.5</ele>
      </trkpt>
      <trkpt lat="45.33053" lon="6.46829">
        <ele>1754.2</ele>
      </trkpt>
      <trkpt lat="45.33061" lon="6.46831">
        <ele>1753.1</ele>
      </trkpt>
      <trkpt lat="45.33095" lon="6.46819">
        <ele>1750.2</ele>
      </trkpt>
      <trkpt lat="45.33116" lon="6.46809">
        <ele>1749.5</ele>
      </trkpt>
      <trkpt lat="45.33134" lon="6.46795">
        <ele>1749.3</ele>
      </trkpt>
      <trkpt lat="45.3319" lon="6.46766">
        <ele>1747.6</ele>
      </trkpt>
      <trkpt lat="45.3319" lon="6.46767">
        <ele>1747.6</ele>
      </trkpt>
      <trkpt lat="45.3319" lon="6.46767">
        <ele>1747.6</ele>
      </trkpt>
      <trkpt lat="45.3323" lon="6.46758">
        <ele>1745.7</ele>
      </trkpt>
      <trkpt lat="45.33268" lon="6.46747">
        <ele>1743.7</ele>
      </trkpt>
      <trkpt lat="45.33319" lon="6.46725">
        <ele>1743.6</ele>
      </trkpt>
      <trkpt lat="45.33341" lon="6.46717">
        <ele>1743.3</ele>
      </trkpt>
      <trkpt lat="45.33379" lon="6.46711">
        <ele>1740.6</ele>
      </trkpt>
      <trkpt lat="45.33416" lon="6.46718">
        <ele>1734.8</ele>
      </trkpt>
      <trkpt lat="45.33471" lon="6.46715">
        <ele>1731.0</ele>
      </trkpt>
      <trkpt lat="45.33479" lon="6.4672">
        <ele>1730.4</ele>
      </trkpt>
      <trkpt lat="45.33483" lon="6.46728">
        <ele>1730.0</ele>
      </trkpt>
      <trkpt lat="45.33482" lon="6.46744">
        <ele>1729.2</ele>
      </trkpt>
      <trkpt lat="45.33485" lon="6.46767">
        <ele>1728.1</ele>
      </trkpt>
      <trkpt lat="45.33499" lon="6.46797">
        <ele>1727.6</ele>
      </trkpt>
      <trkpt lat="45.33511" lon="6.46811">
        <ele>1727.4</ele>
      </trkpt>
      <trkpt lat="45.33523" lon="6.46821">
        <ele>1727.1</ele>
      </trkpt>
      <trkpt lat="45.33595" lon="6.46854">
        <ele>1725.9</ele>
      </trkpt>
      <trkpt lat="45.33624" lon="6.46879">
        <ele>1731.0</ele>
      </trkpt>
      <trkpt lat="45.33642" lon="6.46891">
        <ele>1732.9</ele>
      </trkpt>
      <trkpt lat="45.33692" lon="6.4688">
        <ele>1728.3</ele>
      </trkpt>
      <trkpt lat="45.33706" lon="6.46883">
        <ele>1728.2</ele>
      </trkpt>
      <trkpt lat="45.33726" lon="6.46906">
        <ele>1732.0</ele>
      </trkpt>
      <trkpt lat="45.33781" lon="6.46928">
        <ele>1732.0</ele>
      </trkpt>
      <trkpt lat="45.33789" lon="6.46936">
        <ele>1732.8</ele>
      </trkpt>
      <trkpt lat="45.33819" lon="6.4695">
        <ele>1732.9</ele>
      </trkpt>
      <trkpt lat="45.33853" lon="6.46958">
        <ele>1731.2</ele>
      </trkpt>
      <trkpt lat="45.33882" lon="6.46978">
        <ele>1732.9</ele>
      </trkpt>
      <trkpt lat="45.33927" lon="6.46981">
        <ele>1728.0</ele>
      </trkpt>
      <trkpt lat="45.33966" lon="6.46996">
        <ele>1724.0</ele>
      </trkpt>
      <trkpt lat="45.34035" lon="6.47068">
        <ele>1723.0</ele>
      </trkpt>
      <trkpt lat="45.34035" lon="6.47068">
        <ele>1723.0</ele>
      </trkpt>
      <trkpt lat="45.34049" lon="6.47083">
        <ele>1722.9</ele>
      </trkpt>
      <trkpt lat="45.34088" lon="6.47102">
        <ele>1718.5</ele>
      </trkpt>
      <trkpt lat="45.34111" lon="6.47122">
        <ele>1715.5</ele>
      </trkpt>
      <trkpt lat="45.34119" lon="6.47124">
        <ele>1714.6</ele>
      </trkpt>
      <trkpt lat="45.3413" lon="6.4712">
        <ele>1713.4</ele>
      </trkpt>
      <trkpt lat="45.34153" lon="6.47086">
        <ele>1709.8</ele>
      </trkpt>
      <trkpt lat="45.3421" lon="6.47059">
        <ele>1700.3</ele>
      </trkpt>
      <trkpt lat="45.34239" lon="6.47063">
        <ele>1698.1</ele>
      </trkpt>
      <trkpt lat="45.34268" lon="6.47068">
        <ele>1699.5</ele>
      </trkpt>
      <trkpt lat="45.34319" lon="6.47054">
        <ele>1701.5</ele>
      </trkpt>
      <trkpt lat="45.34344" lon="6.47049">
        <ele>1701.8</ele>
      </trkpt>
      <trkpt lat="45.34406" lon="6.47013">
        <ele>1690.6</ele>
      </trkpt>
      <trkpt lat="45.34459" lon="6.46993">
        <ele>1679.0</ele>
      </trkpt>
      <trkpt lat="45.34494" lon="6.46997">
        <ele>1677.4</ele>
      </trkpt>
      <trkpt lat="45.3455" lon="6.4699">
        <ele>1668.6</ele>
      </trkpt>
      <trkpt lat="45.3459" lon="6.47005">
        <ele>1673.4</ele>
      </trkpt>
      <trkpt lat="45.34618" lon="6.46985">
        <ele>1667.5</ele>
      </trkpt>
      <trkpt lat="45.34696" lon="6.46939">
        <ele>1664.9</ele>
      </trkpt>
      <trkpt lat="45.34726" lon="6.46907">
        <ele>1661.3</ele>
      </trkpt>
      <trkpt lat="45.34752" lon="6.46888">
        <ele>1660.9</ele>
      </trkpt>
      <trkpt lat="45.34801" lon="6.46871">
        <ele>1660.4</ele>
      </trkpt>
      <trkpt lat="45.34848" lon="6.46842">
        <ele>1658.0</ele>
      </trkpt>
      <trkpt lat="45.34864" lon="6.46849">
        <ele>1659.0</ele>
      </trkpt>
      <trkpt lat="45.34863" lon="6.46879">
        <ele>1665.0</ele>
      </trkpt>
      <trkpt lat="45.34863" lon="6.46898">
        <ele>1668.8</ele>
      </trkpt>
      <trkpt lat="45.34869" lon="6.46902">
        <ele>1670.0</ele>
      </trkpt>
      <trkpt lat="45.34869" lon="6.46902">
        <ele>1670.0</ele>
      </trkpt>
      <trkpt lat="45.34874" lon="6.46905">
        <ele>1670.9</ele>
      </trkpt>
      <trkpt lat="45.34881" lon="6.46901">
        <ele>1670.5</ele>
      </trkpt>
      <trkpt lat="45.34902" lon="6.4688">
        <ele>1666.4</ele>
      </trkpt>
      <trkpt lat="45.34923" lon="6.46871">
        <ele>1665.7</ele>
      </trkpt>
      <trkpt lat="45.34952" lon="6.46857">
        <ele>1667.4</ele>
      </trkpt>
      <trkpt lat="45.34969" lon="6.46827">
        <ele>1662.1</ele>
      </trkpt>
      <trkpt lat="45.34992" lon="6.4681">
        <ele>1662.3</ele>
      </trkpt>
      <trkpt lat="45.35019" lon="6.46809">
        <ele>1666.7</ele>
      </trkpt>
      <trkpt lat="45.35033" lon="6.46802">
        <ele>1667.8</ele>
      </trkpt>
      <trkpt lat="45.35081" lon="6.4674">
        <ele>1668.7</ele>
      </trkpt>
      <trkpt lat="45.35102" lon="6.46724">
        <ele>1667.8</ele>
      </trkpt>
      <trkpt lat="45.35122" lon="6.46727">
        <ele>1667.8</ele>
      </trkpt>
      <trkpt lat="45.35131" lon="6.46737">
        <ele>1668.9</ele>
      </trkpt>
      <trkpt lat="45.35136" lon="6.46771">
        <ele>1672.8</ele>
      </trkpt>
      <trkpt lat="45.35144" lon="6.46788">
        <ele>1674.4</ele>
      </trkpt>
      <trkpt lat="45.35173" lon="6.46816">
        <ele>1677.1</ele>
      </trkpt>
      <trkpt lat="45.35174" lon="6.4684">
        <ele>1679.9</ele>
      </trkpt>
      <trkpt lat="45.3518" lon="6.46849">
        <ele>1681.9</ele>
      </trkpt>
      <trkpt lat="45.35192" lon="6.46848">
        <ele>1682.9</ele>
      </trkpt>
      <trkpt lat="45.3523" lon="6.46827">
        <ele>1684.4</ele>
      </trkpt>
      <trkpt lat="45.35243" lon="6.46798">
        <ele>1679.5</ele>
      </trkpt>
      <trkpt lat="45.35267" lon="6.46785">
        <ele>1683.0</ele>
      </trkpt>
      <trkpt lat="45.35283" lon="6.46772">
        <ele>1685.8</ele>
      </trkpt>
      <trkpt lat="45.35292" lon="6.46736">
        <ele>1678.2</ele>
      </trkpt>
      <trkpt lat="45.35313" lon="6.46708">
        <ele>1672.9</ele>
      </trkpt>
      <trkpt lat="45.3533" lon="6.467">
        <ele>1674.6</ele>
      </trkpt>
      <trkpt lat="45.35406" lon="6.46713">
        <ele>1673.7</ele>
      </trkpt>
      <trkpt lat="45.35457" lon="6.46736">
        <ele>1671.6</ele>
      </trkpt>
      <trkpt lat="45.35489" lon="6.46761">
        <ele>1669.1</ele>
      </trkpt>
      <trkpt lat="45.35494" lon="6.4677">
        <ele>1669.7</ele>
      </trkpt>
      <trkpt lat="45.35497" lon="6.46781">
        <ele>1671.7</ele>
      </trkpt>
      <trkpt lat="45.35497" lon="6.46803">
        <ele>1677.7</ele>
      </trkpt>
      <trkpt lat="45.35495" lon="6.46825">
        <ele>1684.5</ele>
      </trkpt>
      <trkpt lat="45.35497" lon="6.46838">
        <ele>1687.1</ele>
      </trkpt>
      <trkpt lat="45.35503" lon="6.46846">
        <ele>1687.5</ele>
      </trkpt>
      <trkpt lat="45.35512" lon="6.46851">
        <ele>1687.3</ele>
      </trkpt>
      <trkpt lat="45.35534" lon="6.46849">
        <ele>1683.3</ele>
      </trkpt>
      <trkpt lat="45.35537" lon="6.4685">
        <ele>1683.1</ele>
      </trkpt>
      <trkpt lat="45.35562" lon="6.46862">
        <ele>1682.8</ele>
      </trkpt>
      <trkpt lat="45.35585" lon="6.46881">
        <ele>1685.7</ele>
      </trkpt>
      <trkpt lat="45.35598" lon="6.46879">
        <ele>1682.4</ele>
      </trkpt>
      <trkpt lat="45.35621" lon="6.46874">
        <ele>1675.7</ele>
      </trkpt>
      <trkpt lat="45.35641" lon="6.46876">
        <ele>1672.3</ele>
      </trkpt>
      <trkpt lat="45.35659" lon="6.46895">
        <ele>1677.7</ele>
      </trkpt>
      <trkpt lat="45.35676" lon="6.46905">
        <ele>1679.4</ele>
      </trkpt>
      <trkpt lat="45.35696" lon="6.46909">
        <ele>1677.2</ele>
      </trkpt>
      <trkpt lat="45.35723" lon="6.46918">
        <ele>1676.4</ele>
      </trkpt>
      <trkpt lat="45.35758" lon="6.46894">
        <ele>1660.2</ele>
      </trkpt>
      <trkpt lat="45.35778" lon="6.469">
        <ele>1666.8</ele>
      </trkpt>
      <trkpt lat="45.35796" lon="6.46916">
        <ele>1678.5</ele>
      </trkpt>
      <trkpt lat="45.35808" lon="6.46908">
        <ele>1676.4</ele>
      </trkpt>
      <trkpt lat="45.35815" lon="6.46886">
        <ele>1665.7</ele>
      </trkpt>
      <trkpt lat="45.35833" lon="6.46862">
        <ele>1655.1</ele>
      </trkpt>
      <trkpt lat="45.35858" lon="6.46862">
        <ele>1660.6</ele>
      </trkpt>
      <trkpt lat="45.35881" lon="6.46843">
        <ele>1654.4</ele>
      </trkpt>
      <trkpt lat="45.35907" lon="6.46833">
        <ele>1653.9</ele>
      </trkpt>
      <trkpt lat="45.35964" lon="6.46814">
        <ele>1654.8</ele>
      </trkpt>
      <trkpt lat="45.35964" lon="6.46813">
        <ele>1654.2</ele>
      </trkpt>
      <trkpt lat="45.35999" lon="6.46797">
        <ele>1650.2</ele>
      </trkpt>
      <trkpt lat="45.36038" lon="6.46793">
        <ele>1652.6</ele>
      </trkpt>
      <trkpt lat="45.36081" lon="6.4678">
        <ele>1650.1</ele>
      </trkpt>
      <trkpt lat="45.36101" lon="6.46779">
        <ele>1652.0</ele>
      </trkpt>
      <trkpt lat="45.36113" lon="6.46775">
        <ele>1651.4</ele>
      </trkpt>
      <trkpt lat="45.36128" lon="6.46759">
        <ele>1645.2</ele>
      </trkpt>
      <trkpt lat="45.3615" lon="6.46749">
        <ele>1644.4</ele>
      </trkpt>
      <trkpt lat="45.36167" lon="6.4675">
        <ele>1648.1</ele>
      </trkpt>
      <trkpt lat="45.36188" lon="6.46768">
        <ele>1661.3</ele>
      </trkpt>
      <trkpt lat="45.36199" lon="6.46771">
        <ele>1665.2</ele>
      </trkpt>
      <trkpt lat="45.36214" lon="6.46743">
        <ele>1659.6</ele>
      </trkpt>
      <trkpt lat="45.36217" lon="6.4672">
        <ele>1652.1</ele>
      </trkpt>
      <trkpt lat="45.36217" lon="6.46679">
        <ele>1637.0</ele>
      </trkpt>
      <trkpt lat="45.36235" lon="6.46635">
        <ele>1629.9</ele>
      </trkpt>
      <trkpt lat="45.36261" lon="6.46618">
        <ele>1630.1</ele>
      </trkpt>
      <trkpt lat="45.36288" lon="6.46616">
        <ele>1629.8</ele>
      </trkpt>
      <trkpt lat="45.36328" lon="6.46623">
        <ele>1632.3</ele>
      </trkpt>
      <trkpt lat="45.3637" lon="6.46658">
        <ele>1634.8</ele>
      </trkpt>
      <trkpt lat="45.36413" lon="6.46692">
        <ele>1630.8</ele>
      </trkpt>
      <trkpt lat="45.36434" lon="6.46719">
        <ele>1629.5</ele>
      </trkpt>
      <trkpt lat="45.36452" lon="6.46734">
        <ele>1626.9</ele>
      </trkpt>
      <trkpt lat="45.36477" lon="6.46743">
        <ele>1621.5</ele>
      </trkpt>
      <trkpt lat="45.36511" lon="6.46766">
        <ele>1617.5</ele>
      </trkpt>
      <trkpt lat="45.36551" lon="6.46786">
        <ele>1611.5</ele>
      </trkpt>
      <trkpt lat="45.36595" lon="6.46819">
        <ele>1608.2</ele>
      </trkpt>
      <trkpt lat="45.36646" lon="6.46863">
        <ele>1605.7</ele>
      </trkpt>
      <trkpt lat="45.3667" lon="6.46908">
        <ele>1610.0</ele>
      </trkpt>
      <trkpt lat="45.36692" lon="6.46921">
        <ele>1603.5</ele>
      </trkpt>
      <trkpt lat="45.36722" lon="6.46925">
        <ele>1590.5</ele>
      </trkpt>
      <trkpt lat="45.36741" lon="6.46951">
        <ele>1588.9</ele>
      </trkpt>
      <trkpt lat="45.36789" lon="6.47053">
        <ele>1591.8</ele>
      </trkpt>
      <trkpt lat="45.36809" lon="6.47068">
        <ele>1586.1</ele>
      </trkpt>
      <trkpt lat="45.36845" lon="6.47075">
        <ele>1571.5</ele>
      </trkpt>
      <trkpt lat="45.36894" lon="6.47129">
        <ele>1568.6</ele>
      </trkpt>
      <trkpt lat="45.36931" lon="6.47191">
        <ele>1566.3</ele>
      </trkpt>
      <trkpt lat="45.36964" lon="6.47281">
        <ele>1565.5</ele>
      </trkpt>
      <trkpt lat="45.36988" lon="6.47325">
        <ele>1563.8</ele>
      </trkpt>
      <trkpt lat="45.37007" lon="6.47347">
        <ele>1564.3</ele>
      </trkpt>
      <trkpt lat="45.37007" lon="6.47347">
        <ele>1564.3</ele>
      </trkpt>
      <trkpt lat="45.37009" lon="6.47349">
        <ele>1564.6</ele>
      </trkpt>
      <trkpt lat="45.37077" lon="6.47363">
        <ele>1545.1</ele>
      </trkpt>
      <trkpt lat="45.37105" lon="6.47385">
        <ele>1543.9</ele>
      </trkpt>
      <trkpt lat="45.37123" lon="6.47413">
        <ele>1548.3</ele>
      </trkpt>
      <trkpt lat="45.3716" lon="6.4743">
        <ele>1539.3</ele>
      </trkpt>
      <trkpt lat="45.37189" lon="6.47454">
        <ele>1536.1</ele>
      </trkpt>
      <trkpt lat="45.37195" lon="6.47448">
        <ele>1529.8</ele>
      </trkpt>
      <trkpt lat="45.37176" lon="6.47423">
        <ele>1527.5</ele>
      </trkpt>
      <trkpt lat="45.37147" lon="6.47398">
        <ele>1530.8</ele>
      </trkpt>
      <trkpt lat="45.37121" lon="6.47362">
        <ele>1526.7</ele>
      </trkpt>
      <trkpt lat="45.37097" lon="6.47312">
        <ele>1515.2</ele>
      </trkpt>
      <trkpt lat="45.37068" lon="6.47282">
        <ele>1516.3</ele>
      </trkpt>
      <trkpt lat="45.37057" lon="6.47259">
        <ele>1513.6</ele>
      </trkpt>
      <trkpt lat="45.37062" lon="6.47246">
        <ele>1507.2</ele>
      </trkpt>
      <trkpt lat="45.37081" lon="6.47266">
        <ele>1504.8</ele>
      </trkpt>
      <trkpt lat="45.37108" lon="6.47283">
        <ele>1500.5</ele>
      </trkpt>
      <trkpt lat="45.37136" lon="6.47294">
        <ele>1494.0</ele>
      </trkpt>
      <trkpt lat="45.37158" lon="6.47317">
        <ele>1494.2</ele>
      </trkpt>
      <trkpt lat="45.37197" lon="6.47366">
        <ele>1498.1</ele>
      </trkpt>
      <trkpt lat="45.37254" lon="6.47403">
        <ele>1482.8</ele>
      </trkpt>
      <trkpt lat="45.37283" lon="6.47412">
        <ele>1475.9</ele>
      </trkpt>
      <trkpt lat="45.37305" lon="6.47431">
        <ele>1473.8</ele>
      </trkpt>
      <trkpt lat="45.37325" lon="6.47462">
        <ele>1473.2</ele>
      </trkpt>
      <trkpt lat="45.37333" lon="6.47491">
        <ele>1474.7</ele>
      </trkpt>
      <trkpt lat="45.37362" lon="6.47519">
        <ele>1469.9</ele>
      </trkpt>
      <trkpt lat="45.37398" lon="6.47569">
        <ele>1466.8</ele>
      </trkpt>
      <trkpt lat="45.37414" lon="6.47602">
        <ele>1465.5</ele>
      </trkpt>
      <trkpt lat="45.37423" lon="6.4762">
        <ele>1463.1</ele>
      </trkpt>
      <trkpt lat="45.37441" lon="6.47647">
        <ele>1455.4</ele>
      </trkpt>
      <trkpt lat="45.37449" lon="6.47689">
        <ele>1455.1</ele>
      </trkpt>
      <trkpt lat="45.37468" lon="6.47759">
        <ele>1448.5</ele>
      </trkpt>
      <trkpt lat="45.37455" lon="6.47785">
        <ele>1461.4</ele>
      </trkpt>
      <trkpt lat="45.37454" lon="6.47807">
        <ele>1464.7</ele>
      </trkpt>
      <trkpt lat="45.37474" lon="6.47845">
        <ele>1452.9</ele>
      </trkpt>
      <trkpt lat="45.37487" lon="6.47898">
        <ele>1449.9</ele>
      </trkpt>
      <trkpt lat="45.37513" lon="6.47934">
        <ele>1433.8</ele>
      </trkpt>
      <trkpt lat="45.37521" lon="6.48004">
        <ele>1439.6</ele>
      </trkpt>
      <trkpt lat="45.37534" lon="6.48024">
        <ele>1430.0</ele>
      </trkpt>
      <trkpt lat="45.37534" lon="6.48061">
        <ele>1430.9</ele>
      </trkpt>
      <trkpt lat="45.37525" lon="6.48117">
        <ele>1439.1</ele>
      </trkpt>
      <trkpt lat="45.37525" lon="6.48117">
        <ele>1439.1</ele>
      </trkpt>
      <trkpt lat="45.37523" lon="6.48128">
        <ele>1441.1</ele>
      </trkpt>
      <trkpt lat="45.37533" lon="6.48165">
        <ele>1436.9</ele>
      </trkpt>
      <trkpt lat="45.37559" lon="6.48191">
        <ele>1423.2</ele>
      </trkpt>
      <trkpt lat="45.37577" lon="6.48216">
        <ele>1414.4</ele>
      </trkpt>
      <trkpt lat="45.37585" lon="6.4824">
        <ele>1412.1</ele>
      </trkpt>
      <trkpt lat="45.37572" lon="6.48276">
        <ele>1423.8</ele>
      </trkpt>
      <trkpt lat="45.37571" lon="6.48293">
        <ele>1426.1</ele>
      </trkpt>
      <trkpt lat="45.37579" lon="6.48312">
        <ele>1422.3</ele>
      </trkpt>
      <trkpt lat="45.37624" lon="6.48381">
        <ele>1405.5</ele>
      </trkpt>
      <trkpt lat="45.37628" lon="6.48425">
        <ele>1407.9</ele>
      </trkpt>
      <trkpt lat="45.37629" lon="6.48493">
        <ele>1412.4</ele>
      </trkpt>
      <trkpt lat="45.37634" lon="6.48507">
        <ele>1411.8</ele>
      </trkpt>
      <trkpt lat="45.37659" lon="6.48521">
        <ele>1401.0</ele>
      </trkpt>
      <trkpt lat="45.37674" lon="6.48547">
        <ele>1398.3</ele>
      </trkpt>
      <trkpt lat="45.37681" lon="6.48593">
        <ele>1404.6</ele>
      </trkpt>
      <trkpt lat="45.37698" lon="6.48616">
        <ele>1402.1</ele>
      </trkpt>
      <trkpt lat="45.37729" lon="6.48633">
        <ele>1389.3</ele>
      </trkpt>
      <trkpt lat="45.37739" lon="6.48652">
        <ele>1386.1</ele>
      </trkpt>
      <trkpt lat="45.37747" lon="6.48679">
        <ele>1384.9</ele>
      </trkpt>
      <trkpt lat="45.37732" lon="6.48716">
        <ele>1400.4</ele>
      </trkpt>
      <trkpt lat="45.37732" lon="6.48748">
        <ele>1405.9</ele>
      </trkpt>
      <trkpt lat="45.37763" lon="6.48776">
        <ele>1396.7</ele>
      </trkpt>
      <trkpt lat="45.37803" lon="6.48806">
        <ele>1386.0</ele>
      </trkpt>
      <trkpt lat="45.37836" lon="6.48845">
        <ele>1381.9</ele>
      </trkpt>
      <trkpt lat="45.37879" lon="6.48875">
        <ele>1370.2</ele>
      </trkpt>
      <trkpt lat="45.37905" lon="6.48899">
        <ele>1363.2</ele>
      </trkpt>
      <trkpt lat="45.37912" lon="6.48919">
        <ele>1363.7</ele>
      </trkpt>
      <trkpt lat="45.37909" lon="6.48948">
        <ele>1369.7</ele>
      </trkpt>
      <trkpt lat="45.37913" lon="6.48978">
        <ele>1372.4</ele>
      </trkpt>
      <trkpt lat="45.37921" lon="6.48996">
        <ele>1371.3</ele>
      </trkpt>
      <trkpt lat="45.37933" lon="6.49016">
        <ele>1369.7</ele>
      </trkpt>
      <trkpt lat="45.37967" lon="6.49028">
        <ele>1356.5</ele>
      </trkpt>
      <trkpt lat="45.37984" lon="6.49044">
        <ele>1352.5</ele>
      </trkpt>
      <trkpt lat="45.37998" lon="6.49074">
        <ele>1353.5</ele>
      </trkpt>
      <trkpt lat="45.38021" lon="6.4911">
        <ele>1348.6</ele>
      </trkpt>
      <trkpt lat="45.38022" lon="6.49153">
        <ele>1352.5</ele>
      </trkpt>
      <trkpt lat="45.38004" lon="6.49214">
        <ele>1362.6</ele>
      </trkpt>
      <trkpt lat="45.38001" lon="6.49228">
        <ele>1364.5</ele>
      </trkpt>
      <trkpt lat="45.38001" lon="6.49247">
        <ele>1365.4</ele>
      </trkpt>
      <trkpt lat="45.38004" lon="6.49262">
        <ele>1363.0</ele>
      </trkpt>
      <trkpt lat="45.38003" lon="6.49277">
        <ele>1361.9</ele>
      </trkpt>
      <trkpt lat="45.38001" lon="6.49291">
        <ele>1361.2</ele>
      </trkpt>
      <trkpt lat="45.37998" lon="6.49304">
        <ele>1360.6</ele>
      </trkpt>
      <trkpt lat="45.37984" lon="6.49346">
        <ele>1359.5</ele>
      </trkpt>
      <trkpt lat="45.37964" lon="6.49387">
        <ele>1359.4</ele>
      </trkpt>
      <trkpt lat="45.37926" lon="6.49448">
        <ele>1359.6</ele>
      </trkpt>
      <trkpt lat="45.37919" lon="6.49464">
        <ele>1359.7</ele>
      </trkpt>
      <trkpt lat="45.37919" lon="6.49466">
        <ele>1359.6</ele>
      </trkpt>
      <trkpt lat="45.37919" lon="6.49466">
        <ele>1359.6</ele>
      </trkpt>
      <trkpt lat="45.37916" lon="6.49488">
        <ele>1358.9</ele>
      </trkpt>
      <trkpt lat="45.37917" lon="6.49503">
        <ele>1357.8</ele>
      </trkpt>
      <trkpt lat="45.37919" lon="6.4954">
        <ele>1355.4</ele>
      </trkpt>
      <trkpt lat="45.3792" lon="6.49543">
        <ele>1355.0</ele>
      </trkpt>
      <trkpt lat="45.37922" lon="6.49546">
        <ele>1354.2</ele>
      </trkpt>
      <trkpt lat="45.37927" lon="6.49547">
        <ele>1352.7</ele>
      </trkpt>
      <trkpt lat="45.37929" lon="6.49544">
        <ele>1352.3</ele>
      </trkpt>
      <trkpt lat="45.37933" lon="6.49532">
        <ele>1352.1</ele>
      </trkpt>
      <trkpt lat="45.37937" lon="6.49525">
        <ele>1351.6</ele>
      </trkpt>
      <trkpt lat="45.37942" lon="6.49519">
        <ele>1350.9</ele>
      </trkpt>
      <trkpt lat="45.37952" lon="6.4951">
        <ele>1349.6</ele>
      </trkpt>
      <trkpt lat="45.37965" lon="6.49502">
        <ele>1347.8</ele>
      </trkpt>
      <trkpt lat="45.3797" lon="6.49501">
        <ele>1347.0</ele>
      </trkpt>
      <trkpt lat="45.37974" lon="6.49504">
        <ele>1345.6</ele>
      </trkpt>
      <trkpt lat="45.37976" lon="6.49509">
        <ele>1344.4</ele>
      </trkpt>
      <trkpt lat="45.37976" lon="6.49514">
        <ele>1343.5</ele>
      </trkpt>
      <trkpt lat="45.37963" lon="6.49532">
        <ele>1344.0</ele>
      </trkpt>
      <trkpt lat="45.37958" lon="6.49541">
        <ele>1344.2</ele>
      </trkpt>
      <trkpt lat="45.37955" lon="6.49552">
        <ele>1343.7</ele>
      </trkpt>
      <trkpt lat="45.37952" lon="6.49573">
        <ele>1342.1</ele>
      </trkpt>
      <trkpt lat="45.37946" lon="6.49629">
        <ele>1337.3</ele>
      </trkpt>
      <trkpt lat="45.37944" lon="6.49646">
        <ele>1335.8</ele>
      </trkpt>
      <trkpt lat="45.37941" lon="6.49655">
        <ele>1335.5</ele>
      </trkpt>
      <trkpt lat="45.37935" lon="6.49668">
        <ele>1335.3</ele>
      </trkpt>
      <trkpt lat="45.37927" lon="6.49678">
        <ele>1334.4</ele>
      </trkpt>
      <trkpt lat="45.37919" lon="6.49684">
        <ele>1334.6</ele>
      </trkpt>
      <trkpt lat="45.37865" lon="6.49709">
        <ele>1330.2</ele>
      </trkpt>
      <trkpt lat="45.37843" lon="6.49719">
        <ele>1327.9</ele>
      </trkpt>
      <trkpt lat="45.37836" lon="6.4972">
        <ele>1328.0</ele>
      </trkpt>
      <trkpt lat="45.3783" lon="6.49719">
        <ele>1328.9</ele>
      </trkpt>
      <trkpt lat="45.37816" lon="6.4971">
        <ele>1333.5</ele>
      </trkpt>
      <trkpt lat="45.37808" lon="6.4971">
        <ele>1334.2</ele>
      </trkpt>
      <trkpt lat="45.37802" lon="6.49714">
        <ele>1333.4</ele>
      </trkpt>
      <trkpt lat="45.37793" lon="6.49724">
        <ele>1331.1</ele>
      </trkpt>
      <trkpt lat="45.3778" lon="6.49754">
        <ele>1324.0</ele>
      </trkpt>
      <trkpt lat="45.37767" lon="6.49776">
        <ele>1321.9</ele>
      </trkpt>
      <trkpt lat="45.37746" lon="6.49802">
        <ele>1321.1</ele>
      </trkpt>
      <trkpt lat="45.3773" lon="6.49833">
        <ele>1321.0</ele>
      </trkpt>
      <trkpt lat="45.37713" lon="6.4991">
        <ele>1320.4</ele>
      </trkpt>
      <trkpt lat="45.37706" lon="6.49924">
        <ele>1322.1</ele>
      </trkpt>
      <trkpt lat="45.37696" lon="6.49932">
        <ele>1324.7</ele>
      </trkpt>
      <trkpt lat="45.37651" lon="6.49947">
        <ele>1332.5</ele>
      </trkpt>
      <trkpt lat="45.37606" lon="6.49965">
        <ele>1331.4</ele>
      </trkpt>
      <trkpt lat="45.37603" lon="6.4997">
        <ele>1331.3</ele>
      </trkpt>
      <trkpt lat="45.37601" lon="6.49978">
        <ele>1331.1</ele>
      </trkpt>
      <trkpt lat="45.3761" lon="6.5">
        <ele>1330.7</ele>
      </trkpt>
      <trkpt lat="45.37618" lon="6.50004">
        <ele>1330.5</ele>
      </trkpt>
      <trkpt lat="45.37625" lon="6.50003">
        <ele>1330.4</ele>
      </trkpt>
      <trkpt lat="45.37644" lon="6.49998">
        <ele>1330.0</ele>
      </trkpt>
      <trkpt lat="45.37665" lon="6.5">
        <ele>1329.1</ele>
      </trkpt>
      <trkpt lat="45.37728" lon="6.50022">
        <ele>1334.4</ele>
      </trkpt>
      <trkpt lat="45.37753" lon="6.50019">
        <ele>1333.8</ele>
      </trkpt>
      <trkpt lat="45.3778" lon="6.49993">
        <ele>1330.2</ele>
      </trkpt>
      <trkpt lat="45.37796" lon="6.49983">
        <ele>1330.6</ele>
      </trkpt>
      <trkpt lat="45.37821" lon="6.4998">
        <ele>1334.0</ele>
      </trkpt>
      <trkpt lat="45.37862" lon="6.49956">
        <ele>1328.5</ele>
      </trkpt>
      <trkpt lat="45.3787" lon="6.49954">
        <ele>1327.9</ele>
      </trkpt>
      <trkpt lat="45.37875" lon="6.49954">
        <ele>1327.8</ele>
      </trkpt>
      <trkpt lat="45.37879" lon="6.49956">
        <ele>1328.3</ele>
      </trkpt>
      <trkpt lat="45.37887" lon="6.49974">
        <ele>1333.1</ele>
      </trkpt>
      <trkpt lat="45.37898" lon="6.50023">
        <ele>1342.2</ele>
      </trkpt>
      <trkpt lat="45.37901" lon="6.50066">
        <ele>1346.4</ele>
      </trkpt>
      <trkpt lat="45.37909" lon="6.50103">
        <ele>1349.1</ele>
      </trkpt>
      <trkpt lat="45.37926" lon="6.50143">
        <ele>1351.4</ele>
      </trkpt>
      <trkpt lat="45.37939" lon="6.50173">
        <ele>1353.0</ele>
      </trkpt>
      <trkpt lat="45.37946" lon="6.50184">
        <ele>1353.0</ele>
      </trkpt>
      <trkpt lat="45.37948" lon="6.50195">
        <ele>1354.1</ele>
      </trkpt>
      <trkpt lat="45.37952" lon="6.5021">
        <ele>1355.5</ele>
      </trkpt>
      <trkpt lat="45.37985" lon="6.50267">
        <ele>1358.2</ele>
      </trkpt>
      <trkpt lat="45.38001" lon="6.5027">
        <ele>1356.2</ele>
      </trkpt>
      <trkpt lat="45.3802" lon="6.50284">
        <ele>1356.4</ele>
      </trkpt>
      <trkpt lat="45.38035" lon="6.50302">
        <ele>1357.4</ele>
      </trkpt>
      <trkpt lat="45.38038" lon="6.50308">
        <ele>1358.0</ele>
      </trkpt>
      <trkpt lat="45.3804" lon="6.50318">
        <ele>1359.3</ele>
      </trkpt>
      <trkpt lat="45.38039" lon="6.50328">
        <ele>1361.0</ele>
      </trkpt>
      <trkpt lat="45.38046" lon="6.50343">
        <ele>1362.2</ele>
      </trkpt>
      <trkpt lat="45.38055" lon="6.50353">
        <ele>1362.5</ele>
      </trkpt>
      <trkpt lat="45.38056" lon="6.50348">
        <ele>1361.7</ele>
      </trkpt>
      <trkpt lat="45.38059" lon="6.50345">
        <ele>1360.9</ele>
      </trkpt>
      <trkpt lat="45.38061" lon="6.50344">
        <ele>1360.5</ele>
      </trkpt>
      <trkpt lat="45.38065" lon="6.50344">
        <ele>1360.0</ele>
      </trkpt>
      <trkpt lat="45.38067" lon="6.50346">
        <ele>1360.0</ele>
      </trkpt>
      <trkpt lat="45.38067" lon="6.50346">
        <ele>1360.0</ele>
      </trkpt>
      <trkpt lat="45.38082" lon="6.50357">
        <ele>1359.9</ele>
      </trkpt>
      <trkpt lat="45.38091" lon="6.50361">
        <ele>1360.6</ele>
      </trkpt>
      <trkpt lat="45.38097" lon="6.50362">
        <ele>1361.0</ele>
      </trkpt>
      <trkpt lat="45.38107" lon="6.50358">
        <ele>1360.8</ele>
      </trkpt>
      <trkpt lat="45.38119" lon="6.5035">
        <ele>1360.0</ele>
      </trkpt>
      <trkpt lat="45.38143" lon="6.50327">
        <ele>1357.2</ele>
      </trkpt>
      <trkpt lat="45.38151" lon="6.50315">
        <ele>1355.6</ele>
      </trkpt>
      <trkpt lat="45.3816" lon="6.50298">
        <ele>1353.3</ele>
      </trkpt>
      <trkpt lat="45.38181" lon="6.50254">
        <ele>1348.2</ele>
      </trkpt>
      <trkpt lat="45.3819" lon="6.50244">
        <ele>1347.2</ele>
      </trkpt>
      <trkpt lat="45.38193" lon="6.5024">
        <ele>1346.7</ele>
      </trkpt>
      <trkpt lat="45.382" lon="6.50235">
        <ele>1346.3</ele>
      </trkpt>
      <trkpt lat="45.3821" lon="6.50229">
        <ele>1346.0</ele>
      </trkpt>
      <trkpt lat="45.3825" lon="6.50213">
        <ele>1346.1</ele>
      </trkpt>
      <trkpt lat="45.38257" lon="6.50211">
        <ele>1345.2</ele>
      </trkpt>
      <trkpt lat="45.38286" lon="6.5021">
        <ele>1343.2</ele>
      </trkpt>
      <trkpt lat="45.38288" lon="6.50202">
        <ele>1341.3</ele>
      </trkpt>
      <trkpt lat="45.38293" lon="6.50197">
        <ele>1339.8</ele>
      </trkpt>
      <trkpt lat="45.38303" lon="6.50194">
        <ele>1338.6</ele>
      </trkpt>
      <trkpt lat="45.38313" lon="6.50194">
        <ele>1338.0</ele>
      </trkpt>
      <trkpt lat="45.3836" lon="6.50206">
        <ele>1337.6</ele>
      </trkpt>
      <trkpt lat="45.38406" lon="6.50218">
        <ele>1336.9</ele>
      </trkpt>
      <trkpt lat="45.38415" lon="6.50218">
        <ele>1336.2</ele>
      </trkpt>
      <trkpt lat="45.3842" lon="6.50216">
        <ele>1335.7</ele>
      </trkpt>
      <trkpt lat="45.38428" lon="6.50212">
        <ele>1334.9</ele>
      </trkpt>
      <trkpt lat="45.38452" lon="6.50193">
        <ele>1330.2</ele>
      </trkpt>
      <trkpt lat="45.38484" lon="6.50176">
        <ele>1324.6</ele>
      </trkpt>
      <trkpt lat="45.38522" lon="6.50159">
        <ele>1321.4</ele>
      </trkpt>
      <trkpt lat="45.38522" lon="6.50159">
        <ele>1321.4</ele>
      </trkpt>
      <trkpt lat="45.38605" lon="6.50121">
        <ele>1321.7</ele>
      </trkpt>
      <trkpt lat="45.38658" lon="6.50095">
        <ele>1319.6</ele>
      </trkpt>
      <trkpt lat="45.38735" lon="6.50054">
        <ele>1314.0</ele>
      </trkpt>
      <trkpt lat="45.38812" lon="6.50013">
        <ele>1307.8</ele>
      </trkpt>
      <trkpt lat="45.38889" lon="6.49972">
        <ele>1300.5</ele>
      </trkpt>
      <trkpt lat="45.38965" lon="6.49932">
        <ele>1296.5</ele>
      </trkpt>
      <trkpt lat="45.38986" lon="6.4992">
        <ele>1295.4</ele>
      </trkpt>
      <trkpt lat="45.39004" lon="6.49899">
        <ele>1291.6</ele>
      </trkpt>
      <trkpt lat="45.39018" lon="6.49879">
        <ele>1287.9</ele>
      </trkpt>
      <trkpt lat="45.39026" lon="6.49871">
        <ele>1286.7</ele>
      </trkpt>
      <trkpt lat="45.39046" lon="6.49857">
        <ele>1285.4</ele>
      </trkpt>
      <trkpt lat="45.39103" lon="6.49833">
        <ele>1283.8</ele>
      </trkpt>
      <trkpt lat="45.39134" lon="6.49822">
        <ele>1281.4</ele>
      </trkpt>
      <trkpt lat="45.39184" lon="6.49808">
        <ele>1278.4</ele>
      </trkpt>
      <trkpt lat="45.39253" lon="6.4979">
        <ele>1273.0</ele>
      </trkpt>
      <trkpt lat="45.39323" lon="6.49761">
        <ele>1263.7</ele>
      </trkpt>
      <trkpt lat="45.39393" lon="6.49732">
        <ele>1256.8</ele>
      </trkpt>
      <trkpt lat="45.39463" lon="6.49704">
        <ele>1250.5</ele>
      </trkpt>
      <trkpt lat="45.39535" lon="6.49687">
        <ele>1242.6</ele>
      </trkpt>
      <trkpt lat="45.39561" lon="6.4968">
        <ele>1238.5</ele>
      </trkpt>
      <trkpt lat="45.39576" lon="6.49672">
        <ele>1234.5</ele>
      </trkpt>
      <trkpt lat="45.39591" lon="6.49656">
        <ele>1231.1</ele>
      </trkpt>
      <trkpt lat="45.39615" lon="6.49628">
        <ele>1227.5</ele>
      </trkpt>
      <trkpt lat="45.3963" lon="6.49615">
        <ele>1225.1</ele>
      </trkpt>
      <trkpt lat="45.39646" lon="6.49606">
        <ele>1223.0</ele>
      </trkpt>
      <trkpt lat="45.39665" lon="6.49603">
        <ele>1221.8</ele>
      </trkpt>
      <trkpt lat="45.39741" lon="6.4961">
        <ele>1223.2</ele>
      </trkpt>
      <trkpt lat="45.3977" lon="6.49611">
        <ele>1224.9</ele>
      </trkpt>
      <trkpt lat="45.39795" lon="6.49605">
        <ele>1223.2</ele>
      </trkpt>
      <trkpt lat="45.39819" lon="6.49594">
        <ele>1217.7</ele>
      </trkpt>
      <trkpt lat="45.39869" lon="6.49563">
        <ele>1204.9</ele>
      </trkpt>
      <trkpt lat="45.3989" lon="6.49553">
        <ele>1201.7</ele>
      </trkpt>
      <trkpt lat="45.39915" lon="6.49545">
        <ele>1199.2</ele>
      </trkpt>
      <trkpt lat="45.39967" lon="6.49537">
        <ele>1199.8</ele>
      </trkpt>
      <trkpt lat="45.40018" lon="6.49528">
        <ele>1199.1</ele>
      </trkpt>
      <trkpt lat="45.40026" lon="6.49524">
        <ele>1197.6</ele>
      </trkpt>
      <trkpt lat="45.40029" lon="6.49519">
        <ele>1195.6</ele>
      </trkpt>
      <trkpt lat="45.4003" lon="6.49514">
        <ele>1193.4</ele>
      </trkpt>
      <trkpt lat="45.40098" lon="6.49519">
        <ele>1196.6</ele>
      </trkpt>
      <trkpt lat="45.40125" lon="6.49532">
        <ele>1202.1</ele>
      </trkpt>
      <trkpt lat="45.40139" lon="6.49536">
        <ele>1203.6</ele>
      </trkpt>
      <trkpt lat="45.40189" lon="6.49531">
        <ele>1200.4</ele>
      </trkpt>
      <trkpt lat="45.40238" lon="6.49527">
        <ele>1198.9</ele>
      </trkpt>
      <trkpt lat="45.40273" lon="6.49524">
        <ele>1196.0</ele>
      </trkpt>
      <trkpt lat="45.40341" lon="6.49537">
        <ele>1196.2</ele>
      </trkpt>
      <trkpt lat="45.40403" lon="6.49547">
        <ele>1197.1</ele>
      </trkpt>
      <trkpt lat="45.40466" lon="6.49556">
        <ele>1197.5</ele>
      </trkpt>
      <trkpt lat="45.40485" lon="6.49561">
        <ele>1198.0</ele>
      </trkpt>
      <trkpt lat="45.40495" lon="6.49571">
        <ele>1199.7</ele>
      </trkpt>
      <trkpt lat="45.40511" lon="6.49593">
        <ele>1204.8</ele>
      </trkpt>
      <trkpt lat="45.40523" lon="6.49608">
        <ele>1209.2</ele>
      </trkpt>
      <trkpt lat="45.40533" lon="6.49613">
        <ele>1211.2</ele>
      </trkpt>
      <trkpt lat="45.40546" lon="6.49609">
        <ele>1210.8</ele>
      </trkpt>
      <trkpt lat="45.40564" lon="6.49594">
        <ele>1207.5</ele>
      </trkpt>
      <trkpt lat="45.40573" lon="6.49582">
        <ele>1204.3</ele>
      </trkpt>
      <trkpt lat="45.40597" lon="6.49545">
        <ele>1199.0</ele>
      </trkpt>
      <trkpt lat="45.40606" lon="6.49534">
        <ele>1198.4</ele>
      </trkpt>
      <trkpt lat="45.40621" lon="6.49527">
        <ele>1200.5</ele>
      </trkpt>
      <trkpt lat="45.4064" lon="6.49524">
        <ele>1204.7</ele>
      </trkpt>
      <trkpt lat="45.40702" lon="6.4952">
        <ele>1213.3</ele>
      </trkpt>
      <trkpt lat="45.40764" lon="6.49515">
        <ele>1215.7</ele>
      </trkpt>
      <trkpt lat="45.40813" lon="6.49524">
        <ele>1222.9</ele>
      </trkpt>
      <trkpt lat="45.40862" lon="6.49532">
        <ele>1227.3</ele>
      </trkpt>
      <trkpt lat="45.4091" lon="6.49545">
        <ele>1230.9</ele>
      </trkpt>
      <trkpt lat="45.40926" lon="6.49542">
        <ele>1231.2</ele>
      </trkpt>
      <trkpt lat="45.40943" lon="6.49528">
        <ele>1229.0</ele>
      </trkpt>
      <trkpt lat="45.40987" lon="6.49506">
        <ele>1227.5</ele>
      </trkpt>
      <trkpt lat="45.41013" lon="6.49492">
        <ele>1227.9</ele>
      </trkpt>
      <trkpt lat="45.41036" lon="6.49469">
        <ele>1227.4</ele>
      </trkpt>
      <trkpt lat="45.41049" lon="6.49447">
        <ele>1225.0</ele>
      </trkpt>
      <trkpt lat="45.41059" lon="6.49425">
        <ele>1222.1</ele>
      </trkpt>
      <trkpt lat="45.4107" lon="6.49407">
        <ele>1220.5</ele>
      </trkpt>
      <trkpt lat="45.41102" lon="6.49394">
        <ele>1221.9</ele>
      </trkpt>
      <trkpt lat="45.41121" lon="6.49388">
        <ele>1220.9</ele>
      </trkpt>
      <trkpt lat="45.41132" lon="6.49389">
        <ele>1221.6</ele>
      </trkpt>
      <trkpt lat="45.41143" lon="6.49395">
        <ele>1223.8</ele>
      </trkpt>
      <trkpt lat="45.41159" lon="6.4941">
        <ele>1228.8</ele>
      </trkpt>
      <trkpt lat="45.41174" lon="6.49422">
        <ele>1231.3</ele>
      </trkpt>
      <trkpt lat="45.41193" lon="6.49426">
        <ele>1229.9</ele>
      </trkpt>
      <trkpt lat="45.41253" lon="6.49429">
        <ele>1223.1</ele>
      </trkpt>
      <trkpt lat="45.41312" lon="6.49431">
        <ele>1217.4</ele>
      </trkpt>
      <trkpt lat="45.41312" lon="6.49431">
        <ele>1217.4</ele>
      </trkpt>
      <trkpt lat="45.41365" lon="6.49439">
        <ele>1211.2</ele>
      </trkpt>
      <trkpt lat="45.41385" lon="6.49448">
        <ele>1209.8</ele>
      </trkpt>
      <trkpt lat="45.41406" lon="6.49465">
        <ele>1210.3</ele>
      </trkpt>
      <trkpt lat="45.41423" lon="6.49476">
        <ele>1210.2</ele>
      </trkpt>
      <trkpt lat="45.41435" lon="6.49476">
        <ele>1208.4</ele>
      </trkpt>
      <trkpt lat="45.41476" lon="6.49455">
        <ele>1196.9</ele>
      </trkpt>
      <trkpt lat="45.41487" lon="6.49451">
        <ele>1194.4</ele>
      </trkpt>
      <trkpt lat="45.41499" lon="6.4945">
        <ele>1192.5</ele>
      </trkpt>
      <trkpt lat="45.41507" lon="6.49462">
        <ele>1194.2</ele>
      </trkpt>
      <trkpt lat="45.41512" lon="6.49479">
        <ele>1197.4</ele>
      </trkpt>
      <trkpt lat="45.41517" lon="6.49518">
        <ele>1194.8</ele>
      </trkpt>
      <trkpt lat="45.41526" lon="6.49527">
        <ele>1193.8</ele>
      </trkpt>
      <trkpt lat="45.41533" lon="6.49529">
        <ele>1193.2</ele>
      </trkpt>
      <trkpt lat="45.41545" lon="6.49523">
        <ele>1192.0</ele>
      </trkpt>
      <trkpt lat="45.41566" lon="6.49489">
        <ele>1189.2</ele>
      </trkpt>
      <trkpt lat="45.41575" lon="6.49483">
        <ele>1186.2</ele>
      </trkpt>
      <trkpt lat="45.41588" lon="6.49483">
        <ele>1183.5</ele>
      </trkpt>
      <trkpt lat="45.41657" lon="6.4952">
        <ele>1181.2</ele>
      </trkpt>
      <trkpt lat="45.41677" lon="6.49525">
        <ele>1179.7</ele>
      </trkpt>
      <trkpt lat="45.41696" lon="6.49525">
        <ele>1176.3</ele>
      </trkpt>
      <trkpt lat="45.41719" lon="6.49519">
        <ele>1170.2</ele>
      </trkpt>
      <trkpt lat="45.4174" lon="6.49522">
        <ele>1167.5</ele>
      </trkpt>
      <trkpt lat="45.41807" lon="6.49549">
        <ele>1162.6</ele>
      </trkpt>
      <trkpt lat="45.41875" lon="6.49576">
        <ele>1156.5</ele>
      </trkpt>
      <trkpt lat="45.41924" lon="6.49598">
        <ele>1152.2</ele>
      </trkpt>
      <trkpt lat="45.4193" lon="6.49598">
        <ele>1151.4</ele>
      </trkpt>
      <trkpt lat="45.41938" lon="6.49594">
        <ele>1149.9</ele>
      </trkpt>
      <trkpt lat="45.41941" lon="6.49589">
        <ele>1148.8</ele>
      </trkpt>
      <trkpt lat="45.41942" lon="6.4958">
        <ele>1147.7</ele>
      </trkpt>
      <trkpt lat="45.41941" lon="6.49574">
        <ele>1147.4</ele>
      </trkpt>
      <trkpt lat="45.41939" lon="6.49567">
        <ele>1147.1</ele>
      </trkpt>
      <trkpt lat="45.41935" lon="6.49563">
        <ele>1147.2</ele>
      </trkpt>
      <trkpt lat="45.41866" lon="6.49513">
        <ele>1148.9</ele>
      </trkpt>
      <trkpt lat="45.41858" lon="6.49504">
        <ele>1148.1</ele>
      </trkpt>
      <trkpt lat="45.41855" lon="6.49496">
        <ele>1147.1</ele>
      </trkpt>
      <trkpt lat="45.41856" lon="6.49485">
        <ele>1145.5</ele>
      </trkpt>
      <trkpt lat="45.41858" lon="6.49477">
        <ele>1144.2</ele>
      </trkpt>
      <trkpt lat="45.41861" lon="6.49475">
        <ele>1143.8</ele>
      </trkpt>
      <trkpt lat="45.41868" lon="6.49474">
        <ele>1143.5</ele>
      </trkpt>
      <trkpt lat="45.41885" lon="6.49476">
        <ele>1143.1</ele>
      </trkpt>
      <trkpt lat="45.41946" lon="6.49492">
        <ele>1140.6</ele>
      </trkpt>
      <trkpt lat="45.41946" lon="6.49492">
        <ele>1140.6</ele>
      </trkpt>
      <trkpt lat="45.41985" lon="6.49504">
        <ele>1137.7</ele>
      </trkpt>
      <trkpt lat="45.41994" lon="6.49509">
        <ele>1137.1</ele>
      </trkpt>
      <trkpt lat="45.42003" lon="6.49515">
        <ele>1136.3</ele>
      </trkpt>
      <trkpt lat="45.42008" lon="6.49523">
        <ele>1135.7</ele>
      </trkpt>
      <trkpt lat="45.42011" lon="6.4953">
        <ele>1135.5</ele>
      </trkpt>
      <trkpt lat="45.42017" lon="6.49564">
        <ele>1135.9</ele>
      </trkpt>
      <trkpt lat="45.42024" lon="6.49589">
        <ele>1136.0</ele>
      </trkpt>
      <trkpt lat="45.42029" lon="6.496">
        <ele>1136.3</ele>
      </trkpt>
      <trkpt lat="45.42039" lon="6.49612">
        <ele>1135.7</ele>
      </trkpt>
      <trkpt lat="45.42097" lon="6.49664">
        <ele>1133.4</ele>
      </trkpt>
      <trkpt lat="45.42111" lon="6.4967">
        <ele>1132.3</ele>
      </trkpt>
      <trkpt lat="45.42142" lon="6.49665">
        <ele>1126.5</ele>
      </trkpt>
      <trkpt lat="45.42163" lon="6.49667">
        <ele>1123.6</ele>
      </trkpt>
      <trkpt lat="45.42198" lon="6.49694">
        <ele>1120.0</ele>
      </trkpt>
      <trkpt lat="45.42204" lon="6.49701">
        <ele>1119.2</ele>
      </trkpt>
      <trkpt lat="45.4221" lon="6.49711">
        <ele>1118.5</ele>
      </trkpt>
      <trkpt lat="45.42211" lon="6.49719">
        <ele>1118.8</ele>
      </trkpt>
      <trkpt lat="45.42211" lon="6.49727">
        <ele>1119.4</ele>
      </trkpt>
      <trkpt lat="45.42201" lon="6.49771">
        <ele>1125.2</ele>
      </trkpt>
      <trkpt lat="45.422" lon="6.49784">
        <ele>1126.0</ele>
      </trkpt>
      <trkpt lat="45.422" lon="6.49794">
        <ele>1126.4</ele>
      </trkpt>
      <trkpt lat="45.42203" lon="6.49817">
        <ele>1126.1</ele>
      </trkpt>
      <trkpt lat="45.42206" lon="6.49826">
        <ele>1125.2</ele>
      </trkpt>
      <trkpt lat="45.42209" lon="6.49835">
        <ele>1124.5</ele>
      </trkpt>
      <trkpt lat="45.42217" lon="6.49844">
        <ele>1123.0</ele>
      </trkpt>
      <trkpt lat="45.4222" lon="6.49847">
        <ele>1122.4</ele>
      </trkpt>
      <trkpt lat="45.42264" lon="6.49863">
        <ele>1113.4</ele>
      </trkpt>
      <trkpt lat="45.42282" lon="6.49867">
        <ele>1112.2</ele>
      </trkpt>
      <trkpt lat="45.42291" lon="6.49864">
        <ele>1110.4</ele>
      </trkpt>
      <trkpt lat="45.42299" lon="6.49861">
        <ele>1108.8</ele>
      </trkpt>
      <trkpt lat="45.42345" lon="6.49828">
        <ele>1096.2</ele>
      </trkpt>
      <trkpt lat="45.42365" lon="6.49807">
        <ele>1090.5</ele>
      </trkpt>
      <trkpt lat="45.42369" lon="6.49805">
        <ele>1089.8</ele>
      </trkpt>
      <trkpt lat="45.42373" lon="6.49806">
        <ele>1089.3</ele>
      </trkpt>
      <trkpt lat="45.42379" lon="6.4981">
        <ele>1088.8</ele>
      </trkpt>
      <trkpt lat="45.42383" lon="6.49816">
        <ele>1088.7</ele>
      </trkpt>
      <trkpt lat="45.42387" lon="6.49831">
        <ele>1089.2</ele>
      </trkpt>
      <trkpt lat="45.42397" lon="6.49875">
        <ele>1089.2</ele>
      </trkpt>
      <trkpt lat="45.42397" lon="6.49886">
        <ele>1089.6</ele>
      </trkpt>
      <trkpt lat="45.42394" lon="6.49913">
        <ele>1091.8</ele>
      </trkpt>
      <trkpt lat="45.42394" lon="6.49925">
        <ele>1092.0</ele>
      </trkpt>
      <trkpt lat="45.42396" lon="6.49941">
        <ele>1091.1</ele>
      </trkpt>
      <trkpt lat="45.42396" lon="6.49949">
        <ele>1091.1</ele>
      </trkpt>
      <trkpt lat="45.42393" lon="6.49958">
        <ele>1092.3</ele>
      </trkpt>
      <trkpt lat="45.42378" lon="6.49983">
        <ele>1098.6</ele>
      </trkpt>
      <trkpt lat="45.42373" lon="6.49995">
        <ele>1100.8</ele>
      </trkpt>
      <trkpt lat="45.42368" lon="6.50019">
        <ele>1098.6</ele>
      </trkpt>
      <trkpt lat="45.42368" lon="6.50029">
        <ele>1097.7</ele>
      </trkpt>
      <trkpt lat="45.42381" lon="6.5005">
        <ele>1095.3</ele>
      </trkpt>
      <trkpt lat="45.42384" lon="6.50051">
        <ele>1095.0</ele>
      </trkpt>
      <trkpt lat="45.4239" lon="6.5005">
        <ele>1094.2</ele>
      </trkpt>
      <trkpt lat="45.42406" lon="6.50039">
        <ele>1092.1</ele>
      </trkpt>
      <trkpt lat="45.42435" lon="6.50024">
        <ele>1085.6</ele>
      </trkpt>
      <trkpt lat="45.42481" lon="6.50008">
        <ele>1079.0</ele>
      </trkpt>
      <trkpt lat="45.42512" lon="6.49994">
        <ele>1073.1</ele>
      </trkpt>
      <trkpt lat="45.42539" lon="6.49972">
        <ele>1066.9</ele>
      </trkpt>
      <trkpt lat="45.42569" lon="6.49943">
        <ele>1059.3</ele>
      </trkpt>
      <trkpt lat="45.42595" lon="6.49906">
        <ele>1049.6</ele>
      </trkpt>
      <trkpt lat="45.42606" lon="6.49896">
        <ele>1046.6</ele>
      </trkpt>
      <trkpt lat="45.4261" lon="6.49894">
        <ele>1045.9</ele>
      </trkpt>
      <trkpt lat="45.42615" lon="6.49895">
        <ele>1045.4</ele>
      </trkpt>
      <trkpt lat="45.4262" lon="6.499">
        <ele>1045.5</ele>
      </trkpt>
      <trkpt lat="45.42625" lon="6.49907">
        <ele>1045.8</ele>
      </trkpt>
      <trkpt lat="45.42647" lon="6.49957">
        <ele>1050.6</ele>
      </trkpt>
      <trkpt lat="45.42656" lon="6.49975">
        <ele>1052.4</ele>
      </trkpt>
      <trkpt lat="45.42668" lon="6.49991">
        <ele>1054.3</ele>
      </trkpt>
      <trkpt lat="45.42683" lon="6.49998">
        <ele>1056.2</ele>
      </trkpt>
      <trkpt lat="45.42698" lon="6.49998">
        <ele>1056.7</ele>
      </trkpt>
      <trkpt lat="45.42716" lon="6.49991">
        <ele>1055.6</ele>
      </trkpt>
      <trkpt lat="45.42741" lon="6.49947">
        <ele>1044.6</ele>
      </trkpt>
      <trkpt lat="45.42785" lon="6.49879">
        <ele>1032.5</ele>
      </trkpt>
      <trkpt lat="45.42801" lon="6.49868">
        <ele>1030.8</ele>
      </trkpt>
      <trkpt lat="45.4285" lon="6.49858">
        <ele>1029.1</ele>
      </trkpt>
      <trkpt lat="45.42893" lon="6.49842">
        <ele>1023.2</ele>
      </trkpt>
      <trkpt lat="45.42909" lon="6.49841">
        <ele>1022.7</ele>
      </trkpt>
      <trkpt lat="45.42934" lon="6.49855">
        <ele>1022.5</ele>
      </trkpt>
      <trkpt lat="45.42945" lon="6.49864">
        <ele>1022.1</ele>
      </trkpt>
      <trkpt lat="45.42945" lon="6.49864">
        <ele>1022.1</ele>
      </trkpt>
      <trkpt lat="45.42953" lon="6.4987">
        <ele>1021.5</ele>
      </trkpt>
      <trkpt lat="45.4297" lon="6.49887">
        <ele>1020.7</ele>
      </trkpt>
      <trkpt lat="45.42995" lon="6.49919">
        <ele>1019.3</ele>
      </trkpt>
      <trkpt lat="45.43014" lon="6.49959">
        <ele>1019.5</ele>
      </trkpt>
      <trkpt lat="45.43024" lon="6.49992">
        <ele>1020.9</ele>
      </trkpt>
      <trkpt lat="45.43047" lon="6.50099">
        <ele>1020.0</ele>
      </trkpt>
      <trkpt lat="45.43053" lon="6.50139">
        <ele>1020.7</ele>
      </trkpt>
      <trkpt lat="45.43033" lon="6.50214">
        <ele>1025.3</ele>
      </trkpt>
      <trkpt lat="45.43032" lon="6.50226">
        <ele>1026.0</ele>
      </trkpt>
      <trkpt lat="45.43031" lon="6.50232">
        <ele>1026.4</ele>
      </trkpt>
      <trkpt lat="45.43033" lon="6.50236">
        <ele>1026.7</ele>
      </trkpt>
      <trkpt lat="45.43039" lon="6.50241">
        <ele>1027.3</ele>
      </trkpt>
      <trkpt lat="45.43044" lon="6.50242">
        <ele>1027.7</ele>
      </trkpt>
      <trkpt lat="45.43049" lon="6.5024">
        <ele>1028.1</ele>
      </trkpt>
      <trkpt lat="45.43055" lon="6.50236">
        <ele>1028.7</ele>
      </trkpt>
      <trkpt lat="45.4307" lon="6.50222">
        <ele>1030.2</ele>
      </trkpt>
      <trkpt lat="45.4308" lon="6.50216">
        <ele>1026.1</ele>
      </trkpt>
      <trkpt lat="45.43107" lon="6.50207">
        <ele>1025.0</ele>
      </trkpt>
      <trkpt lat="45.43123" lon="6.502">
        <ele>1024.1</ele>
      </trkpt>
      <trkpt lat="45.43163" lon="6.50162">
        <ele>1012.6</ele>
      </trkpt>
      <trkpt lat="45.43202" lon="6.50124">
        <ele>1011.1</ele>
      </trkpt>
      <trkpt lat="45.43217" lon="6.50099">
        <ele>1008.9</ele>
      </trkpt>
      <trkpt lat="45.43236" lon="6.50059">
        <ele>1004.5</ele>
      </trkpt>
      <trkpt lat="45.43244" lon="6.50046">
        <ele>1003.2</ele>
      </trkpt>
      <trkpt lat="45.43254" lon="6.50042">
        <ele>1003.3</ele>
      </trkpt>
      <trkpt lat="45.43263" lon="6.50041">
        <ele>1002.4</ele>
      </trkpt>
      <trkpt lat="45.43285" lon="6.50054">
        <ele>1004.5</ele>
      </trkpt>
      <trkpt lat="45.43297" lon="6.50063">
        <ele>1006.3</ele>
      </trkpt>
      <trkpt lat="45.43311" lon="6.50069">
        <ele>1007.1</ele>
      </trkpt>
      <trkpt lat="45.43324" lon="6.50076">
        <ele>1008.4</ele>
      </trkpt>
      <trkpt lat="45.43334" lon="6.50085">
        <ele>1010.2</ele>
      </trkpt>
      <trkpt lat="45.43342" lon="6.501">
        <ele>1011.4</ele>
      </trkpt>
      <trkpt lat="45.43349" lon="6.50109">
        <ele>1011.5</ele>
      </trkpt>
      <trkpt lat="45.43361" lon="6.50116">
        <ele>1010.2</ele>
      </trkpt>
      <trkpt lat="45.4338" lon="6.50119">
        <ele>1006.7</ele>
      </trkpt>
      <trkpt lat="45.43387" lon="6.50122">
        <ele>1005.6</ele>
      </trkpt>
      <trkpt lat="45.43392" lon="6.50127">
        <ele>1005.1</ele>
      </trkpt>
      <trkpt lat="45.43395" lon="6.50134">
        <ele>1005.2</ele>
      </trkpt>
      <trkpt lat="45.43397" lon="6.50141">
        <ele>1005.5</ele>
      </trkpt>
      <trkpt lat="45.43397" lon="6.5015">
        <ele>1006.4</ele>
      </trkpt>
      <trkpt lat="45.43383" lon="6.50204">
        <ele>1018.0</ele>
      </trkpt>
      <trkpt lat="45.43382" lon="6.50227">
        <ele>1022.0</ele>
      </trkpt>
      <trkpt lat="45.43386" lon="6.50242">
        <ele>1023.3</ele>
      </trkpt>
      <trkpt lat="45.43398" lon="6.50255">
        <ele>1022.3</ele>
      </trkpt>
      <trkpt lat="45.43411" lon="6.50257">
        <ele>1018.8</ele>
      </trkpt>
      <trkpt lat="45.43438" lon="6.50255">
        <ele>1011.5</ele>
      </trkpt>
      <trkpt lat="45.43449" lon="6.50257">
        <ele>1009.5</ele>
      </trkpt>
      <trkpt lat="45.43458" lon="6.50269">
        <ele>1010.6</ele>
      </trkpt>
      <trkpt lat="45.43466" lon="6.50297">
        <ele>1015.8</ele>
      </trkpt>
      <trkpt lat="45.43478" lon="6.50352">
        <ele>1019.8</ele>
      </trkpt>
      <trkpt lat="45.43481" lon="6.50367">
        <ele>1020.9</ele>
      </trkpt>
      <trkpt lat="45.4349" lon="6.50371">
        <ele>1021.8</ele>
      </trkpt>
      <trkpt lat="45.435" lon="6.50367">
        <ele>1022.9</ele>
      </trkpt>
      <trkpt lat="45.43509" lon="6.50358">
        <ele>1024.0</ele>
      </trkpt>
      <trkpt lat="45.4353" lon="6.50327">
        <ele>1014.7</ele>
      </trkpt>
      <trkpt lat="45.43557" lon="6.503">
        <ele>1010.5</ele>
      </trkpt>
      <trkpt lat="45.43577" lon="6.50263">
        <ele>1004.9</ele>
      </trkpt>
      <trkpt lat="45.43598" lon="6.50219">
        <ele>995.8</ele>
      </trkpt>
      <trkpt lat="45.43611" lon="6.50204">
        <ele>991.9</ele>
      </trkpt>
      <trkpt lat="45.43624" lon="6.50198">
        <ele>989.8</ele>
      </trkpt>
      <trkpt lat="45.43637" lon="6.50201">
        <ele>989.7</ele>
      </trkpt>
      <trkpt lat="45.43646" lon="6.5021">
        <ele>991.1</ele>
      </trkpt>
      <trkpt lat="45.43652" lon="6.50227">
        <ele>994.6</ele>
      </trkpt>
      <trkpt lat="45.43652" lon="6.50247">
        <ele>999.0</ele>
      </trkpt>
      <trkpt lat="45.43646" lon="6.50265">
        <ele>1001.6</ele>
      </trkpt>
      <trkpt lat="45.43636" lon="6.50286">
        <ele>1004.8</ele>
      </trkpt>
      <trkpt lat="45.43631" lon="6.50305">
        <ele>1007.6</ele>
      </trkpt>
      <trkpt lat="45.43631" lon="6.50316">
        <ele>1009.0</ele>
      </trkpt>
      <trkpt lat="45.43638" lon="6.50328">
        <ele>1009.5</ele>
      </trkpt>
      <trkpt lat="45.43652" lon="6.50331">
        <ele>1007.9</ele>
      </trkpt>
      <trkpt lat="45.43681" lon="6.50332">
        <ele>1003.6</ele>
      </trkpt>
      <trkpt lat="45.43701" lon="6.50331">
        <ele>1000.4</ele>
      </trkpt>
      <trkpt lat="45.43726" lon="6.50322">
        <ele>995.2</ele>
      </trkpt>
      <trkpt lat="45.43742" lon="6.50319">
        <ele>992.1</ele>
      </trkpt>
      <trkpt lat="45.43751" lon="6.50322">
        <ele>991.0</ele>
      </trkpt>
      <trkpt lat="45.43756" lon="6.50335">
        <ele>992.0</ele>
      </trkpt>
      <trkpt lat="45.43763" lon="6.50388">
        <ele>999.9</ele>
      </trkpt>
      <trkpt lat="45.43775" lon="6.50401">
        <ele>1000.2</ele>
      </trkpt>
      <trkpt lat="45.43785" lon="6.50409">
        <ele>1000.1</ele>
      </trkpt>
      <trkpt lat="45.43797" lon="6.50406">
        <ele>997.5</ele>
      </trkpt>
      <trkpt lat="45.43814" lon="6.50396">
        <ele>992.6</ele>
      </trkpt>
      <trkpt lat="45.4384" lon="6.50375">
        <ele>983.4</ele>
      </trkpt>
      <trkpt lat="45.43855" lon="6.50365">
        <ele>978.6</ele>
      </trkpt>
      <trkpt lat="45.43864" lon="6.50363">
        <ele>976.6</ele>
      </trkpt>
      <trkpt lat="45.43871" lon="6.50366">
        <ele>976.1</ele>
      </trkpt>
      <trkpt lat="45.43895" lon="6.50384">
        <ele>976.2</ele>
      </trkpt>
      <trkpt lat="45.43925" lon="6.50401">
        <ele>974.7</ele>
      </trkpt>
      <trkpt lat="45.43947" lon="6.5042">
        <ele>974.4</ele>
      </trkpt>
      <trkpt lat="45.43972" lon="6.50444">
        <ele>973.7</ele>
      </trkpt>
      <trkpt lat="45.43992" lon="6.50461">
        <ele>973.0</ele>
      </trkpt>
      <trkpt lat="45.43997" lon="6.50463">
        <ele>972.5</ele>
      </trkpt>
      <trkpt lat="45.44009" lon="6.50464">
        <ele>970.3</ele>
      </trkpt>
      <trkpt lat="45.44067" lon="6.50451">
        <ele>956.4</ele>
      </trkpt>
      <trkpt lat="45.4408" lon="6.50455">
        <ele>954.6</ele>
      </trkpt>
      <trkpt lat="45.44089" lon="6.50465">
        <ele>953.3</ele>
      </trkpt>
      <trkpt lat="45.44092" lon="6.50477">
        <ele>954.3</ele>
      </trkpt>
      <trkpt lat="45.44093" lon="6.5049">
        <ele>956.3</ele>
      </trkpt>
      <trkpt lat="45.44081" lon="6.5057">
        <ele>963.6</ele>
      </trkpt>
      <trkpt lat="45.44082" lon="6.50586">
        <ele>963.8</ele>
      </trkpt>
      <trkpt lat="45.44088" lon="6.50603">
        <ele>961.7</ele>
      </trkpt>
      <trkpt lat="45.44095" lon="6.50616">
        <ele>960.0</ele>
      </trkpt>
      <trkpt lat="45.44104" lon="6.50627">
        <ele>958.2</ele>
      </trkpt>
      <trkpt lat="45.44111" lon="6.50628">
        <ele>957.2</ele>
      </trkpt>
      <trkpt lat="45.44188" lon="6.50611">
        <ele>945.5</ele>
      </trkpt>
      <trkpt lat="45.442" lon="6.50612">
        <ele>943.6</ele>
      </trkpt>
      <trkpt lat="45.44212" lon="6.50622">
        <ele>944.2</ele>
      </trkpt>
      <trkpt lat="45.44231" lon="6.50645">
        <ele>946.3</ele>
      </trkpt>
      <trkpt lat="45.44242" lon="6.50651">
        <ele>945.3</ele>
      </trkpt>
      <trkpt lat="45.44253" lon="6.5065">
        <ele>942.4</ele>
      </trkpt>
      <trkpt lat="45.44295" lon="6.50632">
        <ele>927.8</ele>
      </trkpt>
      <trkpt lat="45.44309" lon="6.50631">
        <ele>924.2</ele>
      </trkpt>
      <trkpt lat="45.44313" lon="6.50628">
        <ele>922.8</ele>
      </trkpt>
      <trkpt lat="45.44315" lon="6.50622">
        <ele>921.5</ele>
      </trkpt>
      <trkpt lat="45.44313" lon="6.50617">
        <ele>921.3</ele>
      </trkpt>
      <trkpt lat="45.44309" lon="6.50614">
        <ele>921.8</ele>
      </trkpt>
      <trkpt lat="45.44306" lon="6.50612">
        <ele>922.1</ele>
      </trkpt>
      <trkpt lat="45.44294" lon="6.50614">
        <ele>925.1</ele>
      </trkpt>
      <trkpt lat="45.44281" lon="6.50619">
        <ele>929.0</ele>
      </trkpt>
      <trkpt lat="45.4427" lon="6.50621">
        <ele>931.9</ele>
      </trkpt>
      <trkpt lat="45.44257" lon="6.5062">
        <ele>934.7</ele>
      </trkpt>
      <trkpt lat="45.44246" lon="6.50614">
        <ele>935.7</ele>
      </trkpt>
      <trkpt lat="45.44239" lon="6.50605">
        <ele>934.8</ele>
      </trkpt>
      <trkpt lat="45.44233" lon="6.50595">
        <ele>933.4</ele>
      </trkpt>
      <trkpt lat="45.44229" lon="6.50579">
        <ele>930.1</ele>
      </trkpt>
      <trkpt lat="45.44225" lon="6.5057">
        <ele>928.8</ele>
      </trkpt>
      <trkpt lat="45.4422" lon="6.50563">
        <ele>928.2</ele>
      </trkpt>
      <trkpt lat="45.44208" lon="6.50556">
        <ele>929.0</ele>
      </trkpt>
      <trkpt lat="45.44207" lon="6.50549">
        <ele>927.9</ele>
      </trkpt>
      <trkpt lat="45.44208" lon="6.50542">
        <ele>926.4</ele>
      </trkpt>
      <trkpt lat="45.44212" lon="6.50537">
        <ele>924.6</ele>
      </trkpt>
      <trkpt lat="45.44217" lon="6.50537">
        <ele>923.6</ele>
      </trkpt>
      <trkpt lat="45.44224" lon="6.50542">
        <ele>923.2</ele>
      </trkpt>
      <trkpt lat="45.44249" lon="6.50564">
        <ele>923.5</ele>
      </trkpt>
      <trkpt lat="45.44257" lon="6.50568">
        <ele>923.1</ele>
      </trkpt>
      <trkpt lat="45.44265" lon="6.5057">
        <ele>922.1</ele>
      </trkpt>
      <trkpt lat="45.44281" lon="6.50565">
        <ele>918.1</ele>
      </trkpt>
      <trkpt lat="45.443" lon="6.50556">
        <ele>912.6</ele>
      </trkpt>
      <trkpt lat="45.44333" lon="6.50543">
        <ele>903.9</ele>
      </trkpt>
      <trkpt lat="45.4435" lon="6.50538">
        <ele>898.6</ele>
      </trkpt>
      <trkpt lat="45.44363" lon="6.50538">
        <ele>895.4</ele>
      </trkpt>
      <trkpt lat="45.44375" lon="6.50543">
        <ele>893.6</ele>
      </trkpt>
      <trkpt lat="45.44383" lon="6.50551">
        <ele>893.5</ele>
      </trkpt>
      <trkpt lat="45.44391" lon="6.50569">
        <ele>895.8</ele>
      </trkpt>
      <trkpt lat="45.44396" lon="6.50585">
        <ele>898.1</ele>
      </trkpt>
      <trkpt lat="45.44403" lon="6.50596">
        <ele>897.4</ele>
      </trkpt>
      <trkpt lat="45.44411" lon="6.50595">
        <ele>895.4</ele>
      </trkpt>
      <trkpt lat="45.44415" lon="6.50586">
        <ele>893.6</ele>
      </trkpt>
      <trkpt lat="45.44413" lon="6.50578">
        <ele>892.6</ele>
      </trkpt>
      <trkpt lat="45.44408" lon="6.50564">
        <ele>890.5</ele>
      </trkpt>
      <trkpt lat="45.44405" lon="6.50543">
        <ele>886.2</ele>
      </trkpt>
      <trkpt lat="45.44399" lon="6.50532">
        <ele>885.1</ele>
      </trkpt>
      <trkpt lat="45.44373" lon="6.50491">
        <ele>880.6</ele>
      </trkpt>
      <trkpt lat="45.44365" lon="6.50486">
        <ele>880.9</ele>
      </trkpt>
      <trkpt lat="45.4435" lon="6.50483">
        <ele>884.1</ele>
      </trkpt>
      <trkpt lat="45.44308" lon="6.50477">
        <ele>891.9</ele>
      </trkpt>
      <trkpt lat="45.44302" lon="6.50475">
        <ele>892.6</ele>
      </trkpt>
      <trkpt lat="45.44298" lon="6.50469">
        <ele>891.7</ele>
      </trkpt>
      <trkpt lat="45.44298" lon="6.50464">
        <ele>890.4</ele>
      </trkpt>
      <trkpt lat="45.443" lon="6.50459">
        <ele>888.7</ele>
      </trkpt>
      <trkpt lat="45.44306" lon="6.50456">
        <ele>886.6</ele>
      </trkpt>
      <trkpt lat="45.44313" lon="6.50455">
        <ele>884.8</ele>
      </trkpt>
      <trkpt lat="45.44327" lon="6.50456">
        <ele>882.1</ele>
      </trkpt>
      <trkpt lat="45.44362" lon="6.50449">
        <ele>868.5</ele>
      </trkpt>
      <trkpt lat="45.44373" lon="6.50451">
        <ele>865.4</ele>
      </trkpt>
      <trkpt lat="45.44384" lon="6.50463">
        <ele>866.4</ele>
      </trkpt>
      <trkpt lat="45.44405" lon="6.50489">
        <ele>871.1</ele>
      </trkpt>
      <trkpt lat="45.44424" lon="6.5051">
        <ele>869.0</ele>
      </trkpt>
      <trkpt lat="45.4443" lon="6.50522">
        <ele>867.2</ele>
      </trkpt>
      <trkpt lat="45.44445" lon="6.50556">
        <ele>865.7</ele>
      </trkpt>
      <trkpt lat="45.44448" lon="6.5056">
        <ele>864.9</ele>
      </trkpt>
      <trkpt lat="45.44451" lon="6.50562">
        <ele>863.4</ele>
      </trkpt>
      <trkpt lat="45.44453" lon="6.50561">
        <ele>861.6</ele>
      </trkpt>
      <trkpt lat="45.44454" lon="6.50557">
        <ele>859.5</ele>
      </trkpt>
      <trkpt lat="45.44454" lon="6.50552">
        <ele>857.8</ele>
      </trkpt>
      <trkpt lat="45.44441" lon="6.50523">
        <ele>858.3</ele>
      </trkpt>
      <trkpt lat="45.44437" lon="6.50504">
        <ele>855.9</ele>
      </trkpt>
      <trkpt lat="45.44424" lon="6.50484">
        <ele>859.1</ele>
      </trkpt>
      <trkpt lat="45.44413" lon="6.5047">
        <ele>860.1</ele>
      </trkpt>
      <trkpt lat="45.44402" lon="6.50447">
        <ele>853.5</ele>
      </trkpt>
      <trkpt lat="45.44389" lon="6.50426">
        <ele>849.5</ele>
      </trkpt>
      <trkpt lat="45.4438" lon="6.5041">
        <ele>845.8</ele>
      </trkpt>
      <trkpt lat="45.44373" lon="6.50404">
        <ele>845.4</ele>
      </trkpt>
      <trkpt lat="45.4436" lon="6.50407">
        <ele>852.5</ele>
      </trkpt>
      <trkpt lat="45.44348" lon="6.50407">
        <ele>857.5</ele>
      </trkpt>
      <trkpt lat="45.44341" lon="6.50402">
        <ele>853.4</ele>
      </trkpt>
      <trkpt lat="45.44337" lon="6.50396">
        <ele>850.4</ele>
      </trkpt>
      <trkpt lat="45.44336" lon="6.50389">
        <ele>847.8</ele>
      </trkpt>
      <trkpt lat="45.44334" lon="6.50377">
        <ele>843.3</ele>
      </trkpt>
      <trkpt lat="45.44331" lon="6.50362">
        <ele>837.7</ele>
      </trkpt>
      <trkpt lat="45.44326" lon="6.50348">
        <ele>832.0</ele>
      </trkpt>
      <trkpt lat="45.44316" lon="6.50337">
        <ele>828.0</ele>
      </trkpt>
      <trkpt lat="45.44308" lon="6.50333">
        <ele>827.6</ele>
      </trkpt>
      <trkpt lat="45.44295" lon="6.50335">
        <ele>831.7</ele>
      </trkpt>
      <trkpt lat="45.44284" lon="6.50335">
        <ele>834.2</ele>
      </trkpt>
      <trkpt lat="45.44237" lon="6.50327">
        <ele>840.8</ele>
      </trkpt>
      <trkpt lat="45.44228" lon="6.50321">
        <ele>839.7</ele>
      </trkpt>
      <trkpt lat="45.44213" lon="6.50304">
        <ele>833.5</ele>
      </trkpt>
      <trkpt lat="45.44188" lon="6.50278">
        <ele>825.6</ele>
      </trkpt>
      <trkpt lat="45.44144" lon="6.50258">
        <ele>831.8</ele>
      </trkpt>
      <trkpt lat="45.44125" lon="6.50244">
        <ele>832.4</ele>
      </trkpt>
      <trkpt lat="45.44109" lon="6.50229">
        <ele>830.4</ele>
      </trkpt>
      <trkpt lat="45.44093" lon="6.50217">
        <ele>829.7</ele>
      </trkpt>
      <trkpt lat="45.44075" lon="6.50197">
        <ele>824.7</ele>
      </trkpt>
      <trkpt lat="45.44072" lon="6.50192">
        <ele>822.9</ele>
      </trkpt>
      <trkpt lat="45.44071" lon="6.50188">
        <ele>820.7</ele>
      </trkpt>
      <trkpt lat="45.44071" lon="6.50184">
        <ele>818.0</ele>
      </trkpt>
      <trkpt lat="45.44073" lon="6.50181">
        <ele>815.0</ele>
      </trkpt>
      <trkpt lat="45.44077" lon="6.50182">
        <ele>813.6</ele>
      </trkpt>
      <trkpt lat="45.44099" lon="6.50198">
        <ele>814.8</ele>
      </trkpt>
      <trkpt lat="45.44177" lon="6.50242">
        <ele>807.9</ele>
      </trkpt>
      <trkpt lat="45.44191" lon="6.50246">
        <ele>805.1</ele>
      </trkpt>
      <trkpt lat="45.44208" lon="6.50253">
        <ele>803.0</ele>
      </trkpt>
      <trkpt lat="45.44219" lon="6.50261">
        <ele>804.2</ele>
      </trkpt>
      <trkpt lat="45.44235" lon="6.50275">
        <ele>807.6</ele>
      </trkpt>
      <trkpt lat="45.44246" lon="6.50277">
        <ele>805.2</ele>
      </trkpt>
      <trkpt lat="45.44273" lon="6.50279">
        <ele>801.0</ele>
      </trkpt>
      <trkpt lat="45.44286" lon="6.50275">
        <ele>796.1</ele>
      </trkpt>
      <trkpt lat="45.44292" lon="6.5027">
        <ele>791.9</ele>
      </trkpt>
      <trkpt lat="45.44299" lon="6.50255">
        <ele>781.4</ele>
      </trkpt>
      <trkpt lat="45.44307" lon="6.50247">
        <ele>775.4</ele>
      </trkpt>
      <trkpt lat="45.44318" lon="6.50247">
        <ele>773.6</ele>
      </trkpt>
      <trkpt lat="45.44341" lon="6.50249">
        <ele>769.8</ele>
      </trkpt>
      <trkpt lat="45.44349" lon="6.50252">
        <ele>768.7</ele>
      </trkpt>
      <trkpt lat="45.44358" lon="6.50268">
        <ele>774.8</ele>
      </trkpt>
      <trkpt lat="45.44366" lon="6.50273">
        <ele>774.8</ele>
      </trkpt>
      <trkpt lat="45.44378" lon="6.50274">
        <ele>771.1</ele>
      </trkpt>
      <trkpt lat="45.444" lon="6.50279">
        <ele>766.0</ele>
      </trkpt>
      <trkpt lat="45.44415" lon="6.50289">
        <ele>766.1</ele>
      </trkpt>
      <trkpt lat="45.44424" lon="6.50299">
        <ele>767.3</ele>
      </trkpt>
      <trkpt lat="45.44433" lon="6.50319">
        <ele>773.2</ele>
      </trkpt>
      <trkpt lat="45.44461" lon="6.50353">
        <ele>772.6</ele>
      </trkpt>
      <trkpt lat="45.44461" lon="6.50353">
        <ele>772.6</ele>
      </trkpt>
      <trkpt lat="45.44494" lon="6.50395">
        <ele>765.7</ele>
      </trkpt>
      <trkpt lat="45.4452" lon="6.50435">
        <ele>761.1</ele>
      </trkpt>
      <trkpt lat="45.44543" lon="6.5048">
        <ele>760.5</ele>
      </trkpt>
      <trkpt lat="45.4457" lon="6.50541">
        <ele>761.2</ele>
      </trkpt>
      <trkpt lat="45.44611" lon="6.50589">
        <ele>749.8</ele>
      </trkpt>
      <trkpt lat="45.44632" lon="6.50608">
        <ele>742.6</ele>
      </trkpt>
      <trkpt lat="45.4464" lon="6.50634">
        <ele>743.1</ele>
      </trkpt>
      <trkpt lat="45.44643" lon="6.50678">
        <ele>747.3</ele>
      </trkpt>
      <trkpt lat="45.44637" lon="6.50755">
        <ele>750.0</ele>
      </trkpt>
      <trkpt lat="45.44638" lon="6.50811">
        <ele>738.4</ele>
      </trkpt>
      <trkpt lat="45.44636" lon="6.50824">
        <ele>737.6</ele>
      </trkpt>
      <trkpt lat="45.44621" lon="6.50847">
        <ele>747.2</ele>
      </trkpt>
      <trkpt lat="45.44616" lon="6.50863">
        <ele>749.1</ele>
      </trkpt>
      <trkpt lat="45.44612" lon="6.50893">
        <ele>747.9</ele>
      </trkpt>
      <trkpt lat="45.44617" lon="6.50909">
        <ele>744.1</ele>
      </trkpt>
      <trkpt lat="45.44625" lon="6.5092">
        <ele>740.6</ele>
      </trkpt>
      <trkpt lat="45.44673" lon="6.50964">
        <ele>723.1</ele>
      </trkpt>
      <trkpt lat="45.44678" lon="6.50967">
        <ele>721.4</ele>
      </trkpt>
      <trkpt lat="45.44682" lon="6.50968">
        <ele>720.1</ele>
      </trkpt>
      <trkpt lat="45.44693" lon="6.50967">
        <ele>716.8</ele>
      </trkpt>
      <trkpt lat="45.44715" lon="6.50962">
        <ele>711.9</ele>
      </trkpt>
      <trkpt lat="45.44757" lon="6.5096">
        <ele>704.0</ele>
      </trkpt>
      <trkpt lat="45.4477" lon="6.50966">
        <ele>702.1</ele>
      </trkpt>
      <trkpt lat="45.44824" lon="6.51033">
        <ele>708.0</ele>
      </trkpt>
      <trkpt lat="45.44862" lon="6.51048">
        <ele>696.2</ele>
      </trkpt>
      <trkpt lat="45.44867" lon="6.51057">
        <ele>696.6</ele>
      </trkpt>
      <trkpt lat="45.449" lon="6.51124">
        <ele>696.2</ele>
      </trkpt>
      <trkpt lat="45.44915" lon="6.51178">
        <ele>698.7</ele>
      </trkpt>
      <trkpt lat="45.44909" lon="6.51211">
        <ele>697.5</ele>
      </trkpt>
      <trkpt lat="45.44922" lon="6.51236">
        <ele>696.5</ele>
      </trkpt>
      <trkpt lat="45.44966" lon="6.51256">
        <ele>694.4</ele>
      </trkpt>
      <trkpt lat="45.44987" lon="6.51275">
        <ele>691.6</ele>
      </trkpt>
      <trkpt lat="45.44996" lon="6.51302">
        <ele>699.7</ele>
      </trkpt>
      <trkpt lat="45.45002" lon="6.51307">
        <ele>699.2</ele>
      </trkpt>
      <trkpt lat="45.45022" lon="6.51312">
        <ele>693.1</ele>
      </trkpt>
      <trkpt lat="45.45032" lon="6.51317">
        <ele>691.3</ele>
      </trkpt>
      <trkpt lat="45.45047" lon="6.51334">
        <ele>693.1</ele>
      </trkpt>
      <trkpt lat="45.45083" lon="6.51348">
        <ele>686.6</ele>
      </trkpt>
      <trkpt lat="45.45134" lon="6.51351">
        <ele>670.0</ele>
      </trkpt>
      <trkpt lat="45.4515" lon="6.51355">
        <ele>666.4</ele>
      </trkpt>
      <trkpt lat="45.452" lon="6.51398">
        <ele>667.9</ele>
      </trkpt>
      <trkpt lat="45.45248" lon="6.51446">
        <ele>665.4</ele>
      </trkpt>
      <trkpt lat="45.45265" lon="6.51477">
        <ele>667.8</ele>
      </trkpt>
      <trkpt lat="45.45314" lon="6.51532">
        <ele>656.5</ele>
      </trkpt>
      <trkpt lat="45.45331" lon="6.51563">
        <ele>658.1</ele>
      </trkpt>
      <trkpt lat="45.45352" lon="6.51579">
        <ele>651.9</ele>
      </trkpt>
      <trkpt lat="45.45372" lon="6.51588">
        <ele>643.2</ele>
      </trkpt>
      <trkpt lat="45.45383" lon="6.51602">
        <ele>642.2</ele>
      </trkpt>
      <trkpt lat="45.45412" lon="6.51673">
        <ele>653.5</ele>
      </trkpt>
      <trkpt lat="45.45442" lon="6.51743">
        <ele>655.8</ele>
      </trkpt>
      <trkpt lat="45.45504" lon="6.51818">
        <ele>644.7</ele>
      </trkpt>
      <trkpt lat="45.45533" lon="6.51844">
        <ele>635.6</ele>
      </trkpt>
      <trkpt lat="45.45547" lon="6.51867">
        <ele>637.0</ele>
      </trkpt>
      <trkpt lat="45.45553" lon="6.51874">
        <ele>636.6</ele>
      </trkpt>
      <trkpt lat="45.45553" lon="6.51874">
        <ele>636.6</ele>
      </trkpt>
      <trkpt lat="45.45573" lon="6.51898">
        <ele>635.9</ele>
      </trkpt>
      <trkpt lat="45.45639" lon="6.51958">
        <ele>630.6</ele>
      </trkpt>
      <trkpt lat="45.45651" lon="6.51967">
        <ele>628.9</ele>
      </trkpt>
      <trkpt lat="45.45656" lon="6.51973">
        <ele>628.1</ele>
      </trkpt>
      <trkpt lat="45.45667" lon="6.51996">
        <ele>625.7</ele>
      </trkpt>
      <trkpt lat="45.45673" lon="6.52">
        <ele>624.9</ele>
      </trkpt>
      <trkpt lat="45.45678" lon="6.52001">
        <ele>624.3</ele>
      </trkpt>
      <trkpt lat="45.45683" lon="6.52">
        <ele>623.6</ele>
      </trkpt>
      <trkpt lat="45.45699" lon="6.51989">
        <ele>621.5</ele>
      </trkpt>
      <trkpt lat="45.45704" lon="6.51988">
        <ele>619.1</ele>
      </trkpt>
      <trkpt lat="45.45711" lon="6.51989">
        <ele>617.1</ele>
      </trkpt>
      <trkpt lat="45.45719" lon="6.51995">
        <ele>617.4</ele>
      </trkpt>
      <trkpt lat="45.45734" lon="6.52013">
        <ele>622.7</ele>
      </trkpt>
      <trkpt lat="45.45747" lon="6.52018">
        <ele>621.5</ele>
      </trkpt>
      <trkpt lat="45.4581" lon="6.52038">
        <ele>609.8</ele>
      </trkpt>
      <trkpt lat="45.45841" lon="6.52042">
        <ele>599.6</ele>
      </trkpt>
      <trkpt lat="45.45853" lon="6.52049">
        <ele>597.9</ele>
      </trkpt>
      <trkpt lat="45.45879" lon="6.52073">
        <ele>596.6</ele>
      </trkpt>
      <trkpt lat="45.45909" lon="6.52115">
        <ele>596.6</ele>
      </trkpt>
      <trkpt lat="45.45932" lon="6.52147">
        <ele>594.1</ele>
      </trkpt>
      <trkpt lat="45.45949" lon="6.52173">
        <ele>590.9</ele>
      </trkpt>
      <trkpt lat="45.4595" lon="6.52205">
        <ele>601.0</ele>
      </trkpt>
      <trkpt lat="45.45974" lon="6.52242">
        <ele>593.1</ele>
      </trkpt>
      <trkpt lat="45.45993" lon="6.52258">
        <ele>580.9</ele>
      </trkpt>
      <trkpt lat="45.46003" lon="6.52279">
        <ele>578.5</ele>
      </trkpt>
      <trkpt lat="45.46017" lon="6.52315">
        <ele>580.7</ele>
      </trkpt>
      <trkpt lat="45.46018" lon="6.52337">
        <ele>585.7</ele>
      </trkpt>
      <trkpt lat="45.4601" lon="6.52363">
        <ele>595.3</ele>
      </trkpt>
      <trkpt lat="45.45991" lon="6.52402">
        <ele>612.9</ele>
      </trkpt>
      <trkpt lat="45.45985" lon="6.52417">
        <ele>612.1</ele>
      </trkpt>
      <trkpt lat="45.45984" lon="6.52424">
        <ele>611.7</ele>
      </trkpt>
      <trkpt lat="45.45986" lon="6.52435">
        <ele>611.2</ele>
      </trkpt>
      <trkpt lat="45.45993" lon="6.52443">
        <ele>610.6</ele>
      </trkpt>
      <trkpt lat="45.45995" lon="6.52444">
        <ele>610.5</ele>
      </trkpt>
      <trkpt lat="45.45999" lon="6.52445">
        <ele>610.2</ele>
      </trkpt>
      <trkpt lat="45.46004" lon="6.52441">
        <ele>609.9</ele>
      </trkpt>
      <trkpt lat="45.46016" lon="6.52427">
        <ele>608.9</ele>
      </trkpt>
      <trkpt lat="45.46041" lon="6.52407">
        <ele>597.2</ele>
      </trkpt>
      <trkpt lat="45.4608" lon="6.52378">
        <ele>574.9</ele>
      </trkpt>
      <trkpt lat="45.46093" lon="6.52373">
        <ele>569.6</ele>
      </trkpt>
      <trkpt lat="45.46112" lon="6.52381">
        <ele>569.0</ele>
      </trkpt>
      <trkpt lat="45.46132" lon="6.52382">
        <ele>565.3</ele>
      </trkpt>
      <trkpt lat="45.46167" lon="6.52394">
        <ele>564.2</ele>
      </trkpt>
      <trkpt lat="45.46207" lon="6.52422">
        <ele>566.1</ele>
      </trkpt>
      <trkpt lat="45.46253" lon="6.52436">
        <ele>559.3</ele>
      </trkpt>
      <trkpt lat="45.46301" lon="6.52456">
        <ele>551.6</ele>
      </trkpt>
      <trkpt lat="45.46312" lon="6.52466">
        <ele>551.5</ele>
      </trkpt>
      <trkpt lat="45.46324" lon="6.52492">
        <ele>556.6</ele>
      </trkpt>
      <trkpt lat="45.46373" lon="6.52535">
        <ele>555.0</ele>
      </trkpt>
      <trkpt lat="45.46408" lon="6.52554">
        <ele>548.4</ele>
      </trkpt>
      <trkpt lat="45.46428" lon="6.52557">
        <ele>541.5</ele>
      </trkpt>
      <trkpt lat="45.46446" lon="6.52567">
        <ele>536.9</ele>
      </trkpt>
      <trkpt lat="45.46466" lon="6.52593">
        <ele>532.7</ele>
      </trkpt>
      <trkpt lat="45.4649" lon="6.52611">
        <ele>523.2</ele>
      </trkpt>
      <trkpt lat="45.46499" lon="6.52624">
        <ele>520.4</ele>
      </trkpt>
      <trkpt lat="45.46503" lon="6.52648">
        <ele>523.3</ele>
      </trkpt>
      <trkpt lat="45.46503" lon="6.52661">
        <ele>525.5</ele>
      </trkpt>
      <trkpt lat="45.46483" lon="6.52729">
        <ele>541.3</ele>
      </trkpt>
      <trkpt lat="45.46477" lon="6.52769">
        <ele>547.7</ele>
      </trkpt>
      <trkpt lat="45.46478" lon="6.52812">
        <ele>549.9</ele>
      </trkpt>
      <trkpt lat="45.46493" lon="6.52886">
        <ele>544.4</ele>
      </trkpt>
      <trkpt lat="45.46493" lon="6.52886">
        <ele>544.4</ele>
      </trkpt>
      <trkpt lat="45.46496" lon="6.52903">
        <ele>543.5</ele>
      </trkpt>
      <trkpt lat="45.46513" lon="6.52962">
        <ele>542.0</ele>
      </trkpt>
      <trkpt lat="45.46538" lon="6.53012">
        <ele>535.6</ele>
      </trkpt>
      <trkpt lat="45.46547" lon="6.5304">
        <ele>533.0</ele>
      </trkpt>
      <trkpt lat="45.46551" lon="6.53065">
        <ele>531.9</ele>
      </trkpt>
      <trkpt lat="45.46553" lon="6.5307">
        <ele>531.2</ele>
      </trkpt>
      <trkpt lat="45.46567" lon="6.53069">
        <ele>525.6</ele>
      </trkpt>
      <trkpt lat="45.46574" lon="6.53063">
        <ele>522.9</ele>
      </trkpt>
      <trkpt lat="45.46565" lon="6.53028">
        <ele>526.3</ele>
      </trkpt>
      <trkpt lat="45.46523" lon="6.52932">
        <ele>538.8</ele>
      </trkpt>
      <trkpt lat="45.46515" lon="6.52899">
        <ele>538.9</ele>
      </trkpt>
      <trkpt lat="45.4651" lon="6.52867">
        <ele>538.0</ele>
      </trkpt>
      <trkpt lat="45.46508" lon="6.52825">
        <ele>535.8</ele>
      </trkpt>
      <trkpt lat="45.4651" lon="6.52783">
        <ele>532.6</ele>
      </trkpt>
      <trkpt lat="45.46515" lon="6.52748">
        <ele>529.6</ele>
      </trkpt>
      <trkpt lat="45.46522" lon="6.52714">
        <ele>526.3</ele>
      </trkpt>
      <trkpt lat="45.46525" lon="6.52707">
        <ele>525.3</ele>
      </trkpt>
      <trkpt lat="45.46525" lon="6.52707">
        <ele>525.3</ele>
      </trkpt>
      <trkpt lat="45.46529" lon="6.52698">
        <ele>523.9</ele>
      </trkpt>
      <trkpt lat="45.46539" lon="6.52683">
        <ele>520.7</ele>
      </trkpt>
      <trkpt lat="45.46551" lon="6.52673">
        <ele>517.4</ele>
      </trkpt>
      <trkpt lat="45.46571" lon="6.52662">
        <ele>516.2</ele>
      </trkpt>
      <trkpt lat="45.46595" lon="6.52653">
        <ele>514.9</ele>
      </trkpt>
      <trkpt lat="45.4663" lon="6.52642">
        <ele>513.1</ele>
      </trkpt>
      <trkpt lat="45.46668" lon="6.52626">
        <ele>515.7</ele>
      </trkpt>
      <trkpt lat="45.46707" lon="6.52616">
        <ele>520.5</ele>
      </trkpt>
      <trkpt lat="45.46723" lon="6.52616">
        <ele>522.7</ele>
      </trkpt>
      <trkpt lat="45.46745" lon="6.52623">
        <ele>523.6</ele>
      </trkpt>
      <trkpt lat="45.4679" lon="6.52653">
        <ele>517.5</ele>
      </trkpt>
      <trkpt lat="45.46842" lon="6.52691">
        <ele>514.0</ele>
      </trkpt>
      <trkpt lat="45.46895" lon="6.52729">
        <ele>509.4</ele>
      </trkpt>
      <trkpt lat="45.46919" lon="6.52741">
        <ele>504.3</ele>
      </trkpt>
      <trkpt lat="45.46945" lon="6.52749">
        <ele>500.6</ele>
      </trkpt>
      <trkpt lat="45.46964" lon="6.5275">
        <ele>500.0</ele>
      </trkpt>
      <trkpt lat="45.46994" lon="6.52749">
        <ele>500.7</ele>
      </trkpt>
      <trkpt lat="45.47067" lon="6.5274">
        <ele>509.2</ele>
      </trkpt>
      <trkpt lat="45.4713" lon="6.52735">
        <ele>511.7</ele>
      </trkpt>
      <trkpt lat="45.47165" lon="6.52737">
        <ele>509.4</ele>
      </trkpt>
      <trkpt lat="45.47165" lon="6.52737">
        <ele>509.4</ele>
      </trkpt>
      <trkpt lat="45.47196" lon="6.52738">
        <ele>509.1</ele>
      </trkpt>
      <trkpt lat="45.47252" lon="6.52746">
        <ele>505.1</ele>
      </trkpt>
      <trkpt lat="45.47275" lon="6.52759">
        <ele>502.7</ele>
      </trkpt>
      <trkpt lat="45.4729" lon="6.52771">
        <ele>501.0</ele>
      </trkpt>
      <trkpt lat="45.47328" lon="6.52812">
        <ele>496.4</ele>
      </trkpt>
      <trkpt lat="45.47334" lon="6.52816">
        <ele>495.7</ele>
      </trkpt>
      <trkpt lat="45.47351" lon="6.52821">
        <ele>494.1</ele>
      </trkpt>
      <trkpt lat="45.4737" lon="6.52822">
        <ele>494.6</ele>
      </trkpt>
      <trkpt lat="45.47407" lon="6.52821">
        <ele>495.6</ele>
      </trkpt>
      <trkpt lat="45.47478" lon="6.52804">
        <ele>498.2</ele>
      </trkpt>
      <trkpt lat="45.47549" lon="6.52785">
        <ele>500.8</ele>
      </trkpt>
      <trkpt lat="45.47604" lon="6.52773">
        <ele>500.0</ele>
      </trkpt>
      <trkpt lat="45.47659" lon="6.52762">
        <ele>496.2</ele>
      </trkpt>
      <trkpt lat="45.47706" lon="6.52761">
        <ele>495.2</ele>
      </trkpt>
      <trkpt lat="45.47763" lon="6.52771">
        <ele>496.9</ele>
      </trkpt>
      <trkpt lat="45.47791" lon="6.52779">
        <ele>497.5</ele>
      </trkpt>
      <trkpt lat="45.47791" lon="6.52779">
        <ele>497.5</ele>
      </trkpt>
      <trkpt lat="45.47852" lon="6.52793">
        <ele>495.9</ele>
      </trkpt>
      <trkpt lat="45.47861" lon="6.52796">
        <ele>495.7</ele>
      </trkpt>
      <trkpt lat="45.47888" lon="6.52801">
        <ele>494.5</ele>
      </trkpt>
      <trkpt lat="45.47949" lon="6.52818">
        <ele>492.0</ele>
      </trkpt>
      <trkpt lat="45.47992" lon="6.52836">
        <ele>490.4</ele>
      </trkpt>
      <trkpt lat="45.4805" lon="6.52854">
        <ele>488.8</ele>
      </trkpt>
      <trkpt lat="45.48109" lon="6.52872">
        <ele>486.7</ele>
      </trkpt>
      <trkpt lat="45.48109" lon="6.5288">
        <ele>487.5</ele>
      </trkpt>
      <trkpt lat="45.48111" lon="6.52887">
        <ele>488.0</ele>
      </trkpt>
      <trkpt lat="45.48113" lon="6.52892">
        <ele>488.4</ele>
      </trkpt>
      <trkpt lat="45.48117" lon="6.52896">
        <ele>488.4</ele>
      </trkpt>
      <trkpt lat="45.48123" lon="6.52898">
        <ele>488.1</ele>
      </trkpt>
      <trkpt lat="45.48128" lon="6.52897">
        <ele>487.6</ele>
      </trkpt>
      <trkpt lat="45.48132" lon="6.52894">
        <ele>487.0</ele>
      </trkpt>
      <trkpt lat="45.48136" lon="6.52889">
        <ele>486.3</ele>
      </trkpt>
      <trkpt lat="45.48138" lon="6.52882">
        <ele>485.7</ele>
      </trkpt>
      <trkpt lat="45.48145" lon="6.52879">
        <ele>485.0</ele>
      </trkpt>
      <trkpt lat="45.48152" lon="6.52878">
        <ele>484.5</ele>
      </trkpt>
      <trkpt lat="45.48168" lon="6.52881">
        <ele>483.7</ele>
      </trkpt>
      <trkpt lat="45.48188" lon="6.52882">
        <ele>482.8</ele>
      </trkpt>
      <trkpt lat="45.48229" lon="6.52889">
        <ele>481.0</ele>
      </trkpt>
      <trkpt lat="45.48254" lon="6.52897">
        <ele>480.0</ele>
      </trkpt>
      <trkpt lat="45.48298" lon="6.52927">
        <ele>479.5</ele>
      </trkpt>
      <trkpt lat="45.4833" lon="6.52951">
        <ele>479.5</ele>
      </trkpt>
      <trkpt lat="45.48333" lon="6.52955">
        <ele>479.5</ele>
      </trkpt>
      <trkpt lat="45.48333" lon="6.52955">
        <ele>479.5</ele>
      </trkpt>
      <trkpt lat="45.48333" lon="6.52955">
        <ele>479.5</ele>
      </trkpt>
      <trkpt lat="45.48345" lon="6.52967">
        <ele>479.5</ele>
      </trkpt>
      <trkpt lat="45.48363" lon="6.52979">
        <ele>479.4</ele>
      </trkpt>
      <trkpt lat="45.48385" lon="6.52996">
        <ele>479.3</ele>
      </trkpt>
      <trkpt lat="45.48424" lon="6.53032">
        <ele>478.8</ele>
      </trkpt>
      <trkpt lat="45.48444" lon="6.53056">
        <ele>478.6</ele>
      </trkpt>
      <trkpt lat="45.48461" lon="6.53079">
        <ele>478.4</ele>
      </trkpt>
      <trkpt lat="45.4848" lon="6.53107">
        <ele>478.6</ele>
      </trkpt>
      <trkpt lat="45.48481" lon="6.53119">
        <ele>478.8</ele>
      </trkpt>
      <trkpt lat="45.48483" lon="6.53127">
        <ele>478.8</ele>
      </trkpt>
      <trkpt lat="45.48489" lon="6.53158">
        <ele>479.1</ele>
      </trkpt>
      <trkpt lat="45.48491" lon="6.53172">
        <ele>479.3</ele>
      </trkpt>
      <trkpt lat="45.48491" lon="6.53224">
        <ele>479.9</ele>
      </trkpt>
      <trkpt lat="45.48487" lon="6.53262">
        <ele>480.5</ele>
      </trkpt>
      <trkpt lat="45.48477" lon="6.53294">
        <ele>481.1</ele>
      </trkpt>
      <trkpt lat="45.48454" lon="6.53356">
        <ele>481.7</ele>
      </trkpt>
      <trkpt lat="45.48431" lon="6.53417">
        <ele>480.8</ele>
      </trkpt>
      <trkpt lat="45.4842" lon="6.53443">
        <ele>480.7</ele>
      </trkpt>
      <trkpt lat="45.48397" lon="6.53504">
        <ele>480.9</ele>
      </trkpt>
      <trkpt lat="45.48383" lon="6.53537">
        <ele>484.4</ele>
      </trkpt>
      <trkpt lat="45.48379" lon="6.53543">
        <ele>485.1</ele>
      </trkpt>
      <trkpt lat="45.48374" lon="6.53547">
        <ele>485.5</ele>
      </trkpt>
      <trkpt lat="45.48352" lon="6.53558">
        <ele>486.7</ele>
      </trkpt>
      <trkpt lat="45.48334" lon="6.53571">
        <ele>488.0</ele>
      </trkpt>
      <trkpt lat="45.4834" lon="6.53574">
        <ele>488.2</ele>
      </trkpt>
      <trkpt lat="45.48351" lon="6.53573">
        <ele>488.1</ele>
      </trkpt>
      <trkpt lat="45.48366" lon="6.53573">
        <ele>488.0</ele>
      </trkpt>
      <trkpt lat="45.48374" lon="6.53577">
        <ele>488.4</ele>
      </trkpt>
      <trkpt lat="45.48406" lon="6.53609">
        <ele>494.9</ele>
      </trkpt>
      <trkpt lat="45.48406" lon="6.53609">
        <ele>494.9</ele>
      </trkpt>
      <trkpt lat="45.48469" lon="6.53672">
        <ele>504.8</ele>
      </trkpt>
      <trkpt lat="45.48484" lon="6.53683">
        <ele>506.4</ele>
      </trkpt>
      <trkpt lat="45.48497" lon="6.53685">
        <ele>505.8</ele>
      </trkpt>
      <trkpt lat="45.48506" lon="6.53685">
        <ele>506.2</ele>
      </trkpt>
      <trkpt lat="45.4851" lon="6.53683">
        <ele>506.1</ele>
      </trkpt>
      <trkpt lat="45.48515" lon="6.53677">
        <ele>504.7</ele>
      </trkpt>
      <trkpt lat="45.48521" lon="6.5365">
        <ele>498.8</ele>
      </trkpt>
      <trkpt lat="45.48525" lon="6.53642">
        <ele>497.5</ele>
      </trkpt>
      <trkpt lat="45.48528" lon="6.53638">
        <ele>497.0</ele>
      </trkpt>
      <trkpt lat="45.48531" lon="6.53637">
        <ele>497.0</ele>
      </trkpt>
      <trkpt lat="45.48535" lon="6.53638">
        <ele>497.5</ele>
      </trkpt>
      <trkpt lat="45.4854" lon="6.53641">
        <ele>498.5</ele>
      </trkpt>
      <trkpt lat="45.48559" lon="6.53673">
        <ele>508.0</ele>
      </trkpt>
      <trkpt lat="45.48562" lon="6.53675">
        <ele>509.0</ele>
      </trkpt>
      <trkpt lat="45.48566" lon="6.53677">
        <ele>510.2</ele>
      </trkpt>
      <trkpt lat="45.48582" lon="6.53674">
        <ele>510.8</ele>
      </trkpt>
      <trkpt lat="45.48593" lon="6.5367">
        <ele>510.2</ele>
      </trkpt>
      <trkpt lat="45.48601" lon="6.53665">
        <ele>509.1</ele>
      </trkpt>
      <trkpt lat="45.48614" lon="6.53651">
        <ele>506.7</ele>
      </trkpt>
      <trkpt lat="45.48618" lon="6.53649">
        <ele>506.6</ele>
      </trkpt>
      <trkpt lat="45.48623" lon="6.53648">
        <ele>506.7</ele>
      </trkpt>
      <trkpt lat="45.48654" lon="6.53651">
        <ele>510.0</ele>
      </trkpt>
      <trkpt lat="45.48685" lon="6.53667">
        <ele>517.3</ele>
      </trkpt>
      <trkpt lat="45.48696" lon="6.53672">
        <ele>520.8</ele>
      </trkpt>
      <trkpt lat="45.48711" lon="6.53671">
        <ele>522.1</ele>
      </trkpt>
      <trkpt lat="45.48741" lon="6.53664">
        <ele>523.4</ele>
      </trkpt>
      <trkpt lat="45.48741" lon="6.53664">
        <ele>523.4</ele>
      </trkpt>
      <trkpt lat="45.48752" lon="6.5366">
        <ele>524.5</ele>
      </trkpt>
      <trkpt lat="45.48757" lon="6.53656">
        <ele>525.6</ele>
      </trkpt>
      <trkpt lat="45.4877" lon="6.53644">
        <ele>528.3</ele>
      </trkpt>
      <trkpt lat="45.48778" lon="6.53636">
        <ele>530.0</ele>
      </trkpt>
      <trkpt lat="45.48784" lon="6.53627">
        <ele>530.9</ele>
      </trkpt>
      <trkpt lat="45.48787" lon="6.53619">
        <ele>530.8</ele>
      </trkpt>
      <trkpt lat="45.4879" lon="6.53607">
        <ele>530.2</ele>
      </trkpt>
      <trkpt lat="45.48791" lon="6.53597">
        <ele>529.2</ele>
      </trkpt>
      <trkpt lat="45.48794" lon="6.53583">
        <ele>528.5</ele>
      </trkpt>
      <trkpt lat="45.48799" lon="6.53569">
        <ele>532.0</ele>
      </trkpt>
      <trkpt lat="45.488" lon="6.53559">
        <ele>533.4</ele>
      </trkpt>
      <trkpt lat="45.488" lon="6.53551">
        <ele>534.2</ele>
      </trkpt>
      <trkpt lat="45.48795" lon="6.53544">
        <ele>532.6</ele>
      </trkpt>
      <trkpt lat="45.48783" lon="6.53532">
        <ele>528.0</ele>
      </trkpt>
      <trkpt lat="45.48778" lon="6.53523">
        <ele>526.4</ele>
      </trkpt>
      <trkpt lat="45.48776" lon="6.53512">
        <ele>526.2</ele>
      </trkpt>
      <trkpt lat="45.48771" lon="6.53439">
        <ele>528.1</ele>
      </trkpt>
      <trkpt lat="45.48772" lon="6.5342">
        <ele>529.7</ele>
      </trkpt>
      <trkpt lat="45.48777" lon="6.534">
        <ele>533.5</ele>
      </trkpt>
      <trkpt lat="45.48778" lon="6.53386">
        <ele>534.7</ele>
      </trkpt>
      <trkpt lat="45.48774" lon="6.53344">
        <ele>533.9</ele>
      </trkpt>
      <trkpt lat="45.48776" lon="6.53325">
        <ele>535.7</ele>
      </trkpt>
      <trkpt lat="45.48788" lon="6.53292">
        <ele>543.9</ele>
      </trkpt>
      <trkpt lat="45.48791" lon="6.53274">
        <ele>546.1</ele>
      </trkpt>
      <trkpt lat="45.48792" lon="6.53255">
        <ele>547.1</ele>
      </trkpt>
      <trkpt lat="45.4879" lon="6.53239">
        <ele>544.7</ele>
      </trkpt>
      <trkpt lat="45.48775" lon="6.53192">
        <ele>530.0</ele>
      </trkpt>
      <trkpt lat="45.48774" lon="6.53186">
        <ele>528.7</ele>
      </trkpt>
      <trkpt lat="45.48775" lon="6.5318">
        <ele>528.7</ele>
      </trkpt>
      <trkpt lat="45.48781" lon="6.53175">
        <ele>531.9</ele>
      </trkpt>
      <trkpt lat="45.48784" lon="6.53177">
        <ele>534.0</ele>
      </trkpt>
      <trkpt lat="45.48788" lon="6.53182">
        <ele>537.0</ele>
      </trkpt>
      <trkpt lat="45.4879" lon="6.53189">
        <ele>539.0</ele>
      </trkpt>
      <trkpt lat="45.48804" lon="6.53242">
        <ele>554.0</ele>
      </trkpt>
      <trkpt lat="45.48808" lon="6.53259">
        <ele>557.4</ele>
      </trkpt>
      <trkpt lat="45.48808" lon="6.53271">
        <ele>557.2</ele>
      </trkpt>
      <trkpt lat="45.48807" lon="6.53284">
        <ele>556.3</ele>
      </trkpt>
      <trkpt lat="45.48808" lon="6.53295">
        <ele>556.7</ele>
      </trkpt>
      <trkpt lat="45.48819" lon="6.53362">
        <ele>561.1</ele>
      </trkpt>
      <trkpt lat="45.48826" lon="6.53392">
        <ele>563.4</ele>
      </trkpt>
      <trkpt lat="45.48842" lon="6.53435">
        <ele>568.0</ele>
      </trkpt>
      <trkpt lat="45.48849" lon="6.53481">
        <ele>565.7</ele>
      </trkpt>
      <trkpt lat="45.48852" lon="6.53492">
        <ele>565.7</ele>
      </trkpt>
      <trkpt lat="45.4886" lon="6.53504">
        <ele>568.0</ele>
      </trkpt>
      <trkpt lat="45.48888" lon="6.53534">
        <ele>578.2</ele>
      </trkpt>
      <trkpt lat="45.48893" lon="6.53542">
        <ele>579.8</ele>
      </trkpt>
      <trkpt lat="45.48898" lon="6.53555">
        <ele>581.1</ele>
      </trkpt>
      <trkpt lat="45.48901" lon="6.53569">
        <ele>581.2</ele>
      </trkpt>
      <trkpt lat="45.48901" lon="6.53569">
        <ele>581.2</ele>
      </trkpt>
      <trkpt lat="45.48902" lon="6.53576">
        <ele>581.1</ele>
      </trkpt>
      <trkpt lat="45.489" lon="6.53582">
        <ele>579.5</ele>
      </trkpt>
      <trkpt lat="45.48893" lon="6.53604">
        <ele>577.5</ele>
      </trkpt>
      <trkpt lat="45.4889" lon="6.53626">
        <ele>577.8</ele>
      </trkpt>
      <trkpt lat="45.4889" lon="6.53657">
        <ele>580.4</ele>
      </trkpt>
      <trkpt lat="45.48895" lon="6.53684">
        <ele>586.6</ele>
      </trkpt>
      <trkpt lat="45.48895" lon="6.53689">
        <ele>587.5</ele>
      </trkpt>
      <trkpt lat="45.48893" lon="6.53694">
        <ele>587.5</ele>
      </trkpt>
      <trkpt lat="45.4889" lon="6.53698">
        <ele>586.9</ele>
      </trkpt>
      <trkpt lat="45.48872" lon="6.53716">
        <ele>582.8</ele>
      </trkpt>
      <trkpt lat="45.48871" lon="6.53719">
        <ele>583.1</ele>
      </trkpt>
      <trkpt lat="45.48863" lon="6.53738">
        <ele>584.0</ele>
      </trkpt>
      <trkpt lat="45.48855" lon="6.53777">
        <ele>592.8</ele>
      </trkpt>
      <trkpt lat="45.48849" lon="6.53787">
        <ele>594.1</ele>
      </trkpt>
      <trkpt lat="45.48824" lon="6.53822">
        <ele>598.5</ele>
      </trkpt>
      <trkpt lat="45.48798" lon="6.53852">
        <ele>602.4</ele>
      </trkpt>
      <trkpt lat="45.4879" lon="6.53857">
        <ele>602.3</ele>
      </trkpt>
      <trkpt lat="45.48781" lon="6.53861">
        <ele>601.7</ele>
      </trkpt>
      <trkpt lat="45.4876" lon="6.53865">
        <ele>598.4</ele>
      </trkpt>
      <trkpt lat="45.48745" lon="6.53866">
        <ele>596.2</ele>
      </trkpt>
      <trkpt lat="45.48742" lon="6.53868">
        <ele>596.8</ele>
      </trkpt>
      <trkpt lat="45.48739" lon="6.53877">
        <ele>600.3</ele>
      </trkpt>
      <trkpt lat="45.48742" lon="6.53884">
        <ele>603.5</ele>
      </trkpt>
      <trkpt lat="45.48744" lon="6.53888">
        <ele>605.5</ele>
      </trkpt>
      <trkpt lat="45.48748" lon="6.53889">
        <ele>606.4</ele>
      </trkpt>
      <trkpt lat="45.48796" lon="6.53878">
        <ele>611.9</ele>
      </trkpt>
      <trkpt lat="45.48828" lon="6.5386">
        <ele>612.7</ele>
      </trkpt>
      <trkpt lat="45.48894" lon="6.53814">
        <ele>617.3</ele>
      </trkpt>
      <trkpt lat="45.48906" lon="6.53799">
        <ele>616.7</ele>
      </trkpt>
      <trkpt lat="45.48934" lon="6.53757">
        <ele>613.0</ele>
      </trkpt>
      <trkpt lat="45.48943" lon="6.53749">
        <ele>613.5</ele>
      </trkpt>
      <trkpt lat="45.48956" lon="6.53744">
        <ele>616.6</ele>
      </trkpt>
      <trkpt lat="45.4899" lon="6.53735">
        <ele>625.8</ele>
      </trkpt>
      <trkpt lat="45.49" lon="6.53731">
        <ele>628.4</ele>
      </trkpt>
      <trkpt lat="45.49005" lon="6.53725">
        <ele>629.9</ele>
      </trkpt>
      <trkpt lat="45.49012" lon="6.53714">
        <ele>631.8</ele>
      </trkpt>
      <trkpt lat="45.49045" lon="6.53599">
        <ele>639.0</ele>
      </trkpt>
      <trkpt lat="45.49046" lon="6.53589">
        <ele>638.9</ele>
      </trkpt>
      <trkpt lat="45.49046" lon="6.53589">
        <ele>638.9</ele>
      </trkpt>
      <trkpt lat="45.49052" lon="6.53532">
        <ele>643.1</ele>
      </trkpt>
      <trkpt lat="45.49048" lon="6.53514">
        <ele>642.7</ele>
      </trkpt>
      <trkpt lat="45.49041" lon="6.53493">
        <ele>642.7</ele>
      </trkpt>
      <trkpt lat="45.4902" lon="6.53463">
        <ele>643.2</ele>
      </trkpt>
      <trkpt lat="45.48977" lon="6.53383">
        <ele>641.4</ele>
      </trkpt>
      <trkpt lat="45.48967" lon="6.53359">
        <ele>639.4</ele>
      </trkpt>
      <trkpt lat="45.48967" lon="6.53352">
        <ele>640.3</ele>
      </trkpt>
      <trkpt lat="45.48969" lon="6.53348">
        <ele>641.7</ele>
      </trkpt>
      <trkpt lat="45.48972" lon="6.53345">
        <ele>643.5</ele>
      </trkpt>
      <trkpt lat="45.48975" lon="6.53345">
        <ele>644.9</ele>
      </trkpt>
      <trkpt lat="45.48977" lon="6.53347">
        <ele>645.6</ele>
      </trkpt>
      <trkpt lat="45.4898" lon="6.53351">
        <ele>646.6</ele>
      </trkpt>
      <trkpt lat="45.48989" lon="6.53378">
        <ele>647.8</ele>
      </trkpt>
      <trkpt lat="45.48995" lon="6.53389">
        <ele>649.5</ele>
      </trkpt>
      <trkpt lat="45.49001" lon="6.53396">
        <ele>651.4</ele>
      </trkpt>
      <trkpt lat="45.49034" lon="6.5342">
        <ele>656.0</ele>
      </trkpt>
      <trkpt lat="45.49042" lon="6.53424">
        <ele>657.1</ele>
      </trkpt>
      <trkpt lat="45.49111" lon="6.53431">
        <ele>667.9</ele>
      </trkpt>
      <trkpt lat="45.49146" lon="6.53418">
        <ele>671.0</ele>
      </trkpt>
      <trkpt lat="45.49151" lon="6.53419">
        <ele>671.3</ele>
      </trkpt>
      <trkpt lat="45.49155" lon="6.53423">
        <ele>671.6</ele>
      </trkpt>
      <trkpt lat="45.49159" lon="6.53429">
        <ele>672.0</ele>
      </trkpt>
      <trkpt lat="45.49162" lon="6.53438">
        <ele>672.5</ele>
      </trkpt>
      <trkpt lat="45.49164" lon="6.53449">
        <ele>673.2</ele>
      </trkpt>
      <trkpt lat="45.49162" lon="6.53473">
        <ele>673.8</ele>
      </trkpt>
      <trkpt lat="45.49158" lon="6.53487">
        <ele>673.4</ele>
      </trkpt>
      <trkpt lat="45.49143" lon="6.53531">
        <ele>675.1</ele>
      </trkpt>
      <trkpt lat="45.49138" lon="6.5355">
        <ele>676.3</ele>
      </trkpt>
      <trkpt lat="45.49133" lon="6.53572">
        <ele>677.2</ele>
      </trkpt>
      <trkpt lat="45.4913" lon="6.5359">
        <ele>678.2</ele>
      </trkpt>
      <trkpt lat="45.49129" lon="6.53613">
        <ele>680.9</ele>
      </trkpt>
      <trkpt lat="45.49135" lon="6.537">
        <ele>691.9</ele>
      </trkpt>
      <trkpt lat="45.49158" lon="6.5378">
        <ele>703.5</ele>
      </trkpt>
      <trkpt lat="45.49159" lon="6.53792">
        <ele>703.6</ele>
      </trkpt>
      <trkpt lat="45.49159" lon="6.53801">
        <ele>703.4</ele>
      </trkpt>
      <trkpt lat="45.49157" lon="6.5381">
        <ele>702.4</ele>
      </trkpt>
      <trkpt lat="45.49153" lon="6.53821">
        <ele>700.8</ele>
      </trkpt>
      <trkpt lat="45.49149" lon="6.53827">
        <ele>699.5</ele>
      </trkpt>
      <trkpt lat="45.49126" lon="6.53862">
        <ele>699.4</ele>
      </trkpt>
      <trkpt lat="45.49103" lon="6.5389">
        <ele>699.6</ele>
      </trkpt>
      <trkpt lat="45.49098" lon="6.539">
        <ele>700.8</ele>
      </trkpt>
      <trkpt lat="45.49098" lon="6.539">
        <ele>700.8</ele>
      </trkpt>
      <trkpt lat="45.49048" lon="6.54006">
        <ele>713.0</ele>
      </trkpt>
      <trkpt lat="45.49027" lon="6.54037">
        <ele>717.8</ele>
      </trkpt>
      <trkpt lat="45.49015" lon="6.54049">
        <ele>718.5</ele>
      </trkpt>
      <trkpt lat="45.48994" lon="6.54067">
        <ele>719.5</ele>
      </trkpt>
      <trkpt lat="45.48986" lon="6.54072">
        <ele>720.3</ele>
      </trkpt>
      <trkpt lat="45.48948" lon="6.54077">
        <ele>717.8</ele>
      </trkpt>
      <trkpt lat="45.48941" lon="6.5408">
        <ele>718.2</ele>
      </trkpt>
      <trkpt lat="45.48922" lon="6.5409">
        <ele>720.5</ele>
      </trkpt>
      <trkpt lat="45.48916" lon="6.5409">
        <ele>719.8</ele>
      </trkpt>
      <trkpt lat="45.4891" lon="6.54088">
        <ele>718.1</ele>
      </trkpt>
      <trkpt lat="45.48892" lon="6.5408">
        <ele>712.5</ele>
      </trkpt>
      <trkpt lat="45.48888" lon="6.54081">
        <ele>712.5</ele>
      </trkpt>
      <trkpt lat="45.48886" lon="6.54083">
        <ele>713.2</ele>
      </trkpt>
      <trkpt lat="45.48885" lon="6.54088">
        <ele>714.9</ele>
      </trkpt>
      <trkpt lat="45.48886" lon="6.54094">
        <ele>717.2</ele>
      </trkpt>
      <trkpt lat="45.48889" lon="6.54097">
        <ele>718.7</ele>
      </trkpt>
      <trkpt lat="45.48897" lon="6.54102">
        <ele>721.9</ele>
      </trkpt>
      <trkpt lat="45.4893" lon="6.54119">
        <ele>734.7</ele>
      </trkpt>
      <trkpt lat="45.48937" lon="6.54119">
        <ele>735.9</ele>
      </trkpt>
      <trkpt lat="45.48965" lon="6.54109">
        <ele>735.5</ele>
      </trkpt>
      <trkpt lat="45.48976" lon="6.5411">
        <ele>737.7</ele>
      </trkpt>
      <trkpt lat="45.48987" lon="6.54112">
        <ele>740.5</ele>
      </trkpt>
      <trkpt lat="45.49001" lon="6.54113">
        <ele>743.4</ele>
      </trkpt>
      <trkpt lat="45.49014" lon="6.54113">
        <ele>747.2</ele>
      </trkpt>
      <trkpt lat="45.49023" lon="6.54109">
        <ele>747.6</ele>
      </trkpt>
      <trkpt lat="45.49038" lon="6.54102">
        <ele>748.1</ele>
      </trkpt>
      <trkpt lat="45.4905" lon="6.54099">
        <ele>749.9</ele>
      </trkpt>
      <trkpt lat="45.49061" lon="6.54095">
        <ele>750.9</ele>
      </trkpt>
      <trkpt lat="45.49069" lon="6.54087">
        <ele>748.8</ele>
      </trkpt>
      <trkpt lat="45.4908" lon="6.54074">
        <ele>746.6</ele>
      </trkpt>
      <trkpt lat="45.49088" lon="6.5406">
        <ele>744.3</ele>
      </trkpt>
      <trkpt lat="45.49095" lon="6.54052">
        <ele>744.0</ele>
      </trkpt>
      <trkpt lat="45.49106" lon="6.54046">
        <ele>745.9</ele>
      </trkpt>
      <trkpt lat="45.49127" lon="6.54037">
        <ele>750.2</ele>
      </trkpt>
      <trkpt lat="45.49178" lon="6.54007">
        <ele>755.8</ele>
      </trkpt>
      <trkpt lat="45.49228" lon="6.53976">
        <ele>757.8</ele>
      </trkpt>
      <trkpt lat="45.49267" lon="6.53965">
        <ele>762.1</ele>
      </trkpt>
      <trkpt lat="45.49289" lon="6.5397">
        <ele>766.5</ele>
      </trkpt>
      <trkpt lat="45.49303" lon="6.53972">
        <ele>768.9</ele>
      </trkpt>
      <trkpt lat="45.49322" lon="6.53969">
        <ele>770.8</ele>
      </trkpt>
      <trkpt lat="45.49336" lon="6.53971">
        <ele>773.0</ele>
      </trkpt>
      <trkpt lat="45.49344" lon="6.53973">
        <ele>774.3</ele>
      </trkpt>
      <trkpt lat="45.49352" lon="6.53977">
        <ele>775.9</ele>
      </trkpt>
      <trkpt lat="45.4936" lon="6.53984">
        <ele>777.7</ele>
      </trkpt>
      <trkpt lat="45.49381" lon="6.54005">
        <ele>783.3</ele>
      </trkpt>
      <trkpt lat="45.4939" lon="6.54007">
        <ele>784.4</ele>
      </trkpt>
      <trkpt lat="45.49397" lon="6.54006">
        <ele>784.2</ele>
      </trkpt>
      <trkpt lat="45.49402" lon="6.53999">
        <ele>782.2</ele>
      </trkpt>
      <trkpt lat="45.49406" lon="6.53992">
        <ele>782.0</ele>
      </trkpt>
      <trkpt lat="45.49408" lon="6.53981">
        <ele>781.5</ele>
      </trkpt>
      <trkpt lat="45.4941" lon="6.53947">
        <ele>780.0</ele>
      </trkpt>
      <trkpt lat="45.4941" lon="6.53894">
        <ele>781.7</ele>
      </trkpt>
      <trkpt lat="45.49408" lon="6.53876">
        <ele>783.7</ele>
      </trkpt>
      <trkpt lat="45.49406" lon="6.53865">
        <ele>784.8</ele>
      </trkpt>
      <trkpt lat="45.49403" lon="6.53857">
        <ele>785.1</ele>
      </trkpt>
      <trkpt lat="45.49397" lon="6.53849">
        <ele>784.7</ele>
      </trkpt>
      <trkpt lat="45.49393" lon="6.53842">
        <ele>784.6</ele>
      </trkpt>
      <trkpt lat="45.49378" lon="6.53805">
        <ele>783.1</ele>
      </trkpt>
      <trkpt lat="45.49373" lon="6.53797">
        <ele>782.3</ele>
      </trkpt>
      <trkpt lat="45.4935" lon="6.53774">
        <ele>778.5</ele>
      </trkpt>
      <trkpt lat="45.49348" lon="6.53768">
        <ele>778.5</ele>
      </trkpt>
      <trkpt lat="45.49348" lon="6.53764">
        <ele>778.8</ele>
      </trkpt>
      <trkpt lat="45.4935" lon="6.5376">
        <ele>779.5</ele>
      </trkpt>
      <trkpt lat="45.49353" lon="6.53757">
        <ele>780.3</ele>
      </trkpt>
      <trkpt lat="45.49356" lon="6.53755">
        <ele>781.0</ele>
      </trkpt>
      <trkpt lat="45.49359" lon="6.53756">
        <ele>781.6</ele>
      </trkpt>
      <trkpt lat="45.49363" lon="6.5376">
        <ele>782.1</ele>
      </trkpt>
      <trkpt lat="45.49368" lon="6.5377">
        <ele>782.6</ele>
      </trkpt>
      <trkpt lat="45.49374" lon="6.53778">
        <ele>783.4</ele>
      </trkpt>
      <trkpt lat="45.49388" lon="6.53795">
        <ele>785.8</ele>
      </trkpt>
      <trkpt lat="45.494" lon="6.53804">
        <ele>788.4</ele>
      </trkpt>
      <trkpt lat="45.49425" lon="6.53818">
        <ele>794.8</ele>
      </trkpt>
      <trkpt lat="45.49444" lon="6.53834">
        <ele>801.1</ele>
      </trkpt>
      <trkpt lat="45.49453" lon="6.53849">
        <ele>802.0</ele>
      </trkpt>
      <trkpt lat="45.4946" lon="6.53866">
        <ele>802.1</ele>
      </trkpt>
      <trkpt lat="45.4948" lon="6.53897">
        <ele>804.7</ele>
      </trkpt>
      <trkpt lat="45.49498" lon="6.53918">
        <ele>808.1</ele>
      </trkpt>
      <trkpt lat="45.4951" lon="6.5393">
        <ele>811.6</ele>
      </trkpt>
      <trkpt lat="45.49521" lon="6.53944">
        <ele>814.0</ele>
      </trkpt>
      <trkpt lat="45.49529" lon="6.53958">
        <ele>814.6</ele>
      </trkpt>
      <trkpt lat="45.49529" lon="6.53958">
        <ele>814.6</ele>
      </trkpt>
      <trkpt lat="45.49545" lon="6.53982">
        <ele>815.4</ele>
      </trkpt>
      <trkpt lat="45.49567" lon="6.54002">
        <ele>818.2</ele>
      </trkpt>
      <trkpt lat="45.4958" lon="6.54011">
        <ele>821.0</ele>
      </trkpt>
      <trkpt lat="45.49593" lon="6.54024">
        <ele>823.2</ele>
      </trkpt>
      <trkpt lat="45.49622" lon="6.54074">
        <ele>824.7</ele>
      </trkpt>
      <trkpt lat="45.49655" lon="6.54123">
        <ele>829.7</ele>
      </trkpt>
      <trkpt lat="45.49684" lon="6.54159">
        <ele>832.7</ele>
      </trkpt>
      <trkpt lat="45.49716" lon="6.54192">
        <ele>837.6</ele>
      </trkpt>
      <trkpt lat="45.49742" lon="6.54212">
        <ele>839.2</ele>
      </trkpt>
      <trkpt lat="45.49768" lon="6.54228">
        <ele>841.0</ele>
      </trkpt>
      <trkpt lat="45.49819" lon="6.54257">
        <ele>847.1</ele>
      </trkpt>
      <trkpt lat="45.4983" lon="6.54266">
        <ele>848.8</ele>
      </trkpt>
      <trkpt lat="45.49852" lon="6.54292">
        <ele>851.7</ele>
      </trkpt>
      <trkpt lat="45.49872" lon="6.5432">
        <ele>852.4</ele>
      </trkpt>
      <trkpt lat="45.49886" lon="6.54344">
        <ele>853.4</ele>
      </trkpt>
      <trkpt lat="45.49896" lon="6.54374">
        <ele>856.0</ele>
      </trkpt>
      <trkpt lat="45.49899" lon="6.54378">
        <ele>856.6</ele>
      </trkpt>
      <trkpt lat="45.49901" lon="6.54379">
        <ele>857.0</ele>
      </trkpt>
      <trkpt lat="45.49904" lon="6.54378">
        <ele>857.4</ele>
      </trkpt>
      <trkpt lat="45.49906" lon="6.54376">
        <ele>857.7</ele>
      </trkpt>
      <trkpt lat="45.49907" lon="6.54372">
        <ele>857.8</ele>
      </trkpt>
      <trkpt lat="45.49908" lon="6.54362">
        <ele>857.8</ele>
      </trkpt>
      <trkpt lat="45.499" lon="6.54308">
        <ele>860.7</ele>
      </trkpt>
      <trkpt lat="45.49896" lon="6.54289">
        <ele>863.3</ele>
      </trkpt>
      <trkpt lat="45.49889" lon="6.54276">
        <ele>863.8</ele>
      </trkpt>
      <trkpt lat="45.49876" lon="6.54262">
        <ele>862.4</ele>
      </trkpt>
      <trkpt lat="45.49857" lon="6.54235">
        <ele>862.9</ele>
      </trkpt>
      <trkpt lat="45.49833" lon="6.54185">
        <ele>869.6</ele>
      </trkpt>
      <trkpt lat="45.49819" lon="6.54169">
        <ele>870.4</ele>
      </trkpt>
      <trkpt lat="45.49805" lon="6.54156">
        <ele>869.6</ele>
      </trkpt>
      <trkpt lat="45.49775" lon="6.54133">
        <ele>865.8</ele>
      </trkpt>
      <trkpt lat="45.49772" lon="6.54127">
        <ele>866.2</ele>
      </trkpt>
      <trkpt lat="45.4977" lon="6.5412">
        <ele>867.0</ele>
      </trkpt>
      <trkpt lat="45.49772" lon="6.54114">
        <ele>868.9</ele>
      </trkpt>
      <trkpt lat="45.49779" lon="6.54114">
        <ele>871.0</ele>
      </trkpt>
      <trkpt lat="45.4979" lon="6.54124">
        <ele>872.2</ele>
      </trkpt>
      <trkpt lat="45.49803" lon="6.54135">
        <ele>873.7</ele>
      </trkpt>
      <trkpt lat="45.49839" lon="6.54152">
        <ele>880.6</ele>
      </trkpt>
      <trkpt lat="45.49867" lon="6.54175">
        <ele>884.6</ele>
      </trkpt>
      <trkpt lat="45.49909" lon="6.54198">
        <ele>891.8</ele>
      </trkpt>
      <trkpt lat="45.49919" lon="6.54208">
        <ele>891.8</ele>
      </trkpt>
      <trkpt lat="45.49949" lon="6.54248">
        <ele>887.0</ele>
      </trkpt>
      <trkpt lat="45.49957" lon="6.54255">
        <ele>887.4</ele>
      </trkpt>
      <trkpt lat="45.49996" lon="6.54276">
        <ele>893.0</ele>
      </trkpt>
      <trkpt lat="45.50025" lon="6.543">
        <ele>895.7</ele>
      </trkpt>
      <trkpt lat="45.50025" lon="6.543">
        <ele>895.7</ele>
      </trkpt>
      <trkpt lat="45.50058" lon="6.54328">
        <ele>899.1</ele>
      </trkpt>
      <trkpt lat="45.5009" lon="6.54376">
        <ele>902.1</ele>
      </trkpt>
      <trkpt lat="45.50123" lon="6.54407">
        <ele>908.0</ele>
      </trkpt>
      <trkpt lat="45.50134" lon="6.54431">
        <ele>908.4</ele>
      </trkpt>
      <trkpt lat="45.50138" lon="6.54433">
        <ele>909.4</ele>
      </trkpt>
      <trkpt lat="45.50141" lon="6.54432">
        <ele>910.4</ele>
      </trkpt>
      <trkpt lat="45.50143" lon="6.54428">
        <ele>911.5</ele>
      </trkpt>
      <trkpt lat="45.50144" lon="6.54421">
        <ele>912.5</ele>
      </trkpt>
      <trkpt lat="45.50141" lon="6.54412">
        <ele>912.9</ele>
      </trkpt>
      <trkpt lat="45.50137" lon="6.54406">
        <ele>912.7</ele>
      </trkpt>
      <trkpt lat="45.5011" lon="6.5437">
        <ele>909.9</ele>
      </trkpt>
      <trkpt lat="45.50091" lon="6.54311">
        <ele>914.2</ele>
      </trkpt>
      <trkpt lat="45.50072" lon="6.54251">
        <ele>922.4</ele>
      </trkpt>
      <trkpt lat="45.5006" lon="6.54227">
        <ele>927.5</ele>
      </trkpt>
      <trkpt lat="45.50054" lon="6.54219">
        <ele>928.6</ele>
      </trkpt>
      <trkpt lat="45.50026" lon="6.54202">
        <ele>926.3</ele>
      </trkpt>
      <trkpt lat="45.49974" lon="6.54152">
        <ele>926.8</ele>
      </trkpt>
      <trkpt lat="45.49957" lon="6.5413">
        <ele>927.3</ele>
      </trkpt>
      <trkpt lat="45.49952" lon="6.54121">
        <ele>928.1</ele>
      </trkpt>
      <trkpt lat="45.49947" lon="6.54108">
        <ele>930.0</ele>
      </trkpt>
      <trkpt lat="45.49943" lon="6.5408">
        <ele>935.8</ele>
      </trkpt>
      <trkpt lat="45.49929" lon="6.54048">
        <ele>936.1</ele>
      </trkpt>
      <trkpt lat="45.49926" lon="6.54038">
        <ele>936.5</ele>
      </trkpt>
      <trkpt lat="45.49921" lon="6.54005">
        <ele>939.2</ele>
      </trkpt>
      <trkpt lat="45.49919" lon="6.53993">
        <ele>939.8</ele>
      </trkpt>
      <trkpt lat="45.49919" lon="6.53956">
        <ele>943.9</ele>
      </trkpt>
      <trkpt lat="45.49916" lon="6.53929">
        <ele>945.4</ele>
      </trkpt>
      <trkpt lat="45.49915" lon="6.53919">
        <ele>946.1</ele>
      </trkpt>
      <trkpt lat="45.49916" lon="6.53908">
        <ele>947.0</ele>
      </trkpt>
      <trkpt lat="45.49928" lon="6.5387">
        <ele>954.4</ele>
      </trkpt>
      <trkpt lat="45.49931" lon="6.5385">
        <ele>956.8</ele>
      </trkpt>
      <trkpt lat="45.4993" lon="6.53842">
        <ele>956.5</ele>
      </trkpt>
      <trkpt lat="45.49922" lon="6.5381">
        <ele>954.0</ele>
      </trkpt>
      <trkpt lat="45.49919" lon="6.53792">
        <ele>953.8</ele>
      </trkpt>
      <trkpt lat="45.49917" lon="6.53778">
        <ele>953.8</ele>
      </trkpt>
      <trkpt lat="45.49916" lon="6.53765">
        <ele>954.4</ele>
      </trkpt>
      <trkpt lat="45.49918" lon="6.53746">
        <ele>956.9</ele>
      </trkpt>
      <trkpt lat="45.49928" lon="6.53692">
        <ele>965.4</ele>
      </trkpt>
      <trkpt lat="45.4993" lon="6.53674">
        <ele>967.6</ele>
      </trkpt>
      <trkpt lat="45.49928" lon="6.53656">
        <ele>967.7</ele>
      </trkpt>
      <trkpt lat="45.49916" lon="6.53622">
        <ele>963.5</ele>
      </trkpt>
      <trkpt lat="45.49911" lon="6.53608">
        <ele>962.5</ele>
      </trkpt>
      <trkpt lat="45.49906" lon="6.53573">
        <ele>962.5</ele>
      </trkpt>
      <trkpt lat="45.49907" lon="6.53556">
        <ele>962.8</ele>
      </trkpt>
      <trkpt lat="45.4992" lon="6.53512">
        <ele>969.0</ele>
      </trkpt>
      <trkpt lat="45.49924" lon="6.53503">
        <ele>971.3</ele>
      </trkpt>
      <trkpt lat="45.49927" lon="6.535">
        <ele>973.1</ele>
      </trkpt>
      <trkpt lat="45.49931" lon="6.53501">
        <ele>975.4</ele>
      </trkpt>
      <trkpt lat="45.49933" lon="6.53503">
        <ele>976.6</ele>
      </trkpt>
      <trkpt lat="45.49934" lon="6.53512">
        <ele>977.3</ele>
      </trkpt>
      <trkpt lat="45.49929" lon="6.53555">
        <ele>974.4</ele>
      </trkpt>
      <trkpt lat="45.49929" lon="6.53562">
        <ele>974.5</ele>
      </trkpt>
      <trkpt lat="45.4993" lon="6.5357">
        <ele>975.1</ele>
      </trkpt>
      <trkpt lat="45.49933" lon="6.53578">
        <ele>977.0</ele>
      </trkpt>
      <trkpt lat="45.49975" lon="6.53669">
        <ele>994.8</ele>
      </trkpt>
      <trkpt lat="45.49978" lon="6.53679">
        <ele>995.8</ele>
      </trkpt>
      <trkpt lat="45.4998" lon="6.53692">
        <ele>995.9</ele>
      </trkpt>
      <trkpt lat="45.49985" lon="6.5377">
        <ele>992.6</ele>
      </trkpt>
      <trkpt lat="45.49988" lon="6.53788">
        <ele>993.4</ele>
      </trkpt>
      <trkpt lat="45.49995" lon="6.5383">
        <ele>995.2</ele>
      </trkpt>
      <trkpt lat="45.50004" lon="6.53866">
        <ele>997.0</ele>
      </trkpt>
      <trkpt lat="45.50011" lon="6.53882">
        <ele>998.9</ele>
      </trkpt>
      <trkpt lat="45.50017" lon="6.53889">
        <ele>1001.2</ele>
      </trkpt>
      <trkpt lat="45.50028" lon="6.53897">
        <ele>1005.6</ele>
      </trkpt>
      <trkpt lat="45.50038" lon="6.53907">
        <ele>1009.1</ele>
      </trkpt>
      <trkpt lat="45.50044" lon="6.53917">
        <ele>1010.5</ele>
      </trkpt>
      <trkpt lat="45.50071" lon="6.53967">
        <ele>1010.5</ele>
      </trkpt>
      <trkpt lat="45.50081" lon="6.53982">
        <ele>1010.8</ele>
      </trkpt>
      <trkpt lat="45.50081" lon="6.53982">
        <ele>1010.8</ele>
      </trkpt>
      <trkpt lat="45.5013" lon="6.5404">
        <ele>1013.8</ele>
      </trkpt>
      <trkpt lat="45.50137" lon="6.54045">
        <ele>1015.0</ele>
      </trkpt>
      <trkpt lat="45.50159" lon="6.54051">
        <ele>1022.0</ele>
      </trkpt>
      <trkpt lat="45.50163" lon="6.54053">
        <ele>1023.0</ele>
      </trkpt>
      <trkpt lat="45.50167" lon="6.54057">
        <ele>1023.4</ele>
      </trkpt>
      <trkpt lat="45.50173" lon="6.54067">
        <ele>1023.5</ele>
      </trkpt>
      <trkpt lat="45.50181" lon="6.54082">
        <ele>1023.1</ele>
      </trkpt>
      <trkpt lat="45.50186" lon="6.54087">
        <ele>1023.9</ele>
      </trkpt>
      <trkpt lat="45.50201" lon="6.54095">
        <ele>1028.5</ele>
      </trkpt>
      <trkpt lat="45.50261" lon="6.54149">
        <ele>1034.6</ele>
      </trkpt>
      <trkpt lat="45.50293" lon="6.54176">
        <ele>1037.0</ele>
      </trkpt>
      <trkpt lat="45.50313" lon="6.5419">
        <ele>1040.0</ele>
      </trkpt>
      <trkpt lat="45.50362" lon="6.5423">
        <ele>1040.4</ele>
      </trkpt>
      <trkpt lat="45.50397" lon="6.5425">
        <ele>1043.9</ele>
      </trkpt>
      <trkpt lat="45.50423" lon="6.54283">
        <ele>1045.3</ele>
      </trkpt>
      <trkpt lat="45.50489" lon="6.54348">
        <ele>1055.5</ele>
      </trkpt>
      <trkpt lat="45.505" lon="6.54368">
        <ele>1059.7</ele>
      </trkpt>
      <trkpt lat="45.50503" lon="6.54375">
        <ele>1060.4</ele>
      </trkpt>
      <trkpt lat="45.50505" lon="6.54385">
        <ele>1061.1</ele>
      </trkpt>
      <trkpt lat="45.50505" lon="6.54414">
        <ele>1062.4</ele>
      </trkpt>
      <trkpt lat="45.50508" lon="6.54421">
        <ele>1063.7</ele>
      </trkpt>
      <trkpt lat="45.50512" lon="6.54427">
        <ele>1065.3</ele>
      </trkpt>
      <trkpt lat="45.50527" lon="6.54429">
        <ele>1067.2</ele>
      </trkpt>
      <trkpt lat="45.50546" lon="6.54428">
        <ele>1068.7</ele>
      </trkpt>
      <trkpt lat="45.50568" lon="6.54434">
        <ele>1071.9</ele>
      </trkpt>
      <trkpt lat="45.50609" lon="6.54469">
        <ele>1077.8</ele>
      </trkpt>
      <trkpt lat="45.50612" lon="6.54481">
        <ele>1079.4</ele>
      </trkpt>
      <trkpt lat="45.5062" lon="6.54499">
        <ele>1081.0</ele>
      </trkpt>
      <trkpt lat="45.50659" lon="6.54566">
        <ele>1082.7</ele>
      </trkpt>
      <trkpt lat="45.50694" lon="6.54602">
        <ele>1082.2</ele>
      </trkpt>
      <trkpt lat="45.50711" lon="6.54617">
        <ele>1082.0</ele>
      </trkpt>
      <trkpt lat="45.50741" lon="6.54638">
        <ele>1081.7</ele>
      </trkpt>
      <trkpt lat="45.50748" lon="6.54652">
        <ele>1082.2</ele>
      </trkpt>
      <trkpt lat="45.50762" lon="6.54693">
        <ele>1083.3</ele>
      </trkpt>
      <trkpt lat="45.50769" lon="6.54707">
        <ele>1083.9</ele>
      </trkpt>
      <trkpt lat="45.5078" lon="6.54726">
        <ele>1085.3</ele>
      </trkpt>
      <trkpt lat="45.50811" lon="6.54782">
        <ele>1091.5</ele>
      </trkpt>
      <trkpt lat="45.50827" lon="6.5482">
        <ele>1096.5</ele>
      </trkpt>
      <trkpt lat="45.5086" lon="6.54873">
        <ele>1109.8</ele>
      </trkpt>
      <trkpt lat="45.50893" lon="6.54926">
        <ele>1119.0</ele>
      </trkpt>
      <trkpt lat="45.50927" lon="6.5498">
        <ele>1124.3</ele>
      </trkpt>
      <trkpt lat="45.5096" lon="6.55033">
        <ele>1130.6</ele>
      </trkpt>
      <trkpt lat="45.50972" lon="6.55059">
        <ele>1134.4</ele>
      </trkpt>
      <trkpt lat="45.50983" lon="6.55088">
        <ele>1139.4</ele>
      </trkpt>
      <trkpt lat="45.51002" lon="6.55105">
        <ele>1147.6</ele>
      </trkpt>
      <trkpt lat="45.51016" lon="6.55105">
        <ele>1150.2</ele>
      </trkpt>
      <trkpt lat="45.51055" lon="6.55117">
        <ele>1160.3</ele>
      </trkpt>
      <trkpt lat="45.51078" lon="6.55131">
        <ele>1167.4</ele>
      </trkpt>
      <trkpt lat="45.51105" lon="6.55135">
        <ele>1171.5</ele>
      </trkpt>
      <trkpt lat="45.5113" lon="6.5514">
        <ele>1175.0</ele>
      </trkpt>
      <trkpt lat="45.51158" lon="6.55144">
        <ele>1178.3</ele>
      </trkpt>
      <trkpt lat="45.51172" lon="6.55141">
        <ele>1178.9</ele>
      </trkpt>
      <trkpt lat="45.51193" lon="6.55135">
        <ele>1178.9</ele>
      </trkpt>
      <trkpt lat="45.51224" lon="6.55132">
        <ele>1179.5</ele>
      </trkpt>
      <trkpt lat="45.51231" lon="6.55133">
        <ele>1179.7</ele>
      </trkpt>
      <trkpt lat="45.51231" lon="6.55133">
        <ele>1179.7</ele>
      </trkpt>
      <trkpt lat="45.51247" lon="6.55136">
        <ele>1180.2</ele>
      </trkpt>
      <trkpt lat="45.51279" lon="6.55156">
        <ele>1184.9</ele>
      </trkpt>
      <trkpt lat="45.51312" lon="6.55171">
        <ele>1189.4</ele>
      </trkpt>
      <trkpt lat="45.51325" lon="6.55184">
        <ele>1191.0</ele>
      </trkpt>
      <trkpt lat="45.51334" lon="6.552">
        <ele>1191.7</ele>
      </trkpt>
      <trkpt lat="45.5135" lon="6.55237">
        <ele>1191.6</ele>
      </trkpt>
      <trkpt lat="45.5136" lon="6.55255">
        <ele>1190.9</ele>
      </trkpt>
      <trkpt lat="45.5136" lon="6.55255">
        <ele>1190.9</ele>
      </trkpt>
      <trkpt lat="45.51367" lon="6.55268">
        <ele>1190.8</ele>
      </trkpt>
      <trkpt lat="45.5138" lon="6.55284">
        <ele>1190.9</ele>
      </trkpt>
      <trkpt lat="45.51391" lon="6.55288">
        <ele>1191.0</ele>
      </trkpt>
      <trkpt lat="45.51405" lon="6.55286">
        <ele>1191.3</ele>
      </trkpt>
      <trkpt lat="45.51423" lon="6.55276">
        <ele>1191.7</ele>
      </trkpt>
      <trkpt lat="45.51434" lon="6.55275">
        <ele>1192.4</ele>
      </trkpt>
      <trkpt lat="45.5145" lon="6.55281">
        <ele>1193.2</ele>
      </trkpt>
      <trkpt lat="45.51461" lon="6.55265">
        <ele>1194.6</ele>
      </trkpt>
      <trkpt lat="45.51463" lon="6.55254">
        <ele>1195.3</ele>
      </trkpt>
      <trkpt lat="45.51461" lon="6.55226">
        <ele>1200.6</ele>
      </trkpt>
      <trkpt lat="45.51396" lon="6.55163">
        <ele>1203.4</ele>
      </trkpt>
      <trkpt lat="45.51396" lon="6.55163">
        <ele>1203.4</ele>
      </trkpt>
      <trkpt lat="45.51378" lon="6.55142">
        <ele>1201.0</ele>
      </trkpt>
      <trkpt lat="45.51371" lon="6.5513">
        <ele>1200.4</ele>
      </trkpt>
      <trkpt lat="45.51367" lon="6.55118">
        <ele>1200.3</ele>
      </trkpt>
      <trkpt lat="45.51367" lon="6.5511">
        <ele>1200.6</ele>
      </trkpt>
      <trkpt lat="45.51375" lon="6.55093">
        <ele>1202.6</ele>
      </trkpt>
      <trkpt lat="45.51382" lon="6.55086">
        <ele>1203.9</ele>
      </trkpt>
      <trkpt lat="45.51387" lon="6.55084">
        <ele>1204.7</ele>
      </trkpt>
      <trkpt lat="45.51392" lon="6.55084">
        <ele>1205.4</ele>
      </trkpt>
      <trkpt lat="45.51405" lon="6.55088">
        <ele>1207.2</ele>
      </trkpt>
      <trkpt lat="45.51415" lon="6.55085">
        <ele>1208.7</ele>
      </trkpt>
      <trkpt lat="45.51415" lon="6.55085">
        <ele>1208.7</ele>
      </trkpt>
      <trkpt lat="45.51417" lon="6.55085">
        <ele>1209.1</ele>
      </trkpt>
      <trkpt lat="45.51416" lon="6.551">
        <ele>1208.5</ele>
      </trkpt>
      <trkpt lat="45.51425" lon="6.55127">
        <ele>1209.8</ele>
      </trkpt>
      <trkpt lat="45.5144" lon="6.55162">
        <ele>1210.9</ele>
      </trkpt>
      <trkpt lat="45.51458" lon="6.55179">
        <ele>1210.7</ele>
      </trkpt>
      <trkpt lat="45.51477" lon="6.55193">
        <ele>1210.2</ele>
      </trkpt>
      <trkpt lat="45.51524" lon="6.55214">
        <ele>1214.2</ele>
      </trkpt>
      <trkpt lat="45.51571" lon="6.55234">
        <ele>1220.0</ele>
      </trkpt>
      <trkpt lat="45.51571" lon="6.55234">
        <ele>1220.0</ele>
      </trkpt>
      <trkpt lat="45.51586" lon="6.55241">
        <ele>1221.4</ele>
      </trkpt>
      <trkpt lat="45.51609" lon="6.55249">
        <ele>1224.4</ele>
      </trkpt>
      <trkpt lat="45.51619" lon="6.55255">
        <ele>1225.3</ele>
      </trkpt>
      <trkpt lat="45.51631" lon="6.55268">
        <ele>1224.9</ele>
      </trkpt>
      <trkpt lat="45.51642" lon="6.55283">
        <ele>1223.6</ele>
      </trkpt>
      <trkpt lat="45.51654" lon="6.55293">
        <ele>1223.8</ele>
      </trkpt>
      <trkpt lat="45.51668" lon="6.55299">
        <ele>1225.4</ele>
      </trkpt>
      <trkpt lat="45.51711" lon="6.55309">
        <ele>1234.3</ele>
      </trkpt>
      <trkpt lat="45.51724" lon="6.55313">
        <ele>1236.9</ele>
      </trkpt>
      <trkpt lat="45.51731" lon="6.5532">
        <ele>1237.0</ele>
      </trkpt>
      <trkpt lat="45.51741" lon="6.55338">
        <ele>1235.8</ele>
      </trkpt>
      <trkpt lat="45.51754" lon="6.55375">
        <ele>1234.8</ele>
      </trkpt>
      <trkpt lat="45.51803" lon="6.5548">
        <ele>1242.4</ele>
      </trkpt>
      <trkpt lat="45.51836" lon="6.55568">
        <ele>1241.6</ele>
      </trkpt>
      <trkpt lat="45.51843" lon="6.55579">
        <ele>1242.1</ele>
      </trkpt>
      <trkpt lat="45.51853" lon="6.55587">
        <ele>1244.5</ele>
      </trkpt>
      <trkpt lat="45.519" lon="6.55601">
        <ele>1258.2</ele>
      </trkpt>
      <trkpt lat="45.51946" lon="6.55614">
        <ele>1263.8</ele>
      </trkpt>
      <trkpt lat="45.51997" lon="6.55638">
        <ele>1261.8</ele>
      </trkpt>
      <trkpt lat="45.52024" lon="6.55653">
        <ele>1257.9</ele>
      </trkpt>
      <trkpt lat="45.52039" lon="6.55665">
        <ele>1254.5</ele>
      </trkpt>
      <trkpt lat="45.52051" lon="6.55671">
        <ele>1253.7</ele>
      </trkpt>
      <trkpt lat="45.52065" lon="6.55671">
        <ele>1253.7</ele>
      </trkpt>
      <trkpt lat="45.5208" lon="6.55665">
        <ele>1254.5</ele>
      </trkpt>
      <trkpt lat="45.52096" lon="6.55651">
        <ele>1257.6</ele>
      </trkpt>
      <trkpt lat="45.52111" lon="6.55647">
        <ele>1257.5</ele>
      </trkpt>
      <trkpt lat="45.52127" lon="6.55649">
        <ele>1255.4</ele>
      </trkpt>
      <trkpt lat="45.5215" lon="6.55658">
        <ele>1250.4</ele>
      </trkpt>
      <trkpt lat="45.52177" lon="6.55658">
        <ele>1248.9</ele>
      </trkpt>
      <trkpt lat="45.52207" lon="6.55657">
        <ele>1249.1</ele>
      </trkpt>
      <trkpt lat="45.52258" lon="6.55662">
        <ele>1247.1</ele>
      </trkpt>
      <trkpt lat="45.52268" lon="6.55664">
        <ele>1246.0</ele>
      </trkpt>
      <trkpt lat="45.52274" lon="6.55663">
        <ele>1246.1</ele>
      </trkpt>
      <trkpt lat="45.5228" lon="6.55656">
        <ele>1248.3</ele>
      </trkpt>
      <trkpt lat="45.52294" lon="6.55622">
        <ele>1260.4</ele>
      </trkpt>
      <trkpt lat="45.52299" lon="6.55599">
        <ele>1269.1</ele>
      </trkpt>
      <trkpt lat="45.52303" lon="6.55591">
        <ele>1272.3</ele>
      </trkpt>
      <trkpt lat="45.52311" lon="6.55592">
        <ele>1272.3</ele>
      </trkpt>
      <trkpt lat="45.52322" lon="6.55603">
        <ele>1268.3</ele>
      </trkpt>
      <trkpt lat="45.52329" lon="6.55611">
        <ele>1265.3</ele>
      </trkpt>
      <trkpt lat="45.52355" lon="6.5565">
        <ele>1258.2</ele>
      </trkpt>
      <trkpt lat="45.5236" lon="6.5568">
        <ele>1248.3</ele>
      </trkpt>
      <trkpt lat="45.52371" lon="6.55695">
        <ele>1247.2</ele>
      </trkpt>
      <trkpt lat="45.52397" lon="6.55723">
        <ele>1246.6</ele>
      </trkpt>
      <trkpt lat="45.52434" lon="6.55797">
        <ele>1236.0</ele>
      </trkpt>
      <trkpt lat="45.52472" lon="6.5587">
        <ele>1232.1</ele>
      </trkpt>
      <trkpt lat="45.52501" lon="6.55919">
        <ele>1233.6</ele>
      </trkpt>
      <trkpt lat="45.5253" lon="6.55968">
        <ele>1227.7</ele>
      </trkpt>
      <trkpt lat="45.52556" lon="6.56021">
        <ele>1220.3</ele>
      </trkpt>
      <trkpt lat="45.52582" lon="6.56073">
        <ele>1216.3</ele>
      </trkpt>
      <trkpt lat="45.52599" lon="6.56094">
        <ele>1216.0</ele>
      </trkpt>
      <trkpt lat="45.52611" lon="6.56126">
        <ele>1209.3</ele>
      </trkpt>
      <trkpt lat="45.52646" lon="6.56157">
        <ele>1212.1</ele>
      </trkpt>
      <trkpt lat="45.52657" lon="6.5617">
        <ele>1211.6</ele>
      </trkpt>
      <trkpt lat="45.52679" lon="6.56188">
        <ele>1211.6</ele>
      </trkpt>
      <trkpt lat="45.52696" lon="6.562">
        <ele>1212.6</ele>
      </trkpt>
      <trkpt lat="45.52705" lon="6.56209">
        <ele>1212.2</ele>
      </trkpt>
      <trkpt lat="45.52715" lon="6.56224">
        <ele>1209.8</ele>
      </trkpt>
      <trkpt lat="45.52726" lon="6.56237">
        <ele>1208.9</ele>
      </trkpt>
      <trkpt lat="45.52777" lon="6.56281">
        <ele>1216.2</ele>
      </trkpt>
      <trkpt lat="45.52783" lon="6.56294">
        <ele>1215.1</ele>
      </trkpt>
      <trkpt lat="45.52794" lon="6.56329">
        <ele>1210.5</ele>
      </trkpt>
      <trkpt lat="45.52796" lon="6.5634">
        <ele>1208.2</ele>
      </trkpt>
      <trkpt lat="45.52795" lon="6.56371">
        <ele>1197.7</ele>
      </trkpt>
      <trkpt lat="45.52797" lon="6.56383">
        <ele>1195.0</ele>
      </trkpt>
      <trkpt lat="45.52801" lon="6.56392">
        <ele>1194.6</ele>
      </trkpt>
      <trkpt lat="45.52808" lon="6.56403">
        <ele>1195.4</ele>
      </trkpt>
      <trkpt lat="45.5283" lon="6.56415">
        <ele>1205.4</ele>
      </trkpt>
      <trkpt lat="45.52833" lon="6.56423">
        <ele>1204.7</ele>
      </trkpt>
      <trkpt lat="45.52836" lon="6.56432">
        <ele>1203.9</ele>
      </trkpt>
      <trkpt lat="45.52837" lon="6.5646">
        <ele>1195.6</ele>
      </trkpt>
      <trkpt lat="45.52838" lon="6.56469">
        <ele>1193.3</ele>
      </trkpt>
      <trkpt lat="45.52859" lon="6.56518">
        <ele>1192.1</ele>
      </trkpt>
      <trkpt lat="45.52882" lon="6.56577">
        <ele>1187.3</ele>
      </trkpt>
      <trkpt lat="45.52891" lon="6.56598">
        <ele>1186.5</ele>
      </trkpt>
      <trkpt lat="45.52913" lon="6.56693">
        <ele>1174.0</ele>
      </trkpt>
      <trkpt lat="45.52908" lon="6.56738">
        <ele>1164.2</ele>
      </trkpt>
      <trkpt lat="45.52911" lon="6.56766">
        <ele>1160.4</ele>
      </trkpt>
      <trkpt lat="45.52922" lon="6.56792">
        <ele>1160.7</ele>
      </trkpt>
      <trkpt lat="45.52946" lon="6.56829">
        <ele>1164.8</ele>
      </trkpt>
      <trkpt lat="45.52981" lon="6.56876">
        <ele>1166.4</ele>
      </trkpt>
      <trkpt lat="45.53001" lon="6.56932">
        <ele>1155.7</ele>
      </trkpt>
      <trkpt lat="45.53019" lon="6.56978">
        <ele>1152.3</ele>
      </trkpt>
      <trkpt lat="45.53047" lon="6.57029">
        <ele>1150.5</ele>
      </trkpt>
      <trkpt lat="45.53073" lon="6.57087">
        <ele>1147.3</ele>
      </trkpt>
      <trkpt lat="45.53088" lon="6.57136">
        <ele>1142.5</ele>
      </trkpt>
      <trkpt lat="45.53104" lon="6.57181">
        <ele>1136.7</ele>
      </trkpt>
      <trkpt lat="45.53107" lon="6.57185">
        <ele>1136.6</ele>
      </trkpt>
      <trkpt lat="45.53107" lon="6.57185">
        <ele>1136.6</ele>
      </trkpt>
      <trkpt lat="45.5314" lon="6.5723">
        <ele>1137.0</ele>
      </trkpt>
      <trkpt lat="45.5316" lon="6.5727">
        <ele>1136.1</ele>
      </trkpt>
      <trkpt lat="45.53187" lon="6.57364">
        <ele>1131.5</ele>
      </trkpt>
      <trkpt lat="45.53193" lon="6.57396">
        <ele>1129.9</ele>
      </trkpt>
      <trkpt lat="45.53195" lon="6.57448">
        <ele>1125.3</ele>
      </trkpt>
      <trkpt lat="45.53197" lon="6.57465">
        <ele>1124.1</ele>
      </trkpt>
      <trkpt lat="45.53205" lon="6.57491">
        <ele>1122.9</ele>
      </trkpt>
      <trkpt lat="45.53216" lon="6.57519">
        <ele>1120.4</ele>
      </trkpt>
      <trkpt lat="45.53253" lon="6.57573">
        <ele>1114.5</ele>
      </trkpt>
      <trkpt lat="45.53288" lon="6.57595">
        <ele>1115.1</ele>
      </trkpt>
      <trkpt lat="45.53336" lon="6.57604">
        <ele>1119.7</ele>
      </trkpt>
      <trkpt lat="45.53381" lon="6.57617">
        <ele>1121.5</ele>
      </trkpt>
      <trkpt lat="45.53398" lon="6.57625">
        <ele>1121.0</ele>
      </trkpt>
      <trkpt lat="45.53428" lon="6.57662">
        <ele>1114.3</ele>
      </trkpt>
      <trkpt lat="45.53484" lon="6.57717">
        <ele>1119.0</ele>
      </trkpt>
      <trkpt lat="45.53524" lon="6.57771">
        <ele>1120.4</ele>
      </trkpt>
      <trkpt lat="45.53537" lon="6.57808">
        <ele>1118.7</ele>
      </trkpt>
      <trkpt lat="45.53551" lon="6.5789">
        <ele>1113.9</ele>
      </trkpt>
      <trkpt lat="45.53553" lon="6.57966">
        <ele>1109.1</ele>
      </trkpt>
      <trkpt lat="45.53553" lon="6.57987">
        <ele>1107.6</ele>
      </trkpt>
      <trkpt lat="45.53566" lon="6.58026">
        <ele>1106.8</ele>
      </trkpt>
      <trkpt lat="45.53575" lon="6.58057">
        <ele>1106.3</ele>
      </trkpt>
      <trkpt lat="45.53578" lon="6.58117">
        <ele>1100.5</ele>
      </trkpt>
      <trkpt lat="45.53579" lon="6.58127">
        <ele>1099.7</ele>
      </trkpt>
      <trkpt lat="45.53582" lon="6.58136">
        <ele>1100.0</ele>
      </trkpt>
      <trkpt lat="45.53625" lon="6.58202">
        <ele>1093.1</ele>
      </trkpt>
      <trkpt lat="45.53651" lon="6.58237">
        <ele>1088.7</ele>
      </trkpt>
      <trkpt lat="45.5369" lon="6.5827">
        <ele>1088.3</ele>
      </trkpt>
      <trkpt lat="45.5373" lon="6.58303">
        <ele>1087.3</ele>
      </trkpt>
      <trkpt lat="45.5376" lon="6.5833">
        <ele>1087.7</ele>
      </trkpt>
      <trkpt lat="45.53792" lon="6.58397">
        <ele>1083.5</ele>
      </trkpt>
      <trkpt lat="45.53821" lon="6.58479">
        <ele>1076.3</ele>
      </trkpt>
      <trkpt lat="45.53845" lon="6.58578">
        <ele>1059.9</ele>
      </trkpt>
      <trkpt lat="45.53861" lon="6.58594">
        <ele>1062.3</ele>
      </trkpt>
      <trkpt lat="45.53894" lon="6.58663">
        <ele>1057.6</ele>
      </trkpt>
      <trkpt lat="45.53927" lon="6.58731">
        <ele>1051.4</ele>
      </trkpt>
      <trkpt lat="45.53983" lon="6.58808">
        <ele>1049.5</ele>
      </trkpt>
      <trkpt lat="45.54038" lon="6.58885">
        <ele>1036.9</ele>
      </trkpt>
      <trkpt lat="45.54038" lon="6.58885">
        <ele>1036.9</ele>
      </trkpt>
      <trkpt lat="45.54051" lon="6.58902">
        <ele>1033.5</ele>
      </trkpt>
      <trkpt lat="45.54094" lon="6.58932">
        <ele>1035.3</ele>
      </trkpt>
      <trkpt lat="45.54139" lon="6.58977">
        <ele>1029.8</ele>
      </trkpt>
      <trkpt lat="45.54184" lon="6.59023">
        <ele>1026.4</ele>
      </trkpt>
      <trkpt lat="45.542" lon="6.59052">
        <ele>1020.8</ele>
      </trkpt>
      <trkpt lat="45.54248" lon="6.59102">
        <ele>1018.9</ele>
      </trkpt>
      <trkpt lat="45.54297" lon="6.59152">
        <ele>1019.4</ele>
      </trkpt>
      <trkpt lat="45.54323" lon="6.59197">
        <ele>1011.9</ele>
      </trkpt>
      <trkpt lat="45.54391" lon="6.59272">
        <ele>1012.5</ele>
      </trkpt>
      <trkpt lat="45.54392" lon="6.59281">
        <ele>1009.0</ele>
      </trkpt>
      <trkpt lat="45.54416" lon="6.59303">
        <ele>1011.1</ele>
      </trkpt>
      <trkpt lat="45.54441" lon="6.5935">
        <ele>1004.6</ele>
      </trkpt>
      <trkpt lat="45.54459" lon="6.59402">
        <ele>993.2</ele>
      </trkpt>
      <trkpt lat="45.54524" lon="6.59446">
        <ele>1003.4</ele>
      </trkpt>
      <trkpt lat="45.54554" lon="6.59457">
        <ele>1011.0</ele>
      </trkpt>
      <trkpt lat="45.54593" lon="6.59467">
        <ele>1024.3</ele>
      </trkpt>
      <trkpt lat="45.54629" lon="6.59516">
        <ele>1021.5</ele>
      </trkpt>
      <trkpt lat="45.54653" lon="6.59532">
        <ele>1027.7</ele>
      </trkpt>
      <trkpt lat="45.54665" lon="6.59544">
        <ele>1029.2</ele>
      </trkpt>
      <trkpt lat="45.5469" lon="6.59648">
        <ele>1010.0</ele>
      </trkpt>
      <trkpt lat="45.5472" lon="6.59696">
        <ele>1002.6</ele>
      </trkpt>
      <trkpt lat="45.54742" lon="6.59759">
        <ele>981.0</ele>
      </trkpt>
      <trkpt lat="45.54747" lon="6.59773">
        <ele>976.7</ele>
      </trkpt>
      <trkpt lat="45.54762" lon="6.59796">
        <ele>968.2</ele>
      </trkpt>
      <trkpt lat="45.54784" lon="6.59803">
        <ele>964.7</ele>
      </trkpt>
      <trkpt lat="45.54803" lon="6.59803">
        <ele>964.4</ele>
      </trkpt>
      <trkpt lat="45.54831" lon="6.59799">
        <ele>966.2</ele>
      </trkpt>
      <trkpt lat="45.5488" lon="6.59784">
        <ele>968.0</ele>
      </trkpt>
      <trkpt lat="45.54892" lon="6.59792">
        <ele>961.9</ele>
      </trkpt>
      <trkpt lat="45.54866" lon="6.59803">
        <ele>959.4</ele>
      </trkpt>
      <trkpt lat="45.54855" lon="6.59816">
        <ele>953.5</ele>
      </trkpt>
      <trkpt lat="45.54841" lon="6.59828">
        <ele>948.3</ele>
      </trkpt>
      <trkpt lat="45.54831" lon="6.59836">
        <ele>945.0</ele>
      </trkpt>
      <trkpt lat="45.54804" lon="6.59853">
        <ele>939.9</ele>
      </trkpt>
      <trkpt lat="45.54788" lon="6.59865">
        <ele>936.6</ele>
      </trkpt>
      <trkpt lat="45.54774" lon="6.59873">
        <ele>935.1</ele>
      </trkpt>
      <trkpt lat="45.54756" lon="6.59889">
        <ele>931.4</ele>
      </trkpt>
      <trkpt lat="45.54759" lon="6.59901">
        <ele>926.4</ele>
      </trkpt>
      <trkpt lat="45.54767" lon="6.59902">
        <ele>924.7</ele>
      </trkpt>
      <trkpt lat="45.54793" lon="6.59892">
        <ele>924.7</ele>
      </trkpt>
      <trkpt lat="45.54809" lon="6.59893">
        <ele>921.8</ele>
      </trkpt>
      <trkpt lat="45.54817" lon="6.599">
        <ele>917.4</ele>
      </trkpt>
      <trkpt lat="45.54827" lon="6.59891">
        <ele>920.0</ele>
      </trkpt>
      <trkpt lat="45.54836" lon="6.59879">
        <ele>924.5</ele>
      </trkpt>
      <trkpt lat="45.54853" lon="6.59879">
        <ele>923.9</ele>
      </trkpt>
      <trkpt lat="45.54872" lon="6.59884">
        <ele>921.2</ele>
      </trkpt>
      <trkpt lat="45.54899" lon="6.59898">
        <ele>915.4</ele>
      </trkpt>
      <trkpt lat="45.54903" lon="6.59905">
        <ele>912.8</ele>
      </trkpt>
      <trkpt lat="45.54901" lon="6.59915">
        <ele>909.2</ele>
      </trkpt>
      <trkpt lat="45.54891" lon="6.59922">
        <ele>907.1</ele>
      </trkpt>
      <trkpt lat="45.54862" lon="6.59927">
        <ele>904.2</ele>
      </trkpt>
      <trkpt lat="45.5484" lon="6.59928">
        <ele>902.5</ele>
      </trkpt>
      <trkpt lat="45.54817" lon="6.59933">
        <ele>902.6</ele>
      </trkpt>
      <trkpt lat="45.54812" lon="6.59939">
        <ele>900.7</ele>
      </trkpt>
      <trkpt lat="45.54814" lon="6.59946">
        <ele>897.2</ele>
      </trkpt>
      <trkpt lat="45.54822" lon="6.59946">
        <ele>896.0</ele>
      </trkpt>
      <trkpt lat="45.54835" lon="6.59943">
        <ele>895.8</ele>
      </trkpt>
      <trkpt lat="45.54847" lon="6.59943">
        <ele>897.1</ele>
      </trkpt>
      <trkpt lat="45.54851" lon="6.5995">
        <ele>894.9</ele>
      </trkpt>
      <trkpt lat="45.54846" lon="6.5996">
        <ele>890.3</ele>
      </trkpt>
      <trkpt lat="45.54838" lon="6.59965">
        <ele>886.9</ele>
      </trkpt>
      <trkpt lat="45.54832" lon="6.59972">
        <ele>883.3</ele>
      </trkpt>
      <trkpt lat="45.54831" lon="6.5998">
        <ele>879.9</ele>
      </trkpt>
      <trkpt lat="45.54834" lon="6.59983">
        <ele>879.2</ele>
      </trkpt>
      <trkpt lat="45.54838" lon="6.5998">
        <ele>878.4</ele>
      </trkpt>
      <trkpt lat="45.54842" lon="6.59981">
        <ele>877.7</ele>
      </trkpt>
      <trkpt lat="45.54841" lon="6.5999">
        <ele>876.6</ele>
      </trkpt>
      <trkpt lat="45.54839" lon="6.60001">
        <ele>875.2</ele>
      </trkpt>
      <trkpt lat="45.5484" lon="6.60016">
        <ele>873.4</ele>
      </trkpt>
      <trkpt lat="45.54842" lon="6.60026">
        <ele>872.1</ele>
      </trkpt>
      <trkpt lat="45.54859" lon="6.60046">
        <ele>868.3</ele>
      </trkpt>
      <trkpt lat="45.54861" lon="6.60046">
        <ele>869.0</ele>
      </trkpt>
      <trkpt lat="45.54861" lon="6.60046">
        <ele>869.0</ele>
      </trkpt>
      <trkpt lat="45.54863" lon="6.60045">
        <ele>870.0</ele>
      </trkpt>
      <trkpt lat="45.54864" lon="6.6004">
        <ele>871.4</ele>
      </trkpt>
      <trkpt lat="45.54862" lon="6.60035">
        <ele>871.7</ele>
      </trkpt>
      <trkpt lat="45.54852" lon="6.60022">
        <ele>871.3</ele>
      </trkpt>
      <trkpt lat="45.5485" lon="6.60011">
        <ele>873.2</ele>
      </trkpt>
      <trkpt lat="45.54853" lon="6.60009">
        <ele>874.6</ele>
      </trkpt>
      <trkpt lat="45.54859" lon="6.60011">
        <ele>876.0</ele>
      </trkpt>
      <trkpt lat="45.54873" lon="6.60033">
        <ele>876.0</ele>
      </trkpt>
      <trkpt lat="45.5488" lon="6.60043">
        <ele>876.6</ele>
      </trkpt>
      <trkpt lat="45.54905" lon="6.60068">
        <ele>882.1</ele>
      </trkpt>
      <trkpt lat="45.5491" lon="6.60086">
        <ele>882.0</ele>
      </trkpt>
      <trkpt lat="45.54913" lon="6.60104">
        <ele>882.3</ele>
      </trkpt>
      <trkpt lat="45.54913" lon="6.60127">
        <ele>881.1</ele>
      </trkpt>
      <trkpt lat="45.54913" lon="6.60127">
        <ele>881.1</ele>
      </trkpt>
      <trkpt lat="45.54913" lon="6.60136">
        <ele>880.6</ele>
      </trkpt>
      <trkpt lat="45.54912" lon="6.60153">
        <ele>879.2</ele>
      </trkpt>
      <trkpt lat="45.54902" lon="6.60193">
        <ele>872.6</ele>
      </trkpt>
      <trkpt lat="45.54903" lon="6.60223">
        <ele>872.7</ele>
      </trkpt>
      <trkpt lat="45.54908" lon="6.60253">
        <ele>875.2</ele>
      </trkpt>
      <trkpt lat="45.54907" lon="6.60274">
        <ele>872.5</ele>
      </trkpt>
      <trkpt lat="45.54905" lon="6.60297">
        <ele>869.0</ele>
      </trkpt>
      <trkpt lat="45.54904" lon="6.60316">
        <ele>866.5</ele>
      </trkpt>
      <trkpt lat="45.54913" lon="6.60334">
        <ele>870.4</ele>
      </trkpt>
      <trkpt lat="45.54944" lon="6.60361">
        <ele>882.2</ele>
      </trkpt>
      <trkpt lat="45.54955" lon="6.60372">
        <ele>886.4</ele>
      </trkpt>
      <trkpt lat="45.54966" lon="6.60392">
        <ele>888.8</ele>
      </trkpt>
      <trkpt lat="45.5497" lon="6.60407">
        <ele>888.2</ele>
      </trkpt>
      <trkpt lat="45.54974" lon="6.60415">
        <ele>889.2</ele>
      </trkpt>
      <trkpt lat="45.54983" lon="6.60425">
        <ele>893.0</ele>
      </trkpt>
      <trkpt lat="45.54988" lon="6.60439">
        <ele>893.3</ele>
      </trkpt>
      <trkpt lat="45.54995" lon="6.60446">
        <ele>896.6</ele>
      </trkpt>
      <trkpt lat="45.54999" lon="6.60444">
        <ele>899.7</ele>
      </trkpt>
      <trkpt lat="45.55" lon="6.60439">
        <ele>901.4</ele>
      </trkpt>
      <trkpt lat="45.54999" lon="6.60435">
        <ele>901.6</ele>
      </trkpt>
      <trkpt lat="45.54994" lon="6.60424">
        <ele>900.5</ele>
      </trkpt>
      <trkpt lat="45.54984" lon="6.60403">
        <ele>898.1</ele>
      </trkpt>
      <trkpt lat="45.54984" lon="6.6039">
        <ele>900.7</ele>
      </trkpt>
      <trkpt lat="45.54987" lon="6.6038">
        <ele>904.5</ele>
      </trkpt>
      <trkpt lat="45.54987" lon="6.6037">
        <ele>906.4</ele>
      </trkpt>
      <trkpt lat="45.54978" lon="6.60355">
        <ele>903.9</ele>
      </trkpt>
      <trkpt lat="45.54966" lon="6.6033">
        <ele>901.8</ele>
      </trkpt>
      <trkpt lat="45.54963" lon="6.6031">
        <ele>902.4</ele>
      </trkpt>
      <trkpt lat="45.54959" lon="6.60281">
        <ele>903.4</ele>
      </trkpt>
      <trkpt lat="45.54956" lon="6.60271">
        <ele>902.7</ele>
      </trkpt>
      <trkpt lat="45.54949" lon="6.60259">
        <ele>899.8</ele>
      </trkpt>
      <trkpt lat="45.54944" lon="6.60245">
        <ele>897.9</ele>
      </trkpt>
      <trkpt lat="45.54941" lon="6.60229">
        <ele>896.7</ele>
      </trkpt>
      <trkpt lat="45.54937" lon="6.60204">
        <ele>894.9</ele>
      </trkpt>
      <trkpt lat="45.54941" lon="6.60187">
        <ele>898.3</ele>
      </trkpt>
      <trkpt lat="45.54957" lon="6.60172">
        <ele>910.7</ele>
      </trkpt>
      <trkpt lat="45.54963" lon="6.60158">
        <ele>916.1</ele>
      </trkpt>
      <trkpt lat="45.54965" lon="6.60145">
        <ele>918.5</ele>
      </trkpt>
      <trkpt lat="45.54962" lon="6.60135">
        <ele>916.9</ele>
      </trkpt>
      <trkpt lat="45.54958" lon="6.60102">
        <ele>916.0</ele>
      </trkpt>
      <trkpt lat="45.5496" lon="6.60076">
        <ele>918.9</ele>
      </trkpt>
      <trkpt lat="45.54965" lon="6.6006">
        <ele>922.6</ele>
      </trkpt>
      <trkpt lat="45.5497" lon="6.60054">
        <ele>926.1</ele>
      </trkpt>
      <trkpt lat="45.54973" lon="6.60056">
        <ele>928.2</ele>
      </trkpt>
      <trkpt lat="45.54973" lon="6.60061">
        <ele>928.4</ele>
      </trkpt>
      <trkpt lat="45.54972" lon="6.60067">
        <ele>927.8</ele>
      </trkpt>
      <trkpt lat="45.54969" lon="6.60079">
        <ele>925.8</ele>
      </trkpt>
      <trkpt lat="45.54967" lon="6.60097">
        <ele>923.3</ele>
      </trkpt>
      <trkpt lat="45.54971" lon="6.60113">
        <ele>925.3</ele>
      </trkpt>
      <trkpt lat="45.54977" lon="6.60125">
        <ele>929.0</ele>
      </trkpt>
      <trkpt lat="45.54989" lon="6.60144">
        <ele>936.6</ele>
      </trkpt>
      <trkpt lat="45.5499" lon="6.60156">
        <ele>936.4</ele>
      </trkpt>
      <trkpt lat="45.54988" lon="6.60169">
        <ele>933.8</ele>
      </trkpt>
      <trkpt lat="45.54983" lon="6.60184">
        <ele>928.5</ele>
      </trkpt>
      <trkpt lat="45.54981" lon="6.602">
        <ele>925.5</ele>
      </trkpt>
      <trkpt lat="45.54987" lon="6.6021">
        <ele>928.5</ele>
      </trkpt>
      <trkpt lat="45.54996" lon="6.60213">
        <ele>934.2</ele>
      </trkpt>
      <trkpt lat="45.55005" lon="6.60218">
        <ele>938.6</ele>
      </trkpt>
      <trkpt lat="45.55018" lon="6.60222">
        <ele>944.3</ele>
      </trkpt>
      <trkpt lat="45.55024" lon="6.60233">
        <ele>945.4</ele>
      </trkpt>
      <trkpt lat="45.55029" lon="6.60247">
        <ele>945.4</ele>
      </trkpt>
      <trkpt lat="45.55032" lon="6.60261">
        <ele>944.8</ele>
      </trkpt>
      <trkpt lat="45.55039" lon="6.60271">
        <ele>946.5</ele>
      </trkpt>
      <trkpt lat="45.55051" lon="6.60276">
        <ele>951.2</ele>
      </trkpt>
      <trkpt lat="45.55061" lon="6.60278">
        <ele>955.4</ele>
      </trkpt>
      <trkpt lat="45.55073" lon="6.60283">
        <ele>960.1</ele>
      </trkpt>
      <trkpt lat="45.55082" lon="6.60293">
        <ele>962.7</ele>
      </trkpt>
      <trkpt lat="45.55085" lon="6.60306">
        <ele>962.3</ele>
      </trkpt>
      <trkpt lat="45.55085" lon="6.60322">
        <ele>960.2</ele>
      </trkpt>
      <trkpt lat="45.55082" lon="6.60338">
        <ele>956.9</ele>
      </trkpt>
      <trkpt lat="45.55083" lon="6.60354">
        <ele>955.6</ele>
      </trkpt>
      <trkpt lat="45.55092" lon="6.60369">
        <ele>957.6</ele>
      </trkpt>
      <trkpt lat="45.55103" lon="6.60388">
        <ele>960.0</ele>
      </trkpt>
      <trkpt lat="45.55109" lon="6.60407">
        <ele>960.2</ele>
      </trkpt>
      <trkpt lat="45.55119" lon="6.60454">
        <ele>959.6</ele>
      </trkpt>
      <trkpt lat="45.55125" lon="6.60469">
        <ele>960.8</ele>
      </trkpt>
      <trkpt lat="45.55134" lon="6.60486">
        <ele>963.3</ele>
      </trkpt>
      <trkpt lat="45.55148" lon="6.60503">
        <ele>968.0</ele>
      </trkpt>
      <trkpt lat="45.55164" lon="6.60536">
        <ele>969.7</ele>
      </trkpt>
      <trkpt lat="45.55176" lon="6.6055">
        <ele>971.9</ele>
      </trkpt>
      <trkpt lat="45.5519" lon="6.60565">
        <ele>974.2</ele>
      </trkpt>
      <trkpt lat="45.55212" lon="6.60596">
        <ele>974.9</ele>
      </trkpt>
      <trkpt lat="45.55224" lon="6.60607">
        <ele>976.0</ele>
      </trkpt>
      <trkpt lat="45.55237" lon="6.60613">
        <ele>978.8</ele>
      </trkpt>
      <trkpt lat="45.55244" lon="6.60614">
        <ele>980.9</ele>
      </trkpt>
      <trkpt lat="45.5525" lon="6.6061">
        <ele>984.0</ele>
      </trkpt>
      <trkpt lat="45.55252" lon="6.60603">
        <ele>986.4</ele>
      </trkpt>
      <trkpt lat="45.5525" lon="6.60597">
        <ele>987.4</ele>
      </trkpt>
      <trkpt lat="45.55244" lon="6.60594">
        <ele>986.2</ele>
      </trkpt>
      <trkpt lat="45.55238" lon="6.60587">
        <ele>986.0</ele>
      </trkpt>
      <trkpt lat="45.55231" lon="6.60578">
        <ele>985.7</ele>
      </trkpt>
      <trkpt lat="45.55229" lon="6.60566">
        <ele>987.5</ele>
      </trkpt>
      <trkpt lat="45.55229" lon="6.60552">
        <ele>990.3</ele>
      </trkpt>
      <trkpt lat="45.55225" lon="6.60539">
        <ele>991.5</ele>
      </trkpt>
      <trkpt lat="45.5522" lon="6.60512">
        <ele>995.1</ele>
      </trkpt>
      <trkpt lat="45.55224" lon="6.6046">
        <ele>1003.4</ele>
      </trkpt>
      <trkpt lat="45.55224" lon="6.60444">
        <ele>1005.2</ele>
      </trkpt>
      <trkpt lat="45.55219" lon="6.60422">
        <ele>1005.3</ele>
      </trkpt>
      <trkpt lat="45.55212" lon="6.60409">
        <ele>1004.2</ele>
      </trkpt>
      <trkpt lat="45.55208" lon="6.60394">
        <ele>1005.2</ele>
      </trkpt>
      <trkpt lat="45.55207" lon="6.60386">
        <ele>1006.2</ele>
      </trkpt>
      <trkpt lat="45.55209" lon="6.6038">
        <ele>1008.4</ele>
      </trkpt>
      <trkpt lat="45.55212" lon="6.60381">
        <ele>1009.7</ele>
      </trkpt>
      <trkpt lat="45.55218" lon="6.6039">
        <ele>1011.0</ele>
      </trkpt>
      <trkpt lat="45.55231" lon="6.60412">
        <ele>1012.4</ele>
      </trkpt>
      <trkpt lat="45.55247" lon="6.6043">
        <ele>1016.9</ele>
      </trkpt>
      <trkpt lat="45.5526" lon="6.60453">
        <ele>1019.7</ele>
      </trkpt>
      <trkpt lat="45.55272" lon="6.60505">
        <ele>1016.7</ele>
      </trkpt>
      <trkpt lat="45.55279" lon="6.60524">
        <ele>1014.6</ele>
      </trkpt>
      <trkpt lat="45.55288" lon="6.60534">
        <ele>1015.3</ele>
      </trkpt>
      <trkpt lat="45.55305" lon="6.60539">
        <ele>1019.9</ele>
      </trkpt>
      <trkpt lat="45.55334" lon="6.60546">
        <ele>1027.8</ele>
      </trkpt>
      <trkpt lat="45.55345" lon="6.60546">
        <ele>1032.8</ele>
      </trkpt>
      <trkpt lat="45.55354" lon="6.60543">
        <ele>1037.9</ele>
      </trkpt>
      <trkpt lat="45.55363" lon="6.60542">
        <ele>1042.2</ele>
      </trkpt>
      <trkpt lat="45.55369" lon="6.6055">
        <ele>1042.5</ele>
      </trkpt>
      <trkpt lat="45.55375" lon="6.6058">
        <ele>1036.0</ele>
      </trkpt>
      <trkpt lat="45.55378" lon="6.60597">
        <ele>1033.4</ele>
      </trkpt>
      <trkpt lat="45.55389" lon="6.60618">
        <ele>1034.4</ele>
      </trkpt>
      <trkpt lat="45.55402" lon="6.60633">
        <ele>1037.9</ele>
      </trkpt>
      <trkpt lat="45.55448" lon="6.60706">
        <ele>1048.7</ele>
      </trkpt>
      <trkpt lat="45.55494" lon="6.60779">
        <ele>1057.4</ele>
      </trkpt>
      <trkpt lat="45.55502" lon="6.60796">
        <ele>1058.3</ele>
      </trkpt>
      <trkpt lat="45.5552" lon="6.60839">
        <ele>1059.3</ele>
      </trkpt>
      <trkpt lat="45.55527" lon="6.60852">
        <ele>1059.6</ele>
      </trkpt>
      <trkpt lat="45.55558" lon="6.60875">
        <ele>1068.6</ele>
      </trkpt>
      <trkpt lat="45.55574" lon="6.60891">
        <ele>1072.1</ele>
      </trkpt>
      <trkpt lat="45.55589" lon="6.60916">
        <ele>1074.0</ele>
      </trkpt>
      <trkpt lat="45.55601" lon="6.60939">
        <ele>1078.0</ele>
      </trkpt>
      <trkpt lat="45.55607" lon="6.60958">
        <ele>1078.3</ele>
      </trkpt>
      <trkpt lat="45.55622" lon="6.61002">
        <ele>1078.2</ele>
      </trkpt>
      <trkpt lat="45.55637" lon="6.61039">
        <ele>1081.2</ele>
      </trkpt>
      <trkpt lat="45.55649" lon="6.61064">
        <ele>1082.7</ele>
      </trkpt>
      <trkpt lat="45.55666" lon="6.61093">
        <ele>1085.9</ele>
      </trkpt>
      <trkpt lat="45.5569" lon="6.61117">
        <ele>1096.7</ele>
      </trkpt>
      <trkpt lat="45.55695" lon="6.61144">
        <ele>1097.8</ele>
      </trkpt>
      <trkpt lat="45.55694" lon="6.61158">
        <ele>1096.9</ele>
      </trkpt>
      <trkpt lat="45.55688" lon="6.6116">
        <ele>1094.6</ele>
      </trkpt>
      <trkpt lat="45.55658" lon="6.6119">
        <ele>1081.1</ele>
      </trkpt>
      <trkpt lat="45.55652" lon="6.61208">
        <ele>1076.4</ele>
      </trkpt>
      <trkpt lat="45.55663" lon="6.61245">
        <ele>1077.7</ele>
      </trkpt>
      <trkpt lat="45.55695" lon="6.61294">
        <ele>1074.8</ele>
      </trkpt>
      <trkpt lat="45.55701" lon="6.61309">
        <ele>1072.3</ele>
      </trkpt>
      <trkpt lat="45.55707" lon="6.61338">
        <ele>1065.5</ele>
      </trkpt>
      <trkpt lat="45.55709" lon="6.61344">
        <ele>1064.3</ele>
      </trkpt>
      <trkpt lat="45.55712" lon="6.61348">
        <ele>1064.1</ele>
      </trkpt>
      <trkpt lat="45.55717" lon="6.61352">
        <ele>1064.5</ele>
      </trkpt>
      <trkpt lat="45.55727" lon="6.61355">
        <ele>1066.9</ele>
      </trkpt>
      <trkpt lat="45.55751" lon="6.61356">
        <ele>1074.4</ele>
      </trkpt>
      <trkpt lat="45.55802" lon="6.61371">
        <ele>1073.0</ele>
      </trkpt>
      <trkpt lat="45.55834" lon="6.61384">
        <ele>1070.2</ele>
      </trkpt>
      <trkpt lat="45.55851" lon="6.6138">
        <ele>1073.9</ele>
      </trkpt>
      <trkpt lat="45.55872" lon="6.61363">
        <ele>1082.6</ele>
      </trkpt>
      <trkpt lat="45.55895" lon="6.61357">
        <ele>1086.5</ele>
      </trkpt>
      <trkpt lat="45.55905" lon="6.61363">
        <ele>1082.8</ele>
      </trkpt>
      <trkpt lat="45.55909" lon="6.61377">
        <ele>1079.3</ele>
      </trkpt>
      <trkpt lat="45.55908" lon="6.61392">
        <ele>1075.8</ele>
      </trkpt>
      <trkpt lat="45.55901" lon="6.61399">
        <ele>1073.0</ele>
      </trkpt>
      <trkpt lat="45.55876" lon="6.61417">
        <ele>1063.7</ele>
      </trkpt>
      <trkpt lat="45.5582" lon="6.61493">
        <ele>1052.3</ele>
      </trkpt>
      <trkpt lat="45.5581" lon="6.61508">
        <ele>1048.6</ele>
      </trkpt>
      <trkpt lat="45.55803" lon="6.61523">
        <ele>1046.3</ele>
      </trkpt>
      <trkpt lat="45.55799" lon="6.61536">
        <ele>1045.0</ele>
      </trkpt>
      <trkpt lat="45.55797" lon="6.61549">
        <ele>1044.4</ele>
      </trkpt>
      <trkpt lat="45.55795" lon="6.61561">
        <ele>1043.7</ele>
      </trkpt>
      <trkpt lat="45.55797" lon="6.61574">
        <ele>1044.8</ele>
      </trkpt>
      <trkpt lat="45.55803" lon="6.61587">
        <ele>1047.1</ele>
      </trkpt>
      <trkpt lat="45.55822" lon="6.61617">
        <ele>1049.2</ele>
      </trkpt>
      <trkpt lat="45.55831" lon="6.61621">
        <ele>1052.0</ele>
      </trkpt>
      <trkpt lat="45.55863" lon="6.61679">
        <ele>1051.5</ele>
      </trkpt>
      <trkpt lat="45.55877" lon="6.61693">
        <ele>1053.4</ele>
      </trkpt>
      <trkpt lat="45.55902" lon="6.61702">
        <ele>1060.5</ele>
      </trkpt>
      <trkpt lat="45.55918" lon="6.61704">
        <ele>1066.0</ele>
      </trkpt>
      <trkpt lat="45.55928" lon="6.61704">
        <ele>1070.1</ele>
      </trkpt>
      <trkpt lat="45.5596" lon="6.61718">
        <ele>1078.6</ele>
      </trkpt>
      <trkpt lat="45.55977" lon="6.61731">
        <ele>1081.4</ele>
      </trkpt>
      <trkpt lat="45.55993" lon="6.6175">
        <ele>1082.1</ele>
      </trkpt>
      <trkpt lat="45.56001" lon="6.6178">
        <ele>1081.6</ele>
      </trkpt>
      <trkpt lat="45.56018" lon="6.61826">
        <ele>1083.7</ele>
      </trkpt>
      <trkpt lat="45.5603" lon="6.61872">
        <ele>1087.8</ele>
      </trkpt>
      <trkpt lat="45.56026" lon="6.61903">
        <ele>1085.4</ele>
      </trkpt>
      <trkpt lat="45.56028" lon="6.61928">
        <ele>1085.9</ele>
      </trkpt>
      <trkpt lat="45.56055" lon="6.62001">
        <ele>1098.1</ele>
      </trkpt>
      <trkpt lat="45.56064" lon="6.62044">
        <ele>1103.1</ele>
      </trkpt>
      <trkpt lat="45.56063" lon="6.62106">
        <ele>1104.2</ele>
      </trkpt>
      <trkpt lat="45.56058" lon="6.6214">
        <ele>1103.3</ele>
      </trkpt>
      <trkpt lat="45.56054" lon="6.62181">
        <ele>1102.5</ele>
      </trkpt>
      <trkpt lat="45.56058" lon="6.62233">
        <ele>1103.9</ele>
      </trkpt>
      <trkpt lat="45.56086" lon="6.62328">
        <ele>1110.4</ele>
      </trkpt>
      <trkpt lat="45.56099" lon="6.62357">
        <ele>1112.4</ele>
      </trkpt>
      <trkpt lat="45.56123" lon="6.62422">
        <ele>1115.3</ele>
      </trkpt>
      <trkpt lat="45.56148" lon="6.62487">
        <ele>1120.2</ele>
      </trkpt>
      <trkpt lat="45.56167" lon="6.62558">
        <ele>1123.7</ele>
      </trkpt>
      <trkpt lat="45.56177" lon="6.62594">
        <ele>1126.9</ele>
      </trkpt>
      <trkpt lat="45.56199" lon="6.62641">
        <ele>1136.0</ele>
      </trkpt>
      <trkpt lat="45.56201" lon="6.62667">
        <ele>1135.7</ele>
      </trkpt>
      <trkpt lat="45.56209" lon="6.62721">
        <ele>1131.7</ele>
      </trkpt>
      <trkpt lat="45.56221" lon="6.62754">
        <ele>1133.9</ele>
      </trkpt>
      <trkpt lat="45.5624" lon="6.62823">
        <ele>1133.2</ele>
      </trkpt>
      <trkpt lat="45.56249" lon="6.62828">
        <ele>1137.4</ele>
      </trkpt>
      <trkpt lat="45.56278" lon="6.62824">
        <ele>1148.3</ele>
      </trkpt>
      <trkpt lat="45.56286" lon="6.6283">
        <ele>1150.1</ele>
      </trkpt>
      <trkpt lat="45.56291" lon="6.62851">
        <ele>1150.0</ele>
      </trkpt>
      <trkpt lat="45.56281" lon="6.62896">
        <ele>1141.9</ele>
      </trkpt>
      <trkpt lat="45.56285" lon="6.62932">
        <ele>1142.5</ele>
      </trkpt>
      <trkpt lat="45.56285" lon="6.62932">
        <ele>1142.5</ele>
      </trkpt>
      <trkpt lat="45.56299" lon="6.62974">
        <ele>1151.1</ele>
      </trkpt>
      <trkpt lat="45.56309" lon="6.63038">
        <ele>1161.2</ele>
      </trkpt>
      <trkpt lat="45.56298" lon="6.63108">
        <ele>1159.9</ele>
      </trkpt>
      <trkpt lat="45.56313" lon="6.6319">
        <ele>1167.3</ele>
      </trkpt>
      <trkpt lat="45.56312" lon="6.6321">
        <ele>1165.5</ele>
      </trkpt>
      <trkpt lat="45.56315" lon="6.63231">
        <ele>1165.8</ele>
      </trkpt>
      <trkpt lat="45.56333" lon="6.63265">
        <ele>1170.8</ele>
      </trkpt>
      <trkpt lat="45.56365" lon="6.63296">
        <ele>1179.7</ele>
      </trkpt>
      <trkpt lat="45.5638" lon="6.63328">
        <ele>1182.9</ele>
      </trkpt>
      <trkpt lat="45.56385" lon="6.63362">
        <ele>1177.4</ele>
      </trkpt>
      <trkpt lat="45.56394" lon="6.63372">
        <ele>1180.1</ele>
      </trkpt>
      <trkpt lat="45.56384" lon="6.63282">
        <ele>1190.3</ele>
      </trkpt>
      <trkpt lat="45.56373" lon="6.6324">
        <ele>1190.4</ele>
      </trkpt>
      <trkpt lat="45.56368" lon="6.63177">
        <ele>1193.0</ele>
      </trkpt>
      <trkpt lat="45.5638" lon="6.63141">
        <ele>1199.2</ele>
      </trkpt>
      <trkpt lat="45.56377" lon="6.63108">
        <ele>1198.8</ele>
      </trkpt>
      <trkpt lat="45.56378" lon="6.63096">
        <ele>1199.5</ele>
      </trkpt>
      <trkpt lat="45.56378" lon="6.63096">
        <ele>1199.5</ele>
      </trkpt>
      <trkpt lat="45.56379" lon="6.63072">
        <ele>1199.1</ele>
      </trkpt>
      <trkpt lat="45.56387" lon="6.63044">
        <ele>1199.7</ele>
      </trkpt>
      <trkpt lat="45.56424" lon="6.62984">
        <ele>1211.4</ele>
      </trkpt>
      <trkpt lat="45.56444" lon="6.6293">
        <ele>1218.8</ele>
      </trkpt>
      <trkpt lat="45.56446" lon="6.62918">
        <ele>1219.5</ele>
      </trkpt>
      <trkpt lat="45.56454" lon="6.62861">
        <ele>1225.6</ele>
      </trkpt>
      <trkpt lat="45.56456" lon="6.62803">
        <ele>1230.1</ele>
      </trkpt>
      <trkpt lat="45.56457" lon="6.62789">
        <ele>1231.7</ele>
      </trkpt>
      <trkpt lat="45.5646" lon="6.62744">
        <ele>1237.1</ele>
      </trkpt>
      <trkpt lat="45.56458" lon="6.62693">
        <ele>1241.5</ele>
      </trkpt>
      <trkpt lat="45.56446" lon="6.62623">
        <ele>1246.9</ele>
      </trkpt>
      <trkpt lat="45.56427" lon="6.62593">
        <ele>1243.8</ele>
      </trkpt>
      <trkpt lat="45.56415" lon="6.62551">
        <ele>1247.7</ele>
      </trkpt>
      <trkpt lat="45.56401" lon="6.62486">
        <ele>1255.1</ele>
      </trkpt>
      <trkpt lat="45.56383" lon="6.62452">
        <ele>1251.6</ele>
      </trkpt>
      <trkpt lat="45.5638" lon="6.62427">
        <ele>1253.8</ele>
      </trkpt>
      <trkpt lat="45.56385" lon="6.62337">
        <ele>1263.7</ele>
      </trkpt>
      <trkpt lat="45.56407" lon="6.62219">
        <ele>1280.1</ele>
      </trkpt>
      <trkpt lat="45.56415" lon="6.62143">
        <ele>1284.2</ele>
      </trkpt>
      <trkpt lat="45.56419" lon="6.62082">
        <ele>1284.2</ele>
      </trkpt>
      <trkpt lat="45.56434" lon="6.62041">
        <ele>1290.4</ele>
      </trkpt>
      <trkpt lat="45.56442" lon="6.62016">
        <ele>1294.1</ele>
      </trkpt>
      <trkpt lat="45.56445" lon="6.61997">
        <ele>1295.9</ele>
      </trkpt>
      <trkpt lat="45.5645" lon="6.61991">
        <ele>1300.4</ele>
      </trkpt>
      <trkpt lat="45.56453" lon="6.61994">
        <ele>1301.9</ele>
      </trkpt>
      <trkpt lat="45.56454" lon="6.62002">
        <ele>1301.6</ele>
      </trkpt>
      <trkpt lat="45.56449" lon="6.62016">
        <ele>1298.8</ele>
      </trkpt>
      <trkpt lat="45.56446" lon="6.62059">
        <ele>1298.8</ele>
      </trkpt>
      <trkpt lat="45.56457" lon="6.6212">
        <ele>1306.9</ele>
      </trkpt>
      <trkpt lat="45.56468" lon="6.62173">
        <ele>1313.7</ele>
      </trkpt>
      <trkpt lat="45.56489" lon="6.62285">
        <ele>1323.0</ele>
      </trkpt>
      <trkpt lat="45.56494" lon="6.6232">
        <ele>1323.7</ele>
      </trkpt>
      <trkpt lat="45.56501" lon="6.62336">
        <ele>1326.2</ele>
      </trkpt>
      <trkpt lat="45.56518" lon="6.62359">
        <ele>1331.6</ele>
      </trkpt>
      <trkpt lat="45.56529" lon="6.6239">
        <ele>1333.1</ele>
      </trkpt>
      <trkpt lat="45.56549" lon="6.62406">
        <ele>1340.8</ele>
      </trkpt>
      <trkpt lat="45.56559" lon="6.62426">
        <ele>1342.4</ele>
      </trkpt>
      <trkpt lat="45.56567" lon="6.62447">
        <ele>1341.8</ele>
      </trkpt>
      <trkpt lat="45.56573" lon="6.62456">
        <ele>1342.9</ele>
      </trkpt>
      <trkpt lat="45.56578" lon="6.62459">
        <ele>1344.7</ele>
      </trkpt>
      <trkpt lat="45.56581" lon="6.62453">
        <ele>1347.4</ele>
      </trkpt>
      <trkpt lat="45.56579" lon="6.62445">
        <ele>1348.1</ele>
      </trkpt>
      <trkpt lat="45.56572" lon="6.62436">
        <ele>1346.6</ele>
      </trkpt>
      <trkpt lat="45.56566" lon="6.62417">
        <ele>1347.6</ele>
      </trkpt>
      <trkpt lat="45.56556" lon="6.62359">
        <ele>1349.8</ele>
      </trkpt>
      <trkpt lat="45.56562" lon="6.62316">
        <ele>1356.6</ele>
      </trkpt>
      <trkpt lat="45.56585" lon="6.62214">
        <ele>1372.1</ele>
      </trkpt>
      <trkpt lat="45.56586" lon="6.62161">
        <ele>1374.7</ele>
      </trkpt>
      <trkpt lat="45.5658" lon="6.6211">
        <ele>1375.2</ele>
      </trkpt>
      <trkpt lat="45.56581" lon="6.62089">
        <ele>1377.3</ele>
      </trkpt>
      <trkpt lat="45.56585" lon="6.62086">
        <ele>1379.8</ele>
      </trkpt>
      <trkpt lat="45.56589" lon="6.62086">
        <ele>1382.1</ele>
      </trkpt>
      <trkpt lat="45.56599" lon="6.62114">
        <ele>1385.3</ele>
      </trkpt>
      <trkpt lat="45.56613" lon="6.62138">
        <ele>1390.5</ele>
      </trkpt>
      <trkpt lat="45.56634" lon="6.62157">
        <ele>1399.1</ele>
      </trkpt>
      <trkpt lat="45.56651" lon="6.62181">
        <ele>1405.1</ele>
      </trkpt>
      <trkpt lat="45.56667" lon="6.62216">
        <ele>1409.4</ele>
      </trkpt>
      <trkpt lat="45.56674" lon="6.62243">
        <ele>1410.6</ele>
      </trkpt>
      <trkpt lat="45.56659" lon="6.62331">
        <ele>1404.1</ele>
      </trkpt>
      <trkpt lat="45.56655" lon="6.6238">
        <ele>1401.8</ele>
      </trkpt>
      <trkpt lat="45.56657" lon="6.624">
        <ele>1402.9</ele>
      </trkpt>
      <trkpt lat="45.56673" lon="6.62428">
        <ele>1410.9</ele>
      </trkpt>
      <trkpt lat="45.56685" lon="6.62472">
        <ele>1412.6</ele>
      </trkpt>
      <trkpt lat="45.56683" lon="6.62514">
        <ele>1408.0</ele>
      </trkpt>
      <trkpt lat="45.56689" lon="6.62542">
        <ele>1409.4</ele>
      </trkpt>
      <trkpt lat="45.56705" lon="6.62575">
        <ele>1415.0</ele>
      </trkpt>
      <trkpt lat="45.56725" lon="6.62601">
        <ele>1420.7</ele>
      </trkpt>
      <trkpt lat="45.56745" lon="6.62612">
        <ele>1428.4</ele>
      </trkpt>
      <trkpt lat="45.56756" lon="6.62625">
        <ele>1431.2</ele>
      </trkpt>
      <trkpt lat="45.56767" lon="6.62642">
        <ele>1433.3</ele>
      </trkpt>
      <trkpt lat="45.56788" lon="6.62656">
        <ele>1440.6</ele>
      </trkpt>
      <trkpt lat="45.56792" lon="6.62668">
        <ele>1440.3</ele>
      </trkpt>
      <trkpt lat="45.56814" lon="6.62705">
        <ele>1443.1</ele>
      </trkpt>
      <trkpt lat="45.56828" lon="6.62746">
        <ele>1442.7</ele>
      </trkpt>
      <trkpt lat="45.56829" lon="6.62783">
        <ele>1439.2</ele>
      </trkpt>
      <trkpt lat="45.56815" lon="6.62852">
        <ele>1422.9</ele>
      </trkpt>
      <trkpt lat="45.56821" lon="6.62884">
        <ele>1422.9</ele>
      </trkpt>
      <trkpt lat="45.56821" lon="6.62918">
        <ele>1418.7</ele>
      </trkpt>
      <trkpt lat="45.56831" lon="6.62997">
        <ele>1417.5</ele>
      </trkpt>
      <trkpt lat="45.56828" lon="6.63068">
        <ele>1407.8</ele>
      </trkpt>
      <trkpt lat="45.56827" lon="6.63077">
        <ele>1406.2</ele>
      </trkpt>
      <trkpt lat="45.56818" lon="6.63121">
        <ele>1398.7</ele>
      </trkpt>
      <trkpt lat="45.56826" lon="6.63161">
        <ele>1403.4</ele>
      </trkpt>
      <trkpt lat="45.56822" lon="6.63225">
        <ele>1399.6</ele>
      </trkpt>
      <trkpt lat="45.56813" lon="6.63285">
        <ele>1392.8</ele>
      </trkpt>
      <trkpt lat="45.56814" lon="6.63306">
        <ele>1392.3</ele>
      </trkpt>
      <trkpt lat="45.56821" lon="6.63325">
        <ele>1394.7</ele>
      </trkpt>
      <trkpt lat="45.56823" lon="6.63339">
        <ele>1394.2</ele>
      </trkpt>
      <trkpt lat="45.5682" lon="6.63353">
        <ele>1390.6</ele>
      </trkpt>
      <trkpt lat="45.56811" lon="6.63369">
        <ele>1383.9</ele>
      </trkpt>
      <trkpt lat="45.56811" lon="6.63384">
        <ele>1381.5</ele>
      </trkpt>
      <trkpt lat="45.56825" lon="6.63415">
        <ele>1382.7</ele>
      </trkpt>
      <trkpt lat="45.56825" lon="6.63432">
        <ele>1380.9</ele>
      </trkpt>
      <trkpt lat="45.56813" lon="6.63505">
        <ele>1368.7</ele>
      </trkpt>
      <trkpt lat="45.56812" lon="6.63535">
        <ele>1366.7</ele>
      </trkpt>
      <trkpt lat="45.56821" lon="6.63594">
        <ele>1366.5</ele>
      </trkpt>
      <trkpt lat="45.56827" lon="6.63619">
        <ele>1365.1</ele>
      </trkpt>
      <trkpt lat="45.56836" lon="6.63632">
        <ele>1367.0</ele>
      </trkpt>
      <trkpt lat="45.56846" lon="6.63647">
        <ele>1368.9</ele>
      </trkpt>
      <trkpt lat="45.56857" lon="6.63686">
        <ele>1366.1</ele>
      </trkpt>
      <trkpt lat="45.56871" lon="6.6372">
        <ele>1363.9</ele>
      </trkpt>
      <trkpt lat="45.56878" lon="6.63745">
        <ele>1360.5</ele>
      </trkpt>
      <trkpt lat="45.56878" lon="6.6375">
        <ele>1359.2</ele>
      </trkpt>
      <trkpt lat="45.56878" lon="6.6375">
        <ele>1359.2</ele>
      </trkpt>
      <trkpt lat="45.56877" lon="6.63759">
        <ele>1357.4</ele>
      </trkpt>
      <trkpt lat="45.56868" lon="6.63784">
        <ele>1349.4</ele>
      </trkpt>
      <trkpt lat="45.56868" lon="6.63808">
        <ele>1345.3</ele>
      </trkpt>
      <trkpt lat="45.56875" lon="6.63835">
        <ele>1344.1</ele>
      </trkpt>
      <trkpt lat="45.56902" lon="6.63868">
        <ele>1348.9</ele>
      </trkpt>
      <trkpt lat="45.56931" lon="6.63934">
        <ele>1343.8</ele>
      </trkpt>
      <trkpt lat="45.56966" lon="6.63974">
        <ele>1343.6</ele>
      </trkpt>
      <trkpt lat="45.56974" lon="6.63997">
        <ele>1339.2</ele>
      </trkpt>
      <trkpt lat="45.56988" lon="6.64009">
        <ele>1339.9</ele>
      </trkpt>
      <trkpt lat="45.57016" lon="6.6402">
        <ele>1345.1</ele>
      </trkpt>
      <trkpt lat="45.5703" lon="6.64032">
        <ele>1345.4</ele>
      </trkpt>
      <trkpt lat="45.57037" lon="6.64051">
        <ele>1341.6</ele>
      </trkpt>
      <trkpt lat="45.57049" lon="6.641">
        <ele>1332.5</ele>
      </trkpt>
      <trkpt lat="45.57073" lon="6.64154">
        <ele>1332.1</ele>
      </trkpt>
      <trkpt lat="45.57078" lon="6.64181">
        <ele>1329.8</ele>
      </trkpt>
      <trkpt lat="45.5708" lon="6.64245">
        <ele>1321.3</ele>
      </trkpt>
      <trkpt lat="45.57092" lon="6.64332">
        <ele>1314.1</ele>
      </trkpt>
      <trkpt lat="45.57101" lon="6.64361">
        <ele>1313.5</ele>
      </trkpt>
      <trkpt lat="45.5711" lon="6.64396">
        <ele>1311.4</ele>
      </trkpt>
      <trkpt lat="45.57117" lon="6.64432">
        <ele>1308.2</ele>
      </trkpt>
      <trkpt lat="45.57128" lon="6.64464">
        <ele>1307.2</ele>
      </trkpt>
      <trkpt lat="45.57131" lon="6.64493">
        <ele>1303.5</ele>
      </trkpt>
      <trkpt lat="45.57137" lon="6.6449">
        <ele>1306.3</ele>
      </trkpt>
      <trkpt lat="45.57143" lon="6.64495">
        <ele>1307.8</ele>
      </trkpt>
      <trkpt lat="45.57152" lon="6.64512">
        <ele>1307.8</ele>
      </trkpt>
      <trkpt lat="45.57168" lon="6.64525">
        <ele>1310.8</ele>
      </trkpt>
      <trkpt lat="45.5719" lon="6.64539">
        <ele>1315.0</ele>
      </trkpt>
      <trkpt lat="45.57201" lon="6.64553">
        <ele>1315.3</ele>
      </trkpt>
      <trkpt lat="45.57229" lon="6.64581">
        <ele>1317.8</ele>
      </trkpt>
      <trkpt lat="45.57272" lon="6.64615">
        <ele>1323.3</ele>
      </trkpt>
      <trkpt lat="45.57293" lon="6.64628">
        <ele>1327.4</ele>
      </trkpt>
      <trkpt lat="45.57322" lon="6.64655">
        <ele>1330.9</ele>
      </trkpt>
      <trkpt lat="45.5736" lon="6.64682">
        <ele>1338.2</ele>
      </trkpt>
      <trkpt lat="45.57381" lon="6.64707">
        <ele>1339.9</ele>
      </trkpt>
      <trkpt lat="45.574" lon="6.64726">
        <ele>1342.0</ele>
      </trkpt>
      <trkpt lat="45.57411" lon="6.64745">
        <ele>1341.3</ele>
      </trkpt>
      <trkpt lat="45.57443" lon="6.6481">
        <ele>1345.9</ele>
      </trkpt>
      <trkpt lat="45.57461" lon="6.6485">
        <ele>1347.9</ele>
      </trkpt>
      <trkpt lat="45.57476" lon="6.64868">
        <ele>1351.8</ele>
      </trkpt>
      <trkpt lat="45.57484" lon="6.6488">
        <ele>1353.3</ele>
      </trkpt>
      <trkpt lat="45.57487" lon="6.64894">
        <ele>1352.2</ele>
      </trkpt>
      <trkpt lat="45.57488" lon="6.64923">
        <ele>1348.0</ele>
      </trkpt>
      <trkpt lat="45.57502" lon="6.64982">
        <ele>1348.7</ele>
      </trkpt>
      <trkpt lat="45.57514" lon="6.65013">
        <ele>1350.5</ele>
      </trkpt>
      <trkpt lat="45.57525" lon="6.65029">
        <ele>1352.9</ele>
      </trkpt>
      <trkpt lat="45.57542" lon="6.65049">
        <ele>1356.9</ele>
      </trkpt>
      <trkpt lat="45.57555" lon="6.65076">
        <ele>1357.4</ele>
      </trkpt>
      <trkpt lat="45.57574" lon="6.65096">
        <ele>1361.7</ele>
      </trkpt>
      <trkpt lat="45.57589" lon="6.65108">
        <ele>1365.4</ele>
      </trkpt>
      <trkpt lat="45.57603" lon="6.65134">
        <ele>1365.5</ele>
      </trkpt>
      <trkpt lat="45.57616" lon="6.65149">
        <ele>1366.4</ele>
      </trkpt>
      <trkpt lat="45.57628" lon="6.6516">
        <ele>1367.4</ele>
      </trkpt>
      <trkpt lat="45.57645" lon="6.65162">
        <ele>1371.0</ele>
      </trkpt>
      <trkpt lat="45.57683" lon="6.65164">
        <ele>1378.4</ele>
      </trkpt>
      <trkpt lat="45.57719" lon="6.6517">
        <ele>1383.0</ele>
      </trkpt>
      <trkpt lat="45.57744" lon="6.65176">
        <ele>1386.0</ele>
      </trkpt>
      <trkpt lat="45.57765" lon="6.65189">
        <ele>1387.1</ele>
      </trkpt>
      <trkpt lat="45.57793" lon="6.65209">
        <ele>1388.1</ele>
      </trkpt>
      <trkpt lat="45.57814" lon="6.65217">
        <ele>1390.4</ele>
      </trkpt>
      <trkpt lat="45.57889" lon="6.65242">
        <ele>1394.5</ele>
      </trkpt>
      <trkpt lat="45.57907" lon="6.65245">
        <ele>1395.5</ele>
      </trkpt>
      <trkpt lat="45.57907" lon="6.65245">
        <ele>1395.5</ele>
      </trkpt>
      <trkpt lat="45.57936" lon="6.65251">
        <ele>1397.0</ele>
      </trkpt>
      <trkpt lat="45.57973" lon="6.65253">
        <ele>1400.9</ele>
      </trkpt>
      <trkpt lat="45.58003" lon="6.6525">
        <ele>1405.1</ele>
      </trkpt>
      <trkpt lat="45.58061" lon="6.65233">
        <ele>1412.9</ele>
      </trkpt>
      <trkpt lat="45.5809" lon="6.6522">
        <ele>1417.8</ele>
      </trkpt>
      <trkpt lat="45.58119" lon="6.65202">
        <ele>1423.9</ele>
      </trkpt>
      <trkpt lat="45.5813" lon="6.65197">
        <ele>1425.6</ele>
      </trkpt>
      <trkpt lat="45.58143" lon="6.65195">
        <ele>1426.5</ele>
      </trkpt>
      <trkpt lat="45.58181" lon="6.65204">
        <ele>1426.1</ele>
      </trkpt>
      <trkpt lat="45.58215" lon="6.65219">
        <ele>1425.2</ele>
      </trkpt>
      <trkpt lat="45.58243" lon="6.65234">
        <ele>1423.7</ele>
      </trkpt>
      <trkpt lat="45.58271" lon="6.65241">
        <ele>1427.3</ele>
      </trkpt>
      <trkpt lat="45.58284" lon="6.65253">
        <ele>1426.8</ele>
      </trkpt>
      <trkpt lat="45.58296" lon="6.65262">
        <ele>1426.5</ele>
      </trkpt>
      <trkpt lat="45.58314" lon="6.65265">
        <ele>1429.2</ele>
      </trkpt>
      <trkpt lat="45.58321" lon="6.65269">
        <ele>1429.2</ele>
      </trkpt>
      <trkpt lat="45.58375" lon="6.65319">
        <ele>1422.7</ele>
      </trkpt>
      <trkpt lat="45.58409" lon="6.65344">
        <ele>1421.0</ele>
      </trkpt>
      <trkpt lat="45.58461" lon="6.65369">
        <ele>1419.7</ele>
      </trkpt>
      <trkpt lat="45.58513" lon="6.65387">
        <ele>1417.9</ele>
      </trkpt>
      <trkpt lat="45.58558" lon="6.65383">
        <ele>1421.3</ele>
      </trkpt>
      <trkpt lat="45.58604" lon="6.65378">
        <ele>1422.4</ele>
      </trkpt>
      <trkpt lat="45.58682" lon="6.65362">
        <ele>1419.5</ele>
      </trkpt>
      <trkpt lat="45.5874" lon="6.65339">
        <ele>1416.2</ele>
      </trkpt>
      <trkpt lat="45.58785" lon="6.65311">
        <ele>1414.6</ele>
      </trkpt>
      <trkpt lat="45.5883" lon="6.65267">
        <ele>1416.5</ele>
      </trkpt>
      <trkpt lat="45.58866" lon="6.65265">
        <ele>1411.2</ele>
      </trkpt>
      <trkpt lat="45.58899" lon="6.65251">
        <ele>1410.4</ele>
      </trkpt>
      <trkpt lat="45.58951" lon="6.6518">
        <ele>1419.4</ele>
      </trkpt>
      <trkpt lat="45.58986" lon="6.65143">
        <ele>1423.0</ele>
      </trkpt>
      <trkpt lat="45.59" lon="6.65129">
        <ele>1424.8</ele>
      </trkpt>
      <trkpt lat="45.5902" lon="6.65125">
        <ele>1421.9</ele>
      </trkpt>
      <trkpt lat="45.5903" lon="6.65112">
        <ele>1424.4</ele>
      </trkpt>
      <trkpt lat="45.59071" lon="6.65078">
        <ele>1425.1</ele>
      </trkpt>
      <trkpt lat="45.59131" lon="6.64999">
        <ele>1439.2</ele>
      </trkpt>
      <trkpt lat="45.59181" lon="6.64923">
        <ele>1452.2</ele>
      </trkpt>
      <trkpt lat="45.592" lon="6.64903">
        <ele>1455.8</ele>
      </trkpt>
      <trkpt lat="45.59228" lon="6.64883">
        <ele>1456.5</ele>
      </trkpt>
      <trkpt lat="45.59257" lon="6.64873">
        <ele>1454.0</ele>
      </trkpt>
      <trkpt lat="45.59294" lon="6.64834">
        <ele>1460.1</ele>
      </trkpt>
      <trkpt lat="45.59294" lon="6.64834">
        <ele>1460.1</ele>
      </trkpt>
      <trkpt lat="45.59314" lon="6.64814">
        <ele>1464.6</ele>
      </trkpt>
      <trkpt lat="45.59364" lon="6.64772">
        <ele>1475.8</ele>
      </trkpt>
      <trkpt lat="45.59414" lon="6.64731">
        <ele>1478.3</ele>
      </trkpt>
      <trkpt lat="45.59446" lon="6.64695">
        <ele>1488.8</ele>
      </trkpt>
      <trkpt lat="45.5946" lon="6.64667">
        <ele>1491.0</ele>
      </trkpt>
      <trkpt lat="45.59493" lon="6.64597">
        <ele>1498.6</ele>
      </trkpt>
      <trkpt lat="45.59496" lon="6.64595">
        <ele>1499.0</ele>
      </trkpt>
      <trkpt lat="45.59509" lon="6.64588">
        <ele>1500.8</ele>
      </trkpt>
      <trkpt lat="45.59516" lon="6.64588">
        <ele>1501.7</ele>
      </trkpt>
      <trkpt lat="45.59521" lon="6.64557">
        <ele>1504.6</ele>
      </trkpt>
      <trkpt lat="45.59526" lon="6.64535">
        <ele>1506.8</ele>
      </trkpt>
      <trkpt lat="45.59535" lon="6.64507">
        <ele>1508.6</ele>
      </trkpt>
      <trkpt lat="45.59542" lon="6.64504">
        <ele>1509.1</ele>
      </trkpt>
      <trkpt lat="45.59547" lon="6.64508">
        <ele>1509.5</ele>
      </trkpt>
      <trkpt lat="45.5955" lon="6.64518">
        <ele>1510.1</ele>
      </trkpt>
      <trkpt lat="45.59545" lon="6.6455">
        <ele>1510.3</ele>
      </trkpt>
      <trkpt lat="45.59545" lon="6.64556">
        <ele>1510.5</ele>
      </trkpt>
      <trkpt lat="45.59546" lon="6.64562">
        <ele>1510.9</ele>
      </trkpt>
      <trkpt lat="45.5955" lon="6.64562">
        <ele>1511.9</ele>
      </trkpt>
      <trkpt lat="45.59555" lon="6.64559">
        <ele>1513.1</ele>
      </trkpt>
      <trkpt lat="45.59558" lon="6.64551">
        <ele>1513.3</ele>
      </trkpt>
      <trkpt lat="45.59564" lon="6.64516">
        <ele>1511.5</ele>
      </trkpt>
      <trkpt lat="45.59577" lon="6.64471">
        <ele>1514.9</ele>
      </trkpt>
      <trkpt lat="45.59584" lon="6.64457">
        <ele>1517.0</ele>
      </trkpt>
      <trkpt lat="45.59591" lon="6.64451">
        <ele>1520.5</ele>
      </trkpt>
      <trkpt lat="45.59595" lon="6.64453">
        <ele>1521.9</ele>
      </trkpt>
      <trkpt lat="45.59598" lon="6.64459">
        <ele>1522.6</ele>
      </trkpt>
      <trkpt lat="45.59598" lon="6.64516">
        <ele>1522.1</ele>
      </trkpt>
      <trkpt lat="45.596" lon="6.64541">
        <ele>1528.0</ele>
      </trkpt>
      <trkpt lat="45.59601" lon="6.64559">
        <ele>1532.1</ele>
      </trkpt>
      <trkpt lat="45.59605" lon="6.64565">
        <ele>1535.9</ele>
      </trkpt>
      <trkpt lat="45.59611" lon="6.64563">
        <ele>1539.6</ele>
      </trkpt>
      <trkpt lat="45.59615" lon="6.64557">
        <ele>1541.0</ele>
      </trkpt>
      <trkpt lat="45.59621" lon="6.6452">
        <ele>1536.4</ele>
      </trkpt>
      <trkpt lat="45.59632" lon="6.64483">
        <ele>1537.5</ele>
      </trkpt>
      <trkpt lat="45.59644" lon="6.64458">
        <ele>1542.0</ele>
      </trkpt>
      <trkpt lat="45.59673" lon="6.6441">
        <ele>1548.4</ele>
      </trkpt>
      <trkpt lat="45.59696" lon="6.64391">
        <ele>1555.6</ele>
      </trkpt>
      <trkpt lat="45.59711" lon="6.64383">
        <ele>1559.7</ele>
      </trkpt>
      <trkpt lat="45.59731" lon="6.64366">
        <ele>1562.4</ele>
      </trkpt>
      <trkpt lat="45.5975" lon="6.64342">
        <ele>1560.7</ele>
      </trkpt>
      <trkpt lat="45.59772" lon="6.64327">
        <ele>1564.4</ele>
      </trkpt>
      <trkpt lat="45.59788" lon="6.64314">
        <ele>1567.4</ele>
      </trkpt>
      <trkpt lat="45.598" lon="6.64302">
        <ele>1568.4</ele>
      </trkpt>
      <trkpt lat="45.59815" lon="6.64292">
        <ele>1569.7</ele>
      </trkpt>
      <trkpt lat="45.59847" lon="6.64278">
        <ele>1574.4</ele>
      </trkpt>
      <trkpt lat="45.59862" lon="6.64262">
        <ele>1575.0</ele>
      </trkpt>
      <trkpt lat="45.59893" lon="6.64191">
        <ele>1574.3</ele>
      </trkpt>
      <trkpt lat="45.59925" lon="6.64119">
        <ele>1575.5</ele>
      </trkpt>
      <trkpt lat="45.59928" lon="6.64115">
        <ele>1576.1</ele>
      </trkpt>
      <trkpt lat="45.59943" lon="6.64091">
        <ele>1578.2</ele>
      </trkpt>
      <trkpt lat="45.59968" lon="6.64064">
        <ele>1583.8</ele>
      </trkpt>
      <trkpt lat="45.6001" lon="6.6403">
        <ele>1589.8</ele>
      </trkpt>
      <trkpt lat="45.60052" lon="6.63996">
        <ele>1597.2</ele>
      </trkpt>
      <trkpt lat="45.60065" lon="6.6399">
        <ele>1600.4</ele>
      </trkpt>
      <trkpt lat="45.6007" lon="6.63981">
        <ele>1601.1</ele>
      </trkpt>
      <trkpt lat="45.60074" lon="6.63965">
        <ele>1601.0</ele>
      </trkpt>
      <trkpt lat="45.60081" lon="6.63901">
        <ele>1599.1</ele>
      </trkpt>
      <trkpt lat="45.60085" lon="6.6389">
        <ele>1600.1</ele>
      </trkpt>
      <trkpt lat="45.60091" lon="6.6388">
        <ele>1601.9</ele>
      </trkpt>
      <trkpt lat="45.60114" lon="6.63856">
        <ele>1607.0</ele>
      </trkpt>
      <trkpt lat="45.60128" lon="6.63834">
        <ele>1608.5</ele>
      </trkpt>
      <trkpt lat="45.60141" lon="6.6381">
        <ele>1611.9</ele>
      </trkpt>
      <trkpt lat="45.60153" lon="6.63782">
        <ele>1614.1</ele>
      </trkpt>
      <trkpt lat="45.60165" lon="6.63745">
        <ele>1615.4</ele>
      </trkpt>
      <trkpt lat="45.60171" lon="6.63719">
        <ele>1618.2</ele>
      </trkpt>
      <trkpt lat="45.60176" lon="6.63705">
        <ele>1620.2</ele>
      </trkpt>
      <trkpt lat="45.60183" lon="6.63701">
        <ele>1621.8</ele>
      </trkpt>
      <trkpt lat="45.60188" lon="6.63703">
        <ele>1622.7</ele>
      </trkpt>
      <trkpt lat="45.60203" lon="6.63732">
        <ele>1624.8</ele>
      </trkpt>
      <trkpt lat="45.60208" lon="6.63734">
        <ele>1625.9</ele>
      </trkpt>
      <trkpt lat="45.60214" lon="6.63734">
        <ele>1627.3</ele>
      </trkpt>
      <trkpt lat="45.6022" lon="6.63727">
        <ele>1628.9</ele>
      </trkpt>
      <trkpt lat="45.60226" lon="6.63713">
        <ele>1630.4</ele>
      </trkpt>
      <trkpt lat="45.60238" lon="6.63693">
        <ele>1633.0</ele>
      </trkpt>
      <trkpt lat="45.6025" lon="6.63679">
        <ele>1635.1</ele>
      </trkpt>
      <trkpt lat="45.6025" lon="6.63679">
        <ele>1635.1</ele>
      </trkpt>
      <trkpt lat="45.60269" lon="6.63657">
        <ele>1641.3</ele>
      </trkpt>
      <trkpt lat="45.60281" lon="6.63633">
        <ele>1644.8</ele>
      </trkpt>
      <trkpt lat="45.60286" lon="6.63623">
        <ele>1646.2</ele>
      </trkpt>
      <trkpt lat="45.60287" lon="6.6361">
        <ele>1646.2</ele>
      </trkpt>
      <trkpt lat="45.60284" lon="6.63601">
        <ele>1645.1</ele>
      </trkpt>
      <trkpt lat="45.6027" lon="6.63574">
        <ele>1641.5</ele>
      </trkpt>
      <trkpt lat="45.60268" lon="6.63562">
        <ele>1642.0</ele>
      </trkpt>
      <trkpt lat="45.60269" lon="6.63547">
        <ele>1643.5</ele>
      </trkpt>
      <trkpt lat="45.60288" lon="6.63439">
        <ele>1654.6</ele>
      </trkpt>
      <trkpt lat="45.60293" lon="6.63422">
        <ele>1655.8</ele>
      </trkpt>
      <trkpt lat="45.60322" lon="6.63378">
        <ele>1657.8</ele>
      </trkpt>
      <trkpt lat="45.6033" lon="6.63363">
        <ele>1657.8</ele>
      </trkpt>
      <trkpt lat="45.60332" lon="6.6335">
        <ele>1657.9</ele>
      </trkpt>
      <trkpt lat="45.60332" lon="6.63338">
        <ele>1659.1</ele>
      </trkpt>
      <trkpt lat="45.60328" lon="6.63325">
        <ele>1660.6</ele>
      </trkpt>
      <trkpt lat="45.60321" lon="6.63318">
        <ele>1662.0</ele>
      </trkpt>
      <trkpt lat="45.60313" lon="6.63306">
        <ele>1663.7</ele>
      </trkpt>
      <trkpt lat="45.60305" lon="6.63292">
        <ele>1665.7</ele>
      </trkpt>
      <trkpt lat="45.60301" lon="6.63278">
        <ele>1668.5</ele>
      </trkpt>
      <trkpt lat="45.60301" lon="6.63263">
        <ele>1670.5</ele>
      </trkpt>
      <trkpt lat="45.60306" lon="6.63248">
        <ele>1671.2</ele>
      </trkpt>
      <trkpt lat="45.60315" lon="6.63232">
        <ele>1672.7</ele>
      </trkpt>
      <trkpt lat="45.60332" lon="6.63204">
        <ele>1672.7</ele>
      </trkpt>
      <trkpt lat="45.6035" lon="6.63181">
        <ele>1675.8</ele>
      </trkpt>
      <trkpt lat="45.60381" lon="6.63146">
        <ele>1680.2</ele>
      </trkpt>
      <trkpt lat="45.60397" lon="6.63131">
        <ele>1680.8</ele>
      </trkpt>
      <trkpt lat="45.60419" lon="6.63106">
        <ele>1681.7</ele>
      </trkpt>
      <trkpt lat="45.60437" lon="6.63078">
        <ele>1688.6</ele>
      </trkpt>
      <trkpt lat="45.60458" lon="6.63039">
        <ele>1695.7</ele>
      </trkpt>
      <trkpt lat="45.6047" lon="6.63019">
        <ele>1696.3</ele>
      </trkpt>
      <trkpt lat="45.60496" lon="6.62983">
        <ele>1695.6</ele>
      </trkpt>
      <trkpt lat="45.60539" lon="6.62932">
        <ele>1706.8</ele>
      </trkpt>
      <trkpt lat="45.60545" lon="6.62924">
        <ele>1707.2</ele>
      </trkpt>
      <trkpt lat="45.60568" lon="6.62884">
        <ele>1711.1</ele>
      </trkpt>
      <trkpt lat="45.60579" lon="6.62871">
        <ele>1711.2</ele>
      </trkpt>
      <trkpt lat="45.60592" lon="6.62862">
        <ele>1712.1</ele>
      </trkpt>
      <trkpt lat="45.60599" lon="6.62859">
        <ele>1712.8</ele>
      </trkpt>
      <trkpt lat="45.60607" lon="6.62857">
        <ele>1713.2</ele>
      </trkpt>
      <trkpt lat="45.60623" lon="6.62856">
        <ele>1713.5</ele>
      </trkpt>
      <trkpt lat="45.60631" lon="6.62853">
        <ele>1713.7</ele>
      </trkpt>
      <trkpt lat="45.60635" lon="6.62846">
        <ele>1713.8</ele>
      </trkpt>
      <trkpt lat="45.60636" lon="6.6284">
        <ele>1713.8</ele>
      </trkpt>
      <trkpt lat="45.60635" lon="6.62834">
        <ele>1713.9</ele>
      </trkpt>
      <trkpt lat="45.60633" lon="6.6283">
        <ele>1714.7</ele>
      </trkpt>
      <trkpt lat="45.60631" lon="6.62828">
        <ele>1715.2</ele>
      </trkpt>
      <trkpt lat="45.60628" lon="6.62827">
        <ele>1715.6</ele>
      </trkpt>
      <trkpt lat="45.60611" lon="6.62827">
        <ele>1716.8</ele>
      </trkpt>
      <trkpt lat="45.60587" lon="6.62831">
        <ele>1717.4</ele>
      </trkpt>
      <trkpt lat="45.60568" lon="6.62841">
        <ele>1720.0</ele>
      </trkpt>
      <trkpt lat="45.60563" lon="6.62841">
        <ele>1721.4</ele>
      </trkpt>
      <trkpt lat="45.60558" lon="6.62838">
        <ele>1723.6</ele>
      </trkpt>
      <trkpt lat="45.60556" lon="6.62834">
        <ele>1725.0</ele>
      </trkpt>
      <trkpt lat="45.60556" lon="6.6283">
        <ele>1726.2</ele>
      </trkpt>
      <trkpt lat="45.60556" lon="6.62826">
        <ele>1727.5</ele>
      </trkpt>
      <trkpt lat="45.60558" lon="6.62823">
        <ele>1727.8</ele>
      </trkpt>
      <trkpt lat="45.60575" lon="6.6281">
        <ele>1726.2</ele>
      </trkpt>
      <trkpt lat="45.60589" lon="6.62795">
        <ele>1726.9</ele>
      </trkpt>
      <trkpt lat="45.60612" lon="6.62778">
        <ele>1727.8</ele>
      </trkpt>
      <trkpt lat="45.60618" lon="6.62772">
        <ele>1728.2</ele>
      </trkpt>
      <trkpt lat="45.60628" lon="6.62759">
        <ele>1729.1</ele>
      </trkpt>
      <trkpt lat="45.60661" lon="6.62702">
        <ele>1736.3</ele>
      </trkpt>
      <trkpt lat="45.60678" lon="6.62679">
        <ele>1740.6</ele>
      </trkpt>
      <trkpt lat="45.60703" lon="6.62658">
        <ele>1743.8</ele>
      </trkpt>
      <trkpt lat="45.60722" lon="6.62638">
        <ele>1746.9</ele>
      </trkpt>
      <trkpt lat="45.60737" lon="6.62619">
        <ele>1749.5</ele>
      </trkpt>
      <trkpt lat="45.60762" lon="6.62587">
        <ele>1754.0</ele>
      </trkpt>
      <trkpt lat="45.60781" lon="6.62565">
        <ele>1756.5</ele>
      </trkpt>
      <trkpt lat="45.60802" lon="6.62534">
        <ele>1759.1</ele>
      </trkpt>
      <trkpt lat="45.60839" lon="6.62486">
        <ele>1762.2</ele>
      </trkpt>
      <trkpt lat="45.60855" lon="6.62456">
        <ele>1768.3</ele>
      </trkpt>
      <trkpt lat="45.60883" lon="6.62432">
        <ele>1772.1</ele>
      </trkpt>
      <trkpt lat="45.609" lon="6.6241">
        <ele>1774.6</ele>
      </trkpt>
      <trkpt lat="45.609" lon="6.6241">
        <ele>1774.6</ele>
      </trkpt>
      <trkpt lat="45.60915" lon="6.6239">
        <ele>1778.2</ele>
      </trkpt>
      <trkpt lat="45.60934" lon="6.62366">
        <ele>1783.8</ele>
      </trkpt>
      <trkpt lat="45.60946" lon="6.62356">
        <ele>1785.7</ele>
      </trkpt>
      <trkpt lat="45.60975" lon="6.62345">
        <ele>1787.1</ele>
      </trkpt>
      <trkpt lat="45.60997" lon="6.62339">
        <ele>1788.4</ele>
      </trkpt>
      <trkpt lat="45.61004" lon="6.62343">
        <ele>1788.9</ele>
      </trkpt>
      <trkpt lat="45.6101" lon="6.62351">
        <ele>1789.4</ele>
      </trkpt>
      <trkpt lat="45.61012" lon="6.62355">
        <ele>1789.6</ele>
      </trkpt>
      <trkpt lat="45.61016" lon="6.62367">
        <ele>1790.2</ele>
      </trkpt>
      <trkpt lat="45.61015" lon="6.62378">
        <ele>1790.7</ele>
      </trkpt>
      <trkpt lat="45.61013" lon="6.62387">
        <ele>1790.7</ele>
      </trkpt>
      <trkpt lat="45.61009" lon="6.62396">
        <ele>1790.3</ele>
      </trkpt>
      <trkpt lat="45.61001" lon="6.62409">
        <ele>1789.0</ele>
      </trkpt>
      <trkpt lat="45.60985" lon="6.62426">
        <ele>1788.0</ele>
      </trkpt>
      <trkpt lat="45.60964" lon="6.62446">
        <ele>1786.0</ele>
      </trkpt>
      <trkpt lat="45.60957" lon="6.62456">
        <ele>1785.1</ele>
      </trkpt>
      <trkpt lat="45.60956" lon="6.62465">
        <ele>1785.7</ele>
      </trkpt>
      <trkpt lat="45.60957" lon="6.62472">
        <ele>1786.8</ele>
      </trkpt>
      <trkpt lat="45.60962" lon="6.62475">
        <ele>1789.1</ele>
      </trkpt>
      <trkpt lat="45.60968" lon="6.62474">
        <ele>1791.2</ele>
      </trkpt>
      <trkpt lat="45.60987" lon="6.6245">
        <ele>1793.5</ele>
      </trkpt>
      <trkpt lat="45.61008" lon="6.62441">
        <ele>1797.2</ele>
      </trkpt>
      <trkpt lat="45.61028" lon="6.62428">
        <ele>1798.8</ele>
      </trkpt>
      <trkpt lat="45.61056" lon="6.62402">
        <ele>1800.7</ele>
      </trkpt>
      <trkpt lat="45.61062" lon="6.62402">
        <ele>1802.0</ele>
      </trkpt>
      <trkpt lat="45.61065" lon="6.62404">
        <ele>1802.9</ele>
      </trkpt>
      <trkpt lat="45.61068" lon="6.62409">
        <ele>1804.2</ele>
      </trkpt>
      <trkpt lat="45.61069" lon="6.62416">
        <ele>1805.5</ele>
      </trkpt>
      <trkpt lat="45.61066" lon="6.62422">
        <ele>1806.4</ele>
      </trkpt>
      <trkpt lat="45.61062" lon="6.62427">
        <ele>1806.9</ele>
      </trkpt>
      <trkpt lat="45.61039" lon="6.62445">
        <ele>1806.1</ele>
      </trkpt>
      <trkpt lat="45.60994" lon="6.62512">
        <ele>1810.3</ele>
      </trkpt>
      <trkpt lat="45.60952" lon="6.62614">
        <ele>1811.6</ele>
      </trkpt>
      <trkpt lat="45.60951" lon="6.62625">
        <ele>1813.0</ele>
      </trkpt>
      <trkpt lat="45.60954" lon="6.62628">
        <ele>1815.2</ele>
      </trkpt>
      <trkpt lat="45.60959" lon="6.62631">
        <ele>1818.4</ele>
      </trkpt>
      <trkpt lat="45.60964" lon="6.62631">
        <ele>1821.1</ele>
      </trkpt>
      <trkpt lat="45.60982" lon="6.62605">
        <ele>1826.2</ele>
      </trkpt>
      <trkpt lat="45.60999" lon="6.62579">
        <ele>1830.3</ele>
      </trkpt>
      <trkpt lat="45.61025" lon="6.62547">
        <ele>1830.1</ele>
      </trkpt>
      <trkpt lat="45.61086" lon="6.62508">
        <ele>1837.2</ele>
      </trkpt>
      <trkpt lat="45.61146" lon="6.62468">
        <ele>1845.3</ele>
      </trkpt>
      <trkpt lat="45.61161" lon="6.62452">
        <ele>1847.3</ele>
      </trkpt>
      <trkpt lat="45.6117" lon="6.62439">
        <ele>1848.2</ele>
      </trkpt>
      <trkpt lat="45.61179" lon="6.62419">
        <ele>1847.6</ele>
      </trkpt>
      <trkpt lat="45.61186" lon="6.62399">
        <ele>1846.1</ele>
      </trkpt>
      <trkpt lat="45.61191" lon="6.62392">
        <ele>1846.5</ele>
      </trkpt>
      <trkpt lat="45.61197" lon="6.62385">
        <ele>1847.3</ele>
      </trkpt>
      <trkpt lat="45.61203" lon="6.62386">
        <ele>1849.6</ele>
      </trkpt>
      <trkpt lat="45.61208" lon="6.62392">
        <ele>1852.4</ele>
      </trkpt>
      <trkpt lat="45.61209" lon="6.62398">
        <ele>1853.9</ele>
      </trkpt>
      <trkpt lat="45.61208" lon="6.62406">
        <ele>1855.0</ele>
      </trkpt>
      <trkpt lat="45.61195" lon="6.62419">
        <ele>1853.0</ele>
      </trkpt>
      <trkpt lat="45.61191" lon="6.62429">
        <ele>1853.7</ele>
      </trkpt>
      <trkpt lat="45.61183" lon="6.62461">
        <ele>1857.1</ele>
      </trkpt>
      <trkpt lat="45.61167" lon="6.62503">
        <ele>1859.1</ele>
      </trkpt>
      <trkpt lat="45.61155" lon="6.62518">
        <ele>1860.6</ele>
      </trkpt>
      <trkpt lat="45.61134" lon="6.62536">
        <ele>1860.2</ele>
      </trkpt>
      <trkpt lat="45.61124" lon="6.62548">
        <ele>1861.0</ele>
      </trkpt>
      <trkpt lat="45.61122" lon="6.62558">
        <ele>1863.5</ele>
      </trkpt>
      <trkpt lat="45.61127" lon="6.62563">
        <ele>1866.7</ele>
      </trkpt>
      <trkpt lat="45.61135" lon="6.62562">
        <ele>1868.9</ele>
      </trkpt>
      <trkpt lat="45.61153" lon="6.62544">
        <ele>1868.6</ele>
      </trkpt>
      <trkpt lat="45.61176" lon="6.62534">
        <ele>1873.2</ele>
      </trkpt>
      <trkpt lat="45.61205" lon="6.62503">
        <ele>1874.7</ele>
      </trkpt>
      <trkpt lat="45.61205" lon="6.62503">
        <ele>1874.7</ele>
      </trkpt>
      <trkpt lat="45.61217" lon="6.62484">
        <ele>1875.0</ele>
      </trkpt>
      <trkpt lat="45.61229" lon="6.62469">
        <ele>1876.2</ele>
      </trkpt>
      <trkpt lat="45.61246" lon="6.62456">
        <ele>1879.4</ele>
      </trkpt>
      <trkpt lat="45.61252" lon="6.62452">
        <ele>1880.7</ele>
      </trkpt>
      <trkpt lat="45.61265" lon="6.62449">
        <ele>1885.3</ele>
      </trkpt>
      <trkpt lat="45.61282" lon="6.62448">
        <ele>1892.1</ele>
      </trkpt>
      <trkpt lat="45.61293" lon="6.62444">
        <ele>1896.0</ele>
      </trkpt>
      <trkpt lat="45.61301" lon="6.62437">
        <ele>1898.2</ele>
      </trkpt>
      <trkpt lat="45.61307" lon="6.62429">
        <ele>1899.6</ele>
      </trkpt>
      <trkpt lat="45.6131" lon="6.62417">
        <ele>1899.1</ele>
      </trkpt>
      <trkpt lat="45.61311" lon="6.62366">
        <ele>1893.9</ele>
      </trkpt>
      <trkpt lat="45.61314" lon="6.62355">
        <ele>1894.2</ele>
      </trkpt>
      <trkpt lat="45.61324" lon="6.62344">
        <ele>1898.2</ele>
      </trkpt>
      <trkpt lat="45.61333" lon="6.62328">
        <ele>1901.0</ele>
      </trkpt>
      <trkpt lat="45.61337" lon="6.62311">
        <ele>1900.4</ele>
      </trkpt>
      <trkpt lat="45.61341" lon="6.62283">
        <ele>1897.6</ele>
      </trkpt>
      <trkpt lat="45.61338" lon="6.62264">
        <ele>1893.0</ele>
      </trkpt>
      <trkpt lat="45.6134" lon="6.62257">
        <ele>1892.6</ele>
      </trkpt>
      <trkpt lat="45.61343" lon="6.62252">
        <ele>1892.8</ele>
      </trkpt>
      <trkpt lat="45.61369" lon="6.6224">
        <ele>1899.6</ele>
      </trkpt>
      <trkpt lat="45.6142" lon="6.62212">
        <ele>1913.0</ele>
      </trkpt>
      <trkpt lat="45.61446" lon="6.62191">
        <ele>1918.9</ele>
      </trkpt>
      <trkpt lat="45.61451" lon="6.62176">
        <ele>1918.0</ele>
      </trkpt>
      <trkpt lat="45.61451" lon="6.6216">
        <ele>1915.7</ele>
      </trkpt>
      <trkpt lat="45.61446" lon="6.6214">
        <ele>1912.4</ele>
      </trkpt>
      <trkpt lat="45.61443" lon="6.62122">
        <ele>1909.9</ele>
      </trkpt>
      <trkpt lat="45.61445" lon="6.62105">
        <ele>1909.5</ele>
      </trkpt>
      <trkpt lat="45.61448" lon="6.62089">
        <ele>1909.6</ele>
      </trkpt>
      <trkpt lat="45.61452" lon="6.62077">
        <ele>1910.3</ele>
      </trkpt>
      <trkpt lat="45.6146" lon="6.62072">
        <ele>1913.3</ele>
      </trkpt>
      <trkpt lat="45.61467" lon="6.62073">
        <ele>1916.3</ele>
      </trkpt>
      <trkpt lat="45.61472" lon="6.62078">
        <ele>1918.8</ele>
      </trkpt>
      <trkpt lat="45.61474" lon="6.62086">
        <ele>1920.2</ele>
      </trkpt>
      <trkpt lat="45.61476" lon="6.62105">
        <ele>1922.2</ele>
      </trkpt>
      <trkpt lat="45.61486" lon="6.62137">
        <ele>1928.0</ele>
      </trkpt>
      <trkpt lat="45.61495" lon="6.62155">
        <ele>1932.5</ele>
      </trkpt>
      <trkpt lat="45.615" lon="6.62159">
        <ele>1934.6</ele>
      </trkpt>
      <trkpt lat="45.61506" lon="6.62159">
        <ele>1936.4</ele>
      </trkpt>
      <trkpt lat="45.6151" lon="6.62155">
        <ele>1937.3</ele>
      </trkpt>
      <trkpt lat="45.6152" lon="6.62109">
        <ele>1936.6</ele>
      </trkpt>
      <trkpt lat="45.61524" lon="6.621">
        <ele>1936.7</ele>
      </trkpt>
      <trkpt lat="45.61531" lon="6.6209">
        <ele>1937.2</ele>
      </trkpt>
      <trkpt lat="45.61552" lon="6.62065">
        <ele>1939.0</ele>
      </trkpt>
      <trkpt lat="45.61572" lon="6.62043">
        <ele>1940.7</ele>
      </trkpt>
      <trkpt lat="45.6159" lon="6.62022">
        <ele>1941.7</ele>
      </trkpt>
      <trkpt lat="45.61619" lon="6.61994">
        <ele>1942.2</ele>
      </trkpt>
      <trkpt lat="45.61656" lon="6.61927">
        <ele>1942.0</ele>
      </trkpt>
      <trkpt lat="45.6169" lon="6.61853">
        <ele>1945.6</ele>
      </trkpt>
      <trkpt lat="45.61697" lon="6.61844">
        <ele>1946.6</ele>
      </trkpt>
      <trkpt lat="45.6172" lon="6.61822">
        <ele>1949.2</ele>
      </trkpt>
      <trkpt lat="45.61737" lon="6.61804">
        <ele>1950.7</ele>
      </trkpt>
      <trkpt lat="45.61757" lon="6.61789">
        <ele>1952.3</ele>
      </trkpt>
      <trkpt lat="45.61767" lon="6.6178">
        <ele>1953.1</ele>
      </trkpt>
      <trkpt lat="45.61774" lon="6.61775">
        <ele>1953.6</ele>
      </trkpt>
      <trkpt lat="45.61781" lon="6.61776">
        <ele>1954.5</ele>
      </trkpt>
      <trkpt lat="45.61785" lon="6.61781">
        <ele>1955.3</ele>
      </trkpt>
      <trkpt lat="45.61786" lon="6.61785">
        <ele>1955.6</ele>
      </trkpt>
      <trkpt lat="45.61786" lon="6.618">
        <ele>1956.6</ele>
      </trkpt>
      <trkpt lat="45.61786" lon="6.61815">
        <ele>1957.5</ele>
      </trkpt>
      <trkpt lat="45.61789" lon="6.61829">
        <ele>1958.8</ele>
      </trkpt>
      <trkpt lat="45.61791" lon="6.6186">
        <ele>1960.3</ele>
      </trkpt>
      <trkpt lat="45.61792" lon="6.61865">
        <ele>1960.7</ele>
      </trkpt>
      <trkpt lat="45.61795" lon="6.61869">
        <ele>1961.4</ele>
      </trkpt>
      <trkpt lat="45.61799" lon="6.61869">
        <ele>1962.2</ele>
      </trkpt>
      <trkpt lat="45.61807" lon="6.6186">
        <ele>1963.2</ele>
      </trkpt>
      <trkpt lat="45.61825" lon="6.61838">
        <ele>1965.0</ele>
      </trkpt>
      <trkpt lat="45.6184" lon="6.61831">
        <ele>1967.4</ele>
      </trkpt>
      <trkpt lat="45.61847" lon="6.61829">
        <ele>1969.0</ele>
      </trkpt>
      <trkpt lat="45.61847" lon="6.61829">
        <ele>1969.0</ele>
      </trkpt>
      <trkpt lat="45.61863" lon="6.61823">
        <ele>1972.3</ele>
      </trkpt>
      <trkpt lat="45.61878" lon="6.61797">
        <ele>1972.8</ele>
      </trkpt>
      <trkpt lat="45.61895" lon="6.61782">
        <ele>1974.8</ele>
      </trkpt>
      <trkpt lat="45.61919" lon="6.6177">
        <ele>1978.6</ele>
      </trkpt>
      <trkpt lat="45.61977" lon="6.61712">
        <ele>1987.0</ele>
      </trkpt>
      <trkpt lat="45.62011" lon="6.61685">
        <ele>1995.5</ele>
      </trkpt>
      <trkpt lat="45.62023" lon="6.61671">
        <ele>1999.6</ele>
      </trkpt>
      <trkpt lat="45.62034" lon="6.61644">
        <ele>2002.5</ele>
      </trkpt>
      <trkpt lat="45.62041" lon="6.61622">
        <ele>2003.6</ele>
      </trkpt>
      <trkpt lat="45.62044" lon="6.61587">
        <ele>2001.3</ele>
      </trkpt>
      <trkpt lat="45.62071" lon="6.61518">
        <ele>2008.5</ele>
      </trkpt>
      <trkpt lat="45.62074" lon="6.61503">
        <ele>2008.8</ele>
      </trkpt>
      <trkpt lat="45.62073" lon="6.61488">
        <ele>2010.3</ele>
      </trkpt>
      <trkpt lat="45.62062" lon="6.61449">
        <ele>2011.9</ele>
      </trkpt>
      <trkpt lat="45.62058" lon="6.61416">
        <ele>2014.9</ele>
      </trkpt>
      <trkpt lat="45.62043" lon="6.61366">
        <ele>2015.5</ele>
      </trkpt>
      <trkpt lat="45.62041" lon="6.61331">
        <ele>2020.2</ele>
      </trkpt>
      <trkpt lat="45.62033" lon="6.61308">
        <ele>2021.1</ele>
      </trkpt>
      <trkpt lat="45.62015" lon="6.61267">
        <ele>2021.2</ele>
      </trkpt>
      <trkpt lat="45.62003" lon="6.61223">
        <ele>2026.5</ele>
      </trkpt>
      <trkpt lat="45.61995" lon="6.61202">
        <ele>2029.0</ele>
      </trkpt>
      <trkpt lat="45.61995" lon="6.61202">
        <ele>2029.0</ele>
      </trkpt>
      <trkpt lat="45.61991" lon="6.61191">
        <ele>2030.5</ele>
      </trkpt>
      <trkpt lat="45.6197" lon="6.6115">
        <ele>2032.7</ele>
      </trkpt>
      <trkpt lat="45.61957" lon="6.61117">
        <ele>2035.3</ele>
      </trkpt>
      <trkpt lat="45.61943" lon="6.61066">
        <ele>2042.6</ele>
      </trkpt>
      <trkpt lat="45.61935" lon="6.61039">
        <ele>2047.3</ele>
      </trkpt>
      <trkpt lat="45.61923" lon="6.61019">
        <ele>2048.2</ele>
      </trkpt>
      <trkpt lat="45.61904" lon="6.61">
        <ele>2047.7</ele>
      </trkpt>
      <trkpt lat="45.61891" lon="6.60979">
        <ele>2048.9</ele>
      </trkpt>
      <trkpt lat="45.61878" lon="6.60939">
        <ele>2054.4</ele>
      </trkpt>
      <trkpt lat="45.61868" lon="6.60895">
        <ele>2059.8</ele>
      </trkpt>
      <trkpt lat="45.61865" lon="6.60841">
        <ele>2067.1</ele>
      </trkpt>
      <trkpt lat="45.61862" lon="6.6083">
        <ele>2068.2</ele>
      </trkpt>
      <trkpt lat="45.61858" lon="6.60823">
        <ele>2068.6</ele>
      </trkpt>
      <trkpt lat="45.61838" lon="6.6081">
        <ele>2066.6</ele>
      </trkpt>
    </trkseg>
  </trk>
</gpx>
