<?xml version='1.0' encoding='UTF-8'?>
<gpx version="1.1" creator="https://www.komoot.de" xmlns="http://www.topografix.com/GPX/1/1" xmlns:xsi="http://www.w3.org/2001/XMLSchema-instance" xsi:schemaLocation="http://www.topografix.com/GPX/1/1 http://www.topografix.com/GPX/1/1/gpx.xsd">
  <metadata>
    <name>ultra500 '25 part4</name>
    <author>
      <link href="https://www.komoot.de">
        <text>komoot</text>
        <type>text/html</type>
      </link>
    </author>
  </metadata>
  <trk>
    <name>ultra500 '25 part4</name>
    <trkseg>
      <trkpt lat="50.707492" lon="12.506053">
        <ele>263.705151</ele>
        <time>2025-06-13T15:28:48.042Z</time>
      </trkpt>
      <trkpt lat="50.707565" lon="12.505844">
        <ele>263.705151</ele>
        <time>2025-06-13T15:28:50.519Z</time>
      </trkpt>
      <trkpt lat="50.707776" lon="12.505249">
        <ele>263.705151</ele>
        <time>2025-06-13T15:29:00.902Z</time>
      </trkpt>
      <trkpt lat="50.707788" lon="12.505205">
        <ele>263.705151</ele>
        <time>2025-06-13T15:29:01.357Z</time>
      </trkpt>
      <trkpt lat="50.708168" lon="12.505459">
        <ele>263.728192</ele>
        <time>2025-06-13T15:29:07.647Z</time>
      </trkpt>
      <trkpt lat="50.708417" lon="12.505544">
        <ele>263.774534</ele>
        <time>2025-06-13T15:29:11.588Z</time>
      </trkpt>
      <trkpt lat="50.708624" lon="12.505565">
        <ele>263.812266</ele>
        <time>2025-06-13T15:29:14.777Z</time>
      </trkpt>
      <trkpt lat="50.708944" lon="12.505497">
        <ele>263.871001</ele>
        <time>2025-06-13T15:29:19.467Z</time>
      </trkpt>
      <trkpt lat="50.709200" lon="12.505323">
        <ele>263.921700</ele>
        <time>2025-06-13T15:29:23.406Z</time>
      </trkpt>
      <trkpt lat="50.709324" lon="12.505199">
        <ele>263.948398</ele>
        <time>2025-06-13T15:29:25.404Z</time>
      </trkpt>
      <trkpt lat="50.709982" lon="12.504343">
        <ele>263.790540</ele>
        <time>2025-06-13T15:29:36.181Z</time>
      </trkpt>
      <trkpt lat="50.710082" lon="12.504192">
        <ele>263.704997</ele>
        <time>2025-06-13T15:29:37.884Z</time>
      </trkpt>
      <trkpt lat="50.710285" lon="12.503880">
        <ele>263.529858</ele>
        <time>2025-06-13T15:29:43.812Z</time>
      </trkpt>
      <trkpt lat="50.710800" lon="12.503263">
        <ele>263.130188</ele>
        <time>2025-06-13T15:29:51.617Z</time>
      </trkpt>
      <trkpt lat="50.710967" lon="12.503090">
        <ele>263.006704</ele>
        <time>2025-06-13T15:29:54.030Z</time>
      </trkpt>
      <trkpt lat="50.711313" lon="12.502859">
        <ele>262.850862</ele>
        <time>2025-06-13T15:29:58.720Z</time>
      </trkpt>
      <trkpt lat="50.712484" lon="12.501584">
        <ele>262.432212</ele>
        <time>2025-06-13T15:30:17.277Z</time>
      </trkpt>
      <trkpt lat="50.712995" lon="12.501327">
        <ele>262.386788</ele>
        <time>2025-06-13T15:30:24.201Z</time>
      </trkpt>
      <trkpt lat="50.713704" lon="12.501063">
        <ele>262.379253</ele>
        <time>2025-06-13T15:30:33.879Z</time>
      </trkpt>
      <trkpt lat="50.714134" lon="12.500957">
        <ele>262.374751</ele>
        <time>2025-06-13T15:30:39.933Z</time>
      </trkpt>
      <trkpt lat="50.714241" lon="12.500896">
        <ele>262.373575</ele>
        <time>2025-06-13T15:30:41.540Z</time>
      </trkpt>
      <trkpt lat="50.714683" lon="12.500797">
        <ele>262.421680</ele>
        <time>2025-06-13T15:30:47.668Z</time>
      </trkpt>
      <trkpt lat="50.714873" lon="12.500723">
        <ele>262.451791</ele>
        <time>2025-06-13T15:30:50.267Z</time>
      </trkpt>
      <trkpt lat="50.715201" lon="12.500690">
        <ele>262.502364</ele>
        <time>2025-06-13T15:30:54.754Z</time>
      </trkpt>
      <trkpt lat="50.715384" lon="12.500690">
        <ele>262.530522</ele>
        <time>2025-06-13T15:30:57.331Z</time>
      </trkpt>
      <trkpt lat="50.715885" lon="12.500831">
        <ele>262.608826</ele>
        <time>2025-06-13T15:31:04.341Z</time>
      </trkpt>
      <trkpt lat="50.716167" lon="12.500801">
        <ele>262.655868</ele>
        <time>2025-06-13T15:31:08.246Z</time>
      </trkpt>
      <trkpt lat="50.716566" lon="12.500858">
        <ele>262.784298</ele>
        <time>2025-06-13T15:31:13.840Z</time>
      </trkpt>
      <trkpt lat="50.717323" lon="12.501125">
        <ele>263.032947</ele>
        <time>2025-06-13T15:31:25.438Z</time>
      </trkpt>
      <trkpt lat="50.717814" lon="12.501354">
        <ele>263.197067</ele>
        <time>2025-06-13T15:31:32.776Z</time>
      </trkpt>
      <trkpt lat="50.718065" lon="12.501499">
        <ele>263.231944</ele>
        <time>2025-06-13T15:31:36.444Z</time>
      </trkpt>
      <trkpt lat="50.718423" lon="12.501609">
        <ele>263.244868</ele>
        <time>2025-06-13T15:31:41.271Z</time>
      </trkpt>
      <trkpt lat="50.718910" lon="12.501970">
        <ele>263.263931</ele>
        <time>2025-06-13T15:31:48.380Z</time>
      </trkpt>
      <trkpt lat="50.719442" lon="12.502162">
        <ele>263.283268</ele>
        <time>2025-06-13T15:31:55.607Z</time>
      </trkpt>
      <trkpt lat="50.720378" lon="12.502487">
        <ele>263.090562</ele>
        <time>2025-06-13T15:32:08.804Z</time>
      </trkpt>
      <trkpt lat="50.720772" lon="12.502623">
        <ele>262.988588</ele>
        <time>2025-06-13T15:32:13.909Z</time>
      </trkpt>
      <trkpt lat="50.721217" lon="12.502660">
        <ele>262.875914</ele>
        <time>2025-06-13T15:32:19.426Z</time>
      </trkpt>
      <trkpt lat="50.721311" lon="12.502642">
        <ele>262.851972</ele>
        <time>2025-06-13T15:32:20.597Z</time>
      </trkpt>
      <trkpt lat="50.721643" lon="12.502450">
        <ele>262.850078</ele>
        <time>2025-06-13T15:32:24.968Z</time>
      </trkpt>
      <trkpt lat="50.721725" lon="12.502338">
        <ele>262.855978</ele>
        <time>2025-06-13T15:32:26.331Z</time>
      </trkpt>
      <trkpt lat="50.722375" lon="12.501938">
        <ele>262.893946</ele>
        <time>2025-06-13T15:32:35.234Z</time>
      </trkpt>
      <trkpt lat="50.722682" lon="12.501623">
        <ele>262.913870</ele>
        <time>2025-06-13T15:32:40.735Z</time>
      </trkpt>
      <trkpt lat="50.722832" lon="12.501428">
        <ele>262.924443</ele>
        <time>2025-06-13T15:32:44.011Z</time>
      </trkpt>
      <trkpt lat="50.723375" lon="12.500936">
        <ele>263.090703</ele>
        <time>2025-06-13T15:32:54.171Z</time>
      </trkpt>
      <trkpt lat="50.723581" lon="12.500666">
        <ele>263.179227</ele>
        <time>2025-06-13T15:32:58.342Z</time>
      </trkpt>
      <trkpt lat="50.724029" lon="12.500045">
        <ele>263.376342</ele>
        <time>2025-06-13T15:33:06.953Z</time>
      </trkpt>
      <trkpt lat="50.724552" lon="12.499320">
        <ele>263.390625</ele>
        <time>2025-06-13T15:33:15.757Z</time>
      </trkpt>
      <trkpt lat="50.725038" lon="12.498521">
        <ele>262.990067</ele>
        <time>2025-06-13T15:33:24.331Z</time>
      </trkpt>
      <trkpt lat="50.725346" lon="12.498086">
        <ele>262.754140</ele>
        <time>2025-06-13T15:33:30.084Z</time>
      </trkpt>
      <trkpt lat="50.725727" lon="12.497742">
        <ele>262.503543</ele>
        <time>2025-06-13T15:33:36.262Z</time>
      </trkpt>
      <trkpt lat="50.726262" lon="12.497323">
        <ele>262.353288</ele>
        <time>2025-06-13T15:33:44.564Z</time>
      </trkpt>
      <trkpt lat="50.726411" lon="12.497254">
        <ele>262.314709</ele>
        <time>2025-06-13T15:33:46.773Z</time>
      </trkpt>
      <trkpt lat="50.726661" lon="12.497138">
        <ele>262.249970</ele>
        <time>2025-06-13T15:33:50.449Z</time>
      </trkpt>
      <trkpt lat="50.727016" lon="12.497020">
        <ele>262.159834</ele>
        <time>2025-06-13T15:33:55.660Z</time>
      </trkpt>
      <trkpt lat="50.727525" lon="12.496875">
        <ele>262.043642</ele>
        <time>2025-06-13T15:34:03.751Z</time>
      </trkpt>
      <trkpt lat="50.727572" lon="12.496911">
        <ele>262.037935</ele>
        <time>2025-06-13T15:34:04.464Z</time>
      </trkpt>
      <trkpt lat="50.727770" lon="12.497064">
        <ele>262.013856</ele>
        <time>2025-06-13T15:34:07.531Z</time>
      </trkpt>
      <trkpt lat="50.728225" lon="12.497198">
        <ele>261.963293</ele>
        <time>2025-06-13T15:34:13.897Z</time>
      </trkpt>
      <trkpt lat="50.728416" lon="12.497289">
        <ele>261.941499</ele>
        <time>2025-06-13T15:34:16.620Z</time>
      </trkpt>
      <trkpt lat="50.728805" lon="12.497630">
        <ele>261.892898</ele>
        <time>2025-06-13T15:34:26.465Z</time>
      </trkpt>
      <trkpt lat="50.729282" lon="12.497798">
        <ele>261.702155</ele>
        <time>2025-06-13T15:34:36.977Z</time>
      </trkpt>
      <trkpt lat="50.729802" lon="12.497820">
        <ele>261.194227</ele>
        <time>2025-06-13T15:34:47.564Z</time>
      </trkpt>
      <trkpt lat="50.730234" lon="12.497686">
        <ele>260.764354</ele>
        <time>2025-06-13T15:34:56.505Z</time>
      </trkpt>
      <trkpt lat="50.730951" lon="12.497334">
        <ele>260.074007</ele>
        <time>2025-06-13T15:35:12.013Z</time>
      </trkpt>
      <trkpt lat="50.731105" lon="12.497249">
        <ele>260.013012</ele>
        <time>2025-06-13T15:35:15.417Z</time>
      </trkpt>
      <trkpt lat="50.732528" lon="12.496463">
        <ele>259.449359</ele>
        <time>2025-06-13T15:35:48.117Z</time>
      </trkpt>
      <trkpt lat="50.732907" lon="12.496374">
        <ele>259.477293</ele>
        <time>2025-06-13T15:35:56.805Z</time>
      </trkpt>
      <trkpt lat="50.733331" lon="12.496379">
        <ele>259.541351</ele>
        <time>2025-06-13T15:36:06.527Z</time>
      </trkpt>
      <trkpt lat="50.733532" lon="12.496310">
        <ele>259.572426</ele>
        <time>2025-06-13T15:36:11.246Z</time>
      </trkpt>
      <trkpt lat="50.733575" lon="12.496301">
        <ele>259.578979</ele>
        <time>2025-06-13T15:36:12.243Z</time>
      </trkpt>
      <trkpt lat="50.734148" lon="12.496575">
        <ele>259.669423</ele>
        <time>2025-06-13T15:36:25.932Z</time>
      </trkpt>
      <trkpt lat="50.734713" lon="12.496949">
        <ele>259.716948</ele>
        <time>2025-06-13T15:36:39.851Z</time>
      </trkpt>
      <trkpt lat="50.736138" lon="12.498424">
        <ele>259.718620</ele>
        <time>2025-06-13T15:37:17.956Z</time>
      </trkpt>
      <trkpt lat="50.736485" lon="12.498692">
        <ele>259.650053</ele>
        <time>2025-06-13T15:37:26.354Z</time>
      </trkpt>
      <trkpt lat="50.737075" lon="12.498938">
        <ele>259.541727</ele>
        <time>2025-06-13T15:37:39.561Z</time>
      </trkpt>
      <trkpt lat="50.737683" lon="12.498899">
        <ele>259.448694</ele>
        <time>2025-06-13T15:37:52.925Z</time>
      </trkpt>
      <trkpt lat="50.738210" lon="12.498675">
        <ele>259.418329</ele>
        <time>2025-06-13T15:38:05.040Z</time>
      </trkpt>
      <trkpt lat="50.738458" lon="12.498519">
        <ele>259.403478</ele>
        <time>2025-06-13T15:38:10.976Z</time>
      </trkpt>
      <trkpt lat="50.738694" lon="12.498278">
        <ele>259.387843</ele>
        <time>2025-06-13T15:38:17.245Z</time>
      </trkpt>
      <trkpt lat="50.739649" lon="12.496748">
        <ele>259.345356</ele>
        <time>2025-06-13T15:38:47.342Z</time>
      </trkpt>
      <trkpt lat="50.739688" lon="12.496411">
        <ele>259.342540</ele>
        <time>2025-06-13T15:38:52.115Z</time>
      </trkpt>
      <trkpt lat="50.739847" lon="12.496059">
        <ele>259.338985</ele>
        <time>2025-06-13T15:38:55.701Z</time>
      </trkpt>
      <trkpt lat="50.739987" lon="12.495607">
        <ele>259.334848</ele>
        <time>2025-06-13T15:38:59.919Z</time>
      </trkpt>
      <trkpt lat="50.740369" lon="12.494163">
        <ele>259.555430</ele>
        <time>2025-06-13T15:39:13.962Z</time>
      </trkpt>
      <trkpt lat="50.740403" lon="12.493925">
        <ele>259.599710</ele>
        <time>2025-06-13T15:39:16.072Z</time>
      </trkpt>
      <trkpt lat="50.740396" lon="12.493809">
        <ele>259.620858</ele>
        <time>2025-06-13T15:39:17.094Z</time>
      </trkpt>
      <trkpt lat="50.740367" lon="12.493234">
        <ele>259.725542</ele>
        <time>2025-06-13T15:39:22.271Z</time>
      </trkpt>
      <trkpt lat="50.740431" lon="12.492435">
        <ele>259.829263</ele>
        <time>2025-06-13T15:39:30.631Z</time>
      </trkpt>
      <trkpt lat="50.740423" lon="12.492219">
        <ele>259.798484</ele>
        <time>2025-06-13T15:39:32.747Z</time>
      </trkpt>
      <trkpt lat="50.740566" lon="12.491989">
        <ele>259.752618</ele>
        <time>2025-06-13T15:39:36.121Z</time>
      </trkpt>
      <trkpt lat="50.740790" lon="12.491710">
        <ele>259.688505</ele>
        <time>2025-06-13T15:39:40.451Z</time>
      </trkpt>
      <trkpt lat="50.741018" lon="12.491415">
        <ele>259.622266</ele>
        <time>2025-06-13T15:39:44.640Z</time>
      </trkpt>
      <trkpt lat="50.741204" lon="12.491008">
        <ele>259.550852</ele>
        <time>2025-06-13T15:39:49.082Z</time>
      </trkpt>
      <trkpt lat="50.741414" lon="12.490634">
        <ele>259.479728</ele>
        <time>2025-06-13T15:39:53.430Z</time>
      </trkpt>
      <trkpt lat="50.741613" lon="12.490433">
        <ele>259.395254</ele>
        <time>2025-06-13T15:39:56.610Z</time>
      </trkpt>
      <trkpt lat="50.741860" lon="12.490189">
        <ele>259.208654</ele>
        <time>2025-06-13T15:40:00.492Z</time>
      </trkpt>
      <trkpt lat="50.742101" lon="12.490058">
        <ele>259.045393</ele>
        <time>2025-06-13T15:40:03.893Z</time>
      </trkpt>
      <trkpt lat="50.742573" lon="12.489929">
        <ele>258.738542</ele>
        <time>2025-06-13T15:40:09.610Z</time>
      </trkpt>
      <trkpt lat="50.742838" lon="12.489891">
        <ele>258.568087</ele>
        <time>2025-06-13T15:40:12.897Z</time>
      </trkpt>
      <trkpt lat="50.743158" lon="12.489901">
        <ele>258.363056</ele>
        <time>2025-06-13T15:40:17.057Z</time>
      </trkpt>
      <trkpt lat="50.743909" lon="12.489971">
        <ele>258.358335</ele>
        <time>2025-06-13T15:40:27.537Z</time>
      </trkpt>
      <trkpt lat="50.744421" lon="12.490128">
        <ele>258.412843</ele>
        <time>2025-06-13T15:40:35.051Z</time>
      </trkpt>
      <trkpt lat="50.744781" lon="12.490285">
        <ele>258.451874</ele>
        <time>2025-06-13T15:40:40.661Z</time>
      </trkpt>
      <trkpt lat="50.745409" lon="12.490620">
        <ele>258.417205</ele>
        <time>2025-06-13T15:40:50.433Z</time>
      </trkpt>
      <trkpt lat="50.745915" lon="12.490828">
        <ele>258.335858</ele>
        <time>2025-06-13T15:40:58.129Z</time>
      </trkpt>
      <trkpt lat="50.746624" lon="12.491248">
        <ele>258.218052</ele>
        <time>2025-06-13T15:41:08.933Z</time>
      </trkpt>
      <trkpt lat="50.747012" lon="12.491465">
        <ele>258.158787</ele>
        <time>2025-06-13T15:41:14.942Z</time>
      </trkpt>
      <trkpt lat="50.747346" lon="12.491560">
        <ele>258.111522</ele>
        <time>2025-06-13T15:41:19.941Z</time>
      </trkpt>
      <trkpt lat="50.747678" lon="12.491593">
        <ele>258.065191</ele>
        <time>2025-06-13T15:41:24.744Z</time>
      </trkpt>
      <trkpt lat="50.748111" lon="12.491492">
        <ele>258.004231</ele>
        <time>2025-06-13T15:41:31.060Z</time>
      </trkpt>
      <trkpt lat="50.748408" lon="12.491316">
        <ele>257.960054</ele>
        <time>2025-06-13T15:41:35.711Z</time>
      </trkpt>
      <trkpt lat="50.748690" lon="12.491053">
        <ele>257.916792</ele>
        <time>2025-06-13T15:41:40.512Z</time>
      </trkpt>
      <trkpt lat="50.749007" lon="12.490630">
        <ele>257.862924</ele>
        <time>2025-06-13T15:41:46.618Z</time>
      </trkpt>
      <trkpt lat="50.749312" lon="12.490139">
        <ele>257.806396</ele>
        <time>2025-06-13T15:41:53.039Z</time>
      </trkpt>
      <trkpt lat="50.749588" lon="12.489612">
        <ele>257.750194</ele>
        <time>2025-06-13T15:41:59.378Z</time>
      </trkpt>
      <trkpt lat="50.749826" lon="12.489040">
        <ele>257.672485</ele>
        <time>2025-06-13T15:42:05.667Z</time>
      </trkpt>
      <trkpt lat="50.750241" lon="12.487825">
        <ele>257.445978</ele>
        <time>2025-06-13T15:42:18.285Z</time>
      </trkpt>
      <trkpt lat="50.750307" lon="12.487606">
        <ele>257.406184</ele>
        <time>2025-06-13T15:42:20.508Z</time>
      </trkpt>
      <trkpt lat="50.750441" lon="12.487219">
        <ele>257.333813</ele>
        <time>2025-06-13T15:42:24.530Z</time>
      </trkpt>
      <trkpt lat="50.750873" lon="12.485902">
        <ele>256.919421</ele>
        <time>2025-06-13T15:42:37.802Z</time>
      </trkpt>
      <trkpt lat="50.751022" lon="12.485511">
        <ele>256.763836</ele>
        <time>2025-06-13T15:42:41.805Z</time>
      </trkpt>
      <trkpt lat="50.751569" lon="12.484823">
        <ele>256.387219</ele>
        <time>2025-06-13T15:42:51.458Z</time>
      </trkpt>
      <trkpt lat="50.751901" lon="12.484454">
        <ele>256.165679</ele>
        <time>2025-06-13T15:42:57.049Z</time>
      </trkpt>
      <trkpt lat="50.752406" lon="12.483985">
        <ele>255.841973</ele>
        <time>2025-06-13T15:43:05.201Z</time>
      </trkpt>
      <trkpt lat="50.753349" lon="12.483357">
        <ele>255.277450</ele>
        <time>2025-06-13T15:43:19.526Z</time>
      </trkpt>
      <trkpt lat="50.754809" lon="12.482694">
        <ele>254.525591</ele>
        <time>2025-06-13T15:43:40.706Z</time>
      </trkpt>
      <trkpt lat="50.755200" lon="12.482365">
        <ele>254.463452</ele>
        <time>2025-06-13T15:43:47.031Z</time>
      </trkpt>
      <trkpt lat="50.755775" lon="12.481569">
        <ele>254.749279</ele>
        <time>2025-06-13T15:43:58.270Z</time>
      </trkpt>
      <trkpt lat="50.756253" lon="12.480644">
        <ele>255.031835</ele>
        <time>2025-06-13T15:44:11.267Z</time>
      </trkpt>
      <trkpt lat="50.756443" lon="12.480460">
        <ele>255.173878</ele>
        <time>2025-06-13T15:44:15.504Z</time>
      </trkpt>
      <trkpt lat="50.756448" lon="12.480426">
        <ele>255.192517</ele>
        <time>2025-06-13T15:44:15.934Z</time>
      </trkpt>
      <trkpt lat="50.756448" lon="12.480247">
        <ele>255.288097</ele>
        <time>2025-06-13T15:44:17.980Z</time>
      </trkpt>
      <trkpt lat="50.756449" lon="12.480197">
        <ele>255.314808</ele>
        <time>2025-06-13T15:44:18.528Z</time>
      </trkpt>
      <trkpt lat="50.756866" lon="12.479447">
        <ele>255.847970</ele>
        <time>2025-06-13T15:44:29.800Z</time>
      </trkpt>
      <trkpt lat="50.757186" lon="12.479102">
        <ele>256.174908</ele>
        <time>2025-06-13T15:44:36.467Z</time>
      </trkpt>
      <trkpt lat="50.757382" lon="12.478943">
        <ele>256.360855</ele>
        <time>2025-06-13T15:44:39.735Z</time>
      </trkpt>
      <trkpt lat="50.757582" lon="12.478825">
        <ele>256.541041</ele>
        <time>2025-06-13T15:44:42.583Z</time>
      </trkpt>
      <trkpt lat="50.757799" lon="12.478755">
        <ele>256.428857</ele>
        <time>2025-06-13T15:44:45.358Z</time>
      </trkpt>
      <trkpt lat="50.758066" lon="12.478731">
        <ele>256.176981</ele>
        <time>2025-06-13T15:44:48.518Z</time>
      </trkpt>
      <trkpt lat="50.758357" lon="12.478905">
        <ele>255.883957</ele>
        <time>2025-06-13T15:44:52.125Z</time>
      </trkpt>
      <trkpt lat="50.758504" lon="12.478993">
        <ele>255.735912</ele>
        <time>2025-06-13T15:44:53.941Z</time>
      </trkpt>
      <trkpt lat="50.758670" lon="12.479042">
        <ele>255.576866</ele>
        <time>2025-06-13T15:44:55.887Z</time>
      </trkpt>
      <trkpt lat="50.759019" lon="12.478956">
        <ele>255.244196</ele>
        <time>2025-06-13T15:44:59.967Z</time>
      </trkpt>
      <trkpt lat="50.759264" lon="12.478820">
        <ele>254.999634</ele>
        <time>2025-06-13T15:45:02.991Z</time>
      </trkpt>
      <trkpt lat="50.760195" lon="12.478162">
        <ele>254.210092</ele>
        <time>2025-06-13T15:45:15.435Z</time>
      </trkpt>
      <trkpt lat="50.760557" lon="12.477969">
        <ele>253.922353</ele>
        <time>2025-06-13T15:45:20.078Z</time>
      </trkpt>
      <trkpt lat="50.761345" lon="12.477698">
        <ele>253.757933</ele>
        <time>2025-06-13T15:45:29.989Z</time>
      </trkpt>
      <trkpt lat="50.762089" lon="12.477591">
        <ele>254.313381</ele>
        <time>2025-06-13T15:45:40.794Z</time>
      </trkpt>
      <trkpt lat="50.762489" lon="12.477615">
        <ele>254.610995</ele>
        <time>2025-06-13T15:45:47.952Z</time>
      </trkpt>
      <trkpt lat="50.762625" lon="12.477551">
        <ele>254.716496</ele>
        <time>2025-06-13T15:45:50.650Z</time>
      </trkpt>
      <trkpt lat="50.762790" lon="12.477194">
        <ele>254.972464</ele>
        <time>2025-06-13T15:45:56.092Z</time>
      </trkpt>
      <trkpt lat="50.762849" lon="12.477013">
        <ele>255.161596</ele>
        <time>2025-06-13T15:45:58.647Z</time>
      </trkpt>
      <trkpt lat="50.763397" lon="12.476880">
        <ele>255.975737</ele>
        <time>2025-06-13T15:46:09.603Z</time>
      </trkpt>
      <trkpt lat="50.763784" lon="12.476785">
        <ele>256.550838</ele>
        <time>2025-06-13T15:46:16.964Z</time>
      </trkpt>
      <trkpt lat="50.764326" lon="12.476892">
        <ele>257.352922</ele>
        <time>2025-06-13T15:46:25.648Z</time>
      </trkpt>
      <trkpt lat="50.765557" lon="12.477460">
        <ele>258.012622</ele>
        <time>2025-06-13T15:46:44.161Z</time>
      </trkpt>
      <trkpt lat="50.766199" lon="12.477866">
        <ele>258.254529</ele>
        <time>2025-06-13T15:46:54.441Z</time>
      </trkpt>
      <trkpt lat="50.766310" lon="12.477827">
        <ele>258.211697</ele>
        <time>2025-06-13T15:46:56.081Z</time>
      </trkpt>
      <trkpt lat="50.766495" lon="12.477388">
        <ele>258.086020</ele>
        <time>2025-06-13T15:47:00.782Z</time>
      </trkpt>
      <trkpt lat="50.766579" lon="12.477320">
        <ele>258.050472</ele>
        <time>2025-06-13T15:47:02.071Z</time>
      </trkpt>
      <trkpt lat="50.766669" lon="12.477321">
        <ele>258.016570</ele>
        <time>2025-06-13T15:47:03.262Z</time>
      </trkpt>
      <trkpt lat="50.767588" lon="12.477645">
        <ele>257.661901</ele>
        <time>2025-06-13T15:47:14.715Z</time>
      </trkpt>
      <trkpt lat="50.768333" lon="12.477761">
        <ele>257.352542</ele>
        <time>2025-06-13T15:47:23.650Z</time>
      </trkpt>
      <trkpt lat="50.769222" lon="12.477747">
        <ele>256.976203</ele>
        <time>2025-06-13T15:47:35.095Z</time>
      </trkpt>
      <trkpt lat="50.769421" lon="12.477745">
        <ele>256.891963</ele>
        <time>2025-06-13T15:47:38.033Z</time>
      </trkpt>
      <trkpt lat="50.770752" lon="12.477929">
        <ele>255.897006</ele>
        <time>2025-06-13T15:47:55.497Z</time>
      </trkpt>
      <trkpt lat="50.771572" lon="12.478961">
        <ele>254.510860</ele>
        <time>2025-06-13T15:48:15.979Z</time>
      </trkpt>
      <trkpt lat="50.771775" lon="12.479143">
        <ele>254.040802</ele>
        <time>2025-06-13T15:48:20.394Z</time>
      </trkpt>
      <trkpt lat="50.771870" lon="12.479294">
        <ele>253.769475</ele>
        <time>2025-06-13T15:48:22.945Z</time>
      </trkpt>
      <trkpt lat="50.772033" lon="12.479648">
        <ele>253.211661</ele>
        <time>2025-06-13T15:48:28.250Z</time>
      </trkpt>
      <trkpt lat="50.772155" lon="12.480023">
        <ele>252.674460</ele>
        <time>2025-06-13T15:48:33.445Z</time>
      </trkpt>
      <trkpt lat="50.772339" lon="12.480452">
        <ele>252.014147</ele>
        <time>2025-06-13T15:48:39.926Z</time>
      </trkpt>
      <trkpt lat="50.772454" lon="12.480849">
        <ele>251.667297</ele>
        <time>2025-06-13T15:48:45.483Z</time>
      </trkpt>
      <trkpt lat="50.772637" lon="12.481321">
        <ele>251.371725</ele>
        <time>2025-06-13T15:48:52.643Z</time>
      </trkpt>
      <trkpt lat="50.773329" lon="12.483521">
        <ele>250.321244</ele>
        <time>2025-06-13T15:49:25.642Z</time>
      </trkpt>
      <trkpt lat="50.773499" lon="12.483928">
        <ele>250.344323</ele>
        <time>2025-06-13T15:49:32.377Z</time>
      </trkpt>
      <trkpt lat="50.773689" lon="12.484283">
        <ele>250.366329</ele>
        <time>2025-06-13T15:49:38.880Z</time>
      </trkpt>
      <trkpt lat="50.774171" lon="12.484422">
        <ele>250.402989</ele>
        <time>2025-06-13T15:49:50.138Z</time>
      </trkpt>
      <trkpt lat="50.774476" lon="12.484390">
        <ele>250.425860</ele>
        <time>2025-06-13T15:49:57.441Z</time>
      </trkpt>
      <trkpt lat="50.775399" lon="12.483585">
        <ele>250.891390</ele>
        <time>2025-06-13T15:50:23.375Z</time>
      </trkpt>
      <trkpt lat="50.775779" lon="12.483403">
        <ele>251.084783</ele>
        <time>2025-06-13T15:50:33.047Z</time>
      </trkpt>
      <trkpt lat="50.776253" lon="12.483328">
        <ele>251.310209</ele>
        <time>2025-06-13T15:50:44.069Z</time>
      </trkpt>
      <trkpt lat="50.776532" lon="12.483349">
        <ele>251.300852</ele>
        <time>2025-06-13T15:50:50.148Z</time>
      </trkpt>
      <trkpt lat="50.776945" lon="12.483542">
        <ele>251.286425</ele>
        <time>2025-06-13T15:50:59.177Z</time>
      </trkpt>
      <trkpt lat="50.777237" lon="12.483810">
        <ele>251.275114</ele>
        <time>2025-06-13T15:51:06.315Z</time>
      </trkpt>
      <trkpt lat="50.777658" lon="12.484720">
        <ele>251.251229</ele>
        <time>2025-06-13T15:51:22.404Z</time>
      </trkpt>
      <trkpt lat="50.777736" lon="12.484596">
        <ele>251.399507</ele>
        <time>2025-06-13T15:51:25.140Z</time>
      </trkpt>
      <trkpt lat="50.778224" lon="12.483824">
        <ele>252.607523</ele>
        <time>2025-06-13T15:51:43.615Z</time>
      </trkpt>
      <trkpt lat="50.778607" lon="12.483938">
        <ele>253.289588</ele>
        <time>2025-06-13T15:51:51.995Z</time>
      </trkpt>
      <trkpt lat="50.779159" lon="12.483768">
        <ele>254.273802</ele>
        <time>2025-06-13T15:52:04.009Z</time>
      </trkpt>
      <trkpt lat="50.779264" lon="12.483424">
        <ele>254.491845</ele>
        <time>2025-06-13T15:52:08.705Z</time>
      </trkpt>
      <trkpt lat="50.779358" lon="12.483212">
        <ele>254.581778</ele>
        <time>2025-06-13T15:52:11.724Z</time>
      </trkpt>
      <trkpt lat="50.779440" lon="12.483122">
        <ele>254.636605</ele>
        <time>2025-06-13T15:52:13.458Z</time>
      </trkpt>
      <trkpt lat="50.779675" lon="12.483107">
        <ele>254.765796</ele>
        <time>2025-06-13T15:52:17.439Z</time>
      </trkpt>
      <trkpt lat="50.779750" lon="12.482989">
        <ele>254.823908</ele>
        <time>2025-06-13T15:52:19.131Z</time>
      </trkpt>
      <trkpt lat="50.779783" lon="12.482998">
        <ele>254.842302</ele>
        <time>2025-06-13T15:52:19.671Z</time>
      </trkpt>
      <trkpt lat="50.780375" lon="12.482896">
        <ele>255.169413</ele>
        <time>2025-06-13T15:52:28.151Z</time>
      </trkpt>
      <trkpt lat="50.780537" lon="12.483049">
        <ele>255.273059</ele>
        <time>2025-06-13T15:52:30.672Z</time>
      </trkpt>
      <trkpt lat="50.781119" lon="12.482888">
        <ele>255.111523</ele>
        <time>2025-06-13T15:52:38.264Z</time>
      </trkpt>
      <trkpt lat="50.781651" lon="12.482810">
        <ele>254.730143</ele>
        <time>2025-06-13T15:52:46.958Z</time>
      </trkpt>
      <trkpt lat="50.781922" lon="12.482687">
        <ele>254.528891</ele>
        <time>2025-06-13T15:52:51.570Z</time>
      </trkpt>
      <trkpt lat="50.781992" lon="12.482620">
        <ele>254.470486</ele>
        <time>2025-06-13T15:52:53.302Z</time>
      </trkpt>
      <trkpt lat="50.782114" lon="12.482993">
        <ele>254.280950</ele>
        <time>2025-06-13T15:52:56.715Z</time>
      </trkpt>
      <trkpt lat="50.782217" lon="12.483282">
        <ele>254.131222</ele>
        <time>2025-06-13T15:52:59.416Z</time>
      </trkpt>
      <trkpt lat="50.782961" lon="12.484556">
        <ele>252.917661</ele>
        <time>2025-06-13T15:53:13.222Z</time>
      </trkpt>
      <trkpt lat="50.782948" lon="12.484695">
        <ele>252.818000</ele>
        <time>2025-06-13T15:53:14.313Z</time>
      </trkpt>
      <trkpt lat="50.782866" lon="12.484804">
        <ele>252.697840</ele>
        <time>2025-06-13T15:53:15.618Z</time>
      </trkpt>
      <trkpt lat="50.782994" lon="12.485169">
        <ele>252.401803</ele>
        <time>2025-06-13T15:53:18.666Z</time>
      </trkpt>
      <trkpt lat="50.783112" lon="12.485826">
        <ele>251.867200</ele>
        <time>2025-06-13T15:53:23.576Z</time>
      </trkpt>
      <trkpt lat="50.783231" lon="12.486643">
        <ele>251.094119</ele>
        <time>2025-06-13T15:53:29.528Z</time>
      </trkpt>
      <trkpt lat="50.783158" lon="12.486710">
        <ele>250.971028</ele>
        <time>2025-06-13T15:53:30.472Z</time>
      </trkpt>
      <trkpt lat="50.783215" lon="12.487189">
        <ele>250.521592</ele>
        <time>2025-06-13T15:53:33.919Z</time>
      </trkpt>
      <trkpt lat="50.783352" lon="12.489324">
        <ele>249.023327</ele>
        <time>2025-06-13T15:53:49.858Z</time>
      </trkpt>
      <trkpt lat="50.783372" lon="12.489683">
        <ele>248.864838</ele>
        <time>2025-06-13T15:53:52.735Z</time>
      </trkpt>
      <trkpt lat="50.783432" lon="12.490130">
        <ele>248.663880</ele>
        <time>2025-06-13T15:53:56.361Z</time>
      </trkpt>
      <trkpt lat="50.783523" lon="12.490571">
        <ele>248.459875</ele>
        <time>2025-06-13T15:54:00.066Z</time>
      </trkpt>
      <trkpt lat="50.783795" lon="12.491351">
        <ele>248.088636</ele>
        <time>2025-06-13T15:54:07.260Z</time>
      </trkpt>
      <trkpt lat="50.783787" lon="12.491468">
        <ele>248.044340</ele>
        <time>2025-06-13T15:54:08.313Z</time>
      </trkpt>
      <trkpt lat="50.783829" lon="12.491656">
        <ele>247.969289</ele>
        <time>2025-06-13T15:54:10.082Z</time>
      </trkpt>
      <trkpt lat="50.784126" lon="12.492408">
        <ele>247.635547</ele>
        <time>2025-06-13T15:54:17.803Z</time>
      </trkpt>
      <trkpt lat="50.784237" lon="12.492595">
        <ele>247.539000</ele>
        <time>2025-06-13T15:54:20.015Z</time>
      </trkpt>
      <trkpt lat="50.784332" lon="12.492847">
        <ele>247.428566</ele>
        <time>2025-06-13T15:54:22.544Z</time>
      </trkpt>
      <trkpt lat="50.784338" lon="12.492966">
        <ele>247.383632</ele>
        <time>2025-06-13T15:54:23.579Z</time>
      </trkpt>
      <trkpt lat="50.784491" lon="12.493430">
        <ele>247.186657</ele>
        <time>2025-06-13T15:54:28.177Z</time>
      </trkpt>
      <trkpt lat="50.784844" lon="12.494500">
        <ele>246.801039</ele>
        <time>2025-06-13T15:54:38.814Z</time>
      </trkpt>
      <trkpt lat="50.784874" lon="12.494662">
        <ele>246.748215</ele>
        <time>2025-06-13T15:54:40.306Z</time>
      </trkpt>
      <trkpt lat="50.784900" lon="12.495087">
        <ele>246.614598</ele>
        <time>2025-06-13T15:54:44.076Z</time>
      </trkpt>
      <trkpt lat="50.784824" lon="12.495561">
        <ele>246.461574</ele>
        <time>2025-06-13T15:54:48.403Z</time>
      </trkpt>
      <trkpt lat="50.784641" lon="12.496087">
        <ele>246.273697</ele>
        <time>2025-06-13T15:54:53.759Z</time>
      </trkpt>
      <trkpt lat="50.784520" lon="12.496265">
        <ele>246.249485</ele>
        <time>2025-06-13T15:54:56.109Z</time>
      </trkpt>
      <trkpt lat="50.784036" lon="12.496907">
        <ele>246.250355</ele>
        <time>2025-06-13T15:55:05.339Z</time>
      </trkpt>
      <trkpt lat="50.783112" lon="12.497991">
        <ele>246.250209</ele>
        <time>2025-06-13T15:55:23.047Z</time>
      </trkpt>
      <trkpt lat="50.782892" lon="12.498292">
        <ele>246.245551</ele>
        <time>2025-06-13T15:55:27.501Z</time>
      </trkpt>
      <trkpt lat="50.782641" lon="12.498640">
        <ele>246.240206</ele>
        <time>2025-06-13T15:55:32.525Z</time>
      </trkpt>
      <trkpt lat="50.782496" lon="12.499024">
        <ele>246.235678</ele>
        <time>2025-06-13T15:55:36.727Z</time>
      </trkpt>
      <trkpt lat="50.782451" lon="12.499314">
        <ele>246.232655</ele>
        <time>2025-06-13T15:55:39.501Z</time>
      </trkpt>
      <trkpt lat="50.782444" lon="12.499619">
        <ele>246.229565</ele>
        <time>2025-06-13T15:55:42.326Z</time>
      </trkpt>
      <trkpt lat="50.782471" lon="12.499903">
        <ele>246.226657</ele>
        <time>2025-06-13T15:55:44.963Z</time>
      </trkpt>
      <trkpt lat="50.782550" lon="12.500229">
        <ele>246.223123</ele>
        <time>2025-06-13T15:55:48.177Z</time>
      </trkpt>
      <trkpt lat="50.782723" lon="12.500599">
        <ele>246.173747</ele>
        <time>2025-06-13T15:55:52.397Z</time>
      </trkpt>
      <trkpt lat="50.783500" lon="12.501672">
        <ele>245.994437</ele>
        <time>2025-06-13T15:56:07.363Z</time>
      </trkpt>
      <trkpt lat="50.784337" lon="12.502651">
        <ele>245.820219</ele>
        <time>2025-06-13T15:56:22.492Z</time>
      </trkpt>
      <trkpt lat="50.785188" lon="12.503656">
        <ele>245.648455</ele>
        <time>2025-06-13T15:56:37.959Z</time>
      </trkpt>
      <trkpt lat="50.786053" lon="12.504539">
        <ele>245.459626</ele>
        <time>2025-06-13T15:56:52.823Z</time>
      </trkpt>
      <trkpt lat="50.786907" lon="12.505171">
        <ele>245.282375</ele>
        <time>2025-06-13T15:57:06.509Z</time>
      </trkpt>
      <trkpt lat="50.787122" lon="12.505479">
        <ele>245.247772</ele>
        <time>2025-06-13T15:57:10.315Z</time>
      </trkpt>
      <trkpt lat="50.787334" lon="12.505624">
        <ele>245.220538</ele>
        <time>2025-06-13T15:57:13.349Z</time>
      </trkpt>
      <trkpt lat="50.787457" lon="12.505584">
        <ele>245.205731</ele>
        <time>2025-06-13T15:57:16.122Z</time>
      </trkpt>
      <trkpt lat="50.787539" lon="12.505702">
        <ele>245.192660</ele>
        <time>2025-06-13T15:57:18.584Z</time>
      </trkpt>
      <trkpt lat="50.787698" lon="12.505794">
        <ele>245.172697</ele>
        <time>2025-06-13T15:57:20.833Z</time>
      </trkpt>
      <trkpt lat="50.789040" lon="12.506286">
        <ele>244.867416</ele>
        <time>2025-06-13T15:57:38.958Z</time>
      </trkpt>
      <trkpt lat="50.789251" lon="12.506241">
        <ele>244.781484</ele>
        <time>2025-06-13T15:57:41.666Z</time>
      </trkpt>
      <trkpt lat="50.789328" lon="12.506292">
        <ele>244.747792</ele>
        <time>2025-06-13T15:57:42.728Z</time>
      </trkpt>
      <trkpt lat="50.789479" lon="12.506407">
        <ele>244.680151</ele>
        <time>2025-06-13T15:57:44.837Z</time>
      </trkpt>
      <trkpt lat="50.789602" lon="12.506500">
        <ele>244.625128</ele>
        <time>2025-06-13T15:57:46.542Z</time>
      </trkpt>
      <trkpt lat="50.789839" lon="12.506605">
        <ele>244.525792</ele>
        <time>2025-06-13T15:57:49.983Z</time>
      </trkpt>
      <trkpt lat="50.790204" lon="12.507001">
        <ele>244.347156</ele>
        <time>2025-06-13T15:57:56.103Z</time>
      </trkpt>
      <trkpt lat="50.790585" lon="12.507518">
        <ele>244.163097</ele>
        <time>2025-06-13T15:58:02.982Z</time>
      </trkpt>
      <trkpt lat="50.790887" lon="12.508000">
        <ele>244.006103</ele>
        <time>2025-06-13T15:58:08.997Z</time>
      </trkpt>
      <trkpt lat="50.791089" lon="12.508270">
        <ele>243.909326</ele>
        <time>2025-06-13T15:58:12.810Z</time>
      </trkpt>
      <trkpt lat="50.791305" lon="12.508451">
        <ele>243.819875</ele>
        <time>2025-06-13T15:58:16.371Z</time>
      </trkpt>
      <trkpt lat="50.791522" lon="12.508522">
        <ele>243.738783</ele>
        <time>2025-06-13T15:58:19.612Z</time>
      </trkpt>
      <trkpt lat="50.791731" lon="12.508548">
        <ele>243.683677</ele>
        <time>2025-06-13T15:58:22.708Z</time>
      </trkpt>
      <trkpt lat="50.791975" lon="12.508392">
        <ele>243.677887</ele>
        <time>2025-06-13T15:58:26.629Z</time>
      </trkpt>
      <trkpt lat="50.792037" lon="12.508326">
        <ele>243.676243</ele>
        <time>2025-06-13T15:58:27.744Z</time>
      </trkpt>
      <trkpt lat="50.792207" lon="12.508128">
        <ele>243.671599</ele>
        <time>2025-06-13T15:58:30.918Z</time>
      </trkpt>
      <trkpt lat="50.793603" lon="12.505486">
        <ele>243.613278</ele>
        <time>2025-06-13T15:59:03.073Z</time>
      </trkpt>
      <trkpt lat="50.794296" lon="12.504288">
        <ele>243.541499</ele>
        <time>2025-06-13T15:59:18.224Z</time>
      </trkpt>
      <trkpt lat="50.795060" lon="12.503313">
        <ele>243.336563</ele>
        <time>2025-06-13T15:59:32.612Z</time>
      </trkpt>
      <trkpt lat="50.795123" lon="12.503281">
        <ele>243.322748</ele>
        <time>2025-06-13T15:59:33.555Z</time>
      </trkpt>
      <trkpt lat="50.795504" lon="12.503082">
        <ele>243.238980</ele>
        <time>2025-06-13T15:59:39.261Z</time>
      </trkpt>
      <trkpt lat="50.795883" lon="12.502976">
        <ele>243.160306</ele>
        <time>2025-06-13T15:59:44.688Z</time>
      </trkpt>
      <trkpt lat="50.796343" lon="12.503054">
        <ele>243.066790</ele>
        <time>2025-06-13T15:59:51.241Z</time>
      </trkpt>
      <trkpt lat="50.796869" lon="12.503255">
        <ele>242.957408</ele>
        <time>2025-06-13T15:59:59.017Z</time>
      </trkpt>
      <trkpt lat="50.797381" lon="12.503524">
        <ele>242.848356</ele>
        <time>2025-06-13T16:00:07.038Z</time>
      </trkpt>
      <trkpt lat="50.797835" lon="12.503938">
        <ele>242.907652</ele>
        <time>2025-06-13T16:00:15.105Z</time>
      </trkpt>
      <trkpt lat="50.798409" lon="12.504552">
        <ele>242.987071</ele>
        <time>2025-06-13T16:00:25.761Z</time>
      </trkpt>
      <trkpt lat="50.799080" lon="12.505454">
        <ele>243.034246</ele>
        <time>2025-06-13T16:00:39.009Z</time>
      </trkpt>
      <trkpt lat="50.799346" lon="12.505899">
        <ele>243.008401</ele>
        <time>2025-06-13T16:00:44.717Z</time>
      </trkpt>
      <trkpt lat="50.799402" lon="12.505906">
        <ele>243.004651</ele>
        <time>2025-06-13T16:00:45.953Z</time>
      </trkpt>
      <trkpt lat="50.799518" lon="12.505998">
        <ele>242.995988</ele>
        <time>2025-06-13T16:00:48.839Z</time>
      </trkpt>
      <trkpt lat="50.799540" lon="12.506137">
        <ele>242.989942</ele>
        <time>2025-06-13T16:00:50.062Z</time>
      </trkpt>
      <trkpt lat="50.799790" lon="12.506968">
        <ele>242.951107</ele>
        <time>2025-06-13T16:00:57.801Z</time>
      </trkpt>
      <trkpt lat="50.799852" lon="12.507302">
        <ele>242.936418</ele>
        <time>2025-06-13T16:01:00.655Z</time>
      </trkpt>
      <trkpt lat="50.799913" lon="12.507879">
        <ele>242.772265</ele>
        <time>2025-06-13T16:01:05.347Z</time>
      </trkpt>
      <trkpt lat="50.799970" lon="12.508252">
        <ele>242.654412</ele>
        <time>2025-06-13T16:01:08.378Z</time>
      </trkpt>
      <trkpt lat="50.800415" lon="12.509766">
        <ele>242.141629</ele>
        <time>2025-06-13T16:01:21.507Z</time>
      </trkpt>
      <trkpt lat="50.800494" lon="12.510145">
        <ele>242.072325</ele>
        <time>2025-06-13T16:01:24.640Z</time>
      </trkpt>
      <trkpt lat="50.800529" lon="12.510666">
        <ele>242.120949</ele>
        <time>2025-06-13T16:01:28.809Z</time>
      </trkpt>
      <trkpt lat="50.800539" lon="12.510753">
        <ele>242.129156</ele>
        <time>2025-06-13T16:01:29.522Z</time>
      </trkpt>
      <trkpt lat="50.801025" lon="12.512191">
        <ele>242.280491</ele>
        <time>2025-06-13T16:01:43.335Z</time>
      </trkpt>
      <trkpt lat="50.801048" lon="12.512243">
        <ele>242.286381</ele>
        <time>2025-06-13T16:01:43.919Z</time>
      </trkpt>
      <trkpt lat="50.800294" lon="12.513279">
        <ele>243.362622</ele>
        <time>2025-06-13T16:02:01.376Z</time>
      </trkpt>
      <trkpt lat="50.799983" lon="12.513859">
        <ele>244.035557</ele>
        <time>2025-06-13T16:02:10.493Z</time>
      </trkpt>
      <trkpt lat="50.799769" lon="12.514560">
        <ele>244.724311</ele>
        <time>2025-06-13T16:02:19.293Z</time>
      </trkpt>
      <trkpt lat="50.799821" lon="12.514603">
        <ele>244.806444</ele>
        <time>2025-06-13T16:02:20.260Z</time>
      </trkpt>
      <trkpt lat="50.799930" lon="12.514689">
        <ele>244.872042</ele>
        <time>2025-06-13T16:02:22.389Z</time>
      </trkpt>
      <trkpt lat="50.800133" lon="12.514727">
        <ele>244.935972</ele>
        <time>2025-06-13T16:02:26.099Z</time>
      </trkpt>
      <trkpt lat="50.800422" lon="12.514672">
        <ele>245.027007</ele>
        <time>2025-06-13T16:02:31.185Z</time>
      </trkpt>
      <trkpt lat="50.800964" lon="12.514386">
        <ele>245.205692</ele>
        <time>2025-06-13T16:02:39.613Z</time>
      </trkpt>
      <trkpt lat="50.801258" lon="12.514315">
        <ele>245.298704</ele>
        <time>2025-06-13T16:02:43.816Z</time>
      </trkpt>
      <trkpt lat="50.801753" lon="12.514358">
        <ele>245.383305</ele>
        <time>2025-06-13T16:02:51.021Z</time>
      </trkpt>
      <trkpt lat="50.802042" lon="12.514485">
        <ele>245.343265</ele>
        <time>2025-06-13T16:02:55.370Z</time>
      </trkpt>
      <trkpt lat="50.802422" lon="12.514280">
        <ele>245.289670</ele>
        <time>2025-06-13T16:03:01.565Z</time>
      </trkpt>
      <trkpt lat="50.802875" lon="12.513967">
        <ele>245.223682</ele>
        <time>2025-06-13T16:03:09.355Z</time>
      </trkpt>
      <trkpt lat="50.803237" lon="12.514009">
        <ele>245.175227</ele>
        <time>2025-06-13T16:03:14.455Z</time>
      </trkpt>
      <trkpt lat="50.803321" lon="12.514295">
        <ele>245.026863</ele>
        <time>2025-06-13T16:03:17.172Z</time>
      </trkpt>
      <trkpt lat="50.803509" lon="12.514651">
        <ele>244.683178</ele>
        <time>2025-06-13T16:03:21.123Z</time>
      </trkpt>
      <trkpt lat="50.803635" lon="12.514772">
        <ele>244.510407</ele>
        <time>2025-06-13T16:03:23.112Z</time>
      </trkpt>
      <trkpt lat="50.804116" lon="12.514994">
        <ele>243.923078</ele>
        <time>2025-06-13T16:03:29.793Z</time>
      </trkpt>
      <trkpt lat="50.804274" lon="12.515117">
        <ele>243.716668</ele>
        <time>2025-06-13T16:03:32.049Z</time>
      </trkpt>
      <trkpt lat="50.804449" lon="12.515368">
        <ele>243.439801</ele>
        <time>2025-06-13T16:03:34.960Z</time>
      </trkpt>
      <trkpt lat="50.805734" lon="12.515394">
        <ele>241.916332</ele>
        <time>2025-06-13T16:03:51.457Z</time>
      </trkpt>
      <trkpt lat="50.806236" lon="12.515445">
        <ele>241.317711</ele>
        <time>2025-06-13T16:03:58.214Z</time>
      </trkpt>
      <trkpt lat="50.806965" lon="12.515617">
        <ele>240.743392</ele>
        <time>2025-06-13T16:04:08.395Z</time>
      </trkpt>
      <trkpt lat="50.807620" lon="12.515925">
        <ele>240.448752</ele>
        <time>2025-06-13T16:04:18.068Z</time>
      </trkpt>
      <trkpt lat="50.809709" lon="12.517063">
        <ele>239.674057</ele>
        <time>2025-06-13T16:04:49.950Z</time>
      </trkpt>
      <trkpt lat="50.810341" lon="12.517358">
        <ele>239.222630</ele>
        <time>2025-06-13T16:04:59.179Z</time>
      </trkpt>
      <trkpt lat="50.810840" lon="12.517528">
        <ele>238.708172</ele>
        <time>2025-06-13T16:05:05.985Z</time>
      </trkpt>
      <trkpt lat="50.811076" lon="12.517535">
        <ele>238.470269</ele>
        <time>2025-06-13T16:05:09.072Z</time>
      </trkpt>
      <trkpt lat="50.811461" lon="12.517546">
        <ele>238.082170</ele>
        <time>2025-06-13T16:05:14.076Z</time>
      </trkpt>
      <trkpt lat="50.811955" lon="12.517497">
        <ele>237.698670</ele>
        <time>2025-06-13T16:05:20.537Z</time>
      </trkpt>
      <trkpt lat="50.812307" lon="12.517414">
        <ele>237.566647</ele>
        <time>2025-06-13T16:05:25.298Z</time>
      </trkpt>
      <trkpt lat="50.812992" lon="12.517088">
        <ele>237.301292</ele>
        <time>2025-06-13T16:05:35.448Z</time>
      </trkpt>
      <trkpt lat="50.813959" lon="12.516568">
        <ele>237.284624</ele>
        <time>2025-06-13T16:05:51.961Z</time>
      </trkpt>
      <trkpt lat="50.814371" lon="12.516500">
        <ele>237.446835</ele>
        <time>2025-06-13T16:05:58.770Z</time>
      </trkpt>
      <trkpt lat="50.814724" lon="12.516386">
        <ele>237.587915</ele>
        <time>2025-06-13T16:06:04.555Z</time>
      </trkpt>
      <trkpt lat="50.814819" lon="12.516325">
        <ele>237.628061</ele>
        <time>2025-06-13T16:06:06.186Z</time>
      </trkpt>
      <trkpt lat="50.815002" lon="12.516110">
        <ele>237.717308</ele>
        <time>2025-06-13T16:06:09.788Z</time>
      </trkpt>
      <trkpt lat="50.815318" lon="12.516097">
        <ele>237.808214</ele>
        <time>2025-06-13T16:06:15.583Z</time>
      </trkpt>
      <trkpt lat="50.815452" lon="12.516146">
        <ele>237.815635</ele>
        <time>2025-06-13T16:06:18.700Z</time>
      </trkpt>
      <trkpt lat="50.815546" lon="12.516253">
        <ele>237.821883</ele>
        <time>2025-06-13T16:06:21.307Z</time>
      </trkpt>
      <trkpt lat="50.816052" lon="12.516349">
        <ele>237.849381</ele>
        <time>2025-06-13T16:06:32.660Z</time>
      </trkpt>
      <trkpt lat="50.816079" lon="12.516349">
        <ele>237.850838</ele>
        <time>2025-06-13T16:06:33.049Z</time>
      </trkpt>
      <trkpt lat="50.816617" lon="12.516500">
        <ele>237.880321</ele>
        <time>2025-06-13T16:06:41.149Z</time>
      </trkpt>
      <trkpt lat="50.817158" lon="12.516741">
        <ele>237.880641</ele>
        <time>2025-06-13T16:06:49.553Z</time>
      </trkpt>
      <trkpt lat="50.817885" lon="12.517169">
        <ele>237.804401</ele>
        <time>2025-06-13T16:07:01.006Z</time>
      </trkpt>
      <trkpt lat="50.818612" lon="12.517692">
        <ele>237.725911</ele>
        <time>2025-06-13T16:07:12.597Z</time>
      </trkpt>
      <trkpt lat="50.819316" lon="12.518285">
        <ele>237.670467</ele>
        <time>2025-06-13T16:07:24.194Z</time>
      </trkpt>
      <trkpt lat="50.819984" lon="12.518961">
        <ele>237.616154</ele>
        <time>2025-06-13T16:07:35.891Z</time>
      </trkpt>
      <trkpt lat="50.820344" lon="12.519346">
        <ele>237.580634</ele>
        <time>2025-06-13T16:07:42.369Z</time>
      </trkpt>
      <trkpt lat="50.821376" lon="12.520571">
        <ele>237.454912</ele>
        <time>2025-06-13T16:08:01.411Z</time>
      </trkpt>
      <trkpt lat="50.821810" lon="12.521152">
        <ele>237.332481</ele>
        <time>2025-06-13T16:08:09.525Z</time>
      </trkpt>
      <trkpt lat="50.821971" lon="12.521199">
        <ele>237.274072</ele>
        <time>2025-06-13T16:08:11.818Z</time>
      </trkpt>
      <trkpt lat="50.821965" lon="12.521079">
        <ele>237.246941</ele>
        <time>2025-06-13T16:08:12.776Z</time>
      </trkpt>
      <trkpt lat="50.821908" lon="12.519412">
        <ele>236.870675</ele>
        <time>2025-06-13T16:08:26.196Z</time>
      </trkpt>
      <trkpt lat="50.821890" lon="12.519117">
        <ele>236.803878</ele>
        <time>2025-06-13T16:08:28.597Z</time>
      </trkpt>
      <trkpt lat="50.821961" lon="12.519188">
        <ele>236.779569</ele>
        <time>2025-06-13T16:08:29.668Z</time>
      </trkpt>
      <trkpt lat="50.822037" lon="12.519265">
        <ele>236.767400</ele>
        <time>2025-06-13T16:08:30.841Z</time>
      </trkpt>
      <trkpt lat="50.823621" lon="12.521537">
        <ele>236.483458</ele>
        <time>2025-06-13T16:08:58.881Z</time>
      </trkpt>
      <trkpt lat="50.824180" lon="12.522347">
        <ele>236.388475</ele>
        <time>2025-06-13T16:09:08.822Z</time>
      </trkpt>
      <trkpt lat="50.826058" lon="12.525569">
        <ele>235.882019</ele>
        <time>2025-06-13T16:09:45.159Z</time>
      </trkpt>
      <trkpt lat="50.828181" lon="12.529313">
        <ele>234.507976</ele>
        <time>2025-06-13T16:10:25.136Z</time>
      </trkpt>
      <trkpt lat="50.828495" lon="12.529739">
        <ele>234.362574</ele>
        <time>2025-06-13T16:10:30.415Z</time>
      </trkpt>
      <trkpt lat="50.828687" lon="12.530072">
        <ele>234.265461</ele>
        <time>2025-06-13T16:10:34.059Z</time>
      </trkpt>
      <trkpt lat="50.829605" lon="12.532400">
        <ele>233.799466</ele>
        <time>2025-06-13T16:10:56.352Z</time>
      </trkpt>
      <trkpt lat="50.830412" lon="12.534793">
        <ele>233.741603</ele>
        <time>2025-06-13T16:11:18.922Z</time>
      </trkpt>
      <trkpt lat="50.830788" lon="12.536170">
        <ele>233.927107</ele>
        <time>2025-06-13T16:11:32.316Z</time>
      </trkpt>
      <trkpt lat="50.831006" lon="12.536952">
        <ele>234.020020</ele>
        <time>2025-06-13T16:11:40.383Z</time>
      </trkpt>
      <trkpt lat="50.831019" lon="12.537031">
        <ele>234.026851</ele>
        <time>2025-06-13T16:11:41.128Z</time>
      </trkpt>
      <trkpt lat="50.831028" lon="12.537092">
        <ele>234.032092</ele>
        <time>2025-06-13T16:11:41.699Z</time>
      </trkpt>
      <trkpt lat="50.831231" lon="12.537085">
        <ele>234.058992</ele>
        <time>2025-06-13T16:11:44.690Z</time>
      </trkpt>
      <trkpt lat="50.831434" lon="12.537134">
        <ele>234.086195</ele>
        <time>2025-06-13T16:11:47.641Z</time>
      </trkpt>
      <trkpt lat="50.831615" lon="12.537239">
        <ele>234.111732</ele>
        <time>2025-06-13T16:11:50.379Z</time>
      </trkpt>
      <trkpt lat="50.831795" lon="12.537429">
        <ele>234.140392</ele>
        <time>2025-06-13T16:11:53.418Z</time>
      </trkpt>
      <trkpt lat="50.831945" lon="12.537656">
        <ele>234.167881</ele>
        <time>2025-06-13T16:11:56.245Z</time>
      </trkpt>
      <trkpt lat="50.832049" lon="12.537863">
        <ele>234.190012</ele>
        <time>2025-06-13T16:11:58.478Z</time>
      </trkpt>
      <trkpt lat="50.832415" lon="12.538590">
        <ele>234.067573</ele>
        <time>2025-06-13T16:12:05.932Z</time>
      </trkpt>
      <trkpt lat="50.832570" lon="12.538803">
        <ele>233.944619</ele>
        <time>2025-06-13T16:12:08.478Z</time>
      </trkpt>
      <trkpt lat="50.832695" lon="12.538913">
        <ele>233.858944</ele>
        <time>2025-06-13T16:12:10.239Z</time>
      </trkpt>
      <trkpt lat="50.832828" lon="12.539444">
        <ele>233.642807</ele>
        <time>2025-06-13T16:12:14.643Z</time>
      </trkpt>
      <trkpt lat="50.833345" lon="12.540223">
        <ele>233.215250</ele>
        <time>2025-06-13T16:12:23.388Z</time>
      </trkpt>
      <trkpt lat="50.833586" lon="12.540883">
        <ele>233.044726</ele>
        <time>2025-06-13T16:12:29.325Z</time>
      </trkpt>
      <trkpt lat="50.833664" lon="12.541031">
        <ele>233.009646</ele>
        <time>2025-06-13T16:12:30.845Z</time>
      </trkpt>
      <trkpt lat="50.833676" lon="12.541338">
        <ele>232.953670</ele>
        <time>2025-06-13T16:12:33.303Z</time>
      </trkpt>
      <trkpt lat="50.833639" lon="12.541496">
        <ele>232.923004</ele>
        <time>2025-06-13T16:12:34.669Z</time>
      </trkpt>
      <trkpt lat="50.833601" lon="12.542000">
        <ele>232.830632</ele>
        <time>2025-06-13T16:12:38.842Z</time>
      </trkpt>
      <trkpt lat="50.833458" lon="12.542715">
        <ele>232.694145</ele>
        <time>2025-06-13T16:12:45.154Z</time>
      </trkpt>
      <trkpt lat="50.833463" lon="12.542855">
        <ele>232.668626</ele>
        <time>2025-06-13T16:12:46.330Z</time>
      </trkpt>
      <trkpt lat="50.833404" lon="12.542941">
        <ele>232.645519</ele>
        <time>2025-06-13T16:12:51.883Z</time>
      </trkpt>
      <trkpt lat="50.833216" lon="12.543887">
        <ele>232.566444</ele>
        <time>2025-06-13T16:13:35.419Z</time>
      </trkpt>
      <trkpt lat="50.833135" lon="12.543965">
        <ele>232.555354</ele>
        <time>2025-06-13T16:13:42.033Z</time>
      </trkpt>
      <trkpt lat="50.833925" lon="12.546236">
        <ele>232.305613</ele>
        <time>2025-06-13T16:14:10.142Z</time>
      </trkpt>
      <trkpt lat="50.834335" lon="12.548066">
        <ele>232.026495</ele>
        <time>2025-06-13T16:14:30.969Z</time>
      </trkpt>
      <trkpt lat="50.834804" lon="12.549455">
        <ele>232.134482</ele>
        <time>2025-06-13T16:14:49.067Z</time>
      </trkpt>
      <trkpt lat="50.834946" lon="12.549753">
        <ele>232.163940</ele>
        <time>2025-06-13T16:14:53.471Z</time>
      </trkpt>
      <trkpt lat="50.835060" lon="12.549858">
        <ele>232.180418</ele>
        <time>2025-06-13T16:14:55.919Z</time>
      </trkpt>
      <trkpt lat="50.835143" lon="12.549892">
        <ele>232.191130</ele>
        <time>2025-06-13T16:14:57.490Z</time>
      </trkpt>
      <trkpt lat="50.835262" lon="12.549864">
        <ele>232.206162</ele>
        <time>2025-06-13T16:14:59.678Z</time>
      </trkpt>
      <trkpt lat="50.835422" lon="12.549736">
        <ele>232.228560</ele>
        <time>2025-06-13T16:15:02.909Z</time>
      </trkpt>
      <trkpt lat="50.835603" lon="12.549504">
        <ele>232.213814</ele>
        <time>2025-06-13T16:15:07.042Z</time>
      </trkpt>
      <trkpt lat="50.835710" lon="12.549329">
        <ele>232.183326</ele>
        <time>2025-06-13T16:15:09.726Z</time>
      </trkpt>
      <trkpt lat="50.835821" lon="12.549066">
        <ele>232.143734</ele>
        <time>2025-06-13T16:15:13.186Z</time>
      </trkpt>
      <trkpt lat="50.836098" lon="12.548402">
        <ele>232.044131</ele>
        <time>2025-06-13T16:15:21.765Z</time>
      </trkpt>
      <trkpt lat="50.836550" lon="12.547331">
        <ele>231.884861</ele>
        <time>2025-06-13T16:15:35.586Z</time>
      </trkpt>
      <trkpt lat="50.836725" lon="12.546989">
        <ele>231.910726</ele>
        <time>2025-06-13T16:15:40.380Z</time>
      </trkpt>
      <trkpt lat="50.836707" lon="12.546750">
        <ele>231.924870</ele>
        <time>2025-06-13T16:15:43.030Z</time>
      </trkpt>
      <trkpt lat="50.836528" lon="12.546216">
        <ele>231.960394</ele>
        <time>2025-06-13T16:15:49.781Z</time>
      </trkpt>
      <trkpt lat="50.836369" lon="12.545825">
        <ele>231.987721</ele>
        <time>2025-06-13T16:15:53.824Z</time>
      </trkpt>
      <trkpt lat="50.836319" lon="12.545587">
        <ele>232.002459</ele>
        <time>2025-06-13T16:15:56.031Z</time>
      </trkpt>
      <trkpt lat="50.836299" lon="12.545322">
        <ele>232.018142</ele>
        <time>2025-06-13T16:15:58.395Z</time>
      </trkpt>
      <trkpt lat="50.836345" lon="12.544944">
        <ele>232.040762</ele>
        <time>2025-06-13T16:16:01.852Z</time>
      </trkpt>
      <trkpt lat="50.836436" lon="12.544648">
        <ele>232.072249</ele>
        <time>2025-06-13T16:16:04.840Z</time>
      </trkpt>
      <trkpt lat="50.836892" lon="12.544844">
        <ele>232.178895</ele>
        <time>2025-06-13T16:16:16.039Z</time>
      </trkpt>
      <trkpt lat="50.837210" lon="12.545023">
        <ele>232.255069</ele>
        <time>2025-06-13T16:16:23.889Z</time>
      </trkpt>
      <trkpt lat="50.837367" lon="12.545148">
        <ele>232.294732</ele>
        <time>2025-06-13T16:16:27.909Z</time>
      </trkpt>
      <trkpt lat="50.837577" lon="12.545105">
        <ele>232.342524</ele>
        <time>2025-06-13T16:16:32.687Z</time>
      </trkpt>
      <trkpt lat="50.837717" lon="12.544828">
        <ele>232.393094</ele>
        <time>2025-06-13T16:16:37.721Z</time>
      </trkpt>
      <trkpt lat="50.837897" lon="12.544610">
        <ele>232.444242</ele>
        <time>2025-06-13T16:16:42.778Z</time>
      </trkpt>
      <trkpt lat="50.838073" lon="12.544464">
        <ele>232.442666</ele>
        <time>2025-06-13T16:16:47.184Z</time>
      </trkpt>
      <trkpt lat="50.838293" lon="12.544355">
        <ele>232.418104</ele>
        <time>2025-06-13T16:16:52.283Z</time>
      </trkpt>
      <trkpt lat="50.838447" lon="12.544325">
        <ele>232.401572</ele>
        <time>2025-06-13T16:16:55.703Z</time>
      </trkpt>
      <trkpt lat="50.838622" lon="12.544344">
        <ele>232.382882</ele>
        <time>2025-06-13T16:16:59.551Z</time>
      </trkpt>
      <trkpt lat="50.839303" lon="12.544558">
        <ele>232.308907</ele>
        <time>2025-06-13T16:17:14.780Z</time>
      </trkpt>
      <trkpt lat="50.839844" lon="12.544775">
        <ele>232.214597</ele>
        <time>2025-06-13T16:17:27.131Z</time>
      </trkpt>
      <trkpt lat="50.840146" lon="12.544802">
        <ele>232.114157</ele>
        <time>2025-06-13T16:17:33.781Z</time>
      </trkpt>
      <trkpt lat="50.840302" lon="12.544725">
        <ele>232.059898</ele>
        <time>2025-06-13T16:17:37.363Z</time>
      </trkpt>
      <trkpt lat="50.840455" lon="12.544898">
        <ele>231.997472</ele>
        <time>2025-06-13T16:17:39.895Z</time>
      </trkpt>
      <trkpt lat="50.840779" lon="12.545089">
        <ele>231.882674</ele>
        <time>2025-06-13T16:17:44.512Z</time>
      </trkpt>
      <trkpt lat="50.841787" lon="12.545451">
        <ele>231.480645</ele>
        <time>2025-06-13T16:17:58.028Z</time>
      </trkpt>
      <trkpt lat="50.842206" lon="12.545394">
        <ele>231.277426</ele>
        <time>2025-06-13T16:18:03.474Z</time>
      </trkpt>
      <trkpt lat="50.842410" lon="12.545505">
        <ele>231.173191</ele>
        <time>2025-06-13T16:18:06.294Z</time>
      </trkpt>
      <trkpt lat="50.842958" lon="12.546175">
        <ele>230.838646</ele>
        <time>2025-06-13T16:18:15.425Z</time>
      </trkpt>
      <trkpt lat="50.843472" lon="12.547507">
        <ele>230.646053</ele>
        <time>2025-06-13T16:18:28.669Z</time>
      </trkpt>
      <trkpt lat="50.843515" lon="12.549327">
        <ele>230.483925</ele>
        <time>2025-06-13T16:18:44.602Z</time>
      </trkpt>
      <trkpt lat="50.843571" lon="12.552587">
        <ele>230.361669</ele>
        <time>2025-06-13T16:19:13.000Z</time>
      </trkpt>
      <trkpt lat="50.843518" lon="12.555595">
        <ele>230.300156</ele>
        <time>2025-06-13T16:19:38.980Z</time>
      </trkpt>
      <trkpt lat="50.843515" lon="12.556328">
        <ele>230.363674</ele>
        <time>2025-06-13T16:19:46.150Z</time>
      </trkpt>
      <trkpt lat="50.843536" lon="12.556592">
        <ele>230.386731</ele>
        <time>2025-06-13T16:19:48.694Z</time>
      </trkpt>
      <trkpt lat="50.843536" lon="12.556592">
        <ele>230.386731</ele>
        <time>2025-06-13T16:19:48.696Z</time>
      </trkpt>
      <trkpt lat="50.843657" lon="12.556669">
        <ele>230.404626</ele>
        <time>2025-06-13T16:19:50.657Z</time>
      </trkpt>
      <trkpt lat="50.844124" lon="12.556422">
        <ele>230.423110</ele>
        <time>2025-06-13T16:19:57.895Z</time>
      </trkpt>
      <trkpt lat="50.844181" lon="12.556334">
        <ele>230.380629</ele>
        <time>2025-06-13T16:19:59.020Z</time>
      </trkpt>
      <trkpt lat="50.844326" lon="12.556484">
        <ele>230.288203</ele>
        <time>2025-06-13T16:20:02.848Z</time>
      </trkpt>
      <trkpt lat="50.845694" lon="12.555639">
        <ele>229.504596</ele>
        <time>2025-06-13T16:20:33.702Z</time>
      </trkpt>
      <trkpt lat="50.846324" lon="12.555327">
        <ele>229.194456</ele>
        <time>2025-06-13T16:20:47.626Z</time>
      </trkpt>
      <trkpt lat="50.846644" lon="12.555241">
        <ele>229.042091</ele>
        <time>2025-06-13T16:20:54.556Z</time>
      </trkpt>
      <trkpt lat="50.847894" lon="12.555385">
        <ele>228.654847</ele>
        <time>2025-06-13T16:21:21.878Z</time>
      </trkpt>
      <trkpt lat="50.848521" lon="12.555654">
        <ele>228.650211</ele>
        <time>2025-06-13T16:21:36.278Z</time>
      </trkpt>
      <trkpt lat="50.848851" lon="12.555705">
        <ele>228.647845</ele>
        <time>2025-06-13T16:21:43.678Z</time>
      </trkpt>
      <trkpt lat="50.849601" lon="12.555631">
        <ele>228.982819</ele>
        <time>2025-06-13T16:22:00.843Z</time>
      </trkpt>
      <trkpt lat="50.849734" lon="12.555553">
        <ele>229.112626</ele>
        <time>2025-06-13T16:22:04.197Z</time>
      </trkpt>
      <trkpt lat="50.849978" lon="12.555311">
        <ele>229.376121</ele>
        <time>2025-06-13T16:22:11.389Z</time>
      </trkpt>
      <trkpt lat="50.850124" lon="12.555214">
        <ele>229.521029</ele>
        <time>2025-06-13T16:22:15.464Z</time>
      </trkpt>
      <trkpt lat="50.850403" lon="12.555120">
        <ele>229.782101</ele>
        <time>2025-06-13T16:22:22.843Z</time>
      </trkpt>
      <trkpt lat="50.850696" lon="12.555101">
        <ele>230.050499</ele>
        <time>2025-06-13T16:22:30.489Z</time>
      </trkpt>
      <trkpt lat="50.850841" lon="12.555495">
        <ele>230.342613</ele>
        <time>2025-06-13T16:22:35.512Z</time>
      </trkpt>
      <trkpt lat="50.851029" lon="12.555875">
        <ele>230.973259</ele>
        <time>2025-06-13T16:22:40.842Z</time>
      </trkpt>
      <trkpt lat="50.851391" lon="12.556885">
        <ele>232.490391</ele>
        <time>2025-06-13T16:22:54.068Z</time>
      </trkpt>
      <trkpt lat="50.851484" lon="12.557058">
        <ele>232.787203</ele>
        <time>2025-06-13T16:22:56.745Z</time>
      </trkpt>
      <trkpt lat="50.851659" lon="12.557259">
        <ele>233.234469</ele>
        <time>2025-06-13T16:23:00.958Z</time>
      </trkpt>
      <trkpt lat="50.852013" lon="12.557516">
        <ele>234.078320</ele>
        <time>2025-06-13T16:23:09.477Z</time>
      </trkpt>
      <trkpt lat="50.852163" lon="12.557670">
        <ele>234.964609</ele>
        <time>2025-06-13T16:23:13.784Z</time>
      </trkpt>
      <trkpt lat="50.852268" lon="12.557926">
        <ele>235.920210</ele>
        <time>2025-06-13T16:23:18.726Z</time>
      </trkpt>
      <trkpt lat="50.852341" lon="12.557985">
        <ele>236.326552</ele>
        <time>2025-06-13T16:23:21.685Z</time>
      </trkpt>
      <trkpt lat="50.852459" lon="12.558291">
        <ele>237.448945</ele>
        <time>2025-06-13T16:23:30.123Z</time>
      </trkpt>
      <trkpt lat="50.852742" lon="12.558667">
        <ele>239.280363</ele>
        <time>2025-06-13T16:23:44.681Z</time>
      </trkpt>
      <trkpt lat="50.852934" lon="12.559093">
        <ele>240.918763</ele>
        <time>2025-06-13T16:23:58.297Z</time>
      </trkpt>
      <trkpt lat="50.853122" lon="12.559642">
        <ele>242.873753</ele>
        <time>2025-06-13T16:24:14.483Z</time>
      </trkpt>
      <trkpt lat="50.853145" lon="12.559796">
        <ele>243.154626</ele>
        <time>2025-06-13T16:24:18.359Z</time>
      </trkpt>
      <trkpt lat="50.853591" lon="12.560848">
        <ele>245.179754</ele>
        <time>2025-06-13T16:24:39.488Z</time>
      </trkpt>
      <trkpt lat="50.854507" lon="12.562444">
        <ele>246.781643</ele>
        <time>2025-06-13T16:25:00.464Z</time>
      </trkpt>
      <trkpt lat="50.854808" lon="12.562746">
        <ele>246.227269</ele>
        <time>2025-06-13T16:25:04.666Z</time>
      </trkpt>
      <trkpt lat="50.855100" lon="12.563109">
        <ele>245.649734</ele>
        <time>2025-06-13T16:25:09.216Z</time>
      </trkpt>
      <trkpt lat="50.855090" lon="12.563292">
        <ele>245.469314</ele>
        <time>2025-06-13T16:25:10.575Z</time>
      </trkpt>
      <trkpt lat="50.854993" lon="12.563641">
        <ele>245.094760</ele>
        <time>2025-06-13T16:25:13.297Z</time>
      </trkpt>
      <trkpt lat="50.855029" lon="12.563880">
        <ele>244.853416</ele>
        <time>2025-06-13T16:25:14.973Z</time>
      </trkpt>
      <trkpt lat="50.855385" lon="12.564347">
        <ele>242.760984</ele>
        <time>2025-06-13T16:25:19.744Z</time>
      </trkpt>
      <trkpt lat="50.855309" lon="12.564552">
        <ele>241.945745</ele>
        <time>2025-06-13T16:25:21.156Z</time>
      </trkpt>
      <trkpt lat="50.855247" lon="12.564745">
        <ele>241.203152</ele>
        <time>2025-06-13T16:25:22.418Z</time>
      </trkpt>
      <trkpt lat="50.855042" lon="12.565388">
        <ele>238.732947</ele>
        <time>2025-06-13T16:25:26.636Z</time>
      </trkpt>
      <trkpt lat="50.854944" lon="12.565660">
        <ele>237.658986</ele>
        <time>2025-06-13T16:25:28.452Z</time>
      </trkpt>
      <trkpt lat="50.854659" lon="12.566291">
        <ele>234.998367</ele>
        <time>2025-06-13T16:25:32.837Z</time>
      </trkpt>
      <trkpt lat="50.854229" lon="12.567214">
        <ele>232.365988</ele>
        <time>2025-06-13T16:25:39.671Z</time>
      </trkpt>
      <trkpt lat="50.854109" lon="12.567400">
        <ele>231.762219</ele>
        <time>2025-06-13T16:25:41.370Z</time>
      </trkpt>
      <trkpt lat="50.854031" lon="12.567508">
        <ele>231.389662</ele>
        <time>2025-06-13T16:25:42.459Z</time>
      </trkpt>
      <trkpt lat="50.853973" lon="12.567583">
        <ele>231.120410</ele>
        <time>2025-06-13T16:25:43.237Z</time>
      </trkpt>
      <trkpt lat="50.854008" lon="12.567656">
        <ele>230.912304</ele>
        <time>2025-06-13T16:25:47.242Z</time>
      </trkpt>
      <trkpt lat="50.853978" lon="12.567766">
        <ele>230.640267</ele>
        <time>2025-06-13T16:25:52.499Z</time>
      </trkpt>
      <trkpt lat="50.854022" lon="12.567870">
        <ele>230.356042</ele>
        <time>2025-06-13T16:25:58.001Z</time>
      </trkpt>
      <trkpt lat="50.854123" lon="12.568127">
        <ele>229.668768</ele>
        <time>2025-06-13T16:26:00.201Z</time>
      </trkpt>
      <trkpt lat="50.854230" lon="12.568449">
        <ele>228.842659</ele>
        <time>2025-06-13T16:26:02.878Z</time>
      </trkpt>
      <trkpt lat="50.854328" lon="12.568820">
        <ele>228.324595</ele>
        <time>2025-06-13T16:26:05.939Z</time>
      </trkpt>
      <trkpt lat="50.854483" lon="12.569549">
        <ele>227.911776</ele>
        <time>2025-06-13T16:26:12.155Z</time>
      </trkpt>
      <trkpt lat="50.854650" lon="12.570218">
        <ele>227.525701</ele>
        <time>2025-06-13T16:26:17.938Z</time>
      </trkpt>
      <trkpt lat="50.854799" lon="12.570706">
        <ele>227.234789</ele>
        <time>2025-06-13T16:26:22.241Z</time>
      </trkpt>
      <trkpt lat="50.855046" lon="12.571499">
        <ele>226.926147</ele>
        <time>2025-06-13T16:26:29.548Z</time>
      </trkpt>
      <trkpt lat="50.855209" lon="12.572024">
        <ele>226.942702</ele>
        <time>2025-06-13T16:26:34.667Z</time>
      </trkpt>
      <trkpt lat="50.855451" lon="12.572560">
        <ele>226.961349</ele>
        <time>2025-06-13T16:26:40.917Z</time>
      </trkpt>
      <trkpt lat="50.855471" lon="12.572695">
        <ele>226.965272</ele>
        <time>2025-06-13T16:26:42.272Z</time>
      </trkpt>
      <trkpt lat="50.855808" lon="12.573163">
        <ele>226.985361</ele>
        <time>2025-06-13T16:26:48.337Z</time>
      </trkpt>
      <trkpt lat="50.856254" lon="12.573847">
        <ele>227.068653</ele>
        <time>2025-06-13T16:26:56.632Z</time>
      </trkpt>
      <trkpt lat="50.856220" lon="12.573888">
        <ele>227.077782</ele>
        <time>2025-06-13T16:26:57.247Z</time>
      </trkpt>
      <trkpt lat="50.856133" lon="12.573995">
        <ele>227.101313</ele>
        <time>2025-06-13T16:26:58.843Z</time>
      </trkpt>
      <trkpt lat="50.855982" lon="12.574157">
        <ele>227.140276</ele>
        <time>2025-06-13T16:27:01.452Z</time>
      </trkpt>
      <trkpt lat="50.855410" lon="12.574747">
        <ele>227.286103</ele>
        <time>2025-06-13T16:27:10.975Z</time>
      </trkpt>
      <trkpt lat="50.855327" lon="12.574833">
        <ele>227.307292</ele>
        <time>2025-06-13T16:27:12.330Z</time>
      </trkpt>
      <trkpt lat="50.855671" lon="12.575504">
        <ele>227.374733</ele>
        <time>2025-06-13T16:27:20.175Z</time>
      </trkpt>
      <trkpt lat="50.855849" lon="12.575985">
        <ele>227.360124</ele>
        <time>2025-06-13T16:27:25.597Z</time>
      </trkpt>
      <trkpt lat="50.856180" lon="12.577582">
        <ele>227.316081</ele>
        <time>2025-06-13T16:27:39.474Z</time>
      </trkpt>
      <trkpt lat="50.856301" lon="12.578223">
        <ele>227.194914</ele>
        <time>2025-06-13T16:27:44.677Z</time>
      </trkpt>
      <trkpt lat="50.856356" lon="12.578236">
        <ele>227.167477</ele>
        <time>2025-06-13T16:27:45.442Z</time>
      </trkpt>
      <trkpt lat="50.856430" lon="12.578617">
        <ele>227.043323</ele>
        <time>2025-06-13T16:27:48.873Z</time>
      </trkpt>
      <trkpt lat="50.857358" lon="12.581739">
        <ele>226.326531</ele>
        <time>2025-06-13T16:28:19.515Z</time>
      </trkpt>
      <trkpt lat="50.857416" lon="12.582064">
        <ele>226.304632</ele>
        <time>2025-06-13T16:28:22.665Z</time>
      </trkpt>
      <trkpt lat="50.857417" lon="12.582268">
        <ele>226.291403</ele>
        <time>2025-06-13T16:28:24.594Z</time>
      </trkpt>
      <trkpt lat="50.857384" lon="12.582435">
        <ele>226.280057</ele>
        <time>2025-06-13T16:28:26.269Z</time>
      </trkpt>
      <trkpt lat="50.856869" lon="12.584248">
        <ele>227.026198</ele>
        <time>2025-06-13T16:28:46.768Z</time>
      </trkpt>
      <trkpt lat="50.856764" lon="12.584625">
        <ele>227.275345</ele>
        <time>2025-06-13T16:28:51.536Z</time>
      </trkpt>
      <trkpt lat="50.856636" lon="12.584972">
        <ele>227.518348</ele>
        <time>2025-06-13T16:28:56.489Z</time>
      </trkpt>
      <trkpt lat="50.856238" lon="12.585949">
        <ele>228.521483</ele>
        <time>2025-06-13T16:29:10.472Z</time>
      </trkpt>
      <trkpt lat="50.856155" lon="12.586495">
        <ele>229.248899</ele>
        <time>2025-06-13T16:29:17.384Z</time>
      </trkpt>
      <trkpt lat="50.856254" lon="12.586544">
        <ele>229.461711</ele>
        <time>2025-06-13T16:29:19.452Z</time>
      </trkpt>
      <trkpt lat="50.856621" lon="12.586726">
        <ele>230.250758</ele>
        <time>2025-06-13T16:29:27.314Z</time>
      </trkpt>
      <trkpt lat="50.857046" lon="12.587055">
        <ele>231.221322</ele>
        <time>2025-06-13T16:29:37.554Z</time>
      </trkpt>
      <trkpt lat="50.857339" lon="12.587364">
        <ele>231.846037</ele>
        <time>2025-06-13T16:29:45.726Z</time>
      </trkpt>
      <trkpt lat="50.857577" lon="12.587718">
        <ele>232.294050</ele>
        <time>2025-06-13T16:29:54.454Z</time>
      </trkpt>
      <trkpt lat="50.857777" lon="12.588119">
        <ele>232.736768</ele>
        <time>2025-06-13T16:30:02.000Z</time>
      </trkpt>
      <trkpt lat="50.857848" lon="12.588442">
        <ele>233.033052</ele>
        <time>2025-06-13T16:30:06.720Z</time>
      </trkpt>
      <trkpt lat="50.857875" lon="12.588883">
        <ele>233.416868</ele>
        <time>2025-06-13T16:30:12.002Z</time>
      </trkpt>
      <trkpt lat="50.857868" lon="12.589177">
        <ele>233.671732</ele>
        <time>2025-06-13T16:30:15.233Z</time>
      </trkpt>
      <trkpt lat="50.858012" lon="12.589438">
        <ele>233.972016</ele>
        <time>2025-06-13T16:30:18.384Z</time>
      </trkpt>
      <trkpt lat="50.860362" lon="12.592314">
        <ele>226.622643</ele>
        <time>2025-06-13T16:30:52.954Z</time>
      </trkpt>
      <trkpt lat="50.861809" lon="12.594086">
        <ele>223.435324</ele>
        <time>2025-06-13T16:31:16.877Z</time>
      </trkpt>
      <trkpt lat="50.862007" lon="12.594300">
        <ele>223.116612</ele>
        <time>2025-06-13T16:31:19.982Z</time>
      </trkpt>
      <trkpt lat="50.862178" lon="12.594590">
        <ele>222.783530</ele>
        <time>2025-06-13T16:31:23.209Z</time>
      </trkpt>
      <trkpt lat="50.862417" lon="12.595095">
        <ele>222.319214</ele>
        <time>2025-06-13T16:31:28.294Z</time>
      </trkpt>
      <trkpt lat="50.863546" lon="12.597487">
        <ele>220.946495</ele>
        <time>2025-06-13T16:31:53.606Z</time>
      </trkpt>
      <trkpt lat="50.863821" lon="12.598013">
        <ele>221.267680</ele>
        <time>2025-06-13T16:32:00.744Z</time>
      </trkpt>
      <trkpt lat="50.863860" lon="12.598150">
        <ele>221.338353</ele>
        <time>2025-06-13T16:32:02.467Z</time>
      </trkpt>
      <trkpt lat="50.863837" lon="12.598594">
        <ele>221.547842</ele>
        <time>2025-06-13T16:32:07.666Z</time>
      </trkpt>
      <trkpt lat="50.863786" lon="12.599487">
        <ele>221.969485</ele>
        <time>2025-06-13T16:32:18.649Z</time>
      </trkpt>
      <trkpt lat="50.863724" lon="12.600100">
        <ele>222.431762</ele>
        <time>2025-06-13T16:32:29.076Z</time>
      </trkpt>
      <trkpt lat="50.863723" lon="12.600497">
        <ele>222.797815</ele>
        <time>2025-06-13T16:32:35.515Z</time>
      </trkpt>
      <trkpt lat="50.863834" lon="12.601071">
        <ele>223.351349</ele>
        <time>2025-06-13T16:32:45.261Z</time>
      </trkpt>
      <trkpt lat="50.863878" lon="12.602367">
        <ele>224.548037</ele>
        <time>2025-06-13T16:33:07.525Z</time>
      </trkpt>
      <trkpt lat="50.863875" lon="12.602853">
        <ele>224.733211</ele>
        <time>2025-06-13T16:33:16.361Z</time>
      </trkpt>
      <trkpt lat="50.863671" lon="12.604275">
        <ele>224.835000</ele>
        <time>2025-06-13T16:33:39.259Z</time>
      </trkpt>
      <trkpt lat="50.863727" lon="12.604388">
        <ele>224.845028</ele>
        <time>2025-06-13T16:33:40.454Z</time>
      </trkpt>
      <trkpt lat="50.863788" lon="12.604510">
        <ele>224.855892</ele>
        <time>2025-06-13T16:33:41.652Z</time>
      </trkpt>
      <trkpt lat="50.863804" lon="12.604541">
        <ele>224.858687</ele>
        <time>2025-06-13T16:33:41.969Z</time>
      </trkpt>
      <trkpt lat="50.863928" lon="12.604759">
        <ele>224.879171</ele>
        <time>2025-06-13T16:33:44.251Z</time>
      </trkpt>
      <trkpt lat="50.864558" lon="12.605093">
        <ele>224.414824</ele>
        <time>2025-06-13T16:33:57.148Z</time>
      </trkpt>
      <trkpt lat="50.864945" lon="12.605499">
        <ele>223.809698</ele>
        <time>2025-06-13T16:34:05.941Z</time>
      </trkpt>
      <trkpt lat="50.865023" lon="12.605543">
        <ele>223.701754</ele>
        <time>2025-06-13T16:34:07.546Z</time>
      </trkpt>
      <trkpt lat="50.866066" lon="12.605481">
        <ele>222.608283</ele>
        <time>2025-06-13T16:34:29.723Z</time>
      </trkpt>
      <trkpt lat="50.866965" lon="12.605509">
        <ele>222.830888</ele>
        <time>2025-06-13T16:34:51.355Z</time>
      </trkpt>
      <trkpt lat="50.867633" lon="12.605572">
        <ele>222.996554</ele>
        <time>2025-06-13T16:35:07.207Z</time>
      </trkpt>
      <trkpt lat="50.868706" lon="12.605986">
        <ele>222.790723</ele>
        <time>2025-06-13T16:35:31.731Z</time>
      </trkpt>
      <trkpt lat="50.870769" lon="12.606674">
        <ele>222.032206</ele>
        <time>2025-06-13T16:36:16.467Z</time>
      </trkpt>
      <trkpt lat="50.870892" lon="12.606722">
        <ele>221.976132</ele>
        <time>2025-06-13T16:36:18.242Z</time>
      </trkpt>
      <trkpt lat="50.871001" lon="12.606765">
        <ele>221.926409</ele>
        <time>2025-06-13T16:36:19.836Z</time>
      </trkpt>
      <trkpt lat="50.871966" lon="12.607086">
        <ele>222.086488</ele>
        <time>2025-06-13T16:36:42.437Z</time>
      </trkpt>
      <trkpt lat="50.872141" lon="12.607251">
        <ele>222.151631</ele>
        <time>2025-06-13T16:36:47.397Z</time>
      </trkpt>
      <trkpt lat="50.872193" lon="12.607331">
        <ele>222.174816</ele>
        <time>2025-06-13T16:36:49.229Z</time>
      </trkpt>
      <trkpt lat="50.872318" lon="12.607521">
        <ele>222.230226</ele>
        <time>2025-06-13T16:36:52.033Z</time>
      </trkpt>
      <trkpt lat="50.872568" lon="12.607957">
        <ele>222.349151</ele>
        <time>2025-06-13T16:36:57.743Z</time>
      </trkpt>
      <trkpt lat="50.872522" lon="12.608057">
        <ele>222.374132</ele>
        <time>2025-06-13T16:36:58.902Z</time>
      </trkpt>
      <trkpt lat="50.872446" lon="12.608504">
        <ele>222.357608</ele>
        <time>2025-06-13T16:37:02.995Z</time>
      </trkpt>
      <trkpt lat="50.872371" lon="12.608724">
        <ele>222.308897</ele>
        <time>2025-06-13T16:37:05.154Z</time>
      </trkpt>
      <trkpt lat="50.872405" lon="12.608799">
        <ele>222.290908</ele>
        <time>2025-06-13T16:37:05.913Z</time>
      </trkpt>
      <trkpt lat="50.872425" lon="12.609346">
        <ele>222.184172</ele>
        <time>2025-06-13T16:37:10.332Z</time>
      </trkpt>
      <trkpt lat="50.872445" lon="12.609665">
        <ele>222.121724</ele>
        <time>2025-06-13T16:37:12.904Z</time>
      </trkpt>
      <trkpt lat="50.872600" lon="12.610480">
        <ele>221.955906</ele>
        <time>2025-06-13T16:37:19.547Z</time>
      </trkpt>
      <trkpt lat="50.872640" lon="12.610847">
        <ele>221.883355</ele>
        <time>2025-06-13T16:37:22.408Z</time>
      </trkpt>
      <trkpt lat="50.872697" lon="12.611820">
        <ele>221.719623</ele>
        <time>2025-06-13T16:37:30.187Z</time>
      </trkpt>
      <trkpt lat="50.872679" lon="12.612218">
        <ele>221.654560</ele>
        <time>2025-06-13T16:37:33.471Z</time>
      </trkpt>
      <trkpt lat="50.872383" lon="12.615157">
        <ele>221.290625</ele>
        <time>2025-06-13T16:37:58.084Z</time>
      </trkpt>
      <trkpt lat="50.872293" lon="12.616118">
        <ele>221.218667</ele>
        <time>2025-06-13T16:38:06.168Z</time>
      </trkpt>
      <trkpt lat="50.872236" lon="12.616801">
        <ele>221.184562</ele>
        <time>2025-06-13T16:38:11.895Z</time>
      </trkpt>
      <trkpt lat="50.872218" lon="12.617339">
        <ele>221.197081</ele>
        <time>2025-06-13T16:38:16.404Z</time>
      </trkpt>
      <trkpt lat="50.872273" lon="12.618036">
        <ele>221.213404</ele>
        <time>2025-06-13T16:38:22.289Z</time>
      </trkpt>
      <trkpt lat="50.872276" lon="12.618238">
        <ele>221.218099</ele>
        <time>2025-06-13T16:38:23.986Z</time>
      </trkpt>
      <trkpt lat="50.872332" lon="12.618288">
        <ele>221.220466</ele>
        <time>2025-06-13T16:38:24.830Z</time>
      </trkpt>
      <trkpt lat="50.872361" lon="12.618393">
        <ele>221.223130</ele>
        <time>2025-06-13T16:38:25.803Z</time>
      </trkpt>
      <trkpt lat="50.872505" lon="12.619055">
        <ele>221.239402</ele>
        <time>2025-06-13T16:38:31.856Z</time>
      </trkpt>
      <trkpt lat="50.872646" lon="12.619543">
        <ele>221.321027</ele>
        <time>2025-06-13T16:38:36.628Z</time>
      </trkpt>
      <trkpt lat="50.872763" lon="12.619948">
        <ele>221.471175</ele>
        <time>2025-06-13T16:38:40.574Z</time>
      </trkpt>
      <trkpt lat="50.872834" lon="12.620208">
        <ele>221.566673</ele>
        <time>2025-06-13T16:38:43.108Z</time>
      </trkpt>
      <trkpt lat="50.872996" lon="12.620449">
        <ele>221.685367</ele>
        <time>2025-06-13T16:38:46.180Z</time>
      </trkpt>
      <trkpt lat="50.873217" lon="12.620641">
        <ele>221.819998</ele>
        <time>2025-06-13T16:38:49.538Z</time>
      </trkpt>
      <trkpt lat="50.873718" lon="12.620849">
        <ele>222.096655</ele>
        <time>2025-06-13T16:38:57.242Z</time>
      </trkpt>
      <trkpt lat="50.873941" lon="12.620971">
        <ele>222.283655</ele>
        <time>2025-06-13T16:39:01.208Z</time>
      </trkpt>
      <trkpt lat="50.874236" lon="12.621199">
        <ele>223.165942</ele>
        <time>2025-06-13T16:39:07.253Z</time>
      </trkpt>
      <trkpt lat="50.874354" lon="12.622180">
        <ele>224.859956</ele>
        <time>2025-06-13T16:39:21.556Z</time>
      </trkpt>
      <trkpt lat="50.874349" lon="12.622460">
        <ele>225.335104</ele>
        <time>2025-06-13T16:39:25.797Z</time>
      </trkpt>
      <trkpt lat="50.874272" lon="12.622875">
        <ele>226.068861</ele>
        <time>2025-06-13T16:39:32.342Z</time>
      </trkpt>
      <trkpt lat="50.874115" lon="12.623406">
        <ele>227.060760</ele>
        <time>2025-06-13T16:39:41.270Z</time>
      </trkpt>
      <trkpt lat="50.874109" lon="12.623504">
        <ele>227.205517</ele>
        <time>2025-06-13T16:39:42.790Z</time>
      </trkpt>
      <trkpt lat="50.874173" lon="12.623739">
        <ele>227.581820</ele>
        <time>2025-06-13T16:39:46.695Z</time>
      </trkpt>
      <trkpt lat="50.874299" lon="12.623883">
        <ele>227.943759</ele>
        <time>2025-06-13T16:39:50.387Z</time>
      </trkpt>
      <trkpt lat="50.874704" lon="12.624109">
        <ele>228.944145</ele>
        <time>2025-06-13T16:39:59.927Z</time>
      </trkpt>
      <trkpt lat="50.875159" lon="12.624562">
        <ele>230.196078</ele>
        <time>2025-06-13T16:40:10.342Z</time>
      </trkpt>
      <trkpt lat="50.876798" lon="12.625865">
        <ele>233.051217</ele>
        <time>2025-06-13T16:40:59.216Z</time>
      </trkpt>
      <trkpt lat="50.877654" lon="12.626205">
        <ele>233.721929</ele>
        <time>2025-06-13T16:41:21.339Z</time>
      </trkpt>
      <trkpt lat="50.877654" lon="12.626205">
        <ele>233.721929</ele>
        <time>2025-06-13T16:41:21.351Z</time>
      </trkpt>
      <trkpt lat="50.878052" lon="12.626323">
        <ele>233.836578</ele>
        <time>2025-06-13T16:41:30.295Z</time>
      </trkpt>
      <trkpt lat="50.878696" lon="12.626340">
        <ele>234.018952</ele>
        <time>2025-06-13T16:41:44.421Z</time>
      </trkpt>
      <trkpt lat="50.878789" lon="12.626245">
        <ele>234.050281</ele>
        <time>2025-06-13T16:41:46.811Z</time>
      </trkpt>
      <trkpt lat="50.878908" lon="12.626317">
        <ele>234.086348</ele>
        <time>2025-06-13T16:41:48.566Z</time>
      </trkpt>
      <trkpt lat="50.879286" lon="12.626331">
        <ele>234.754850</ele>
        <time>2025-06-13T16:41:53.780Z</time>
      </trkpt>
      <trkpt lat="50.880230" lon="12.626453">
        <ele>236.592364</ele>
        <time>2025-06-13T16:42:09.882Z</time>
      </trkpt>
      <trkpt lat="50.881067" lon="12.626917">
        <ele>239.460717</ele>
        <time>2025-06-13T16:42:32.915Z</time>
      </trkpt>
      <trkpt lat="50.881941" lon="12.627319">
        <ele>244.019423</ele>
        <time>2025-06-13T16:43:02.657Z</time>
      </trkpt>
      <trkpt lat="50.882269" lon="12.627516">
        <ele>245.776464</ele>
        <time>2025-06-13T16:43:13.963Z</time>
      </trkpt>
      <trkpt lat="50.882417" lon="12.627642">
        <ele>246.584982</ele>
        <time>2025-06-13T16:43:18.780Z</time>
      </trkpt>
      <trkpt lat="50.882616" lon="12.627888">
        <ele>245.878270</ele>
        <time>2025-06-13T16:43:24.478Z</time>
      </trkpt>
      <trkpt lat="50.882681" lon="12.628039">
        <ele>245.555309</ele>
        <time>2025-06-13T16:43:26.268Z</time>
      </trkpt>
      <trkpt lat="50.882891" lon="12.628925">
        <ele>243.883149</ele>
        <time>2025-06-13T16:43:32.528Z</time>
      </trkpt>
      <trkpt lat="50.883162" lon="12.628730">
        <ele>243.049721</ele>
        <time>2025-06-13T16:43:35.426Z</time>
      </trkpt>
      <trkpt lat="50.883237" lon="12.628756">
        <ele>242.834732</ele>
        <time>2025-06-13T16:43:36.161Z</time>
      </trkpt>
      <trkpt lat="50.883376" lon="12.628817">
        <ele>242.430842</ele>
        <time>2025-06-13T16:43:37.975Z</time>
      </trkpt>
      <trkpt lat="50.883580" lon="12.629086">
        <ele>241.687736</ele>
        <time>2025-06-13T16:43:41.293Z</time>
      </trkpt>
      <trkpt lat="50.883681" lon="12.629207">
        <ele>241.238350</ele>
        <time>2025-06-13T16:43:42.498Z</time>
      </trkpt>
      <trkpt lat="50.883879" lon="12.629344">
        <ele>240.380374</ele>
        <time>2025-06-13T16:43:44.503Z</time>
      </trkpt>
      <trkpt lat="50.883980" lon="12.629450">
        <ele>239.899316</ele>
        <time>2025-06-13T16:43:45.617Z</time>
      </trkpt>
      <trkpt lat="50.884007" lon="12.629705">
        <ele>239.251484</ele>
        <time>2025-06-13T16:43:47.131Z</time>
      </trkpt>
      <trkpt lat="50.883910" lon="12.629949">
        <ele>238.528902</ele>
        <time>2025-06-13T16:43:48.860Z</time>
      </trkpt>
      <trkpt lat="50.883913" lon="12.630027">
        <ele>238.333112</ele>
        <time>2025-06-13T16:43:49.348Z</time>
      </trkpt>
      <trkpt lat="50.883966" lon="12.630129">
        <ele>238.002034</ele>
        <time>2025-06-13T16:43:50.168Z</time>
      </trkpt>
      <trkpt lat="50.884114" lon="12.629891">
        <ele>237.164757</ele>
        <time>2025-06-13T16:43:52.267Z</time>
      </trkpt>
      <trkpt lat="50.884259" lon="12.629630">
        <ele>236.293429</ele>
        <time>2025-06-13T16:43:54.610Z</time>
      </trkpt>
      <trkpt lat="50.884540" lon="12.629212">
        <ele>234.763030</ele>
        <time>2025-06-13T16:43:59.263Z</time>
      </trkpt>
      <trkpt lat="50.884613" lon="12.629142">
        <ele>234.424203</ele>
        <time>2025-06-13T16:44:00.494Z</time>
      </trkpt>
      <trkpt lat="50.884829" lon="12.629066">
        <ele>235.086942</ele>
        <time>2025-06-13T16:44:04.144Z</time>
      </trkpt>
      <trkpt lat="50.885258" lon="12.629243">
        <ele>236.440106</ele>
        <time>2025-06-13T16:44:13.213Z</time>
      </trkpt>
      <trkpt lat="50.885876" lon="12.629820">
        <ele>238.629484</ele>
        <time>2025-06-13T16:44:33.104Z</time>
      </trkpt>
      <trkpt lat="50.886829" lon="12.630973">
        <ele>240.986143</ele>
        <time>2025-06-13T16:45:02.130Z</time>
      </trkpt>
      <trkpt lat="50.887025" lon="12.631245">
        <ele>241.346302</ele>
        <time>2025-06-13T16:45:06.279Z</time>
      </trkpt>
      <trkpt lat="50.887220" lon="12.631632">
        <ele>241.778296</ele>
        <time>2025-06-13T16:45:10.738Z</time>
      </trkpt>
      <trkpt lat="50.887683" lon="12.633070">
        <ele>240.931434</ele>
        <time>2025-06-13T16:45:22.523Z</time>
      </trkpt>
      <trkpt lat="50.887925" lon="12.633717">
        <ele>239.720135</ele>
        <time>2025-06-13T16:45:27.564Z</time>
      </trkpt>
      <trkpt lat="50.888335" lon="12.634565">
        <ele>237.999579</ele>
        <time>2025-06-13T16:45:34.357Z</time>
      </trkpt>
      <trkpt lat="50.889562" lon="12.636926">
        <ele>231.849607</ele>
        <time>2025-06-13T16:45:53.730Z</time>
      </trkpt>
      <trkpt lat="50.889622" lon="12.637123">
        <ele>231.762784</ele>
        <time>2025-06-13T16:45:55.366Z</time>
      </trkpt>
      <trkpt lat="50.889651" lon="12.637368">
        <ele>231.663851</ele>
        <time>2025-06-13T16:45:57.282Z</time>
      </trkpt>
      <trkpt lat="50.889664" lon="12.637675">
        <ele>231.541733</ele>
        <time>2025-06-13T16:45:59.740Z</time>
      </trkpt>
      <trkpt lat="50.889699" lon="12.637892">
        <ele>231.452839</ele>
        <time>2025-06-13T16:46:01.583Z</time>
      </trkpt>
      <trkpt lat="50.889797" lon="12.638229">
        <ele>231.305562</ele>
        <time>2025-06-13T16:46:04.849Z</time>
      </trkpt>
      <trkpt lat="50.889933" lon="12.638533">
        <ele>231.157648</ele>
        <time>2025-06-13T16:46:08.384Z</time>
      </trkpt>
      <trkpt lat="50.889996" lon="12.638635">
        <ele>231.100993</ele>
        <time>2025-06-13T16:46:09.759Z</time>
      </trkpt>
      <trkpt lat="50.890549" lon="12.639608">
        <ele>230.290323</ele>
        <time>2025-06-13T16:46:20.789Z</time>
      </trkpt>
      <trkpt lat="50.891207" lon="12.641516">
        <ele>227.956624</ele>
        <time>2025-06-13T16:46:35.888Z</time>
      </trkpt>
      <trkpt lat="50.891355" lon="12.641846">
        <ele>227.645154</ele>
        <time>2025-06-13T16:46:38.528Z</time>
      </trkpt>
      <trkpt lat="50.891714" lon="12.642254">
        <ele>227.438546</ele>
        <time>2025-06-13T16:46:43.228Z</time>
      </trkpt>
      <trkpt lat="50.891944" lon="12.642387">
        <ele>227.324034</ele>
        <time>2025-06-13T16:46:46.329Z</time>
      </trkpt>
      <trkpt lat="50.892153" lon="12.642456">
        <ele>227.224181</ele>
        <time>2025-06-13T16:46:49.146Z</time>
      </trkpt>
      <trkpt lat="50.892275" lon="12.642498">
        <ele>227.165788</ele>
        <time>2025-06-13T16:46:50.661Z</time>
      </trkpt>
      <trkpt lat="50.892469" lon="12.642754">
        <ele>227.047726</ele>
        <time>2025-06-13T16:46:54.025Z</time>
      </trkpt>
      <trkpt lat="50.892947" lon="12.643921">
        <ele>228.058528</ele>
        <time>2025-06-13T16:47:12.302Z</time>
      </trkpt>
      <trkpt lat="50.893210" lon="12.645482">
        <ele>230.757792</ele>
        <time>2025-06-13T16:47:37.329Z</time>
      </trkpt>
      <trkpt lat="50.893812" lon="12.647210">
        <ele>231.187019</ele>
        <time>2025-06-13T16:47:57.297Z</time>
      </trkpt>
      <trkpt lat="50.893910" lon="12.647684">
        <ele>231.041167</ele>
        <time>2025-06-13T16:48:00.736Z</time>
      </trkpt>
      <trkpt lat="50.893990" lon="12.647902">
        <ele>230.967421</ele>
        <time>2025-06-13T16:48:02.444Z</time>
      </trkpt>
      <trkpt lat="50.894028" lon="12.648140">
        <ele>230.895636</ele>
        <time>2025-06-13T16:48:04.095Z</time>
      </trkpt>
      <trkpt lat="50.894073" lon="12.648219">
        <ele>230.864512</ele>
        <time>2025-06-13T16:48:04.890Z</time>
      </trkpt>
      <trkpt lat="50.894127" lon="12.648474">
        <ele>230.785861</ele>
        <time>2025-06-13T16:48:06.945Z</time>
      </trkpt>
      <trkpt lat="50.894127" lon="12.648567">
        <ele>230.825848</ele>
        <time>2025-06-13T16:48:07.670Z</time>
      </trkpt>
      <trkpt lat="50.894150" lon="12.648750">
        <ele>230.938958</ele>
        <time>2025-06-13T16:48:09.935Z</time>
      </trkpt>
      <trkpt lat="50.894182" lon="12.648821">
        <ele>230.991854</ele>
        <time>2025-06-13T16:48:11.011Z</time>
      </trkpt>
      <trkpt lat="50.894322" lon="12.648881">
        <ele>231.131227</ele>
        <time>2025-06-13T16:48:13.839Z</time>
      </trkpt>
      <trkpt lat="50.894527" lon="12.649053">
        <ele>231.354125</ele>
        <time>2025-06-13T16:48:18.515Z</time>
      </trkpt>
      <trkpt lat="50.894803" lon="12.649350">
        <ele>231.674695</ele>
        <time>2025-06-13T16:48:25.819Z</time>
      </trkpt>
      <trkpt lat="50.895190" lon="12.649971">
        <ele>232.203863</ele>
        <time>2025-06-13T16:48:42.132Z</time>
      </trkpt>
      <trkpt lat="50.895986" lon="12.651382">
        <ele>234.815955</ele>
        <time>2025-06-13T16:49:25.552Z</time>
      </trkpt>
      <trkpt lat="50.896109" lon="12.651515">
        <ele>235.207837</ele>
        <time>2025-06-13T16:49:30.270Z</time>
      </trkpt>
      <trkpt lat="50.896240" lon="12.651587">
        <ele>235.572780</ele>
        <time>2025-06-13T16:49:34.384Z</time>
      </trkpt>
      <trkpt lat="50.896378" lon="12.651758">
        <ele>236.033795</ele>
        <time>2025-06-13T16:49:39.207Z</time>
      </trkpt>
      <trkpt lat="50.896587" lon="12.652344">
        <ele>237.151417</ele>
        <time>2025-06-13T16:49:49.092Z</time>
      </trkpt>
      <trkpt lat="50.896878" lon="12.652931">
        <ele>237.118072</ele>
        <time>2025-06-13T16:49:58.712Z</time>
      </trkpt>
      <trkpt lat="50.896996" lon="12.653133">
        <ele>237.068160</ele>
        <time>2025-06-13T16:50:02.169Z</time>
      </trkpt>
      <trkpt lat="50.897312" lon="12.653549">
        <ele>236.950106</ele>
        <time>2025-06-13T16:50:10.592Z</time>
      </trkpt>
      <trkpt lat="50.897470" lon="12.654050">
        <ele>236.848563</ele>
        <time>2025-06-13T16:50:18.403Z</time>
      </trkpt>
      <trkpt lat="50.897715" lon="12.655039">
        <ele>236.681285</ele>
        <time>2025-06-13T16:50:34.895Z</time>
      </trkpt>
      <trkpt lat="50.898026" lon="12.656587">
        <ele>236.492696</ele>
        <time>2025-06-13T16:50:58.757Z</time>
      </trkpt>
      <trkpt lat="50.898219" lon="12.657337">
        <ele>236.398668</ele>
        <time>2025-06-13T16:51:09.194Z</time>
      </trkpt>
      <trkpt lat="50.898314" lon="12.657885">
        <ele>235.466926</ele>
        <time>2025-06-13T16:51:16.262Z</time>
      </trkpt>
      <trkpt lat="50.898345" lon="12.658279">
        <ele>234.784112</ele>
        <time>2025-06-13T16:51:21.134Z</time>
      </trkpt>
      <trkpt lat="50.898433" lon="12.658550">
        <ele>234.259932</ele>
        <time>2025-06-13T16:51:24.842Z</time>
      </trkpt>
      <trkpt lat="50.898471" lon="12.658936">
        <ele>233.588092</ele>
        <time>2025-06-13T16:51:29.596Z</time>
      </trkpt>
      <trkpt lat="50.898524" lon="12.659302">
        <ele>232.942307</ele>
        <time>2025-06-13T16:51:34.105Z</time>
      </trkpt>
      <trkpt lat="50.898571" lon="12.660137">
        <ele>231.500657</ele>
        <time>2025-06-13T16:51:43.687Z</time>
      </trkpt>
      <trkpt lat="50.898652" lon="12.660554">
        <ele>230.182201</ele>
        <time>2025-06-13T16:51:48.443Z</time>
      </trkpt>
      <trkpt lat="50.898632" lon="12.660920">
        <ele>229.065932</ele>
        <time>2025-06-13T16:51:50.693Z</time>
      </trkpt>
      <trkpt lat="50.898673" lon="12.661292">
        <ele>227.918469</ele>
        <time>2025-06-13T16:51:52.982Z</time>
      </trkpt>
      <trkpt lat="50.898696" lon="12.661541">
        <ele>227.153803</ele>
        <time>2025-06-13T16:51:54.496Z</time>
      </trkpt>
      <trkpt lat="50.898761" lon="12.662281">
        <ele>224.883592</ele>
        <time>2025-06-13T16:51:58.993Z</time>
      </trkpt>
      <trkpt lat="50.898739" lon="12.662484">
        <ele>224.257731</ele>
        <time>2025-06-13T16:52:00.268Z</time>
      </trkpt>
      <trkpt lat="50.898673" lon="12.662732">
        <ele>223.439837</ele>
        <time>2025-06-13T16:52:01.982Z</time>
      </trkpt>
      <trkpt lat="50.898578" lon="12.662886">
        <ele>222.840054</ele>
        <time>2025-06-13T16:52:03.408Z</time>
      </trkpt>
      <trkpt lat="50.898519" lon="12.663037">
        <ele>223.032603</ele>
        <time>2025-06-13T16:52:04.662Z</time>
      </trkpt>
      <trkpt lat="50.898305" lon="12.663384">
        <ele>223.558690</ele>
        <time>2025-06-13T16:52:09.268Z</time>
      </trkpt>
      <trkpt lat="50.898231" lon="12.663550">
        <ele>223.779044</ele>
        <time>2025-06-13T16:52:11.897Z</time>
      </trkpt>
      <trkpt lat="50.898213" lon="12.663596">
        <ele>223.837726</ele>
        <time>2025-06-13T16:52:12.642Z</time>
      </trkpt>
      <trkpt lat="50.897979" lon="12.664382">
        <ele>224.779903</ele>
        <time>2025-06-13T16:52:25.856Z</time>
      </trkpt>
      <trkpt lat="50.897746" lon="12.664905">
        <ele>225.474012</ele>
        <time>2025-06-13T16:52:36.865Z</time>
      </trkpt>
      <trkpt lat="50.897832" lon="12.665012">
        <ele>225.661899</ele>
        <time>2025-06-13T16:52:39.656Z</time>
      </trkpt>
      <trkpt lat="50.898125" lon="12.665377">
        <ele>225.824056</ele>
        <time>2025-06-13T16:52:48.594Z</time>
      </trkpt>
      <trkpt lat="50.898542" lon="12.665992">
        <ele>225.587873</ele>
        <time>2025-06-13T16:52:57.448Z</time>
      </trkpt>
      <trkpt lat="50.899462" lon="12.667171">
        <ele>224.604579</ele>
        <time>2025-06-13T16:53:10.157Z</time>
      </trkpt>
      <trkpt lat="50.899870" lon="12.667463">
        <ele>223.179633</ele>
        <time>2025-06-13T16:53:14.882Z</time>
      </trkpt>
      <trkpt lat="50.900333" lon="12.667822">
        <ele>221.538996</ele>
        <time>2025-06-13T16:53:20.228Z</time>
      </trkpt>
      <trkpt lat="50.900547" lon="12.668042">
        <ele>220.727127</ele>
        <time>2025-06-13T16:53:22.769Z</time>
      </trkpt>
      <trkpt lat="50.900732" lon="12.668309">
        <ele>219.930804</ele>
        <time>2025-06-13T16:53:25.203Z</time>
      </trkpt>
      <trkpt lat="50.900866" lon="12.668583">
        <ele>219.383327</ele>
        <time>2025-06-13T16:53:27.317Z</time>
      </trkpt>
      <trkpt lat="50.901074" lon="12.668691">
        <ele>219.177714</ele>
        <time>2025-06-13T16:53:29.424Z</time>
      </trkpt>
      <trkpt lat="50.901493" lon="12.668934">
        <ele>218.758588</ele>
        <time>2025-06-13T16:53:34.157Z</time>
      </trkpt>
      <trkpt lat="50.902005" lon="12.669228">
        <ele>218.247028</ele>
        <time>2025-06-13T16:53:41.373Z</time>
      </trkpt>
      <trkpt lat="50.902108" lon="12.669336">
        <ele>218.131024</ele>
        <time>2025-06-13T16:53:43.715Z</time>
      </trkpt>
      <trkpt lat="50.902237" lon="12.669640">
        <ele>217.913942</ele>
        <time>2025-06-13T16:53:47.809Z</time>
      </trkpt>
      <trkpt lat="50.902410" lon="12.670956">
        <ele>217.058494</ele>
        <time>2025-06-13T16:54:03.830Z</time>
      </trkpt>
      <trkpt lat="50.902330" lon="12.671073">
        <ele>216.946799</ele>
        <time>2025-06-13T16:54:05.419Z</time>
      </trkpt>
      <trkpt lat="50.902217" lon="12.671376">
        <ele>216.718963</ele>
        <time>2025-06-13T16:54:08.027Z</time>
      </trkpt>
      <trkpt lat="50.902108" lon="12.671584">
        <ele>216.543925</ele>
        <time>2025-06-13T16:54:09.834Z</time>
      </trkpt>
      <trkpt lat="50.901914" lon="12.671879">
        <ele>216.268066</ele>
        <time>2025-06-13T16:54:12.588Z</time>
      </trkpt>
      <trkpt lat="50.901656" lon="12.672168">
        <ele>215.943873</ele>
        <time>2025-06-13T16:54:15.655Z</time>
      </trkpt>
      <trkpt lat="50.901408" lon="12.672504">
        <ele>215.377191</ele>
        <time>2025-06-13T16:54:18.814Z</time>
      </trkpt>
      <trkpt lat="50.901317" lon="12.672656">
        <ele>215.136952</ele>
        <time>2025-06-13T16:54:20.155Z</time>
      </trkpt>
      <trkpt lat="50.900961" lon="12.673675">
        <ele>213.801643</ele>
        <time>2025-06-13T16:54:28.144Z</time>
      </trkpt>
      <trkpt lat="50.900879" lon="12.673920">
        <ele>213.483705</ele>
        <time>2025-06-13T16:54:30.349Z</time>
      </trkpt>
      <trkpt lat="50.900698" lon="12.674641">
        <ele>212.641297</ele>
        <time>2025-06-13T16:54:37.448Z</time>
      </trkpt>
      <trkpt lat="50.900624" lon="12.675124">
        <ele>212.648797</ele>
        <time>2025-06-13T16:54:41.935Z</time>
      </trkpt>
      <trkpt lat="50.900616" lon="12.675354">
        <ele>212.652273</ele>
        <time>2025-06-13T16:54:43.979Z</time>
      </trkpt>
      <trkpt lat="50.900643" lon="12.675756">
        <ele>212.658373</ele>
        <time>2025-06-13T16:54:47.560Z</time>
      </trkpt>
      <trkpt lat="50.900748" lon="12.676257">
        <ele>212.666340</ele>
        <time>2025-06-13T16:54:52.066Z</time>
      </trkpt>
      <trkpt lat="50.900811" lon="12.676803">
        <ele>212.674716</ele>
        <time>2025-06-13T16:54:56.606Z</time>
      </trkpt>
      <trkpt lat="50.900870" lon="12.676957">
        <ele>212.677435</ele>
        <time>2025-06-13T16:54:58.031Z</time>
      </trkpt>
      <trkpt lat="50.901334" lon="12.677877">
        <ele>212.763970</ele>
        <time>2025-06-13T16:55:07.745Z</time>
      </trkpt>
      <trkpt lat="50.901500" lon="12.678081">
        <ele>212.799064</ele>
        <time>2025-06-13T16:55:10.709Z</time>
      </trkpt>
      <trkpt lat="50.901619" lon="12.678172">
        <ele>212.821142</ele>
        <time>2025-06-13T16:55:12.593Z</time>
      </trkpt>
      <trkpt lat="50.902062" lon="12.678323">
        <ele>212.896860</ele>
        <time>2025-06-13T16:55:19.030Z</time>
      </trkpt>
      <trkpt lat="50.902452" lon="12.678712">
        <ele>212.973851</ele>
        <time>2025-06-13T16:55:25.637Z</time>
      </trkpt>
      <trkpt lat="50.902693" lon="12.678909">
        <ele>213.002338</ele>
        <time>2025-06-13T16:55:29.628Z</time>
      </trkpt>
      <trkpt lat="50.902851" lon="12.678990">
        <ele>213.016703</ele>
        <time>2025-06-13T16:55:32.075Z</time>
      </trkpt>
      <trkpt lat="50.903006" lon="12.679008">
        <ele>213.030148</ele>
        <time>2025-06-13T16:55:34.328Z</time>
      </trkpt>
      <trkpt lat="50.903121" lon="12.678962">
        <ele>213.040409</ele>
        <time>2025-06-13T16:55:35.993Z</time>
      </trkpt>
      <trkpt lat="50.903247" lon="12.678856">
        <ele>213.052748</ele>
        <time>2025-06-13T16:55:37.954Z</time>
      </trkpt>
      <trkpt lat="50.903364" lon="12.678672">
        <ele>213.067004</ele>
        <time>2025-06-13T16:55:40.153Z</time>
      </trkpt>
      <trkpt lat="50.903560" lon="12.678263">
        <ele>213.095029</ele>
        <time>2025-06-13T16:55:44.424Z</time>
      </trkpt>
      <trkpt lat="50.903701" lon="12.678126">
        <ele>213.109335</ele>
        <time>2025-06-13T16:55:46.702Z</time>
      </trkpt>
      <trkpt lat="50.903709" lon="12.678114">
        <ele>213.110288</ele>
        <time>2025-06-13T16:55:46.851Z</time>
      </trkpt>
      <trkpt lat="50.903837" lon="12.677929">
        <ele>213.125271</ele>
        <time>2025-06-13T16:55:49.307Z</time>
      </trkpt>
      <trkpt lat="50.904191" lon="12.677090">
        <ele>212.786465</ele>
        <time>2025-06-13T16:55:57.487Z</time>
      </trkpt>
      <trkpt lat="50.904375" lon="12.676374">
        <ele>212.418012</ele>
        <time>2025-06-13T16:56:03.250Z</time>
      </trkpt>
      <trkpt lat="50.904473" lon="12.676049">
        <ele>212.246339</ele>
        <time>2025-06-13T16:56:06.204Z</time>
      </trkpt>
      <trkpt lat="50.904741" lon="12.675500">
        <ele>211.915487</ele>
        <time>2025-06-13T16:56:11.916Z</time>
      </trkpt>
      <trkpt lat="50.905359" lon="12.674297">
        <ele>214.231246</ele>
        <time>2025-06-13T16:56:25.779Z</time>
      </trkpt>
      <trkpt lat="50.905820" lon="12.673505">
        <ele>216.313010</ele>
        <time>2025-06-13T16:56:46.913Z</time>
      </trkpt>
      <trkpt lat="50.906100" lon="12.672957">
        <ele>217.731939</ele>
        <time>2025-06-13T16:57:05.933Z</time>
      </trkpt>
      <trkpt lat="50.906164" lon="12.672879">
        <ele>218.015501</ele>
        <time>2025-06-13T16:57:09.655Z</time>
      </trkpt>
      <trkpt lat="50.906281" lon="12.672739">
        <ele>218.530406</ele>
        <time>2025-06-13T16:57:15.917Z</time>
      </trkpt>
      <trkpt lat="50.906885" lon="12.672523">
        <ele>220.705558</ele>
        <time>2025-06-13T16:57:41.223Z</time>
      </trkpt>
      <trkpt lat="50.907156" lon="12.672339">
        <ele>221.741176</ele>
        <time>2025-06-13T16:57:50.959Z</time>
      </trkpt>
      <trkpt lat="50.908194" lon="12.672347">
        <ele>222.578267</ele>
        <time>2025-06-13T16:58:12.000Z</time>
      </trkpt>
      <trkpt lat="50.908305" lon="12.672336">
        <ele>222.352072</ele>
        <time>2025-06-13T16:58:14.065Z</time>
      </trkpt>
      <trkpt lat="50.908514" lon="12.672358">
        <ele>221.926067</ele>
        <time>2025-06-13T16:58:16.499Z</time>
      </trkpt>
      <trkpt lat="50.909158" lon="12.672526">
        <ele>220.598682</ele>
        <time>2025-06-13T16:58:24.228Z</time>
      </trkpt>
      <trkpt lat="50.909319" lon="12.672703">
        <ele>220.200254</ele>
        <time>2025-06-13T16:58:26.629Z</time>
      </trkpt>
      <trkpt lat="50.910089" lon="12.672931">
        <ele>219.007129</ele>
        <time>2025-06-13T16:58:36.706Z</time>
      </trkpt>
      <trkpt lat="50.910804" lon="12.673023">
        <ele>217.982645</ele>
        <time>2025-06-13T16:58:46.634Z</time>
      </trkpt>
      <trkpt lat="50.911200" lon="12.673121">
        <ele>217.410253</ele>
        <time>2025-06-13T16:58:51.823Z</time>
      </trkpt>
      <trkpt lat="50.911476" lon="12.673229">
        <ele>216.741516</ele>
        <time>2025-06-13T16:58:55.305Z</time>
      </trkpt>
      <trkpt lat="50.912163" lon="12.673697">
        <ele>214.930029</ele>
        <time>2025-06-13T16:59:04.070Z</time>
      </trkpt>
      <trkpt lat="50.912372" lon="12.673835">
        <ele>214.381540</ele>
        <time>2025-06-13T16:59:06.668Z</time>
      </trkpt>
      <trkpt lat="50.912426" lon="12.673871">
        <ele>214.239622</ele>
        <time>2025-06-13T16:59:07.355Z</time>
      </trkpt>
      <trkpt lat="50.912564" lon="12.674111">
        <ele>213.743443</ele>
        <time>2025-06-13T16:59:09.725Z</time>
      </trkpt>
      <trkpt lat="50.912703" lon="12.674459">
        <ele>213.114154</ele>
        <time>2025-06-13T16:59:12.784Z</time>
      </trkpt>
      <trkpt lat="50.914193" lon="12.677601">
        <ele>211.598912</ele>
        <time>2025-06-13T16:59:46.735Z</time>
      </trkpt>
      <trkpt lat="50.914594" lon="12.678376">
        <ele>211.953174</ele>
        <time>2025-06-13T16:59:59.402Z</time>
      </trkpt>
      <trkpt lat="50.914691" lon="12.678671">
        <ele>212.070738</ele>
        <time>2025-06-13T17:00:03.287Z</time>
      </trkpt>
      <trkpt lat="50.914761" lon="12.679035">
        <ele>212.205208</ele>
        <time>2025-06-13T17:00:07.569Z</time>
      </trkpt>
      <trkpt lat="50.914769" lon="12.679662">
        <ele>212.246598</ele>
        <time>2025-06-13T17:00:14.333Z</time>
      </trkpt>
      <trkpt lat="50.914720" lon="12.679861">
        <ele>212.246573</ele>
        <time>2025-06-13T17:00:16.566Z</time>
      </trkpt>
      <trkpt lat="50.914603" lon="12.679996">
        <ele>212.246547</ele>
        <time>2025-06-13T17:00:18.897Z</time>
      </trkpt>
      <trkpt lat="50.914567" lon="12.680185">
        <ele>212.246524</ele>
        <time>2025-06-13T17:00:20.819Z</time>
      </trkpt>
      <trkpt lat="50.914554" lon="12.680459">
        <ele>212.246491</ele>
        <time>2025-06-13T17:00:23.263Z</time>
      </trkpt>
      <trkpt lat="50.914580" lon="12.681003">
        <ele>212.246428</ele>
        <time>2025-06-13T17:00:27.898Z</time>
      </trkpt>
      <trkpt lat="50.914671" lon="12.681588">
        <ele>212.246357</ele>
        <time>2025-06-13T17:00:33.257Z</time>
      </trkpt>
      <trkpt lat="50.914781" lon="12.682928">
        <ele>211.843366</ele>
        <time>2025-06-13T17:00:45.742Z</time>
      </trkpt>
      <trkpt lat="50.914586" lon="12.683194">
        <ele>211.689986</ele>
        <time>2025-06-13T17:00:49.361Z</time>
      </trkpt>
      <trkpt lat="50.914562" lon="12.683304">
        <ele>211.646221</ele>
        <time>2025-06-13T17:00:50.369Z</time>
      </trkpt>
      <trkpt lat="50.914572" lon="12.683322">
        <ele>211.637201</ele>
        <time>2025-06-13T17:00:50.574Z</time>
      </trkpt>
      <trkpt lat="50.915074" lon="12.684169">
        <ele>211.200123</ele>
        <time>2025-06-13T17:01:00.336Z</time>
      </trkpt>
      <trkpt lat="50.915447" lon="12.685085">
        <ele>210.679043</ele>
        <time>2025-06-13T17:01:09.506Z</time>
      </trkpt>
      <trkpt lat="50.916038" lon="12.686136">
        <ele>209.996195</ele>
        <time>2025-06-13T17:01:21.903Z</time>
      </trkpt>
      <trkpt lat="50.916554" lon="12.686614">
        <ele>209.827904</ele>
        <time>2025-06-13T17:01:30.161Z</time>
      </trkpt>
      <trkpt lat="50.916753" lon="12.686735">
        <ele>209.852115</ele>
        <time>2025-06-13T17:01:33.047Z</time>
      </trkpt>
      <trkpt lat="50.917260" lon="12.686848">
        <ele>209.910278</ele>
        <time>2025-06-13T17:01:40.062Z</time>
      </trkpt>
      <trkpt lat="50.917938" lon="12.686941">
        <ele>209.987589</ele>
        <time>2025-06-13T17:01:52.006Z</time>
      </trkpt>
      <trkpt lat="50.918118" lon="12.686951">
        <ele>210.231160</ele>
        <time>2025-06-13T17:01:55.583Z</time>
      </trkpt>
      <trkpt lat="50.918457" lon="12.686647">
        <ele>211.017447</ele>
        <time>2025-06-13T17:02:03.101Z</time>
      </trkpt>
      <trkpt lat="50.918702" lon="12.686472">
        <ele>211.559969</ele>
        <time>2025-06-13T17:02:08.547Z</time>
      </trkpt>
      <trkpt lat="50.918775" lon="12.686340">
        <ele>211.783478</ele>
        <time>2025-06-13T17:02:10.809Z</time>
      </trkpt>
      <trkpt lat="50.918799" lon="12.686294">
        <ele>211.859482</ele>
        <time>2025-06-13T17:02:11.637Z</time>
      </trkpt>
      <trkpt lat="50.918874" lon="12.686373">
        <ele>212.041262</ele>
        <time>2025-06-13T17:02:13.499Z</time>
      </trkpt>
      <trkpt lat="50.918961" lon="12.686388">
        <ele>212.217959</ele>
        <time>2025-06-13T17:02:15.397Z</time>
      </trkpt>
      <trkpt lat="50.919068" lon="12.686351">
        <ele>212.439077</ele>
        <time>2025-06-13T17:02:17.773Z</time>
      </trkpt>
      <trkpt lat="50.919388" lon="12.686187">
        <ele>213.118077</ele>
        <time>2025-06-13T17:02:24.885Z</time>
      </trkpt>
      <trkpt lat="50.920246" lon="12.686115">
        <ele>214.266318</ele>
        <time>2025-06-13T17:02:40.272Z</time>
      </trkpt>
      <trkpt lat="50.920782" lon="12.686123">
        <ele>214.830999</ele>
        <time>2025-06-13T17:02:49.063Z</time>
      </trkpt>
      <trkpt lat="50.921281" lon="12.686090">
        <ele>215.357133</ele>
        <time>2025-06-13T17:02:56.805Z</time>
      </trkpt>
      <trkpt lat="50.922591" lon="12.685711">
        <ele>216.001718</ele>
        <time>2025-06-13T17:03:15.249Z</time>
      </trkpt>
      <trkpt lat="50.922755" lon="12.685609">
        <ele>216.073703</ele>
        <time>2025-06-13T17:03:17.684Z</time>
      </trkpt>
      <trkpt lat="50.924020" lon="12.684568">
        <ele>217.917179</ele>
        <time>2025-06-13T17:03:40.543Z</time>
      </trkpt>
      <trkpt lat="50.924181" lon="12.684477">
        <ele>218.207313</ele>
        <time>2025-06-13T17:03:43.536Z</time>
      </trkpt>
      <trkpt lat="50.924115" lon="12.684153">
        <ele>218.571663</ele>
        <time>2025-06-13T17:03:49.367Z</time>
      </trkpt>
      <trkpt lat="50.924022" lon="12.683759">
        <ele>219.021852</ele>
        <time>2025-06-13T17:03:57.122Z</time>
      </trkpt>
      <trkpt lat="50.924182" lon="12.683644">
        <ele>219.348425</ele>
        <time>2025-06-13T17:04:01.127Z</time>
      </trkpt>
      <trkpt lat="50.924598" lon="12.683484">
        <ele>222.033716</ele>
        <time>2025-06-13T17:04:12.459Z</time>
      </trkpt>
      <trkpt lat="50.924927" lon="12.683288">
        <ele>224.238355</ele>
        <time>2025-06-13T17:04:23.321Z</time>
      </trkpt>
      <trkpt lat="50.924705" lon="12.682510">
        <ele>227.615348</ele>
        <time>2025-06-13T17:04:40.956Z</time>
      </trkpt>
      <trkpt lat="50.924433" lon="12.681004">
        <ele>235.630775</ele>
        <time>2025-06-13T17:05:21.218Z</time>
      </trkpt>
      <trkpt lat="50.924372" lon="12.680440">
        <ele>239.174099</ele>
        <time>2025-06-13T17:05:36.923Z</time>
      </trkpt>
      <trkpt lat="50.924412" lon="12.680320">
        <ele>240.014635</ele>
        <time>2025-06-13T17:05:40.670Z</time>
      </trkpt>
      <trkpt lat="50.924481" lon="12.680197">
        <ele>241.034180</ele>
        <time>2025-06-13T17:05:45.227Z</time>
      </trkpt>
      <trkpt lat="50.926116" lon="12.678765">
        <ele>259.324522</ele>
        <time>2025-06-13T17:07:08.018Z</time>
      </trkpt>
      <trkpt lat="50.926966" lon="12.677886">
        <ele>267.902505</ele>
        <time>2025-06-13T17:07:49.390Z</time>
      </trkpt>
      <trkpt lat="50.927503" lon="12.677260">
        <ele>271.850623</ele>
        <time>2025-06-13T17:08:13.066Z</time>
      </trkpt>
      <trkpt lat="50.928125" lon="12.676641">
        <ele>276.200809</ele>
        <time>2025-06-13T17:08:32.749Z</time>
      </trkpt>
      <trkpt lat="50.928677" lon="12.676195">
        <ele>275.048207</ele>
        <time>2025-06-13T17:08:41.954Z</time>
      </trkpt>
      <trkpt lat="50.929272" lon="12.675767">
        <ele>273.384531</ele>
        <time>2025-06-13T17:08:48.649Z</time>
      </trkpt>
      <trkpt lat="50.929345" lon="12.675686">
        <ele>273.157679</ele>
        <time>2025-06-13T17:08:49.495Z</time>
      </trkpt>
      <trkpt lat="50.929398" lon="12.675460">
        <ele>272.770640</ele>
        <time>2025-06-13T17:08:50.917Z</time>
      </trkpt>
      <trkpt lat="50.929381" lon="12.674770">
        <ele>271.389362</ele>
        <time>2025-06-13T17:08:54.843Z</time>
      </trkpt>
      <trkpt lat="50.929426" lon="12.673892">
        <ele>268.463699</ele>
        <time>2025-06-13T17:08:59.935Z</time>
      </trkpt>
      <trkpt lat="50.929505" lon="12.673668">
        <ele>267.611194</ele>
        <time>2025-06-13T17:09:01.444Z</time>
      </trkpt>
      <trkpt lat="50.929648" lon="12.673472">
        <ele>266.615423</ele>
        <time>2025-06-13T17:09:03.221Z</time>
      </trkpt>
      <trkpt lat="50.929490" lon="12.672562">
        <ele>263.480536</ele>
        <time>2025-06-13T17:09:09.195Z</time>
      </trkpt>
      <trkpt lat="50.929472" lon="12.672301">
        <ele>262.608523</ele>
        <time>2025-06-13T17:09:10.872Z</time>
      </trkpt>
      <trkpt lat="50.929481" lon="12.671841">
        <ele>261.983728</ele>
        <time>2025-06-13T17:09:13.868Z</time>
      </trkpt>
      <trkpt lat="50.929432" lon="12.671164">
        <ele>261.224760</ele>
        <time>2025-06-13T17:09:18.602Z</time>
      </trkpt>
      <trkpt lat="50.929966" lon="12.670996">
        <ele>260.262762</ele>
        <time>2025-06-13T17:09:24.860Z</time>
      </trkpt>
      <trkpt lat="50.930082" lon="12.670919">
        <ele>260.040563</ele>
        <time>2025-06-13T17:09:26.474Z</time>
      </trkpt>
      <trkpt lat="50.930148" lon="12.670771">
        <ele>259.838642</ele>
        <time>2025-06-13T17:09:28.003Z</time>
      </trkpt>
      <trkpt lat="50.930105" lon="12.670352">
        <ele>259.365839</ele>
        <time>2025-06-13T17:09:32.161Z</time>
      </trkpt>
      <trkpt lat="50.930178" lon="12.670140">
        <ele>259.594877</ele>
        <time>2025-06-13T17:09:34.661Z</time>
      </trkpt>
      <trkpt lat="50.930240" lon="12.670028">
        <ele>259.931455</ele>
        <time>2025-06-13T17:09:36.215Z</time>
      </trkpt>
      <trkpt lat="50.930324" lon="12.669947">
        <ele>260.283600</ele>
        <time>2025-06-13T17:09:37.930Z</time>
      </trkpt>
      <trkpt lat="50.930817" lon="12.669566">
        <ele>262.248121</ele>
        <time>2025-06-13T17:09:50.074Z</time>
      </trkpt>
      <trkpt lat="50.930939" lon="12.669851">
        <ele>263.026007</ele>
        <time>2025-06-13T17:09:55.594Z</time>
      </trkpt>
      <trkpt lat="50.931070" lon="12.670232">
        <ele>264.005942</ele>
        <time>2025-06-13T17:10:03.135Z</time>
      </trkpt>
      <trkpt lat="50.931629" lon="12.670196">
        <ele>266.327667</ele>
        <time>2025-06-13T17:10:24.793Z</time>
      </trkpt>
      <trkpt lat="50.931827" lon="12.670151">
        <ele>267.789396</ele>
        <time>2025-06-13T17:10:32.602Z</time>
      </trkpt>
      <trkpt lat="50.932801" lon="12.668677">
        <ele>277.625665</ele>
        <time>2025-06-13T17:11:34.097Z</time>
      </trkpt>
      <trkpt lat="50.933412" lon="12.667812">
        <ele>282.713502</ele>
        <time>2025-06-13T17:12:12.017Z</time>
      </trkpt>
      <trkpt lat="50.933956" lon="12.666711">
        <ele>287.943875</ele>
        <time>2025-06-13T17:12:47.228Z</time>
      </trkpt>
      <trkpt lat="50.934254" lon="12.665969">
        <ele>289.773893</ele>
        <time>2025-06-13T17:13:00.946Z</time>
      </trkpt>
      <trkpt lat="50.934959" lon="12.663836">
        <ele>291.088998</ele>
        <time>2025-06-13T17:13:24.837Z</time>
      </trkpt>
      <trkpt lat="50.935177" lon="12.663009">
        <ele>289.953361</ele>
        <time>2025-06-13T17:13:32.120Z</time>
      </trkpt>
      <trkpt lat="50.935233" lon="12.662995">
        <ele>289.839400</ele>
        <time>2025-06-13T17:13:32.827Z</time>
      </trkpt>
      <trkpt lat="50.935303" lon="12.662831">
        <ele>289.588471</ele>
        <time>2025-06-13T17:13:34.373Z</time>
      </trkpt>
      <trkpt lat="50.935289" lon="12.662383">
        <ele>289.020231</ele>
        <time>2025-06-13T17:13:37.830Z</time>
      </trkpt>
      <trkpt lat="50.935244" lon="12.662199">
        <ele>288.770196</ele>
        <time>2025-06-13T17:13:39.340Z</time>
      </trkpt>
      <trkpt lat="50.935511" lon="12.661679">
        <ele>287.920471</ele>
        <time>2025-06-13T17:13:44.311Z</time>
      </trkpt>
      <trkpt lat="50.935511" lon="12.661537">
        <ele>287.740581</ele>
        <time>2025-06-13T17:13:45.341Z</time>
      </trkpt>
      <trkpt lat="50.935472" lon="12.661401">
        <ele>287.551294</ele>
        <time>2025-06-13T17:13:46.433Z</time>
      </trkpt>
      <trkpt lat="50.935365" lon="12.661180">
        <ele>287.108670</ele>
        <time>2025-06-13T17:13:48.463Z</time>
      </trkpt>
      <trkpt lat="50.935236" lon="12.660812">
        <ele>286.411360</ele>
        <time>2025-06-13T17:13:51.565Z</time>
      </trkpt>
      <trkpt lat="50.935126" lon="12.660493">
        <ele>285.809212</ele>
        <time>2025-06-13T17:13:54.270Z</time>
      </trkpt>
      <trkpt lat="50.935032" lon="12.660080">
        <ele>285.082076</ele>
        <time>2025-06-13T17:13:57.580Z</time>
      </trkpt>
      <trkpt lat="50.935332" lon="12.659715">
        <ele>284.088741</ele>
        <time>2025-06-13T17:14:23.850Z</time>
      </trkpt>
      <trkpt lat="50.935452" lon="12.659567">
        <ele>283.689383</ele>
        <time>2025-06-13T17:14:34.418Z</time>
      </trkpt>
      <trkpt lat="50.935793" lon="12.659247">
        <ele>282.648144</ele>
        <time>2025-06-13T17:15:01.931Z</time>
      </trkpt>
      <trkpt lat="50.937011" lon="12.658229">
        <ele>279.022754</ele>
        <time>2025-06-13T17:16:37.666Z</time>
      </trkpt>
      <trkpt lat="50.937697" lon="12.657448">
        <ele>276.805268</ele>
        <time>2025-06-13T17:17:36.328Z</time>
      </trkpt>
      <trkpt lat="50.938970" lon="12.655559">
        <ele>272.280931</ele>
        <time>2025-06-13T17:19:37.506Z</time>
      </trkpt>
      <trkpt lat="50.939404" lon="12.654788">
        <ele>270.642153</ele>
        <time>2025-06-13T17:20:22.782Z</time>
      </trkpt>
      <trkpt lat="50.939447" lon="12.654698">
        <ele>270.463119</ele>
        <time>2025-06-13T17:20:27.727Z</time>
      </trkpt>
      <trkpt lat="50.939700" lon="12.654175">
        <ele>269.417966</ele>
        <time>2025-06-13T17:20:56.573Z</time>
      </trkpt>
      <trkpt lat="50.940748" lon="12.651818">
        <ele>264.390000</ele>
        <time>2025-06-13T17:23:02.981Z</time>
      </trkpt>
      <trkpt lat="50.940807" lon="12.651599">
        <ele>263.968869</ele>
        <time>2025-06-13T17:23:13.402Z</time>
      </trkpt>
      <trkpt lat="50.940807" lon="12.651469">
        <ele>263.738251</ele>
        <time>2025-06-13T17:23:19.097Z</time>
      </trkpt>
      <trkpt lat="50.940759" lon="12.651257">
        <ele>263.219613</ele>
        <time>2025-06-13T17:23:28.939Z</time>
      </trkpt>
      <trkpt lat="50.940620" lon="12.650903">
        <ele>262.259313</ele>
        <time>2025-06-13T17:23:47.275Z</time>
      </trkpt>
      <trkpt lat="50.940550" lon="12.650760">
        <ele>261.842413</ele>
        <time>2025-06-13T17:23:55.196Z</time>
      </trkpt>
      <trkpt lat="50.939425" lon="12.648741">
        <ele>255.225302</ele>
        <time>2025-06-13T17:25:53.288Z</time>
      </trkpt>
      <trkpt lat="50.939240" lon="12.648307">
        <ele>253.694593</ele>
        <time>2025-06-13T17:26:16.225Z</time>
      </trkpt>
      <trkpt lat="50.939208" lon="12.648143">
        <ele>253.193048</ele>
        <time>2025-06-13T17:26:23.759Z</time>
      </trkpt>
      <trkpt lat="50.939136" lon="12.647782">
        <ele>252.086874</ele>
        <time>2025-06-13T17:26:40.352Z</time>
      </trkpt>
      <trkpt lat="50.939109" lon="12.647406">
        <ele>250.981332</ele>
        <time>2025-06-13T17:26:56.963Z</time>
      </trkpt>
      <trkpt lat="50.939243" lon="12.644874">
        <ele>244.685808</ele>
        <time>2025-06-13T17:28:48.313Z</time>
      </trkpt>
      <trkpt lat="50.939247" lon="12.644697">
        <ele>244.279025</ele>
        <time>2025-06-13T17:28:56.081Z</time>
      </trkpt>
      <trkpt lat="50.939339" lon="12.644722">
        <ele>243.938825</ele>
        <time>2025-06-13T17:28:57.056Z</time>
      </trkpt>
      <trkpt lat="50.939724" lon="12.644689">
        <ele>242.533541</ele>
        <time>2025-06-13T17:29:01.229Z</time>
      </trkpt>
      <trkpt lat="50.939852" lon="12.644713">
        <ele>242.234381</ele>
        <time>2025-06-13T17:29:02.707Z</time>
      </trkpt>
      <trkpt lat="50.940378" lon="12.644917">
        <ele>241.850331</ele>
        <time>2025-06-13T17:29:09.716Z</time>
      </trkpt>
      <trkpt lat="50.940893" lon="12.645069">
        <ele>241.478799</ele>
        <time>2025-06-13T17:29:16.836Z</time>
      </trkpt>
      <trkpt lat="50.941062" lon="12.645158">
        <ele>241.352507</ele>
        <time>2025-06-13T17:29:19.098Z</time>
      </trkpt>
      <trkpt lat="50.941169" lon="12.645231">
        <ele>241.269900</ele>
        <time>2025-06-13T17:29:20.532Z</time>
      </trkpt>
      <trkpt lat="50.941542" lon="12.645728">
        <ele>240.861201</ele>
        <time>2025-06-13T17:29:26.363Z</time>
      </trkpt>
      <trkpt lat="50.941804" lon="12.646071">
        <ele>240.418272</ele>
        <time>2025-06-13T17:29:30.303Z</time>
      </trkpt>
      <trkpt lat="50.942077" lon="12.646398">
        <ele>239.972227</ele>
        <time>2025-06-13T17:29:34.195Z</time>
      </trkpt>
      <trkpt lat="50.942346" lon="12.646550">
        <ele>239.599848</ele>
        <time>2025-06-13T17:29:37.435Z</time>
      </trkpt>
      <trkpt lat="50.942800" lon="12.646712">
        <ele>238.992999</ele>
        <time>2025-06-13T17:29:42.730Z</time>
      </trkpt>
      <trkpt lat="50.943053" lon="12.646861">
        <ele>238.648334</ele>
        <time>2025-06-13T17:29:45.886Z</time>
      </trkpt>
      <trkpt lat="50.943342" lon="12.647110">
        <ele>238.455594</ele>
        <time>2025-06-13T17:29:49.781Z</time>
      </trkpt>
      <trkpt lat="50.943904" lon="12.647624">
        <ele>238.075413</ele>
        <time>2025-06-13T17:29:57.655Z</time>
      </trkpt>
      <trkpt lat="50.944112" lon="12.647891">
        <ele>237.918615</ele>
        <time>2025-06-13T17:30:00.943Z</time>
      </trkpt>
      <trkpt lat="50.944536" lon="12.648592">
        <ele>237.539439</ele>
        <time>2025-06-13T17:30:09.008Z</time>
      </trkpt>
      <trkpt lat="50.944638" lon="12.648768">
        <ele>237.406582</ele>
        <time>2025-06-13T17:30:11.303Z</time>
      </trkpt>
      <trkpt lat="50.944847" lon="12.649166">
        <ele>237.118731</ele>
        <time>2025-06-13T17:30:16.525Z</time>
      </trkpt>
      <trkpt lat="50.945010" lon="12.649745">
        <ele>236.766401</ele>
        <time>2025-06-13T17:30:22.006Z</time>
      </trkpt>
      <trkpt lat="50.945157" lon="12.650074">
        <ele>236.542321</ele>
        <time>2025-06-13T17:30:25.017Z</time>
      </trkpt>
      <trkpt lat="50.945455" lon="12.650614">
        <ele>236.143505</ele>
        <time>2025-06-13T17:30:29.931Z</time>
      </trkpt>
      <trkpt lat="50.945561" lon="12.650742">
        <ele>236.026059</ele>
        <time>2025-06-13T17:30:31.342Z</time>
      </trkpt>
      <trkpt lat="50.945751" lon="12.650825">
        <ele>235.555478</ele>
        <time>2025-06-13T17:30:33.401Z</time>
      </trkpt>
      <trkpt lat="50.945838" lon="12.650196">
        <ele>234.541153</ele>
        <time>2025-06-13T17:30:37.545Z</time>
      </trkpt>
      <trkpt lat="50.945852" lon="12.650094">
        <ele>234.376725</ele>
        <time>2025-06-13T17:30:38.206Z</time>
      </trkpt>
      <trkpt lat="50.945862" lon="12.650030">
        <ele>234.272866</ele>
        <time>2025-06-13T17:30:38.629Z</time>
      </trkpt>
      <trkpt lat="50.946040" lon="12.650120">
        <ele>233.805845</ele>
        <time>2025-06-13T17:30:40.613Z</time>
      </trkpt>
      <trkpt lat="50.946168" lon="12.650122">
        <ele>233.485839</ele>
        <time>2025-06-13T17:30:41.963Z</time>
      </trkpt>
      <trkpt lat="50.946275" lon="12.650055">
        <ele>233.198282</ele>
        <time>2025-06-13T17:30:43.193Z</time>
      </trkpt>
      <trkpt lat="50.946502" lon="12.649833">
        <ele>232.531721</ele>
        <time>2025-06-13T17:30:46.180Z</time>
      </trkpt>
      <trkpt lat="50.946715" lon="12.649539">
        <ele>231.826049</ele>
        <time>2025-06-13T17:30:49.570Z</time>
      </trkpt>
      <trkpt lat="50.946969" lon="12.649387">
        <ele>231.355062</ele>
        <time>2025-06-13T17:30:53.043Z</time>
      </trkpt>
      <trkpt lat="50.947130" lon="12.649212">
        <ele>231.140892</ele>
        <time>2025-06-13T17:30:55.572Z</time>
      </trkpt>
      <trkpt lat="50.947303" lon="12.649022">
        <ele>230.909993</ele>
        <time>2025-06-13T17:30:58.258Z</time>
      </trkpt>
      <trkpt lat="50.947585" lon="12.648393">
        <ele>230.376163</ele>
        <time>2025-06-13T17:31:04.350Z</time>
      </trkpt>
      <trkpt lat="50.947837" lon="12.647801">
        <ele>229.882126</ele>
        <time>2025-06-13T17:31:09.885Z</time>
      </trkpt>
      <trkpt lat="50.948016" lon="12.647148">
        <ele>229.373587</ele>
        <time>2025-06-13T17:31:15.377Z</time>
      </trkpt>
      <trkpt lat="50.948465" lon="12.646192">
        <ele>228.462660</ele>
        <time>2025-06-13T17:31:24.367Z</time>
      </trkpt>
      <trkpt lat="50.948551" lon="12.646056">
        <ele>228.315457</ele>
        <time>2025-06-13T17:31:25.827Z</time>
      </trkpt>
      <trkpt lat="50.948671" lon="12.645942">
        <ele>228.145880</ele>
        <time>2025-06-13T17:31:27.515Z</time>
      </trkpt>
      <trkpt lat="50.948910" lon="12.645749">
        <ele>227.820729</ele>
        <time>2025-06-13T17:31:30.793Z</time>
      </trkpt>
      <trkpt lat="50.949221" lon="12.645438">
        <ele>227.375024</ele>
        <time>2025-06-13T17:31:35.422Z</time>
      </trkpt>
      <trkpt lat="50.949386" lon="12.645490">
        <ele>227.277698</ele>
        <time>2025-06-13T17:31:38.982Z</time>
      </trkpt>
      <trkpt lat="50.949452" lon="12.645525">
        <ele>227.240323</ele>
        <time>2025-06-13T17:31:40.486Z</time>
      </trkpt>
      <trkpt lat="50.949543" lon="12.645593">
        <ele>227.186301</ele>
        <time>2025-06-13T17:31:42.625Z</time>
      </trkpt>
      <trkpt lat="50.949718" lon="12.645558">
        <ele>227.091564</ele>
        <time>2025-06-13T17:31:44.804Z</time>
      </trkpt>
      <trkpt lat="50.949937" lon="12.645534">
        <ele>226.973659</ele>
        <time>2025-06-13T17:31:47.536Z</time>
      </trkpt>
      <trkpt lat="50.950308" lon="12.645433">
        <ele>226.771484</ele>
        <time>2025-06-13T17:31:52.283Z</time>
      </trkpt>
      <trkpt lat="50.950319" lon="12.645430">
        <ele>226.765489</ele>
        <time>2025-06-13T17:31:52.431Z</time>
      </trkpt>
      <trkpt lat="50.950714" lon="12.645265">
        <ele>226.546110</ele>
        <time>2025-06-13T17:31:57.615Z</time>
      </trkpt>
      <trkpt lat="50.950910" lon="12.645152">
        <ele>226.434109</ele>
        <time>2025-06-13T17:32:00.287Z</time>
      </trkpt>
      <trkpt lat="50.951025" lon="12.645041">
        <ele>226.356180</ele>
        <time>2025-06-13T17:32:02.021Z</time>
      </trkpt>
      <trkpt lat="50.951136" lon="12.644839">
        <ele>226.250712</ele>
        <time>2025-06-13T17:32:04.175Z</time>
      </trkpt>
      <trkpt lat="50.951251" lon="12.644703">
        <ele>226.161144</ele>
        <time>2025-06-13T17:32:05.968Z</time>
      </trkpt>
      <trkpt lat="50.951262" lon="12.644317">
        <ele>226.009109</ele>
        <time>2025-06-13T17:32:11.154Z</time>
      </trkpt>
      <trkpt lat="50.951358" lon="12.643840">
        <ele>225.812080</ele>
        <time>2025-06-13T17:32:17.898Z</time>
      </trkpt>
      <trkpt lat="50.951467" lon="12.643647">
        <ele>225.710093</ele>
        <time>2025-06-13T17:32:21.362Z</time>
      </trkpt>
      <trkpt lat="50.951877" lon="12.643268">
        <ele>225.413762</ele>
        <time>2025-06-13T17:32:31.406Z</time>
      </trkpt>
      <trkpt lat="50.952165" lon="12.643049">
        <ele>225.163636</ele>
        <time>2025-06-13T17:32:38.138Z</time>
      </trkpt>
      <trkpt lat="50.953619" lon="12.640831">
        <ele>222.823507</ele>
        <time>2025-06-13T17:33:19.241Z</time>
      </trkpt>
      <trkpt lat="50.954204" lon="12.640042">
        <ele>221.944502</ele>
        <time>2025-06-13T17:33:34.808Z</time>
      </trkpt>
      <trkpt lat="50.954701" lon="12.638900">
        <ele>221.201360</ele>
        <time>2025-06-13T17:33:52.828Z</time>
      </trkpt>
      <trkpt lat="50.954995" lon="12.638458">
        <ele>221.410505</ele>
        <time>2025-06-13T17:34:01.353Z</time>
      </trkpt>
      <trkpt lat="50.955142" lon="12.638182">
        <ele>221.528102</ele>
        <time>2025-06-13T17:34:06.332Z</time>
      </trkpt>
      <trkpt lat="50.955413" lon="12.637453">
        <ele>221.803515</ele>
        <time>2025-06-13T17:34:19.495Z</time>
      </trkpt>
      <trkpt lat="50.955614" lon="12.637094">
        <ele>221.959789</ele>
        <time>2025-06-13T17:34:27.857Z</time>
      </trkpt>
      <trkpt lat="50.955757" lon="12.636917">
        <ele>222.057080</ele>
        <time>2025-06-13T17:34:33.077Z</time>
      </trkpt>
      <trkpt lat="50.955913" lon="12.636790">
        <ele>222.247403</ele>
        <time>2025-06-13T17:34:38.272Z</time>
      </trkpt>
      <trkpt lat="50.956429" lon="12.636489">
        <ele>222.844191</ele>
        <time>2025-06-13T17:34:54.583Z</time>
      </trkpt>
      <trkpt lat="50.957047" lon="12.636200">
        <ele>223.543590</ele>
        <time>2025-06-13T17:35:12.274Z</time>
      </trkpt>
      <trkpt lat="50.958921" lon="12.634904">
        <ele>221.282330</ele>
        <time>2025-06-13T17:35:53.520Z</time>
      </trkpt>
      <trkpt lat="50.959130" lon="12.634733">
        <ele>220.796401</ele>
        <time>2025-06-13T17:35:56.828Z</time>
      </trkpt>
      <trkpt lat="50.959285" lon="12.634745">
        <ele>220.289848</ele>
        <time>2025-06-13T17:35:58.982Z</time>
      </trkpt>
      <trkpt lat="50.959746" lon="12.635167">
        <ele>218.552835</ele>
        <time>2025-06-13T17:36:06.298Z</time>
      </trkpt>
      <trkpt lat="50.959993" lon="12.635476">
        <ele>217.526353</ele>
        <time>2025-06-13T17:36:10.603Z</time>
      </trkpt>
      <trkpt lat="50.960056" lon="12.635482">
        <ele>217.320339</ele>
        <time>2025-06-13T17:36:11.468Z</time>
      </trkpt>
      <trkpt lat="50.960119" lon="12.635476">
        <ele>217.114324</ele>
        <time>2025-06-13T17:36:12.327Z</time>
      </trkpt>
      <trkpt lat="50.960184" lon="12.635452">
        <ele>216.896489</ele>
        <time>2025-06-13T17:36:13.246Z</time>
      </trkpt>
      <trkpt lat="50.960147" lon="12.635345">
        <ele>216.645525</ele>
        <time>2025-06-13T17:36:14.019Z</time>
      </trkpt>
      <trkpt lat="50.959809" lon="12.634448">
        <ele>214.818961</ele>
        <time>2025-06-13T17:36:20.849Z</time>
      </trkpt>
      <trkpt lat="50.959725" lon="12.634170">
        <ele>214.516458</ele>
        <time>2025-06-13T17:36:22.904Z</time>
      </trkpt>
      <trkpt lat="50.959689" lon="12.633906">
        <ele>214.251450</ele>
        <time>2025-06-13T17:36:24.740Z</time>
      </trkpt>
      <trkpt lat="50.959691" lon="12.633656">
        <ele>214.006158</ele>
        <time>2025-06-13T17:36:26.506Z</time>
      </trkpt>
      <trkpt lat="50.959757" lon="12.633130">
        <ele>213.479965</ele>
        <time>2025-06-13T17:36:30.389Z</time>
      </trkpt>
      <trkpt lat="50.959757" lon="12.632922">
        <ele>213.275899</ele>
        <time>2025-06-13T17:36:31.924Z</time>
      </trkpt>
      <trkpt lat="50.959724" lon="12.632659">
        <ele>213.012802</ele>
        <time>2025-06-13T17:36:33.928Z</time>
      </trkpt>
      <trkpt lat="50.959637" lon="12.632334">
        <ele>212.666347</ele>
        <time>2025-06-13T17:36:36.626Z</time>
      </trkpt>
      <trkpt lat="50.959435" lon="12.631916">
        <ele>212.298768</ele>
        <time>2025-06-13T17:36:40.917Z</time>
      </trkpt>
      <trkpt lat="50.959202" lon="12.631580">
        <ele>212.259654</ele>
        <time>2025-06-13T17:36:45.074Z</time>
      </trkpt>
      <trkpt lat="50.958800" lon="12.631132">
        <ele>212.198620</ele>
        <time>2025-06-13T17:36:51.829Z</time>
      </trkpt>
      <trkpt lat="50.958703" lon="12.630971">
        <ele>212.181182</ele>
        <time>2025-06-13T17:36:53.854Z</time>
      </trkpt>
      <trkpt lat="50.958108" lon="12.629860">
        <ele>211.940763</ele>
        <time>2025-06-13T17:37:05.941Z</time>
      </trkpt>
      <trkpt lat="50.958078" lon="12.629807">
        <ele>211.901913</ele>
        <time>2025-06-13T17:37:06.492Z</time>
      </trkpt>
      <trkpt lat="50.957947" lon="12.629595">
        <ele>211.739995</ele>
        <time>2025-06-13T17:37:08.790Z</time>
      </trkpt>
      <trkpt lat="50.957869" lon="12.629321">
        <ele>211.576058</ele>
        <time>2025-06-13T17:37:11.059Z</time>
      </trkpt>
      <trkpt lat="50.957781" lon="12.628476">
        <ele>211.109094</ele>
        <time>2025-06-13T17:37:17.490Z</time>
      </trkpt>
      <trkpt lat="50.957716" lon="12.628148">
        <ele>210.921621</ele>
        <time>2025-06-13T17:37:20.045Z</time>
      </trkpt>
      <trkpt lat="50.957679" lon="12.627555">
        <ele>210.596723</ele>
        <time>2025-06-13T17:37:24.441Z</time>
      </trkpt>
      <trkpt lat="50.957713" lon="12.626981">
        <ele>210.337886</ele>
        <time>2025-06-13T17:37:28.733Z</time>
      </trkpt>
      <trkpt lat="50.957680" lon="12.626713">
        <ele>210.222192</ele>
        <time>2025-06-13T17:37:30.783Z</time>
      </trkpt>
      <trkpt lat="50.957523" lon="12.626229">
        <ele>209.991539</ele>
        <time>2025-06-13T17:37:34.966Z</time>
      </trkpt>
      <trkpt lat="50.957382" lon="12.625929">
        <ele>209.832953</ele>
        <time>2025-06-13T17:37:37.895Z</time>
      </trkpt>
      <trkpt lat="50.957292" lon="12.625643">
        <ele>209.697502</ele>
        <time>2025-06-13T17:37:40.422Z</time>
      </trkpt>
      <trkpt lat="50.957166" lon="12.625067">
        <ele>209.439166</ele>
        <time>2025-06-13T17:37:45.289Z</time>
      </trkpt>
      <trkpt lat="50.957139" lon="12.624932">
        <ele>209.379155</ele>
        <time>2025-06-13T17:37:46.425Z</time>
      </trkpt>
      <trkpt lat="50.957108" lon="12.624766">
        <ele>209.313929</ele>
        <time>2025-06-13T17:37:47.820Z</time>
      </trkpt>
      <trkpt lat="50.957049" lon="12.624538">
        <ele>209.263390</ele>
        <time>2025-06-13T17:37:49.815Z</time>
      </trkpt>
      <trkpt lat="50.957027" lon="12.624288">
        <ele>209.211632</ele>
        <time>2025-06-13T17:37:51.863Z</time>
      </trkpt>
      <trkpt lat="50.957054" lon="12.624045">
        <ele>209.161039</ele>
        <time>2025-06-13T17:37:53.883Z</time>
      </trkpt>
      <trkpt lat="50.957241" lon="12.623281">
        <ele>208.992980</ele>
        <time>2025-06-13T17:38:00.689Z</time>
      </trkpt>
      <trkpt lat="50.957560" lon="12.621754">
        <ele>208.566849</ele>
        <time>2025-06-13T17:38:13.503Z</time>
      </trkpt>
      <trkpt lat="50.957553" lon="12.621334">
        <ele>208.367043</ele>
        <time>2025-06-13T17:38:16.719Z</time>
      </trkpt>
      <trkpt lat="50.957410" lon="12.620652">
        <ele>208.025210</ele>
        <time>2025-06-13T17:38:22.198Z</time>
      </trkpt>
      <trkpt lat="50.957374" lon="12.620439">
        <ele>207.920332</ele>
        <time>2025-06-13T17:38:23.862Z</time>
      </trkpt>
      <trkpt lat="50.957380" lon="12.620306">
        <ele>207.856920</ele>
        <time>2025-06-13T17:38:24.874Z</time>
      </trkpt>
      <trkpt lat="50.957456" lon="12.619943">
        <ele>207.675003</ele>
        <time>2025-06-13T17:38:27.778Z</time>
      </trkpt>
      <trkpt lat="50.957504" lon="12.619545">
        <ele>207.482290</ele>
        <time>2025-06-13T17:38:30.859Z</time>
      </trkpt>
      <trkpt lat="50.957516" lon="12.619276">
        <ele>207.359101</ele>
        <time>2025-06-13T17:38:32.915Z</time>
      </trkpt>
      <trkpt lat="50.957494" lon="12.618910">
        <ele>207.220969</ele>
        <time>2025-06-13T17:38:35.767Z</time>
      </trkpt>
      <trkpt lat="50.957313" lon="12.618206">
        <ele>206.935288</ele>
        <time>2025-06-13T17:38:41.783Z</time>
      </trkpt>
      <trkpt lat="50.957293" lon="12.617809">
        <ele>206.785657</ele>
        <time>2025-06-13T17:38:44.975Z</time>
      </trkpt>
      <trkpt lat="50.957319" lon="12.617330">
        <ele>206.605027</ele>
        <time>2025-06-13T17:38:48.775Z</time>
      </trkpt>
      <trkpt lat="50.957218" lon="12.616779">
        <ele>206.389426</ele>
        <time>2025-06-13T17:38:53.270Z</time>
      </trkpt>
      <trkpt lat="50.957211" lon="12.616683">
        <ele>206.353117</ele>
        <time>2025-06-13T17:38:54.018Z</time>
      </trkpt>
      <trkpt lat="50.957245" lon="12.616438">
        <ele>206.277857</ele>
        <time>2025-06-13T17:38:55.964Z</time>
      </trkpt>
      <trkpt lat="50.957365" lon="12.616167">
        <ele>206.204282</ele>
        <time>2025-06-13T17:38:58.546Z</time>
      </trkpt>
      <trkpt lat="50.957576" lon="12.615755">
        <ele>206.086347</ele>
        <time>2025-06-13T17:39:02.695Z</time>
      </trkpt>
      <trkpt lat="50.957878" lon="12.615027">
        <ele>205.892741</ele>
        <time>2025-06-13T17:39:09.702Z</time>
      </trkpt>
      <trkpt lat="50.958167" lon="12.614476">
        <ele>205.733492</ele>
        <time>2025-06-13T17:39:15.473Z</time>
      </trkpt>
      <trkpt lat="50.958484" lon="12.614118">
        <ele>205.680393</ele>
        <time>2025-06-13T17:39:20.712Z</time>
      </trkpt>
      <trkpt lat="50.958661" lon="12.613879">
        <ele>205.690556</ele>
        <time>2025-06-13T17:39:23.946Z</time>
      </trkpt>
      <trkpt lat="50.958723" lon="12.613746">
        <ele>205.695114</ele>
        <time>2025-06-13T17:39:25.384Z</time>
      </trkpt>
      <trkpt lat="50.958783" lon="12.613471">
        <ele>205.703132</ele>
        <time>2025-06-13T17:39:27.959Z</time>
      </trkpt>
      <trkpt lat="50.958750" lon="12.613190">
        <ele>205.711007</ele>
        <time>2025-06-13T17:39:30.482Z</time>
      </trkpt>
      <trkpt lat="50.958638" lon="12.612871">
        <ele>205.721068</ele>
        <time>2025-06-13T17:39:33.662Z</time>
      </trkpt>
      <trkpt lat="50.958602" lon="12.612692">
        <ele>205.726244</ele>
        <time>2025-06-13T17:39:35.278Z</time>
      </trkpt>
      <trkpt lat="50.958592" lon="12.612507">
        <ele>205.731360</ele>
        <time>2025-06-13T17:39:36.864Z</time>
      </trkpt>
      <trkpt lat="50.958632" lon="12.612220">
        <ele>205.739458</ele>
        <time>2025-06-13T17:39:39.316Z</time>
      </trkpt>
      <trkpt lat="50.958794" lon="12.611496">
        <ele>205.831251</ele>
        <time>2025-06-13T17:39:45.688Z</time>
      </trkpt>
      <trkpt lat="50.958867" lon="12.610792">
        <ele>205.978954</ele>
        <time>2025-06-13T17:39:51.494Z</time>
      </trkpt>
      <trkpt lat="50.959005" lon="12.610175">
        <ele>206.114498</ele>
        <time>2025-06-13T17:39:56.768Z</time>
      </trkpt>
      <trkpt lat="50.959029" lon="12.609872">
        <ele>206.177719</ele>
        <time>2025-06-13T17:39:59.218Z</time>
      </trkpt>
      <trkpt lat="50.958987" lon="12.609298">
        <ele>206.297347</ele>
        <time>2025-06-13T17:40:04.759Z</time>
      </trkpt>
      <trkpt lat="50.959037" lon="12.608913">
        <ele>206.620797</ele>
        <time>2025-06-13T17:40:09.334Z</time>
      </trkpt>
      <trkpt lat="50.959238" lon="12.608274">
        <ele>207.715825</ele>
        <time>2025-06-13T17:40:19.356Z</time>
      </trkpt>
      <trkpt lat="50.959369" lon="12.608295">
        <ele>208.036301</ele>
        <time>2025-06-13T17:40:22.576Z</time>
      </trkpt>
      <trkpt lat="50.959600" lon="12.608420">
        <ele>208.630317</ele>
        <time>2025-06-13T17:40:28.436Z</time>
      </trkpt>
      <trkpt lat="50.960026" lon="12.608858">
        <ele>209.865646</ele>
        <time>2025-06-13T17:40:39.945Z</time>
      </trkpt>
      <trkpt lat="50.960115" lon="12.608848">
        <ele>210.082814</ele>
        <time>2025-06-13T17:40:41.966Z</time>
      </trkpt>
      <trkpt lat="50.960314" lon="12.608617">
        <ele>210.682836</ele>
        <time>2025-06-13T17:40:47.279Z</time>
      </trkpt>
      <trkpt lat="50.960442" lon="12.608383">
        <ele>210.652237</ele>
        <time>2025-06-13T17:40:51.132Z</time>
      </trkpt>
      <trkpt lat="50.960448" lon="12.608244">
        <ele>210.619842</ele>
        <time>2025-06-13T17:40:52.658Z</time>
      </trkpt>
      <trkpt lat="50.960370" lon="12.607919">
        <ele>210.538977</ele>
        <time>2025-06-13T17:40:56.081Z</time>
      </trkpt>
      <trkpt lat="50.960228" lon="12.607671">
        <ele>210.461049</ele>
        <time>2025-06-13T17:40:58.894Z</time>
      </trkpt>
      <trkpt lat="50.960097" lon="12.607449">
        <ele>210.390318</ele>
        <time>2025-06-13T17:41:01.276Z</time>
      </trkpt>
      <trkpt lat="50.960057" lon="12.607227">
        <ele>210.336631</ele>
        <time>2025-06-13T17:41:02.996Z</time>
      </trkpt>
      <trkpt lat="50.960014" lon="12.606670">
        <ele>210.206153</ele>
        <time>2025-06-13T17:41:07.152Z</time>
      </trkpt>
      <trkpt lat="50.959853" lon="12.606142">
        <ele>210.069757</ele>
        <time>2025-06-13T17:41:11.582Z</time>
      </trkpt>
      <trkpt lat="50.959826" lon="12.605961">
        <ele>209.988639</ele>
        <time>2025-06-13T17:41:12.999Z</time>
      </trkpt>
      <trkpt lat="50.959796" lon="12.605479">
        <ele>209.725682</ele>
        <time>2025-06-13T17:41:16.738Z</time>
      </trkpt>
      <trkpt lat="50.959823" lon="12.604951">
        <ele>209.438083</ele>
        <time>2025-06-13T17:41:20.861Z</time>
      </trkpt>
      <trkpt lat="50.960101" lon="12.603400">
        <ele>208.562604</ele>
        <time>2025-06-13T17:41:34.010Z</time>
      </trkpt>
      <trkpt lat="50.960210" lon="12.602627">
        <ele>208.334062</ele>
        <time>2025-06-13T17:41:40.575Z</time>
      </trkpt>
      <trkpt lat="50.960284" lon="12.601648">
        <ele>208.088728</ele>
        <time>2025-06-13T17:41:48.717Z</time>
      </trkpt>
      <trkpt lat="50.960268" lon="12.601301">
        <ele>208.002159</ele>
        <time>2025-06-13T17:41:51.623Z</time>
      </trkpt>
      <trkpt lat="50.960211" lon="12.600948">
        <ele>207.911488</ele>
        <time>2025-06-13T17:41:54.689Z</time>
      </trkpt>
      <trkpt lat="50.959948" lon="12.600155">
        <ele>207.717045</ele>
        <time>2025-06-13T17:42:02.356Z</time>
      </trkpt>
      <trkpt lat="50.959990" lon="12.598598">
        <ele>207.434169</ele>
        <time>2025-06-13T17:42:15.921Z</time>
      </trkpt>
      <trkpt lat="50.960050" lon="12.598339">
        <ele>207.384078</ele>
        <time>2025-06-13T17:42:18.311Z</time>
      </trkpt>
      <trkpt lat="50.960669" lon="12.596529">
        <ele>206.452535</ele>
        <time>2025-06-13T17:42:34.800Z</time>
      </trkpt>
      <trkpt lat="50.961471" lon="12.594543">
        <ele>205.275920</ele>
        <time>2025-06-13T17:42:53.143Z</time>
      </trkpt>
      <trkpt lat="50.961985" lon="12.592868">
        <ele>204.518859</ele>
        <time>2025-06-13T17:43:08.556Z</time>
      </trkpt>
      <trkpt lat="50.962086" lon="12.592326">
        <ele>204.158817</ele>
        <time>2025-06-13T17:43:13.657Z</time>
      </trkpt>
      <trkpt lat="50.962181" lon="12.591964">
        <ele>203.904566</ele>
        <time>2025-06-13T17:43:17.191Z</time>
      </trkpt>
      <trkpt lat="50.962245" lon="12.591851">
        <ele>203.806042</ele>
        <time>2025-06-13T17:43:18.398Z</time>
      </trkpt>
      <trkpt lat="50.962365" lon="12.591766">
        <ele>203.670784</ele>
        <time>2025-06-13T17:43:20.035Z</time>
      </trkpt>
      <trkpt lat="50.962529" lon="12.591789">
        <ele>203.501312</ele>
        <time>2025-06-13T17:43:22.023Z</time>
      </trkpt>
      <trkpt lat="50.963009" lon="12.592098">
        <ele>202.968154</ele>
        <time>2025-06-13T17:43:28.130Z</time>
      </trkpt>
      <trkpt lat="50.963156" lon="12.591433">
        <ele>202.537677</ele>
        <time>2025-06-13T17:43:33.114Z</time>
      </trkpt>
      <trkpt lat="50.963174" lon="12.591162">
        <ele>202.393124</ele>
        <time>2025-06-13T17:43:35.083Z</time>
      </trkpt>
      <trkpt lat="50.963172" lon="12.591084">
        <ele>202.351713</ele>
        <time>2025-06-13T17:43:35.634Z</time>
      </trkpt>
      <trkpt lat="50.963150" lon="12.590898">
        <ele>202.251322</ele>
        <time>2025-06-13T17:43:36.979Z</time>
      </trkpt>
      <trkpt lat="50.963110" lon="12.590814">
        <ele>202.195460</ele>
        <time>2025-06-13T17:43:37.715Z</time>
      </trkpt>
      <trkpt lat="50.963125" lon="12.590665">
        <ele>202.115417</ele>
        <time>2025-06-13T17:43:38.819Z</time>
      </trkpt>
      <trkpt lat="50.962888" lon="12.589337">
        <ele>201.383223</ele>
        <time>2025-06-13T17:43:49.547Z</time>
      </trkpt>
      <trkpt lat="50.962982" lon="12.589253">
        <ele>201.292373</ele>
        <time>2025-06-13T17:43:51.222Z</time>
      </trkpt>
      <trkpt lat="50.963072" lon="12.589170">
        <ele>201.204712</ele>
        <time>2025-06-13T17:43:52.913Z</time>
      </trkpt>
      <trkpt lat="50.963125" lon="12.589119">
        <ele>201.152515</ele>
        <time>2025-06-13T17:43:53.948Z</time>
      </trkpt>
      <trkpt lat="50.963070" lon="12.588877">
        <ele>201.398091</ele>
        <time>2025-06-13T17:43:56.725Z</time>
      </trkpt>
      <trkpt lat="50.963040" lon="12.588703">
        <ele>201.593221</ele>
        <time>2025-06-13T17:43:58.717Z</time>
      </trkpt>
      <trkpt lat="50.963037" lon="12.587776">
        <ele>202.595915</ele>
        <time>2025-06-13T17:44:09.773Z</time>
      </trkpt>
      <trkpt lat="50.962860" lon="12.586554">
        <ele>203.952185</ele>
        <time>2025-06-13T17:44:26.163Z</time>
      </trkpt>
      <trkpt lat="50.962966" lon="12.585090">
        <ele>205.693632</ele>
        <time>2025-06-13T17:44:45.262Z</time>
      </trkpt>
      <trkpt lat="50.962990" lon="12.584724">
        <ele>206.136280</ele>
        <time>2025-06-13T17:44:49.900Z</time>
      </trkpt>
      <trkpt lat="50.963004" lon="12.584384">
        <ele>206.546145</ele>
        <time>2025-06-13T17:44:55.835Z</time>
      </trkpt>
      <trkpt lat="50.963108" lon="12.583461">
        <ele>207.672681</ele>
        <time>2025-06-13T17:45:11.767Z</time>
      </trkpt>
      <trkpt lat="50.963243" lon="12.581938">
        <ele>209.205567</ele>
        <time>2025-06-13T17:45:37.508Z</time>
      </trkpt>
      <trkpt lat="50.963569" lon="12.577885">
        <ele>213.623883</ele>
        <time>2025-06-13T17:46:47.701Z</time>
      </trkpt>
      <trkpt lat="50.966564" lon="12.578517">
        <ele>219.493222</ele>
        <time>2025-06-13T17:48:15.300Z</time>
      </trkpt>
      <trkpt lat="50.967401" lon="12.568943">
        <ele>223.207611</ele>
        <time>2025-06-13T17:50:40.430Z</time>
      </trkpt>
      <trkpt lat="50.968192" lon="12.559675">
        <ele>219.899058</ele>
        <time>2025-06-13T17:52:45.549Z</time>
      </trkpt>
      <trkpt lat="50.969051" lon="12.549665">
        <ele>215.918949</ele>
        <time>2025-06-13T17:55:00.550Z</time>
      </trkpt>
      <trkpt lat="50.969547" lon="12.543643">
        <ele>213.055140</ele>
        <time>2025-06-13T17:56:20.418Z</time>
      </trkpt>
      <trkpt lat="50.969905" lon="12.540262">
        <ele>213.509072</ele>
        <time>2025-06-13T17:57:12.382Z</time>
      </trkpt>
      <trkpt lat="50.971469" lon="12.540487">
        <ele>212.710023</ele>
        <time>2025-06-13T17:57:45.128Z</time>
      </trkpt>
      <trkpt lat="50.978961" lon="12.542004">
        <ele>209.229414</ele>
        <time>2025-06-13T18:00:27.026Z</time>
      </trkpt>
      <trkpt lat="50.981982" lon="12.542739">
        <ele>208.690618</ele>
        <time>2025-06-13T18:01:36.413Z</time>
      </trkpt>
      <trkpt lat="50.988047" lon="12.543990">
        <ele>194.121793</ele>
        <time>2025-06-13T18:03:32.408Z</time>
      </trkpt>
      <trkpt lat="50.988954" lon="12.544251">
        <ele>192.500403</ele>
        <time>2025-06-13T18:03:50.207Z</time>
      </trkpt>
      <trkpt lat="50.989424" lon="12.544355">
        <ele>192.429315</ele>
        <time>2025-06-13T18:04:00.392Z</time>
      </trkpt>
      <trkpt lat="50.991852" lon="12.544888">
        <ele>196.810290</ele>
        <time>2025-06-13T18:05:12.371Z</time>
      </trkpt>
      <trkpt lat="50.993070" lon="12.545090">
        <ele>198.781980</ele>
        <time>2025-06-13T18:05:45.712Z</time>
      </trkpt>
      <trkpt lat="50.994822" lon="12.545482">
        <ele>199.786919</ele>
        <time>2025-06-13T18:06:26.989Z</time>
      </trkpt>
      <trkpt lat="50.997131" lon="12.545926">
        <ele>200.647123</ele>
        <time>2025-06-13T18:07:19.203Z</time>
      </trkpt>
      <trkpt lat="50.998176" lon="12.546191">
        <ele>201.532042</ele>
        <time>2025-06-13T18:07:47.792Z</time>
      </trkpt>
      <trkpt lat="50.998486" lon="12.546315">
        <ele>201.719998</ele>
        <time>2025-06-13T18:07:56.153Z</time>
      </trkpt>
      <trkpt lat="50.998861" lon="12.546519">
        <ele>201.953048</ele>
        <time>2025-06-13T18:08:05.813Z</time>
      </trkpt>
      <trkpt lat="50.998905" lon="12.546580">
        <ele>201.987382</ele>
        <time>2025-06-13T18:08:07.188Z</time>
      </trkpt>
      <trkpt lat="50.999478" lon="12.547331">
        <ele>202.424104</ele>
        <time>2025-06-13T18:08:23.842Z</time>
      </trkpt>
      <trkpt lat="51.000211" lon="12.548405">
        <ele>202.944917</ele>
        <time>2025-06-13T18:08:46.551Z</time>
      </trkpt>
      <trkpt lat="51.000566" lon="12.549074">
        <ele>203.222002</ele>
        <time>2025-06-13T18:09:00.310Z</time>
      </trkpt>
      <trkpt lat="51.001003" lon="12.549707">
        <ele>203.529514</ele>
        <time>2025-06-13T18:09:14.601Z</time>
      </trkpt>
      <trkpt lat="51.001080" lon="12.549829">
        <ele>203.593700</ele>
        <time>2025-06-13T18:09:17.199Z</time>
      </trkpt>
      <trkpt lat="51.001213" lon="12.549721">
        <ele>203.681866</ele>
        <time>2025-06-13T18:09:20.721Z</time>
      </trkpt>
      <trkpt lat="51.001391" lon="12.549580">
        <ele>203.799269</ele>
        <time>2025-06-13T18:09:25.380Z</time>
      </trkpt>
      <trkpt lat="51.001694" lon="12.549444">
        <ele>203.985125</ele>
        <time>2025-06-13T18:09:32.751Z</time>
      </trkpt>
      <trkpt lat="51.001917" lon="12.549185">
        <ele>204.148172</ele>
        <time>2025-06-13T18:09:39.159Z</time>
      </trkpt>
      <trkpt lat="51.002098" lon="12.548851">
        <ele>204.311906</ele>
        <time>2025-06-13T18:09:45.566Z</time>
      </trkpt>
      <trkpt lat="51.002527" lon="12.546996">
        <ele>205.840230</ele>
        <time>2025-06-13T18:10:17.611Z</time>
      </trkpt>
      <trkpt lat="51.002772" lon="12.546083">
        <ele>206.769346</ele>
        <time>2025-06-13T18:10:34.785Z</time>
      </trkpt>
      <trkpt lat="51.003597" lon="12.544579">
        <ele>208.994562</ele>
        <time>2025-06-13T18:11:10.115Z</time>
      </trkpt>
      <trkpt lat="51.003896" lon="12.543823">
        <ele>210.038239</ele>
        <time>2025-06-13T18:11:26.001Z</time>
      </trkpt>
      <trkpt lat="51.004557" lon="12.541673">
        <ele>211.600491</ele>
        <time>2025-06-13T18:12:06.012Z</time>
      </trkpt>
      <trkpt lat="51.004716" lon="12.541067">
        <ele>211.955083</ele>
        <time>2025-06-13T18:12:15.360Z</time>
      </trkpt>
      <trkpt lat="51.004967" lon="12.539935">
        <ele>211.180515</ele>
        <time>2025-06-13T18:12:31.137Z</time>
      </trkpt>
      <trkpt lat="51.005170" lon="12.539177">
        <ele>210.407114</ele>
        <time>2025-06-13T18:12:41.337Z</time>
      </trkpt>
      <trkpt lat="51.005435" lon="12.538343">
        <ele>209.529975</ele>
        <time>2025-06-13T18:12:52.745Z</time>
      </trkpt>
      <trkpt lat="51.005419" lon="12.538057">
        <ele>209.220363</ele>
        <time>2025-06-13T18:12:56.251Z</time>
      </trkpt>
      <trkpt lat="51.005439" lon="12.537968">
        <ele>209.106218</ele>
        <time>2025-06-13T18:12:57.403Z</time>
      </trkpt>
      <trkpt lat="51.005472" lon="12.537820">
        <ele>208.916569</ele>
        <time>2025-06-13T18:12:59.312Z</time>
      </trkpt>
      <trkpt lat="51.005674" lon="12.537446">
        <ele>208.321259</ele>
        <time>2025-06-13T18:13:05.325Z</time>
      </trkpt>
      <trkpt lat="51.006031" lon="12.536641">
        <ele>207.131754</ele>
        <time>2025-06-13T18:13:17.463Z</time>
      </trkpt>
      <trkpt lat="51.006194" lon="12.536161">
        <ele>206.472969</ele>
        <time>2025-06-13T18:13:24.296Z</time>
      </trkpt>
      <trkpt lat="51.006866" lon="12.533859">
        <ele>203.599894</ele>
        <time>2025-06-13T18:13:56.004Z</time>
      </trkpt>
      <trkpt lat="51.007477" lon="12.532076">
        <ele>201.245022</ele>
        <time>2025-06-13T18:14:21.004Z</time>
      </trkpt>
      <trkpt lat="51.007855" lon="12.530410">
        <ele>199.236647</ele>
        <time>2025-06-13T18:14:42.789Z</time>
      </trkpt>
      <trkpt lat="51.008194" lon="12.529031">
        <ele>198.203915</ele>
        <time>2025-06-13T18:15:01.753Z</time>
      </trkpt>
      <trkpt lat="51.008265" lon="12.528491">
        <ele>197.819103</ele>
        <time>2025-06-13T18:15:08.966Z</time>
      </trkpt>
      <trkpt lat="51.008338" lon="12.528122">
        <ele>197.549286</ele>
        <time>2025-06-13T18:15:14.061Z</time>
      </trkpt>
      <trkpt lat="51.008390" lon="12.528031">
        <ele>197.463539</ele>
        <time>2025-06-13T18:15:15.722Z</time>
      </trkpt>
      <trkpt lat="51.008123" lon="12.526759">
        <ele>197.561387</ele>
        <time>2025-06-13T18:15:26.522Z</time>
      </trkpt>
      <trkpt lat="51.007916" lon="12.525433">
        <ele>197.773717</ele>
        <time>2025-06-13T18:15:38.652Z</time>
      </trkpt>
      <trkpt lat="51.007872" lon="12.525146">
        <ele>197.832302</ele>
        <time>2025-06-13T18:15:41.757Z</time>
      </trkpt>
      <trkpt lat="51.009169" lon="12.525140">
        <ele>199.975670</ele>
        <time>2025-06-13T18:16:09.174Z</time>
      </trkpt>
      <trkpt lat="51.009924" lon="12.525213">
        <ele>200.780919</ele>
        <time>2025-06-13T18:16:24.199Z</time>
      </trkpt>
      <trkpt lat="51.011818" lon="12.525478">
        <ele>200.143085</ele>
        <time>2025-06-13T18:16:51.217Z</time>
      </trkpt>
      <trkpt lat="51.013755" lon="12.525835">
        <ele>197.257692</ele>
        <time>2025-06-13T18:17:15.345Z</time>
      </trkpt>
      <trkpt lat="51.014435" lon="12.525843">
        <ele>196.478389</ele>
        <time>2025-06-13T18:17:24.041Z</time>
      </trkpt>
      <trkpt lat="51.014524" lon="12.525903">
        <ele>196.367600</ele>
        <time>2025-06-13T18:17:25.328Z</time>
      </trkpt>
      <trkpt lat="51.015429" lon="12.526977">
        <ele>196.528417</ele>
        <time>2025-06-13T18:17:42.695Z</time>
      </trkpt>
      <trkpt lat="51.016705" lon="12.528276">
        <ele>198.532679</ele>
        <time>2025-06-13T18:18:13.288Z</time>
      </trkpt>
      <trkpt lat="51.017134" lon="12.528636">
        <ele>199.409888</ele>
        <time>2025-06-13T18:18:23.403Z</time>
      </trkpt>
      <trkpt lat="51.018938" lon="12.529390">
        <ele>202.056994</ele>
        <time>2025-06-13T18:19:00.743Z</time>
      </trkpt>
      <trkpt lat="51.019401" lon="12.529552">
        <ele>202.529175</ele>
        <time>2025-06-13T18:19:08.790Z</time>
      </trkpt>
      <trkpt lat="51.019756" lon="12.529554">
        <ele>202.882753</ele>
        <time>2025-06-13T18:19:14.318Z</time>
      </trkpt>
      <trkpt lat="51.020864" lon="12.528823">
        <ele>202.220319</ele>
        <time>2025-06-13T18:19:31.082Z</time>
      </trkpt>
      <trkpt lat="51.023000" lon="12.527244">
        <ele>199.899512</ele>
        <time>2025-06-13T18:20:02.392Z</time>
      </trkpt>
      <trkpt lat="51.023415" lon="12.526977">
        <ele>199.257656</ele>
        <time>2025-06-13T18:20:08.205Z</time>
      </trkpt>
      <trkpt lat="51.023638" lon="12.526883">
        <ele>198.900771</ele>
        <time>2025-06-13T18:20:11.175Z</time>
      </trkpt>
      <trkpt lat="51.023848" lon="12.526862">
        <ele>198.575275</ele>
        <time>2025-06-13T18:20:13.860Z</time>
      </trkpt>
      <trkpt lat="51.024554" lon="12.527014">
        <ele>197.473175</ele>
        <time>2025-06-13T18:20:22.898Z</time>
      </trkpt>
      <trkpt lat="51.025065" lon="12.526955">
        <ele>196.701283</ele>
        <time>2025-06-13T18:20:29.406Z</time>
      </trkpt>
      <trkpt lat="51.025910" lon="12.526959">
        <ele>195.482777</ele>
        <time>2025-06-13T18:20:40.231Z</time>
      </trkpt>
      <trkpt lat="51.026006" lon="12.526879">
        <ele>195.326480</ele>
        <time>2025-06-13T18:20:41.631Z</time>
      </trkpt>
      <trkpt lat="51.026195" lon="12.526611">
        <ele>194.961293</ele>
        <time>2025-06-13T18:20:44.922Z</time>
      </trkpt>
      <trkpt lat="51.026319" lon="12.526509">
        <ele>194.759970</ele>
        <time>2025-06-13T18:20:46.736Z</time>
      </trkpt>
      <trkpt lat="51.027637" lon="12.526010">
        <ele>192.983808</ele>
        <time>2025-06-13T18:21:04.472Z</time>
      </trkpt>
      <trkpt lat="51.027856" lon="12.525869">
        <ele>192.681253</ele>
        <time>2025-06-13T18:21:07.566Z</time>
      </trkpt>
      <trkpt lat="51.028547" lon="12.525238">
        <ele>191.756386</ele>
        <time>2025-06-13T18:21:17.975Z</time>
      </trkpt>
      <trkpt lat="51.029713" lon="12.524019">
        <ele>190.368611</ele>
        <time>2025-06-13T18:21:36.557Z</time>
      </trkpt>
      <trkpt lat="51.031443" lon="12.521713">
        <ele>189.286622</ele>
        <time>2025-06-13T18:22:08.685Z</time>
      </trkpt>
      <trkpt lat="51.031852" lon="12.521205">
        <ele>188.973179</ele>
        <time>2025-06-13T18:22:15.261Z</time>
      </trkpt>
      <trkpt lat="51.032024" lon="12.521016">
        <ele>188.846909</ele>
        <time>2025-06-13T18:22:17.879Z</time>
      </trkpt>
      <trkpt lat="51.032280" lon="12.520758">
        <ele>188.663859</ele>
        <time>2025-06-13T18:22:21.622Z</time>
      </trkpt>
      <trkpt lat="51.032420" lon="12.520680">
        <ele>188.574265</ele>
        <time>2025-06-13T18:22:23.418Z</time>
      </trkpt>
      <trkpt lat="51.032899" lon="12.520423">
        <ele>188.125528</ele>
        <time>2025-06-13T18:22:29.472Z</time>
      </trkpt>
      <trkpt lat="51.033029" lon="12.520322">
        <ele>187.962956</ele>
        <time>2025-06-13T18:22:31.186Z</time>
      </trkpt>
      <trkpt lat="51.033093" lon="12.520224">
        <ele>187.863124</ele>
        <time>2025-06-13T18:22:32.242Z</time>
      </trkpt>
      <trkpt lat="51.033273" lon="12.520327">
        <ele>187.648177</ele>
        <time>2025-06-13T18:22:34.608Z</time>
      </trkpt>
      <trkpt lat="51.033467" lon="12.520114">
        <ele>187.383285</ele>
        <time>2025-06-13T18:22:37.485Z</time>
      </trkpt>
      <trkpt lat="51.033656" lon="12.520031">
        <ele>187.162973</ele>
        <time>2025-06-13T18:22:39.866Z</time>
      </trkpt>
      <trkpt lat="51.033666" lon="12.520024">
        <ele>187.150696</ele>
        <time>2025-06-13T18:22:40.000Z</time>
      </trkpt>
      <trkpt lat="51.033856" lon="12.519884">
        <ele>186.915404</ele>
        <time>2025-06-13T18:22:42.530Z</time>
      </trkpt>
      <trkpt lat="51.034059" lon="12.519762">
        <ele>186.671564</ele>
        <time>2025-06-13T18:22:57.630Z</time>
      </trkpt>
      <trkpt lat="51.034303" lon="12.519623">
        <ele>186.387666</ele>
        <time>2025-06-13T18:23:00.789Z</time>
      </trkpt>
      <trkpt lat="51.034833" lon="12.519420">
        <ele>185.905901</ele>
        <time>2025-06-13T18:23:07.592Z</time>
      </trkpt>
      <trkpt lat="51.035020" lon="12.519367">
        <ele>185.738041</ele>
        <time>2025-06-13T18:23:09.999Z</time>
      </trkpt>
      <trkpt lat="51.035388" lon="12.519376">
        <ele>185.412794</ele>
        <time>2025-06-13T18:23:14.768Z</time>
      </trkpt>
      <trkpt lat="51.035628" lon="12.519438">
        <ele>185.197921</ele>
        <time>2025-06-13T18:23:17.916Z</time>
      </trkpt>
      <trkpt lat="51.035924" lon="12.519566">
        <ele>184.926841</ele>
        <time>2025-06-13T18:23:21.872Z</time>
      </trkpt>
      <trkpt lat="51.036045" lon="12.519651">
        <ele>184.797172</ele>
        <time>2025-06-13T18:23:23.552Z</time>
      </trkpt>
      <trkpt lat="51.036269" lon="12.519935">
        <ele>184.331499</ele>
        <time>2025-06-13T18:23:27.144Z</time>
      </trkpt>
      <trkpt lat="51.036502" lon="12.520129">
        <ele>183.903983</ele>
        <time>2025-06-13T18:23:30.329Z</time>
      </trkpt>
      <trkpt lat="51.036873" lon="12.520335">
        <ele>183.265216</ele>
        <time>2025-06-13T18:23:34.937Z</time>
      </trkpt>
      <trkpt lat="51.037278" lon="12.520426">
        <ele>182.600345</ele>
        <time>2025-06-13T18:23:39.654Z</time>
      </trkpt>
      <trkpt lat="51.037472" lon="12.520397">
        <ele>182.283606</ele>
        <time>2025-06-13T18:23:41.878Z</time>
      </trkpt>
      <trkpt lat="51.037970" lon="12.520476">
        <ele>181.507110</ele>
        <time>2025-06-13T18:23:47.609Z</time>
      </trkpt>
      <trkpt lat="51.038057" lon="12.520445">
        <ele>181.374624</ele>
        <time>2025-06-13T18:23:48.633Z</time>
      </trkpt>
      <trkpt lat="51.038137" lon="12.520388">
        <ele>181.244360</ele>
        <time>2025-06-13T18:23:49.637Z</time>
      </trkpt>
      <trkpt lat="51.038248" lon="12.520238">
        <ele>181.027909</ele>
        <time>2025-06-13T18:23:51.335Z</time>
      </trkpt>
      <trkpt lat="51.038355" lon="12.520020">
        <ele>180.769503</ele>
        <time>2025-06-13T18:23:53.370Z</time>
      </trkpt>
      <trkpt lat="51.038452" lon="12.519900">
        <ele>180.586887</ele>
        <time>2025-06-13T18:23:54.820Z</time>
      </trkpt>
      <trkpt lat="51.038817" lon="12.519630">
        <ele>179.988700</ele>
        <time>2025-06-13T18:23:59.714Z</time>
      </trkpt>
      <trkpt lat="51.039290" lon="12.519441">
        <ele>179.263983</ele>
        <time>2025-06-13T18:24:05.817Z</time>
      </trkpt>
      <trkpt lat="51.039596" lon="12.519253">
        <ele>179.031464</ele>
        <time>2025-06-13T18:24:09.964Z</time>
      </trkpt>
      <trkpt lat="51.040039" lon="12.518747">
        <ele>178.677955</ele>
        <time>2025-06-13T18:24:16.945Z</time>
      </trkpt>
      <trkpt lat="51.040120" lon="12.518616">
        <ele>178.603079</ele>
        <time>2025-06-13T18:24:18.423Z</time>
      </trkpt>
      <trkpt lat="51.040123" lon="12.518469">
        <ele>178.543139</ele>
        <time>2025-06-13T18:24:19.618Z</time>
      </trkpt>
      <trkpt lat="51.040086" lon="12.518344">
        <ele>178.486834</ele>
        <time>2025-06-13T18:24:20.744Z</time>
      </trkpt>
      <trkpt lat="51.040805" lon="12.517942">
        <ele>178.082838</ele>
        <time>2025-06-13T18:24:30.334Z</time>
      </trkpt>
      <trkpt lat="51.040901" lon="12.517888">
        <ele>178.101624</ele>
        <time>2025-06-13T18:24:31.639Z</time>
      </trkpt>
      <trkpt lat="51.041139" lon="12.517651">
        <ele>178.153430</ele>
        <time>2025-06-13T18:24:35.274Z</time>
      </trkpt>
      <trkpt lat="51.041404" lon="12.517261">
        <ele>178.220040</ele>
        <time>2025-06-13T18:24:40.026Z</time>
      </trkpt>
      <trkpt lat="51.041517" lon="12.517154">
        <ele>178.244302</ele>
        <time>2025-06-13T18:24:41.798Z</time>
      </trkpt>
      <trkpt lat="51.042359" lon="12.516642">
        <ele>178.499676</ele>
        <time>2025-06-13T18:24:55.291Z</time>
      </trkpt>
      <trkpt lat="51.043346" lon="12.516037">
        <ele>179.789593</ele>
        <time>2025-06-13T18:25:13.720Z</time>
      </trkpt>
      <trkpt lat="51.044097" lon="12.515595">
        <ele>180.707819</ele>
        <time>2025-06-13T18:25:27.803Z</time>
      </trkpt>
      <trkpt lat="51.044225" lon="12.515640">
        <ele>180.815321</ele>
        <time>2025-06-13T18:25:30.011Z</time>
      </trkpt>
      <trkpt lat="51.044322" lon="12.515485">
        <ele>180.928080</ele>
        <time>2025-06-13T18:25:32.376Z</time>
      </trkpt>
      <trkpt lat="51.045881" lon="12.514843">
        <ele>182.207812</ele>
        <time>2025-06-13T18:25:57.683Z</time>
      </trkpt>
      <trkpt lat="51.047265" lon="12.514908">
        <ele>183.092947</ele>
        <time>2025-06-13T18:26:19.838Z</time>
      </trkpt>
      <trkpt lat="51.048539" lon="12.515180">
        <ele>183.589802</ele>
        <time>2025-06-13T18:26:39.977Z</time>
      </trkpt>
      <trkpt lat="51.049502" lon="12.515323">
        <ele>183.673837</ele>
        <time>2025-06-13T18:26:53.406Z</time>
      </trkpt>
      <trkpt lat="51.049737" lon="12.515397">
        <ele>183.532912</ele>
        <time>2025-06-13T18:26:56.586Z</time>
      </trkpt>
      <trkpt lat="51.052910" lon="12.517326">
        <ele>180.710521</ele>
        <time>2025-06-13T18:27:39.839Z</time>
      </trkpt>
      <trkpt lat="51.053149" lon="12.517551">
        <ele>180.200812</ele>
        <time>2025-06-13T18:27:43.156Z</time>
      </trkpt>
      <trkpt lat="51.053449" lon="12.518102">
        <ele>179.359809</ele>
        <time>2025-06-13T18:27:52.182Z</time>
      </trkpt>
      <trkpt lat="51.053735" lon="12.518513">
        <ele>178.652434</ele>
        <time>2025-06-13T18:27:59.597Z</time>
      </trkpt>
      <trkpt lat="51.054852" lon="12.519892">
        <ele>175.524238</ele>
        <time>2025-06-13T18:28:26.318Z</time>
      </trkpt>
      <trkpt lat="51.055424" lon="12.520862">
        <ele>173.683663</ele>
        <time>2025-06-13T18:28:42.479Z</time>
      </trkpt>
      <trkpt lat="51.056086" lon="12.521835">
        <ele>172.951734</ele>
        <time>2025-06-13T18:29:00.827Z</time>
      </trkpt>
      <trkpt lat="51.056975" lon="12.523288">
        <ele>172.547216</ele>
        <time>2025-06-13T18:29:29.039Z</time>
      </trkpt>
      <trkpt lat="51.058814" lon="12.526600">
        <ele>173.493261</ele>
        <time>2025-06-13T18:30:37.582Z</time>
      </trkpt>
      <trkpt lat="51.059994" lon="12.528727">
        <ele>170.577300</ele>
        <time>2025-06-13T18:30:58.163Z</time>
      </trkpt>
      <trkpt lat="51.061545" lon="12.531652">
        <ele>164.339787</ele>
        <time>2025-06-13T18:31:24.611Z</time>
      </trkpt>
      <trkpt lat="51.062441" lon="12.533487">
        <ele>160.854969</ele>
        <time>2025-06-13T18:31:40.998Z</time>
      </trkpt>
      <trkpt lat="51.063221" lon="12.534805">
        <ele>158.945625</ele>
        <time>2025-06-13T18:31:54.292Z</time>
      </trkpt>
      <trkpt lat="51.063905" lon="12.535997">
        <ele>157.414088</ele>
        <time>2025-06-13T18:32:06.721Z</time>
      </trkpt>
      <trkpt lat="51.064002" lon="12.536306">
        <ele>157.149923</ele>
        <time>2025-06-13T18:32:09.401Z</time>
      </trkpt>
      <trkpt lat="51.064106" lon="12.536560">
        <ele>156.918072</ele>
        <time>2025-06-13T18:32:11.738Z</time>
      </trkpt>
      <trkpt lat="51.064255" lon="12.536824">
        <ele>156.646695</ele>
        <time>2025-06-13T18:32:14.448Z</time>
      </trkpt>
      <trkpt lat="51.064737" lon="12.537573">
        <ele>155.826817</ele>
        <time>2025-06-13T18:32:22.592Z</time>
      </trkpt>
      <trkpt lat="51.064880" lon="12.537755">
        <ele>155.603975</ele>
        <time>2025-06-13T18:32:24.837Z</time>
      </trkpt>
      <trkpt lat="51.065140" lon="12.537932">
        <ele>155.378821</ele>
        <time>2025-06-13T18:32:28.346Z</time>
      </trkpt>
      <trkpt lat="51.065294" lon="12.537976">
        <ele>155.275107</ele>
        <time>2025-06-13T18:32:30.310Z</time>
      </trkpt>
      <trkpt lat="51.065532" lon="12.537977">
        <ele>155.117344</ele>
        <time>2025-06-13T18:32:33.311Z</time>
      </trkpt>
      <trkpt lat="51.065649" lon="12.537935">
        <ele>155.037840</ele>
        <time>2025-06-13T18:32:34.838Z</time>
      </trkpt>
      <trkpt lat="51.065813" lon="12.537853">
        <ele>154.923889</ele>
        <time>2025-06-13T18:32:37.056Z</time>
      </trkpt>
      <trkpt lat="51.065970" lon="12.537729">
        <ele>154.807705</ele>
        <time>2025-06-13T18:32:39.324Z</time>
      </trkpt>
      <trkpt lat="51.067144" lon="12.536745">
        <ele>154.199391</ele>
        <time>2025-06-13T18:32:56.953Z</time>
      </trkpt>
      <trkpt lat="51.067370" lon="12.536592">
        <ele>154.146775</ele>
        <time>2025-06-13T18:33:00.269Z</time>
      </trkpt>
      <trkpt lat="51.067803" lon="12.536371">
        <ele>154.049358</ele>
        <time>2025-06-13T18:33:06.461Z</time>
      </trkpt>
      <trkpt lat="51.068214" lon="12.536270">
        <ele>153.960264</ele>
        <time>2025-06-13T18:33:12.208Z</time>
      </trkpt>
      <trkpt lat="51.068254" lon="12.536263">
        <ele>153.951643</ele>
        <time>2025-06-13T18:33:12.760Z</time>
      </trkpt>
      <trkpt lat="51.068473" lon="12.536257">
        <ele>153.967492</ele>
        <time>2025-06-13T18:33:15.857Z</time>
      </trkpt>
      <trkpt lat="51.068703" lon="12.536268">
        <ele>153.997814</ele>
        <time>2025-06-13T18:33:19.147Z</time>
      </trkpt>
      <trkpt lat="51.068738" lon="12.536299">
        <ele>154.003092</ele>
        <time>2025-06-13T18:33:19.716Z</time>
      </trkpt>
      <trkpt lat="51.068814" lon="12.536203">
        <ele>154.015878</ele>
        <time>2025-06-13T18:33:21.096Z</time>
      </trkpt>
      <trkpt lat="51.068920" lon="12.536135">
        <ele>154.030938</ele>
        <time>2025-06-13T18:33:22.701Z</time>
      </trkpt>
      <trkpt lat="51.069130" lon="12.535727">
        <ele>154.074608</ele>
        <time>2025-06-13T18:33:27.177Z</time>
      </trkpt>
      <trkpt lat="51.069427" lon="12.535157">
        <ele>154.135921</ele>
        <time>2025-06-13T18:33:33.534Z</time>
      </trkpt>
      <trkpt lat="51.069584" lon="12.534908">
        <ele>154.165129</ele>
        <time>2025-06-13T18:33:36.617Z</time>
      </trkpt>
      <trkpt lat="51.069711" lon="12.534780">
        <ele>154.218546</ele>
        <time>2025-06-13T18:33:38.713Z</time>
      </trkpt>
      <trkpt lat="51.069788" lon="12.534745">
        <ele>154.310794</ele>
        <time>2025-06-13T18:33:39.837Z</time>
      </trkpt>
      <trkpt lat="51.070771" lon="12.534309">
        <ele>155.486319</ele>
        <time>2025-06-13T18:33:55.522Z</time>
      </trkpt>
      <trkpt lat="51.070937" lon="12.534411">
        <ele>155.691302</ele>
        <time>2025-06-13T18:34:00.179Z</time>
      </trkpt>
      <trkpt lat="51.071222" lon="12.534554">
        <ele>156.035538</ele>
        <time>2025-06-13T18:34:08.338Z</time>
      </trkpt>
      <trkpt lat="51.071555" lon="12.534527">
        <ele>156.661792</ele>
        <time>2025-06-13T18:34:18.032Z</time>
      </trkpt>
      <trkpt lat="51.072041" lon="12.534368">
        <ele>158.061680</ele>
        <time>2025-06-13T18:34:33.781Z</time>
      </trkpt>
      <trkpt lat="51.072429" lon="12.534192">
        <ele>159.199992</ele>
        <time>2025-06-13T18:34:47.131Z</time>
      </trkpt>
      <trkpt lat="51.072605" lon="12.534181">
        <ele>159.696947</ele>
        <time>2025-06-13T18:34:52.955Z</time>
      </trkpt>
      <trkpt lat="51.072846" lon="12.534258">
        <ele>160.390478</ele>
        <time>2025-06-13T18:35:01.074Z</time>
      </trkpt>
      <trkpt lat="51.073208" lon="12.534485">
        <ele>161.282245</ele>
        <time>2025-06-13T18:35:13.210Z</time>
      </trkpt>
      <trkpt lat="51.073927" lon="12.534577">
        <ele>160.712688</ele>
        <time>2025-06-13T18:35:30.769Z</time>
      </trkpt>
      <trkpt lat="51.074270" lon="12.534582">
        <ele>160.441843</ele>
        <time>2025-06-13T18:35:37.523Z</time>
      </trkpt>
      <trkpt lat="51.074340" lon="12.534524">
        <ele>160.379529</ele>
        <time>2025-06-13T18:35:39.018Z</time>
      </trkpt>
      <trkpt lat="51.074383" lon="12.534362">
        <ele>160.292281</ele>
        <time>2025-06-13T18:35:41.084Z</time>
      </trkpt>
      <trkpt lat="51.074338" lon="12.533599">
        <ele>159.912080</ele>
        <time>2025-06-13T18:35:49.983Z</time>
      </trkpt>
      <trkpt lat="51.074351" lon="12.533433">
        <ele>159.790689</ele>
        <time>2025-06-13T18:35:51.910Z</time>
      </trkpt>
      <trkpt lat="51.074436" lon="12.533270">
        <ele>159.633859</ele>
        <time>2025-06-13T18:35:54.371Z</time>
      </trkpt>
      <trkpt lat="51.074513" lon="12.533217">
        <ele>159.535004</ele>
        <time>2025-06-13T18:35:55.915Z</time>
      </trkpt>
      <trkpt lat="51.074595" lon="12.533206">
        <ele>159.438036</ele>
        <time>2025-06-13T18:35:57.455Z</time>
      </trkpt>
      <trkpt lat="51.074941" lon="12.533261">
        <ele>159.028297</ele>
        <time>2025-06-13T18:36:04.247Z</time>
      </trkpt>
      <trkpt lat="51.075396" lon="12.533250">
        <ele>158.492083</ele>
        <time>2025-06-13T18:36:13.873Z</time>
      </trkpt>
      <trkpt lat="51.075573" lon="12.533345">
        <ele>158.271975</ele>
        <time>2025-06-13T18:36:18.117Z</time>
      </trkpt>
      <trkpt lat="51.075707" lon="12.533513">
        <ele>158.070971</ele>
        <time>2025-06-13T18:36:22.116Z</time>
      </trkpt>
      <trkpt lat="51.075825" lon="12.533803">
        <ele>157.815177</ele>
        <time>2025-06-13T18:36:27.282Z</time>
      </trkpt>
      <trkpt lat="51.076032" lon="12.534764">
        <ele>158.204064</ele>
        <time>2025-06-13T18:36:41.910Z</time>
      </trkpt>
      <trkpt lat="51.076120" lon="12.534934">
        <ele>158.297784</ele>
        <time>2025-06-13T18:36:45.016Z</time>
      </trkpt>
      <trkpt lat="51.076266" lon="12.534938">
        <ele>158.396672</ele>
        <time>2025-06-13T18:36:48.315Z</time>
      </trkpt>
      <trkpt lat="51.076553" lon="12.534811">
        <ele>158.598403</ele>
        <time>2025-06-13T18:36:54.914Z</time>
      </trkpt>
      <trkpt lat="51.076676" lon="12.534836">
        <ele>158.682377</ele>
        <time>2025-06-13T18:36:57.776Z</time>
      </trkpt>
      <trkpt lat="51.076789" lon="12.534912">
        <ele>158.765454</ele>
        <time>2025-06-13T18:37:00.722Z</time>
      </trkpt>
      <trkpt lat="51.076883" lon="12.535052">
        <ele>158.852635</ele>
        <time>2025-06-13T18:37:03.965Z</time>
      </trkpt>
      <trkpt lat="51.076956" lon="12.535246">
        <ele>158.948849</ele>
        <time>2025-06-13T18:37:07.745Z</time>
      </trkpt>
      <trkpt lat="51.076989" lon="12.535433">
        <ele>159.118752</ele>
        <time>2025-06-13T18:37:11.161Z</time>
      </trkpt>
      <trkpt lat="51.077004" lon="12.535855">
        <ele>159.907027</ele>
        <time>2025-06-13T18:37:19.150Z</time>
      </trkpt>
      <trkpt lat="51.077030" lon="12.536017">
        <ele>160.218854</ele>
        <time>2025-06-13T18:37:22.551Z</time>
      </trkpt>
      <trkpt lat="51.077078" lon="12.536158">
        <ele>160.517935</ele>
        <time>2025-06-13T18:37:25.891Z</time>
      </trkpt>
      <trkpt lat="51.077163" lon="12.536283">
        <ele>160.861456</ele>
        <time>2025-06-13T18:37:29.754Z</time>
      </trkpt>
      <trkpt lat="51.077271" lon="12.536334">
        <ele>161.195854</ele>
        <time>2025-06-13T18:37:33.563Z</time>
      </trkpt>
      <trkpt lat="51.077681" lon="12.536271">
        <ele>162.418553</ele>
        <time>2025-06-13T18:37:47.622Z</time>
      </trkpt>
      <trkpt lat="51.078015" lon="12.536160">
        <ele>163.431376</ele>
        <time>2025-06-13T18:37:58.877Z</time>
      </trkpt>
      <trkpt lat="51.078110" lon="12.536195">
        <ele>163.720829</ele>
        <time>2025-06-13T18:38:02.050Z</time>
      </trkpt>
      <trkpt lat="51.078158" lon="12.537120">
        <ele>164.962361</ele>
        <time>2025-06-13T18:38:14.361Z</time>
      </trkpt>
      <trkpt lat="51.078139" lon="12.537306">
        <ele>165.158425</ele>
        <time>2025-06-13T18:38:16.490Z</time>
      </trkpt>
      <trkpt lat="51.078148" lon="12.537574">
        <ele>165.437661</ele>
        <time>2025-06-13T18:38:19.428Z</time>
      </trkpt>
      <trkpt lat="51.078164" lon="12.537866">
        <ele>165.742623</ele>
        <time>2025-06-13T18:38:22.495Z</time>
      </trkpt>
      <trkpt lat="51.078179" lon="12.538099">
        <ele>165.986315</ele>
        <time>2025-06-13T18:38:24.862Z</time>
      </trkpt>
      <trkpt lat="51.078249" lon="12.538990">
        <ele>166.920566</ele>
        <time>2025-06-13T18:38:34.596Z</time>
      </trkpt>
      <trkpt lat="51.078378" lon="12.539499">
        <ele>167.509056</ele>
        <time>2025-06-13T18:38:41.162Z</time>
      </trkpt>
      <trkpt lat="51.078394" lon="12.539558">
        <ele>167.582851</ele>
        <time>2025-06-13T18:38:41.972Z</time>
      </trkpt>
      <trkpt lat="51.078476" lon="12.539900">
        <ele>168.003214</ele>
        <time>2025-06-13T18:38:46.606Z</time>
      </trkpt>
      <trkpt lat="51.078527" lon="12.540018">
        <ele>168.167687</ele>
        <time>2025-06-13T18:38:48.478Z</time>
      </trkpt>
      <trkpt lat="51.078686" lon="12.539925">
        <ele>168.477313</ele>
        <time>2025-06-13T18:38:51.969Z</time>
      </trkpt>
      <trkpt lat="51.078980" lon="12.539851">
        <ele>169.021372</ele>
        <time>2025-06-13T18:38:58.136Z</time>
      </trkpt>
      <trkpt lat="51.079088" lon="12.539782">
        <ele>169.234086</ele>
        <time>2025-06-13T18:39:00.543Z</time>
      </trkpt>
      <trkpt lat="51.079206" lon="12.539653">
        <ele>169.495741</ele>
        <time>2025-06-13T18:39:03.451Z</time>
      </trkpt>
      <trkpt lat="51.079484" lon="12.539429">
        <ele>170.065274</ele>
        <time>2025-06-13T18:39:09.523Z</time>
      </trkpt>
      <trkpt lat="51.079602" lon="12.539406">
        <ele>170.282569</ele>
        <time>2025-06-13T18:39:11.761Z</time>
      </trkpt>
      <trkpt lat="51.079712" lon="12.539405">
        <ele>170.483634</ele>
        <time>2025-06-13T18:39:13.779Z</time>
      </trkpt>
      <trkpt lat="51.079897" lon="12.539467">
        <ele>170.659239</ele>
        <time>2025-06-13T18:39:17.166Z</time>
      </trkpt>
      <trkpt lat="51.080311" lon="12.539664">
        <ele>170.833658</ele>
        <time>2025-06-13T18:39:24.497Z</time>
      </trkpt>
      <trkpt lat="51.080302" lon="12.539730">
        <ele>170.850784</ele>
        <time>2025-06-13T18:39:25.137Z</time>
      </trkpt>
      <trkpt lat="51.080290" lon="12.539818">
        <ele>170.873620</ele>
        <time>2025-06-13T18:39:25.977Z</time>
      </trkpt>
      <trkpt lat="51.080283" lon="12.539944">
        <ele>170.905696</ele>
        <time>2025-06-13T18:39:27.144Z</time>
      </trkpt>
      <trkpt lat="51.080140" lon="12.540761">
        <ele>171.120767</ele>
        <time>2025-06-13T18:39:34.509Z</time>
      </trkpt>
      <trkpt lat="51.080242" lon="12.540824">
        <ele>171.164931</ele>
        <time>2025-06-13T18:39:35.971Z</time>
      </trkpt>
      <trkpt lat="51.080312" lon="12.540861">
        <ele>171.194704</ele>
        <time>2025-06-13T18:39:36.958Z</time>
      </trkpt>
      <trkpt lat="51.080496" lon="12.540941">
        <ele>171.271696</ele>
        <time>2025-06-13T18:39:39.469Z</time>
      </trkpt>
      <trkpt lat="51.080584" lon="12.540902">
        <ele>171.308569</ele>
        <time>2025-06-13T18:39:40.659Z</time>
      </trkpt>
      <trkpt lat="51.081420" lon="12.539350">
        <ele>170.510774</ele>
        <time>2025-06-13T18:39:56.531Z</time>
      </trkpt>
      <trkpt lat="51.081499" lon="12.539311">
        <ele>170.454460</ele>
        <time>2025-06-13T18:39:57.520Z</time>
      </trkpt>
      <trkpt lat="51.081561" lon="12.539329">
        <ele>170.411551</ele>
        <time>2025-06-13T18:39:58.284Z</time>
      </trkpt>
      <trkpt lat="51.081610" lon="12.539397">
        <ele>170.367292</ele>
        <time>2025-06-13T18:39:59.062Z</time>
      </trkpt>
      <trkpt lat="51.082109" lon="12.540317">
        <ele>169.670415</ele>
        <time>2025-06-13T18:40:08.206Z</time>
      </trkpt>
      <trkpt lat="51.082287" lon="12.540633">
        <ele>169.367659</ele>
        <time>2025-06-13T18:40:11.308Z</time>
      </trkpt>
      <trkpt lat="51.082399" lon="12.540963">
        <ele>169.100106</ele>
        <time>2025-06-13T18:40:14.063Z</time>
      </trkpt>
      <trkpt lat="51.082513" lon="12.541401">
        <ele>168.761919</ele>
        <time>2025-06-13T18:40:17.552Z</time>
      </trkpt>
      <trkpt lat="51.082590" lon="12.541509">
        <ele>168.645388</ele>
        <time>2025-06-13T18:40:18.752Z</time>
      </trkpt>
      <trkpt lat="51.082717" lon="12.541596">
        <ele>168.488394</ele>
        <time>2025-06-13T18:40:20.382Z</time>
      </trkpt>
      <trkpt lat="51.082801" lon="12.541472">
        <ele>168.358313</ele>
        <time>2025-06-13T18:40:21.908Z</time>
      </trkpt>
      <trkpt lat="51.083417" lon="12.540826">
        <ele>167.733289</ele>
        <time>2025-06-13T18:40:31.554Z</time>
      </trkpt>
      <trkpt lat="51.084055" lon="12.540351">
        <ele>167.242959</ele>
        <time>2025-06-13T18:40:41.496Z</time>
      </trkpt>
      <trkpt lat="51.084142" lon="12.540232">
        <ele>167.163106</ele>
        <time>2025-06-13T18:40:43.119Z</time>
      </trkpt>
      <trkpt lat="51.084213" lon="12.539943">
        <ele>167.027400</ele>
        <time>2025-06-13T18:40:45.831Z</time>
      </trkpt>
      <trkpt lat="51.084330" lon="12.539880">
        <ele>166.941415</ele>
        <time>2025-06-13T18:40:47.387Z</time>
      </trkpt>
      <trkpt lat="51.084635" lon="12.539866">
        <ele>166.735488</ele>
        <time>2025-06-13T18:40:51.196Z</time>
      </trkpt>
      <trkpt lat="51.084718" lon="12.539946">
        <ele>166.672867</ele>
        <time>2025-06-13T18:40:53.247Z</time>
      </trkpt>
      <trkpt lat="51.084777" lon="12.540003">
        <ele>166.628326</ele>
        <time>2025-06-13T18:40:54.732Z</time>
      </trkpt>
      <trkpt lat="51.084789" lon="12.540010">
        <ele>166.620077</ele>
        <time>2025-06-13T18:40:55.023Z</time>
      </trkpt>
      <trkpt lat="51.084867" lon="12.540057">
        <ele>166.566252</ele>
        <time>2025-06-13T18:40:56.801Z</time>
      </trkpt>
      <trkpt lat="51.085125" lon="12.540337">
        <ele>166.364729</ele>
        <time>2025-06-13T18:41:03.580Z</time>
      </trkpt>
      <trkpt lat="51.085264" lon="12.540399">
        <ele>166.271565</ele>
        <time>2025-06-13T18:41:06.700Z</time>
      </trkpt>
      <trkpt lat="51.085560" lon="12.540442">
        <ele>166.079737</ele>
        <time>2025-06-13T18:41:12.979Z</time>
      </trkpt>
      <trkpt lat="51.085791" lon="12.540513">
        <ele>165.927899</ele>
        <time>2025-06-13T18:41:17.798Z</time>
      </trkpt>
      <trkpt lat="51.086399" lon="12.540658">
        <ele>165.550748</ele>
        <time>2025-06-13T18:41:30.611Z</time>
      </trkpt>
      <trkpt lat="51.086596" lon="12.540705">
        <ele>165.442201</ele>
        <time>2025-06-13T18:41:34.887Z</time>
      </trkpt>
      <trkpt lat="51.088048" lon="12.541075">
        <ele>164.651811</ele>
        <time>2025-06-13T18:42:06.462Z</time>
      </trkpt>
      <trkpt lat="51.088773" lon="12.541399">
        <ele>164.365125</ele>
        <time>2025-06-13T18:42:22.373Z</time>
      </trkpt>
      <trkpt lat="51.088867" lon="12.541440">
        <ele>164.328019</ele>
        <time>2025-06-13T18:42:24.432Z</time>
      </trkpt>
      <trkpt lat="51.089642" lon="12.541611">
        <ele>164.030145</ele>
        <time>2025-06-13T18:42:41.233Z</time>
      </trkpt>
      <trkpt lat="51.089888" lon="12.541628">
        <ele>164.265708</ele>
        <time>2025-06-13T18:42:46.647Z</time>
      </trkpt>
      <trkpt lat="51.090216" lon="12.541665">
        <ele>164.878006</ele>
        <time>2025-06-13T18:42:54.738Z</time>
      </trkpt>
      <trkpt lat="51.090349" lon="12.541701">
        <ele>165.129218</ele>
        <time>2025-06-13T18:42:58.411Z</time>
      </trkpt>
      <trkpt lat="51.090893" lon="12.541367">
        <ele>166.214907</ele>
        <time>2025-06-13T18:43:16.173Z</time>
      </trkpt>
      <trkpt lat="51.090963" lon="12.541335">
        <ele>166.350520</ele>
        <time>2025-06-13T18:43:18.390Z</time>
      </trkpt>
      <trkpt lat="51.091011" lon="12.541256">
        <ele>166.479073</ele>
        <time>2025-06-13T18:43:20.048Z</time>
      </trkpt>
      <trkpt lat="51.091032" lon="12.540236">
        <ele>167.470301</ele>
        <time>2025-06-13T18:43:34.650Z</time>
      </trkpt>
      <trkpt lat="51.091118" lon="12.540115">
        <ele>167.553404</ele>
        <time>2025-06-13T18:43:37.008Z</time>
      </trkpt>
      <trkpt lat="51.091194" lon="12.540185">
        <ele>167.616981</ele>
        <time>2025-06-13T18:43:38.761Z</time>
      </trkpt>
      <trkpt lat="51.091398" lon="12.540267">
        <ele>167.769331</ele>
        <time>2025-06-13T18:43:42.997Z</time>
      </trkpt>
      <trkpt lat="51.091807" lon="12.540253">
        <ele>168.065556</ele>
        <time>2025-06-13T18:43:50.076Z</time>
      </trkpt>
      <trkpt lat="51.093925" lon="12.539865">
        <ele>167.170437</ele>
        <time>2025-06-13T18:44:15.703Z</time>
      </trkpt>
      <trkpt lat="51.094146" lon="12.539907">
        <ele>166.924449</ele>
        <time>2025-06-13T18:44:18.271Z</time>
      </trkpt>
      <trkpt lat="51.094311" lon="12.540025">
        <ele>166.724538</ele>
        <time>2025-06-13T18:44:20.346Z</time>
      </trkpt>
      <trkpt lat="51.094489" lon="12.540269">
        <ele>166.291871</ele>
        <time>2025-06-13T18:44:23.024Z</time>
      </trkpt>
      <trkpt lat="51.094604" lon="12.540578">
        <ele>165.816740</ele>
        <time>2025-06-13T18:44:25.562Z</time>
      </trkpt>
      <trkpt lat="51.094642" lon="12.540773">
        <ele>165.546658</ele>
        <time>2025-06-13T18:44:26.989Z</time>
      </trkpt>
      <trkpt lat="51.094665" lon="12.541440">
        <ele>164.663009</ele>
        <time>2025-06-13T18:44:31.576Z</time>
      </trkpt>
      <trkpt lat="51.094704" lon="12.541633">
        <ele>164.394816</ele>
        <time>2025-06-13T18:44:32.943Z</time>
      </trkpt>
      <trkpt lat="51.094761" lon="12.541812">
        <ele>164.129334</ele>
        <time>2025-06-13T18:44:34.294Z</time>
      </trkpt>
      <trkpt lat="51.095096" lon="12.542494">
        <ele>162.984012</ele>
        <time>2025-06-13T18:44:40.079Z</time>
      </trkpt>
      <trkpt lat="51.095448" lon="12.543423">
        <ele>161.509135</ele>
        <time>2025-06-13T18:44:47.319Z</time>
      </trkpt>
      <trkpt lat="51.095520" lon="12.543679">
        <ele>161.126933</ele>
        <time>2025-06-13T18:44:49.208Z</time>
      </trkpt>
      <trkpt lat="51.095612" lon="12.544591">
        <ele>159.868335</ele>
        <time>2025-06-13T18:44:55.514Z</time>
      </trkpt>
      <trkpt lat="51.095672" lon="12.544795">
        <ele>159.561398</ele>
        <time>2025-06-13T18:44:57.076Z</time>
      </trkpt>
      <trkpt lat="51.095884" lon="12.545194">
        <ele>158.917106</ele>
        <time>2025-06-13T18:45:00.741Z</time>
      </trkpt>
      <trkpt lat="51.096725" lon="12.545639">
        <ele>158.119439</ele>
        <time>2025-06-13T18:45:11.196Z</time>
      </trkpt>
      <trkpt lat="51.097072" lon="12.545753">
        <ele>157.800533</ele>
        <time>2025-06-13T18:45:15.570Z</time>
      </trkpt>
      <trkpt lat="51.097346" lon="12.545885">
        <ele>157.542872</ele>
        <time>2025-06-13T18:45:19.129Z</time>
      </trkpt>
      <trkpt lat="51.097418" lon="12.545938">
        <ele>157.471476</ele>
        <time>2025-06-13T18:45:20.121Z</time>
      </trkpt>
      <trkpt lat="51.097306" lon="12.546244">
        <ele>157.386880</ele>
        <time>2025-06-13T18:45:22.971Z</time>
      </trkpt>
      <trkpt lat="51.097449" lon="12.546317">
        <ele>157.460040</ele>
        <time>2025-06-13T18:45:26.296Z</time>
      </trkpt>
      <trkpt lat="51.097586" lon="12.546275">
        <ele>157.528011</ele>
        <time>2025-06-13T18:45:28.395Z</time>
      </trkpt>
      <trkpt lat="51.097616" lon="12.546244">
        <ele>157.545434</ele>
        <time>2025-06-13T18:45:28.928Z</time>
      </trkpt>
      <trkpt lat="51.097737" lon="12.546121">
        <ele>157.615371</ele>
        <time>2025-06-13T18:45:31.161Z</time>
      </trkpt>
      <trkpt lat="51.097847" lon="12.545723">
        <ele>157.748409</ele>
        <time>2025-06-13T18:45:35.580Z</time>
      </trkpt>
      <trkpt lat="51.097957" lon="12.545483">
        <ele>157.839313</ele>
        <time>2025-06-13T18:45:38.663Z</time>
      </trkpt>
      <trkpt lat="51.098585" lon="12.544948">
        <ele>158.186298</ele>
        <time>2025-06-13T18:45:50.777Z</time>
      </trkpt>
      <trkpt lat="51.099277" lon="12.544270">
        <ele>158.965876</ele>
        <time>2025-06-13T18:46:06.285Z</time>
      </trkpt>
      <trkpt lat="51.100152" lon="12.543327">
        <ele>160.029940</ele>
        <time>2025-06-13T18:46:26.090Z</time>
      </trkpt>
      <trkpt lat="51.101462" lon="12.541535">
        <ele>158.641800</ele>
        <time>2025-06-13T18:46:49.747Z</time>
      </trkpt>
      <trkpt lat="51.101682" lon="12.541940">
        <ele>157.896661</ele>
        <time>2025-06-13T18:46:53.729Z</time>
      </trkpt>
      <trkpt lat="51.101789" lon="12.542029">
        <ele>157.579783</ele>
        <time>2025-06-13T18:46:55.160Z</time>
      </trkpt>
      <trkpt lat="51.101837" lon="12.542029">
        <ele>157.453783</ele>
        <time>2025-06-13T18:46:55.706Z</time>
      </trkpt>
      <trkpt lat="51.101891" lon="12.542011">
        <ele>157.308962</ele>
        <time>2025-06-13T18:46:56.364Z</time>
      </trkpt>
      <trkpt lat="51.102104" lon="12.541810">
        <ele>156.659049</ele>
        <time>2025-06-13T18:46:59.221Z</time>
      </trkpt>
      <trkpt lat="51.102493" lon="12.541360">
        <ele>155.396961</ele>
        <time>2025-06-13T18:47:04.706Z</time>
      </trkpt>
      <trkpt lat="51.102680" lon="12.541195">
        <ele>154.835780</ele>
        <time>2025-06-13T18:47:07.271Z</time>
      </trkpt>
      <trkpt lat="51.103039" lon="12.541049">
        <ele>153.863167</ele>
        <time>2025-06-13T18:47:11.827Z</time>
      </trkpt>
      <trkpt lat="51.103413" lon="12.541100">
        <ele>153.395970</ele>
        <time>2025-06-13T18:47:16.470Z</time>
      </trkpt>
      <trkpt lat="51.103674" lon="12.541254">
        <ele>153.051093</ele>
        <time>2025-06-13T18:47:19.901Z</time>
      </trkpt>
      <trkpt lat="51.103954" lon="12.541554">
        <ele>152.632949</ele>
        <time>2025-06-13T18:47:24.216Z</time>
      </trkpt>
      <trkpt lat="51.104406" lon="12.542324">
        <ele>151.812859</ele>
        <time>2025-06-13T18:47:33.265Z</time>
      </trkpt>
      <trkpt lat="51.104544" lon="12.541934">
        <ele>151.884017</ele>
        <time>2025-06-13T18:47:37.393Z</time>
      </trkpt>
      <trkpt lat="51.104684" lon="12.541270">
        <ele>152.716005</ele>
        <time>2025-06-13T18:47:44.471Z</time>
      </trkpt>
      <trkpt lat="51.104610" lon="12.540520">
        <ele>153.617799</ele>
        <time>2025-06-13T18:47:53.952Z</time>
      </trkpt>
      <trkpt lat="51.104476" lon="12.539981">
        <ele>154.306389</ele>
        <time>2025-06-13T18:48:02.120Z</time>
      </trkpt>
      <trkpt lat="51.104511" lon="12.539813">
        <ele>154.516640</ele>
        <time>2025-06-13T18:48:04.742Z</time>
      </trkpt>
      <trkpt lat="51.104618" lon="12.539736">
        <ele>154.738760</ele>
        <time>2025-06-13T18:48:07.627Z</time>
      </trkpt>
      <trkpt lat="51.105382" lon="12.539671">
        <ele>158.071682</ele>
        <time>2025-06-13T18:48:31.649Z</time>
      </trkpt>
      <trkpt lat="51.105736" lon="12.539766">
        <ele>159.861409</ele>
        <time>2025-06-13T18:48:44.682Z</time>
      </trkpt>
      <trkpt lat="51.105837" lon="12.539763">
        <ele>160.365026</ele>
        <time>2025-06-13T18:48:48.383Z</time>
      </trkpt>
      <trkpt lat="51.106076" lon="12.539663">
        <ele>161.596980</ele>
        <time>2025-06-13T18:48:57.110Z</time>
      </trkpt>
      <trkpt lat="51.106442" lon="12.539430">
        <ele>163.562020</ele>
        <time>2025-06-13T18:49:10.284Z</time>
      </trkpt>
      <trkpt lat="51.106544" lon="12.539483">
        <ele>164.032960</ele>
        <time>2025-06-13T18:49:13.797Z</time>
      </trkpt>
      <trkpt lat="51.106530" lon="12.539809">
        <ele>164.379747</ele>
        <time>2025-06-13T18:49:19.407Z</time>
      </trkpt>
      <trkpt lat="51.106594" lon="12.540010">
        <ele>164.618927</ele>
        <time>2025-06-13T18:49:23.113Z</time>
      </trkpt>
      <trkpt lat="51.107084" lon="12.540471">
        <ele>165.580875</ele>
        <time>2025-06-13T18:49:35.634Z</time>
      </trkpt>
      <trkpt lat="51.110953" lon="12.543602">
        <ele>166.080872</ele>
        <time>2025-06-13T18:50:37.829Z</time>
      </trkpt>
      <trkpt lat="51.112658" lon="12.545137">
        <ele>166.145211</ele>
        <time>2025-06-13T18:51:07.008Z</time>
      </trkpt>
      <trkpt lat="51.114681" lon="12.546306">
        <ele>167.335770</ele>
        <time>2025-06-13T18:51:42.697Z</time>
      </trkpt>
      <trkpt lat="51.114855" lon="12.546310">
        <ele>167.444718</ele>
        <time>2025-06-13T18:51:45.805Z</time>
      </trkpt>
      <trkpt lat="51.115099" lon="12.546149">
        <ele>167.610066</ele>
        <time>2025-06-13T18:51:50.515Z</time>
      </trkpt>
      <trkpt lat="51.115760" lon="12.545620">
        <ele>168.073191</ele>
        <time>2025-06-13T18:52:03.345Z</time>
      </trkpt>
      <trkpt lat="51.115832" lon="12.545452">
        <ele>168.153138</ele>
        <time>2025-06-13T18:52:05.444Z</time>
      </trkpt>
      <trkpt lat="51.115897" lon="12.544946">
        <ele>167.893090</ele>
        <time>2025-06-13T18:52:10.406Z</time>
      </trkpt>
      <trkpt lat="51.115963" lon="12.544777">
        <ele>167.712268</ele>
        <time>2025-06-13T18:52:12.191Z</time>
      </trkpt>
      <trkpt lat="51.116010" lon="12.544742">
        <ele>167.637182</ele>
        <time>2025-06-13T18:52:12.919Z</time>
      </trkpt>
      <trkpt lat="51.116008" lon="12.544585">
        <ele>167.494519</ele>
        <time>2025-06-13T18:52:14.992Z</time>
      </trkpt>
      <trkpt lat="51.116010" lon="12.544742">
        <ele>167.351856</ele>
        <time>2025-06-13T18:52:17.036Z</time>
      </trkpt>
      <trkpt lat="51.116041" lon="12.545110">
        <ele>167.014534</ele>
        <time>2025-06-13T18:52:20.066Z</time>
      </trkpt>
      <trkpt lat="51.116127" lon="12.545532">
        <ele>166.611453</ele>
        <time>2025-06-13T18:52:23.526Z</time>
      </trkpt>
      <trkpt lat="51.116271" lon="12.545977">
        <ele>166.156621</ele>
        <time>2025-06-13T18:52:27.294Z</time>
      </trkpt>
      <trkpt lat="51.116566" lon="12.546667">
        <ele>165.515748</ele>
        <time>2025-06-13T18:52:33.496Z</time>
      </trkpt>
      <trkpt lat="51.116901" lon="12.547139">
        <ele>165.222314</ele>
        <time>2025-06-13T18:52:38.959Z</time>
      </trkpt>
      <trkpt lat="51.116983" lon="12.547470">
        <ele>165.075754</ele>
        <time>2025-06-13T18:52:41.853Z</time>
      </trkpt>
      <trkpt lat="51.117034" lon="12.547574">
        <ele>165.021400</ele>
        <time>2025-06-13T18:52:42.958Z</time>
      </trkpt>
      <trkpt lat="51.117080" lon="12.547641">
        <ele>164.980505</ele>
        <time>2025-06-13T18:52:43.812Z</time>
      </trkpt>
      <trkpt lat="51.117195" lon="12.547716">
        <ele>164.898973</ele>
        <time>2025-06-13T18:52:45.568Z</time>
      </trkpt>
      <trkpt lat="51.117294" lon="12.547717">
        <ele>164.834017</ele>
        <time>2025-06-13T18:52:47.010Z</time>
      </trkpt>
      <trkpt lat="51.117425" lon="12.547640">
        <ele>164.742401</ele>
        <time>2025-06-13T18:52:49.190Z</time>
      </trkpt>
      <trkpt lat="51.117507" lon="12.547547">
        <ele>164.676358</ele>
        <time>2025-06-13T18:52:50.844Z</time>
      </trkpt>
      <trkpt lat="51.117587" lon="12.547512">
        <ele>164.621925</ele>
        <time>2025-06-13T18:52:52.289Z</time>
      </trkpt>
      <trkpt lat="51.117818" lon="12.547576">
        <ele>164.468088</ele>
        <time>2025-06-13T18:52:56.691Z</time>
      </trkpt>
      <trkpt lat="51.118302" lon="12.547468">
        <ele>165.104365</ele>
        <time>2025-06-13T18:53:07.052Z</time>
      </trkpt>
      <trkpt lat="51.119631" lon="12.547289">
        <ele>167.160330</ele>
        <time>2025-06-13T18:53:34.246Z</time>
      </trkpt>
      <trkpt lat="51.122187" lon="12.546985">
        <ele>167.630466</ele>
        <time>2025-06-13T18:54:12.395Z</time>
      </trkpt>
      <trkpt lat="51.122330" lon="12.547042">
        <ele>167.636574</ele>
        <time>2025-06-13T18:54:14.573Z</time>
      </trkpt>
      <trkpt lat="51.122411" lon="12.547137">
        <ele>167.640741</ele>
        <time>2025-06-13T18:54:16.060Z</time>
      </trkpt>
      <trkpt lat="51.122579" lon="12.547451">
        <ele>167.651471</ele>
        <time>2025-06-13T18:54:19.898Z</time>
      </trkpt>
      <trkpt lat="51.122680" lon="12.547578">
        <ele>167.656802</ele>
        <time>2025-06-13T18:54:21.814Z</time>
      </trkpt>
      <trkpt lat="51.122787" lon="12.547594">
        <ele>167.661255</ele>
        <time>2025-06-13T18:54:23.417Z</time>
      </trkpt>
      <trkpt lat="51.122895" lon="12.547546">
        <ele>167.665901</ele>
        <time>2025-06-13T18:54:25.108Z</time>
      </trkpt>
      <trkpt lat="51.123243" lon="12.547165">
        <ele>167.717577</ele>
        <time>2025-06-13T18:54:31.486Z</time>
      </trkpt>
      <trkpt lat="51.124508" lon="12.545635">
        <ele>168.036312</ele>
        <time>2025-06-13T18:54:55.907Z</time>
      </trkpt>
      <trkpt lat="51.125101" lon="12.544692">
        <ele>167.969474</ele>
        <time>2025-06-13T18:55:09.362Z</time>
      </trkpt>
      <trkpt lat="51.125810" lon="12.543770">
        <ele>167.896466</ele>
        <time>2025-06-13T18:55:22.590Z</time>
      </trkpt>
      <trkpt lat="51.125896" lon="12.543608">
        <ele>167.801774</ele>
        <time>2025-06-13T18:55:24.392Z</time>
      </trkpt>
      <trkpt lat="51.125949" lon="12.543411">
        <ele>167.666625</ele>
        <time>2025-06-13T18:55:26.199Z</time>
      </trkpt>
      <trkpt lat="51.125981" lon="12.542934">
        <ele>167.364141</ele>
        <time>2025-06-13T18:55:30.194Z</time>
      </trkpt>
      <trkpt lat="51.125988" lon="12.542767">
        <ele>167.258606</ele>
        <time>2025-06-13T18:55:31.572Z</time>
      </trkpt>
      <trkpt lat="51.126062" lon="12.542586">
        <ele>167.122398</ele>
        <time>2025-06-13T18:55:33.350Z</time>
      </trkpt>
      <trkpt lat="51.128105" lon="12.539809">
        <ele>164.470894</ele>
        <time>2025-06-13T18:56:08.949Z</time>
      </trkpt>
      <trkpt lat="51.130033" lon="12.537098">
        <ele>162.941196</ele>
        <time>2025-06-13T18:56:45.145Z</time>
      </trkpt>
      <trkpt lat="51.130367" lon="12.536702">
        <ele>162.645061</ele>
        <time>2025-06-13T18:56:50.838Z</time>
      </trkpt>
      <trkpt lat="51.130889" lon="12.536191">
        <ele>162.209274</ele>
        <time>2025-06-13T18:56:59.061Z</time>
      </trkpt>
      <trkpt lat="51.131180" lon="12.535754">
        <ele>162.099193</ele>
        <time>2025-06-13T18:57:04.442Z</time>
      </trkpt>
      <trkpt lat="51.131407" lon="12.535485">
        <ele>162.089096</ele>
        <time>2025-06-13T18:57:08.274Z</time>
      </trkpt>
      <trkpt lat="51.132212" lon="12.534619">
        <ele>162.054432</ele>
        <time>2025-06-13T18:57:21.196Z</time>
      </trkpt>
      <trkpt lat="51.132607" lon="12.534046">
        <ele>162.175062</ele>
        <time>2025-06-13T18:57:30.326Z</time>
      </trkpt>
      <trkpt lat="51.132807" lon="12.533805">
        <ele>162.307517</ele>
        <time>2025-06-13T18:57:34.870Z</time>
      </trkpt>
      <trkpt lat="51.133295" lon="12.533471">
        <ele>162.588075</ele>
        <time>2025-06-13T18:57:43.984Z</time>
      </trkpt>
      <trkpt lat="51.133592" lon="12.533169">
        <ele>162.774184</ele>
        <time>2025-06-13T18:57:49.344Z</time>
      </trkpt>
      <trkpt lat="51.133890" lon="12.533138">
        <ele>162.931938</ele>
        <time>2025-06-13T18:57:53.304Z</time>
      </trkpt>
      <trkpt lat="51.134012" lon="12.533153">
        <ele>162.985647</ele>
        <time>2025-06-13T18:57:54.841Z</time>
      </trkpt>
      <trkpt lat="51.134044" lon="12.533240">
        <ele>162.855107</ele>
        <time>2025-06-13T18:57:55.608Z</time>
      </trkpt>
      <trkpt lat="51.134012" lon="12.533153">
        <ele>162.724568</ele>
        <time>2025-06-13T18:57:56.374Z</time>
      </trkpt>
      <trkpt lat="51.135530" lon="12.533118">
        <ele>159.592774</ele>
        <time>2025-06-13T18:58:12.808Z</time>
      </trkpt>
      <trkpt lat="51.136451" lon="12.533105">
        <ele>156.673325</ele>
        <time>2025-06-13T18:58:22.273Z</time>
      </trkpt>
      <trkpt lat="51.137399" lon="12.533371">
        <ele>153.415402</ele>
        <time>2025-06-13T18:58:31.878Z</time>
      </trkpt>
      <trkpt lat="51.138286" lon="12.533504">
        <ele>150.889688</ele>
        <time>2025-06-13T18:58:40.864Z</time>
      </trkpt>
      <trkpt lat="51.138399" lon="12.533481">
        <ele>150.571641</ele>
        <time>2025-06-13T18:58:42.044Z</time>
      </trkpt>
      <trkpt lat="51.138405" lon="12.533245">
        <ele>150.157889</ele>
        <time>2025-06-13T18:58:43.596Z</time>
      </trkpt>
      <trkpt lat="51.138421" lon="12.533163">
        <ele>150.007460</ele>
        <time>2025-06-13T18:58:44.171Z</time>
      </trkpt>
      <trkpt lat="51.138475" lon="12.533116">
        <ele>149.835681</ele>
        <time>2025-06-13T18:58:44.829Z</time>
      </trkpt>
      <trkpt lat="51.138587" lon="12.533071">
        <ele>149.513205</ele>
        <time>2025-06-13T18:58:46.071Z</time>
      </trkpt>
      <trkpt lat="51.138656" lon="12.533010">
        <ele>149.292913</ele>
        <time>2025-06-13T18:58:46.923Z</time>
      </trkpt>
      <trkpt lat="51.139020" lon="12.532331">
        <ele>148.020571</ele>
        <time>2025-06-13T18:58:53.245Z</time>
      </trkpt>
      <trkpt lat="51.139032" lon="12.531834">
        <ele>147.719664</ele>
        <time>2025-06-13T18:58:56.908Z</time>
      </trkpt>
      <trkpt lat="51.139006" lon="12.531205">
        <ele>147.338295</ele>
        <time>2025-06-13T18:59:01.636Z</time>
      </trkpt>
      <trkpt lat="51.139091" lon="12.530265">
        <ele>146.763721</ele>
        <time>2025-06-13T18:59:09.073Z</time>
      </trkpt>
      <trkpt lat="51.138931" lon="12.528728">
        <ele>146.018314</ele>
        <time>2025-06-13T18:59:21.024Z</time>
      </trkpt>
      <trkpt lat="51.138703" lon="12.527079">
        <ele>145.322045</ele>
        <time>2025-06-13T18:59:34.057Z</time>
      </trkpt>
      <trkpt lat="51.138698" lon="12.526871">
        <ele>145.251127</ele>
        <time>2025-06-13T18:59:35.711Z</time>
      </trkpt>
      <trkpt lat="51.138722" lon="12.526682">
        <ele>145.225291</ele>
        <time>2025-06-13T18:59:37.250Z</time>
      </trkpt>
      <trkpt lat="51.138634" lon="12.526556">
        <ele>145.200030</ele>
        <time>2025-06-13T18:59:38.758Z</time>
      </trkpt>
      <trkpt lat="51.138690" lon="12.526461">
        <ele>145.182566</ele>
        <time>2025-06-13T18:59:40.542Z</time>
      </trkpt>
      <trkpt lat="51.138772" lon="12.526491">
        <ele>145.164600</ele>
        <time>2025-06-13T18:59:42.364Z</time>
      </trkpt>
      <trkpt lat="51.138857" lon="12.526582">
        <ele>145.142735</ele>
        <time>2025-06-13T18:59:44.603Z</time>
      </trkpt>
      <trkpt lat="51.139556" lon="12.525771">
        <ele>144.958112</ele>
        <time>2025-06-13T19:00:03.704Z</time>
      </trkpt>
      <trkpt lat="51.139853" lon="12.525554">
        <ele>144.888345</ele>
        <time>2025-06-13T19:00:10.978Z</time>
      </trkpt>
      <trkpt lat="51.140541" lon="12.524868">
        <ele>144.435720</ele>
        <time>2025-06-13T19:00:28.856Z</time>
      </trkpt>
      <trkpt lat="51.140762" lon="12.524795">
        <ele>144.302951</ele>
        <time>2025-06-13T19:00:33.684Z</time>
      </trkpt>
      <trkpt lat="51.140892" lon="12.524672">
        <ele>144.214017</ele>
        <time>2025-06-13T19:00:36.895Z</time>
      </trkpt>
      <trkpt lat="51.141160" lon="12.524306">
        <ele>144.006405</ele>
        <time>2025-06-13T19:00:44.241Z</time>
      </trkpt>
      <trkpt lat="51.141227" lon="12.524023">
        <ele>143.894767</ele>
        <time>2025-06-13T19:00:48.126Z</time>
      </trkpt>
      <trkpt lat="51.141223" lon="12.523590">
        <ele>143.664544</ele>
        <time>2025-06-13T19:00:53.603Z</time>
      </trkpt>
      <trkpt lat="51.141249" lon="12.523281">
        <ele>143.449735</ele>
        <time>2025-06-13T19:00:57.471Z</time>
      </trkpt>
      <trkpt lat="51.141710" lon="12.521477">
        <ele>142.107631</ele>
        <time>2025-06-13T19:01:22.253Z</time>
      </trkpt>
      <trkpt lat="51.142097" lon="12.521802">
        <ele>141.830029</ele>
        <time>2025-06-13T19:01:31.723Z</time>
      </trkpt>
      <trkpt lat="51.142216" lon="12.521827">
        <ele>141.823319</ele>
        <time>2025-06-13T19:01:34.364Z</time>
      </trkpt>
      <trkpt lat="51.142303" lon="12.521734">
        <ele>141.817463</ele>
        <time>2025-06-13T19:01:36.738Z</time>
      </trkpt>
      <trkpt lat="51.142499" lon="12.521301">
        <ele>141.798735</ele>
        <time>2025-06-13T19:01:44.578Z</time>
      </trkpt>
      <trkpt lat="51.142526" lon="12.521240">
        <ele>141.796117</ele>
        <time>2025-06-13T19:01:45.717Z</time>
      </trkpt>
      <trkpt lat="51.142792" lon="12.520844">
        <ele>141.775768</ele>
        <time>2025-06-13T19:01:54.494Z</time>
      </trkpt>
      <trkpt lat="51.142774" lon="12.520790">
        <ele>141.773623</ele>
        <time>2025-06-13T19:01:55.011Z</time>
      </trkpt>
      <trkpt lat="51.142795" lon="12.520652">
        <ele>141.768643</ele>
        <time>2025-06-13T19:01:56.206Z</time>
      </trkpt>
      <trkpt lat="51.143256" lon="12.519714">
        <ele>141.601488</ele>
        <time>2025-06-13T19:02:05.653Z</time>
      </trkpt>
      <trkpt lat="51.143339" lon="12.519304">
        <ele>141.446071</ele>
        <time>2025-06-13T19:02:09.033Z</time>
      </trkpt>
      <trkpt lat="51.143388" lon="12.518905">
        <ele>141.299400</ele>
        <time>2025-06-13T19:02:12.229Z</time>
      </trkpt>
      <trkpt lat="51.143769" lon="12.517984">
        <ele>140.901423</ele>
        <time>2025-06-13T19:02:20.652Z</time>
      </trkpt>
      <trkpt lat="51.143890" lon="12.517636">
        <ele>140.757892</ele>
        <time>2025-06-13T19:02:23.728Z</time>
      </trkpt>
      <trkpt lat="51.144167" lon="12.517190">
        <ele>140.469674</ele>
        <time>2025-06-13T19:02:28.768Z</time>
      </trkpt>
      <trkpt lat="51.144827" lon="12.516533">
        <ele>139.863821</ele>
        <time>2025-06-13T19:02:38.499Z</time>
      </trkpt>
      <trkpt lat="51.145254" lon="12.516392">
        <ele>139.524300</ele>
        <time>2025-06-13T19:02:43.647Z</time>
      </trkpt>
      <trkpt lat="51.145254" lon="12.516322">
        <ele>139.490108</ele>
        <time>2025-06-13T19:02:44.550Z</time>
      </trkpt>
      <trkpt lat="51.145393" lon="12.516081">
        <ele>139.330201</ele>
        <time>2025-06-13T19:02:48.782Z</time>
      </trkpt>
      <trkpt lat="51.145421" lon="12.515700">
        <ele>139.065297</ele>
        <time>2025-06-13T19:02:53.720Z</time>
      </trkpt>
      <trkpt lat="51.145471" lon="12.515531">
        <ele>138.930578</ele>
        <time>2025-06-13T19:02:56.104Z</time>
      </trkpt>
      <trkpt lat="51.145584" lon="12.515372">
        <ele>138.757349</ele>
        <time>2025-06-13T19:02:59.143Z</time>
      </trkpt>
      <trkpt lat="51.145649" lon="12.515238">
        <ele>138.635223</ele>
        <time>2025-06-13T19:03:01.278Z</time>
      </trkpt>
      <trkpt lat="51.145696" lon="12.514836">
        <ele>138.340393</ele>
        <time>2025-06-13T19:03:06.390Z</time>
      </trkpt>
      <trkpt lat="51.145727" lon="12.514263">
        <ele>137.925729</ele>
        <time>2025-06-13T19:03:13.593Z</time>
      </trkpt>
      <trkpt lat="51.145733" lon="12.514113">
        <ele>137.817360</ele>
        <time>2025-06-13T19:03:15.492Z</time>
      </trkpt>
      <trkpt lat="51.145752" lon="12.514014">
        <ele>137.742716</ele>
        <time>2025-06-13T19:03:16.811Z</time>
      </trkpt>
      <trkpt lat="51.145945" lon="12.513749">
        <ele>137.449961</ele>
        <time>2025-06-13T19:03:22.083Z</time>
      </trkpt>
      <trkpt lat="51.146177" lon="12.513548">
        <ele>137.277145</ele>
        <time>2025-06-13T19:03:27.740Z</time>
      </trkpt>
      <trkpt lat="51.146790" lon="12.513259">
        <ele>137.585431</ele>
        <time>2025-06-13T19:03:42.069Z</time>
      </trkpt>
      <trkpt lat="51.146815" lon="12.513114">
        <ele>137.630925</ele>
        <time>2025-06-13T19:03:44.264Z</time>
      </trkpt>
      <trkpt lat="51.146805" lon="12.512694">
        <ele>137.758082</ele>
        <time>2025-06-13T19:03:50.603Z</time>
      </trkpt>
      <trkpt lat="51.146839" lon="12.512326">
        <ele>137.870617</ele>
        <time>2025-06-13T19:03:56.533Z</time>
      </trkpt>
      <trkpt lat="51.146837" lon="12.512225">
        <ele>137.901188</ele>
        <time>2025-06-13T19:03:57.679Z</time>
      </trkpt>
      <trkpt lat="51.146861" lon="12.512029">
        <ele>137.961605</ele>
        <time>2025-06-13T19:03:59.972Z</time>
      </trkpt>
      <trkpt lat="51.146887" lon="12.511585">
        <ele>138.096515</ele>
        <time>2025-06-13T19:04:05.117Z</time>
      </trkpt>
      <trkpt lat="51.146885" lon="12.511144">
        <ele>138.110122</ele>
        <time>2025-06-13T19:04:10.047Z</time>
      </trkpt>
      <trkpt lat="51.146882" lon="12.510939">
        <ele>138.112211</ele>
        <time>2025-06-13T19:04:12.238Z</time>
      </trkpt>
      <trkpt lat="51.146852" lon="12.510814">
        <ele>138.113575</ele>
        <time>2025-06-13T19:04:13.627Z</time>
      </trkpt>
      <trkpt lat="51.146608" lon="12.510331">
        <ele>138.119895</ele>
        <time>2025-06-13T19:04:19.345Z</time>
      </trkpt>
      <trkpt lat="51.146888" lon="12.510288">
        <ele>138.124465</ele>
        <time>2025-06-13T19:04:24.091Z</time>
      </trkpt>
      <trkpt lat="51.147435" lon="12.510291">
        <ele>138.133351</ele>
        <time>2025-06-13T19:04:33.048Z</time>
      </trkpt>
      <trkpt lat="51.147823" lon="12.510358">
        <ele>138.138013</ele>
        <time>2025-06-13T19:04:37.643Z</time>
      </trkpt>
      <trkpt lat="51.147857" lon="12.510365">
        <ele>138.138363</ele>
        <time>2025-06-13T19:04:38.045Z</time>
      </trkpt>
      <trkpt lat="51.147998" lon="12.510396">
        <ele>138.139818</ele>
        <time>2025-06-13T19:04:40.992Z</time>
      </trkpt>
      <trkpt lat="51.148215" lon="12.510453">
        <ele>138.142066</ele>
        <time>2025-06-13T19:04:43.690Z</time>
      </trkpt>
      <trkpt lat="51.148320" lon="12.510424">
        <ele>138.143155</ele>
        <time>2025-06-13T19:04:45.023Z</time>
      </trkpt>
      <trkpt lat="51.148395" lon="12.510358">
        <ele>138.144031</ele>
        <time>2025-06-13T19:04:46.104Z</time>
      </trkpt>
      <trkpt lat="51.148488" lon="12.510157">
        <ele>138.145633</ele>
        <time>2025-06-13T19:04:48.134Z</time>
      </trkpt>
      <trkpt lat="51.148576" lon="12.509970">
        <ele>138.147132</ele>
        <time>2025-06-13T19:04:50.105Z</time>
      </trkpt>
      <trkpt lat="51.148723" lon="12.509940">
        <ele>138.148646</ele>
        <time>2025-06-13T19:04:52.246Z</time>
      </trkpt>
      <trkpt lat="51.149015" lon="12.509932">
        <ele>138.151631</ele>
        <time>2025-06-13T19:04:56.910Z</time>
      </trkpt>
      <trkpt lat="51.149651" lon="12.509839">
        <ele>139.186566</ele>
        <time>2025-06-13T19:05:08.226Z</time>
      </trkpt>
      <trkpt lat="51.150668" lon="12.509557">
        <ele>141.550861</ele>
        <time>2025-06-13T19:05:30.311Z</time>
      </trkpt>
      <trkpt lat="51.151768" lon="12.509207">
        <ele>143.328324</ele>
        <time>2025-06-13T19:05:54.661Z</time>
      </trkpt>
      <trkpt lat="51.151908" lon="12.509169">
        <ele>143.514166</ele>
        <time>2025-06-13T19:05:57.098Z</time>
      </trkpt>
      <trkpt lat="51.151914" lon="12.508955">
        <ele>143.690000</ele>
        <time>2025-06-13T19:05:59.195Z</time>
      </trkpt>
      <trkpt lat="51.151944" lon="12.508565">
        <ele>144.012523</ele>
        <time>2025-06-13T19:06:02.694Z</time>
      </trkpt>
      <trkpt lat="51.151968" lon="12.508344">
        <ele>144.196626</ele>
        <time>2025-06-13T19:06:04.550Z</time>
      </trkpt>
      <trkpt lat="51.152025" lon="12.507834">
        <ele>144.621844</ele>
        <time>2025-06-13T19:06:08.684Z</time>
      </trkpt>
      <trkpt lat="51.152072" lon="12.507477">
        <ele>144.585544</ele>
        <time>2025-06-13T19:06:11.482Z</time>
      </trkpt>
      <trkpt lat="51.152088" lon="12.507354">
        <ele>144.571076</ele>
        <time>2025-06-13T19:06:12.405Z</time>
      </trkpt>
      <trkpt lat="51.152161" lon="12.506802">
        <ele>144.506102</ele>
        <time>2025-06-13T19:06:16.709Z</time>
      </trkpt>
      <trkpt lat="51.152349" lon="12.505294">
        <ele>144.329021</ele>
        <time>2025-06-13T19:06:30.205Z</time>
      </trkpt>
      <trkpt lat="51.152491" lon="12.503773">
        <ele>143.279069</ele>
        <time>2025-06-13T19:06:42.703Z</time>
      </trkpt>
      <trkpt lat="51.152559" lon="12.502724">
        <ele>142.424847</ele>
        <time>2025-06-13T19:06:49.919Z</time>
      </trkpt>
      <trkpt lat="51.152580" lon="12.502354">
        <ele>142.123920</ele>
        <time>2025-06-13T19:06:52.400Z</time>
      </trkpt>
      <trkpt lat="51.152618" lon="12.501321">
        <ele>141.721910</ele>
        <time>2025-06-13T19:06:59.337Z</time>
      </trkpt>
      <trkpt lat="51.152627" lon="12.499819">
        <ele>141.276392</ele>
        <time>2025-06-13T19:07:11.462Z</time>
      </trkpt>
      <trkpt lat="51.152790" lon="12.499815">
        <ele>141.199306</ele>
        <time>2025-06-13T19:07:14.250Z</time>
      </trkpt>
      <trkpt lat="51.152985" lon="12.499811">
        <ele>141.200786</ele>
        <time>2025-06-13T19:07:17.852Z</time>
      </trkpt>
      <trkpt lat="51.153432" lon="12.499826">
        <ele>142.205595</ele>
        <time>2025-06-13T19:07:27.249Z</time>
      </trkpt>
      <trkpt lat="51.153788" lon="12.499965">
        <ele>143.029312</ele>
        <time>2025-06-13T19:07:35.604Z</time>
      </trkpt>
      <trkpt lat="51.154377" lon="12.500414">
        <ele>144.496560</ele>
        <time>2025-06-13T19:07:50.227Z</time>
      </trkpt>
      <trkpt lat="51.154581" lon="12.500560">
        <ele>144.999103</ele>
        <time>2025-06-13T19:07:55.164Z</time>
      </trkpt>
      <trkpt lat="51.154885" lon="12.500756">
        <ele>145.550374</ele>
        <time>2025-06-13T19:08:02.527Z</time>
      </trkpt>
      <trkpt lat="51.155294" lon="12.500982">
        <ele>146.206519</ele>
        <time>2025-06-13T19:08:12.149Z</time>
      </trkpt>
      <trkpt lat="51.155827" lon="12.501153">
        <ele>147.030641</ele>
        <time>2025-06-13T19:08:23.869Z</time>
      </trkpt>
      <trkpt lat="51.156563" lon="12.501269">
        <ele>147.750402</ele>
        <time>2025-06-13T19:08:40.666Z</time>
      </trkpt>
      <trkpt lat="51.156946" lon="12.501270">
        <ele>147.433728</ele>
        <time>2025-06-13T19:08:48.475Z</time>
      </trkpt>
      <trkpt lat="51.157636" lon="12.501192">
        <ele>146.861788</ele>
        <time>2025-06-13T19:09:02.256Z</time>
      </trkpt>
      <trkpt lat="51.158147" lon="12.501131">
        <ele>146.438099</ele>
        <time>2025-06-13T19:09:08.921Z</time>
      </trkpt>
      <trkpt lat="51.159148" lon="12.500842">
        <ele>147.548276</ele>
        <time>2025-06-13T19:09:26.730Z</time>
      </trkpt>
      <trkpt lat="51.160087" lon="12.500483">
        <ele>148.692459</ele>
        <time>2025-06-13T19:09:47.246Z</time>
      </trkpt>
      <trkpt lat="51.160577" lon="12.500235">
        <ele>149.344839</ele>
        <time>2025-06-13T19:09:57.517Z</time>
      </trkpt>
      <trkpt lat="51.161136" lon="12.499582">
        <ele>150.224197</ele>
        <time>2025-06-13T19:10:10.105Z</time>
      </trkpt>
      <trkpt lat="51.161322" lon="12.499440">
        <ele>150.485889</ele>
        <time>2025-06-13T19:10:13.625Z</time>
      </trkpt>
      <trkpt lat="51.161638" lon="12.499341">
        <ele>150.841125</ele>
        <time>2025-06-13T19:10:18.957Z</time>
      </trkpt>
      <trkpt lat="51.161994" lon="12.499155">
        <ele>151.068603</ele>
        <time>2025-06-13T19:10:25.081Z</time>
      </trkpt>
      <trkpt lat="51.164067" lon="12.497233">
        <ele>152.248312</ele>
        <time>2025-06-13T19:11:04.816Z</time>
      </trkpt>
      <trkpt lat="51.164420" lon="12.496958">
        <ele>152.383923</ele>
        <time>2025-06-13T19:11:11.014Z</time>
      </trkpt>
      <trkpt lat="51.165065" lon="12.496534">
        <ele>152.327099</ele>
        <time>2025-06-13T19:11:21.345Z</time>
      </trkpt>
      <trkpt lat="51.166309" lon="12.495418">
        <ele>151.593843</ele>
        <time>2025-06-13T19:11:40.793Z</time>
      </trkpt>
      <trkpt lat="51.166442" lon="12.495231">
        <ele>151.616219</ele>
        <time>2025-06-13T19:11:43.361Z</time>
      </trkpt>
      <trkpt lat="51.166672" lon="12.494748">
        <ele>151.703750</ele>
        <time>2025-06-13T19:11:49.057Z</time>
      </trkpt>
      <trkpt lat="51.166724" lon="12.494667">
        <ele>151.720480</ele>
        <time>2025-06-13T19:11:50.155Z</time>
      </trkpt>
      <trkpt lat="51.166818" lon="12.494619">
        <ele>151.743198</ele>
        <time>2025-06-13T19:11:51.657Z</time>
      </trkpt>
      <trkpt lat="51.167257" lon="12.494462">
        <ele>151.846748</ele>
        <time>2025-06-13T19:11:58.555Z</time>
      </trkpt>
      <trkpt lat="51.167489" lon="12.494279">
        <ele>151.906320</ele>
        <time>2025-06-13T19:12:02.670Z</time>
      </trkpt>
      <trkpt lat="51.167834" lon="12.493957">
        <ele>152.005600</ele>
        <time>2025-06-13T19:12:09.725Z</time>
      </trkpt>
      <trkpt lat="51.167990" lon="12.493812">
        <ele>152.140656</ele>
        <time>2025-06-13T19:12:13.059Z</time>
      </trkpt>
      <trkpt lat="51.168115" lon="12.493530">
        <ele>152.302627</ele>
        <time>2025-06-13T19:12:16.783Z</time>
      </trkpt>
      <trkpt lat="51.168326" lon="12.493474">
        <ele>152.462621</ele>
        <time>2025-06-13T19:12:20.235Z</time>
      </trkpt>
      <trkpt lat="51.168423" lon="12.493251">
        <ele>152.589911</ele>
        <time>2025-06-13T19:12:22.947Z</time>
      </trkpt>
      <trkpt lat="51.168498" lon="12.493163">
        <ele>152.659556</ele>
        <time>2025-06-13T19:12:24.460Z</time>
      </trkpt>
      <trkpt lat="51.168721" lon="12.493097">
        <ele>152.829203</ele>
        <time>2025-06-13T19:12:28.218Z</time>
      </trkpt>
      <trkpt lat="51.169155" lon="12.492702">
        <ele>153.202966</ele>
        <time>2025-06-13T19:12:36.929Z</time>
      </trkpt>
      <trkpt lat="51.169260" lon="12.492468">
        <ele>153.337919</ele>
        <time>2025-06-13T19:12:40.160Z</time>
      </trkpt>
      <trkpt lat="51.169380" lon="12.492307">
        <ele>153.438210</ele>
        <time>2025-06-13T19:12:42.946Z</time>
      </trkpt>
      <trkpt lat="51.169767" lon="12.492179">
        <ele>153.690044</ele>
        <time>2025-06-13T19:12:49.923Z</time>
      </trkpt>
      <trkpt lat="51.169983" lon="12.491949">
        <ele>153.855530</ele>
        <time>2025-06-13T19:12:54.454Z</time>
      </trkpt>
      <trkpt lat="51.170629" lon="12.490752">
        <ele>154.486488</ele>
        <time>2025-06-13T19:13:10.636Z</time>
      </trkpt>
      <trkpt lat="51.171413" lon="12.489715">
        <ele>154.550775</ele>
        <time>2025-06-13T19:13:25.696Z</time>
      </trkpt>
      <trkpt lat="51.173110" lon="12.488265">
        <ele>154.944962</ele>
        <time>2025-06-13T19:13:54.408Z</time>
      </trkpt>
      <trkpt lat="51.173468" lon="12.488220">
        <ele>155.053141</ele>
        <time>2025-06-13T19:14:00.412Z</time>
      </trkpt>
      <trkpt lat="51.174157" lon="12.487830">
        <ele>155.465948</ele>
        <time>2025-06-13T19:14:13.222Z</time>
      </trkpt>
      <trkpt lat="51.174417" lon="12.487461">
        <ele>155.724269</ele>
        <time>2025-06-13T19:14:19.508Z</time>
      </trkpt>
      <trkpt lat="51.175268" lon="12.486675">
        <ele>156.454181</ele>
        <time>2025-06-13T19:14:36.372Z</time>
      </trkpt>
      <trkpt lat="51.176044" lon="12.485898">
        <ele>156.289355</ele>
        <time>2025-06-13T19:14:50.271Z</time>
      </trkpt>
      <trkpt lat="51.176317" lon="12.485798">
        <ele>156.230045</ele>
        <time>2025-06-13T19:14:54.232Z</time>
      </trkpt>
      <trkpt lat="51.176594" lon="12.485400">
        <ele>156.151105</ele>
        <time>2025-06-13T19:14:59.390Z</time>
      </trkpt>
      <trkpt lat="51.177074" lon="12.484882">
        <ele>155.903105</ele>
        <time>2025-06-13T19:15:07.185Z</time>
      </trkpt>
      <trkpt lat="51.177332" lon="12.484459">
        <ele>155.679656</ele>
        <time>2025-06-13T19:15:12.112Z</time>
      </trkpt>
      <trkpt lat="51.179045" lon="12.481099">
        <ele>155.437964</ele>
        <time>2025-06-13T19:15:50.450Z</time>
      </trkpt>
      <trkpt lat="51.179131" lon="12.480898">
        <ele>155.478646</ele>
        <time>2025-06-13T19:15:53.902Z</time>
      </trkpt>
      <trkpt lat="51.179151" lon="12.480793">
        <ele>155.594411</ele>
        <time>2025-06-13T19:15:55.587Z</time>
      </trkpt>
      <trkpt lat="51.179074" lon="12.480407">
        <ele>156.530358</ele>
        <time>2025-06-13T19:16:01.887Z</time>
      </trkpt>
      <trkpt lat="51.179102" lon="12.480269">
        <ele>156.865503</ele>
        <time>2025-06-13T19:16:04.316Z</time>
      </trkpt>
      <trkpt lat="51.179212" lon="12.480127">
        <ele>157.387067</ele>
        <time>2025-06-13T19:16:07.999Z</time>
      </trkpt>
      <trkpt lat="51.179263" lon="12.480186">
        <ele>157.619271</ele>
        <time>2025-06-13T19:16:09.668Z</time>
      </trkpt>
      <trkpt lat="51.179526" lon="12.480489">
        <ele>158.815013</ele>
        <time>2025-06-13T19:16:18.803Z</time>
      </trkpt>
      <trkpt lat="51.179750" lon="12.480719">
        <ele>159.796876</ele>
        <time>2025-06-13T19:16:26.445Z</time>
      </trkpt>
      <trkpt lat="51.180068" lon="12.481036">
        <ele>161.178989</ele>
        <time>2025-06-13T19:16:36.767Z</time>
      </trkpt>
      <trkpt lat="51.180498" lon="12.481561">
        <ele>162.548407</ele>
        <time>2025-06-13T19:16:49.885Z</time>
      </trkpt>
      <trkpt lat="51.180692" lon="12.481704">
        <ele>162.868855</ele>
        <time>2025-06-13T19:16:54.433Z</time>
      </trkpt>
      <trkpt lat="51.180907" lon="12.481762">
        <ele>163.195815</ele>
        <time>2025-06-13T19:16:58.693Z</time>
      </trkpt>
      <trkpt lat="51.181079" lon="12.481723">
        <ele>163.456314</ele>
        <time>2025-06-13T19:17:01.823Z</time>
      </trkpt>
      <trkpt lat="51.181308" lon="12.481581">
        <ele>163.824718</ele>
        <time>2025-06-13T19:17:05.908Z</time>
      </trkpt>
      <trkpt lat="51.181565" lon="12.481377">
        <ele>164.255148</ele>
        <time>2025-06-13T19:17:10.316Z</time>
      </trkpt>
      <trkpt lat="51.182537" lon="12.480564">
        <ele>164.569068</ele>
        <time>2025-06-13T19:17:25.414Z</time>
      </trkpt>
      <trkpt lat="51.182068" lon="12.479151">
        <ele>164.227343</ele>
        <time>2025-06-13T19:17:38.591Z</time>
      </trkpt>
      <trkpt lat="51.182094" lon="12.479117">
        <ele>164.215880</ele>
        <time>2025-06-13T19:17:39.023Z</time>
      </trkpt>
      <trkpt lat="51.182116" lon="12.479015">
        <ele>164.167245</ele>
        <time>2025-06-13T19:17:39.892Z</time>
      </trkpt>
      <trkpt lat="51.182114" lon="12.479006">
        <ele>164.159819</ele>
        <time>2025-06-13T19:17:39.973Z</time>
      </trkpt>
      <trkpt lat="51.182099" lon="12.478930">
        <ele>164.097857</ele>
        <time>2025-06-13T19:17:40.614Z</time>
      </trkpt>
      <trkpt lat="51.182991" lon="12.478187">
        <ele>162.849498</ele>
        <time>2025-06-13T19:17:52.988Z</time>
      </trkpt>
      <trkpt lat="51.185159" lon="12.476350">
        <ele>159.400038</ele>
        <time>2025-06-13T19:18:22.122Z</time>
      </trkpt>
      <trkpt lat="51.185114" lon="12.476165">
        <ele>159.240957</ele>
        <time>2025-06-13T19:18:24.727Z</time>
      </trkpt>
      <trkpt lat="51.185397" lon="12.475836">
        <ele>158.841394</ele>
        <time>2025-06-13T19:18:32.111Z</time>
      </trkpt>
      <trkpt lat="51.185877" lon="12.475456">
        <ele>158.229955</ele>
        <time>2025-06-13T19:18:43.417Z</time>
      </trkpt>
      <trkpt lat="51.186273" lon="12.475049">
        <ele>157.692445</ele>
        <time>2025-06-13T19:18:53.138Z</time>
      </trkpt>
      <trkpt lat="51.186481" lon="12.474593">
        <ele>157.289089</ele>
        <time>2025-06-13T19:19:00.182Z</time>
      </trkpt>
      <trkpt lat="51.186924" lon="12.473090">
        <ele>155.596927</ele>
        <time>2025-06-13T19:19:20.605Z</time>
      </trkpt>
      <trkpt lat="51.187457" lon="12.471837">
        <ele>154.150334</ele>
        <time>2025-06-13T19:19:39.670Z</time>
      </trkpt>
      <trkpt lat="51.188221" lon="12.469332">
        <ele>152.364087</ele>
        <time>2025-06-13T19:20:15.906Z</time>
      </trkpt>
      <trkpt lat="51.188548" lon="12.468460">
        <ele>151.908886</ele>
        <time>2025-06-13T19:20:29.245Z</time>
      </trkpt>
      <trkpt lat="51.188750" lon="12.467330">
        <ele>151.382506</ele>
        <time>2025-06-13T19:20:44.855Z</time>
      </trkpt>
      <trkpt lat="51.188839" lon="12.467081">
        <ele>151.254101</ele>
        <time>2025-06-13T19:20:48.685Z</time>
      </trkpt>
      <trkpt lat="51.188943" lon="12.466937">
        <ele>151.159493</ele>
        <time>2025-06-13T19:20:51.646Z</time>
      </trkpt>
      <trkpt lat="51.189030" lon="12.466883">
        <ele>151.115729</ele>
        <time>2025-06-13T19:20:53.644Z</time>
      </trkpt>
      <trkpt lat="51.189036" lon="12.466946">
        <ele>151.097005</ele>
        <time>2025-06-13T19:20:54.184Z</time>
      </trkpt>
      <trkpt lat="51.189030" lon="12.466883">
        <ele>151.078282</ele>
        <time>2025-06-13T19:20:54.695Z</time>
      </trkpt>
      <trkpt lat="51.188972" lon="12.465780">
        <ele>150.753049</ele>
        <time>2025-06-13T19:21:03.616Z</time>
      </trkpt>
      <trkpt lat="51.188995" lon="12.465727">
        <ele>150.734107</ele>
        <time>2025-06-13T19:21:04.149Z</time>
      </trkpt>
      <trkpt lat="51.189177" lon="12.465569">
        <ele>150.636971</ele>
        <time>2025-06-13T19:21:06.837Z</time>
      </trkpt>
      <trkpt lat="51.189246" lon="12.465461">
        <ele>150.591656</ele>
        <time>2025-06-13T19:21:08.126Z</time>
      </trkpt>
      <trkpt lat="51.189574" lon="12.465157">
        <ele>150.413825</ele>
        <time>2025-06-13T19:21:13.172Z</time>
      </trkpt>
      <trkpt lat="51.189593" lon="12.464913">
        <ele>150.341580</ele>
        <time>2025-06-13T19:21:15.168Z</time>
      </trkpt>
      <trkpt lat="51.189714" lon="12.464740">
        <ele>150.337824</ele>
        <time>2025-06-13T19:21:17.272Z</time>
      </trkpt>
      <trkpt lat="51.190101" lon="12.464409">
        <ele>150.388445</ele>
        <time>2025-06-13T19:21:23.026Z</time>
      </trkpt>
      <trkpt lat="51.190479" lon="12.463943">
        <ele>150.443516</ele>
        <time>2025-06-13T19:21:29.673Z</time>
      </trkpt>
      <trkpt lat="51.190665" lon="12.463592">
        <ele>150.476728</ele>
        <time>2025-06-13T19:21:34.042Z</time>
      </trkpt>
      <trkpt lat="51.190689" lon="12.463548">
        <ele>150.480942</ele>
        <time>2025-06-13T19:21:34.599Z</time>
      </trkpt>
      <trkpt lat="51.191161" lon="12.464630">
        <ele>150.723018</ele>
        <time>2025-06-13T19:21:46.575Z</time>
      </trkpt>
      <trkpt lat="51.191259" lon="12.464809">
        <ele>150.795848</ele>
        <time>2025-06-13T19:21:48.635Z</time>
      </trkpt>
      <trkpt lat="51.191339" lon="12.464878">
        <ele>150.840311</ele>
        <time>2025-06-13T19:21:49.970Z</time>
      </trkpt>
      <trkpt lat="51.191718" lon="12.464479">
        <ele>151.062313</ele>
        <time>2025-06-13T19:21:56.837Z</time>
      </trkpt>
      <trkpt lat="51.191850" lon="12.464429">
        <ele>151.128645</ele>
        <time>2025-06-13T19:21:59.009Z</time>
      </trkpt>
      <trkpt lat="51.192080" lon="12.464319">
        <ele>151.246040</ele>
        <time>2025-06-13T19:22:02.951Z</time>
      </trkpt>
      <trkpt lat="51.192191" lon="12.464406">
        <ele>151.306505</ele>
        <time>2025-06-13T19:22:04.963Z</time>
      </trkpt>
      <trkpt lat="51.192340" lon="12.464528">
        <ele>151.388386</ele>
        <time>2025-06-13T19:22:07.639Z</time>
      </trkpt>
      <trkpt lat="51.192461" lon="12.464641">
        <ele>151.414576</ele>
        <time>2025-06-13T19:22:09.867Z</time>
      </trkpt>
      <trkpt lat="51.192479" lon="12.464816">
        <ele>151.419567</ele>
        <time>2025-06-13T19:22:11.634Z</time>
      </trkpt>
      <trkpt lat="51.192590" lon="12.465207">
        <ele>151.431646</ele>
        <time>2025-06-13T19:22:15.870Z</time>
      </trkpt>
      <trkpt lat="51.192644" lon="12.465397">
        <ele>151.437517</ele>
        <time>2025-06-13T19:22:17.860Z</time>
      </trkpt>
      <trkpt lat="51.192773" lon="12.465823">
        <ele>151.450831</ele>
        <time>2025-06-13T19:22:22.502Z</time>
      </trkpt>
      <trkpt lat="51.192844" lon="12.465632">
        <ele>151.457080</ele>
        <time>2025-06-13T19:22:25.041Z</time>
      </trkpt>
      <trkpt lat="51.192942" lon="12.465719">
        <ele>151.462115</ele>
        <time>2025-06-13T19:22:26.983Z</time>
      </trkpt>
      <trkpt lat="51.192991" lon="12.465760">
        <ele>151.464600</ele>
        <time>2025-06-13T19:22:27.925Z</time>
      </trkpt>
      <trkpt lat="51.193266" lon="12.465355">
        <ele>151.481404</ele>
        <time>2025-06-13T19:22:34.120Z</time>
      </trkpt>
      <trkpt lat="51.193346" lon="12.465388">
        <ele>151.485114</ele>
        <time>2025-06-13T19:22:35.461Z</time>
      </trkpt>
      <trkpt lat="51.193820" lon="12.464744">
        <ele>150.943582</ele>
        <time>2025-06-13T19:22:43.003Z</time>
      </trkpt>
      <trkpt lat="51.193874" lon="12.464736">
        <ele>150.883014</ele>
        <time>2025-06-13T19:22:43.631Z</time>
      </trkpt>
      <trkpt lat="51.194876" lon="12.463492">
        <ele>149.460538</ele>
        <time>2025-06-13T19:22:58.457Z</time>
      </trkpt>
      <trkpt lat="51.195219" lon="12.463042">
        <ele>148.831437</ele>
        <time>2025-06-13T19:23:04.042Z</time>
      </trkpt>
      <trkpt lat="51.195302" lon="12.462990">
        <ele>148.705108</ele>
        <time>2025-06-13T19:23:05.169Z</time>
      </trkpt>
      <trkpt lat="51.195404" lon="12.462844">
        <ele>148.510981</ele>
        <time>2025-06-13T19:23:06.862Z</time>
      </trkpt>
      <trkpt lat="51.195426" lon="12.462777">
        <ele>148.443825</ele>
        <time>2025-06-13T19:23:07.440Z</time>
      </trkpt>
      <trkpt lat="51.195868" lon="12.462226">
        <ele>147.649189</ele>
        <time>2025-06-13T19:23:13.824Z</time>
      </trkpt>
      <trkpt lat="51.195977" lon="12.462085">
        <ele>147.450396</ele>
        <time>2025-06-13T19:23:15.377Z</time>
      </trkpt>
      <trkpt lat="51.196114" lon="12.461908">
        <ele>147.200661</ele>
        <time>2025-06-13T19:23:17.323Z</time>
      </trkpt>
      <trkpt lat="51.196085" lon="12.461834">
        <ele>147.123173</ele>
        <time>2025-06-13T19:23:17.931Z</time>
      </trkpt>
      <trkpt lat="51.196475" lon="12.461331">
        <ele>145.916649</ele>
        <time>2025-06-13T19:23:23.406Z</time>
      </trkpt>
      <trkpt lat="51.197002" lon="12.460645">
        <ele>144.036205</ele>
        <time>2025-06-13T19:23:30.347Z</time>
      </trkpt>
      <trkpt lat="51.196947" lon="12.460495">
        <ele>143.735084</ele>
        <time>2025-06-13T19:23:31.443Z</time>
      </trkpt>
      <trkpt lat="51.196948" lon="12.460376">
        <ele>143.528878</ele>
        <time>2025-06-13T19:23:32.198Z</time>
      </trkpt>
      <trkpt lat="51.197641" lon="12.459496">
        <ele>141.472671</ele>
        <time>2025-06-13T19:23:41.528Z</time>
      </trkpt>
      <trkpt lat="51.198067" lon="12.459002">
        <ele>140.665625</ele>
        <time>2025-06-13T19:23:47.376Z</time>
      </trkpt>
      <trkpt lat="51.199600" lon="12.457914">
        <ele>138.557851</ele>
        <time>2025-06-13T19:24:07.694Z</time>
      </trkpt>
      <trkpt lat="51.200454" lon="12.457257">
        <ele>137.711672</ele>
        <time>2025-06-13T19:24:19.118Z</time>
      </trkpt>
      <trkpt lat="51.201329" lon="12.456703">
        <ele>136.855009</ele>
        <time>2025-06-13T19:24:30.176Z</time>
      </trkpt>
      <trkpt lat="51.201427" lon="12.456634">
        <ele>136.757241</ele>
        <time>2025-06-13T19:24:31.472Z</time>
      </trkpt>
      <trkpt lat="51.201723" lon="12.456425">
        <ele>136.461805</ele>
        <time>2025-06-13T19:24:35.418Z</time>
      </trkpt>
      <trkpt lat="51.201825" lon="12.456352">
        <ele>136.359771</ele>
        <time>2025-06-13T19:24:36.791Z</time>
      </trkpt>
      <trkpt lat="51.203810" lon="12.454866">
        <ele>134.761281</ele>
        <time>2025-06-13T19:25:03.976Z</time>
      </trkpt>
      <trkpt lat="51.203863" lon="12.454667">
        <ele>134.705042</ele>
        <time>2025-06-13T19:25:05.564Z</time>
      </trkpt>
      <trkpt lat="51.204482" lon="12.453967">
        <ele>134.498774</ele>
        <time>2025-06-13T19:25:14.480Z</time>
      </trkpt>
      <trkpt lat="51.204389" lon="12.453740">
        <ele>134.452570</ele>
        <time>2025-06-13T19:25:16.555Z</time>
      </trkpt>
      <trkpt lat="51.204015" lon="12.453330">
        <ele>134.329204</ele>
        <time>2025-06-13T19:25:22.498Z</time>
      </trkpt>
      <trkpt lat="51.203767" lon="12.453136">
        <ele>134.254110</ele>
        <time>2025-06-13T19:25:26.786Z</time>
      </trkpt>
      <trkpt lat="51.203541" lon="12.453022">
        <ele>134.481538</ele>
        <time>2025-06-13T19:25:30.955Z</time>
      </trkpt>
      <trkpt lat="51.203048" lon="12.453183">
        <ele>135.138165</ele>
        <time>2025-06-13T19:25:40.505Z</time>
      </trkpt>
      <trkpt lat="51.202957" lon="12.453149">
        <ele>135.260118</ele>
        <time>2025-06-13T19:25:42.281Z</time>
      </trkpt>
      <trkpt lat="51.202910" lon="12.453041">
        <ele>135.367626</ele>
        <time>2025-06-13T19:25:43.897Z</time>
      </trkpt>
      <trkpt lat="51.202901" lon="12.452955">
        <ele>135.438912</ele>
        <time>2025-06-13T19:25:44.914Z</time>
      </trkpt>
      <trkpt lat="51.202792" lon="12.452991">
        <ele>135.584156</ele>
        <time>2025-06-13T19:25:48.026Z</time>
      </trkpt>
      <trkpt lat="51.202669" lon="12.453090">
        <ele>135.763909</ele>
        <time>2025-06-13T19:25:51.831Z</time>
      </trkpt>
      <trkpt lat="51.202492" lon="12.452811">
        <ele>136.088525</ele>
        <time>2025-06-13T19:25:56.645Z</time>
      </trkpt>
      <trkpt lat="51.202340" lon="12.452137">
        <ele>136.607113</ele>
        <time>2025-06-13T19:26:04.532Z</time>
      </trkpt>
      <trkpt lat="51.202281" lon="12.451424">
        <ele>136.742846</ele>
        <time>2025-06-13T19:26:11.585Z</time>
      </trkpt>
      <trkpt lat="51.202397" lon="12.450657">
        <ele>136.891759</ele>
        <time>2025-06-13T19:26:18.813Z</time>
      </trkpt>
      <trkpt lat="51.202491" lon="12.450235">
        <ele>136.976286</ele>
        <time>2025-06-13T19:26:22.989Z</time>
      </trkpt>
      <trkpt lat="51.202633" lon="12.449868">
        <ele>137.057691</ele>
        <time>2025-06-13T19:26:27.146Z</time>
      </trkpt>
      <trkpt lat="51.202816" lon="12.449533">
        <ele>137.149516</ele>
        <time>2025-06-13T19:26:31.578Z</time>
      </trkpt>
      <trkpt lat="51.202996" lon="12.449274">
        <ele>137.267768</ele>
        <time>2025-06-13T19:26:35.565Z</time>
      </trkpt>
      <trkpt lat="51.203191" lon="12.449122">
        <ele>137.373656</ele>
        <time>2025-06-13T19:26:39.216Z</time>
      </trkpt>
      <trkpt lat="51.203819" lon="12.448772">
        <ele>137.698223</ele>
        <time>2025-06-13T19:26:50.460Z</time>
      </trkpt>
      <trkpt lat="51.204089" lon="12.448622">
        <ele>137.837717</ele>
        <time>2025-06-13T19:26:55.242Z</time>
      </trkpt>
      <trkpt lat="51.205281" lon="12.447852">
        <ele>137.829291</ele>
        <time>2025-06-13T19:27:15.055Z</time>
      </trkpt>
      <trkpt lat="51.206810" lon="12.447031">
        <ele>137.197820</ele>
        <time>2025-06-13T19:27:37.410Z</time>
      </trkpt>
      <trkpt lat="51.207411" lon="12.446599">
        <ele>136.787571</ele>
        <time>2025-06-13T19:27:46.515Z</time>
      </trkpt>
      <trkpt lat="51.207648" lon="12.446336">
        <ele>136.607913</ele>
        <time>2025-06-13T19:27:50.525Z</time>
      </trkpt>
      <trkpt lat="51.208011" lon="12.445767">
        <ele>136.265411</ele>
        <time>2025-06-13T19:27:57.581Z</time>
      </trkpt>
      <trkpt lat="51.208848" lon="12.444904">
        <ele>135.582840</ele>
        <time>2025-06-13T19:28:11.215Z</time>
      </trkpt>
      <trkpt lat="51.209036" lon="12.444772">
        <ele>135.442149</ele>
        <time>2025-06-13T19:28:14.030Z</time>
      </trkpt>
      <trkpt lat="51.209084" lon="12.444861">
        <ele>135.391751</ele>
        <time>2025-06-13T19:28:15.033Z</time>
      </trkpt>
      <trkpt lat="51.209423" lon="12.444428">
        <ele>135.096013</ele>
        <time>2025-06-13T19:28:20.349Z</time>
      </trkpt>
      <trkpt lat="51.209806" lon="12.443864">
        <ele>134.741760</ele>
        <time>2025-06-13T19:28:26.759Z</time>
      </trkpt>
      <trkpt lat="51.210877" lon="12.442457">
        <ele>133.820414</ele>
        <time>2025-06-13T19:28:43.943Z</time>
      </trkpt>
      <trkpt lat="51.211056" lon="12.442182">
        <ele>133.663927</ele>
        <time>2025-06-13T19:28:47.045Z</time>
      </trkpt>
      <trkpt lat="51.211363" lon="12.441563">
        <ele>133.352389</ele>
        <time>2025-06-13T19:28:53.221Z</time>
      </trkpt>
      <trkpt lat="51.211528" lon="12.441138">
        <ele>133.155092</ele>
        <time>2025-06-13T19:28:57.117Z</time>
      </trkpt>
      <trkpt lat="51.211578" lon="12.440932">
        <ele>133.067917</ele>
        <time>2025-06-13T19:28:58.838Z</time>
      </trkpt>
      <trkpt lat="51.211582" lon="12.440840">
        <ele>133.031527</ele>
        <time>2025-06-13T19:28:59.552Z</time>
      </trkpt>
      <trkpt lat="51.211557" lon="12.440747">
        <ele>132.991594</ele>
        <time>2025-06-13T19:29:00.332Z</time>
      </trkpt>
      <trkpt lat="51.211994" lon="12.439347">
        <ele>131.942165</ele>
        <time>2025-06-13T19:29:20.544Z</time>
      </trkpt>
      <trkpt lat="51.212365" lon="12.438130">
        <ele>131.014155</ele>
        <time>2025-06-13T19:29:37.643Z</time>
      </trkpt>
      <trkpt lat="51.212436" lon="12.437561">
        <ele>130.856650</ele>
        <time>2025-06-13T19:29:45.098Z</time>
      </trkpt>
      <trkpt lat="51.213560" lon="12.433997">
        <ele>130.288849</ele>
        <time>2025-06-13T19:30:40.174Z</time>
      </trkpt>
      <trkpt lat="51.213805" lon="12.433367">
        <ele>130.291216</ele>
        <time>2025-06-13T19:30:50.700Z</time>
      </trkpt>
      <trkpt lat="51.214170" lon="12.432663">
        <ele>130.397837</ele>
        <time>2025-06-13T19:31:03.790Z</time>
      </trkpt>
      <trkpt lat="51.215233" lon="12.431580">
        <ele>130.867827</ele>
        <time>2025-06-13T19:31:33.272Z</time>
      </trkpt>
      <trkpt lat="51.215941" lon="12.430716">
        <ele>131.301702</ele>
        <time>2025-06-13T19:31:54.581Z</time>
      </trkpt>
      <trkpt lat="51.216750" lon="12.429771">
        <ele>131.835750</ele>
        <time>2025-06-13T19:32:18.628Z</time>
      </trkpt>
      <trkpt lat="51.217903" lon="12.428523">
        <ele>132.279867</ele>
        <time>2025-06-13T19:32:51.106Z</time>
      </trkpt>
      <trkpt lat="51.218635" lon="12.427931">
        <ele>132.427408</ele>
        <time>2025-06-13T19:33:09.551Z</time>
      </trkpt>
      <trkpt lat="51.219016" lon="12.427700">
        <ele>132.399861</ele>
        <time>2025-06-13T19:33:18.609Z</time>
      </trkpt>
      <trkpt lat="51.219527" lon="12.427538">
        <ele>132.364647</ele>
        <time>2025-06-13T19:33:30.074Z</time>
      </trkpt>
      <trkpt lat="51.219536" lon="12.427610">
        <ele>132.361539</ele>
        <time>2025-06-13T19:33:30.673Z</time>
      </trkpt>
      <trkpt lat="51.219541" lon="12.427651">
        <ele>132.359770</ele>
        <time>2025-06-13T19:33:31.012Z</time>
      </trkpt>
      <trkpt lat="51.219579" lon="12.427706">
        <ele>132.356304</ele>
        <time>2025-06-13T19:33:31.673Z</time>
      </trkpt>
      <trkpt lat="51.219716" lon="12.427748">
        <ele>132.346874</ele>
        <time>2025-06-13T19:33:33.480Z</time>
      </trkpt>
      <trkpt lat="51.220364" lon="12.427448">
        <ele>132.259040</ele>
        <time>2025-06-13T19:33:42.468Z</time>
      </trkpt>
      <trkpt lat="51.220679" lon="12.427322">
        <ele>132.194484</ele>
        <time>2025-06-13T19:33:46.715Z</time>
      </trkpt>
      <trkpt lat="51.220746" lon="12.427326">
        <ele>132.181155</ele>
        <time>2025-06-13T19:33:47.571Z</time>
      </trkpt>
      <trkpt lat="51.220824" lon="12.427402">
        <ele>132.162990</ele>
        <time>2025-06-13T19:33:48.768Z</time>
      </trkpt>
      <trkpt lat="51.221079" lon="12.427227">
        <ele>132.107813</ele>
        <time>2025-06-13T19:33:54.820Z</time>
      </trkpt>
      <trkpt lat="51.222071" lon="12.427082">
        <ele>131.873212</ele>
        <time>2025-06-13T19:34:16.501Z</time>
      </trkpt>
      <trkpt lat="51.222502" lon="12.426932">
        <ele>131.727923</ele>
        <time>2025-06-13T19:34:26.006Z</time>
      </trkpt>
      <trkpt lat="51.222948" lon="12.426774">
        <ele>131.577455</ele>
        <time>2025-06-13T19:34:35.872Z</time>
      </trkpt>
      <trkpt lat="51.223875" lon="12.426340">
        <ele>131.268822</ele>
        <time>2025-06-13T19:34:56.959Z</time>
      </trkpt>
      <trkpt lat="51.224958" lon="12.425472">
        <ele>130.903179</ele>
        <time>2025-06-13T19:35:23.279Z</time>
      </trkpt>
      <trkpt lat="51.225197" lon="12.425629">
        <ele>130.817683</ele>
        <time>2025-06-13T19:35:28.826Z</time>
      </trkpt>
      <trkpt lat="51.225481" lon="12.425816">
        <ele>130.589249</ele>
        <time>2025-06-13T19:35:35.427Z</time>
      </trkpt>
      <trkpt lat="51.225865" lon="12.425576">
        <ele>130.282610</ele>
        <time>2025-06-13T19:35:44.237Z</time>
      </trkpt>
      <trkpt lat="51.226134" lon="12.425539">
        <ele>130.081840</ele>
        <time>2025-06-13T19:35:49.914Z</time>
      </trkpt>
      <trkpt lat="51.226544" lon="12.425090">
        <ele>129.712151</ele>
        <time>2025-06-13T19:36:00.253Z</time>
      </trkpt>
      <trkpt lat="51.226680" lon="12.425439">
        <ele>129.520734</ele>
        <time>2025-06-13T19:36:05.572Z</time>
      </trkpt>
      <trkpt lat="51.226724" lon="12.425808">
        <ele>129.317991</ele>
        <time>2025-06-13T19:36:10.427Z</time>
      </trkpt>
      <trkpt lat="51.226790" lon="12.426130">
        <ele>129.130363</ele>
        <time>2025-06-13T19:36:14.791Z</time>
      </trkpt>
      <trkpt lat="51.226874" lon="12.426289">
        <ele>129.015163</ele>
        <time>2025-06-13T19:36:17.466Z</time>
      </trkpt>
      <trkpt lat="51.226959" lon="12.426324">
        <ele>128.937539</ele>
        <time>2025-06-13T19:36:19.285Z</time>
      </trkpt>
      <trkpt lat="51.227137" lon="12.426296">
        <ele>128.779370</ele>
        <time>2025-06-13T19:36:22.953Z</time>
      </trkpt>
      <trkpt lat="51.227442" lon="12.426105">
        <ele>128.489658</ele>
        <time>2025-06-13T19:36:29.693Z</time>
      </trkpt>
      <trkpt lat="51.227821" lon="12.425988">
        <ele>128.148301</ele>
        <time>2025-06-13T19:36:37.730Z</time>
      </trkpt>
      <trkpt lat="51.228813" lon="12.425379">
        <ele>127.748252</ele>
        <time>2025-06-13T19:37:00.853Z</time>
      </trkpt>
      <trkpt lat="51.229272" lon="12.425187">
        <ele>127.655092</ele>
        <time>2025-06-13T19:37:11.612Z</time>
      </trkpt>
      <trkpt lat="51.229468" lon="12.424917">
        <ele>127.604270</ele>
        <time>2025-06-13T19:37:17.367Z</time>
      </trkpt>
      <trkpt lat="51.229573" lon="12.424671">
        <ele>127.567668</ele>
        <time>2025-06-13T19:37:21.453Z</time>
      </trkpt>
      <trkpt lat="51.229695" lon="12.424236">
        <ele>127.317614</ele>
        <time>2025-06-13T19:37:27.895Z</time>
      </trkpt>
      <trkpt lat="51.229775" lon="12.424086">
        <ele>127.177701</ele>
        <time>2025-06-13T19:37:30.550Z</time>
      </trkpt>
      <trkpt lat="51.230145" lon="12.423635">
        <ele>126.649867</ele>
        <time>2025-06-13T19:37:40.331Z</time>
      </trkpt>
      <trkpt lat="51.230311" lon="12.423831">
        <ele>126.415760</ele>
        <time>2025-06-13T19:37:44.539Z</time>
      </trkpt>
      <trkpt lat="51.230732" lon="12.424721">
        <ele>125.623723</ele>
        <time>2025-06-13T19:37:58.423Z</time>
      </trkpt>
      <trkpt lat="51.231127" lon="12.425685">
        <ele>124.624698</ele>
        <time>2025-06-13T19:38:12.641Z</time>
      </trkpt>
      <trkpt lat="51.231221" lon="12.425825">
        <ele>124.441464</ele>
        <time>2025-06-13T19:38:15.184Z</time>
      </trkpt>
      <trkpt lat="51.231359" lon="12.425913">
        <ele>124.229632</ele>
        <time>2025-06-13T19:38:18.159Z</time>
      </trkpt>
      <trkpt lat="51.231967" lon="12.426088">
        <ele>123.348924</ele>
        <time>2025-06-13T19:38:30.638Z</time>
      </trkpt>
      <trkpt lat="51.232218" lon="12.426221">
        <ele>122.971926</ele>
        <time>2025-06-13T19:38:36.102Z</time>
      </trkpt>
      <trkpt lat="51.232379" lon="12.426354">
        <ele>122.920260</ele>
        <time>2025-06-13T19:38:39.891Z</time>
      </trkpt>
      <trkpt lat="51.232543" lon="12.426504">
        <ele>122.891025</ele>
        <time>2025-06-13T19:38:43.890Z</time>
      </trkpt>
      <trkpt lat="51.232947" lon="12.427038">
        <ele>122.809899</ele>
        <time>2025-06-13T19:38:55.226Z</time>
      </trkpt>
      <trkpt lat="51.233778" lon="12.427885">
        <ele>122.702296</ele>
        <time>2025-06-13T19:39:17.829Z</time>
      </trkpt>
      <trkpt lat="51.234058" lon="12.428267">
        <ele>122.906687</ele>
        <time>2025-06-13T19:39:26.672Z</time>
      </trkpt>
      <trkpt lat="51.234437" lon="12.428832">
        <ele>123.194443</ele>
        <time>2025-06-13T19:39:39.283Z</time>
      </trkpt>
      <trkpt lat="51.235458" lon="12.430889">
        <ele>124.439398</ele>
        <time>2025-06-13T19:40:18.795Z</time>
      </trkpt>
      <trkpt lat="51.235855" lon="12.431592">
        <ele>125.016522</ele>
        <time>2025-06-13T19:40:33.197Z</time>
      </trkpt>
      <trkpt lat="51.236400" lon="12.432656">
        <ele>126.262391</ele>
        <time>2025-06-13T19:40:56.893Z</time>
      </trkpt>
      <trkpt lat="51.236623" lon="12.433030">
        <ele>126.870501</ele>
        <time>2025-06-13T19:41:06.454Z</time>
      </trkpt>
      <trkpt lat="51.236826" lon="12.433262">
        <ele>127.339929</ele>
        <time>2025-06-13T19:41:13.851Z</time>
      </trkpt>
      <trkpt lat="51.237079" lon="12.433481">
        <ele>127.881103</ele>
        <time>2025-06-13T19:41:22.225Z</time>
      </trkpt>
      <trkpt lat="51.237245" lon="12.433726">
        <ele>128.306158</ele>
        <time>2025-06-13T19:41:28.687Z</time>
      </trkpt>
      <trkpt lat="51.237390" lon="12.434223">
        <ele>128.860278</ele>
        <time>2025-06-13T19:41:38.140Z</time>
      </trkpt>
      <trkpt lat="51.237929" lon="12.435832">
        <ele>129.720191</ele>
        <time>2025-06-13T19:42:05.475Z</time>
      </trkpt>
      <trkpt lat="51.238047" lon="12.436379">
        <ele>129.992822</ele>
        <time>2025-06-13T19:42:13.934Z</time>
      </trkpt>
      <trkpt lat="51.238273" lon="12.437130">
        <ele>130.215030</ele>
        <time>2025-06-13T19:42:26.466Z</time>
      </trkpt>
      <trkpt lat="51.238446" lon="12.437596">
        <ele>130.283163</ele>
        <time>2025-06-13T19:42:34.629Z</time>
      </trkpt>
      <trkpt lat="51.238566" lon="12.437794">
        <ele>130.317819</ele>
        <time>2025-06-13T19:42:38.757Z</time>
      </trkpt>
      <trkpt lat="51.238692" lon="12.437970">
        <ele>130.351441</ele>
        <time>2025-06-13T19:42:42.754Z</time>
      </trkpt>
      <trkpt lat="51.239177" lon="12.438459">
        <ele>130.466648</ele>
        <time>2025-06-13T19:42:55.891Z</time>
      </trkpt>
      <trkpt lat="51.239849" lon="12.438981">
        <ele>130.006759</ele>
        <time>2025-06-13T19:43:11.677Z</time>
      </trkpt>
      <trkpt lat="51.240021" lon="12.439017">
        <ele>129.834182</ele>
        <time>2025-06-13T19:43:15.231Z</time>
      </trkpt>
      <trkpt lat="51.240379" lon="12.438934">
        <ele>129.474294</ele>
        <time>2025-06-13T19:43:22.557Z</time>
      </trkpt>
      <trkpt lat="51.240587" lon="12.438831">
        <ele>129.257650</ele>
        <time>2025-06-13T19:43:26.936Z</time>
      </trkpt>
      <trkpt lat="51.241563" lon="12.437900">
        <ele>128.703914</ele>
        <time>2025-06-13T19:43:50.288Z</time>
      </trkpt>
      <trkpt lat="51.241761" lon="12.437773">
        <ele>128.696468</ele>
        <time>2025-06-13T19:43:54.953Z</time>
      </trkpt>
      <trkpt lat="51.242134" lon="12.437256">
        <ele>128.679233</ele>
        <time>2025-06-13T19:44:06.322Z</time>
      </trkpt>
      <trkpt lat="51.242361" lon="12.437033">
        <ele>128.669932</ele>
        <time>2025-06-13T19:44:12.804Z</time>
      </trkpt>
      <trkpt lat="51.243069" lon="12.436569">
        <ele>129.429401</ele>
        <time>2025-06-13T19:44:32.630Z</time>
      </trkpt>
      <trkpt lat="51.243229" lon="12.436189">
        <ele>129.835537</ele>
        <time>2025-06-13T19:44:40.301Z</time>
      </trkpt>
      <trkpt lat="51.243338" lon="12.435861">
        <ele>130.164867</ele>
        <time>2025-06-13T19:44:46.566Z</time>
      </trkpt>
      <trkpt lat="51.243815" lon="12.434099">
        <ele>131.606905</ele>
        <time>2025-06-13T19:45:19.177Z</time>
      </trkpt>
      <trkpt lat="51.244169" lon="12.433271">
        <ele>132.143727</ele>
        <time>2025-06-13T19:45:35.565Z</time>
      </trkpt>
      <trkpt lat="51.244227" lon="12.432951">
        <ele>132.322086</ele>
        <time>2025-06-13T19:45:40.649Z</time>
      </trkpt>
      <trkpt lat="51.244282" lon="12.432007">
        <ele>132.610832</ele>
        <time>2025-06-13T19:45:53.884Z</time>
      </trkpt>
      <trkpt lat="51.244347" lon="12.431563">
        <ele>132.197165</ele>
        <time>2025-06-13T19:45:59.902Z</time>
      </trkpt>
      <trkpt lat="51.244687" lon="12.430121">
        <ele>130.799266</ele>
        <time>2025-06-13T19:46:19.004Z</time>
      </trkpt>
      <trkpt lat="51.244900" lon="12.428987">
        <ele>129.738359</ele>
        <time>2025-06-13T19:46:33.391Z</time>
      </trkpt>
      <trkpt lat="51.244979" lon="12.428858">
        <ele>129.579815</ele>
        <time>2025-06-13T19:46:35.623Z</time>
      </trkpt>
      <trkpt lat="51.245066" lon="12.428837">
        <ele>129.456332</ele>
        <time>2025-06-13T19:46:37.345Z</time>
      </trkpt>
      <trkpt lat="51.245287" lon="12.428934">
        <ele>129.134682</ele>
        <time>2025-06-13T19:46:41.869Z</time>
      </trkpt>
      <trkpt lat="51.245415" lon="12.429062">
        <ele>128.922750</ele>
        <time>2025-06-13T19:46:44.874Z</time>
      </trkpt>
      <trkpt lat="51.245574" lon="12.429415">
        <ele>128.540695</ele>
        <time>2025-06-13T19:46:50.367Z</time>
      </trkpt>
      <trkpt lat="51.245763" lon="12.427592">
        <ele>127.441402</ele>
        <time>2025-06-13T19:47:14.582Z</time>
      </trkpt>
      <trkpt lat="51.245731" lon="12.426732">
        <ele>127.250963</ele>
        <time>2025-06-13T19:47:26.362Z</time>
      </trkpt>
      <trkpt lat="51.245678" lon="12.426398">
        <ele>127.174797</ele>
        <time>2025-06-13T19:47:31.102Z</time>
      </trkpt>
      <trkpt lat="51.245622" lon="12.426050">
        <ele>127.095370</ele>
        <time>2025-06-13T19:47:36.103Z</time>
      </trkpt>
      <trkpt lat="51.245633" lon="12.425807">
        <ele>127.041514</ele>
        <time>2025-06-13T19:47:39.508Z</time>
      </trkpt>
      <trkpt lat="51.245707" lon="12.425475">
        <ele>126.976337</ele>
        <time>2025-06-13T19:47:44.418Z</time>
      </trkpt>
      <trkpt lat="51.246132" lon="12.423998">
        <ele>126.859725</ele>
        <time>2025-06-13T19:48:06.897Z</time>
      </trkpt>
      <trkpt lat="51.246248" lon="12.423688">
        <ele>126.833816</ele>
        <time>2025-06-13T19:48:11.819Z</time>
      </trkpt>
      <trkpt lat="51.246103" lon="12.423540">
        <ele>126.814097</ele>
        <time>2025-06-13T19:48:14.039Z</time>
      </trkpt>
      <trkpt lat="51.245726" lon="12.422775">
        <ele>126.720669</ele>
        <time>2025-06-13T19:48:21.956Z</time>
      </trkpt>
      <trkpt lat="51.245582" lon="12.422538">
        <ele>126.679555</ele>
        <time>2025-06-13T19:48:24.669Z</time>
      </trkpt>
      <trkpt lat="51.245432" lon="12.422392">
        <ele>126.644626</ele>
        <time>2025-06-13T19:48:27.023Z</time>
      </trkpt>
      <trkpt lat="51.245198" lon="12.422260">
        <ele>126.595277</ele>
        <time>2025-06-13T19:48:30.317Z</time>
      </trkpt>
      <trkpt lat="51.245103" lon="12.422139">
        <ele>126.571116</ele>
        <time>2025-06-13T19:48:31.904Z</time>
      </trkpt>
      <trkpt lat="51.245072" lon="12.421955">
        <ele>126.547396</ele>
        <time>2025-06-13T19:48:33.460Z</time>
      </trkpt>
      <trkpt lat="51.245072" lon="12.421763">
        <ele>126.523495</ele>
        <time>2025-06-13T19:48:35.004Z</time>
      </trkpt>
      <trkpt lat="51.245209" lon="12.420982">
        <ele>126.422529</ele>
        <time>2025-06-13T19:48:41.494Z</time>
      </trkpt>
      <trkpt lat="51.244980" lon="12.420735">
        <ele>126.369190</ele>
        <time>2025-06-13T19:48:45.061Z</time>
      </trkpt>
      <trkpt lat="51.244844" lon="12.420588">
        <ele>126.337564</ele>
        <time>2025-06-13T19:48:47.182Z</time>
      </trkpt>
      <trkpt lat="51.244678" lon="12.420479">
        <ele>126.302998</ele>
        <time>2025-06-13T19:48:49.486Z</time>
      </trkpt>
      <trkpt lat="51.244636" lon="12.420189">
        <ele>126.267110</ele>
        <time>2025-06-13T19:48:51.877Z</time>
      </trkpt>
      <trkpt lat="51.244624" lon="12.420104">
        <ele>126.256605</ele>
        <time>2025-06-13T19:48:52.612Z</time>
      </trkpt>
      <trkpt lat="51.244112" lon="12.416608">
        <ele>125.740412</ele>
        <time>2025-06-13T19:49:22.135Z</time>
      </trkpt>
      <trkpt lat="51.243605" lon="12.413134">
        <ele>124.684549</ele>
        <time>2025-06-13T19:49:49.941Z</time>
      </trkpt>
      <trkpt lat="51.243570" lon="12.412937">
        <ele>124.615906</ele>
        <time>2025-06-13T19:49:51.522Z</time>
      </trkpt>
      <trkpt lat="51.243028" lon="12.409465">
        <ele>123.527254</ele>
        <time>2025-06-13T19:50:19.636Z</time>
      </trkpt>
      <trkpt lat="51.243021" lon="12.409420">
        <ele>123.518070</ele>
        <time>2025-06-13T19:50:20.003Z</time>
      </trkpt>
      <trkpt lat="51.242833" lon="12.408376">
        <ele>123.302907</ele>
        <time>2025-06-13T19:50:28.821Z</time>
      </trkpt>
      <trkpt lat="51.242355" lon="12.406950">
        <ele>122.994427</ele>
        <time>2025-06-13T19:50:41.892Z</time>
      </trkpt>
      <trkpt lat="51.242341" lon="12.406898">
        <ele>122.984222</ele>
        <time>2025-06-13T19:50:42.350Z</time>
      </trkpt>
      <trkpt lat="51.242263" lon="12.406621">
        <ele>122.929466</ele>
        <time>2025-06-13T19:50:44.779Z</time>
      </trkpt>
      <trkpt lat="51.245557" lon="12.405098">
        <ele>122.030002</ele>
        <time>2025-06-13T19:51:28.911Z</time>
      </trkpt>
      <trkpt lat="51.245680" lon="12.405040">
        <ele>122.006580</ele>
        <time>2025-06-13T19:51:30.576Z</time>
      </trkpt>
      <trkpt lat="51.245771" lon="12.404999">
        <ele>121.989311</ele>
        <time>2025-06-13T19:51:31.816Z</time>
      </trkpt>
      <trkpt lat="51.247669" lon="12.404141">
        <ele>121.582528</ele>
        <time>2025-06-13T19:51:57.742Z</time>
      </trkpt>
      <trkpt lat="51.248039" lon="12.403971">
        <ele>121.491695</ele>
        <time>2025-06-13T19:52:02.685Z</time>
      </trkpt>
      <trkpt lat="51.249844" lon="12.403126">
        <ele>121.045631</ele>
        <time>2025-06-13T19:52:26.509Z</time>
      </trkpt>
      <trkpt lat="51.249917" lon="12.403092">
        <ele>121.027560</ele>
        <time>2025-06-13T19:52:27.524Z</time>
      </trkpt>
      <trkpt lat="51.249846" lon="12.402902">
        <ele>120.994644</ele>
        <time>2025-06-13T19:52:30.606Z</time>
      </trkpt>
      <trkpt lat="51.249764" lon="12.402902">
        <ele>120.975157</ele>
        <time>2025-06-13T19:52:32.462Z</time>
      </trkpt>
      <trkpt lat="51.249450" lon="12.403095">
        <ele>120.992760</ele>
        <time>2025-06-13T19:52:40.146Z</time>
      </trkpt>
      <trkpt lat="51.248331" lon="12.403441">
        <ele>121.358744</ele>
        <time>2025-06-13T19:53:07.084Z</time>
      </trkpt>
      <trkpt lat="51.248246" lon="12.403421">
        <ele>121.386332</ele>
        <time>2025-06-13T19:53:09.099Z</time>
      </trkpt>
      <trkpt lat="51.248165" lon="12.403329">
        <ele>121.418245</ele>
        <time>2025-06-13T19:53:11.440Z</time>
      </trkpt>
      <trkpt lat="51.248131" lon="12.403117">
        <ele>121.462232</ele>
        <time>2025-06-13T19:53:14.633Z</time>
      </trkpt>
      <trkpt lat="51.248146" lon="12.401661">
        <ele>121.488095</ele>
        <time>2025-06-13T19:53:35.316Z</time>
      </trkpt>
      <trkpt lat="51.248387" lon="12.398311">
        <ele>120.994080</ele>
        <time>2025-06-13T19:54:21.388Z</time>
      </trkpt>
      <trkpt lat="51.248518" lon="12.397502">
        <ele>120.768710</ele>
        <time>2025-06-13T19:54:32.508Z</time>
      </trkpt>
      <trkpt lat="51.248706" lon="12.396842">
        <ele>120.496432</ele>
        <time>2025-06-13T19:54:42.032Z</time>
      </trkpt>
      <trkpt lat="51.249576" lon="12.394715">
        <ele>119.313665</ele>
        <time>2025-06-13T19:55:15.320Z</time>
      </trkpt>
      <trkpt lat="51.250949" lon="12.391059">
        <ele>118.309788</ele>
        <time>2025-06-13T19:56:13.132Z</time>
      </trkpt>
      <trkpt lat="51.252352" lon="12.388313">
        <ele>117.514219</ele>
        <time>2025-06-13T19:57:01.205Z</time>
      </trkpt>
      <trkpt lat="51.252482" lon="12.388060">
        <ele>117.436280</ele>
        <time>2025-06-13T19:57:05.590Z</time>
      </trkpt>
      <trkpt lat="51.252570" lon="12.387969">
        <ele>117.396403</ele>
        <time>2025-06-13T19:57:07.819Z</time>
      </trkpt>
      <trkpt lat="51.252687" lon="12.387930">
        <ele>117.350936</ele>
        <time>2025-06-13T19:57:10.379Z</time>
      </trkpt>
      <trkpt lat="51.253747" lon="12.387815">
        <ele>117.083669</ele>
        <time>2025-06-13T19:57:33.251Z</time>
      </trkpt>
      <trkpt lat="51.253929" lon="12.387764">
        <ele>117.038306</ele>
        <time>2025-06-13T19:57:37.403Z</time>
      </trkpt>
      <trkpt lat="51.254238" lon="12.387740">
        <ele>116.962357</ele>
        <time>2025-06-13T19:57:41.784Z</time>
      </trkpt>
      <trkpt lat="51.254506" lon="12.386964">
        <ele>116.834765</ele>
        <time>2025-06-13T19:57:49.245Z</time>
      </trkpt>
      <trkpt lat="51.254541" lon="12.386724">
        <ele>116.801901</ele>
        <time>2025-06-13T19:57:51.272Z</time>
      </trkpt>
      <trkpt lat="51.254544" lon="12.386398">
        <ele>116.758421</ele>
        <time>2025-06-13T19:57:53.919Z</time>
      </trkpt>
      <trkpt lat="51.254491" lon="12.386084">
        <ele>116.715050</ele>
        <time>2025-06-13T19:57:56.530Z</time>
      </trkpt>
      <trkpt lat="51.254360" lon="12.385663">
        <ele>116.652349</ele>
        <time>2025-06-13T19:58:00.270Z</time>
      </trkpt>
      <trkpt lat="51.254107" lon="12.384851">
        <ele>116.531384</ele>
        <time>2025-06-13T19:58:07.441Z</time>
      </trkpt>
      <trkpt lat="51.254028" lon="12.384649">
        <ele>116.517009</ele>
        <time>2025-06-13T19:58:09.342Z</time>
      </trkpt>
      <trkpt lat="51.253937" lon="12.384529">
        <ele>116.544294</ele>
        <time>2025-06-13T19:58:10.864Z</time>
      </trkpt>
      <trkpt lat="51.253757" lon="12.384448">
        <ele>116.587539</ele>
        <time>2025-06-13T19:58:13.274Z</time>
      </trkpt>
      <trkpt lat="51.252053" lon="12.384627">
        <ele>117.115260</ele>
        <time>2025-06-13T19:58:38.156Z</time>
      </trkpt>
      <trkpt lat="51.251908" lon="12.384571">
        <ele>117.228016</ele>
        <time>2025-06-13T19:58:40.398Z</time>
      </trkpt>
      <trkpt lat="51.251825" lon="12.384498">
        <ele>117.299630</ele>
        <time>2025-06-13T19:58:41.860Z</time>
      </trkpt>
      <trkpt lat="51.251720" lon="12.384360">
        <ele>117.402398</ele>
        <time>2025-06-13T19:58:43.912Z</time>
      </trkpt>
      <trkpt lat="51.251656" lon="12.384221">
        <ele>117.484035</ele>
        <time>2025-06-13T19:58:45.532Z</time>
      </trkpt>
      <trkpt lat="51.251603" lon="12.384087">
        <ele>117.559026</ele>
        <time>2025-06-13T19:58:47.050Z</time>
      </trkpt>
      <trkpt lat="51.251372" lon="12.383440">
        <ele>117.911417</ele>
        <time>2025-06-13T19:58:54.405Z</time>
      </trkpt>
      <trkpt lat="51.251351" lon="12.383387">
        <ele>117.941093</ele>
        <time>2025-06-13T19:58:55.036Z</time>
      </trkpt>
      <trkpt lat="51.251306" lon="12.383272">
        <ele>118.005257</ele>
        <time>2025-06-13T19:58:56.494Z</time>
      </trkpt>
      <trkpt lat="51.251162" lon="12.382839">
        <ele>118.237229</ele>
        <time>2025-06-13T19:59:01.551Z</time>
      </trkpt>
      <trkpt lat="51.251043" lon="12.382354">
        <ele>118.588746</ele>
        <time>2025-06-13T19:59:07.156Z</time>
      </trkpt>
      <trkpt lat="51.251030" lon="12.382285">
        <ele>118.640722</ele>
        <time>2025-06-13T19:59:07.965Z</time>
      </trkpt>
      <trkpt lat="51.250999" lon="12.382086">
        <ele>118.788641</ele>
        <time>2025-06-13T19:59:10.296Z</time>
      </trkpt>
      <trkpt lat="51.250971" lon="12.381914">
        <ele>118.916833</ele>
        <time>2025-06-13T19:59:12.354Z</time>
      </trkpt>
      <trkpt lat="51.250892" lon="12.381228">
        <ele>119.419956</ele>
        <time>2025-06-13T19:59:20.289Z</time>
      </trkpt>
      <trkpt lat="51.250870" lon="12.380886">
        <ele>119.667943</ele>
        <time>2025-06-13T19:59:24.103Z</time>
      </trkpt>
      <trkpt lat="51.250826" lon="12.379902">
        <ele>120.355730</ele>
        <time>2025-06-13T19:59:34.210Z</time>
      </trkpt>
      <trkpt lat="51.251159" lon="12.379853">
        <ele>120.347872</ele>
        <time>2025-06-13T19:59:39.370Z</time>
      </trkpt>
      <trkpt lat="51.251121" lon="12.379069">
        <ele>120.336307</ele>
        <time>2025-06-13T19:59:46.232Z</time>
      </trkpt>
      <trkpt lat="51.251109" lon="12.378917">
        <ele>120.334054</ele>
        <time>2025-06-13T19:59:47.550Z</time>
      </trkpt>
      <trkpt lat="51.251107" lon="12.378888">
        <ele>120.333625</ele>
        <time>2025-06-13T19:59:47.798Z</time>
      </trkpt>
      <trkpt lat="51.251077" lon="12.378659">
        <ele>120.330184</ele>
        <time>2025-06-13T19:59:49.765Z</time>
      </trkpt>
      <trkpt lat="51.250997" lon="12.378528">
        <ele>120.327492</ele>
        <time>2025-06-13T19:59:51.279Z</time>
      </trkpt>
      <trkpt lat="51.250784" lon="12.378348">
        <ele>120.321830</ele>
        <time>2025-06-13T19:59:54.280Z</time>
      </trkpt>
      <trkpt lat="51.250711" lon="12.378198">
        <ele>120.319036</ele>
        <time>2025-06-13T19:59:55.740Z</time>
      </trkpt>
      <trkpt lat="51.250690" lon="12.377937">
        <ele>120.315166</ele>
        <time>2025-06-13T19:59:57.768Z</time>
      </trkpt>
      <trkpt lat="51.250673" lon="12.377557">
        <ele>120.160656</ele>
        <time>2025-06-13T20:00:00.675Z</time>
      </trkpt>
      <trkpt lat="51.250643" lon="12.376948">
        <ele>119.846185</ele>
        <time>2025-06-13T20:00:05.350Z</time>
      </trkpt>
      <trkpt lat="51.250630" lon="12.376678">
        <ele>119.706783</ele>
        <time>2025-06-13T20:00:07.405Z</time>
      </trkpt>
      <trkpt lat="51.250616" lon="12.376434">
        <ele>119.580650</ele>
        <time>2025-06-13T20:00:09.251Z</time>
      </trkpt>
      <trkpt lat="51.250554" lon="12.375252">
        <ele>118.970044</ele>
        <time>2025-06-13T20:00:18.091Z</time>
      </trkpt>
      <trkpt lat="51.250456" lon="12.374131">
        <ele>118.730734</ele>
        <time>2025-06-13T20:00:26.810Z</time>
      </trkpt>
      <trkpt lat="51.250319" lon="12.372976">
        <ele>118.590135</ele>
        <time>2025-06-13T20:00:36.323Z</time>
      </trkpt>
      <trkpt lat="51.250194" lon="12.372351">
        <ele>118.511660</ele>
        <time>2025-06-13T20:00:42.079Z</time>
      </trkpt>
      <trkpt lat="51.250057" lon="12.371771">
        <ele>118.728750</ele>
        <time>2025-06-13T20:00:47.962Z</time>
      </trkpt>
      <trkpt lat="51.249806" lon="12.371028">
        <ele>119.178009</ele>
        <time>2025-06-13T20:00:56.797Z</time>
      </trkpt>
      <trkpt lat="51.249575" lon="12.370529">
        <ele>119.508258</ele>
        <time>2025-06-13T20:01:03.714Z</time>
      </trkpt>
      <trkpt lat="51.249310" lon="12.370087">
        <ele>119.833936</ele>
        <time>2025-06-13T20:01:10.184Z</time>
      </trkpt>
      <trkpt lat="51.248975" lon="12.369609">
        <ele>119.836627</ele>
        <time>2025-06-13T20:01:16.725Z</time>
      </trkpt>
      <trkpt lat="51.249040" lon="12.369413">
        <ele>119.726067</ele>
        <time>2025-06-13T20:01:18.534Z</time>
      </trkpt>
      <trkpt lat="51.249099" lon="12.369235">
        <ele>119.625671</ele>
        <time>2025-06-13T20:01:20.138Z</time>
      </trkpt>
      <trkpt lat="51.249157" lon="12.367939">
        <ele>118.978036</ele>
        <time>2025-06-13T20:01:29.697Z</time>
      </trkpt>
      <trkpt lat="51.249282" lon="12.367760">
        <ele>118.844362</ele>
        <time>2025-06-13T20:01:31.555Z</time>
      </trkpt>
      <trkpt lat="51.251082" lon="12.367557">
        <ele>116.853840</ele>
        <time>2025-06-13T20:01:52.425Z</time>
      </trkpt>
      <trkpt lat="51.251381" lon="12.367494">
        <ele>116.501039</ele>
        <time>2025-06-13T20:01:56.133Z</time>
      </trkpt>
      <trkpt lat="51.251749" lon="12.367305">
        <ele>116.286708</ele>
        <time>2025-06-13T20:02:00.961Z</time>
      </trkpt>
      <trkpt lat="51.252193" lon="12.366828">
        <ele>116.003218</ele>
        <time>2025-06-13T20:02:07.757Z</time>
      </trkpt>
      <trkpt lat="51.252704" lon="12.366120">
        <ele>115.644842</ele>
        <time>2025-06-13T20:02:16.256Z</time>
      </trkpt>
      <trkpt lat="51.253283" lon="12.365192">
        <ele>115.295123</ele>
        <time>2025-06-13T20:02:26.638Z</time>
      </trkpt>
      <trkpt lat="51.254395" lon="12.362961">
        <ele>114.580702</ele>
        <time>2025-06-13T20:02:49.330Z</time>
      </trkpt>
      <trkpt lat="51.254638" lon="12.362384">
        <ele>114.397097</ele>
        <time>2025-06-13T20:02:54.785Z</time>
      </trkpt>
      <trkpt lat="51.254733" lon="12.361680">
        <ele>114.206970</ele>
        <time>2025-06-13T20:03:00.425Z</time>
      </trkpt>
      <trkpt lat="51.255032" lon="12.358761">
        <ele>114.161239</ele>
        <time>2025-06-13T20:03:24.372Z</time>
      </trkpt>
      <trkpt lat="51.255080" lon="12.358445">
        <ele>114.173211</ele>
        <time>2025-06-13T20:03:27.498Z</time>
      </trkpt>
      <trkpt lat="51.255374" lon="12.356506">
        <ele>115.845473</ele>
        <time>2025-06-13T20:03:49.820Z</time>
      </trkpt>
      <trkpt lat="51.255473" lon="12.355702">
        <ele>116.568743</ele>
        <time>2025-06-13T20:03:59.496Z</time>
      </trkpt>
      <trkpt lat="51.255515" lon="12.355156">
        <ele>116.942527</ele>
        <time>2025-06-13T20:04:05.688Z</time>
      </trkpt>
      <trkpt lat="51.255551" lon="12.354702">
        <ele>117.213862</ele>
        <time>2025-06-13T20:04:10.664Z</time>
      </trkpt>
      <trkpt lat="51.255617" lon="12.354467">
        <ele>117.366583</ele>
        <time>2025-06-13T20:04:13.384Z</time>
      </trkpt>
      <trkpt lat="51.256168" lon="12.354160">
        <ele>117.919414</ele>
        <time>2025-06-13T20:04:27.884Z</time>
      </trkpt>
      <trkpt lat="51.256900" lon="12.353753">
        <ele>118.381594</ele>
        <time>2025-06-13T20:04:46.036Z</time>
      </trkpt>
      <trkpt lat="51.257322" lon="12.353470">
        <ele>118.315066</ele>
        <time>2025-06-13T20:04:56.525Z</time>
      </trkpt>
      <trkpt lat="51.258223" lon="12.353019">
        <ele>118.177816</ele>
        <time>2025-06-13T20:05:17.002Z</time>
      </trkpt>
      <trkpt lat="51.259505" lon="12.352344">
        <ele>117.363690</ele>
        <time>2025-06-13T20:05:45.063Z</time>
      </trkpt>
      <trkpt lat="51.259707" lon="12.352199">
        <ele>117.217660</ele>
        <time>2025-06-13T20:05:49.729Z</time>
      </trkpt>
      <trkpt lat="51.260460" lon="12.351893">
        <ele>117.234593</ele>
        <time>2025-06-13T20:06:06.792Z</time>
      </trkpt>
      <trkpt lat="51.261013" lon="12.351733">
        <ele>117.604403</ele>
        <time>2025-06-13T20:06:20.417Z</time>
      </trkpt>
      <trkpt lat="51.263323" lon="12.350925">
        <ele>119.636134</ele>
        <time>2025-06-13T20:07:21.220Z</time>
      </trkpt>
      <trkpt lat="51.263433" lon="12.350898">
        <ele>119.743972</ele>
        <time>2025-06-13T20:07:22.904Z</time>
      </trkpt>
      <trkpt lat="51.263398" lon="12.350841">
        <ele>119.792393</ele>
        <time>2025-06-13T20:07:23.654Z</time>
      </trkpt>
      <trkpt lat="51.263375" lon="12.350704">
        <ele>119.878399</ele>
        <time>2025-06-13T20:07:25.002Z</time>
      </trkpt>
      <trkpt lat="51.263363" lon="12.350608">
        <ele>119.883666</ele>
        <time>2025-06-13T20:07:25.925Z</time>
      </trkpt>
      <trkpt lat="51.263329" lon="12.350345">
        <ele>119.832218</ele>
        <time>2025-06-13T20:07:28.397Z</time>
      </trkpt>
      <trkpt lat="51.263295" lon="12.350089">
        <ele>119.782082</ele>
        <time>2025-06-13T20:07:30.594Z</time>
      </trkpt>
      <trkpt lat="51.263262" lon="12.349833">
        <ele>119.732009</ele>
        <time>2025-06-13T20:07:32.691Z</time>
      </trkpt>
      <trkpt lat="51.263252" lon="12.349757">
        <ele>119.717131</ele>
        <time>2025-06-13T20:07:33.307Z</time>
      </trkpt>
      <trkpt lat="51.263740" lon="12.349582">
        <ele>119.564012</ele>
        <time>2025-06-13T20:07:40.347Z</time>
      </trkpt>
      <trkpt lat="51.263743" lon="12.349274">
        <ele>119.505000</ele>
        <time>2025-06-13T20:07:42.740Z</time>
      </trkpt>
      <trkpt lat="51.263748" lon="12.348818">
        <ele>119.417630</ele>
        <time>2025-06-13T20:07:46.306Z</time>
      </trkpt>
      <trkpt lat="51.263970" lon="12.348858">
        <ele>119.349233</ele>
        <time>2025-06-13T20:07:49.227Z</time>
      </trkpt>
      <trkpt lat="51.264045" lon="12.348901">
        <ele>119.237361</ele>
        <time>2025-06-13T20:07:50.246Z</time>
      </trkpt>
      <trkpt lat="51.264341" lon="12.348940">
        <ele>118.770343</ele>
        <time>2025-06-13T20:07:53.934Z</time>
      </trkpt>
      <trkpt lat="51.264901" lon="12.348946">
        <ele>117.889763</ele>
        <time>2025-06-13T20:08:00.609Z</time>
      </trkpt>
      <trkpt lat="51.264902" lon="12.348173">
        <ele>117.129205</ele>
        <time>2025-06-13T20:08:06.275Z</time>
      </trkpt>
      <trkpt lat="51.264902" lon="12.348173">
        <ele>117.129205</ele>
        <time>2025-06-13T20:08:06.278Z</time>
      </trkpt>
      <trkpt lat="51.265004" lon="12.346936">
        <ele>115.803549</ele>
        <time>2025-06-13T20:08:15.139Z</time>
      </trkpt>
      <trkpt lat="51.265006" lon="12.346911">
        <ele>115.774805</ele>
        <time>2025-06-13T20:08:15.318Z</time>
      </trkpt>
      <trkpt lat="51.265010" lon="12.346863">
        <ele>115.719579</ele>
        <time>2025-06-13T20:08:15.663Z</time>
      </trkpt>
      <trkpt lat="51.265019" lon="12.346775">
        <ele>115.617886</ele>
        <time>2025-06-13T20:08:16.747Z</time>
      </trkpt>
      <trkpt lat="51.265058" lon="12.346387">
        <ele>115.169711</ele>
        <time>2025-06-13T20:08:19.568Z</time>
      </trkpt>
      <trkpt lat="51.265074" lon="12.346227">
        <ele>114.984921</ele>
        <time>2025-06-13T20:08:20.737Z</time>
      </trkpt>
      <trkpt lat="51.265124" lon="12.345696">
        <ele>114.372514</ele>
        <time>2025-06-13T20:08:24.628Z</time>
      </trkpt>
      <trkpt lat="51.265154" lon="12.345181">
        <ele>113.782635</ele>
        <time>2025-06-13T20:08:28.416Z</time>
      </trkpt>
      <trkpt lat="51.265179" lon="12.345143">
        <ele>113.719750</ele>
        <time>2025-06-13T20:08:28.810Z</time>
      </trkpt>
      <trkpt lat="51.265369" lon="12.344894">
        <ele>113.271902</ele>
        <time>2025-06-13T20:08:31.630Z</time>
      </trkpt>
      <trkpt lat="51.265527" lon="12.344785">
        <ele>113.162767</ele>
        <time>2025-06-13T20:08:33.631Z</time>
      </trkpt>
      <trkpt lat="51.265648" lon="12.344808">
        <ele>113.102206</ele>
        <time>2025-06-13T20:08:35.086Z</time>
      </trkpt>
      <trkpt lat="51.266098" lon="12.345159">
        <ele>112.853341</ele>
        <time>2025-06-13T20:08:41.238Z</time>
      </trkpt>
      <trkpt lat="51.267028" lon="12.345900">
        <ele>112.345782</ele>
        <time>2025-06-13T20:08:54.812Z</time>
      </trkpt>
      <trkpt lat="51.267797" lon="12.346514">
        <ele>112.358720</ele>
        <time>2025-06-13T20:09:07.372Z</time>
      </trkpt>
      <trkpt lat="51.267830" lon="12.346540">
        <ele>112.359274</ele>
        <time>2025-06-13T20:09:07.905Z</time>
      </trkpt>
      <trkpt lat="51.267938" lon="12.346622">
        <ele>112.361073</ele>
        <time>2025-06-13T20:09:09.623Z</time>
      </trkpt>
      <trkpt lat="51.268058" lon="12.346718">
        <ele>112.363093</ele>
        <time>2025-06-13T20:09:11.512Z</time>
      </trkpt>
      <trkpt lat="51.268573" lon="12.347129">
        <ele>112.371757</ele>
        <time>2025-06-13T20:09:19.045Z</time>
      </trkpt>
      <trkpt lat="51.268715" lon="12.347316">
        <ele>112.288665</ele>
        <time>2025-06-13T20:09:21.259Z</time>
      </trkpt>
      <trkpt lat="51.268836" lon="12.347614">
        <ele>112.143549</ele>
        <time>2025-06-13T20:09:23.902Z</time>
      </trkpt>
      <trkpt lat="51.268864" lon="12.347388">
        <ele>112.049439</ele>
        <time>2025-06-13T20:09:26.214Z</time>
      </trkpt>
      <trkpt lat="51.268985" lon="12.347399">
        <ele>111.970313</ele>
        <time>2025-06-13T20:09:27.838Z</time>
      </trkpt>
      <trkpt lat="51.269629" lon="12.347642">
        <ele>111.538300</ele>
        <time>2025-06-13T20:09:36.710Z</time>
      </trkpt>
      <trkpt lat="51.270275" lon="12.347811">
        <ele>111.248135</ele>
        <time>2025-06-13T20:09:45.888Z</time>
      </trkpt>
      <trkpt lat="51.270276" lon="12.347811">
        <ele>111.248507</ele>
        <time>2025-06-13T20:09:45.897Z</time>
      </trkpt>
      <trkpt lat="51.270770" lon="12.347992">
        <ele>111.437274</ele>
        <time>2025-06-13T20:09:53.913Z</time>
      </trkpt>
      <trkpt lat="51.271653" lon="12.348416">
        <ele>111.780676</ele>
        <time>2025-06-13T20:10:10.054Z</time>
      </trkpt>
      <trkpt lat="51.272045" lon="12.348790">
        <ele>111.853229</ele>
        <time>2025-06-13T20:10:17.014Z</time>
      </trkpt>
      <trkpt lat="51.272297" lon="12.348975">
        <ele>111.834467</ele>
        <time>2025-06-13T20:10:21.244Z</time>
      </trkpt>
      <trkpt lat="51.273044" lon="12.349340">
        <ele>111.781619</ele>
        <time>2025-06-13T20:10:32.725Z</time>
      </trkpt>
      <trkpt lat="51.273141" lon="12.349510">
        <ele>111.771880</ele>
        <time>2025-06-13T20:10:35.824Z</time>
      </trkpt>
      <trkpt lat="51.273435" lon="12.349619">
        <ele>111.751461</ele>
        <time>2025-06-13T20:10:39.606Z</time>
      </trkpt>
      <trkpt lat="51.273561" lon="12.349637">
        <ele>111.736645</ele>
        <time>2025-06-13T20:10:41.206Z</time>
      </trkpt>
      <trkpt lat="51.273744" lon="12.349601">
        <ele>111.702618</ele>
        <time>2025-06-13T20:10:43.531Z</time>
      </trkpt>
      <trkpt lat="51.273913" lon="12.349520">
        <ele>111.670059</ele>
        <time>2025-06-13T20:10:45.764Z</time>
      </trkpt>
      <trkpt lat="51.274320" lon="12.349214">
        <ele>111.587056</ele>
        <time>2025-06-13T20:10:51.509Z</time>
      </trkpt>
      <trkpt lat="51.274363" lon="12.349182">
        <ele>111.578303</ele>
        <time>2025-06-13T20:10:52.110Z</time>
      </trkpt>
      <trkpt lat="51.274494" lon="12.349092">
        <ele>111.551990</ele>
        <time>2025-06-13T20:10:53.943Z</time>
      </trkpt>
      <trkpt lat="51.275051" lon="12.348683">
        <ele>111.438873</ele>
        <time>2025-06-13T20:11:02.077Z</time>
      </trkpt>
      <trkpt lat="51.275205" lon="12.348640">
        <ele>111.422249</ele>
        <time>2025-06-13T20:11:04.255Z</time>
      </trkpt>
      <trkpt lat="51.275352" lon="12.348655">
        <ele>111.467735</ele>
        <time>2025-06-13T20:11:06.343Z</time>
      </trkpt>
      <trkpt lat="51.276985" lon="12.349858">
        <ele>111.890261</ele>
        <time>2025-06-13T20:11:32.732Z</time>
      </trkpt>
      <trkpt lat="51.277198" lon="12.349962">
        <ele>111.786698</ele>
        <time>2025-06-13T20:11:35.531Z</time>
      </trkpt>
      <trkpt lat="51.277957" lon="12.350309">
        <ele>111.419609</ele>
        <time>2025-06-13T20:11:45.167Z</time>
      </trkpt>
      <trkpt lat="51.278182" lon="12.350412">
        <ele>111.310777</ele>
        <time>2025-06-13T20:11:48.024Z</time>
      </trkpt>
      <trkpt lat="51.278320" lon="12.350473">
        <ele>111.244199</ele>
        <time>2025-06-13T20:11:49.766Z</time>
      </trkpt>
      <trkpt lat="51.278513" lon="12.350557">
        <ele>111.151186</ele>
        <time>2025-06-13T20:11:52.199Z</time>
      </trkpt>
      <trkpt lat="51.278701" lon="12.350657">
        <ele>111.131876</ele>
        <time>2025-06-13T20:11:54.672Z</time>
      </trkpt>
      <trkpt lat="51.279143" lon="12.350938">
        <ele>111.126669</ele>
        <time>2025-06-13T20:12:00.918Z</time>
      </trkpt>
      <trkpt lat="51.279255" lon="12.350955">
        <ele>111.125438</ele>
        <time>2025-06-13T20:12:02.454Z</time>
      </trkpt>
      <trkpt lat="51.279830" lon="12.350589">
        <ele>111.118664</ele>
        <time>2025-06-13T20:12:11.105Z</time>
      </trkpt>
      <trkpt lat="51.280329" lon="12.350669">
        <ele>111.127103</ele>
        <time>2025-06-13T20:12:18.102Z</time>
      </trkpt>
      <trkpt lat="51.280379" lon="12.350677">
        <ele>111.136506</ele>
        <time>2025-06-13T20:12:18.800Z</time>
      </trkpt>
      <trkpt lat="51.281169" lon="12.350795">
        <ele>111.284989</ele>
        <time>2025-06-13T20:12:30.372Z</time>
      </trkpt>
      <trkpt lat="51.281946" lon="12.350911">
        <ele>111.431027</ele>
        <time>2025-06-13T20:12:41.291Z</time>
      </trkpt>
      <trkpt lat="51.282107" lon="12.350935">
        <ele>111.403754</ele>
        <time>2025-06-13T20:12:43.406Z</time>
      </trkpt>
      <trkpt lat="51.282694" lon="12.351024">
        <ele>110.923516</ele>
        <time>2025-06-13T20:12:51.686Z</time>
      </trkpt>
      <trkpt lat="51.282961" lon="12.351066">
        <ele>110.705003</ele>
        <time>2025-06-13T20:12:55.335Z</time>
      </trkpt>
      <trkpt lat="51.283265" lon="12.351112">
        <ele>110.456298</ele>
        <time>2025-06-13T20:13:01.640Z</time>
      </trkpt>
      <trkpt lat="51.283323" lon="12.351119">
        <ele>110.408924</ele>
        <time>2025-06-13T20:13:02.401Z</time>
      </trkpt>
      <trkpt lat="51.284566" lon="12.351306">
        <ele>109.454536</ele>
        <time>2025-06-13T20:13:18.616Z</time>
      </trkpt>
      <trkpt lat="51.284712" lon="12.351329">
        <ele>109.347623</ele>
        <time>2025-06-13T20:13:20.580Z</time>
      </trkpt>
      <trkpt lat="51.285879" lon="12.351505">
        <ele>108.779664</ele>
        <time>2025-06-13T20:13:37.324Z</time>
      </trkpt>
      <trkpt lat="51.286161" lon="12.351548">
        <ele>108.898927</ele>
        <time>2025-06-13T20:13:42.121Z</time>
      </trkpt>
      <trkpt lat="51.287381" lon="12.351732">
        <ele>109.414836</ele>
        <time>2025-06-13T20:14:02.840Z</time>
      </trkpt>
      <trkpt lat="51.287547" lon="12.351757">
        <ele>109.425829</ele>
        <time>2025-06-13T20:14:05.561Z</time>
      </trkpt>
      <trkpt lat="51.288460" lon="12.351895">
        <ele>109.380223</ele>
        <time>2025-06-13T20:14:19.557Z</time>
      </trkpt>
      <trkpt lat="51.288813" lon="12.351949">
        <ele>109.362587</ele>
        <time>2025-06-13T20:14:24.693Z</time>
      </trkpt>
      <trkpt lat="51.289358" lon="12.350259">
        <ele>108.541941</ele>
        <time>2025-06-13T20:14:49.796Z</time>
      </trkpt>
      <trkpt lat="51.289370" lon="12.349946">
        <ele>108.342658</ele>
        <time>2025-06-13T20:14:53.787Z</time>
      </trkpt>
      <trkpt lat="51.289412" lon="12.349774">
        <ele>108.225316</ele>
        <time>2025-06-13T20:14:56.117Z</time>
      </trkpt>
      <trkpt lat="51.289691" lon="12.350070">
        <ele>107.885078</ele>
        <time>2025-06-13T20:14:59.994Z</time>
      </trkpt>
      <trkpt lat="51.289965" lon="12.349792">
        <ele>107.555331</ele>
        <time>2025-06-13T20:15:06.544Z</time>
      </trkpt>
      <trkpt lat="51.290035" lon="12.349702">
        <ele>107.477781</ele>
        <time>2025-06-13T20:15:08.346Z</time>
      </trkpt>
      <trkpt lat="51.290819" lon="12.348582">
        <ele>106.697719</ele>
        <time>2025-06-13T20:15:29.986Z</time>
      </trkpt>
      <trkpt lat="51.290958" lon="12.348507">
        <ele>106.588868</ele>
        <time>2025-06-13T20:15:33.133Z</time>
      </trkpt>
      <trkpt lat="51.291792" lon="12.348622">
        <ele>106.343788</ele>
        <time>2025-06-13T20:15:51.545Z</time>
      </trkpt>
      <trkpt lat="51.292029" lon="12.348531">
        <ele>106.482837</ele>
        <time>2025-06-13T20:15:57.210Z</time>
      </trkpt>
      <trkpt lat="51.292157" lon="12.348575">
        <ele>106.557528</ele>
        <time>2025-06-13T20:16:00.323Z</time>
      </trkpt>
      <trkpt lat="51.292353" lon="12.348670">
        <ele>106.674368</ele>
        <time>2025-06-13T20:16:05.229Z</time>
      </trkpt>
      <trkpt lat="51.293215" lon="12.348748">
        <ele>107.166917</ele>
        <time>2025-06-13T20:16:26.720Z</time>
      </trkpt>
      <trkpt lat="51.294866" lon="12.348897">
        <ele>108.741465</ele>
        <time>2025-06-13T20:17:08.925Z</time>
      </trkpt>
      <trkpt lat="51.295726" lon="12.348988">
        <ele>109.277278</ele>
        <time>2025-06-13T20:17:29.486Z</time>
      </trkpt>
      <trkpt lat="51.295754" lon="12.348986">
        <ele>109.291482</ele>
        <time>2025-06-13T20:17:29.898Z</time>
      </trkpt>
      <trkpt lat="51.295800" lon="12.349036">
        <ele>109.319669</ele>
        <time>2025-06-13T20:17:31.199Z</time>
      </trkpt>
      <trkpt lat="51.295871" lon="12.349124">
        <ele>109.365191</ele>
        <time>2025-06-13T20:17:33.340Z</time>
      </trkpt>
      <trkpt lat="51.296002" lon="12.349125">
        <ele>109.431580</ele>
        <time>2025-06-13T20:17:36.411Z</time>
      </trkpt>
      <trkpt lat="51.296131" lon="12.349023">
        <ele>109.504509</ele>
        <time>2025-06-13T20:17:39.794Z</time>
      </trkpt>
      <trkpt lat="51.296241" lon="12.349042">
        <ele>109.560579</ele>
        <time>2025-06-13T20:17:42.392Z</time>
      </trkpt>
      <trkpt lat="51.296263" lon="12.349006">
        <ele>109.576531</ele>
        <time>2025-06-13T20:17:43.152Z</time>
      </trkpt>
      <trkpt lat="51.296309" lon="12.349072">
        <ele>109.607849</ele>
        <time>2025-06-13T20:17:44.603Z</time>
      </trkpt>
      <trkpt lat="51.296345" lon="12.349022">
        <ele>109.632013</ele>
        <time>2025-06-13T20:17:45.721Z</time>
      </trkpt>
      <trkpt lat="51.297032" lon="12.349079">
        <ele>109.914049</ele>
        <time>2025-06-13T20:18:01.978Z</time>
      </trkpt>
      <trkpt lat="51.299958" lon="12.349362">
        <ele>110.433158</ele>
        <time>2025-06-13T20:19:08.586Z</time>
      </trkpt>
      <trkpt lat="51.300115" lon="12.349378">
        <ele>110.452313</ele>
        <time>2025-06-13T20:19:12.098Z</time>
      </trkpt>
      <trkpt lat="51.300103" lon="12.349974">
        <ele>110.479041</ele>
        <time>2025-06-13T20:19:20.390Z</time>
      </trkpt>
      <trkpt lat="51.300198" lon="12.350648">
        <ele>110.451837</ele>
        <time>2025-06-13T20:19:29.955Z</time>
      </trkpt>
      <trkpt lat="51.301083" lon="12.353171">
        <ele>110.453556</ele>
        <time>2025-06-13T20:20:09.846Z</time>
      </trkpt>
      <trkpt lat="51.301322" lon="12.353746">
        <ele>110.518267</ele>
        <time>2025-06-13T20:20:19.774Z</time>
      </trkpt>
      <trkpt lat="51.301622" lon="12.354129">
        <ele>110.575806</ele>
        <time>2025-06-13T20:20:28.678Z</time>
      </trkpt>
      <trkpt lat="51.302181" lon="12.354550">
        <ele>110.664372</ele>
        <time>2025-06-13T20:20:43.111Z</time>
      </trkpt>
      <trkpt lat="51.302392" lon="12.354765">
        <ele>110.696177</ele>
        <time>2025-06-13T20:20:48.814Z</time>
      </trkpt>
      <trkpt lat="51.302835" lon="12.355562">
        <ele>110.780940</ele>
        <time>2025-06-13T20:21:03.911Z</time>
      </trkpt>
      <trkpt lat="51.302889" lon="12.355753">
        <ele>110.797601</ele>
        <time>2025-06-13T20:21:06.844Z</time>
      </trkpt>
      <trkpt lat="51.302995" lon="12.355621">
        <ele>110.814679</ele>
        <time>2025-06-13T20:21:08.823Z</time>
      </trkpt>
      <trkpt lat="51.303395" lon="12.355300">
        <ele>110.865942</ele>
        <time>2025-06-13T20:21:15.520Z</time>
      </trkpt>
      <trkpt lat="51.304187" lon="12.354996">
        <ele>110.466968</ele>
        <time>2025-06-13T20:21:27.365Z</time>
      </trkpt>
      <trkpt lat="51.304436" lon="12.354806">
        <ele>110.331827</ele>
        <time>2025-06-13T20:21:31.232Z</time>
      </trkpt>
      <trkpt lat="51.304652" lon="12.354489">
        <ele>110.188232</ele>
        <time>2025-06-13T20:21:35.253Z</time>
      </trkpt>
      <trkpt lat="51.304985" lon="12.353989">
        <ele>109.951371</ele>
        <time>2025-06-13T20:21:41.401Z</time>
      </trkpt>
      <trkpt lat="51.305316" lon="12.353499">
        <ele>109.613666</ele>
        <time>2025-06-13T20:21:47.395Z</time>
      </trkpt>
      <trkpt lat="51.305750" lon="12.352856">
        <ele>109.170710</ele>
        <time>2025-06-13T20:21:55.361Z</time>
      </trkpt>
      <trkpt lat="51.306089" lon="12.352782">
        <ele>108.914518</ele>
        <time>2025-06-13T20:22:00.173Z</time>
      </trkpt>
      <trkpt lat="51.307266" lon="12.352767">
        <ele>108.408432</ele>
        <time>2025-06-13T20:22:16.765Z</time>
      </trkpt>
      <trkpt lat="51.307468" lon="12.352736">
        <ele>108.350056</ele>
        <time>2025-06-13T20:22:19.668Z</time>
      </trkpt>
      <trkpt lat="51.307551" lon="12.352726">
        <ele>108.326112</ele>
        <time>2025-06-13T20:22:20.846Z</time>
      </trkpt>
      <trkpt lat="51.307772" lon="12.352737">
        <ele>108.262506</ele>
        <time>2025-06-13T20:22:24.015Z</time>
      </trkpt>
      <trkpt lat="51.307947" lon="12.352734">
        <ele>108.212161</ele>
        <time>2025-06-13T20:22:26.534Z</time>
      </trkpt>
      <trkpt lat="51.312085" lon="12.352577">
        <ele>108.699143</ele>
        <time>2025-06-13T20:23:30.234Z</time>
      </trkpt>
      <trkpt lat="51.315172" lon="12.352469">
        <ele>108.179924</ele>
        <time>2025-06-13T20:24:15.239Z</time>
      </trkpt>
      <trkpt lat="51.316652" lon="12.352429">
        <ele>107.724533</ele>
        <time>2025-06-13T20:24:35.414Z</time>
      </trkpt>
      <trkpt lat="51.316840" lon="12.352474">
        <ele>107.664603</ele>
        <time>2025-06-13T20:24:38.244Z</time>
      </trkpt>
      <trkpt lat="51.317600" lon="12.352889">
        <ele>107.796391</ele>
        <time>2025-06-13T20:24:51.644Z</time>
      </trkpt>
      <trkpt lat="51.318146" lon="12.353289">
        <ele>108.178596</ele>
        <time>2025-06-13T20:25:06.872Z</time>
      </trkpt>
      <trkpt lat="51.318263" lon="12.353375">
        <ele>108.260545</ele>
        <time>2025-06-13T20:25:09.996Z</time>
      </trkpt>
      <trkpt lat="51.318338" lon="12.353517">
        <ele>108.334499</ele>
        <time>2025-06-13T20:25:12.795Z</time>
      </trkpt>
      <trkpt lat="51.318530" lon="12.353897">
        <ele>108.528875</ele>
        <time>2025-06-13T20:25:19.895Z</time>
      </trkpt>
      <trkpt lat="51.318751" lon="12.354484">
        <ele>108.865498</ele>
        <time>2025-06-13T20:25:29.796Z</time>
      </trkpt>
      <trkpt lat="51.318931" lon="12.355261">
        <ele>109.374380</ele>
        <time>2025-06-13T20:25:42.282Z</time>
      </trkpt>
      <trkpt lat="51.319011" lon="12.355493">
        <ele>109.537098</ele>
        <time>2025-06-13T20:25:46.387Z</time>
      </trkpt>
      <trkpt lat="51.319226" lon="12.355923">
        <ele>109.875266</ele>
        <time>2025-06-13T20:25:55.271Z</time>
      </trkpt>
      <trkpt lat="51.320121" lon="12.356856">
        <ele>110.513123</ele>
        <time>2025-06-13T20:26:23.876Z</time>
      </trkpt>
      <trkpt lat="51.320322" lon="12.357146">
        <ele>110.547967</ele>
        <time>2025-06-13T20:26:30.579Z</time>
      </trkpt>
      <trkpt lat="51.320425" lon="12.357128">
        <ele>110.561306</ele>
        <time>2025-06-13T20:26:32.239Z</time>
      </trkpt>
      <trkpt lat="51.320449" lon="12.357115">
        <ele>110.564568</ele>
        <time>2025-06-13T20:26:32.632Z</time>
      </trkpt>
      <trkpt lat="51.320437" lon="12.356954">
        <ele>110.577614</ele>
        <time>2025-06-13T20:26:34.033Z</time>
      </trkpt>
      <trkpt lat="51.320476" lon="12.356934">
        <ele>110.582886</ele>
        <time>2025-06-13T20:26:34.567Z</time>
      </trkpt>
      <trkpt lat="51.320540" lon="12.356900">
        <ele>110.591568</ele>
        <time>2025-06-13T20:26:35.458Z</time>
      </trkpt>
      <trkpt lat="51.320421" lon="12.356303">
        <ele>110.641986</ele>
        <time>2025-06-13T20:26:40.202Z</time>
      </trkpt>
      <trkpt lat="51.320024" lon="12.354621">
        <ele>110.062911</ele>
        <time>2025-06-13T20:26:53.180Z</time>
      </trkpt>
      <trkpt lat="51.319753" lon="12.353529">
        <ele>109.499856</ele>
        <time>2025-06-13T20:27:02.278Z</time>
      </trkpt>
      <trkpt lat="51.319723" lon="12.353447">
        <ele>109.454322</ele>
        <time>2025-06-13T20:27:03.075Z</time>
      </trkpt>
      <trkpt lat="51.319744" lon="12.353452">
        <ele>109.438042</ele>
        <time>2025-06-13T20:27:03.526Z</time>
      </trkpt>
      <trkpt lat="51.319876" lon="12.353546">
        <ele>109.327255</ele>
        <time>2025-06-13T20:27:06.794Z</time>
      </trkpt>
      <trkpt lat="51.320023" lon="12.353672">
        <ele>109.278357</ele>
        <time>2025-06-13T20:27:09.436Z</time>
      </trkpt>
      <trkpt lat="51.320076" lon="12.353718">
        <ele>109.267216</ele>
        <time>2025-06-13T20:27:10.427Z</time>
      </trkpt>
      <trkpt lat="51.320284" lon="12.353945">
        <ele>109.220694</ele>
        <time>2025-06-13T20:27:14.404Z</time>
      </trkpt>
      <trkpt lat="51.320835" lon="12.354621">
        <ele>109.092398</ele>
        <time>2025-06-13T20:27:24.581Z</time>
      </trkpt>
      <trkpt lat="51.320954" lon="12.354768">
        <ele>109.064619</ele>
        <time>2025-06-13T20:27:26.709Z</time>
      </trkpt>
      <trkpt lat="51.321501" lon="12.355572">
        <ele>108.968609</ele>
        <time>2025-06-13T20:27:37.080Z</time>
      </trkpt>
      <trkpt lat="51.321543" lon="12.355540">
        <ele>108.968123</ele>
        <time>2025-06-13T20:27:38.080Z</time>
      </trkpt>
      <trkpt lat="51.322063" lon="12.356124">
        <ele>108.961484</ele>
        <time>2025-06-13T20:27:47.253Z</time>
      </trkpt>
      <trkpt lat="51.322336" lon="12.356350">
        <ele>108.958271</ele>
        <time>2025-06-13T20:27:51.994Z</time>
      </trkpt>
      <trkpt lat="51.322623" lon="12.356526">
        <ele>108.955059</ele>
        <time>2025-06-13T20:27:56.894Z</time>
      </trkpt>
      <trkpt lat="51.322921" lon="12.356648">
        <ele>108.961047</ele>
        <time>2025-06-13T20:28:01.814Z</time>
      </trkpt>
      <trkpt lat="51.323225" lon="12.356717">
        <ele>109.025071</ele>
        <time>2025-06-13T20:28:06.776Z</time>
      </trkpt>
      <trkpt lat="51.323532" lon="12.356731">
        <ele>109.089113</ele>
        <time>2025-06-13T20:28:11.658Z</time>
      </trkpt>
      <trkpt lat="51.323839" lon="12.356690">
        <ele>109.153352</ele>
        <time>2025-06-13T20:28:16.385Z</time>
      </trkpt>
      <trkpt lat="51.324138" lon="12.356594">
        <ele>109.216942</ele>
        <time>2025-06-13T20:28:20.935Z</time>
      </trkpt>
      <trkpt lat="51.326105" lon="12.355681">
        <ele>109.540194</ele>
        <time>2025-06-13T20:28:51.576Z</time>
      </trkpt>
      <trkpt lat="51.326090" lon="12.355592">
        <ele>109.548268</ele>
        <time>2025-06-13T20:28:52.531Z</time>
      </trkpt>
      <trkpt lat="51.326687" lon="12.355233">
        <ele>109.909897</ele>
        <time>2025-06-13T20:29:02.902Z</time>
      </trkpt>
      <trkpt lat="51.326922" lon="12.354967">
        <ele>110.138902</ele>
        <time>2025-06-13T20:29:07.904Z</time>
      </trkpt>
      <trkpt lat="51.327056" lon="12.354815">
        <ele>110.269576</ele>
        <time>2025-06-13T20:29:10.812Z</time>
      </trkpt>
      <trkpt lat="51.327204" lon="12.354522">
        <ele>110.456878</ele>
        <time>2025-06-13T20:29:14.964Z</time>
      </trkpt>
      <trkpt lat="51.327738" lon="12.352739">
        <ele>111.140107</ele>
        <time>2025-06-13T20:29:37.064Z</time>
      </trkpt>
      <trkpt lat="51.327976" lon="12.351998">
        <ele>111.265197</ele>
        <time>2025-06-13T20:29:45.319Z</time>
      </trkpt>
      <trkpt lat="51.328089" lon="12.351399">
        <ele>111.359139</ele>
        <time>2025-06-13T20:29:51.016Z</time>
      </trkpt>
      <trkpt lat="51.328106" lon="12.351008">
        <ele>111.417985</ele>
        <time>2025-06-13T20:29:54.461Z</time>
      </trkpt>
      <trkpt lat="51.328094" lon="12.350638">
        <ele>111.400378</ele>
        <time>2025-06-13T20:29:57.661Z</time>
      </trkpt>
      <trkpt lat="51.328300" lon="12.349526">
        <ele>111.163407</ele>
        <time>2025-06-13T20:30:07.621Z</time>
      </trkpt>
      <trkpt lat="51.328559" lon="12.348412">
        <ele>110.920558</ele>
        <time>2025-06-13T20:30:18.331Z</time>
      </trkpt>
      <trkpt lat="51.328630" lon="12.348249">
        <ele>110.879962</ele>
        <time>2025-06-13T20:30:20.220Z</time>
      </trkpt>
      <trkpt lat="51.328663" lon="12.348204">
        <ele>110.865786</ele>
        <time>2025-06-13T20:30:20.815Z</time>
      </trkpt>
      <trkpt lat="51.328717" lon="12.348130">
        <ele>110.874084</ele>
        <time>2025-06-13T20:30:22.093Z</time>
      </trkpt>
      <trkpt lat="51.328734" lon="12.348111">
        <ele>110.885220</ele>
        <time>2025-06-13T20:30:22.384Z</time>
      </trkpt>
      <trkpt lat="51.328807" lon="12.348058">
        <ele>110.928271</ele>
        <time>2025-06-13T20:30:23.490Z</time>
      </trkpt>
      <trkpt lat="51.328786" lon="12.347760">
        <ele>111.028908</ele>
        <time>2025-06-13T20:30:26.123Z</time>
      </trkpt>
      <trkpt lat="51.328843" lon="12.347406">
        <ele>111.151584</ele>
        <time>2025-06-13T20:30:29.395Z</time>
      </trkpt>
      <trkpt lat="51.328864" lon="12.347296">
        <ele>111.190182</ele>
        <time>2025-06-13T20:30:30.419Z</time>
      </trkpt>
      <trkpt lat="51.328919" lon="12.346986">
        <ele>111.298324</ele>
        <time>2025-06-13T20:30:33.390Z</time>
      </trkpt>
      <trkpt lat="51.328951" lon="12.346762">
        <ele>111.375433</ele>
        <time>2025-06-13T20:30:35.554Z</time>
      </trkpt>
      <trkpt lat="51.328933" lon="12.346561">
        <ele>111.443574</ele>
        <time>2025-06-13T20:30:37.523Z</time>
      </trkpt>
      <trkpt lat="51.329008" lon="12.346535">
        <ele>111.484787</ele>
        <time>2025-06-13T20:30:38.787Z</time>
      </trkpt>
      <trkpt lat="51.329195" lon="12.346628">
        <ele>111.589954</ele>
        <time>2025-06-13T20:30:42.043Z</time>
      </trkpt>
      <trkpt lat="51.329287" lon="12.346619">
        <ele>111.639455</ele>
        <time>2025-06-13T20:30:43.601Z</time>
      </trkpt>
      <trkpt lat="51.329367" lon="12.346541">
        <ele>111.689765</ele>
        <time>2025-06-13T20:30:45.191Z</time>
      </trkpt>
      <trkpt lat="51.329498" lon="12.346388">
        <ele>111.776862</ele>
        <time>2025-06-13T20:30:47.985Z</time>
      </trkpt>
      <trkpt lat="51.329724" lon="12.346083">
        <ele>111.885525</ele>
        <time>2025-06-13T20:30:52.687Z</time>
      </trkpt>
      <trkpt lat="51.329744" lon="12.346062">
        <ele>111.892783</ele>
        <time>2025-06-13T20:30:53.066Z</time>
      </trkpt>
      <trkpt lat="51.329930" lon="12.345800">
        <ele>111.967967</ele>
        <time>2025-06-13T20:30:56.797Z</time>
      </trkpt>
      <trkpt lat="51.330027" lon="12.345663">
        <ele>112.007221</ele>
        <time>2025-06-13T20:30:58.682Z</time>
      </trkpt>
      <trkpt lat="51.329783" lon="12.345200">
        <ele>112.122055</ele>
        <time>2025-06-13T20:31:03.990Z</time>
      </trkpt>
      <trkpt lat="51.329447" lon="12.344562">
        <ele>112.280250</ele>
        <time>2025-06-13T20:31:10.995Z</time>
      </trkpt>
      <trkpt lat="51.329290" lon="12.344272">
        <ele>112.352999</ele>
        <time>2025-06-13T20:31:14.231Z</time>
      </trkpt>
      <trkpt lat="51.328837" lon="12.343432">
        <ele>112.418940</ele>
        <time>2025-06-13T20:31:23.258Z</time>
      </trkpt>
      <trkpt lat="51.328689" lon="12.343175">
        <ele>112.436663</ele>
        <time>2025-06-13T20:31:26.238Z</time>
      </trkpt>
      <trkpt lat="51.328770" lon="12.343063">
        <ele>112.445350</ele>
        <time>2025-06-13T20:31:27.685Z</time>
      </trkpt>
      <trkpt lat="51.328935" lon="12.342835">
        <ele>112.463041</ele>
        <time>2025-06-13T20:31:30.927Z</time>
      </trkpt>
      <trkpt lat="51.329031" lon="12.342702">
        <ele>112.473345</ele>
        <time>2025-06-13T20:31:32.844Z</time>
      </trkpt>
      <trkpt lat="51.329064" lon="12.342656">
        <ele>112.476896</ele>
        <time>2025-06-13T20:31:33.475Z</time>
      </trkpt>
      <trkpt lat="51.328387" lon="12.341413">
        <ele>112.607252</ele>
        <time>2025-06-13T20:31:51.909Z</time>
      </trkpt>
      <trkpt lat="51.327888" lon="12.340418">
        <ele>112.734508</ele>
        <time>2025-06-13T20:32:05.724Z</time>
      </trkpt>
      <trkpt lat="51.327690" lon="12.339966">
        <ele>112.789568</ele>
        <time>2025-06-13T20:32:12.034Z</time>
      </trkpt>
      <trkpt lat="51.327721" lon="12.339888">
        <ele>112.798788</ele>
        <time>2025-06-13T20:32:13.142Z</time>
      </trkpt>
      <trkpt lat="51.327806" lon="12.339670">
        <ele>113.018271</ele>
        <time>2025-06-13T20:32:16.216Z</time>
      </trkpt>
      <trkpt lat="51.327880" lon="12.339480">
        <ele>113.212823</ele>
        <time>2025-06-13T20:32:19.005Z</time>
      </trkpt>
      <trkpt lat="51.327964" lon="12.338912">
        <ele>113.720039</ele>
        <time>2025-06-13T20:32:26.760Z</time>
      </trkpt>
      <trkpt lat="51.328023" lon="12.338754">
        <ele>113.879987</ele>
        <time>2025-06-13T20:32:29.384Z</time>
      </trkpt>
      <trkpt lat="51.328046" lon="12.337854">
        <ele>114.662721</ele>
        <time>2025-06-13T20:32:42.703Z</time>
      </trkpt>
      <trkpt lat="51.328204" lon="12.336609">
        <ele>115.448203</ele>
        <time>2025-06-13T20:33:00.635Z</time>
      </trkpt>
      <trkpt lat="51.328336" lon="12.335918">
        <ele>115.647039</ele>
        <time>2025-06-13T20:33:09.759Z</time>
      </trkpt>
      <trkpt lat="51.328427" lon="12.335584">
        <ele>115.747306</ele>
        <time>2025-06-13T20:33:13.980Z</time>
      </trkpt>
      <trkpt lat="51.328547" lon="12.334807">
        <ele>115.967553</ele>
        <time>2025-06-13T20:33:22.532Z</time>
      </trkpt>
      <trkpt lat="51.328786" lon="12.332915">
        <ele>116.093990</ele>
        <time>2025-06-13T20:33:42.602Z</time>
      </trkpt>
      <trkpt lat="51.328916" lon="12.331778">
        <ele>116.094992</ele>
        <time>2025-06-13T20:33:56.314Z</time>
      </trkpt>
      <trkpt lat="51.329043" lon="12.331397">
        <ele>116.112465</ele>
        <time>2025-06-13T20:34:01.838Z</time>
      </trkpt>
      <trkpt lat="51.329270" lon="12.331021">
        <ele>116.161335</ele>
        <time>2025-06-13T20:34:08.288Z</time>
      </trkpt>
      <trkpt lat="51.329499" lon="12.330810">
        <ele>116.200863</ele>
        <time>2025-06-13T20:34:13.226Z</time>
      </trkpt>
      <trkpt lat="51.329902" lon="12.330521">
        <ele>116.266924</ele>
        <time>2025-06-13T20:34:21.001Z</time>
      </trkpt>
      <trkpt lat="51.329976" lon="12.330472">
        <ele>116.278904</ele>
        <time>2025-06-13T20:34:22.352Z</time>
      </trkpt>
      <trkpt lat="51.330395" lon="12.330201">
        <ele>116.346507</ele>
        <time>2025-06-13T20:34:29.938Z</time>
      </trkpt>
      <trkpt lat="51.330497" lon="12.330134">
        <ele>116.363001</ele>
        <time>2025-06-13T20:34:31.761Z</time>
      </trkpt>
      <trkpt lat="51.331463" lon="12.329508">
        <ele>116.655182</ele>
        <time>2025-06-13T20:34:50.447Z</time>
      </trkpt>
      <trkpt lat="51.331625" lon="12.329372">
        <ele>116.706665</ele>
        <time>2025-06-13T20:34:54.295Z</time>
      </trkpt>
      <trkpt lat="51.331637" lon="12.329418">
        <ele>116.715430</ele>
        <time>2025-06-13T20:34:58.135Z</time>
      </trkpt>
      <trkpt lat="51.331735" lon="12.329349">
        <ele>116.745560</ele>
        <time>2025-06-13T20:35:11.343Z</time>
      </trkpt>
      <trkpt lat="51.331770" lon="12.329382">
        <ele>116.756993</ele>
        <time>2025-06-13T20:35:12.192Z</time>
      </trkpt>
      <trkpt lat="51.331941" lon="12.330013">
        <ele>116.859156</ele>
        <time>2025-06-13T20:35:19.093Z</time>
      </trkpt>
      <trkpt lat="51.331963" lon="12.330096">
        <ele>116.835203</ele>
        <time>2025-06-13T20:35:20.018Z</time>
      </trkpt>
      <trkpt lat="51.333376" lon="12.329135">
        <ele>116.182404</ele>
        <time>2025-06-13T20:35:40.098Z</time>
      </trkpt>
      <trkpt lat="51.333485" lon="12.329060">
        <ele>116.131956</ele>
        <time>2025-06-13T20:35:41.523Z</time>
      </trkpt>
      <trkpt lat="51.333886" lon="12.328788">
        <ele>116.105674</ele>
        <time>2025-06-13T20:35:46.821Z</time>
      </trkpt>
      <trkpt lat="51.333852" lon="12.328731">
        <ele>116.105674</ele>
        <time>2025-06-13T20:35:47.404Z</time>
      </trkpt>
      <trkpt lat="51.333814" lon="12.328599">
        <ele>116.105674</ele>
        <time>2025-06-13T20:35:48.478Z</time>
      </trkpt>
      <trkpt lat="51.333679" lon="12.328368">
        <ele>116.105674</ele>
        <time>2025-06-13T20:35:50.886Z</time>
      </trkpt>
      <trkpt lat="51.333615" lon="12.328336">
        <ele>116.105674</ele>
        <time>2025-06-13T20:35:51.708Z</time>
      </trkpt>
      <trkpt lat="51.333543" lon="12.328217">
        <ele>116.105674</ele>
        <time>2025-06-13T20:35:52.989Z</time>
      </trkpt>
      <trkpt lat="51.333667" lon="12.328026">
        <ele>116.105674</ele>
        <time>2025-06-13T20:35:55.878Z</time>
      </trkpt>
      <trkpt lat="51.333737" lon="12.327917">
        <ele>116.105674</ele>
        <time>2025-06-13T20:35:57.543Z</time>
      </trkpt>
      <trkpt lat="51.333786" lon="12.327841">
        <ele>116.105674</ele>
        <time>2025-06-13T20:35:58.716Z</time>
      </trkpt>
      <trkpt lat="51.333835" lon="12.327766">
        <ele>116.105674</ele>
        <time>2025-06-13T20:35:59.715Z</time>
      </trkpt>
      <trkpt lat="51.333914" lon="12.327654">
        <ele>116.105674</ele>
        <time>2025-06-13T20:36:01.314Z</time>
      </trkpt>
      <trkpt lat="51.333737" lon="12.327055">
        <ele>116.105674</ele>
        <time>2025-06-13T20:36:07.893Z</time>
      </trkpt>
      <trkpt lat="51.333686" lon="12.326961">
        <ele>116.105674</ele>
        <time>2025-06-13T20:36:09.087Z</time>
      </trkpt>
      <trkpt lat="51.333741" lon="12.326867">
        <ele>116.105674</ele>
        <time>2025-06-13T20:36:10.526Z</time>
      </trkpt>
      <trkpt lat="51.333485" lon="12.326522">
        <ele>116.105674</ele>
        <time>2025-06-13T20:36:15.121Z</time>
      </trkpt>
      <trkpt lat="51.333500" lon="12.326417">
        <ele>116.105674</ele>
        <time>2025-06-13T20:36:16.662Z</time>
      </trkpt>
    </trkseg>
  </trk>
</gpx>