<?xml version='1.0' encoding='UTF-8'?>
<gpx version="1.1" creator="https://www.komoot.de" xmlns="http://www.topografix.com/GPX/1/1" xmlns:xsi="http://www.w3.org/2001/XMLSchema-instance" xsi:schemaLocation="http://www.topografix.com/GPX/1/1 http://www.topografix.com/GPX/1/1/gpx.xsd">
  <metadata>
    <name>ultra500 '25 part3</name>
    <author>
      <link href="https://www.komoot.de">
        <text>komoot</text>
        <type>text/html</type>
      </link>
    </author>
  </metadata>
  <trk>
    <name>ultra500 '25 part3</name>
    <trkseg>
      <trkpt lat="50.698673" lon="13.717491">
        <ele>809.462316</ele>
        <time>2025-06-13T14:02:35.540Z</time>
      </trkpt>
      <trkpt lat="50.698826" lon="13.717798">
        <ele>809.462316</ele>
        <time>2025-06-13T14:02:41.939Z</time>
      </trkpt>
      <trkpt lat="50.699150" lon="13.717290">
        <ele>809.462316</ele>
        <time>2025-06-13T14:02:50.987Z</time>
      </trkpt>
      <trkpt lat="50.699064" lon="13.716917">
        <ele>809.716713</ele>
        <time>2025-06-13T14:02:58.940Z</time>
      </trkpt>
      <trkpt lat="50.699016" lon="13.716385">
        <ele>811.258650</ele>
        <time>2025-06-13T14:03:10.603Z</time>
      </trkpt>
      <trkpt lat="50.698952" lon="13.714388">
        <ele>816.996203</ele>
        <time>2025-06-13T14:03:58.635Z</time>
      </trkpt>
      <trkpt lat="50.698970" lon="13.714108">
        <ele>817.718374</ele>
        <time>2025-06-13T14:04:05.383Z</time>
      </trkpt>
      <trkpt lat="50.698985" lon="13.712919">
        <ele>819.622553</ele>
        <time>2025-06-13T14:04:30.895Z</time>
      </trkpt>
      <trkpt lat="50.699026" lon="13.712700">
        <ele>819.988208</ele>
        <time>2025-06-13T14:04:35.181Z</time>
      </trkpt>
      <trkpt lat="50.699219" lon="13.712073">
        <ele>821.104418</ele>
        <time>2025-06-13T14:04:47.368Z</time>
      </trkpt>
      <trkpt lat="50.699427" lon="13.711126">
        <ele>821.564551</ele>
        <time>2025-06-13T14:05:03.090Z</time>
      </trkpt>
      <trkpt lat="50.699681" lon="13.709257">
        <ele>818.276686</ele>
        <time>2025-06-13T14:05:27.240Z</time>
      </trkpt>
      <trkpt lat="50.699649" lon="13.709049">
        <ele>817.908523</ele>
        <time>2025-06-13T14:05:29.557Z</time>
      </trkpt>
      <trkpt lat="50.699440" lon="13.708723">
        <ele>816.708931</ele>
        <time>2025-06-13T14:05:34.350Z</time>
      </trkpt>
      <trkpt lat="50.699277" lon="13.708343">
        <ele>813.966238</ele>
        <time>2025-06-13T14:05:38.893Z</time>
      </trkpt>
      <trkpt lat="50.698908" lon="13.707328">
        <ele>806.972279</ele>
        <time>2025-06-13T14:05:50.128Z</time>
      </trkpt>
      <trkpt lat="50.698710" lon="13.707105">
        <ele>804.677479</ele>
        <time>2025-06-13T14:05:53.776Z</time>
      </trkpt>
      <trkpt lat="50.698596" lon="13.706990">
        <ele>803.401051</ele>
        <time>2025-06-13T14:05:55.835Z</time>
      </trkpt>
      <trkpt lat="50.698439" lon="13.706930">
        <ele>801.876948</ele>
        <time>2025-06-13T14:05:58.298Z</time>
      </trkpt>
      <trkpt lat="50.698220" lon="13.706844">
        <ele>800.072821</ele>
        <time>2025-06-13T14:06:01.800Z</time>
      </trkpt>
      <trkpt lat="50.697621" lon="13.706287">
        <ele>797.357099</ele>
        <time>2025-06-13T14:06:13.710Z</time>
      </trkpt>
      <trkpt lat="50.697324" lon="13.706068">
        <ele>796.076555</ele>
        <time>2025-06-13T14:06:20.155Z</time>
      </trkpt>
      <trkpt lat="50.697160" lon="13.705919">
        <ele>795.337374</ele>
        <time>2025-06-13T14:06:23.974Z</time>
      </trkpt>
      <trkpt lat="50.696927" lon="13.705699">
        <ele>794.276788</ele>
        <time>2025-06-13T14:06:29.482Z</time>
      </trkpt>
      <trkpt lat="50.696848" lon="13.705564">
        <ele>793.821998</ele>
        <time>2025-06-13T14:06:31.879Z</time>
      </trkpt>
      <trkpt lat="50.696926" lon="13.705422">
        <ele>793.356906</ele>
        <time>2025-06-13T14:06:34.297Z</time>
      </trkpt>
      <trkpt lat="50.697041" lon="13.705295">
        <ele>792.883622</ele>
        <time>2025-06-13T14:06:37.159Z</time>
      </trkpt>
      <trkpt lat="50.697102" lon="13.705166">
        <ele>792.549157</ele>
        <time>2025-06-13T14:06:39.189Z</time>
      </trkpt>
      <trkpt lat="50.697033" lon="13.704980">
        <ele>792.101316</ele>
        <time>2025-06-13T14:06:41.879Z</time>
      </trkpt>
      <trkpt lat="50.697048" lon="13.704940">
        <ele>792.004738</ele>
        <time>2025-06-13T14:06:42.451Z</time>
      </trkpt>
      <trkpt lat="50.697193" lon="13.704964">
        <ele>791.526522</ele>
        <time>2025-06-13T14:06:45.253Z</time>
      </trkpt>
      <trkpt lat="50.697594" lon="13.704806">
        <ele>790.170874</ele>
        <time>2025-06-13T14:06:52.818Z</time>
      </trkpt>
      <trkpt lat="50.697866" lon="13.704795">
        <ele>789.278406</ele>
        <time>2025-06-13T14:06:57.465Z</time>
      </trkpt>
      <trkpt lat="50.697970" lon="13.704653">
        <ele>788.827402</ele>
        <time>2025-06-13T14:06:59.781Z</time>
      </trkpt>
      <trkpt lat="50.697654" lon="13.704012">
        <ele>787.547881</ele>
        <time>2025-06-13T14:07:08.732Z</time>
      </trkpt>
      <trkpt lat="50.697793" lon="13.703914">
        <ele>787.909457</ele>
        <time>2025-06-13T14:07:10.325Z</time>
      </trkpt>
      <trkpt lat="50.698193" lon="13.703352">
        <ele>789.181275</ele>
        <time>2025-06-13T14:07:16.953Z</time>
      </trkpt>
      <trkpt lat="50.697927" lon="13.703219">
        <ele>789.844002</ele>
        <time>2025-06-13T14:07:25.179Z</time>
      </trkpt>
      <trkpt lat="50.697816" lon="13.703112">
        <ele>790.152907</ele>
        <time>2025-06-13T14:07:29.713Z</time>
      </trkpt>
      <trkpt lat="50.697674" lon="13.702753">
        <ele>790.789671</ele>
        <time>2025-06-13T14:07:40.162Z</time>
      </trkpt>
      <trkpt lat="50.697518" lon="13.702568">
        <ele>791.253090</ele>
        <time>2025-06-13T14:07:48.428Z</time>
      </trkpt>
      <trkpt lat="50.697342" lon="13.702133">
        <ele>793.288873</ele>
        <time>2025-06-13T14:08:03.855Z</time>
      </trkpt>
      <trkpt lat="50.697269" lon="13.701823">
        <ele>795.430753</ele>
        <time>2025-06-13T14:08:14.853Z</time>
      </trkpt>
      <trkpt lat="50.697153" lon="13.701646">
        <ele>797.080184</ele>
        <time>2025-06-13T14:08:23.605Z</time>
      </trkpt>
      <trkpt lat="50.697289" lon="13.701182">
        <ele>800.391281</ele>
        <time>2025-06-13T14:08:41.236Z</time>
      </trkpt>
      <trkpt lat="50.697375" lon="13.700678">
        <ele>803.771658</ele>
        <time>2025-06-13T14:08:59.602Z</time>
      </trkpt>
      <trkpt lat="50.697419" lon="13.700548">
        <ele>804.726220</ele>
        <time>2025-06-13T14:09:04.854Z</time>
      </trkpt>
      <trkpt lat="50.697486" lon="13.700385">
        <ele>805.984631</ele>
        <time>2025-06-13T14:09:11.778Z</time>
      </trkpt>
      <trkpt lat="50.697904" lon="13.698794">
        <ele>815.422182</ele>
        <time>2025-06-13T14:10:12.676Z</time>
      </trkpt>
      <trkpt lat="50.698019" lon="13.698203">
        <ele>818.457848</ele>
        <time>2025-06-13T14:10:29.899Z</time>
      </trkpt>
      <trkpt lat="50.698062" lon="13.697587">
        <ele>821.500730</ele>
        <time>2025-06-13T14:10:45.197Z</time>
      </trkpt>
      <trkpt lat="50.697684" lon="13.697066">
        <ele>824.840795</ele>
        <time>2025-06-13T14:11:02.776Z</time>
      </trkpt>
      <trkpt lat="50.697608" lon="13.696915">
        <ele>825.418467</ele>
        <time>2025-06-13T14:11:06.826Z</time>
      </trkpt>
      <trkpt lat="50.697513" lon="13.696636">
        <ele>826.367218</ele>
        <time>2025-06-13T14:11:13.204Z</time>
      </trkpt>
      <trkpt lat="50.697466" lon="13.696316">
        <ele>827.351112</ele>
        <time>2025-06-13T14:11:19.921Z</time>
      </trkpt>
      <trkpt lat="50.697525" lon="13.695736">
        <ele>829.110589</ele>
        <time>2025-06-13T14:11:32.696Z</time>
      </trkpt>
      <trkpt lat="50.697660" lon="13.695099">
        <ele>831.122491</ele>
        <time>2025-06-13T14:11:49.338Z</time>
      </trkpt>
      <trkpt lat="50.697824" lon="13.694150">
        <ele>833.894104</ele>
        <time>2025-06-13T14:12:14.745Z</time>
      </trkpt>
      <trkpt lat="50.697705" lon="13.693741">
        <ele>835.093372</ele>
        <time>2025-06-13T14:12:26.081Z</time>
      </trkpt>
      <trkpt lat="50.697693" lon="13.693159">
        <ele>836.644954</ele>
        <time>2025-06-13T14:12:39.903Z</time>
      </trkpt>
      <trkpt lat="50.697656" lon="13.692954">
        <ele>837.212927</ele>
        <time>2025-06-13T14:12:44.585Z</time>
      </trkpt>
      <trkpt lat="50.697570" lon="13.692710">
        <ele>837.956951</ele>
        <time>2025-06-13T14:12:50.330Z</time>
      </trkpt>
      <trkpt lat="50.697169" lon="13.691834">
        <ele>840.241730</ele>
        <time>2025-06-13T14:13:09.895Z</time>
      </trkpt>
      <trkpt lat="50.696807" lon="13.691183">
        <ele>840.798689</ele>
        <time>2025-06-13T14:13:19.789Z</time>
      </trkpt>
      <trkpt lat="50.695753" lon="13.689113">
        <ele>841.669912</ele>
        <time>2025-06-13T14:13:45.620Z</time>
      </trkpt>
      <trkpt lat="50.694370" lon="13.685982">
        <ele>840.071335</ele>
        <time>2025-06-13T14:14:16.382Z</time>
      </trkpt>
      <trkpt lat="50.694202" lon="13.685706">
        <ele>839.836017</ele>
        <time>2025-06-13T14:14:19.305Z</time>
      </trkpt>
      <trkpt lat="50.693884" lon="13.685347">
        <ele>839.483191</ele>
        <time>2025-06-13T14:14:24.015Z</time>
      </trkpt>
      <trkpt lat="50.693824" lon="13.685304">
        <ele>839.443285</ele>
        <time>2025-06-13T14:14:25.352Z</time>
      </trkpt>
      <trkpt lat="50.693787" lon="13.685271">
        <ele>839.417548</ele>
        <time>2025-06-13T14:14:26.220Z</time>
      </trkpt>
      <trkpt lat="50.693788" lon="13.685141">
        <ele>839.367672</ele>
        <time>2025-06-13T14:14:27.171Z</time>
      </trkpt>
      <trkpt lat="50.693789" lon="13.685082">
        <ele>839.345030</ele>
        <time>2025-06-13T14:14:27.605Z</time>
      </trkpt>
      <trkpt lat="50.693828" lon="13.684775">
        <ele>839.224909</ele>
        <time>2025-06-13T14:14:29.893Z</time>
      </trkpt>
      <trkpt lat="50.694212" lon="13.683253">
        <ele>838.596411</ele>
        <time>2025-06-13T14:14:42.469Z</time>
      </trkpt>
      <trkpt lat="50.694610" lon="13.681917">
        <ele>839.898214</ele>
        <time>2025-06-13T14:14:57.311Z</time>
      </trkpt>
      <trkpt lat="50.695168" lon="13.679837">
        <ele>843.624231</ele>
        <time>2025-06-13T14:15:29.581Z</time>
      </trkpt>
      <trkpt lat="50.695807" lon="13.676806">
        <ele>851.836143</ele>
        <time>2025-06-13T14:16:24.368Z</time>
      </trkpt>
      <trkpt lat="50.696395" lon="13.673849">
        <ele>857.245226</ele>
        <time>2025-06-13T14:17:09.486Z</time>
      </trkpt>
      <trkpt lat="50.696416" lon="13.673746">
        <ele>857.324461</ele>
        <time>2025-06-13T14:17:10.745Z</time>
      </trkpt>
      <trkpt lat="50.695406" lon="13.672814">
        <ele>858.251483</ele>
        <time>2025-06-13T14:17:37.096Z</time>
      </trkpt>
      <trkpt lat="50.690215" lon="13.668179">
        <ele>845.796201</ele>
        <time>2025-06-13T14:19:32.460Z</time>
      </trkpt>
      <trkpt lat="50.690107" lon="13.668082">
        <ele>845.507424</ele>
        <time>2025-06-13T14:19:34.847Z</time>
      </trkpt>
      <trkpt lat="50.692861" lon="13.661889">
        <ele>835.253849</ele>
        <time>2025-06-13T14:21:06.716Z</time>
      </trkpt>
      <trkpt lat="50.692926" lon="13.661724">
        <ele>835.345704</ele>
        <time>2025-06-13T14:21:09.280Z</time>
      </trkpt>
      <trkpt lat="50.692946" lon="13.661589">
        <ele>835.411247</ele>
        <time>2025-06-13T14:21:11.139Z</time>
      </trkpt>
      <trkpt lat="50.692896" lon="13.661299">
        <ele>835.553329</ele>
        <time>2025-06-13T14:21:15.290Z</time>
      </trkpt>
      <trkpt lat="50.692317" lon="13.660994">
        <ele>836.008842</ele>
        <time>2025-06-13T14:21:30.691Z</time>
      </trkpt>
      <trkpt lat="50.692278" lon="13.660964">
        <ele>836.041218</ele>
        <time>2025-06-13T14:21:31.936Z</time>
      </trkpt>
      <trkpt lat="50.691883" lon="13.660659">
        <ele>836.369370</ele>
        <time>2025-06-13T14:21:45.123Z</time>
      </trkpt>
      <trkpt lat="50.691884" lon="13.660429">
        <ele>836.655990</ele>
        <time>2025-06-13T14:21:49.746Z</time>
      </trkpt>
      <trkpt lat="50.691933" lon="13.659992">
        <ele>837.616730</ele>
        <time>2025-06-13T14:21:58.895Z</time>
      </trkpt>
      <trkpt lat="50.691973" lon="13.658874">
        <ele>840.040876</ele>
        <time>2025-06-13T14:22:22.666Z</time>
      </trkpt>
      <trkpt lat="50.692020" lon="13.658299">
        <ele>841.295976</ele>
        <time>2025-06-13T14:22:34.855Z</time>
      </trkpt>
      <trkpt lat="50.692035" lon="13.657341">
        <ele>843.134215</ele>
        <time>2025-06-13T14:22:54.695Z</time>
      </trkpt>
      <trkpt lat="50.692104" lon="13.655825">
        <ele>845.447237</ele>
        <time>2025-06-13T14:23:23.940Z</time>
      </trkpt>
      <trkpt lat="50.692299" lon="13.655614">
        <ele>846.015170</ele>
        <time>2025-06-13T14:23:30.631Z</time>
      </trkpt>
      <trkpt lat="50.693024" lon="13.654962">
        <ele>847.254353</ele>
        <time>2025-06-13T14:23:52.410Z</time>
      </trkpt>
      <trkpt lat="50.693285" lon="13.654774">
        <ele>847.474233</ele>
        <time>2025-06-13T14:23:59.325Z</time>
      </trkpt>
      <trkpt lat="50.694273" lon="13.654305">
        <ele>848.264968</ele>
        <time>2025-06-13T14:24:23.772Z</time>
      </trkpt>
      <trkpt lat="50.694572" lon="13.654042">
        <ele>848.397265</ele>
        <time>2025-06-13T14:24:31.741Z</time>
      </trkpt>
      <trkpt lat="50.694951" lon="13.653658">
        <ele>848.564987</ele>
        <time>2025-06-13T14:24:42.163Z</time>
      </trkpt>
      <trkpt lat="50.695286" lon="13.653242">
        <ele>848.723725</ele>
        <time>2025-06-13T14:24:52.044Z</time>
      </trkpt>
      <trkpt lat="50.695531" lon="13.652843">
        <ele>848.854820</ele>
        <time>2025-06-13T14:25:00.238Z</time>
      </trkpt>
      <trkpt lat="50.695779" lon="13.652341">
        <ele>848.978320</ele>
        <time>2025-06-13T14:25:09.689Z</time>
      </trkpt>
      <trkpt lat="50.695874" lon="13.652075">
        <ele>849.018734</ele>
        <time>2025-06-13T14:25:14.268Z</time>
      </trkpt>
      <trkpt lat="50.695915" lon="13.651603">
        <ele>849.081786</ele>
        <time>2025-06-13T14:25:21.495Z</time>
      </trkpt>
      <trkpt lat="50.695962" lon="13.651525">
        <ele>849.096033</ele>
        <time>2025-06-13T14:25:23.146Z</time>
      </trkpt>
      <trkpt lat="50.696532" lon="13.651222">
        <ele>849.221695</ele>
        <time>2025-06-13T14:25:37.484Z</time>
      </trkpt>
      <trkpt lat="50.697006" lon="13.650911">
        <ele>849.194027</ele>
        <time>2025-06-13T14:25:48.898Z</time>
      </trkpt>
      <trkpt lat="50.697320" lon="13.650640">
        <ele>848.139099</ele>
        <time>2025-06-13T14:25:56.333Z</time>
      </trkpt>
      <trkpt lat="50.697538" lon="13.650401">
        <ele>847.356700</ele>
        <time>2025-06-13T14:26:01.549Z</time>
      </trkpt>
      <trkpt lat="50.697672" lon="13.650184">
        <ele>846.790820</ele>
        <time>2025-06-13T14:26:05.207Z</time>
      </trkpt>
      <trkpt lat="50.697891" lon="13.649660">
        <ele>845.618595</ele>
        <time>2025-06-13T14:26:12.493Z</time>
      </trkpt>
      <trkpt lat="50.698496" lon="13.647764">
        <ele>839.437563</ele>
        <time>2025-06-13T14:26:35.501Z</time>
      </trkpt>
      <trkpt lat="50.698961" lon="13.646880">
        <ele>835.279294</ele>
        <time>2025-06-13T14:26:47.804Z</time>
      </trkpt>
      <trkpt lat="50.698838" lon="13.646801">
        <ele>834.520643</ele>
        <time>2025-06-13T14:26:49.032Z</time>
      </trkpt>
      <trkpt lat="50.698824" lon="13.646780">
        <ele>834.410313</ele>
        <time>2025-06-13T14:26:49.209Z</time>
      </trkpt>
      <trkpt lat="50.698597" lon="13.646452">
        <ele>832.287460</ele>
        <time>2025-06-13T14:26:52.007Z</time>
      </trkpt>
      <trkpt lat="50.698483" lon="13.646243">
        <ele>830.955162</ele>
        <time>2025-06-13T14:26:53.590Z</time>
      </trkpt>
      <trkpt lat="50.698402" lon="13.646013">
        <ele>829.683989</ele>
        <time>2025-06-13T14:26:55.090Z</time>
      </trkpt>
      <trkpt lat="50.698336" lon="13.645549">
        <ele>827.386856</ele>
        <time>2025-06-13T14:26:57.785Z</time>
      </trkpt>
      <trkpt lat="50.698254" lon="13.645259">
        <ele>825.852790</ele>
        <time>2025-06-13T14:26:59.571Z</time>
      </trkpt>
      <trkpt lat="50.697991" lon="13.644918">
        <ele>823.257423</ele>
        <time>2025-06-13T14:27:02.554Z</time>
      </trkpt>
      <trkpt lat="50.696556" lon="13.643408">
        <ele>809.717942</ele>
        <time>2025-06-13T14:27:17.553Z</time>
      </trkpt>
      <trkpt lat="50.696359" lon="13.643147">
        <ele>807.679959</ele>
        <time>2025-06-13T14:27:19.844Z</time>
      </trkpt>
      <trkpt lat="50.696298" lon="13.642937">
        <ele>806.520307</ele>
        <time>2025-06-13T14:27:21.175Z</time>
      </trkpt>
      <trkpt lat="50.696185" lon="13.642268">
        <ele>804.229545</ele>
        <time>2025-06-13T14:27:25.231Z</time>
      </trkpt>
      <trkpt lat="50.696544" lon="13.640845">
        <ele>799.881006</ele>
        <time>2025-06-13T14:27:34.753Z</time>
      </trkpt>
      <trkpt lat="50.696624" lon="13.640287">
        <ele>798.256777</ele>
        <time>2025-06-13T14:27:38.508Z</time>
      </trkpt>
      <trkpt lat="50.696970" lon="13.635678">
        <ele>788.595252</ele>
        <time>2025-06-13T14:28:08.494Z</time>
      </trkpt>
      <trkpt lat="50.697063" lon="13.635078">
        <ele>787.379229</ele>
        <time>2025-06-13T14:28:12.543Z</time>
      </trkpt>
      <trkpt lat="50.697153" lon="13.634767">
        <ele>786.706120</ele>
        <time>2025-06-13T14:28:14.783Z</time>
      </trkpt>
      <trkpt lat="50.697375" lon="13.634360">
        <ele>786.033308</ele>
        <time>2025-06-13T14:28:18.342Z</time>
      </trkpt>
      <trkpt lat="50.697679" lon="13.633921">
        <ele>785.691589</ele>
        <time>2025-06-13T14:28:22.773Z</time>
      </trkpt>
      <trkpt lat="50.697776" lon="13.633605">
        <ele>785.507104</ele>
        <time>2025-06-13T14:28:25.248Z</time>
      </trkpt>
      <trkpt lat="50.697797" lon="13.633358">
        <ele>785.376174</ele>
        <time>2025-06-13T14:28:27.082Z</time>
      </trkpt>
      <trkpt lat="50.697750" lon="13.632330">
        <ele>784.834688</ele>
        <time>2025-06-13T14:28:35.656Z</time>
      </trkpt>
      <trkpt lat="50.697768" lon="13.631920">
        <ele>784.852764</ele>
        <time>2025-06-13T14:28:40.133Z</time>
      </trkpt>
      <trkpt lat="50.698191" lon="13.630017">
        <ele>787.749047</ele>
        <time>2025-06-13T14:29:08.495Z</time>
      </trkpt>
      <trkpt lat="50.698395" lon="13.629327">
        <ele>788.746404</ele>
        <time>2025-06-13T14:29:18.582Z</time>
      </trkpt>
      <trkpt lat="50.698630" lon="13.628340">
        <ele>788.509402</ele>
        <time>2025-06-13T14:29:29.387Z</time>
      </trkpt>
      <trkpt lat="50.699049" lon="13.625587">
        <ele>786.679567</ele>
        <time>2025-06-13T14:29:49.662Z</time>
      </trkpt>
      <trkpt lat="50.699422" lon="13.623376">
        <ele>784.542012</ele>
        <time>2025-06-13T14:30:05.175Z</time>
      </trkpt>
      <trkpt lat="50.699460" lon="13.622905">
        <ele>784.652711</ele>
        <time>2025-06-13T14:30:08.795Z</time>
      </trkpt>
      <trkpt lat="50.699530" lon="13.622799">
        <ele>784.688414</ele>
        <time>2025-06-13T14:30:10.912Z</time>
      </trkpt>
      <trkpt lat="50.699536" lon="13.622790">
        <ele>784.691460</ele>
        <time>2025-06-13T14:30:11.093Z</time>
      </trkpt>
      <trkpt lat="50.699627" lon="13.622399">
        <ele>784.788579</ele>
        <time>2025-06-13T14:30:17.248Z</time>
      </trkpt>
      <trkpt lat="50.699733" lon="13.622135">
        <ele>784.861455</ele>
        <time>2025-06-13T14:30:22.305Z</time>
      </trkpt>
      <trkpt lat="50.700221" lon="13.620333">
        <ele>786.367953</ele>
        <time>2025-06-13T14:31:00.155Z</time>
      </trkpt>
      <trkpt lat="50.700725" lon="13.618865">
        <ele>788.438168</ele>
        <time>2025-06-13T14:31:29.563Z</time>
      </trkpt>
      <trkpt lat="50.700816" lon="13.618506">
        <ele>788.840861</ele>
        <time>2025-06-13T14:31:35.350Z</time>
      </trkpt>
      <trkpt lat="50.700905" lon="13.617652">
        <ele>789.657865</ele>
        <time>2025-06-13T14:31:48.405Z</time>
      </trkpt>
      <trkpt lat="50.700910" lon="13.617156">
        <ele>790.126140</ele>
        <time>2025-06-13T14:31:55.983Z</time>
      </trkpt>
      <trkpt lat="50.700840" lon="13.613766">
        <ele>795.371179</ele>
        <time>2025-06-13T14:32:59.410Z</time>
      </trkpt>
      <trkpt lat="50.700852" lon="13.613388">
        <ele>796.084345</ele>
        <time>2025-06-13T14:33:07.661Z</time>
      </trkpt>
      <trkpt lat="50.700937" lon="13.612904">
        <ele>797.220875</ele>
        <time>2025-06-13T14:33:18.967Z</time>
      </trkpt>
      <trkpt lat="50.700615" lon="13.612505">
        <ele>799.013266</ele>
        <time>2025-06-13T14:33:34.003Z</time>
      </trkpt>
      <trkpt lat="50.700555" lon="13.612257">
        <ele>799.749555</ele>
        <time>2025-06-13T14:33:40.309Z</time>
      </trkpt>
      <trkpt lat="50.700574" lon="13.612026">
        <ele>800.395604</ele>
        <time>2025-06-13T14:33:45.861Z</time>
      </trkpt>
      <trkpt lat="50.700729" lon="13.611353">
        <ele>802.381711</ele>
        <time>2025-06-13T14:34:02.647Z</time>
      </trkpt>
      <trkpt lat="50.700360" lon="13.611372">
        <ele>803.998374</ele>
        <time>2025-06-13T14:34:15.879Z</time>
      </trkpt>
      <trkpt lat="50.699891" lon="13.611179">
        <ele>805.113928</ele>
        <time>2025-06-13T14:34:31.451Z</time>
      </trkpt>
      <trkpt lat="50.699222" lon="13.610995">
        <ele>806.235907</ele>
        <time>2025-06-13T14:34:49.517Z</time>
      </trkpt>
      <trkpt lat="50.698893" lon="13.610580">
        <ele>806.931675</ele>
        <time>2025-06-13T14:34:59.617Z</time>
      </trkpt>
      <trkpt lat="50.698472" lon="13.609779">
        <ele>807.888075</ele>
        <time>2025-06-13T14:35:14.852Z</time>
      </trkpt>
      <trkpt lat="50.698020" lon="13.608351">
        <ele>809.151650</ele>
        <time>2025-06-13T14:35:41.606Z</time>
      </trkpt>
      <trkpt lat="50.697926" lon="13.607970">
        <ele>809.475293</ele>
        <time>2025-06-13T14:35:48.880Z</time>
      </trkpt>
      <trkpt lat="50.697893" lon="13.607362">
        <ele>810.119238</ele>
        <time>2025-06-13T14:35:59.495Z</time>
      </trkpt>
      <trkpt lat="50.697680" lon="13.606757">
        <ele>811.042281</ele>
        <time>2025-06-13T14:36:11.142Z</time>
      </trkpt>
      <trkpt lat="50.697063" lon="13.605821">
        <ele>812.843778</ele>
        <time>2025-06-13T14:36:35.232Z</time>
      </trkpt>
      <trkpt lat="50.696869" lon="13.605617">
        <ele>813.334521</ele>
        <time>2025-06-13T14:36:42.109Z</time>
      </trkpt>
      <trkpt lat="50.696706" lon="13.605348">
        <ele>814.081816</ele>
        <time>2025-06-13T14:36:49.425Z</time>
      </trkpt>
      <trkpt lat="50.696617" lon="13.605057">
        <ele>814.849599</ele>
        <time>2025-06-13T14:36:56.045Z</time>
      </trkpt>
      <trkpt lat="50.696464" lon="13.604797">
        <ele>815.692795</ele>
        <time>2025-06-13T14:37:03.750Z</time>
      </trkpt>
      <trkpt lat="50.696310" lon="13.604381">
        <ele>816.837624</ele>
        <time>2025-06-13T14:37:14.754Z</time>
      </trkpt>
      <trkpt lat="50.696252" lon="13.604127">
        <ele>817.479141</ele>
        <time>2025-06-13T14:37:21.208Z</time>
      </trkpt>
      <trkpt lat="50.696199" lon="13.603641">
        <ele>818.650861</ele>
        <time>2025-06-13T14:37:32.729Z</time>
      </trkpt>
      <trkpt lat="50.695965" lon="13.602897">
        <ele>820.158434</ele>
        <time>2025-06-13T14:37:50.152Z</time>
      </trkpt>
      <trkpt lat="50.695877" lon="13.602492">
        <ele>819.886615</ele>
        <time>2025-06-13T14:37:58.303Z</time>
      </trkpt>
      <trkpt lat="50.695844" lon="13.602354">
        <ele>819.792971</ele>
        <time>2025-06-13T14:38:00.842Z</time>
      </trkpt>
      <trkpt lat="50.695768" lon="13.602348">
        <ele>819.716706</ele>
        <time>2025-06-13T14:38:02.843Z</time>
      </trkpt>
      <trkpt lat="50.695525" lon="13.602425">
        <ele>819.468307</ele>
        <time>2025-06-13T14:38:08.790Z</time>
      </trkpt>
      <trkpt lat="50.695234" lon="13.602384">
        <ele>819.175499</ele>
        <time>2025-06-13T14:38:14.963Z</time>
      </trkpt>
      <trkpt lat="50.695111" lon="13.602538">
        <ele>819.018162</ele>
        <time>2025-06-13T14:38:18.053Z</time>
      </trkpt>
      <trkpt lat="50.695095" lon="13.602615">
        <ele>818.966715</ele>
        <time>2025-06-13T14:38:19.050Z</time>
      </trkpt>
      <trkpt lat="50.694370" lon="13.600429">
        <ele>812.216172</ele>
        <time>2025-06-13T14:38:45.578Z</time>
      </trkpt>
      <trkpt lat="50.694262" lon="13.600054">
        <ele>810.668181</ele>
        <time>2025-06-13T14:38:49.789Z</time>
      </trkpt>
      <trkpt lat="50.693964" lon="13.599114">
        <ele>807.081823</ele>
        <time>2025-06-13T14:39:00.635Z</time>
      </trkpt>
      <trkpt lat="50.692164" lon="13.593538">
        <ele>794.199196</ele>
        <time>2025-06-13T14:40:13.801Z</time>
      </trkpt>
      <trkpt lat="50.691857" lon="13.592680">
        <ele>793.141612</ele>
        <time>2025-06-13T14:40:27.146Z</time>
      </trkpt>
      <trkpt lat="50.691400" lon="13.591269">
        <ele>790.868913</ele>
        <time>2025-06-13T14:40:47.707Z</time>
      </trkpt>
      <trkpt lat="50.691340" lon="13.591026">
        <ele>790.337939</ele>
        <time>2025-06-13T14:40:50.909Z</time>
      </trkpt>
      <trkpt lat="50.691202" lon="13.590967">
        <ele>789.878463</ele>
        <time>2025-06-13T14:40:53.597Z</time>
      </trkpt>
      <trkpt lat="50.691245" lon="13.590140">
        <ele>788.189105</ele>
        <time>2025-06-13T14:41:03.122Z</time>
      </trkpt>
      <trkpt lat="50.691345" lon="13.589903">
        <ele>787.609366</ele>
        <time>2025-06-13T14:41:06.321Z</time>
      </trkpt>
      <trkpt lat="50.691180" lon="13.590005">
        <ele>787.039885</ele>
        <time>2025-06-13T14:41:09.432Z</time>
      </trkpt>
      <trkpt lat="50.690957" lon="13.589946">
        <ele>786.313222</ele>
        <time>2025-06-13T14:41:13.405Z</time>
      </trkpt>
      <trkpt lat="50.690919" lon="13.589197">
        <ele>783.383563</ele>
        <time>2025-06-13T14:41:21.680Z</time>
      </trkpt>
      <trkpt lat="50.690953" lon="13.588593">
        <ele>781.007979</ele>
        <time>2025-06-13T14:41:28.095Z</time>
      </trkpt>
      <trkpt lat="50.690797" lon="13.588544">
        <ele>780.024345</ele>
        <time>2025-06-13T14:41:30.716Z</time>
      </trkpt>
      <trkpt lat="50.690427" lon="13.588302">
        <ele>777.547586</ele>
        <time>2025-06-13T14:41:37.372Z</time>
      </trkpt>
      <trkpt lat="50.689887" lon="13.587884">
        <ele>773.057877</ele>
        <time>2025-06-13T14:41:47.167Z</time>
      </trkpt>
      <trkpt lat="50.689550" lon="13.587723">
        <ele>769.634960</ele>
        <time>2025-06-13T14:41:52.776Z</time>
      </trkpt>
      <trkpt lat="50.688381" lon="13.587369">
        <ele>758.063261</ele>
        <time>2025-06-13T14:42:11.031Z</time>
      </trkpt>
      <trkpt lat="50.688051" lon="13.587299">
        <ele>754.668826</ele>
        <time>2025-06-13T14:42:15.971Z</time>
      </trkpt>
      <trkpt lat="50.687454" lon="13.587086">
        <ele>748.391358</ele>
        <time>2025-06-13T14:42:25.165Z</time>
      </trkpt>
      <trkpt lat="50.687155" lon="13.587200">
        <ele>745.236534</ele>
        <time>2025-06-13T14:42:29.848Z</time>
      </trkpt>
      <trkpt lat="50.687144" lon="13.587073">
        <ele>744.403624</ele>
        <time>2025-06-13T14:42:31.098Z</time>
      </trkpt>
      <trkpt lat="50.687136" lon="13.586984">
        <ele>743.819518</ele>
        <time>2025-06-13T14:42:31.981Z</time>
      </trkpt>
      <trkpt lat="50.687079" lon="13.586951">
        <ele>743.196825</ele>
        <time>2025-06-13T14:42:32.915Z</time>
      </trkpt>
      <trkpt lat="50.687127" lon="13.586606">
        <ele>740.901626</ele>
        <time>2025-06-13T14:42:34.957Z</time>
      </trkpt>
      <trkpt lat="50.687131" lon="13.586318">
        <ele>739.184085</ele>
        <time>2025-06-13T14:42:36.652Z</time>
      </trkpt>
      <trkpt lat="50.687148" lon="13.585858">
        <ele>738.365894</ele>
        <time>2025-06-13T14:42:39.328Z</time>
      </trkpt>
      <trkpt lat="50.687197" lon="13.585539">
        <ele>737.783050</ele>
        <time>2025-06-13T14:42:41.306Z</time>
      </trkpt>
      <trkpt lat="50.687176" lon="13.584923">
        <ele>736.687664</ele>
        <time>2025-06-13T14:42:45.553Z</time>
      </trkpt>
      <trkpt lat="50.687089" lon="13.584653">
        <ele>736.149792</ele>
        <time>2025-06-13T14:42:47.638Z</time>
      </trkpt>
      <trkpt lat="50.686996" lon="13.584101">
        <ele>735.135563</ele>
        <time>2025-06-13T14:42:51.745Z</time>
      </trkpt>
      <trkpt lat="50.686963" lon="13.579558">
        <ele>738.850610</ele>
        <time>2025-06-13T14:43:45.488Z</time>
      </trkpt>
      <trkpt lat="50.686830" lon="13.579061">
        <ele>739.660031</ele>
        <time>2025-06-13T14:43:53.036Z</time>
      </trkpt>
      <trkpt lat="50.686253" lon="13.578799">
        <ele>741.081790</ele>
        <time>2025-06-13T14:44:05.717Z</time>
      </trkpt>
      <trkpt lat="50.685913" lon="13.578608">
        <ele>742.134479</ele>
        <time>2025-06-13T14:44:14.224Z</time>
      </trkpt>
      <trkpt lat="50.685705" lon="13.578428">
        <ele>742.883534</ele>
        <time>2025-06-13T14:44:19.525Z</time>
      </trkpt>
      <trkpt lat="50.685218" lon="13.577912">
        <ele>744.735728</ele>
        <time>2025-06-13T14:44:32.720Z</time>
      </trkpt>
      <trkpt lat="50.684994" lon="13.577725">
        <ele>745.535910</ele>
        <time>2025-06-13T14:44:38.557Z</time>
      </trkpt>
      <trkpt lat="50.684676" lon="13.577549">
        <ele>746.600020</ele>
        <time>2025-06-13T14:44:46.791Z</time>
      </trkpt>
      <trkpt lat="50.684464" lon="13.577506">
        <ele>747.165304</ele>
        <time>2025-06-13T14:44:51.907Z</time>
      </trkpt>
      <trkpt lat="50.684196" lon="13.577528">
        <ele>747.645279</ele>
        <time>2025-06-13T14:44:57.943Z</time>
      </trkpt>
      <trkpt lat="50.683966" lon="13.577633">
        <ele>748.073504</ele>
        <time>2025-06-13T14:45:03.364Z</time>
      </trkpt>
      <trkpt lat="50.683632" lon="13.577907">
        <ele>748.746751</ele>
        <time>2025-06-13T14:45:10.732Z</time>
      </trkpt>
      <trkpt lat="50.683464" lon="13.578127">
        <ele>749.137186</ele>
        <time>2025-06-13T14:45:14.423Z</time>
      </trkpt>
      <trkpt lat="50.683352" lon="13.578344">
        <ele>749.454358</ele>
        <time>2025-06-13T14:45:17.288Z</time>
      </trkpt>
      <trkpt lat="50.683186" lon="13.578769">
        <ele>750.020137</ele>
        <time>2025-06-13T14:45:22.161Z</time>
      </trkpt>
      <trkpt lat="50.683100" lon="13.579173">
        <ele>750.143052</ele>
        <time>2025-06-13T14:45:26.144Z</time>
      </trkpt>
      <trkpt lat="50.682806" lon="13.581015">
        <ele>749.361126</ele>
        <time>2025-06-13T14:45:41.273Z</time>
      </trkpt>
      <trkpt lat="50.682730" lon="13.581322">
        <ele>749.225449</ele>
        <time>2025-06-13T14:45:43.664Z</time>
      </trkpt>
      <trkpt lat="50.682606" lon="13.581664">
        <ele>749.050353</ele>
        <time>2025-06-13T14:45:46.488Z</time>
      </trkpt>
      <trkpt lat="50.682420" lon="13.582001">
        <ele>748.537635</ele>
        <time>2025-06-13T14:45:49.648Z</time>
      </trkpt>
      <trkpt lat="50.682235" lon="13.582222">
        <ele>748.117546</ele>
        <time>2025-06-13T14:45:52.184Z</time>
      </trkpt>
      <trkpt lat="50.681937" lon="13.582449">
        <ele>747.518435</ele>
        <time>2025-06-13T14:45:55.763Z</time>
      </trkpt>
      <trkpt lat="50.681669" lon="13.582543">
        <ele>747.021362</ele>
        <time>2025-06-13T14:45:58.767Z</time>
      </trkpt>
      <trkpt lat="50.681491" lon="13.582560">
        <ele>746.698490</ele>
        <time>2025-06-13T14:46:00.742Z</time>
      </trkpt>
      <trkpt lat="50.681288" lon="13.582531">
        <ele>746.329441</ele>
        <time>2025-06-13T14:46:02.996Z</time>
      </trkpt>
      <trkpt lat="50.681064" lon="13.582442">
        <ele>745.911217</ele>
        <time>2025-06-13T14:46:05.594Z</time>
      </trkpt>
      <trkpt lat="50.680763" lon="13.582205">
        <ele>745.701565</ele>
        <time>2025-06-13T14:46:09.464Z</time>
      </trkpt>
      <trkpt lat="50.680583" lon="13.581985">
        <ele>745.611084</ele>
        <time>2025-06-13T14:46:12.104Z</time>
      </trkpt>
      <trkpt lat="50.680407" lon="13.581670">
        <ele>745.505325</ele>
        <time>2025-06-13T14:46:15.227Z</time>
      </trkpt>
      <trkpt lat="50.680303" lon="13.581400">
        <ele>745.425754</ele>
        <time>2025-06-13T14:46:17.680Z</time>
      </trkpt>
      <trkpt lat="50.680009" lon="13.580172">
        <ele>745.107661</ele>
        <time>2025-06-13T14:46:29.702Z</time>
      </trkpt>
      <trkpt lat="50.679932" lon="13.579932">
        <ele>745.257445</ele>
        <time>2025-06-13T14:46:32.687Z</time>
      </trkpt>
      <trkpt lat="50.679815" lon="13.579679">
        <ele>745.431842</ele>
        <time>2025-06-13T14:46:36.281Z</time>
      </trkpt>
      <trkpt lat="50.679706" lon="13.579534">
        <ele>745.557110</ele>
        <time>2025-06-13T14:46:38.878Z</time>
      </trkpt>
      <trkpt lat="50.679560" lon="13.579389">
        <ele>745.708693</ele>
        <time>2025-06-13T14:46:41.997Z</time>
      </trkpt>
      <trkpt lat="50.679418" lon="13.579306">
        <ele>745.841753</ele>
        <time>2025-06-13T14:46:44.706Z</time>
      </trkpt>
      <trkpt lat="50.679146" lon="13.579243">
        <ele>746.083324</ele>
        <time>2025-06-13T14:46:49.565Z</time>
      </trkpt>
      <trkpt lat="50.678879" lon="13.579324">
        <ele>746.322236</ele>
        <time>2025-06-13T14:46:54.172Z</time>
      </trkpt>
      <trkpt lat="50.678716" lon="13.579428">
        <ele>746.476730</ele>
        <time>2025-06-13T14:46:56.973Z</time>
      </trkpt>
      <trkpt lat="50.677610" lon="13.580548">
        <ele>746.406478</ele>
        <time>2025-06-13T14:47:13.420Z</time>
      </trkpt>
      <trkpt lat="50.677428" lon="13.580713">
        <ele>746.353569</ele>
        <time>2025-06-13T14:47:16.028Z</time>
      </trkpt>
      <trkpt lat="50.677209" lon="13.580856">
        <ele>746.293825</ele>
        <time>2025-06-13T14:47:19.063Z</time>
      </trkpt>
      <trkpt lat="50.676896" lon="13.580892">
        <ele>746.305726</ele>
        <time>2025-06-13T14:47:23.143Z</time>
      </trkpt>
      <trkpt lat="50.676661" lon="13.580811">
        <ele>746.727285</ele>
        <time>2025-06-13T14:47:26.477Z</time>
      </trkpt>
      <trkpt lat="50.676486" lon="13.580675">
        <ele>747.069155</ele>
        <time>2025-06-13T14:47:29.393Z</time>
      </trkpt>
      <trkpt lat="50.676365" lon="13.580538">
        <ele>747.330150</ele>
        <time>2025-06-13T14:47:31.759Z</time>
      </trkpt>
      <trkpt lat="50.676223" lon="13.580292">
        <ele>747.699708</ele>
        <time>2025-06-13T14:47:35.255Z</time>
      </trkpt>
      <trkpt lat="50.676100" lon="13.579923">
        <ele>748.162754</ele>
        <time>2025-06-13T14:47:39.987Z</time>
      </trkpt>
      <trkpt lat="50.675873" lon="13.578652">
        <ele>750.231573</ele>
        <time>2025-06-13T14:47:58.364Z</time>
      </trkpt>
      <trkpt lat="50.675671" lon="13.578166">
        <ele>752.426215</ele>
        <time>2025-06-13T14:48:08.342Z</time>
      </trkpt>
      <trkpt lat="50.674510" lon="13.576277">
        <ele>763.190469</ele>
        <time>2025-06-13T14:49:06.342Z</time>
      </trkpt>
      <trkpt lat="50.674210" lon="13.575704">
        <ele>767.021643</ele>
        <time>2025-06-13T14:49:24.722Z</time>
      </trkpt>
      <trkpt lat="50.674118" lon="13.575450">
        <ele>768.529674</ele>
        <time>2025-06-13T14:49:32.042Z</time>
      </trkpt>
      <trkpt lat="50.674027" lon="13.574960">
        <ele>771.161661</ele>
        <time>2025-06-13T14:49:44.951Z</time>
      </trkpt>
      <trkpt lat="50.674014" lon="13.574570">
        <ele>773.174746</ele>
        <time>2025-06-13T14:49:54.920Z</time>
      </trkpt>
      <trkpt lat="50.674027" lon="13.574319">
        <ele>774.472872</ele>
        <time>2025-06-13T14:50:01.228Z</time>
      </trkpt>
      <trkpt lat="50.674168" lon="13.572993">
        <ele>781.707665</ele>
        <time>2025-06-13T14:50:34.725Z</time>
      </trkpt>
      <trkpt lat="50.674153" lon="13.572352">
        <ele>785.164646</ele>
        <time>2025-06-13T14:50:50.882Z</time>
      </trkpt>
      <trkpt lat="50.674125" lon="13.572125">
        <ele>786.411007</ele>
        <time>2025-06-13T14:50:56.660Z</time>
      </trkpt>
      <trkpt lat="50.674079" lon="13.571869">
        <ele>787.845092</ele>
        <time>2025-06-13T14:51:03.346Z</time>
      </trkpt>
      <trkpt lat="50.673976" lon="13.571500">
        <ele>790.018161</ele>
        <time>2025-06-13T14:51:13.356Z</time>
      </trkpt>
      <trkpt lat="50.673402" lon="13.570209">
        <ele>797.933936</ele>
        <time>2025-06-13T14:51:52.568Z</time>
      </trkpt>
      <trkpt lat="50.673164" lon="13.569428">
        <ele>802.283654</ele>
        <time>2025-06-13T14:52:12.646Z</time>
      </trkpt>
      <trkpt lat="50.672834" lon="13.567373">
        <ele>810.487351</ele>
        <time>2025-06-13T14:52:59.242Z</time>
      </trkpt>
      <trkpt lat="50.672739" lon="13.566938">
        <ele>812.146675</ele>
        <time>2025-06-13T14:53:07.918Z</time>
      </trkpt>
      <trkpt lat="50.672612" lon="13.566534">
        <ele>813.773062</ele>
        <time>2025-06-13T14:53:15.625Z</time>
      </trkpt>
      <trkpt lat="50.672411" lon="13.566115">
        <ele>814.691377</ele>
        <time>2025-06-13T14:53:23.580Z</time>
      </trkpt>
      <trkpt lat="50.672373" lon="13.566036">
        <ele>814.749335</ele>
        <time>2025-06-13T14:53:24.968Z</time>
      </trkpt>
      <trkpt lat="50.670603" lon="13.562506">
        <ele>816.331231</ele>
        <time>2025-06-13T14:54:05.559Z</time>
      </trkpt>
      <trkpt lat="50.670471" lon="13.562198">
        <ele>816.361578</ele>
        <time>2025-06-13T14:54:08.826Z</time>
      </trkpt>
      <trkpt lat="50.670330" lon="13.561753">
        <ele>816.444685</ele>
        <time>2025-06-13T14:54:13.402Z</time>
      </trkpt>
      <trkpt lat="50.670314" lon="13.561700">
        <ele>816.470818</ele>
        <time>2025-06-13T14:54:13.965Z</time>
      </trkpt>
      <trkpt lat="50.670276" lon="13.561577">
        <ele>816.531733</ele>
        <time>2025-06-13T14:54:15.259Z</time>
      </trkpt>
      <trkpt lat="50.670448" lon="13.561307">
        <ele>816.702151</ele>
        <time>2025-06-13T14:54:20.942Z</time>
      </trkpt>
      <trkpt lat="50.670346" lon="13.561209">
        <ele>816.786033</ele>
        <time>2025-06-13T14:54:23.772Z</time>
      </trkpt>
      <trkpt lat="50.670225" lon="13.560872">
        <ele>816.958455</ele>
        <time>2025-06-13T14:54:29.670Z</time>
      </trkpt>
      <trkpt lat="50.670197" lon="13.560766">
        <ele>817.009578</ele>
        <time>2025-06-13T14:54:31.467Z</time>
      </trkpt>
      <trkpt lat="50.670219" lon="13.560616">
        <ele>817.078117</ele>
        <time>2025-06-13T14:54:33.881Z</time>
      </trkpt>
      <trkpt lat="50.669707" lon="13.558625">
        <ele>818.508943</ele>
        <time>2025-06-13T14:55:08.252Z</time>
      </trkpt>
      <trkpt lat="50.669616" lon="13.557672">
        <ele>819.475444</ele>
        <time>2025-06-13T14:55:24.163Z</time>
      </trkpt>
      <trkpt lat="50.669621" lon="13.556878">
        <ele>820.271746</ele>
        <time>2025-06-13T14:55:38.286Z</time>
      </trkpt>
      <trkpt lat="50.669597" lon="13.556420">
        <ele>821.127381</ele>
        <time>2025-06-13T14:55:46.911Z</time>
      </trkpt>
      <trkpt lat="50.669444" lon="13.555660">
        <ele>823.295958</ele>
        <time>2025-06-13T14:56:02.768Z</time>
      </trkpt>
      <trkpt lat="50.669404" lon="13.554623">
        <ele>826.121300</ele>
        <time>2025-06-13T14:56:26.631Z</time>
      </trkpt>
      <trkpt lat="50.669348" lon="13.554159">
        <ele>827.405825</ele>
        <time>2025-06-13T14:56:38.597Z</time>
      </trkpt>
      <trkpt lat="50.668629" lon="13.553309">
        <ele>831.517398</ele>
        <time>2025-06-13T14:57:14.595Z</time>
      </trkpt>
      <trkpt lat="50.668484" lon="13.553073">
        <ele>832.486678</ele>
        <time>2025-06-13T14:57:22.359Z</time>
      </trkpt>
      <trkpt lat="50.668439" lon="13.552919">
        <ele>832.986758</ele>
        <time>2025-06-13T14:57:26.153Z</time>
      </trkpt>
      <trkpt lat="50.668697" lon="13.552509">
        <ele>834.690531</ele>
        <time>2025-06-13T14:57:38.542Z</time>
      </trkpt>
      <trkpt lat="50.668750" lon="13.552381">
        <ele>835.141406</ele>
        <time>2025-06-13T14:57:41.702Z</time>
      </trkpt>
      <trkpt lat="50.668747" lon="13.552317">
        <ele>835.330654</ele>
        <time>2025-06-13T14:57:43.070Z</time>
      </trkpt>
      <trkpt lat="50.668750" lon="13.552381">
        <ele>835.519901</ele>
        <time>2025-06-13T14:57:44.304Z</time>
      </trkpt>
      <trkpt lat="50.668697" lon="13.552509">
        <ele>835.970777</ele>
        <time>2025-06-13T14:57:47.503Z</time>
      </trkpt>
      <trkpt lat="50.668439" lon="13.552919">
        <ele>837.770710</ele>
        <time>2025-06-13T14:57:59.051Z</time>
      </trkpt>
      <trkpt lat="50.668697" lon="13.552509">
        <ele>839.625316</ele>
        <time>2025-06-13T14:58:10.644Z</time>
      </trkpt>
      <trkpt lat="50.668750" lon="13.552381">
        <ele>840.116107</ele>
        <time>2025-06-13T14:58:13.865Z</time>
      </trkpt>
      <trkpt lat="50.668747" lon="13.552317">
        <ele>840.322108</ele>
        <time>2025-06-13T14:58:15.248Z</time>
      </trkpt>
      <trkpt lat="50.668738" lon="13.552148">
        <ele>840.866510</ele>
        <time>2025-06-13T14:58:18.924Z</time>
      </trkpt>
      <trkpt lat="50.668430" lon="13.551276">
        <ele>844.070958</ele>
        <time>2025-06-13T14:58:43.400Z</time>
      </trkpt>
      <trkpt lat="50.667952" lon="13.549769">
        <ele>851.490811</ele>
        <time>2025-06-13T14:59:32.611Z</time>
      </trkpt>
      <trkpt lat="50.667432" lon="13.548193">
        <ele>859.957536</ele>
        <time>2025-06-13T15:00:25.439Z</time>
      </trkpt>
      <trkpt lat="50.667133" lon="13.547257">
        <ele>862.714592</ele>
        <time>2025-06-13T15:00:53.008Z</time>
      </trkpt>
      <trkpt lat="50.666811" lon="13.546291">
        <ele>865.585521</ele>
        <time>2025-06-13T15:01:15.327Z</time>
      </trkpt>
      <trkpt lat="50.666610" lon="13.545639">
        <ele>867.045818</ele>
        <time>2025-06-13T15:01:27.014Z</time>
      </trkpt>
      <trkpt lat="50.666398" lon="13.544965">
        <ele>866.693108</ele>
        <time>2025-06-13T15:01:37.308Z</time>
      </trkpt>
      <trkpt lat="50.666155" lon="13.544002">
        <ele>866.207230</ele>
        <time>2025-06-13T15:01:50.420Z</time>
      </trkpt>
      <trkpt lat="50.665968" lon="13.543445">
        <ele>865.911762</ele>
        <time>2025-06-13T15:01:58.451Z</time>
      </trkpt>
      <trkpt lat="50.665783" lon="13.542835">
        <ele>865.713530</ele>
        <time>2025-06-13T15:02:07.193Z</time>
      </trkpt>
      <trkpt lat="50.665149" lon="13.540978">
        <ele>865.347999</ele>
        <time>2025-06-13T15:02:36.312Z</time>
      </trkpt>
      <trkpt lat="50.664436" lon="13.538787">
        <ele>865.802648</ele>
        <time>2025-06-13T15:03:14.556Z</time>
      </trkpt>
      <trkpt lat="50.664166" lon="13.537943">
        <ele>865.654353</ele>
        <time>2025-06-13T15:03:28.126Z</time>
      </trkpt>
      <trkpt lat="50.664096" lon="13.537758">
        <ele>865.375478</ele>
        <time>2025-06-13T15:03:31.104Z</time>
      </trkpt>
      <trkpt lat="50.663506" lon="13.535975">
        <ele>862.772073</ele>
        <time>2025-06-13T15:03:56.206Z</time>
      </trkpt>
      <trkpt lat="50.662951" lon="13.534177">
        <ele>855.426284</ele>
        <time>2025-06-13T15:04:18.070Z</time>
      </trkpt>
      <trkpt lat="50.662694" lon="13.533247">
        <ele>851.158054</ele>
        <time>2025-06-13T15:04:28.253Z</time>
      </trkpt>
      <trkpt lat="50.662425" lon="13.532424">
        <ele>845.878997</ele>
        <time>2025-06-13T15:04:37.284Z</time>
      </trkpt>
      <trkpt lat="50.661912" lon="13.530802">
        <ele>834.846817</ele>
        <time>2025-06-13T15:04:54.898Z</time>
      </trkpt>
      <trkpt lat="50.661270" lon="13.528761">
        <ele>825.324519</ele>
        <time>2025-06-13T15:05:18.515Z</time>
      </trkpt>
      <trkpt lat="50.660657" lon="13.526970">
        <ele>820.560158</ele>
        <time>2025-06-13T15:05:42.100Z</time>
      </trkpt>
      <trkpt lat="50.660029" lon="13.525082">
        <ele>818.258965</ele>
        <time>2025-06-13T15:06:10.612Z</time>
      </trkpt>
      <trkpt lat="50.659754" lon="13.524177">
        <ele>817.680297</ele>
        <time>2025-06-13T15:06:24.090Z</time>
      </trkpt>
      <trkpt lat="50.659668" lon="13.523986">
        <ele>817.545215</ele>
        <time>2025-06-13T15:06:27.147Z</time>
      </trkpt>
      <trkpt lat="50.659566" lon="13.523917">
        <ele>817.444269</ele>
        <time>2025-06-13T15:06:29.425Z</time>
      </trkpt>
      <trkpt lat="50.659499" lon="13.523912">
        <ele>817.383260</ele>
        <time>2025-06-13T15:06:30.796Z</time>
      </trkpt>
      <trkpt lat="50.659001" lon="13.522323">
        <ele>816.737802</ele>
        <time>2025-06-13T15:06:53.674Z</time>
      </trkpt>
      <trkpt lat="50.658843" lon="13.521990">
        <ele>816.665202</ele>
        <time>2025-06-13T15:06:59.303Z</time>
      </trkpt>
      <trkpt lat="50.658811" lon="13.522063">
        <ele>816.649710</ele>
        <time>2025-06-13T15:07:00.532Z</time>
      </trkpt>
      <trkpt lat="50.658613" lon="13.522034">
        <ele>816.594959</ele>
        <time>2025-06-13T15:07:04.876Z</time>
      </trkpt>
      <trkpt lat="50.658811" lon="13.522063">
        <ele>816.540208</ele>
        <time>2025-06-13T15:07:09.377Z</time>
      </trkpt>
      <trkpt lat="50.658843" lon="13.521990">
        <ele>816.524717</ele>
        <time>2025-06-13T15:07:10.681Z</time>
      </trkpt>
      <trkpt lat="50.659141" lon="13.520730">
        <ele>816.769005</ele>
        <time>2025-06-13T15:07:31.745Z</time>
      </trkpt>
      <trkpt lat="50.659574" lon="13.519189">
        <ele>817.688825</ele>
        <time>2025-06-13T15:07:59.008Z</time>
      </trkpt>
      <trkpt lat="50.660252" lon="13.518182">
        <ele>818.407045</ele>
        <time>2025-06-13T15:08:21.460Z</time>
      </trkpt>
      <trkpt lat="50.660686" lon="13.517446">
        <ele>818.870233</ele>
        <time>2025-06-13T15:08:36.104Z</time>
      </trkpt>
      <trkpt lat="50.660842" lon="13.517636">
        <ele>819.013495</ele>
        <time>2025-06-13T15:08:40.832Z</time>
      </trkpt>
      <trkpt lat="50.660940" lon="13.517727">
        <ele>819.096156</ele>
        <time>2025-06-13T15:08:43.643Z</time>
      </trkpt>
      <trkpt lat="50.660842" lon="13.517636">
        <ele>819.178817</ele>
        <time>2025-06-13T15:08:46.507Z</time>
      </trkpt>
      <trkpt lat="50.660686" lon="13.517446">
        <ele>819.453237</ele>
        <time>2025-06-13T15:08:51.629Z</time>
      </trkpt>
      <trkpt lat="50.660579" lon="13.517312">
        <ele>819.768633</ele>
        <time>2025-06-13T15:08:54.059Z</time>
      </trkpt>
      <trkpt lat="50.660405" lon="13.516999">
        <ele>820.377877</ele>
        <time>2025-06-13T15:08:58.973Z</time>
      </trkpt>
      <trkpt lat="50.658989" lon="13.515632">
        <ele>823.499711</ele>
        <time>2025-06-13T15:09:35.102Z</time>
      </trkpt>
      <trkpt lat="50.658634" lon="13.515371">
        <ele>823.596877</ele>
        <time>2025-06-13T15:09:42.500Z</time>
      </trkpt>
      <trkpt lat="50.657354" lon="13.514619">
        <ele>822.614164</ele>
        <time>2025-06-13T15:09:58.816Z</time>
      </trkpt>
      <trkpt lat="50.657156" lon="13.514477">
        <ele>821.722078</ele>
        <time>2025-06-13T15:10:00.997Z</time>
      </trkpt>
      <trkpt lat="50.656703" lon="13.513973">
        <ele>819.448442</ele>
        <time>2025-06-13T15:10:06.374Z</time>
      </trkpt>
      <trkpt lat="50.655852" lon="13.513446">
        <ele>815.527959</ele>
        <time>2025-06-13T15:10:14.905Z</time>
      </trkpt>
      <trkpt lat="50.655575" lon="13.513173">
        <ele>813.896706</ele>
        <time>2025-06-13T15:10:17.963Z</time>
      </trkpt>
      <trkpt lat="50.654499" lon="13.512715">
        <ele>808.330653</ele>
        <time>2025-06-13T15:10:28.541Z</time>
      </trkpt>
      <trkpt lat="50.653856" lon="13.511953">
        <ele>806.231480</ele>
        <time>2025-06-13T15:10:36.573Z</time>
      </trkpt>
      <trkpt lat="50.653810" lon="13.511898">
        <ele>806.116680</ele>
        <time>2025-06-13T15:10:37.170Z</time>
      </trkpt>
      <trkpt lat="50.653779" lon="13.511869">
        <ele>806.044998</ele>
        <time>2025-06-13T15:10:37.539Z</time>
      </trkpt>
      <trkpt lat="50.653782" lon="13.511706">
        <ele>805.839382</ele>
        <time>2025-06-13T15:10:39.464Z</time>
      </trkpt>
      <trkpt lat="50.653937" lon="13.504879">
        <ele>798.230924</ele>
        <time>2025-06-13T15:12:06.709Z</time>
      </trkpt>
      <trkpt lat="50.654031" lon="13.499404">
        <ele>795.019561</ele>
        <time>2025-06-13T15:13:18.540Z</time>
      </trkpt>
      <trkpt lat="50.654032" lon="13.499320">
        <ele>794.981347</ele>
        <time>2025-06-13T15:13:19.818Z</time>
      </trkpt>
      <trkpt lat="50.653987" lon="13.498891">
        <ele>794.783565</ele>
        <time>2025-06-13T15:13:26.489Z</time>
      </trkpt>
      <trkpt lat="50.653886" lon="13.498576">
        <ele>794.377411</ele>
        <time>2025-06-13T15:13:31.712Z</time>
      </trkpt>
      <trkpt lat="50.653812" lon="13.498397">
        <ele>794.112381</ele>
        <time>2025-06-13T15:13:34.702Z</time>
      </trkpt>
      <trkpt lat="50.653523" lon="13.497888">
        <ele>793.264952</ele>
        <time>2025-06-13T15:13:43.802Z</time>
      </trkpt>
      <trkpt lat="50.653409" lon="13.497784">
        <ele>793.007329</ele>
        <time>2025-06-13T15:13:46.485Z</time>
      </trkpt>
      <trkpt lat="50.653187" lon="13.497566">
        <ele>792.495762</ele>
        <time>2025-06-13T15:13:49.749Z</time>
      </trkpt>
      <trkpt lat="50.652867" lon="13.497128">
        <ele>791.666929</ele>
        <time>2025-06-13T15:13:54.684Z</time>
      </trkpt>
      <trkpt lat="50.652567" lon="13.496808">
        <ele>790.362274</ele>
        <time>2025-06-13T15:13:58.667Z</time>
      </trkpt>
      <trkpt lat="50.651833" lon="13.496369">
        <ele>785.650647</ele>
        <time>2025-06-13T15:14:06.937Z</time>
      </trkpt>
      <trkpt lat="50.651248" lon="13.495950">
        <ele>781.794351</ele>
        <time>2025-06-13T15:14:13.561Z</time>
      </trkpt>
      <trkpt lat="50.650962" lon="13.495359">
        <ele>778.524181</ele>
        <time>2025-06-13T15:14:18.317Z</time>
      </trkpt>
      <trkpt lat="50.650796" lon="13.494878">
        <ele>775.821883</ele>
        <time>2025-06-13T15:14:21.773Z</time>
      </trkpt>
      <trkpt lat="50.650779" lon="13.494640">
        <ele>774.640048</ele>
        <time>2025-06-13T15:14:23.276Z</time>
      </trkpt>
      <trkpt lat="50.650832" lon="13.493873">
        <ele>770.832893</ele>
        <time>2025-06-13T15:14:28.117Z</time>
      </trkpt>
      <trkpt lat="50.650800" lon="13.493726">
        <ele>770.065964</ele>
        <time>2025-06-13T15:14:29.098Z</time>
      </trkpt>
      <trkpt lat="50.650501" lon="13.493074">
        <ele>766.181738</ele>
        <time>2025-06-13T15:14:34.196Z</time>
      </trkpt>
      <trkpt lat="50.650409" lon="13.492787">
        <ele>764.977967</ele>
        <time>2025-06-13T15:14:36.266Z</time>
      </trkpt>
      <trkpt lat="50.650294" lon="13.492542">
        <ele>763.836944</ele>
        <time>2025-06-13T15:14:38.249Z</time>
      </trkpt>
      <trkpt lat="50.650135" lon="13.492263">
        <ele>762.432759</ele>
        <time>2025-06-13T15:14:40.721Z</time>
      </trkpt>
      <trkpt lat="50.649677" lon="13.491750">
        <ele>759.116434</ele>
        <time>2025-06-13T15:14:46.682Z</time>
      </trkpt>
      <trkpt lat="50.649394" lon="13.491383">
        <ele>756.953460</ele>
        <time>2025-06-13T15:14:50.613Z</time>
      </trkpt>
      <trkpt lat="50.649261" lon="13.491157">
        <ele>755.810418</ele>
        <time>2025-06-13T15:14:52.728Z</time>
      </trkpt>
      <trkpt lat="50.649192" lon="13.491040">
        <ele>755.399998</ele>
        <time>2025-06-13T15:14:53.829Z</time>
      </trkpt>
      <trkpt lat="50.648988" lon="13.490603">
        <ele>754.006126</ele>
        <time>2025-06-13T15:14:57.583Z</time>
      </trkpt>
      <trkpt lat="50.648865" lon="13.490444">
        <ele>753.361868</ele>
        <time>2025-06-13T15:14:59.324Z</time>
      </trkpt>
      <trkpt lat="50.647772" lon="13.489422">
        <ele>748.495975</ele>
        <time>2025-06-13T15:15:13.540Z</time>
      </trkpt>
      <trkpt lat="50.647365" lon="13.489075">
        <ele>748.201035</ele>
        <time>2025-06-13T15:15:19.243Z</time>
      </trkpt>
      <trkpt lat="50.647222" lon="13.488997">
        <ele>748.104578</ele>
        <time>2025-06-13T15:15:21.234Z</time>
      </trkpt>
      <trkpt lat="50.647027" lon="13.488482">
        <ele>747.862114</ele>
        <time>2025-06-13T15:15:26.094Z</time>
      </trkpt>
      <trkpt lat="50.646488" lon="13.487169">
        <ele>747.654640</ele>
        <time>2025-06-13T15:15:42.416Z</time>
      </trkpt>
      <trkpt lat="50.646478" lon="13.486982">
        <ele>747.766015</ele>
        <time>2025-06-13T15:15:44.624Z</time>
      </trkpt>
      <trkpt lat="50.646422" lon="13.486905">
        <ele>747.835551</ele>
        <time>2025-06-13T15:15:46.328Z</time>
      </trkpt>
      <trkpt lat="50.646478" lon="13.486982">
        <ele>747.905087</ele>
        <time>2025-06-13T15:15:47.990Z</time>
      </trkpt>
      <trkpt lat="50.646488" lon="13.487169">
        <ele>748.016462</ele>
        <time>2025-06-13T15:15:50.108Z</time>
      </trkpt>
      <trkpt lat="50.646281" lon="13.486866">
        <ele>748.280793</ele>
        <time>2025-06-13T15:15:57.606Z</time>
      </trkpt>
      <trkpt lat="50.646128" lon="13.486592">
        <ele>748.497469</ele>
        <time>2025-06-13T15:16:03.524Z</time>
      </trkpt>
      <trkpt lat="50.645690" lon="13.486460">
        <ele>748.914825</ele>
        <time>2025-06-13T15:16:14.277Z</time>
      </trkpt>
      <trkpt lat="50.645340" lon="13.486372">
        <ele>748.947417</ele>
        <time>2025-06-13T15:16:22.490Z</time>
      </trkpt>
      <trkpt lat="50.645202" lon="13.486320">
        <ele>748.833757</ele>
        <time>2025-06-13T15:16:25.643Z</time>
      </trkpt>
      <trkpt lat="50.645051" lon="13.486255">
        <ele>748.708370</ele>
        <time>2025-06-13T15:16:29.049Z</time>
      </trkpt>
      <trkpt lat="50.645027" lon="13.486243">
        <ele>748.688202</ele>
        <time>2025-06-13T15:16:29.579Z</time>
      </trkpt>
      <trkpt lat="50.644831" lon="13.486150">
        <ele>748.524239</ele>
        <time>2025-06-13T15:16:33.960Z</time>
      </trkpt>
      <trkpt lat="50.644046" lon="13.485931">
        <ele>747.885635</ele>
        <time>2025-06-13T15:16:50.444Z</time>
      </trkpt>
      <trkpt lat="50.643774" lon="13.485840">
        <ele>747.662895</ele>
        <time>2025-06-13T15:16:55.976Z</time>
      </trkpt>
      <trkpt lat="50.643490" lon="13.485794">
        <ele>747.020032</ele>
        <time>2025-06-13T15:17:01.601Z</time>
      </trkpt>
      <trkpt lat="50.642966" lon="13.485836">
        <ele>745.772127</ele>
        <time>2025-06-13T15:17:11.681Z</time>
      </trkpt>
      <trkpt lat="50.642856" lon="13.485845">
        <ele>745.510148</ele>
        <time>2025-06-13T15:17:13.750Z</time>
      </trkpt>
      <trkpt lat="50.642559" lon="13.485726">
        <ele>744.781309</ele>
        <time>2025-06-13T15:17:19.527Z</time>
      </trkpt>
      <trkpt lat="50.642396" lon="13.485735">
        <ele>744.393388</ele>
        <time>2025-06-13T15:17:22.570Z</time>
      </trkpt>
      <trkpt lat="50.642345" lon="13.485769">
        <ele>744.261693</ele>
        <time>2025-06-13T15:17:23.606Z</time>
      </trkpt>
      <trkpt lat="50.642173" lon="13.485940">
        <ele>743.778085</ele>
        <time>2025-06-13T15:17:27.397Z</time>
      </trkpt>
      <trkpt lat="50.642050" lon="13.486018">
        <ele>743.462768</ele>
        <time>2025-06-13T15:17:29.881Z</time>
      </trkpt>
      <trkpt lat="50.641779" lon="13.486000">
        <ele>743.102531</ele>
        <time>2025-06-13T15:17:34.949Z</time>
      </trkpt>
      <trkpt lat="50.641054" lon="13.486725">
        <ele>742.120341</ele>
        <time>2025-06-13T15:17:44.449Z</time>
      </trkpt>
      <trkpt lat="50.640961" lon="13.486821">
        <ele>741.993171</ele>
        <time>2025-06-13T15:17:45.834Z</time>
      </trkpt>
      <trkpt lat="50.640475" lon="13.486564">
        <ele>741.406714</ele>
        <time>2025-06-13T15:17:55.082Z</time>
      </trkpt>
      <trkpt lat="50.639607" lon="13.486194">
        <ele>741.832156</ele>
        <time>2025-06-13T15:18:14.771Z</time>
      </trkpt>
      <trkpt lat="50.638787" lon="13.486190">
        <ele>742.359658</ele>
        <time>2025-06-13T15:18:31.548Z</time>
      </trkpt>
      <trkpt lat="50.638608" lon="13.486162">
        <ele>742.444046</ele>
        <time>2025-06-13T15:18:34.654Z</time>
      </trkpt>
      <trkpt lat="50.635900" lon="13.484716">
        <ele>738.054408</ele>
        <time>2025-06-13T15:19:18.114Z</time>
      </trkpt>
      <trkpt lat="50.635005" lon="13.484304">
        <ele>736.798748</ele>
        <time>2025-06-13T15:19:32.503Z</time>
      </trkpt>
      <trkpt lat="50.634423" lon="13.483914">
        <ele>736.589519</ele>
        <time>2025-06-13T15:19:42.959Z</time>
      </trkpt>
      <trkpt lat="50.633132" lon="13.482647">
        <ele>736.697660</ele>
        <time>2025-06-13T15:20:18.011Z</time>
      </trkpt>
      <trkpt lat="50.632597" lon="13.482082">
        <ele>737.183261</ele>
        <time>2025-06-13T15:20:33.983Z</time>
      </trkpt>
      <trkpt lat="50.632474" lon="13.481811">
        <ele>737.342656</ele>
        <time>2025-06-13T15:20:39.231Z</time>
      </trkpt>
      <trkpt lat="50.632303" lon="13.481380">
        <ele>737.585823</ele>
        <time>2025-06-13T15:20:47.321Z</time>
      </trkpt>
      <trkpt lat="50.632103" lon="13.481005">
        <ele>737.871255</ele>
        <time>2025-06-13T15:20:55.283Z</time>
      </trkpt>
      <trkpt lat="50.631826" lon="13.480700">
        <ele>738.194181</ele>
        <time>2025-06-13T15:21:04.263Z</time>
      </trkpt>
      <trkpt lat="50.631489" lon="13.480677">
        <ele>738.516576</ele>
        <time>2025-06-13T15:21:13.491Z</time>
      </trkpt>
      <trkpt lat="50.630531" lon="13.480843">
        <ele>739.312592</ele>
        <time>2025-06-13T15:21:37.481Z</time>
      </trkpt>
      <trkpt lat="50.629093" lon="13.481192">
        <ele>738.758207</ele>
        <time>2025-06-13T15:22:08.190Z</time>
      </trkpt>
      <trkpt lat="50.628685" lon="13.481192">
        <ele>738.818590</ele>
        <time>2025-06-13T15:22:16.726Z</time>
      </trkpt>
      <trkpt lat="50.628510" lon="13.481109">
        <ele>738.998775</ele>
        <time>2025-06-13T15:22:20.762Z</time>
      </trkpt>
      <trkpt lat="50.628348" lon="13.480887">
        <ele>739.210417</ele>
        <time>2025-06-13T15:22:25.769Z</time>
      </trkpt>
      <trkpt lat="50.628104" lon="13.480212">
        <ele>739.696331</ele>
        <time>2025-06-13T15:22:38.346Z</time>
      </trkpt>
      <trkpt lat="50.628032" lon="13.479926">
        <ele>739.888782</ele>
        <time>2025-06-13T15:22:43.695Z</time>
      </trkpt>
      <trkpt lat="50.627932" lon="13.479262">
        <ele>740.315628</ele>
        <time>2025-06-13T15:22:56.008Z</time>
      </trkpt>
      <trkpt lat="50.627809" lon="13.478906">
        <ele>740.676981</ele>
        <time>2025-06-13T15:23:03.342Z</time>
      </trkpt>
      <trkpt lat="50.627693" lon="13.478617">
        <ele>741.064457</ele>
        <time>2025-06-13T15:23:09.453Z</time>
      </trkpt>
      <trkpt lat="50.627289" lon="13.478031">
        <ele>742.045001</ele>
        <time>2025-06-13T15:23:24.254Z</time>
      </trkpt>
      <trkpt lat="50.627128" lon="13.477702">
        <ele>742.515783</ele>
        <time>2025-06-13T15:23:31.015Z</time>
      </trkpt>
      <trkpt lat="50.626951" lon="13.476767">
        <ele>743.621310</ele>
        <time>2025-06-13T15:23:47.734Z</time>
      </trkpt>
      <trkpt lat="50.626961" lon="13.476220">
        <ele>744.432565</ele>
        <time>2025-06-13T15:23:58.196Z</time>
      </trkpt>
      <trkpt lat="50.627018" lon="13.476029">
        <ele>744.748907</ele>
        <time>2025-06-13T15:24:02.463Z</time>
      </trkpt>
      <trkpt lat="50.627358" lon="13.475346">
        <ele>746.050046</ele>
        <time>2025-06-13T15:24:20.566Z</time>
      </trkpt>
      <trkpt lat="50.627482" lon="13.474861">
        <ele>746.833717</ele>
        <time>2025-06-13T15:24:31.157Z</time>
      </trkpt>
      <trkpt lat="50.627496" lon="13.474589">
        <ele>747.242695</ele>
        <time>2025-06-13T15:24:36.255Z</time>
      </trkpt>
      <trkpt lat="50.627452" lon="13.473979">
        <ele>747.645570</ele>
        <time>2025-06-13T15:24:46.344Z</time>
      </trkpt>
      <trkpt lat="50.627386" lon="13.473806">
        <ele>747.356974</ele>
        <time>2025-06-13T15:24:49.231Z</time>
      </trkpt>
      <trkpt lat="50.627238" lon="13.473721">
        <ele>747.001999</ele>
        <time>2025-06-13T15:24:52.595Z</time>
      </trkpt>
      <trkpt lat="50.626738" lon="13.473569">
        <ele>745.854453</ele>
        <time>2025-06-13T15:25:02.530Z</time>
      </trkpt>
      <trkpt lat="50.626592" lon="13.473630">
        <ele>745.514071</ele>
        <time>2025-06-13T15:25:05.321Z</time>
      </trkpt>
      <trkpt lat="50.625492" lon="13.473764">
        <ele>742.280567</ele>
        <time>2025-06-13T15:25:24.839Z</time>
      </trkpt>
      <trkpt lat="50.624751" lon="13.473678">
        <ele>739.074723</ele>
        <time>2025-06-13T15:25:38.032Z</time>
      </trkpt>
      <trkpt lat="50.624575" lon="13.473705">
        <ele>738.311748</ele>
        <time>2025-06-13T15:25:41.177Z</time>
      </trkpt>
      <trkpt lat="50.623686" lon="13.474457">
        <ele>733.988815</ele>
        <time>2025-06-13T15:25:58.932Z</time>
      </trkpt>
      <trkpt lat="50.623236" lon="13.474900">
        <ele>731.732219</ele>
        <time>2025-06-13T15:26:08.169Z</time>
      </trkpt>
      <trkpt lat="50.622825" lon="13.475231">
        <ele>729.769161</ele>
        <time>2025-06-13T15:26:16.355Z</time>
      </trkpt>
      <trkpt lat="50.622654" lon="13.475225">
        <ele>729.041668</ele>
        <time>2025-06-13T15:26:19.424Z</time>
      </trkpt>
      <trkpt lat="50.622290" lon="13.474804">
        <ele>727.391969</ele>
        <time>2025-06-13T15:26:27.689Z</time>
      </trkpt>
      <trkpt lat="50.622044" lon="13.474413">
        <ele>726.212366</ele>
        <time>2025-06-13T15:26:34.235Z</time>
      </trkpt>
      <trkpt lat="50.621536" lon="13.473173">
        <ele>723.050413</ele>
        <time>2025-06-13T15:26:51.687Z</time>
      </trkpt>
      <trkpt lat="50.621245" lon="13.472710">
        <ele>721.460935</ele>
        <time>2025-06-13T15:26:59.031Z</time>
      </trkpt>
      <trkpt lat="50.621052" lon="13.472502">
        <ele>720.455467</ele>
        <time>2025-06-13T15:27:03.111Z</time>
      </trkpt>
      <trkpt lat="50.620788" lon="13.472370">
        <ele>719.264381</ele>
        <time>2025-06-13T15:27:07.895Z</time>
      </trkpt>
      <trkpt lat="50.620381" lon="13.472037">
        <ele>717.292308</ele>
        <time>2025-06-13T15:27:15.719Z</time>
      </trkpt>
      <trkpt lat="50.619512" lon="13.470966">
        <ele>713.528682</ele>
        <time>2025-06-13T15:27:35.681Z</time>
      </trkpt>
      <trkpt lat="50.619430" lon="13.470896">
        <ele>713.316893</ele>
        <time>2025-06-13T15:27:37.543Z</time>
      </trkpt>
      <trkpt lat="50.619146" lon="13.469878">
        <ele>711.714484</ele>
        <time>2025-06-13T15:27:45.545Z</time>
      </trkpt>
      <trkpt lat="50.619052" lon="13.469638">
        <ele>711.308074</ele>
        <time>2025-06-13T15:27:47.580Z</time>
      </trkpt>
      <trkpt lat="50.618950" lon="13.469461">
        <ele>710.963530</ele>
        <time>2025-06-13T15:27:49.342Z</time>
      </trkpt>
      <trkpt lat="50.618848" lon="13.469349">
        <ele>710.681206</ele>
        <time>2025-06-13T15:27:50.802Z</time>
      </trkpt>
      <trkpt lat="50.618168" lon="13.468874">
        <ele>709.477650</ele>
        <time>2025-06-13T15:27:58.981Z</time>
      </trkpt>
      <trkpt lat="50.617225" lon="13.467680">
        <ele>707.885663</ele>
        <time>2025-06-13T15:28:12.476Z</time>
      </trkpt>
      <trkpt lat="50.617007" lon="13.467370">
        <ele>708.355458</ele>
        <time>2025-06-13T15:28:16.698Z</time>
      </trkpt>
      <trkpt lat="50.616594" lon="13.466925">
        <ele>709.155931</ele>
        <time>2025-06-13T15:28:25.501Z</time>
      </trkpt>
      <trkpt lat="50.615000" lon="13.465454">
        <ele>712.034831</ele>
        <time>2025-06-13T15:29:06.739Z</time>
      </trkpt>
      <trkpt lat="50.613826" lon="13.464287">
        <ele>712.905476</ele>
        <time>2025-06-13T15:29:25.258Z</time>
      </trkpt>
      <trkpt lat="50.613642" lon="13.464113">
        <ele>712.725652</ele>
        <time>2025-06-13T15:29:27.715Z</time>
      </trkpt>
      <trkpt lat="50.613558" lon="13.464112">
        <ele>712.655257</ele>
        <time>2025-06-13T15:29:28.685Z</time>
      </trkpt>
      <trkpt lat="50.613431" lon="13.464110">
        <ele>712.548825</ele>
        <time>2025-06-13T15:29:30.126Z</time>
      </trkpt>
      <trkpt lat="50.613369" lon="13.464105">
        <ele>712.496800</ele>
        <time>2025-06-13T15:29:30.838Z</time>
      </trkpt>
      <trkpt lat="50.612813" lon="13.464004">
        <ele>712.027782</ele>
        <time>2025-06-13T15:29:37.210Z</time>
      </trkpt>
      <trkpt lat="50.612653" lon="13.463935">
        <ele>711.888770</ele>
        <time>2025-06-13T15:29:39.116Z</time>
      </trkpt>
      <trkpt lat="50.612488" lon="13.463816">
        <ele>711.748358</ele>
        <time>2025-06-13T15:29:41.311Z</time>
      </trkpt>
      <trkpt lat="50.612216" lon="13.463533">
        <ele>711.506639</ele>
        <time>2025-06-13T15:29:45.546Z</time>
      </trkpt>
      <trkpt lat="50.611900" lon="13.463187">
        <ele>711.221272</ele>
        <time>2025-06-13T15:29:50.834Z</time>
      </trkpt>
      <trkpt lat="50.610959" lon="13.462609">
        <ele>710.249438</ele>
        <time>2025-06-13T15:30:03.706Z</time>
      </trkpt>
      <trkpt lat="50.610700" lon="13.462482">
        <ele>708.640055</ele>
        <time>2025-06-13T15:30:06.611Z</time>
      </trkpt>
      <trkpt lat="50.610247" lon="13.462367">
        <ele>705.917650</ele>
        <time>2025-06-13T15:30:11.107Z</time>
      </trkpt>
      <trkpt lat="50.608556" lon="13.462140">
        <ele>693.309584</ele>
        <time>2025-06-13T15:30:25.941Z</time>
      </trkpt>
      <trkpt lat="50.607785" lon="13.462363">
        <ele>685.695109</ele>
        <time>2025-06-13T15:30:32.598Z</time>
      </trkpt>
      <trkpt lat="50.607473" lon="13.462365">
        <ele>682.664373</ele>
        <time>2025-06-13T15:30:35.218Z</time>
      </trkpt>
      <trkpt lat="50.607290" lon="13.462327">
        <ele>680.742322</ele>
        <time>2025-06-13T15:30:36.753Z</time>
      </trkpt>
      <trkpt lat="50.606307" lon="13.462304">
        <ele>670.365047</ele>
        <time>2025-06-13T15:30:45.038Z</time>
      </trkpt>
      <trkpt lat="50.606220" lon="13.462302">
        <ele>669.446614</ele>
        <time>2025-06-13T15:30:45.768Z</time>
      </trkpt>
      <trkpt lat="50.605858" lon="13.462300">
        <ele>665.625473</ele>
        <time>2025-06-13T15:30:48.844Z</time>
      </trkpt>
      <trkpt lat="50.605627" lon="13.462364">
        <ele>663.137678</ele>
        <time>2025-06-13T15:30:50.846Z</time>
      </trkpt>
      <trkpt lat="50.605230" lon="13.462657">
        <ele>658.262598</ele>
        <time>2025-06-13T15:30:54.597Z</time>
      </trkpt>
      <trkpt lat="50.605070" lon="13.462727">
        <ele>656.416027</ele>
        <time>2025-06-13T15:30:56.016Z</time>
      </trkpt>
      <trkpt lat="50.604980" lon="13.462738">
        <ele>655.412189</ele>
        <time>2025-06-13T15:30:56.786Z</time>
      </trkpt>
      <trkpt lat="50.604589" lon="13.462753">
        <ele>651.062844</ele>
        <time>2025-06-13T15:31:00.068Z</time>
      </trkpt>
      <trkpt lat="50.604466" lon="13.462763">
        <ele>649.693221</ele>
        <time>2025-06-13T15:31:01.088Z</time>
      </trkpt>
      <trkpt lat="50.604355" lon="13.462827">
        <ele>648.378812</ele>
        <time>2025-06-13T15:31:02.063Z</time>
      </trkpt>
      <trkpt lat="50.604294" lon="13.462909">
        <ele>647.487137</ele>
        <time>2025-06-13T15:31:02.726Z</time>
      </trkpt>
      <trkpt lat="50.604259" lon="13.463067">
        <ele>646.306035</ele>
        <time>2025-06-13T15:31:03.606Z</time>
      </trkpt>
      <trkpt lat="50.604179" lon="13.463139">
        <ele>645.281503</ele>
        <time>2025-06-13T15:31:10.008Z</time>
      </trkpt>
      <trkpt lat="50.603780" lon="13.463501">
        <ele>640.709022</ele>
        <time>2025-06-13T15:31:13.801Z</time>
      </trkpt>
      <trkpt lat="50.603548" lon="13.463923">
        <ele>637.440344</ele>
        <time>2025-06-13T15:31:16.739Z</time>
      </trkpt>
      <trkpt lat="50.603474" lon="13.463973">
        <ele>636.697604</ele>
        <time>2025-06-13T15:31:17.415Z</time>
      </trkpt>
      <trkpt lat="50.603084" lon="13.463820">
        <ele>632.990172</ele>
        <time>2025-06-13T15:31:20.809Z</time>
      </trkpt>
      <trkpt lat="50.602881" lon="13.463791">
        <ele>631.109900</ele>
        <time>2025-06-13T15:31:22.571Z</time>
      </trkpt>
      <trkpt lat="50.602643" lon="13.463699">
        <ele>628.849338</ele>
        <time>2025-06-13T15:31:24.794Z</time>
      </trkpt>
      <trkpt lat="50.602447" lon="13.463582">
        <ele>626.915902</ele>
        <time>2025-06-13T15:31:26.828Z</time>
      </trkpt>
      <trkpt lat="50.602303" lon="13.463503">
        <ele>626.901101</ele>
        <time>2025-06-13T15:31:28.435Z</time>
      </trkpt>
      <trkpt lat="50.602223" lon="13.463469">
        <ele>626.972857</ele>
        <time>2025-06-13T15:31:29.332Z</time>
      </trkpt>
      <trkpt lat="50.602070" lon="13.463411">
        <ele>627.109135</ele>
        <time>2025-06-13T15:31:31.104Z</time>
      </trkpt>
      <trkpt lat="50.602020" lon="13.463399">
        <ele>627.152934</ele>
        <time>2025-06-13T15:31:31.689Z</time>
      </trkpt>
      <trkpt lat="50.601954" lon="13.463387">
        <ele>627.210469</ele>
        <time>2025-06-13T15:31:32.500Z</time>
      </trkpt>
      <trkpt lat="50.601842" lon="13.463373">
        <ele>627.307765</ele>
        <time>2025-06-13T15:31:33.910Z</time>
      </trkpt>
      <trkpt lat="50.601742" lon="13.463376">
        <ele>627.394380</ele>
        <time>2025-06-13T15:31:35.211Z</time>
      </trkpt>
      <trkpt lat="50.601549" lon="13.463451">
        <ele>627.566526</ele>
        <time>2025-06-13T15:31:38.333Z</time>
      </trkpt>
      <trkpt lat="50.601360" lon="13.463492">
        <ele>627.731743</ele>
        <time>2025-06-13T15:31:42.193Z</time>
      </trkpt>
      <trkpt lat="50.601304" lon="13.463521">
        <ele>627.782791</ele>
        <time>2025-06-13T15:31:43.502Z</time>
      </trkpt>
      <trkpt lat="50.601127" lon="13.463807">
        <ele>628.002354</ele>
        <time>2025-06-13T15:31:50.097Z</time>
      </trkpt>
      <trkpt lat="50.601304" lon="13.463521">
        <ele>628.221916</ele>
        <time>2025-06-13T15:31:57.301Z</time>
      </trkpt>
      <trkpt lat="50.601310" lon="13.463322">
        <ele>628.331421</ele>
        <time>2025-06-13T15:32:00.845Z</time>
      </trkpt>
      <trkpt lat="50.601256" lon="13.463000">
        <ele>629.426396</ele>
        <time>2025-06-13T15:32:06.503Z</time>
      </trkpt>
      <trkpt lat="50.601300" lon="13.462663">
        <ele>630.599763</ele>
        <time>2025-06-13T15:32:12.138Z</time>
      </trkpt>
      <trkpt lat="50.601338" lon="13.462126">
        <ele>632.442490</ele>
        <time>2025-06-13T15:32:21.490Z</time>
      </trkpt>
      <trkpt lat="50.601425" lon="13.461907">
        <ele>633.323593</ele>
        <time>2025-06-13T15:32:27.891Z</time>
      </trkpt>
      <trkpt lat="50.601642" lon="13.461620">
        <ele>634.845922</ele>
        <time>2025-06-13T15:32:39.529Z</time>
      </trkpt>
      <trkpt lat="50.601887" lon="13.461209">
        <ele>636.768835</ele>
        <time>2025-06-13T15:32:54.274Z</time>
      </trkpt>
      <trkpt lat="50.602045" lon="13.460860">
        <ele>638.278160</ele>
        <time>2025-06-13T15:33:05.200Z</time>
      </trkpt>
      <trkpt lat="50.602385" lon="13.460120">
        <ele>642.043188</ele>
        <time>2025-06-13T15:33:28.042Z</time>
      </trkpt>
      <trkpt lat="50.602692" lon="13.459538">
        <ele>645.162041</ele>
        <time>2025-06-13T15:33:50.146Z</time>
      </trkpt>
      <trkpt lat="50.603020" lon="13.458668">
        <ele>649.332433</ele>
        <time>2025-06-13T15:34:18.374Z</time>
      </trkpt>
      <trkpt lat="50.603075" lon="13.458472">
        <ele>649.825412</ele>
        <time>2025-06-13T15:34:22.424Z</time>
      </trkpt>
      <trkpt lat="50.603157" lon="13.457987">
        <ele>650.378829</ele>
        <time>2025-06-13T15:34:30.791Z</time>
      </trkpt>
      <trkpt lat="50.603365" lon="13.457113">
        <ele>651.408030</ele>
        <time>2025-06-13T15:34:48.829Z</time>
      </trkpt>
      <trkpt lat="50.603636" lon="13.455216">
        <ele>653.014521</ele>
        <time>2025-06-13T15:35:13.935Z</time>
      </trkpt>
      <trkpt lat="50.603723" lon="13.454153">
        <ele>653.343044</ele>
        <time>2025-06-13T15:35:28.750Z</time>
      </trkpt>
      <trkpt lat="50.603805" lon="13.451906">
        <ele>655.488166</ele>
        <time>2025-06-13T15:36:10.537Z</time>
      </trkpt>
      <trkpt lat="50.603946" lon="13.450591">
        <ele>657.564647</ele>
        <time>2025-06-13T15:36:35.929Z</time>
      </trkpt>
      <trkpt lat="50.604068" lon="13.450001">
        <ele>658.546478</ele>
        <time>2025-06-13T15:36:47.424Z</time>
      </trkpt>
      <trkpt lat="50.604865" lon="13.447010">
        <ele>663.731746</ele>
        <time>2025-06-13T15:37:49.024Z</time>
      </trkpt>
      <trkpt lat="50.604950" lon="13.446643">
        <ele>664.336509</ele>
        <time>2025-06-13T15:37:56.491Z</time>
      </trkpt>
      <trkpt lat="50.605010" lon="13.446202">
        <ele>665.034686</ele>
        <time>2025-06-13T15:38:05.060Z</time>
      </trkpt>
      <trkpt lat="50.605269" lon="13.445175">
        <ele>666.745388</ele>
        <time>2025-06-13T15:38:25.797Z</time>
      </trkpt>
      <trkpt lat="50.606330" lon="13.442574">
        <ele>671.554613</ele>
        <time>2025-06-13T15:39:22.372Z</time>
      </trkpt>
      <trkpt lat="50.606669" lon="13.441811">
        <ele>674.466056</ele>
        <time>2025-06-13T15:39:36.190Z</time>
      </trkpt>
      <trkpt lat="50.606853" lon="13.441457">
        <ele>675.896380</ele>
        <time>2025-06-13T15:39:44.651Z</time>
      </trkpt>
      <trkpt lat="50.606903" lon="13.441270">
        <ele>676.530679</ele>
        <time>2025-06-13T15:39:48.748Z</time>
      </trkpt>
      <trkpt lat="50.606891" lon="13.441177">
        <ele>676.827332</ele>
        <time>2025-06-13T15:39:50.767Z</time>
      </trkpt>
      <trkpt lat="50.606798" lon="13.440512">
        <ele>678.955912</ele>
        <time>2025-06-13T15:40:05.119Z</time>
      </trkpt>
      <trkpt lat="50.606711" lon="13.440268">
        <ele>679.830760</ele>
        <time>2025-06-13T15:40:10.992Z</time>
      </trkpt>
      <trkpt lat="50.606480" lon="13.439887">
        <ele>681.137779</ele>
        <time>2025-06-13T15:40:22.025Z</time>
      </trkpt>
      <trkpt lat="50.606432" lon="13.439766">
        <ele>681.463999</ele>
        <time>2025-06-13T15:40:25.024Z</time>
      </trkpt>
      <trkpt lat="50.606385" lon="13.439640">
        <ele>681.798127</ele>
        <time>2025-06-13T15:40:28.107Z</time>
      </trkpt>
      <trkpt lat="50.606322" lon="13.439328">
        <ele>682.546644</ele>
        <time>2025-06-13T15:40:34.650Z</time>
      </trkpt>
      <trkpt lat="50.606189" lon="13.437893">
        <ele>685.862099</ele>
        <time>2025-06-13T15:40:58.629Z</time>
      </trkpt>
      <trkpt lat="50.606142" lon="13.437710">
        <ele>686.313429</ele>
        <time>2025-06-13T15:41:00.592Z</time>
      </trkpt>
      <trkpt lat="50.606018" lon="13.437516">
        <ele>685.980771</ele>
        <time>2025-06-13T15:41:02.671Z</time>
      </trkpt>
      <trkpt lat="50.605904" lon="13.437406">
        <ele>684.622074</ele>
        <time>2025-06-13T15:41:04.089Z</time>
      </trkpt>
      <trkpt lat="50.605961" lon="13.437178">
        <ele>683.041346</ele>
        <time>2025-06-13T15:41:05.615Z</time>
      </trkpt>
      <trkpt lat="50.605950" lon="13.437051">
        <ele>682.214527</ele>
        <time>2025-06-13T15:41:06.376Z</time>
      </trkpt>
      <trkpt lat="50.605911" lon="13.436940">
        <ele>681.396110</ele>
        <time>2025-06-13T15:41:07.116Z</time>
      </trkpt>
      <trkpt lat="50.605835" lon="13.436805">
        <ele>680.232045</ele>
        <time>2025-06-13T15:41:08.140Z</time>
      </trkpt>
      <trkpt lat="50.605715" lon="13.436395">
        <ele>677.319603</ele>
        <time>2025-06-13T15:41:10.555Z</time>
      </trkpt>
      <trkpt lat="50.605693" lon="13.436211">
        <ele>676.111809</ele>
        <time>2025-06-13T15:41:11.529Z</time>
      </trkpt>
      <trkpt lat="50.605694" lon="13.435443">
        <ele>671.157722</ele>
        <time>2025-06-13T15:41:15.481Z</time>
      </trkpt>
      <trkpt lat="50.605697" lon="13.435187">
        <ele>669.506082</ele>
        <time>2025-06-13T15:41:16.778Z</time>
      </trkpt>
      <trkpt lat="50.605615" lon="13.434988">
        <ele>667.737476</ele>
        <time>2025-06-13T15:41:17.975Z</time>
      </trkpt>
      <trkpt lat="50.605525" lon="13.434944">
        <ele>666.254431</ele>
        <time>2025-06-13T15:41:18.711Z</time>
      </trkpt>
      <trkpt lat="50.604990" lon="13.434945">
        <ele>657.834527</ele>
        <time>2025-06-13T15:41:22.941Z</time>
      </trkpt>
      <trkpt lat="50.604340" lon="13.435073">
        <ele>647.525159</ele>
        <time>2025-06-13T15:41:28.171Z</time>
      </trkpt>
      <trkpt lat="50.603679" lon="13.435343">
        <ele>638.411074</ele>
        <time>2025-06-13T15:41:33.791Z</time>
      </trkpt>
      <trkpt lat="50.603480" lon="13.435510">
        <ele>636.605552</ele>
        <time>2025-06-13T15:41:35.679Z</time>
      </trkpt>
      <trkpt lat="50.603196" lon="13.435819">
        <ele>633.841735</ele>
        <time>2025-06-13T15:41:38.618Z</time>
      </trkpt>
      <trkpt lat="50.603059" lon="13.435934">
        <ele>632.598663</ele>
        <time>2025-06-13T15:41:39.964Z</time>
      </trkpt>
      <trkpt lat="50.602934" lon="13.435987">
        <ele>631.562060</ele>
        <time>2025-06-13T15:41:41.094Z</time>
      </trkpt>
      <trkpt lat="50.601996" lon="13.436270">
        <ele>626.630463</ele>
        <time>2025-06-13T15:41:50.351Z</time>
      </trkpt>
      <trkpt lat="50.601797" lon="13.436291">
        <ele>627.463903</ele>
        <time>2025-06-13T15:41:52.675Z</time>
      </trkpt>
      <trkpt lat="50.601622" lon="13.436267">
        <ele>628.197954</ele>
        <time>2025-06-13T15:41:55.090Z</time>
      </trkpt>
      <trkpt lat="50.601530" lon="13.436218">
        <ele>628.603775</ele>
        <time>2025-06-13T15:41:56.875Z</time>
      </trkpt>
      <trkpt lat="50.601394" lon="13.436058">
        <ele>629.313049</ele>
        <time>2025-06-13T15:42:00.798Z</time>
      </trkpt>
      <trkpt lat="50.601147" lon="13.435720">
        <ele>630.680176</ele>
        <time>2025-06-13T15:42:10.664Z</time>
      </trkpt>
      <trkpt lat="50.601005" lon="13.435866">
        <ele>631.388740</ele>
        <time>2025-06-13T15:42:17.021Z</time>
      </trkpt>
      <trkpt lat="50.600994" lon="13.435715">
        <ele>631.791873</ele>
        <time>2025-06-13T15:42:21.882Z</time>
      </trkpt>
      <trkpt lat="50.600937" lon="13.435417">
        <ele>632.617381</ele>
        <time>2025-06-13T15:42:32.648Z</time>
      </trkpt>
      <trkpt lat="50.600846" lon="13.435229">
        <ele>633.309840</ele>
        <time>2025-06-13T15:42:41.340Z</time>
      </trkpt>
      <trkpt lat="50.600641" lon="13.435098">
        <ele>636.296580</ele>
        <time>2025-06-13T15:42:54.600Z</time>
      </trkpt>
      <trkpt lat="50.599997" lon="13.434858">
        <ele>645.231272</ele>
        <time>2025-06-13T15:43:36.653Z</time>
      </trkpt>
      <trkpt lat="50.599681" lon="13.434639">
        <ele>649.892183</ele>
        <time>2025-06-13T15:43:59.787Z</time>
      </trkpt>
      <trkpt lat="50.599418" lon="13.434502">
        <ele>653.632053</ele>
        <time>2025-06-13T15:44:17.991Z</time>
      </trkpt>
      <trkpt lat="50.599165" lon="13.434578">
        <ele>657.109387</ele>
        <time>2025-06-13T15:44:34.957Z</time>
      </trkpt>
      <trkpt lat="50.599019" lon="13.434572">
        <ele>659.109339</ele>
        <time>2025-06-13T15:44:44.434Z</time>
      </trkpt>
      <trkpt lat="50.598500" lon="13.434130">
        <ele>667.216249</ele>
        <time>2025-06-13T15:45:21.936Z</time>
      </trkpt>
      <trkpt lat="50.598235" lon="13.433958">
        <ele>671.154554</ele>
        <time>2025-06-13T15:45:39.993Z</time>
      </trkpt>
      <trkpt lat="50.597576" lon="13.433288">
        <ele>681.931867</ele>
        <time>2025-06-13T15:46:28.874Z</time>
      </trkpt>
      <trkpt lat="50.596975" lon="13.432606">
        <ele>693.656724</ele>
        <time>2025-06-13T15:47:16.865Z</time>
      </trkpt>
      <trkpt lat="50.595743" lon="13.430961">
        <ele>719.597479</ele>
        <time>2025-06-13T15:49:16.665Z</time>
      </trkpt>
      <trkpt lat="50.595524" lon="13.430653">
        <ele>724.415195</ele>
        <time>2025-06-13T15:49:39.146Z</time>
      </trkpt>
      <trkpt lat="50.594838" lon="13.429689">
        <ele>739.500923</ele>
        <time>2025-06-13T15:50:44.829Z</time>
      </trkpt>
      <trkpt lat="50.593923" lon="13.429199">
        <ele>751.055876</ele>
        <time>2025-06-13T15:51:44.627Z</time>
      </trkpt>
      <trkpt lat="50.593905" lon="13.429351">
        <ele>752.205964</ele>
        <time>2025-06-13T15:51:49.226Z</time>
      </trkpt>
      <trkpt lat="50.593132" lon="13.429142">
        <ele>761.391625</ele>
        <time>2025-06-13T15:52:22.728Z</time>
      </trkpt>
      <trkpt lat="50.592911" lon="13.429051">
        <ele>763.103989</ele>
        <time>2025-06-13T15:52:31.605Z</time>
      </trkpt>
      <trkpt lat="50.592622" lon="13.428751">
        <ele>765.698554</ele>
        <time>2025-06-13T15:52:44.720Z</time>
      </trkpt>
      <trkpt lat="50.591185" lon="13.426985">
        <ele>778.829160</ele>
        <time>2025-06-13T15:53:46.316Z</time>
      </trkpt>
      <trkpt lat="50.590971" lon="13.426736">
        <ele>780.587328</ele>
        <time>2025-06-13T15:53:54.967Z</time>
      </trkpt>
      <trkpt lat="50.590386" lon="13.425769">
        <ele>786.191190</ele>
        <time>2025-06-13T15:54:22.439Z</time>
      </trkpt>
      <trkpt lat="50.590341" lon="13.425638">
        <ele>786.824003</ele>
        <time>2025-06-13T15:54:25.549Z</time>
      </trkpt>
      <trkpt lat="50.590270" lon="13.425083">
        <ele>789.501907</ele>
        <time>2025-06-13T15:54:38.130Z</time>
      </trkpt>
      <trkpt lat="50.590207" lon="13.424825">
        <ele>790.809399</ele>
        <time>2025-06-13T15:54:44.415Z</time>
      </trkpt>
      <trkpt lat="50.589968" lon="13.424235">
        <ele>794.119795</ele>
        <time>2025-06-13T15:55:00.473Z</time>
      </trkpt>
      <trkpt lat="50.589693" lon="13.422953">
        <ele>800.548213</ele>
        <time>2025-06-13T15:55:31.755Z</time>
      </trkpt>
      <trkpt lat="50.589636" lon="13.422522">
        <ele>802.788476</ele>
        <time>2025-06-13T15:55:42.047Z</time>
      </trkpt>
      <trkpt lat="50.589666" lon="13.422037">
        <ele>805.268130</ele>
        <time>2025-06-13T15:55:53.413Z</time>
      </trkpt>
      <trkpt lat="50.589732" lon="13.421781">
        <ele>806.674123</ele>
        <time>2025-06-13T15:55:59.900Z</time>
      </trkpt>
      <trkpt lat="50.590075" lon="13.420832">
        <ele>812.230907</ele>
        <time>2025-06-13T15:56:25.852Z</time>
      </trkpt>
      <trkpt lat="50.590102" lon="13.420658">
        <ele>813.142378</ele>
        <time>2025-06-13T15:56:30.191Z</time>
      </trkpt>
      <trkpt lat="50.590110" lon="13.420474">
        <ele>814.080864</ele>
        <time>2025-06-13T15:56:34.702Z</time>
      </trkpt>
      <trkpt lat="50.590012" lon="13.420054">
        <ele>816.492977</ele>
        <time>2025-06-13T15:56:45.713Z</time>
      </trkpt>
      <trkpt lat="50.589782" lon="13.419687">
        <ele>819.315573</ele>
        <time>2025-06-13T15:56:58.485Z</time>
      </trkpt>
      <trkpt lat="50.589622" lon="13.419587">
        <ele>820.799619</ele>
        <time>2025-06-13T15:57:05.258Z</time>
      </trkpt>
      <trkpt lat="50.589327" lon="13.419487">
        <ele>823.401160</ele>
        <time>2025-06-13T15:57:17.525Z</time>
      </trkpt>
      <trkpt lat="50.588776" lon="13.419408">
        <ele>828.171186</ele>
        <time>2025-06-13T15:57:40.928Z</time>
      </trkpt>
      <trkpt lat="50.588707" lon="13.419127">
        <ele>829.820290</ele>
        <time>2025-06-13T15:57:50.291Z</time>
      </trkpt>
      <trkpt lat="50.588658" lon="13.418719">
        <ele>830.763251</ele>
        <time>2025-06-13T15:58:02.253Z</time>
      </trkpt>
      <trkpt lat="50.588520" lon="13.418156">
        <ele>831.886825</ele>
        <time>2025-06-13T15:58:17.684Z</time>
      </trkpt>
      <trkpt lat="50.588411" lon="13.417831">
        <ele>832.571134</ele>
        <time>2025-06-13T15:58:25.958Z</time>
      </trkpt>
      <trkpt lat="50.588382" lon="13.417731">
        <ele>832.775813</ele>
        <time>2025-06-13T15:58:28.291Z</time>
      </trkpt>
      <trkpt lat="50.589397" lon="13.416428">
        <ele>834.436740</ele>
        <time>2025-06-13T15:58:56.248Z</time>
      </trkpt>
      <trkpt lat="50.589810" lon="13.416004">
        <ele>833.389302</ele>
        <time>2025-06-13T15:59:05.268Z</time>
      </trkpt>
      <trkpt lat="50.589929" lon="13.415947">
        <ele>833.125030</ele>
        <time>2025-06-13T15:59:07.550Z</time>
      </trkpt>
      <trkpt lat="50.590572" lon="13.415880">
        <ele>831.755859</ele>
        <time>2025-06-13T15:59:19.651Z</time>
      </trkpt>
      <trkpt lat="50.591169" lon="13.415688">
        <ele>831.375943</ele>
        <time>2025-06-13T15:59:31.695Z</time>
      </trkpt>
      <trkpt lat="50.591886" lon="13.415528">
        <ele>831.153452</ele>
        <time>2025-06-13T15:59:47.601Z</time>
      </trkpt>
      <trkpt lat="50.592191" lon="13.415350">
        <ele>831.053518</ele>
        <time>2025-06-13T15:59:55.960Z</time>
      </trkpt>
      <trkpt lat="50.592603" lon="13.415174">
        <ele>830.916202</ele>
        <time>2025-06-13T16:00:07.296Z</time>
      </trkpt>
      <trkpt lat="50.593086" lon="13.415062">
        <ele>830.749580</ele>
        <time>2025-06-13T16:00:19.635Z</time>
      </trkpt>
      <trkpt lat="50.593302" lon="13.414953">
        <ele>830.672171</ele>
        <time>2025-06-13T16:00:25.016Z</time>
      </trkpt>
      <trkpt lat="50.592974" lon="13.413769">
        <ele>830.392283</ele>
        <time>2025-06-13T16:00:42.001Z</time>
      </trkpt>
      <trkpt lat="50.592846" lon="13.413525">
        <ele>829.951151</ele>
        <time>2025-06-13T16:00:45.807Z</time>
      </trkpt>
      <trkpt lat="50.592692" lon="13.412929">
        <ele>828.525709</ele>
        <time>2025-06-13T16:00:53.266Z</time>
      </trkpt>
      <trkpt lat="50.592564" lon="13.412600">
        <ele>827.670923</ele>
        <time>2025-06-13T16:00:57.677Z</time>
      </trkpt>
      <trkpt lat="50.592534" lon="13.412360">
        <ele>827.129060</ele>
        <time>2025-06-13T16:01:00.459Z</time>
      </trkpt>
      <trkpt lat="50.592540" lon="13.411772">
        <ele>825.826338</ele>
        <time>2025-06-13T16:01:07.106Z</time>
      </trkpt>
      <trkpt lat="50.592493" lon="13.411347">
        <ele>824.870689</ele>
        <time>2025-06-13T16:01:11.981Z</time>
      </trkpt>
      <trkpt lat="50.592393" lon="13.410873">
        <ele>823.768456</ele>
        <time>2025-06-13T16:01:17.669Z</time>
      </trkpt>
      <trkpt lat="50.592259" lon="13.410701">
        <ele>823.173208</ele>
        <time>2025-06-13T16:01:20.779Z</time>
      </trkpt>
      <trkpt lat="50.592179" lon="13.410645">
        <ele>822.871740</ele>
        <time>2025-06-13T16:01:22.363Z</time>
      </trkpt>
      <trkpt lat="50.591750" lon="13.410513">
        <ele>821.366501</ele>
        <time>2025-06-13T16:01:30.347Z</time>
      </trkpt>
      <trkpt lat="50.591621" lon="13.410418">
        <ele>820.876122</ele>
        <time>2025-06-13T16:01:32.978Z</time>
      </trkpt>
      <trkpt lat="50.591532" lon="13.410198">
        <ele>820.305813</ele>
        <time>2025-06-13T16:01:36.045Z</time>
      </trkpt>
      <trkpt lat="50.591474" lon="13.409847">
        <ele>819.512898</ele>
        <time>2025-06-13T16:01:40.311Z</time>
      </trkpt>
      <trkpt lat="50.591467" lon="13.409494">
        <ele>818.740802</ele>
        <time>2025-06-13T16:01:44.462Z</time>
      </trkpt>
      <trkpt lat="50.591375" lon="13.409139">
        <ele>817.902535</ele>
        <time>2025-06-13T16:01:48.943Z</time>
      </trkpt>
      <trkpt lat="50.591397" lon="13.408756">
        <ele>816.781885</ele>
        <time>2025-06-13T16:01:53.429Z</time>
      </trkpt>
      <trkpt lat="50.591451" lon="13.408439">
        <ele>815.822968</ele>
        <time>2025-06-13T16:01:57.219Z</time>
      </trkpt>
      <trkpt lat="50.591436" lon="13.408246">
        <ele>815.254885</ele>
        <time>2025-06-13T16:01:59.434Z</time>
      </trkpt>
      <trkpt lat="50.591212" lon="13.406979">
        <ele>811.412319</ele>
        <time>2025-06-13T16:02:14.028Z</time>
      </trkpt>
      <trkpt lat="50.590076" lon="13.400241">
        <ele>787.176883</ele>
        <time>2025-06-13T16:03:28.177Z</time>
      </trkpt>
      <trkpt lat="50.590020" lon="13.400090">
        <ele>786.963049</ele>
        <time>2025-06-13T16:03:30.248Z</time>
      </trkpt>
      <trkpt lat="50.589974" lon="13.400030">
        <ele>786.848017</ele>
        <time>2025-06-13T16:03:31.364Z</time>
      </trkpt>
      <trkpt lat="50.589914" lon="13.400011">
        <ele>786.730142</ele>
        <time>2025-06-13T16:03:32.531Z</time>
      </trkpt>
      <trkpt lat="50.588128" lon="13.399946">
        <ele>783.965851</ele>
        <time>2025-06-13T16:03:56.742Z</time>
      </trkpt>
      <trkpt lat="50.587547" lon="13.399632">
        <ele>783.414161</ele>
        <time>2025-06-13T16:04:04.634Z</time>
      </trkpt>
      <trkpt lat="50.587185" lon="13.399537">
        <ele>783.084548</ele>
        <time>2025-06-13T16:04:08.790Z</time>
      </trkpt>
      <trkpt lat="50.586822" lon="13.398773">
        <ele>780.936437</ele>
        <time>2025-06-13T16:04:15.043Z</time>
      </trkpt>
      <trkpt lat="50.586412" lon="13.397914">
        <ele>777.873313</ele>
        <time>2025-06-13T16:04:21.480Z</time>
      </trkpt>
      <trkpt lat="50.585577" lon="13.396101">
        <ele>770.193740</ele>
        <time>2025-06-13T16:04:34.913Z</time>
      </trkpt>
      <trkpt lat="50.585201" lon="13.395288">
        <ele>766.227195</ele>
        <time>2025-06-13T16:04:40.886Z</time>
      </trkpt>
      <trkpt lat="50.584890" lon="13.394802">
        <ele>763.363073</ele>
        <time>2025-06-13T16:04:44.852Z</time>
      </trkpt>
      <trkpt lat="50.584046" lon="13.393947">
        <ele>752.420286</ele>
        <time>2025-06-13T16:04:53.309Z</time>
      </trkpt>
      <trkpt lat="50.583379" lon="13.393254">
        <ele>743.733306</ele>
        <time>2025-06-13T16:04:59.893Z</time>
      </trkpt>
      <trkpt lat="50.583249" lon="13.393068">
        <ele>741.952786</ele>
        <time>2025-06-13T16:05:01.350Z</time>
      </trkpt>
      <trkpt lat="50.583136" lon="13.392900">
        <ele>740.377445</ele>
        <time>2025-06-13T16:05:02.645Z</time>
      </trkpt>
      <trkpt lat="50.582998" lon="13.392468">
        <ele>737.264610</ele>
        <time>2025-06-13T16:05:05.210Z</time>
      </trkpt>
      <trkpt lat="50.582898" lon="13.391821">
        <ele>732.978299</ele>
        <time>2025-06-13T16:05:08.814Z</time>
      </trkpt>
      <trkpt lat="50.582890" lon="13.391600">
        <ele>731.553423</ele>
        <time>2025-06-13T16:05:10.033Z</time>
      </trkpt>
      <trkpt lat="50.582951" lon="13.390896">
        <ele>726.979811</ele>
        <time>2025-06-13T16:05:13.984Z</time>
      </trkpt>
      <trkpt lat="50.583112" lon="13.389901">
        <ele>722.792748</ele>
        <time>2025-06-13T16:05:19.650Z</time>
      </trkpt>
      <trkpt lat="50.583273" lon="13.388684">
        <ele>718.329375</ele>
        <time>2025-06-13T16:05:26.832Z</time>
      </trkpt>
      <trkpt lat="50.583328" lon="13.387911">
        <ele>715.754728</ele>
        <time>2025-06-13T16:05:32.038Z</time>
      </trkpt>
      <trkpt lat="50.583358" lon="13.387106">
        <ele>717.337715</ele>
        <time>2025-06-13T16:05:39.930Z</time>
      </trkpt>
      <trkpt lat="50.583337" lon="13.386081">
        <ele>719.350904</ele>
        <time>2025-06-13T16:05:56.265Z</time>
      </trkpt>
      <trkpt lat="50.583337" lon="13.383554">
        <ele>727.580122</ele>
        <time>2025-06-13T16:06:46.965Z</time>
      </trkpt>
      <trkpt lat="50.583387" lon="13.383209">
        <ele>729.013642</ele>
        <time>2025-06-13T16:06:54.354Z</time>
      </trkpt>
      <trkpt lat="50.585090" lon="13.374491">
        <ele>768.676529</ele>
        <time>2025-06-13T16:10:11.788Z</time>
      </trkpt>
      <trkpt lat="50.585262" lon="13.373656">
        <ele>772.381786</ele>
        <time>2025-06-13T16:10:30.715Z</time>
      </trkpt>
      <trkpt lat="50.585304" lon="13.373251">
        <ele>774.082402</ele>
        <time>2025-06-13T16:10:39.460Z</time>
      </trkpt>
      <trkpt lat="50.585287" lon="13.372900">
        <ele>775.541220</ele>
        <time>2025-06-13T16:10:46.915Z</time>
      </trkpt>
      <trkpt lat="50.585023" lon="13.370850">
        <ele>784.116087</ele>
        <time>2025-06-13T16:11:29.673Z</time>
      </trkpt>
      <trkpt lat="50.584731" lon="13.368667">
        <ele>793.018575</ele>
        <time>2025-06-13T16:12:15.155Z</time>
      </trkpt>
      <trkpt lat="50.584039" lon="13.363460">
        <ele>812.084478</ele>
        <time>2025-06-13T16:14:04.846Z</time>
      </trkpt>
      <trkpt lat="50.584194" lon="13.363365">
        <ele>812.889429</ele>
        <time>2025-06-13T16:14:09.287Z</time>
      </trkpt>
      <trkpt lat="50.584039" lon="13.363460">
        <ele>812.777009</ele>
        <time>2025-06-13T16:14:13.290Z</time>
      </trkpt>
      <trkpt lat="50.583295" lon="13.357842">
        <ele>800.259629</ele>
        <time>2025-06-13T16:14:49.072Z</time>
      </trkpt>
      <trkpt lat="50.583253" lon="13.357393">
        <ele>799.885332</ele>
        <time>2025-06-13T16:14:52.004Z</time>
      </trkpt>
      <trkpt lat="50.583265" lon="13.356894">
        <ele>799.473501</ele>
        <time>2025-06-13T16:14:55.353Z</time>
      </trkpt>
      <trkpt lat="50.584042" lon="13.352736">
        <ele>798.882091</ele>
        <time>2025-06-13T16:15:34.614Z</time>
      </trkpt>
      <trkpt lat="50.584064" lon="13.352536">
        <ele>798.875506</ele>
        <time>2025-06-13T16:15:36.908Z</time>
      </trkpt>
      <trkpt lat="50.584044" lon="13.352329">
        <ele>798.776775</ele>
        <time>2025-06-13T16:15:39.221Z</time>
      </trkpt>
      <trkpt lat="50.583826" lon="13.351508">
        <ele>798.357159</ele>
        <time>2025-06-13T16:15:48.392Z</time>
      </trkpt>
      <trkpt lat="50.582440" lon="13.347214">
        <ele>792.536141</ele>
        <time>2025-06-13T16:16:22.256Z</time>
      </trkpt>
      <trkpt lat="50.581545" lon="13.344377">
        <ele>783.172314</ele>
        <time>2025-06-13T16:16:40.926Z</time>
      </trkpt>
      <trkpt lat="50.581392" lon="13.344125">
        <ele>782.433497</ele>
        <time>2025-06-13T16:16:43.064Z</time>
      </trkpt>
      <trkpt lat="50.580564" lon="13.342968">
        <ele>778.739421</ele>
        <time>2025-06-13T16:16:54.900Z</time>
      </trkpt>
      <trkpt lat="50.580509" lon="13.342873">
        <ele>778.555616</ele>
        <time>2025-06-13T16:16:55.908Z</time>
      </trkpt>
      <trkpt lat="50.579878" lon="13.341796">
        <ele>777.708981</ele>
        <time>2025-06-13T16:17:07.226Z</time>
      </trkpt>
      <trkpt lat="50.579440" lon="13.341190">
        <ele>777.178511</ele>
        <time>2025-06-13T16:17:14.589Z</time>
      </trkpt>
      <trkpt lat="50.579395" lon="13.341128">
        <ele>777.124109</ele>
        <time>2025-06-13T16:17:15.344Z</time>
      </trkpt>
      <trkpt lat="50.579239" lon="13.340848">
        <ele>776.797037</ele>
        <time>2025-06-13T16:17:18.331Z</time>
      </trkpt>
      <trkpt lat="50.579179" lon="13.340682">
        <ele>776.402523</ele>
        <time>2025-06-13T16:17:19.824Z</time>
      </trkpt>
      <trkpt lat="50.579114" lon="13.340441">
        <ele>775.861714</ele>
        <time>2025-06-13T16:17:21.786Z</time>
      </trkpt>
      <trkpt lat="50.579067" lon="13.340070">
        <ele>775.080335</ele>
        <time>2025-06-13T16:17:24.523Z</time>
      </trkpt>
      <trkpt lat="50.579066" lon="13.339978">
        <ele>774.890286</ele>
        <time>2025-06-13T16:17:25.170Z</time>
      </trkpt>
      <trkpt lat="50.579065" lon="13.339148">
        <ele>773.175964</ele>
        <time>2025-06-13T16:17:30.824Z</time>
      </trkpt>
      <trkpt lat="50.579024" lon="13.334061">
        <ele>753.716324</ele>
        <time>2025-06-13T16:18:00.525Z</time>
      </trkpt>
      <trkpt lat="50.579007" lon="13.331357">
        <ele>738.766297</ele>
        <time>2025-06-13T16:18:15.258Z</time>
      </trkpt>
      <trkpt lat="50.579005" lon="13.330958">
        <ele>736.313525</ele>
        <time>2025-06-13T16:18:17.435Z</time>
      </trkpt>
      <trkpt lat="50.579020" lon="13.330206">
        <ele>731.688623</ele>
        <time>2025-06-13T16:18:21.551Z</time>
      </trkpt>
      <trkpt lat="50.578995" lon="13.329220">
        <ele>725.122472</ele>
        <time>2025-06-13T16:18:26.867Z</time>
      </trkpt>
      <trkpt lat="50.579073" lon="13.328858">
        <ele>722.326066</ele>
        <time>2025-06-13T16:18:28.909Z</time>
      </trkpt>
      <trkpt lat="50.579188" lon="13.328547">
        <ele>719.693423</ele>
        <time>2025-06-13T16:18:30.818Z</time>
      </trkpt>
      <trkpt lat="50.579246" lon="13.328306">
        <ele>717.808095</ele>
        <time>2025-06-13T16:18:32.180Z</time>
      </trkpt>
      <trkpt lat="50.579229" lon="13.328073">
        <ele>716.092440</ele>
        <time>2025-06-13T16:18:33.417Z</time>
      </trkpt>
      <trkpt lat="50.579172" lon="13.327199">
        <ele>709.665321</ele>
        <time>2025-06-13T16:18:38.029Z</time>
      </trkpt>
      <trkpt lat="50.579080" lon="13.326366">
        <ele>703.440809</ele>
        <time>2025-06-13T16:18:42.470Z</time>
      </trkpt>
      <trkpt lat="50.579091" lon="13.326182">
        <ele>702.075701</ele>
        <time>2025-06-13T16:18:43.447Z</time>
      </trkpt>
      <trkpt lat="50.579130" lon="13.325982">
        <ele>700.530337</ele>
        <time>2025-06-13T16:18:44.556Z</time>
      </trkpt>
      <trkpt lat="50.579197" lon="13.325818">
        <ele>699.089927</ele>
        <time>2025-06-13T16:18:45.584Z</time>
      </trkpt>
      <trkpt lat="50.579569" lon="13.325093">
        <ele>692.205108</ele>
        <time>2025-06-13T16:18:50.490Z</time>
      </trkpt>
      <trkpt lat="50.579653" lon="13.324836">
        <ele>690.070121</ele>
        <time>2025-06-13T16:18:52.011Z</time>
      </trkpt>
      <trkpt lat="50.579808" lon="13.324099">
        <ele>685.458173</ele>
        <time>2025-06-13T16:18:56.170Z</time>
      </trkpt>
      <trkpt lat="50.579830" lon="13.323894">
        <ele>684.679230</ele>
        <time>2025-06-13T16:18:57.305Z</time>
      </trkpt>
      <trkpt lat="50.579823" lon="13.323697">
        <ele>683.939997</ele>
        <time>2025-06-13T16:18:58.399Z</time>
      </trkpt>
      <trkpt lat="50.579469" lon="13.323231">
        <ele>681.217744</ele>
        <time>2025-06-13T16:19:02.554Z</time>
      </trkpt>
      <trkpt lat="50.578417" lon="13.322413">
        <ele>675.887591</ele>
        <time>2025-06-13T16:19:14.633Z</time>
      </trkpt>
      <trkpt lat="50.578829" lon="13.321985">
        <ele>675.693183</ele>
        <time>2025-06-13T16:19:20.521Z</time>
      </trkpt>
      <trkpt lat="50.578906" lon="13.321790">
        <ele>675.635749</ele>
        <time>2025-06-13T16:19:22.329Z</time>
      </trkpt>
      <trkpt lat="50.578924" lon="13.321536">
        <ele>675.571824</ele>
        <time>2025-06-13T16:19:24.392Z</time>
      </trkpt>
      <trkpt lat="50.578913" lon="13.321323">
        <ele>675.518372</ele>
        <time>2025-06-13T16:19:26.179Z</time>
      </trkpt>
      <trkpt lat="50.578704" lon="13.320916">
        <ele>675.387453</ele>
        <time>2025-06-13T16:19:30.986Z</time>
      </trkpt>
      <trkpt lat="50.578617" lon="13.320651">
        <ele>675.312837</ele>
        <time>2025-06-13T16:19:34.315Z</time>
      </trkpt>
      <trkpt lat="50.578612" lon="13.320447">
        <ele>675.644754</ele>
        <time>2025-06-13T16:19:36.862Z</time>
      </trkpt>
      <trkpt lat="50.578643" lon="13.320229">
        <ele>676.273431</ele>
        <time>2025-06-13T16:19:39.931Z</time>
      </trkpt>
      <trkpt lat="50.578845" lon="13.319437">
        <ele>678.675282</ele>
        <time>2025-06-13T16:19:53.997Z</time>
      </trkpt>
      <trkpt lat="50.578852" lon="13.319263">
        <ele>679.165923</ele>
        <time>2025-06-13T16:19:57.151Z</time>
      </trkpt>
      <trkpt lat="50.578824" lon="13.318997">
        <ele>679.924697</ele>
        <time>2025-06-13T16:20:02.166Z</time>
      </trkpt>
      <trkpt lat="50.578577" lon="13.318029">
        <ele>682.860478</ele>
        <time>2025-06-13T16:20:22.155Z</time>
      </trkpt>
      <trkpt lat="50.578494" lon="13.317612">
        <ele>684.332684</ele>
        <time>2025-06-13T16:20:30.611Z</time>
      </trkpt>
      <trkpt lat="50.578008" lon="13.316142">
        <ele>690.364692</ele>
        <time>2025-06-13T16:21:02.837Z</time>
      </trkpt>
      <trkpt lat="50.577960" lon="13.315860">
        <ele>691.427317</ele>
        <time>2025-06-13T16:21:08.522Z</time>
      </trkpt>
      <trkpt lat="50.577960" lon="13.315209">
        <ele>693.784305</ele>
        <time>2025-06-13T16:21:21.233Z</time>
      </trkpt>
      <trkpt lat="50.577911" lon="13.314766">
        <ele>695.329916</ele>
        <time>2025-06-13T16:21:30.008Z</time>
      </trkpt>
      <trkpt lat="50.577847" lon="13.314523">
        <ele>696.234148</ele>
        <time>2025-06-13T16:21:35.076Z</time>
      </trkpt>
      <trkpt lat="50.577382" lon="13.313377">
        <ele>700.908665</ele>
        <time>2025-06-13T16:22:00.589Z</time>
      </trkpt>
      <trkpt lat="50.577061" lon="13.312604">
        <ele>703.964754</ele>
        <time>2025-06-13T16:22:17.285Z</time>
      </trkpt>
      <trkpt lat="50.576989" lon="13.312378">
        <ele>704.700865</ele>
        <time>2025-06-13T16:22:21.883Z</time>
      </trkpt>
      <trkpt lat="50.576965" lon="13.312258">
        <ele>705.067139</ele>
        <time>2025-06-13T16:22:24.175Z</time>
      </trkpt>
      <trkpt lat="50.576895" lon="13.311908">
        <ele>706.135438</ele>
        <time>2025-06-13T16:22:30.891Z</time>
      </trkpt>
      <trkpt lat="50.576880" lon="13.311658">
        <ele>706.866509</ele>
        <time>2025-06-13T16:22:35.491Z</time>
      </trkpt>
      <trkpt lat="50.576927" lon="13.310523">
        <ele>710.177871</ele>
        <time>2025-06-13T16:22:55.181Z</time>
      </trkpt>
      <trkpt lat="50.576962" lon="13.310248">
        <ele>710.994403</ele>
        <time>2025-06-13T16:22:59.662Z</time>
      </trkpt>
      <trkpt lat="50.577005" lon="13.309971">
        <ele>711.775540</ele>
        <time>2025-06-13T16:23:04.059Z</time>
      </trkpt>
      <trkpt lat="50.576933" lon="13.309532">
        <ele>712.856122</ele>
        <time>2025-06-13T16:23:13.286Z</time>
      </trkpt>
      <trkpt lat="50.576880" lon="13.309366">
        <ele>713.298931</ele>
        <time>2025-06-13T16:23:16.994Z</time>
      </trkpt>
      <trkpt lat="50.576750" lon="13.309120">
        <ele>714.061661</ele>
        <time>2025-06-13T16:23:23.342Z</time>
      </trkpt>
      <trkpt lat="50.576506" lon="13.308187">
        <ele>716.466432</ele>
        <time>2025-06-13T16:23:43.608Z</time>
      </trkpt>
      <trkpt lat="50.576289" lon="13.307688">
        <ele>717.907809</ele>
        <time>2025-06-13T16:23:56.735Z</time>
      </trkpt>
      <trkpt lat="50.575833" lon="13.306831">
        <ele>721.476357</ele>
        <time>2025-06-13T16:24:24.002Z</time>
      </trkpt>
      <trkpt lat="50.575397" lon="13.306155">
        <ele>724.687822</ele>
        <time>2025-06-13T16:24:48.665Z</time>
      </trkpt>
      <trkpt lat="50.575031" lon="13.305468">
        <ele>727.676746</ele>
        <time>2025-06-13T16:25:10.388Z</time>
      </trkpt>
      <trkpt lat="50.574657" lon="13.304922">
        <ele>729.717438</ele>
        <time>2025-06-13T16:25:28.593Z</time>
      </trkpt>
      <trkpt lat="50.574349" lon="13.304256">
        <ele>731.794005</ele>
        <time>2025-06-13T16:25:46.265Z</time>
      </trkpt>
      <trkpt lat="50.574154" lon="13.303308">
        <ele>734.305659</ele>
        <time>2025-06-13T16:26:07.005Z</time>
      </trkpt>
      <trkpt lat="50.574019" lon="13.302780">
        <ele>735.448794</ele>
        <time>2025-06-13T16:26:18.671Z</time>
      </trkpt>
      <trkpt lat="50.573879" lon="13.302441">
        <ele>736.121405</ele>
        <time>2025-06-13T16:26:26.841Z</time>
      </trkpt>
      <trkpt lat="50.573436" lon="13.301637">
        <ele>737.891913</ele>
        <time>2025-06-13T16:26:47.316Z</time>
      </trkpt>
      <trkpt lat="50.572739" lon="13.300679">
        <ele>740.489455</ele>
        <time>2025-06-13T16:27:13.316Z</time>
      </trkpt>
      <trkpt lat="50.572393" lon="13.300154">
        <ele>742.052254</ele>
        <time>2025-06-13T16:27:27.437Z</time>
      </trkpt>
      <trkpt lat="50.572294" lon="13.299896">
        <ele>742.674895</ele>
        <time>2025-06-13T16:27:33.294Z</time>
      </trkpt>
      <trkpt lat="50.571852" lon="13.298129">
        <ele>746.996683</ele>
        <time>2025-06-13T16:28:15.405Z</time>
      </trkpt>
      <trkpt lat="50.571413" lon="13.297077">
        <ele>750.495845</ele>
        <time>2025-06-13T16:28:44.789Z</time>
      </trkpt>
      <trkpt lat="50.571083" lon="13.296526">
        <ele>752.601165</ele>
        <time>2025-06-13T16:29:01.892Z</time>
      </trkpt>
      <trkpt lat="50.571449" lon="13.296164">
        <ele>753.906888</ele>
        <time>2025-06-13T16:29:12.901Z</time>
      </trkpt>
      <trkpt lat="50.570982" lon="13.295233">
        <ele>755.562061</ele>
        <time>2025-06-13T16:29:29.663Z</time>
      </trkpt>
      <trkpt lat="50.570630" lon="13.294621">
        <ele>756.714012</ele>
        <time>2025-06-13T16:29:39.761Z</time>
      </trkpt>
      <trkpt lat="50.570554" lon="13.294593">
        <ele>756.885473</ele>
        <time>2025-06-13T16:29:41.110Z</time>
      </trkpt>
      <trkpt lat="50.569677" lon="13.294622">
        <ele>757.116635</ele>
        <time>2025-06-13T16:29:52.439Z</time>
      </trkpt>
      <trkpt lat="50.569113" lon="13.293418">
        <ele>756.912810</ele>
        <time>2025-06-13T16:30:11.814Z</time>
      </trkpt>
      <trkpt lat="50.568932" lon="13.293147">
        <ele>757.318627</ele>
        <time>2025-06-13T16:30:17.965Z</time>
      </trkpt>
      <trkpt lat="50.568833" lon="13.293049">
        <ele>757.807038</ele>
        <time>2025-06-13T16:30:21.119Z</time>
      </trkpt>
      <trkpt lat="50.568629" lon="13.293003">
        <ele>758.667742</ele>
        <time>2025-06-13T16:30:27.178Z</time>
      </trkpt>
      <trkpt lat="50.566434" lon="13.292977">
        <ele>767.008632</ele>
        <time>2025-06-13T16:31:52.223Z</time>
      </trkpt>
      <trkpt lat="50.566436" lon="13.292878">
        <ele>767.208271</ele>
        <time>2025-06-13T16:31:54.342Z</time>
      </trkpt>
      <trkpt lat="50.566507" lon="13.287623">
        <ele>771.091951</ele>
        <time>2025-06-13T16:33:18.447Z</time>
      </trkpt>
      <trkpt lat="50.566556" lon="13.284002">
        <ele>766.327602</ele>
        <time>2025-06-13T16:34:02.640Z</time>
      </trkpt>
      <trkpt lat="50.566572" lon="13.282191">
        <ele>762.823159</ele>
        <time>2025-06-13T16:34:23.063Z</time>
      </trkpt>
      <trkpt lat="50.566590" lon="13.280040">
        <ele>758.948087</ele>
        <time>2025-06-13T16:34:47.661Z</time>
      </trkpt>
      <trkpt lat="50.566756" lon="13.268853">
        <ele>782.878052</ele>
        <time>2025-06-13T16:38:43.615Z</time>
      </trkpt>
      <trkpt lat="50.565824" lon="13.267067">
        <ele>787.496399</ele>
        <time>2025-06-13T16:39:16.942Z</time>
      </trkpt>
      <trkpt lat="50.565793" lon="13.266963">
        <ele>787.725128</ele>
        <time>2025-06-13T16:39:18.546Z</time>
      </trkpt>
      <trkpt lat="50.565675" lon="13.266088">
        <ele>789.413276</ele>
        <time>2025-06-13T16:39:31.179Z</time>
      </trkpt>
      <trkpt lat="50.565063" lon="13.260712">
        <ele>798.715815</ele>
        <time>2025-06-13T16:40:46.146Z</time>
      </trkpt>
      <trkpt lat="50.564698" lon="13.257858">
        <ele>802.497140</ele>
        <time>2025-06-13T16:41:19.948Z</time>
      </trkpt>
      <trkpt lat="50.564611" lon="13.257662">
        <ele>802.944304</ele>
        <time>2025-06-13T16:41:23.005Z</time>
      </trkpt>
      <trkpt lat="50.564571" lon="13.257572">
        <ele>803.149720</ele>
        <time>2025-06-13T16:41:24.411Z</time>
      </trkpt>
      <trkpt lat="50.563385" lon="13.255870">
        <ele>807.801443</ele>
        <time>2025-06-13T16:42:01.977Z</time>
      </trkpt>
      <trkpt lat="50.563243" lon="13.255470">
        <ele>808.563525</ele>
        <time>2025-06-13T16:42:08.963Z</time>
      </trkpt>
      <trkpt lat="50.562735" lon="13.253167">
        <ele>811.840022</ele>
        <time>2025-06-13T16:42:41.055Z</time>
      </trkpt>
      <trkpt lat="50.562582" lon="13.252605">
        <ele>811.716608</ele>
        <time>2025-06-13T16:42:46.990Z</time>
      </trkpt>
      <trkpt lat="50.562353" lon="13.252104">
        <ele>811.592028</ele>
        <time>2025-06-13T16:42:52.156Z</time>
      </trkpt>
      <trkpt lat="50.561554" lon="13.250932">
        <ele>810.998493</ele>
        <time>2025-06-13T16:43:04.074Z</time>
      </trkpt>
      <trkpt lat="50.561412" lon="13.250701">
        <ele>810.785090</ele>
        <time>2025-06-13T16:43:06.209Z</time>
      </trkpt>
      <trkpt lat="50.561226" lon="13.250313">
        <ele>810.462391</ele>
        <time>2025-06-13T16:43:09.539Z</time>
      </trkpt>
      <trkpt lat="50.560964" lon="13.249700">
        <ele>809.971894</ele>
        <time>2025-06-13T16:43:14.843Z</time>
      </trkpt>
      <trkpt lat="50.559975" lon="13.246956">
        <ele>812.110088</ele>
        <time>2025-06-13T16:43:50.612Z</time>
      </trkpt>
      <trkpt lat="50.559673" lon="13.246126">
        <ele>813.129833</ele>
        <time>2025-06-13T16:44:04.372Z</time>
      </trkpt>
      <trkpt lat="50.559215" lon="13.244990">
        <ele>814.530395</ele>
        <time>2025-06-13T16:44:22.442Z</time>
      </trkpt>
      <trkpt lat="50.558528" lon="13.243499">
        <ele>814.190702</ele>
        <time>2025-06-13T16:44:37.933Z</time>
      </trkpt>
      <trkpt lat="50.557538" lon="13.241350">
        <ele>809.363167</ele>
        <time>2025-06-13T16:44:54.961Z</time>
      </trkpt>
      <trkpt lat="50.556518" lon="13.238715">
        <ele>800.693401</ele>
        <time>2025-06-13T16:45:14.010Z</time>
      </trkpt>
      <trkpt lat="50.556270" lon="13.238056">
        <ele>798.298826</ele>
        <time>2025-06-13T16:45:18.635Z</time>
      </trkpt>
      <trkpt lat="50.556004" lon="13.237188">
        <ele>795.285951</ele>
        <time>2025-06-13T16:45:24.396Z</time>
      </trkpt>
      <trkpt lat="50.555546" lon="13.235613">
        <ele>789.650170</ele>
        <time>2025-06-13T16:45:34.786Z</time>
      </trkpt>
      <trkpt lat="50.554664" lon="13.232576">
        <ele>778.722618</ele>
        <time>2025-06-13T16:45:55.010Z</time>
      </trkpt>
      <trkpt lat="50.554583" lon="13.232204">
        <ele>777.433970</ele>
        <time>2025-06-13T16:45:57.372Z</time>
      </trkpt>
      <trkpt lat="50.554225" lon="13.230561">
        <ele>772.151137</ele>
        <time>2025-06-13T16:46:07.625Z</time>
      </trkpt>
      <trkpt lat="50.554089" lon="13.230012">
        <ele>770.392269</ele>
        <time>2025-06-13T16:46:11.168Z</time>
      </trkpt>
      <trkpt lat="50.553962" lon="13.229499">
        <ele>768.748873</ele>
        <time>2025-06-13T16:46:14.577Z</time>
      </trkpt>
      <trkpt lat="50.551946" lon="13.229648">
        <ele>764.639115</ele>
        <time>2025-06-13T16:46:37.261Z</time>
      </trkpt>
      <trkpt lat="50.550464" lon="13.229920">
        <ele>764.122926</ele>
        <time>2025-06-13T16:46:56.320Z</time>
      </trkpt>
      <trkpt lat="50.550212" lon="13.229912">
        <ele>764.035726</ele>
        <time>2025-06-13T16:46:59.918Z</time>
      </trkpt>
      <trkpt lat="50.550130" lon="13.229878">
        <ele>764.129904</ele>
        <time>2025-06-13T16:47:01.137Z</time>
      </trkpt>
      <trkpt lat="50.549537" lon="13.229490">
        <ele>765.124341</ele>
        <time>2025-06-13T16:47:10.943Z</time>
      </trkpt>
      <trkpt lat="50.548603" lon="13.228660">
        <ele>766.785250</ele>
        <time>2025-06-13T16:47:31.347Z</time>
      </trkpt>
      <trkpt lat="50.548371" lon="13.228421">
        <ele>767.702652</ele>
        <time>2025-06-13T16:47:37.560Z</time>
      </trkpt>
      <trkpt lat="50.547937" lon="13.227807">
        <ele>769.707407</ele>
        <time>2025-06-13T16:47:52.889Z</time>
      </trkpt>
      <trkpt lat="50.547621" lon="13.227409">
        <ele>771.097784</ele>
        <time>2025-06-13T16:48:04.420Z</time>
      </trkpt>
      <trkpt lat="50.547008" lon="13.226777">
        <ele>772.976241</ele>
        <time>2025-06-13T16:48:21.099Z</time>
      </trkpt>
      <trkpt lat="50.546865" lon="13.226597">
        <ele>772.959488</ele>
        <time>2025-06-13T16:48:23.811Z</time>
      </trkpt>
      <trkpt lat="50.546819" lon="13.226516">
        <ele>772.953172</ele>
        <time>2025-06-13T16:48:24.733Z</time>
      </trkpt>
      <trkpt lat="50.547006" lon="13.226272">
        <ele>772.930947</ele>
        <time>2025-06-13T16:48:27.789Z</time>
      </trkpt>
      <trkpt lat="50.547314" lon="13.225809">
        <ele>772.891978</ele>
        <time>2025-06-13T16:48:32.755Z</time>
      </trkpt>
      <trkpt lat="50.547445" lon="13.225595">
        <ele>772.874703</ele>
        <time>2025-06-13T16:48:34.819Z</time>
      </trkpt>
      <trkpt lat="50.547688" lon="13.225182">
        <ele>772.841980</ele>
        <time>2025-06-13T16:48:38.713Z</time>
      </trkpt>
      <trkpt lat="50.548294" lon="13.224171">
        <ele>774.714142</ele>
        <time>2025-06-13T16:48:51.847Z</time>
      </trkpt>
      <trkpt lat="50.548138" lon="13.223958">
        <ele>775.245383</ele>
        <time>2025-06-13T16:48:58.650Z</time>
      </trkpt>
      <trkpt lat="50.548184" lon="13.222972">
        <ele>776.861304</ele>
        <time>2025-06-13T16:49:15.746Z</time>
      </trkpt>
      <trkpt lat="50.548275" lon="13.221630">
        <ele>779.184171</ele>
        <time>2025-06-13T16:49:39.033Z</time>
      </trkpt>
      <trkpt lat="50.548271" lon="13.221351">
        <ele>779.673389</ele>
        <time>2025-06-13T16:49:43.175Z</time>
      </trkpt>
      <trkpt lat="50.548265" lon="13.221126">
        <ele>780.068166</ele>
        <time>2025-06-13T16:49:46.331Z</time>
      </trkpt>
      <trkpt lat="50.548172" lon="13.220702">
        <ele>780.854485</ele>
        <time>2025-06-13T16:49:52.136Z</time>
      </trkpt>
      <trkpt lat="50.547997" lon="13.220672">
        <ele>781.340132</ele>
        <time>2025-06-13T16:49:55.438Z</time>
      </trkpt>
      <trkpt lat="50.547681" lon="13.220462">
        <ele>782.286457</ele>
        <time>2025-06-13T16:50:01.154Z</time>
      </trkpt>
      <trkpt lat="50.547036" lon="13.220040">
        <ele>782.294276</ele>
        <time>2025-06-13T16:50:10.470Z</time>
      </trkpt>
      <trkpt lat="50.546144" lon="13.219472">
        <ele>782.113123</ele>
        <time>2025-06-13T16:50:22.334Z</time>
      </trkpt>
      <trkpt lat="50.544494" lon="13.218418">
        <ele>782.143810</ele>
        <time>2025-06-13T16:50:45.154Z</time>
      </trkpt>
      <trkpt lat="50.543819" lon="13.218014">
        <ele>783.614909</ele>
        <time>2025-06-13T16:50:58.254Z</time>
      </trkpt>
      <trkpt lat="50.543492" lon="13.217783">
        <ele>784.624840</ele>
        <time>2025-06-13T16:51:05.987Z</time>
      </trkpt>
      <trkpt lat="50.543698" lon="13.217094">
        <ele>785.988245</ele>
        <time>2025-06-13T16:51:21.888Z</time>
      </trkpt>
      <trkpt lat="50.543712" lon="13.216667">
        <ele>786.753823</ele>
        <time>2025-06-13T16:51:31.206Z</time>
      </trkpt>
      <trkpt lat="50.543668" lon="13.215915">
        <ele>788.441712</ele>
        <time>2025-06-13T16:51:47.797Z</time>
      </trkpt>
      <trkpt lat="50.543612" lon="13.215405">
        <ele>789.719536</ele>
        <time>2025-06-13T16:51:59.498Z</time>
      </trkpt>
      <trkpt lat="50.543321" lon="13.213807">
        <ele>793.823728</ele>
        <time>2025-06-13T16:52:35.612Z</time>
      </trkpt>
      <trkpt lat="50.543107" lon="13.213103">
        <ele>795.278106</ele>
        <time>2025-06-13T16:52:51.171Z</time>
      </trkpt>
      <trkpt lat="50.542882" lon="13.212438">
        <ele>796.568567</ele>
        <time>2025-06-13T16:53:05.630Z</time>
      </trkpt>
      <trkpt lat="50.542298" lon="13.211881">
        <ele>798.409236</ele>
        <time>2025-06-13T16:53:25.382Z</time>
      </trkpt>
      <trkpt lat="50.541661" lon="13.211196">
        <ele>800.208208</ele>
        <time>2025-06-13T16:53:48.522Z</time>
      </trkpt>
      <trkpt lat="50.540658" lon="13.210119">
        <ele>802.840196</ele>
        <time>2025-06-13T16:54:23.809Z</time>
      </trkpt>
      <trkpt lat="50.540016" lon="13.209559">
        <ele>803.495194</ele>
        <time>2025-06-13T16:54:42.727Z</time>
      </trkpt>
      <trkpt lat="50.539757" lon="13.209401">
        <ele>803.715646</ele>
        <time>2025-06-13T16:54:49.262Z</time>
      </trkpt>
      <trkpt lat="50.539966" lon="13.208274">
        <ele>804.307778</ele>
        <time>2025-06-13T16:55:06.037Z</time>
      </trkpt>
      <trkpt lat="50.538021" lon="13.207599">
        <ele>806.261465</ele>
        <time>2025-06-13T16:55:54.724Z</time>
      </trkpt>
      <trkpt lat="50.537005" lon="13.207133">
        <ele>808.912494</ele>
        <time>2025-06-13T16:56:27.827Z</time>
      </trkpt>
      <trkpt lat="50.536615" lon="13.206902">
        <ele>809.956384</ele>
        <time>2025-06-13T16:56:41.058Z</time>
      </trkpt>
      <trkpt lat="50.535608" lon="13.206455">
        <ele>811.728130</ele>
        <time>2025-06-13T16:57:11.149Z</time>
      </trkpt>
      <trkpt lat="50.534068" lon="13.205673">
        <ele>813.266187</ele>
        <time>2025-06-13T16:57:50.879Z</time>
      </trkpt>
      <trkpt lat="50.531350" lon="13.205017">
        <ele>813.741644</ele>
        <time>2025-06-13T16:58:51.095Z</time>
      </trkpt>
      <trkpt lat="50.531122" lon="13.204861">
        <ele>813.882441</ele>
        <time>2025-06-13T16:58:57.671Z</time>
      </trkpt>
      <trkpt lat="50.530965" lon="13.204549">
        <ele>814.486234</ele>
        <time>2025-06-13T16:59:04.656Z</time>
      </trkpt>
      <trkpt lat="50.530367" lon="13.202387">
        <ele>818.063857</ele>
        <time>2025-06-13T16:59:49.758Z</time>
      </trkpt>
      <trkpt lat="50.530166" lon="13.201528">
        <ele>820.439273</ele>
        <time>2025-06-13T17:00:08.640Z</time>
      </trkpt>
      <trkpt lat="50.530015" lon="13.201106">
        <ele>821.699441</ele>
        <time>2025-06-13T17:00:19.159Z</time>
      </trkpt>
      <trkpt lat="50.529658" lon="13.199829">
        <ele>825.329683</ele>
        <time>2025-06-13T17:00:51.355Z</time>
      </trkpt>
      <trkpt lat="50.529042" lon="13.197870">
        <ele>831.729974</ele>
        <time>2025-06-13T17:01:43.617Z</time>
      </trkpt>
      <trkpt lat="50.528728" lon="13.196135">
        <ele>835.141155</ele>
        <time>2025-06-13T17:02:21.451Z</time>
      </trkpt>
      <trkpt lat="50.527978" lon="13.195842">
        <ele>836.663597</ele>
        <time>2025-06-13T17:02:34.107Z</time>
      </trkpt>
      <trkpt lat="50.527549" lon="13.195605">
        <ele>837.729880</ele>
        <time>2025-06-13T17:02:40.103Z</time>
      </trkpt>
      <trkpt lat="50.527338" lon="13.195390">
        <ele>838.530755</ele>
        <time>2025-06-13T17:02:43.904Z</time>
      </trkpt>
      <trkpt lat="50.527031" lon="13.194983">
        <ele>839.809763</ele>
        <time>2025-06-13T17:02:51.592Z</time>
      </trkpt>
      <trkpt lat="50.526921" lon="13.194878">
        <ele>840.219658</ele>
        <time>2025-06-13T17:02:54.587Z</time>
      </trkpt>
      <trkpt lat="50.526934" lon="13.194697">
        <ele>840.588547</ele>
        <time>2025-06-13T17:02:57.476Z</time>
      </trkpt>
      <trkpt lat="50.526963" lon="13.193798">
        <ele>842.411524</ele>
        <time>2025-06-13T17:03:13.314Z</time>
      </trkpt>
      <trkpt lat="50.526975" lon="13.193307">
        <ele>843.695525</ele>
        <time>2025-06-13T17:03:22.794Z</time>
      </trkpt>
      <trkpt lat="50.526980" lon="13.192853">
        <ele>845.289846</ele>
        <time>2025-06-13T17:03:32.060Z</time>
      </trkpt>
      <trkpt lat="50.526850" lon="13.192811">
        <ele>846.022852</ele>
        <time>2025-06-13T17:03:36.367Z</time>
      </trkpt>
      <trkpt lat="50.526729" lon="13.192771">
        <ele>846.705761</ele>
        <time>2025-06-13T17:03:40.380Z</time>
      </trkpt>
      <trkpt lat="50.526477" lon="13.192593">
        <ele>848.231497</ele>
        <time>2025-06-13T17:03:49.230Z</time>
      </trkpt>
      <trkpt lat="50.526108" lon="13.192342">
        <ele>850.451959</ele>
        <time>2025-06-13T17:04:05.019Z</time>
      </trkpt>
      <trkpt lat="50.525738" lon="13.192086">
        <ele>852.684505</ele>
        <time>2025-06-13T17:04:19.806Z</time>
      </trkpt>
      <trkpt lat="50.525036" lon="13.191501">
        <ele>855.828537</ele>
        <time>2025-06-13T17:04:48.503Z</time>
      </trkpt>
      <trkpt lat="50.523760" lon="13.190171">
        <ele>860.347330</ele>
        <time>2025-06-13T17:05:37.784Z</time>
      </trkpt>
      <trkpt lat="50.523560" lon="13.189785">
        <ele>860.652144</ele>
        <time>2025-06-13T17:05:45.862Z</time>
      </trkpt>
      <trkpt lat="50.523444" lon="13.189611">
        <ele>860.806478</ele>
        <time>2025-06-13T17:05:48.497Z</time>
      </trkpt>
      <trkpt lat="50.522561" lon="13.188889">
        <ele>861.683442</ele>
        <time>2025-06-13T17:06:09.793Z</time>
      </trkpt>
      <trkpt lat="50.521490" lon="13.187702">
        <ele>862.246393</ele>
        <time>2025-06-13T17:06:38.329Z</time>
      </trkpt>
      <trkpt lat="50.520925" lon="13.187252">
        <ele>863.657698</ele>
        <time>2025-06-13T17:06:56.896Z</time>
      </trkpt>
      <trkpt lat="50.520712" lon="13.187132">
        <ele>864.622119</ele>
        <time>2025-06-13T17:07:04.401Z</time>
      </trkpt>
      <trkpt lat="50.520146" lon="13.187071">
        <ele>867.040402</ele>
        <time>2025-06-13T17:07:25.036Z</time>
      </trkpt>
      <trkpt lat="50.520016" lon="13.187015">
        <ele>867.614947</ele>
        <time>2025-06-13T17:07:30.215Z</time>
      </trkpt>
      <trkpt lat="50.519399" lon="13.186621">
        <ele>870.472554</ele>
        <time>2025-06-13T17:07:56.310Z</time>
      </trkpt>
      <trkpt lat="50.519052" lon="13.186287">
        <ele>872.290278</ele>
        <time>2025-06-13T17:08:12.003Z</time>
      </trkpt>
      <trkpt lat="50.518735" lon="13.185919">
        <ele>874.050701</ele>
        <time>2025-06-13T17:08:26.674Z</time>
      </trkpt>
      <trkpt lat="50.518579" lon="13.185692">
        <ele>875.000287</ele>
        <time>2025-06-13T17:08:34.375Z</time>
      </trkpt>
      <trkpt lat="50.517697" lon="13.184154">
        <ele>878.796950</ele>
        <time>2025-06-13T17:09:17.144Z</time>
      </trkpt>
      <trkpt lat="50.517151" lon="13.183475">
        <ele>879.580349</ele>
        <time>2025-06-13T17:09:34.214Z</time>
      </trkpt>
      <trkpt lat="50.516946" lon="13.183298">
        <ele>879.843551</ele>
        <time>2025-06-13T17:09:39.212Z</time>
      </trkpt>
      <trkpt lat="50.516839" lon="13.183234">
        <ele>879.972390</ele>
        <time>2025-06-13T17:09:41.572Z</time>
      </trkpt>
      <trkpt lat="50.516093" lon="13.182419">
        <ele>879.781204</ele>
        <time>2025-06-13T17:09:53.064Z</time>
      </trkpt>
      <trkpt lat="50.515745" lon="13.182171">
        <ele>879.615715</ele>
        <time>2025-06-13T17:09:58.127Z</time>
      </trkpt>
      <trkpt lat="50.515474" lon="13.181967">
        <ele>879.485579</ele>
        <time>2025-06-13T17:10:02.501Z</time>
      </trkpt>
      <trkpt lat="50.515233" lon="13.181764">
        <ele>879.367160</ele>
        <time>2025-06-13T17:10:07.039Z</time>
      </trkpt>
      <trkpt lat="50.512965" lon="13.179122">
        <ele>885.666616</ele>
        <time>2025-06-13T17:11:10.510Z</time>
      </trkpt>
      <trkpt lat="50.510642" lon="13.176507">
        <ele>890.929487</ele>
        <time>2025-06-13T17:12:10.258Z</time>
      </trkpt>
      <trkpt lat="50.508330" lon="13.173910">
        <ele>888.425040</ele>
        <time>2025-06-13T17:12:50.110Z</time>
      </trkpt>
      <trkpt lat="50.507325" lon="13.172808">
        <ele>884.507690</ele>
        <time>2025-06-13T17:13:03.263Z</time>
      </trkpt>
      <trkpt lat="50.507071" lon="13.172516">
        <ele>883.202746</ele>
        <time>2025-06-13T17:13:08.573Z</time>
      </trkpt>
      <trkpt lat="50.507009" lon="13.172321">
        <ele>882.627714</ele>
        <time>2025-06-13T17:13:10.943Z</time>
      </trkpt>
      <trkpt lat="50.506935" lon="13.172317">
        <ele>882.320631</ele>
        <time>2025-06-13T17:13:12.224Z</time>
      </trkpt>
      <trkpt lat="50.506098" lon="13.171355">
        <ele>880.579010</ele>
        <time>2025-06-13T17:13:31.935Z</time>
      </trkpt>
      <trkpt lat="50.505914" lon="13.171217">
        <ele>880.882399</ele>
        <time>2025-06-13T17:13:36.902Z</time>
      </trkpt>
      <trkpt lat="50.505885" lon="13.171198">
        <ele>880.929154</ele>
        <time>2025-06-13T17:13:37.731Z</time>
      </trkpt>
      <trkpt lat="50.505657" lon="13.170975">
        <ele>881.328760</ele>
        <time>2025-06-13T17:13:45.078Z</time>
      </trkpt>
      <trkpt lat="50.505450" lon="13.170870">
        <ele>881.652455</ele>
        <time>2025-06-13T17:13:51.587Z</time>
      </trkpt>
      <trkpt lat="50.505151" lon="13.170795">
        <ele>882.103059</ele>
        <time>2025-06-13T17:14:01.483Z</time>
      </trkpt>
      <trkpt lat="50.504819" lon="13.170132">
        <ele>883.462894</ele>
        <time>2025-06-13T17:14:21.413Z</time>
      </trkpt>
      <trkpt lat="50.504515" lon="13.169815">
        <ele>884.953121</ele>
        <time>2025-06-13T17:14:35.892Z</time>
      </trkpt>
      <trkpt lat="50.504330" lon="13.169488">
        <ele>886.090262</ele>
        <time>2025-06-13T17:14:46.914Z</time>
      </trkpt>
      <trkpt lat="50.504113" lon="13.169308">
        <ele>887.092572</ele>
        <time>2025-06-13T17:14:56.101Z</time>
      </trkpt>
      <trkpt lat="50.503575" lon="13.168711">
        <ele>889.782715</ele>
        <time>2025-06-13T17:15:18.524Z</time>
      </trkpt>
      <trkpt lat="50.503564" lon="13.168652">
        <ele>889.927209</ele>
        <time>2025-06-13T17:15:19.377Z</time>
      </trkpt>
      <trkpt lat="50.502777" lon="13.164278">
        <ele>885.866509</ele>
        <time>2025-06-13T17:15:54.310Z</time>
      </trkpt>
      <trkpt lat="50.502015" lon="13.160180">
        <ele>869.441410</ele>
        <time>2025-06-13T17:16:18.785Z</time>
      </trkpt>
      <trkpt lat="50.501967" lon="13.159983">
        <ele>868.445836</ele>
        <time>2025-06-13T17:16:19.960Z</time>
      </trkpt>
      <trkpt lat="50.501810" lon="13.159657">
        <ele>866.516102</ele>
        <time>2025-06-13T17:16:22.262Z</time>
      </trkpt>
      <trkpt lat="50.501396" lon="13.159237">
        <ele>862.860393</ele>
        <time>2025-06-13T17:16:26.606Z</time>
      </trkpt>
      <trkpt lat="50.500053" lon="13.157952">
        <ele>852.251173</ele>
        <time>2025-06-13T17:16:40.735Z</time>
      </trkpt>
      <trkpt lat="50.499977" lon="13.157727">
        <ele>851.244387</ele>
        <time>2025-06-13T17:16:42.237Z</time>
      </trkpt>
      <trkpt lat="50.499934" lon="13.157488">
        <ele>850.262813</ele>
        <time>2025-06-13T17:16:43.711Z</time>
      </trkpt>
      <trkpt lat="50.499915" lon="13.156618">
        <ele>846.822582</ele>
        <time>2025-06-13T17:16:48.939Z</time>
      </trkpt>
      <trkpt lat="50.499789" lon="13.154646">
        <ele>840.439642</ele>
        <time>2025-06-13T17:17:00.930Z</time>
      </trkpt>
      <trkpt lat="50.499734" lon="13.154418">
        <ele>839.661686</ele>
        <time>2025-06-13T17:17:02.403Z</time>
      </trkpt>
      <trkpt lat="50.495372" lon="13.147754">
        <ele>809.108960</ele>
        <time>2025-06-13T17:18:00.520Z</time>
      </trkpt>
      <trkpt lat="50.495358" lon="13.147910">
        <ele>808.424181</ele>
        <time>2025-06-13T17:18:01.493Z</time>
      </trkpt>
      <trkpt lat="50.495372" lon="13.147754">
        <ele>807.739402</ele>
        <time>2025-06-13T17:18:02.441Z</time>
      </trkpt>
      <trkpt lat="50.494929" lon="13.147053">
        <ele>803.444519</ele>
        <time>2025-06-13T17:18:08.113Z</time>
      </trkpt>
      <trkpt lat="50.493801" lon="13.145269">
        <ele>791.506371</ele>
        <time>2025-06-13T17:18:22.252Z</time>
      </trkpt>
      <trkpt lat="50.492092" lon="13.142585">
        <ele>771.360859</ele>
        <time>2025-06-13T17:18:43.507Z</time>
      </trkpt>
      <trkpt lat="50.491907" lon="13.142036">
        <ele>767.815259</ele>
        <time>2025-06-13T17:18:46.876Z</time>
      </trkpt>
      <trkpt lat="50.491693" lon="13.140758">
        <ele>759.234976</ele>
        <time>2025-06-13T17:18:53.964Z</time>
      </trkpt>
      <trkpt lat="50.491387" lon="13.138160">
        <ele>743.686615</ele>
        <time>2025-06-13T17:19:08.253Z</time>
      </trkpt>
      <trkpt lat="50.491272" lon="13.137368">
        <ele>739.423433</ele>
        <time>2025-06-13T17:19:12.868Z</time>
      </trkpt>
      <trkpt lat="50.491077" lon="13.136801">
        <ele>736.040948</ele>
        <time>2025-06-13T17:19:16.584Z</time>
      </trkpt>
      <trkpt lat="50.491022" lon="13.136641">
        <ele>735.370200</ele>
        <time>2025-06-13T17:19:17.650Z</time>
      </trkpt>
      <trkpt lat="50.490933" lon="13.136481">
        <ele>734.845998</ele>
        <time>2025-06-13T17:19:18.905Z</time>
      </trkpt>
      <trkpt lat="50.490643" lon="13.135960">
        <ele>733.138568</ele>
        <time>2025-06-13T17:19:23.098Z</time>
      </trkpt>
      <trkpt lat="50.490435" lon="13.135730">
        <ele>732.152629</ele>
        <time>2025-06-13T17:19:25.603Z</time>
      </trkpt>
      <trkpt lat="50.490177" lon="13.135241">
        <ele>730.585732</ele>
        <time>2025-06-13T17:19:29.628Z</time>
      </trkpt>
      <trkpt lat="50.489851" lon="13.133025">
        <ele>728.805316</ele>
        <time>2025-06-13T17:19:46.117Z</time>
      </trkpt>
      <trkpt lat="50.489399" lon="13.130061">
        <ele>732.181891</ele>
        <time>2025-06-13T17:20:24.609Z</time>
      </trkpt>
      <trkpt lat="50.489217" lon="13.129597">
        <ele>733.213390</ele>
        <time>2025-06-13T17:20:33.147Z</time>
      </trkpt>
      <trkpt lat="50.489003" lon="13.129470">
        <ele>733.893754</ele>
        <time>2025-06-13T17:20:39.083Z</time>
      </trkpt>
      <trkpt lat="50.488739" lon="13.129155">
        <ele>734.975683</ele>
        <time>2025-06-13T17:20:48.170Z</time>
      </trkpt>
      <trkpt lat="50.488460" lon="13.128576">
        <ele>736.576361</ele>
        <time>2025-06-13T17:21:00.575Z</time>
      </trkpt>
      <trkpt lat="50.488192" lon="13.127912">
        <ele>738.309320</ele>
        <time>2025-06-13T17:21:13.181Z</time>
      </trkpt>
      <trkpt lat="50.487350" lon="13.125604">
        <ele>742.069293</ele>
        <time>2025-06-13T17:21:46.611Z</time>
      </trkpt>
      <trkpt lat="50.486144" lon="13.122347">
        <ele>743.864914</ele>
        <time>2025-06-13T17:22:22.382Z</time>
      </trkpt>
      <trkpt lat="50.486023" lon="13.121876">
        <ele>743.885772</ele>
        <time>2025-06-13T17:22:26.747Z</time>
      </trkpt>
      <trkpt lat="50.485938" lon="13.121300">
        <ele>743.797051</ele>
        <time>2025-06-13T17:22:31.715Z</time>
      </trkpt>
      <trkpt lat="50.485382" lon="13.115452">
        <ele>742.301677</ele>
        <time>2025-06-13T17:23:19.469Z</time>
      </trkpt>
      <trkpt lat="50.485198" lon="13.113519">
        <ele>741.866155</ele>
        <time>2025-06-13T17:23:34.242Z</time>
      </trkpt>
      <trkpt lat="50.485059" lon="13.113437">
        <ele>742.127050</ele>
        <time>2025-06-13T17:23:37.448Z</time>
      </trkpt>
      <trkpt lat="50.484823" lon="13.113404">
        <ele>742.543396</ele>
        <time>2025-06-13T17:23:42.771Z</time>
      </trkpt>
      <trkpt lat="50.485169" lon="13.112312">
        <ele>743.907362</ele>
        <time>2025-06-13T17:24:03.532Z</time>
      </trkpt>
      <trkpt lat="50.485218" lon="13.112049">
        <ele>744.213766</ele>
        <time>2025-06-13T17:24:07.507Z</time>
      </trkpt>
      <trkpt lat="50.485444" lon="13.111321">
        <ele>745.983964</ele>
        <time>2025-06-13T17:24:21.702Z</time>
      </trkpt>
      <trkpt lat="50.485893" lon="13.110223">
        <ele>750.779936</ele>
        <time>2025-06-13T17:24:47.283Z</time>
      </trkpt>
      <trkpt lat="50.486105" lon="13.109643">
        <ele>753.237751</ele>
        <time>2025-06-13T17:25:01.225Z</time>
      </trkpt>
      <trkpt lat="50.486219" lon="13.109246">
        <ele>754.838184</ele>
        <time>2025-06-13T17:25:10.580Z</time>
      </trkpt>
      <trkpt lat="50.486306" lon="13.108821">
        <ele>756.560260</ele>
        <time>2025-06-13T17:25:20.100Z</time>
      </trkpt>
      <trkpt lat="50.486476" lon="13.107740">
        <ele>760.899158</ele>
        <time>2025-06-13T17:25:43.337Z</time>
      </trkpt>
      <trkpt lat="50.486585" lon="13.107074">
        <ele>763.578715</ele>
        <time>2025-06-13T17:25:57.158Z</time>
      </trkpt>
      <trkpt lat="50.486791" lon="13.105817">
        <ele>768.087358</ele>
        <time>2025-06-13T17:26:21.614Z</time>
      </trkpt>
      <trkpt lat="50.487150" lon="13.103779">
        <ele>774.512095</ele>
        <time>2025-06-13T17:26:59.057Z</time>
      </trkpt>
      <trkpt lat="50.487164" lon="13.103607">
        <ele>774.875330</ele>
        <time>2025-06-13T17:27:01.867Z</time>
      </trkpt>
      <trkpt lat="50.487200" lon="13.103192">
        <ele>775.468898</ele>
        <time>2025-06-13T17:27:08.203Z</time>
      </trkpt>
      <trkpt lat="50.487141" lon="13.102126">
        <ele>776.985312</ele>
        <time>2025-06-13T17:27:22.083Z</time>
      </trkpt>
      <trkpt lat="50.487102" lon="13.101879">
        <ele>777.345972</ele>
        <time>2025-06-13T17:27:24.906Z</time>
      </trkpt>
      <trkpt lat="50.486832" lon="13.100762">
        <ele>779.031611</ele>
        <time>2025-06-13T17:27:37.130Z</time>
      </trkpt>
      <trkpt lat="50.486790" lon="13.100496">
        <ele>779.410020</ele>
        <time>2025-06-13T17:27:40.091Z</time>
      </trkpt>
      <trkpt lat="50.486759" lon="13.099946">
        <ele>780.172385</ele>
        <time>2025-06-13T17:27:46.291Z</time>
      </trkpt>
      <trkpt lat="50.486801" lon="13.099336">
        <ele>781.019536</ele>
        <time>2025-06-13T17:27:53.843Z</time>
      </trkpt>
      <trkpt lat="50.486900" lon="13.098934">
        <ele>781.614708</ele>
        <time>2025-06-13T17:27:59.607Z</time>
      </trkpt>
      <trkpt lat="50.488528" lon="13.094931">
        <ele>791.336130</ele>
        <time>2025-06-13T17:29:10.483Z</time>
      </trkpt>
      <trkpt lat="50.487621" lon="13.094591">
        <ele>794.648723</ele>
        <time>2025-06-13T17:29:33.581Z</time>
      </trkpt>
      <trkpt lat="50.487213" lon="13.094471">
        <ele>795.963955</ele>
        <time>2025-06-13T17:29:43.613Z</time>
      </trkpt>
      <trkpt lat="50.487061" lon="13.094476">
        <ele>796.423214</ele>
        <time>2025-06-13T17:29:47.169Z</time>
      </trkpt>
      <trkpt lat="50.486809" lon="13.094624">
        <ele>797.235862</ele>
        <time>2025-06-13T17:29:53.262Z</time>
      </trkpt>
      <trkpt lat="50.486629" lon="13.094649">
        <ele>797.781723</ele>
        <time>2025-06-13T17:29:57.258Z</time>
      </trkpt>
      <trkpt lat="50.485872" lon="13.094418">
        <ele>800.111159</ele>
        <time>2025-06-13T17:30:13.309Z</time>
      </trkpt>
      <trkpt lat="50.485119" lon="13.094085">
        <ele>803.445225</ele>
        <time>2025-06-13T17:30:30.441Z</time>
      </trkpt>
      <trkpt lat="50.483089" lon="13.092131">
        <ele>816.525090</ele>
        <time>2025-06-13T17:31:41.653Z</time>
      </trkpt>
      <trkpt lat="50.482887" lon="13.091740">
        <ele>818.579912</ele>
        <time>2025-06-13T17:31:53.563Z</time>
      </trkpt>
      <trkpt lat="50.482744" lon="13.091284">
        <ele>820.746063</ele>
        <time>2025-06-13T17:32:05.969Z</time>
      </trkpt>
      <trkpt lat="50.482683" lon="13.091137">
        <ele>821.585385</ele>
        <time>2025-06-13T17:32:10.391Z</time>
      </trkpt>
      <trkpt lat="50.481859" lon="13.090212">
        <ele>829.196365</ele>
        <time>2025-06-13T17:32:50.268Z</time>
      </trkpt>
      <trkpt lat="50.481329" lon="13.089216">
        <ele>833.978140</ele>
        <time>2025-06-13T17:33:16.578Z</time>
      </trkpt>
      <trkpt lat="50.481307" lon="13.089070">
        <ele>834.116112</ele>
        <time>2025-06-13T17:33:19.182Z</time>
      </trkpt>
      <trkpt lat="50.481325" lon="13.088520">
        <ele>834.622553</ele>
        <time>2025-06-13T17:33:30.966Z</time>
      </trkpt>
      <trkpt lat="50.481301" lon="13.085902">
        <ele>832.745450</ele>
        <time>2025-06-13T17:34:06.391Z</time>
      </trkpt>
      <trkpt lat="50.481247" lon="13.080532">
        <ele>804.015162</ele>
        <time>2025-06-13T17:34:59.924Z</time>
      </trkpt>
      <trkpt lat="50.481171" lon="13.072841">
        <ele>750.202827</ele>
        <time>2025-06-13T17:36:13.747Z</time>
      </trkpt>
      <trkpt lat="50.480493" lon="13.072877">
        <ele>746.400378</ele>
        <time>2025-06-13T17:36:25.496Z</time>
      </trkpt>
      <trkpt lat="50.479729" lon="13.073037">
        <ele>742.985318</ele>
        <time>2025-06-13T17:36:39.859Z</time>
      </trkpt>
      <trkpt lat="50.480301" lon="13.072062">
        <ele>739.773270</ele>
        <time>2025-06-13T17:36:55.266Z</time>
      </trkpt>
      <trkpt lat="50.480658" lon="13.071649">
        <ele>738.454716</ele>
        <time>2025-06-13T17:37:02.925Z</time>
      </trkpt>
      <trkpt lat="50.481217" lon="13.071366">
        <ele>736.707886</ele>
        <time>2025-06-13T17:37:13.666Z</time>
      </trkpt>
      <trkpt lat="50.481405" lon="13.071171">
        <ele>736.037883</ele>
        <time>2025-06-13T17:37:18.159Z</time>
      </trkpt>
      <trkpt lat="50.481466" lon="13.070882">
        <ele>735.517155</ele>
        <time>2025-06-13T17:37:22.196Z</time>
      </trkpt>
      <trkpt lat="50.481570" lon="13.070664">
        <ele>735.753538</ele>
        <time>2025-06-13T17:37:25.887Z</time>
      </trkpt>
      <trkpt lat="50.482179" lon="13.070006">
        <ele>736.761169</ele>
        <time>2025-06-13T17:37:44.391Z</time>
      </trkpt>
      <trkpt lat="50.481836" lon="13.069973">
        <ele>737.229697</ele>
        <time>2025-06-13T17:37:52.265Z</time>
      </trkpt>
      <trkpt lat="50.481653" lon="13.069919">
        <ele>737.483563</ele>
        <time>2025-06-13T17:37:56.600Z</time>
      </trkpt>
      <trkpt lat="50.481521" lon="13.069830">
        <ele>737.679400</ele>
        <time>2025-06-13T17:37:59.792Z</time>
      </trkpt>
      <trkpt lat="50.481006" lon="13.069321">
        <ele>738.370296</ele>
        <time>2025-06-13T17:38:11.877Z</time>
      </trkpt>
      <trkpt lat="50.480874" lon="13.069257">
        <ele>738.511767</ele>
        <time>2025-06-13T17:38:14.433Z</time>
      </trkpt>
      <trkpt lat="50.480662" lon="13.069227">
        <ele>738.729759</ele>
        <time>2025-06-13T17:38:18.289Z</time>
      </trkpt>
      <trkpt lat="50.480463" lon="13.069280">
        <ele>738.936466</ele>
        <time>2025-06-13T17:38:21.661Z</time>
      </trkpt>
      <trkpt lat="50.480012" lon="13.069489">
        <ele>739.418008</ele>
        <time>2025-06-13T17:38:28.422Z</time>
      </trkpt>
      <trkpt lat="50.479596" lon="13.069574">
        <ele>739.859560</ele>
        <time>2025-06-13T17:38:33.685Z</time>
      </trkpt>
      <trkpt lat="50.479320" lon="13.069667">
        <ele>740.212989</ele>
        <time>2025-06-13T17:38:37.207Z</time>
      </trkpt>
      <trkpt lat="50.478656" lon="13.070166">
        <ele>741.134547</ele>
        <time>2025-06-13T17:38:47.678Z</time>
      </trkpt>
      <trkpt lat="50.478343" lon="13.070328">
        <ele>741.547157</ele>
        <time>2025-06-13T17:38:53.272Z</time>
      </trkpt>
      <trkpt lat="50.477917" lon="13.070413">
        <ele>742.331592</ele>
        <time>2025-06-13T17:39:01.917Z</time>
      </trkpt>
      <trkpt lat="50.477721" lon="13.070390">
        <ele>744.144349</ele>
        <time>2025-06-13T17:39:07.189Z</time>
      </trkpt>
      <trkpt lat="50.477047" lon="13.070207">
        <ele>750.452816</ele>
        <time>2025-06-13T17:39:31.563Z</time>
      </trkpt>
      <trkpt lat="50.477034" lon="13.070052">
        <ele>751.370448</ele>
        <time>2025-06-13T17:39:36.752Z</time>
      </trkpt>
      <trkpt lat="50.477023" lon="13.069921">
        <ele>752.146011</ele>
        <time>2025-06-13T17:39:41.211Z</time>
      </trkpt>
      <trkpt lat="50.476974" lon="13.067708">
        <ele>768.361823</ele>
        <time>2025-06-13T17:41:10.536Z</time>
      </trkpt>
      <trkpt lat="50.476949" lon="13.066837">
        <ele>776.010471</ele>
        <time>2025-06-13T17:41:47.390Z</time>
      </trkpt>
      <trkpt lat="50.476823" lon="13.065470">
        <ele>786.542926</ele>
        <time>2025-06-13T17:42:42.579Z</time>
      </trkpt>
      <trkpt lat="50.476668" lon="13.064765">
        <ele>790.879280</ele>
        <time>2025-06-13T17:43:09.889Z</time>
      </trkpt>
      <trkpt lat="50.476394" lon="13.063884">
        <ele>796.580088</ele>
        <time>2025-06-13T17:43:41.060Z</time>
      </trkpt>
      <trkpt lat="50.476186" lon="13.063100">
        <ele>799.972742</ele>
        <time>2025-06-13T17:43:59.427Z</time>
      </trkpt>
      <trkpt lat="50.476033" lon="13.062681">
        <ele>800.162900</ele>
        <time>2025-06-13T17:44:06.235Z</time>
      </trkpt>
      <trkpt lat="50.475938" lon="13.062573">
        <ele>800.235428</ele>
        <time>2025-06-13T17:44:08.635Z</time>
      </trkpt>
      <trkpt lat="50.475869" lon="13.062494">
        <ele>800.288236</ele>
        <time>2025-06-13T17:44:10.353Z</time>
      </trkpt>
      <trkpt lat="50.475567" lon="13.062320">
        <ele>800.487198</ele>
        <time>2025-06-13T17:44:16.845Z</time>
      </trkpt>
      <trkpt lat="50.475257" lon="13.062228">
        <ele>800.682337</ele>
        <time>2025-06-13T17:44:23.237Z</time>
      </trkpt>
      <trkpt lat="50.474985" lon="13.062346">
        <ele>800.856876</ele>
        <time>2025-06-13T17:44:29.037Z</time>
      </trkpt>
      <trkpt lat="50.474921" lon="13.061113">
        <ele>803.509246</ele>
        <time>2025-06-13T17:44:50.084Z</time>
      </trkpt>
      <trkpt lat="50.474907" lon="13.059587">
        <ele>807.618197</ele>
        <time>2025-06-13T17:45:29.330Z</time>
      </trkpt>
      <trkpt lat="50.474793" lon="13.056049">
        <ele>821.132421</ele>
        <time>2025-06-13T17:47:00.298Z</time>
      </trkpt>
      <trkpt lat="50.474730" lon="13.053944">
        <ele>830.293278</ele>
        <time>2025-06-13T17:47:59.133Z</time>
      </trkpt>
      <trkpt lat="50.474627" lon="13.051761">
        <ele>838.526812</ele>
        <time>2025-06-13T17:48:56.909Z</time>
      </trkpt>
      <trkpt lat="50.474624" lon="13.051373">
        <ele>839.941491</ele>
        <time>2025-06-13T17:49:06.001Z</time>
      </trkpt>
      <trkpt lat="50.474623" lon="13.051276">
        <ele>840.295181</ele>
        <time>2025-06-13T17:49:08.247Z</time>
      </trkpt>
      <trkpt lat="50.474051" lon="13.050656">
        <ele>843.826492</ele>
        <time>2025-06-13T17:49:26.776Z</time>
      </trkpt>
      <trkpt lat="50.473782" lon="13.050404">
        <ele>845.238663</ele>
        <time>2025-06-13T17:49:34.847Z</time>
      </trkpt>
      <trkpt lat="50.473539" lon="13.050277">
        <ele>846.393399</ele>
        <time>2025-06-13T17:49:41.541Z</time>
      </trkpt>
      <trkpt lat="50.469893" lon="13.050541">
        <ele>862.665382</ele>
        <time>2025-06-13T17:51:25.496Z</time>
      </trkpt>
      <trkpt lat="50.468533" lon="13.050682">
        <ele>865.446549</ele>
        <time>2025-06-13T17:51:54.165Z</time>
      </trkpt>
      <trkpt lat="50.467737" lon="13.050743">
        <ele>865.141459</ele>
        <time>2025-06-13T17:52:04.860Z</time>
      </trkpt>
      <trkpt lat="50.464284" lon="13.050997">
        <ele>854.481560</ele>
        <time>2025-06-13T17:52:41.182Z</time>
      </trkpt>
      <trkpt lat="50.464160" lon="13.050971">
        <ele>854.061361</ele>
        <time>2025-06-13T17:52:42.498Z</time>
      </trkpt>
      <trkpt lat="50.463932" lon="13.050847">
        <ele>853.250932</ele>
        <time>2025-06-13T17:52:45.085Z</time>
      </trkpt>
      <trkpt lat="50.463765" lon="13.050712">
        <ele>852.620082</ele>
        <time>2025-06-13T17:52:47.143Z</time>
      </trkpt>
      <trkpt lat="50.463560" lon="13.050403">
        <ele>852.294550</ele>
        <time>2025-06-13T17:52:50.349Z</time>
      </trkpt>
      <trkpt lat="50.463466" lon="13.050164">
        <ele>852.142123</ele>
        <time>2025-06-13T17:52:52.432Z</time>
      </trkpt>
      <trkpt lat="50.463407" lon="13.049959">
        <ele>852.020058</ele>
        <time>2025-06-13T17:52:54.143Z</time>
      </trkpt>
      <trkpt lat="50.463193" lon="13.048517">
        <ele>851.216698</ele>
        <time>2025-06-13T17:53:06.698Z</time>
      </trkpt>
      <trkpt lat="50.463112" lon="13.047815">
        <ele>851.027351</ele>
        <time>2025-06-13T17:53:13.733Z</time>
      </trkpt>
      <trkpt lat="50.463040" lon="13.045539">
        <ele>851.468851</ele>
        <time>2025-06-13T17:53:35.988Z</time>
      </trkpt>
      <trkpt lat="50.463061" lon="13.045163">
        <ele>851.462812</ele>
        <time>2025-06-13T17:53:39.325Z</time>
      </trkpt>
      <trkpt lat="50.463135" lon="13.044672">
        <ele>851.158352</ele>
        <time>2025-06-13T17:53:43.582Z</time>
      </trkpt>
      <trkpt lat="50.463346" lon="13.044088">
        <ele>850.753165</ele>
        <time>2025-06-13T17:53:48.981Z</time>
      </trkpt>
      <trkpt lat="50.463570" lon="13.043597">
        <ele>850.388670</ele>
        <time>2025-06-13T17:53:53.687Z</time>
      </trkpt>
      <trkpt lat="50.463711" lon="13.043008">
        <ele>850.008971</ele>
        <time>2025-06-13T17:53:58.460Z</time>
      </trkpt>
      <trkpt lat="50.463789" lon="13.041711">
        <ele>849.076033</ele>
        <time>2025-06-13T17:54:08.438Z</time>
      </trkpt>
      <trkpt lat="50.463693" lon="13.040702">
        <ele>848.308498</ele>
        <time>2025-06-13T17:54:16.467Z</time>
      </trkpt>
      <trkpt lat="50.463699" lon="13.040534">
        <ele>848.181908</ele>
        <time>2025-06-13T17:54:17.816Z</time>
      </trkpt>
      <trkpt lat="50.463743" lon="13.040292">
        <ele>847.992562</ele>
        <time>2025-06-13T17:54:19.838Z</time>
      </trkpt>
      <trkpt lat="50.463831" lon="13.039807">
        <ele>847.612062</ele>
        <time>2025-06-13T17:54:23.901Z</time>
      </trkpt>
      <trkpt lat="50.463971" lon="13.038568">
        <ele>846.652326</ele>
        <time>2025-06-13T17:54:33.680Z</time>
      </trkpt>
      <trkpt lat="50.463992" lon="13.038058">
        <ele>846.262546</ele>
        <time>2025-06-13T17:54:37.730Z</time>
      </trkpt>
      <trkpt lat="50.464065" lon="13.037819">
        <ele>846.060368</ele>
        <time>2025-06-13T17:54:39.844Z</time>
      </trkpt>
      <trkpt lat="50.464699" lon="13.036395">
        <ele>843.907901</ele>
        <time>2025-06-13T17:54:52.504Z</time>
      </trkpt>
      <trkpt lat="50.464892" lon="13.036059">
        <ele>843.206780</ele>
        <time>2025-06-13T17:54:55.694Z</time>
      </trkpt>
      <trkpt lat="50.464929" lon="13.035845">
        <ele>842.863245</ele>
        <time>2025-06-13T17:54:57.303Z</time>
      </trkpt>
      <trkpt lat="50.466025" lon="13.032129">
        <ele>834.120546</ele>
        <time>2025-06-13T17:55:24.781Z</time>
      </trkpt>
      <trkpt lat="50.466105" lon="13.031789">
        <ele>833.223977</ele>
        <time>2025-06-13T17:55:27.125Z</time>
      </trkpt>
      <trkpt lat="50.466199" lon="13.030666">
        <ele>830.422446</ele>
        <time>2025-06-13T17:55:34.526Z</time>
      </trkpt>
      <trkpt lat="50.466441" lon="13.027803">
        <ele>823.124397</ele>
        <time>2025-06-13T17:55:53.937Z</time>
      </trkpt>
      <trkpt lat="50.466537" lon="13.026395">
        <ele>818.596481</ele>
        <time>2025-06-13T17:56:03.277Z</time>
      </trkpt>
      <trkpt lat="50.465883" lon="13.026174">
        <ele>812.934435</ele>
        <time>2025-06-13T17:56:09.553Z</time>
      </trkpt>
      <trkpt lat="50.465772" lon="13.025574">
        <ele>809.568089</ele>
        <time>2025-06-13T17:56:13.134Z</time>
      </trkpt>
      <trkpt lat="50.465739" lon="13.025180">
        <ele>807.427056</ele>
        <time>2025-06-13T17:56:15.387Z</time>
      </trkpt>
      <trkpt lat="50.465761" lon="13.024652">
        <ele>804.508405</ele>
        <time>2025-06-13T17:56:18.335Z</time>
      </trkpt>
      <trkpt lat="50.465815" lon="13.024137">
        <ele>801.322649</ele>
        <time>2025-06-13T17:56:21.179Z</time>
      </trkpt>
      <trkpt lat="50.466010" lon="13.022982">
        <ele>794.029162</ele>
        <time>2025-06-13T17:56:27.771Z</time>
      </trkpt>
      <trkpt lat="50.466104" lon="13.022520">
        <ele>791.068727</ele>
        <time>2025-06-13T17:56:30.638Z</time>
      </trkpt>
      <trkpt lat="50.466186" lon="13.022298">
        <ele>789.502110</ele>
        <time>2025-06-13T17:56:32.235Z</time>
      </trkpt>
      <trkpt lat="50.466150" lon="13.022314">
        <ele>789.143363</ele>
        <time>2025-06-13T17:56:32.595Z</time>
      </trkpt>
      <trkpt lat="50.465625" lon="13.022556">
        <ele>787.756028</ele>
        <time>2025-06-13T17:56:38.127Z</time>
      </trkpt>
      <trkpt lat="50.465227" lon="13.022660">
        <ele>787.673516</ele>
        <time>2025-06-13T17:56:43.169Z</time>
      </trkpt>
      <trkpt lat="50.464919" lon="13.022689">
        <ele>787.610415</ele>
        <time>2025-06-13T17:56:49.662Z</time>
      </trkpt>
      <trkpt lat="50.464567" lon="13.022662">
        <ele>787.538342</ele>
        <time>2025-06-13T17:56:57.102Z</time>
      </trkpt>
      <trkpt lat="50.463282" lon="13.022391">
        <ele>788.119831</ele>
        <time>2025-06-13T17:57:20.060Z</time>
      </trkpt>
      <trkpt lat="50.461527" lon="13.022228">
        <ele>787.382165</ele>
        <time>2025-06-13T17:57:42.406Z</time>
      </trkpt>
      <trkpt lat="50.460595" lon="13.022134">
        <ele>786.169622</ele>
        <time>2025-06-13T17:58:00.183Z</time>
      </trkpt>
      <trkpt lat="50.460045" lon="13.022245">
        <ele>786.016353</ele>
        <time>2025-06-13T17:58:10.908Z</time>
      </trkpt>
      <trkpt lat="50.459644" lon="13.022438">
        <ele>785.900431</ele>
        <time>2025-06-13T17:58:19.807Z</time>
      </trkpt>
      <trkpt lat="50.459149" lon="13.022751">
        <ele>785.752944</ele>
        <time>2025-06-13T17:58:33.256Z</time>
      </trkpt>
      <trkpt lat="50.458748" lon="13.023175">
        <ele>785.981717</ele>
        <time>2025-06-13T17:58:47.276Z</time>
      </trkpt>
      <trkpt lat="50.458216" lon="13.023859">
        <ele>786.748022</ele>
        <time>2025-06-13T17:59:07.458Z</time>
      </trkpt>
      <trkpt lat="50.457558" lon="13.024338">
        <ele>787.556389</ele>
        <time>2025-06-13T17:59:25.008Z</time>
      </trkpt>
      <trkpt lat="50.457339" lon="13.024405">
        <ele>787.695994</ele>
        <time>2025-06-13T17:59:29.645Z</time>
      </trkpt>
      <trkpt lat="50.457143" lon="13.024423">
        <ele>787.695641</ele>
        <time>2025-06-13T17:59:33.585Z</time>
      </trkpt>
      <trkpt lat="50.456858" lon="13.024400">
        <ele>787.695126</ele>
        <time>2025-06-13T17:59:39.252Z</time>
      </trkpt>
      <trkpt lat="50.456670" lon="13.024333">
        <ele>787.694779</ele>
        <time>2025-06-13T17:59:43.112Z</time>
      </trkpt>
      <trkpt lat="50.456114" lon="13.024299">
        <ele>787.693777</ele>
        <time>2025-06-13T17:59:54.895Z</time>
      </trkpt>
      <trkpt lat="50.455662" lon="13.024428">
        <ele>787.692949</ele>
        <time>2025-06-13T18:00:07.941Z</time>
      </trkpt>
      <trkpt lat="50.455365" lon="13.024705">
        <ele>788.198600</ele>
        <time>2025-06-13T18:00:18.279Z</time>
      </trkpt>
      <trkpt lat="50.455162" lon="13.025060">
        <ele>788.657458</ele>
        <time>2025-06-13T18:00:26.658Z</time>
      </trkpt>
      <trkpt lat="50.455054" lon="13.025310">
        <ele>788.947984</ele>
        <time>2025-06-13T18:00:32.085Z</time>
      </trkpt>
      <trkpt lat="50.454927" lon="13.025490">
        <ele>789.206358</ele>
        <time>2025-06-13T18:00:36.916Z</time>
      </trkpt>
      <trkpt lat="50.454845" lon="13.025526">
        <ele>789.334958</ele>
        <time>2025-06-13T18:00:39.313Z</time>
      </trkpt>
      <trkpt lat="50.454719" lon="13.025559">
        <ele>789.527895</ele>
        <time>2025-06-13T18:00:42.973Z</time>
      </trkpt>
      <trkpt lat="50.454651" lon="13.025536">
        <ele>789.632956</ele>
        <time>2025-06-13T18:00:44.760Z</time>
      </trkpt>
      <trkpt lat="50.454592" lon="13.025342">
        <ele>789.839707</ele>
        <time>2025-06-13T18:00:48.423Z</time>
      </trkpt>
      <trkpt lat="50.454525" lon="13.025231">
        <ele>789.986794</ele>
        <time>2025-06-13T18:00:51.108Z</time>
      </trkpt>
      <trkpt lat="50.454410" lon="13.025162">
        <ele>790.172732</ele>
        <time>2025-06-13T18:00:54.167Z</time>
      </trkpt>
      <trkpt lat="50.454202" lon="13.025093">
        <ele>790.445389</ele>
        <time>2025-06-13T18:00:59.205Z</time>
      </trkpt>
      <trkpt lat="50.453229" lon="13.024940">
        <ele>791.073132</ele>
        <time>2025-06-13T18:01:20.558Z</time>
      </trkpt>
      <trkpt lat="50.452914" lon="13.024834">
        <ele>791.279936</ele>
        <time>2025-06-13T18:01:29.151Z</time>
      </trkpt>
      <trkpt lat="50.452192" lon="13.024419">
        <ele>791.715772</ele>
        <time>2025-06-13T18:01:49.668Z</time>
      </trkpt>
      <trkpt lat="50.451495" lon="13.023916">
        <ele>792.072370</ele>
        <time>2025-06-13T18:02:08.258Z</time>
      </trkpt>
      <trkpt lat="50.451178" lon="13.023648">
        <ele>792.239736</ele>
        <time>2025-06-13T18:02:16.332Z</time>
      </trkpt>
      <trkpt lat="50.450352" lon="13.023339">
        <ele>792.354844</ele>
        <time>2025-06-13T18:02:34.360Z</time>
      </trkpt>
      <trkpt lat="50.450114" lon="13.023159">
        <ele>792.330945</ele>
        <time>2025-06-13T18:02:39.793Z</time>
      </trkpt>
      <trkpt lat="50.448985" lon="13.022630">
        <ele>792.665911</ele>
        <time>2025-06-13T18:03:06.158Z</time>
      </trkpt>
      <trkpt lat="50.448725" lon="13.022559">
        <ele>793.433591</ele>
        <time>2025-06-13T18:03:13.472Z</time>
      </trkpt>
      <trkpt lat="50.448543" lon="13.022459">
        <ele>793.994492</ele>
        <time>2025-06-13T18:03:19.082Z</time>
      </trkpt>
      <trkpt lat="50.448078" lon="13.022420">
        <ele>795.349089</ele>
        <time>2025-06-13T18:03:33.732Z</time>
      </trkpt>
      <trkpt lat="50.447757" lon="13.022287">
        <ele>796.314821</ele>
        <time>2025-06-13T18:03:45.842Z</time>
      </trkpt>
      <trkpt lat="50.447563" lon="13.022315">
        <ele>796.881539</ele>
        <time>2025-06-13T18:03:53.522Z</time>
      </trkpt>
      <trkpt lat="50.447156" lon="13.022251">
        <ele>797.360678</ele>
        <time>2025-06-13T18:04:09.802Z</time>
      </trkpt>
      <trkpt lat="50.446244" lon="13.022278">
        <ele>796.879047</ele>
        <time>2025-06-13T18:04:30.542Z</time>
      </trkpt>
      <trkpt lat="50.446205" lon="13.022066">
        <ele>796.804850</ele>
        <time>2025-06-13T18:04:33.077Z</time>
      </trkpt>
      <trkpt lat="50.446205" lon="13.021719">
        <ele>796.688175</ele>
        <time>2025-06-13T18:04:37.018Z</time>
      </trkpt>
      <trkpt lat="50.446181" lon="13.021481">
        <ele>796.607153</ele>
        <time>2025-06-13T18:04:39.721Z</time>
      </trkpt>
      <trkpt lat="50.446079" lon="13.021240">
        <ele>796.507948</ele>
        <time>2025-06-13T18:04:42.938Z</time>
      </trkpt>
      <trkpt lat="50.445874" lon="13.020947">
        <ele>796.334522</ele>
        <time>2025-06-13T18:04:47.655Z</time>
      </trkpt>
      <trkpt lat="50.445756" lon="13.020719">
        <ele>796.217468</ele>
        <time>2025-06-13T18:04:50.801Z</time>
      </trkpt>
      <trkpt lat="50.445796" lon="13.020641">
        <ele>796.177568</ele>
        <time>2025-06-13T18:04:51.855Z</time>
      </trkpt>
      <trkpt lat="50.443330" lon="13.018432">
        <ele>797.758858</ele>
        <time>2025-06-13T18:05:42.759Z</time>
      </trkpt>
      <trkpt lat="50.440270" lon="13.016342">
        <ele>801.732003</ele>
        <time>2025-06-13T18:06:40.984Z</time>
      </trkpt>
      <trkpt lat="50.439308" lon="13.015686">
        <ele>801.374269</ele>
        <time>2025-06-13T18:06:54.542Z</time>
      </trkpt>
      <trkpt lat="50.439157" lon="13.014907">
        <ele>800.683141</ele>
        <time>2025-06-13T18:07:00.399Z</time>
      </trkpt>
      <trkpt lat="50.439127" lon="13.014541">
        <ele>800.369933</ele>
        <time>2025-06-13T18:07:02.958Z</time>
      </trkpt>
      <trkpt lat="50.439127" lon="13.014159">
        <ele>800.045705</ele>
        <time>2025-06-13T18:07:05.539Z</time>
      </trkpt>
      <trkpt lat="50.439964" lon="13.010628">
        <ele>796.328934</ele>
        <time>2025-06-13T18:07:32.045Z</time>
      </trkpt>
      <trkpt lat="50.439988" lon="13.010334">
        <ele>796.331059</ele>
        <time>2025-06-13T18:07:34.353Z</time>
      </trkpt>
      <trkpt lat="50.440028" lon="13.010244">
        <ele>796.331845</ele>
        <time>2025-06-13T18:07:39.211Z</time>
      </trkpt>
      <trkpt lat="50.440168" lon="13.009540">
        <ele>796.337133</ele>
        <time>2025-06-13T18:08:11.853Z</time>
      </trkpt>
      <trkpt lat="50.440176" lon="13.009496">
        <ele>796.337461</ele>
        <time>2025-06-13T18:08:13.887Z</time>
      </trkpt>
      <trkpt lat="50.440225" lon="13.009248">
        <ele>796.339322</ele>
        <time>2025-06-13T18:08:25.392Z</time>
      </trkpt>
      <trkpt lat="50.440224" lon="13.009172">
        <ele>796.339867</ele>
        <time>2025-06-13T18:08:26.288Z</time>
      </trkpt>
      <trkpt lat="50.440268" lon="13.008582">
        <ele>796.344126</ele>
        <time>2025-06-13T18:08:32.525Z</time>
      </trkpt>
      <trkpt lat="50.440365" lon="13.008297">
        <ele>796.322618</ele>
        <time>2025-06-13T18:08:35.973Z</time>
      </trkpt>
      <trkpt lat="50.440421" lon="13.008123">
        <ele>796.301914</ele>
        <time>2025-06-13T18:08:38.065Z</time>
      </trkpt>
      <trkpt lat="50.440570" lon="13.007735">
        <ele>796.253799</ele>
        <time>2025-06-13T18:08:42.964Z</time>
      </trkpt>
      <trkpt lat="50.440859" lon="13.007997">
        <ele>796.198153</ele>
        <time>2025-06-13T18:08:47.852Z</time>
      </trkpt>
      <trkpt lat="50.441398" lon="13.008437">
        <ele>796.096856</ele>
        <time>2025-06-13T18:08:55.410Z</time>
      </trkpt>
      <trkpt lat="50.441569" lon="13.008615">
        <ele>796.062646</ele>
        <time>2025-06-13T18:08:57.638Z</time>
      </trkpt>
      <trkpt lat="50.441889" lon="13.009036">
        <ele>795.713601</ele>
        <time>2025-06-13T18:09:02.205Z</time>
      </trkpt>
      <trkpt lat="50.441955" lon="13.009277">
        <ele>795.535996</ele>
        <time>2025-06-13T18:09:04.173Z</time>
      </trkpt>
      <trkpt lat="50.442279" lon="13.009964">
        <ele>794.957244</ele>
        <time>2025-06-13T18:09:10.750Z</time>
      </trkpt>
      <trkpt lat="50.442330" lon="13.010031">
        <ele>794.886556</ele>
        <time>2025-06-13T18:09:11.595Z</time>
      </trkpt>
      <trkpt lat="50.442441" lon="13.010076">
        <ele>794.764689</ele>
        <time>2025-06-13T18:09:13.080Z</time>
      </trkpt>
      <trkpt lat="50.442665" lon="13.010630">
        <ele>794.320423</ele>
        <time>2025-06-13T18:09:18.324Z</time>
      </trkpt>
      <trkpt lat="50.443115" lon="13.011631">
        <ele>794.088662</ele>
        <time>2025-06-13T18:09:28.561Z</time>
      </trkpt>
      <trkpt lat="50.443828" lon="13.013120">
        <ele>794.001617</ele>
        <time>2025-06-13T18:09:43.864Z</time>
      </trkpt>
      <trkpt lat="50.443905" lon="13.013267">
        <ele>794.446661</ele>
        <time>2025-06-13T18:09:45.674Z</time>
      </trkpt>
      <trkpt lat="50.444148" lon="13.013730">
        <ele>795.954118</ele>
        <time>2025-06-13T18:09:51.630Z</time>
      </trkpt>
      <trkpt lat="50.444711" lon="13.013983">
        <ele>798.264526</ele>
        <time>2025-06-13T18:10:04.423Z</time>
      </trkpt>
      <trkpt lat="50.445149" lon="13.014335">
        <ele>800.205758</ele>
        <time>2025-06-13T18:10:19.943Z</time>
      </trkpt>
      <trkpt lat="50.445504" lon="13.014141">
        <ele>802.468798</ele>
        <time>2025-06-13T18:10:34.587Z</time>
      </trkpt>
      <trkpt lat="50.445850" lon="13.013773">
        <ele>806.292068</ele>
        <time>2025-06-13T18:10:51.771Z</time>
      </trkpt>
      <trkpt lat="50.445989" lon="13.013761">
        <ele>807.565690</ele>
        <time>2025-06-13T18:10:57.764Z</time>
      </trkpt>
      <trkpt lat="50.446298" lon="13.013525">
        <ele>810.709340</ele>
        <time>2025-06-13T18:11:13.047Z</time>
      </trkpt>
      <trkpt lat="50.446359" lon="13.013566">
        <ele>811.316396</ele>
        <time>2025-06-13T18:11:15.992Z</time>
      </trkpt>
      <trkpt lat="50.447126" lon="13.011982">
        <ele>821.737172</ele>
        <time>2025-06-13T18:12:07.728Z</time>
      </trkpt>
      <trkpt lat="50.447637" lon="13.010924">
        <ele>827.780034</ele>
        <time>2025-06-13T18:12:35.907Z</time>
      </trkpt>
      <trkpt lat="50.447780" lon="13.010487">
        <ele>830.015883</ele>
        <time>2025-06-13T18:12:44.680Z</time>
      </trkpt>
      <trkpt lat="50.448203" lon="13.008318">
        <ele>839.696727</ele>
        <time>2025-06-13T18:13:27.819Z</time>
      </trkpt>
      <trkpt lat="50.448282" lon="13.008044">
        <ele>840.976977</ele>
        <time>2025-06-13T18:13:35.473Z</time>
      </trkpt>
      <trkpt lat="50.448383" lon="13.007849">
        <ele>842.046886</ele>
        <time>2025-06-13T18:13:42.281Z</time>
      </trkpt>
      <trkpt lat="50.448520" lon="13.007711">
        <ele>843.396302</ele>
        <time>2025-06-13T18:13:49.430Z</time>
      </trkpt>
      <trkpt lat="50.448560" lon="13.007681">
        <ele>843.802448</ele>
        <time>2025-06-13T18:13:51.413Z</time>
      </trkpt>
      <trkpt lat="50.448812" lon="13.007519">
        <ele>846.297334</ele>
        <time>2025-06-13T18:14:03.709Z</time>
      </trkpt>
      <trkpt lat="50.449462" lon="13.007225">
        <ele>852.494979</ele>
        <time>2025-06-13T18:14:35.361Z</time>
      </trkpt>
      <trkpt lat="50.450504" lon="13.007147">
        <ele>860.797542</ele>
        <time>2025-06-13T18:15:12.984Z</time>
      </trkpt>
      <trkpt lat="50.450999" lon="13.007029">
        <ele>863.552794</ele>
        <time>2025-06-13T18:15:28.219Z</time>
      </trkpt>
      <trkpt lat="50.451449" lon="13.006836">
        <ele>866.119885</ele>
        <time>2025-06-13T18:15:42.066Z</time>
      </trkpt>
      <trkpt lat="50.451651" lon="13.006691">
        <ele>867.342127</ele>
        <time>2025-06-13T18:15:48.029Z</time>
      </trkpt>
      <trkpt lat="50.451921" lon="13.006350">
        <ele>868.828159</ele>
        <time>2025-06-13T18:15:56.833Z</time>
      </trkpt>
      <trkpt lat="50.452081" lon="13.006092">
        <ele>868.886982</ele>
        <time>2025-06-13T18:16:02.412Z</time>
      </trkpt>
      <trkpt lat="50.452211" lon="13.005817">
        <ele>868.942924</ele>
        <time>2025-06-13T18:16:07.255Z</time>
      </trkpt>
      <trkpt lat="50.452640" lon="13.004281">
        <ele>869.216870</ele>
        <time>2025-06-13T18:16:20.052Z</time>
      </trkpt>
      <trkpt lat="50.452763" lon="13.003948">
        <ele>869.220170</ele>
        <time>2025-06-13T18:16:22.608Z</time>
      </trkpt>
      <trkpt lat="50.452900" lon="13.003631">
        <ele>868.936750</ele>
        <time>2025-06-13T18:16:25.202Z</time>
      </trkpt>
      <trkpt lat="50.453200" lon="13.003220">
        <ele>868.474228</ele>
        <time>2025-06-13T18:16:29.551Z</time>
      </trkpt>
      <trkpt lat="50.453237" lon="13.003274">
        <ele>868.415545</ele>
        <time>2025-06-13T18:16:30.549Z</time>
      </trkpt>
      <trkpt lat="50.453200" lon="13.003220">
        <ele>868.356862</ele>
        <time>2025-06-13T18:16:31.558Z</time>
      </trkpt>
      <trkpt lat="50.452995" lon="13.002886">
        <ele>868.013678</ele>
        <time>2025-06-13T18:16:35.352Z</time>
      </trkpt>
      <trkpt lat="50.451392" lon="13.000528">
        <ele>866.009963</ele>
        <time>2025-06-13T18:17:07.762Z</time>
      </trkpt>
      <trkpt lat="50.451268" lon="13.000291">
        <ele>865.855455</ele>
        <time>2025-06-13T18:17:10.081Z</time>
      </trkpt>
      <trkpt lat="50.450956" lon="12.999465">
        <ele>864.472209</ele>
        <time>2025-06-13T18:17:17.115Z</time>
      </trkpt>
      <trkpt lat="50.450942" lon="12.999322">
        <ele>864.228938</ele>
        <time>2025-06-13T18:17:18.140Z</time>
      </trkpt>
      <trkpt lat="50.450989" lon="12.999188">
        <ele>863.971702</ele>
        <time>2025-06-13T18:17:19.213Z</time>
      </trkpt>
      <trkpt lat="50.451678" lon="12.998506">
        <ele>861.821032</ele>
        <time>2025-06-13T18:17:28.310Z</time>
      </trkpt>
      <trkpt lat="50.451717" lon="12.998447">
        <ele>861.678037</ele>
        <time>2025-06-13T18:17:28.946Z</time>
      </trkpt>
      <trkpt lat="50.451750" lon="12.998397">
        <ele>861.556951</ele>
        <time>2025-06-13T18:17:29.494Z</time>
      </trkpt>
      <trkpt lat="50.451737" lon="12.998275">
        <ele>861.348966</ele>
        <time>2025-06-13T18:17:30.464Z</time>
      </trkpt>
      <trkpt lat="50.451177" lon="12.996958">
        <ele>863.997246</ele>
        <time>2025-06-13T18:17:50.017Z</time>
      </trkpt>
      <trkpt lat="50.450884" lon="12.996422">
        <ele>865.528004</ele>
        <time>2025-06-13T18:18:03.196Z</time>
      </trkpt>
      <trkpt lat="50.450629" lon="12.996284">
        <ele>866.445877</ele>
        <time>2025-06-13T18:18:12.310Z</time>
      </trkpt>
      <trkpt lat="50.450525" lon="12.996302">
        <ele>866.801945</ele>
        <time>2025-06-13T18:18:16.085Z</time>
      </trkpt>
      <trkpt lat="50.450227" lon="12.996497">
        <ele>868.712532</ele>
        <time>2025-06-13T18:18:28.379Z</time>
      </trkpt>
      <trkpt lat="50.450136" lon="12.996514">
        <ele>869.352036</ele>
        <time>2025-06-13T18:18:31.951Z</time>
      </trkpt>
      <trkpt lat="50.450061" lon="12.996431">
        <ele>869.992299</ele>
        <time>2025-06-13T18:18:35.532Z</time>
      </trkpt>
      <trkpt lat="50.448679" lon="12.992930">
        <ele>888.481598</ele>
        <time>2025-06-13T18:20:08.697Z</time>
      </trkpt>
      <trkpt lat="50.448174" lon="12.991634">
        <ele>895.658414</ele>
        <time>2025-06-13T18:20:44.931Z</time>
      </trkpt>
      <trkpt lat="50.446527" lon="12.987370">
        <ele>920.716945</ele>
        <time>2025-06-13T18:22:47.764Z</time>
      </trkpt>
      <trkpt lat="50.446005" lon="12.986102">
        <ele>930.168738</ele>
        <time>2025-06-13T18:23:25.299Z</time>
      </trkpt>
      <trkpt lat="50.445181" lon="12.983968">
        <ele>949.221313</ele>
        <time>2025-06-13T18:24:45.537Z</time>
      </trkpt>
      <trkpt lat="50.444374" lon="12.981877">
        <ele>971.639516</ele>
        <time>2025-06-13T18:26:25.417Z</time>
      </trkpt>
      <trkpt lat="50.443615" lon="12.979855">
        <ele>992.223523</ele>
        <time>2025-06-13T18:27:49.492Z</time>
      </trkpt>
      <trkpt lat="50.442627" lon="12.977324">
        <ele>1009.930065</ele>
        <time>2025-06-13T18:29:14.402Z</time>
      </trkpt>
      <trkpt lat="50.442223" lon="12.976312">
        <ele>1012.704152</ele>
        <time>2025-06-13T18:29:35.111Z</time>
      </trkpt>
      <trkpt lat="50.441991" lon="12.975651">
        <ele>1014.457113</ele>
        <time>2025-06-13T18:29:43.560Z</time>
      </trkpt>
      <trkpt lat="50.441425" lon="12.974207">
        <ele>1012.750040</ele>
        <time>2025-06-13T18:29:56.279Z</time>
      </trkpt>
      <trkpt lat="50.441259" lon="12.973964">
        <ele>1011.982415</ele>
        <time>2025-06-13T18:29:58.672Z</time>
      </trkpt>
      <trkpt lat="50.440911" lon="12.973555">
        <ele>1010.512146</ele>
        <time>2025-06-13T18:30:03.107Z</time>
      </trkpt>
      <trkpt lat="50.439191" lon="12.971385">
        <ele>997.571074</ele>
        <time>2025-06-13T18:30:24.250Z</time>
      </trkpt>
      <trkpt lat="50.437524" lon="12.969342">
        <ele>984.931064</ele>
        <time>2025-06-13T18:30:44.455Z</time>
      </trkpt>
      <trkpt lat="50.437176" lon="12.968917">
        <ele>983.188596</ele>
        <time>2025-06-13T18:30:48.882Z</time>
      </trkpt>
      <trkpt lat="50.437051" lon="12.968772">
        <ele>982.574356</ele>
        <time>2025-06-13T18:30:50.490Z</time>
      </trkpt>
      <trkpt lat="50.436511" lon="12.968096">
        <ele>979.844788</ele>
        <time>2025-06-13T18:30:58.201Z</time>
      </trkpt>
      <trkpt lat="50.436282" lon="12.967790">
        <ele>979.258468</ele>
        <time>2025-06-13T18:31:01.889Z</time>
      </trkpt>
      <trkpt lat="50.436060" lon="12.967569">
        <ele>979.103909</ele>
        <time>2025-06-13T18:31:05.127Z</time>
      </trkpt>
      <trkpt lat="50.436182" lon="12.967168">
        <ele>978.937479</ele>
        <time>2025-06-13T18:31:08.444Z</time>
      </trkpt>
      <trkpt lat="50.436325" lon="12.966674">
        <ele>978.734263</ele>
        <time>2025-06-13T18:31:12.486Z</time>
      </trkpt>
      <trkpt lat="50.436380" lon="12.966579">
        <ele>978.686184</ele>
        <time>2025-06-13T18:31:13.438Z</time>
      </trkpt>
      <trkpt lat="50.436357" lon="12.966466">
        <ele>978.641757</ele>
        <time>2025-06-13T18:31:14.345Z</time>
      </trkpt>
      <trkpt lat="50.436300" lon="12.965995">
        <ele>978.462210</ele>
        <time>2025-06-13T18:31:18.330Z</time>
      </trkpt>
      <trkpt lat="50.436281" lon="12.965842">
        <ele>978.403832</ele>
        <time>2025-06-13T18:31:19.782Z</time>
      </trkpt>
      <trkpt lat="50.436174" lon="12.964963">
        <ele>980.573008</ele>
        <time>2025-06-13T18:31:29.584Z</time>
      </trkpt>
      <trkpt lat="50.436179" lon="12.964697">
        <ele>981.524403</ele>
        <time>2025-06-13T18:31:33.453Z</time>
      </trkpt>
      <trkpt lat="50.436205" lon="12.964601">
        <ele>981.897352</ele>
        <time>2025-06-13T18:31:35.172Z</time>
      </trkpt>
      <trkpt lat="50.436227" lon="12.964518">
        <ele>982.218755</ele>
        <time>2025-06-13T18:31:36.678Z</time>
      </trkpt>
      <trkpt lat="50.436246" lon="12.964481">
        <ele>982.388670</ele>
        <time>2025-06-13T18:31:37.482Z</time>
      </trkpt>
      <trkpt lat="50.436457" lon="12.964071">
        <ele>984.273134</ele>
        <time>2025-06-13T18:31:47.685Z</time>
      </trkpt>
      <trkpt lat="50.437804" lon="12.962102">
        <ele>998.610832</ele>
        <time>2025-06-13T18:33:03.719Z</time>
      </trkpt>
      <trkpt lat="50.437913" lon="12.961969">
        <ele>999.886384</ele>
        <time>2025-06-13T18:33:09.251Z</time>
      </trkpt>
      <trkpt lat="50.438417" lon="12.961534">
        <ele>1005.202536</ele>
        <time>2025-06-13T18:33:32.318Z</time>
      </trkpt>
      <trkpt lat="50.438685" lon="12.961205">
        <ele>1008.379448</ele>
        <time>2025-06-13T18:33:46.504Z</time>
      </trkpt>
      <trkpt lat="50.438760" lon="12.961064">
        <ele>1009.472082</ele>
        <time>2025-06-13T18:33:51.500Z</time>
      </trkpt>
      <trkpt lat="50.438988" lon="12.960405">
        <ele>1013.932610</ele>
        <time>2025-06-13T18:34:12.908Z</time>
      </trkpt>
      <trkpt lat="50.439416" lon="12.958990">
        <ele>1023.007417</ele>
        <time>2025-06-13T18:34:53.526Z</time>
      </trkpt>
      <trkpt lat="50.439501" lon="12.958860">
        <ele>1023.928141</ele>
        <time>2025-06-13T18:34:58.012Z</time>
      </trkpt>
      <trkpt lat="50.440081" lon="12.958215">
        <ele>1029.443017</ele>
        <time>2025-06-13T18:35:23.248Z</time>
      </trkpt>
      <trkpt lat="50.440896" lon="12.957272">
        <ele>1037.331316</ele>
        <time>2025-06-13T18:35:58.865Z</time>
      </trkpt>
      <trkpt lat="50.441379" lon="12.956336">
        <ele>1043.412913</ele>
        <time>2025-06-13T18:36:28.894Z</time>
      </trkpt>
      <trkpt lat="50.441709" lon="12.955548">
        <ele>1048.173919</ele>
        <time>2025-06-13T18:36:52.387Z</time>
      </trkpt>
      <trkpt lat="50.441832" lon="12.955133">
        <ele>1050.135581</ele>
        <time>2025-06-13T18:37:02.779Z</time>
      </trkpt>
      <trkpt lat="50.441876" lon="12.954346">
        <ele>1051.049638</ele>
        <time>2025-06-13T18:37:18.735Z</time>
      </trkpt>
      <trkpt lat="50.441882" lon="12.954260">
        <ele>1051.149735</ele>
        <time>2025-06-13T18:37:20.311Z</time>
      </trkpt>
      <trkpt lat="50.441933" lon="12.953957">
        <ele>1051.512342</ele>
        <time>2025-06-13T18:37:25.104Z</time>
      </trkpt>
      <trkpt lat="50.442303" lon="12.952938">
        <ele>1052.869474</ele>
        <time>2025-06-13T18:37:36.138Z</time>
      </trkpt>
      <trkpt lat="50.442495" lon="12.952425">
        <ele>1052.313959</ele>
        <time>2025-06-13T18:37:39.881Z</time>
      </trkpt>
      <trkpt lat="50.443189" lon="12.950619">
        <ele>1043.011160</ele>
        <time>2025-06-13T18:37:51.893Z</time>
      </trkpt>
      <trkpt lat="50.443221" lon="12.950438">
        <ele>1042.182701</ele>
        <time>2025-06-13T18:37:52.935Z</time>
      </trkpt>
      <trkpt lat="50.443219" lon="12.950180">
        <ele>1041.044753</ele>
        <time>2025-06-13T18:37:54.363Z</time>
      </trkpt>
      <trkpt lat="50.443138" lon="12.949463">
        <ele>1036.198315</ele>
        <time>2025-06-13T18:37:58.331Z</time>
      </trkpt>
      <trkpt lat="50.442975" lon="12.948639">
        <ele>1030.326091</ele>
        <time>2025-06-13T18:38:02.949Z</time>
      </trkpt>
      <trkpt lat="50.442948" lon="12.948387">
        <ele>1028.586943</ele>
        <time>2025-06-13T18:38:04.295Z</time>
      </trkpt>
      <trkpt lat="50.442948" lon="12.948159">
        <ele>1027.035235</ele>
        <time>2025-06-13T18:38:05.500Z</time>
      </trkpt>
      <trkpt lat="50.443005" lon="12.947753">
        <ele>1024.205760</ele>
        <time>2025-06-13T18:38:07.691Z</time>
      </trkpt>
      <trkpt lat="50.443135" lon="12.946872">
        <ele>1019.254244</ele>
        <time>2025-06-13T18:38:12.514Z</time>
      </trkpt>
      <trkpt lat="50.443132" lon="12.946068">
        <ele>1015.626112</ele>
        <time>2025-06-13T18:38:16.905Z</time>
      </trkpt>
      <trkpt lat="50.443070" lon="12.945129">
        <ele>1011.366136</ele>
        <time>2025-06-13T18:38:22.365Z</time>
      </trkpt>
      <trkpt lat="50.442973" lon="12.943802">
        <ele>1011.111788</ele>
        <time>2025-06-13T18:38:32.201Z</time>
      </trkpt>
      <trkpt lat="50.442925" lon="12.943831">
        <ele>1011.341945</ele>
        <time>2025-06-13T18:38:33.639Z</time>
      </trkpt>
      <trkpt lat="50.442811" lon="12.943903">
        <ele>1011.891827</ele>
        <time>2025-06-13T18:38:37.152Z</time>
      </trkpt>
      <trkpt lat="50.441519" lon="12.944466">
        <ele>1019.583309</ele>
        <time>2025-06-13T18:39:36.326Z</time>
      </trkpt>
      <trkpt lat="50.439366" lon="12.946450">
        <ele>1052.321804</ele>
        <time>2025-06-13T18:42:13.596Z</time>
      </trkpt>
      <trkpt lat="50.439155" lon="12.946546">
        <ele>1055.509007</ele>
        <time>2025-06-13T18:42:26.534Z</time>
      </trkpt>
      <trkpt lat="50.439051" lon="12.946639">
        <ele>1057.245435</ele>
        <time>2025-06-13T18:42:33.622Z</time>
      </trkpt>
      <trkpt lat="50.437745" lon="12.947787">
        <ele>1080.546862</ele>
        <time>2025-06-13T18:44:07.599Z</time>
      </trkpt>
      <trkpt lat="50.437185" lon="12.948278">
        <ele>1090.922232</ele>
        <time>2025-06-13T18:44:49.387Z</time>
      </trkpt>
      <trkpt lat="50.434479" lon="12.950643">
        <ele>1139.695857</ele>
        <time>2025-06-13T18:48:05.708Z</time>
      </trkpt>
      <trkpt lat="50.434029" lon="12.951051">
        <ele>1147.464903</ele>
        <time>2025-06-13T18:48:35.674Z</time>
      </trkpt>
      <trkpt lat="50.433630" lon="12.951479">
        <ele>1153.070434</ele>
        <time>2025-06-13T18:49:00.902Z</time>
      </trkpt>
      <trkpt lat="50.433266" lon="12.951897">
        <ele>1157.349872</ele>
        <time>2025-06-13T18:49:22.124Z</time>
      </trkpt>
      <trkpt lat="50.433202" lon="12.951907">
        <ele>1157.960174</ele>
        <time>2025-06-13T18:49:25.024Z</time>
      </trkpt>
      <trkpt lat="50.431613" lon="12.952168">
        <ele>1170.980096</ele>
        <time>2025-06-13T18:50:25.201Z</time>
      </trkpt>
      <trkpt lat="50.431043" lon="12.952148">
        <ele>1174.392208</ele>
        <time>2025-06-13T18:50:43.031Z</time>
      </trkpt>
      <trkpt lat="50.429637" lon="12.951825">
        <ele>1182.467958</ele>
        <time>2025-06-13T18:51:24.823Z</time>
      </trkpt>
      <trkpt lat="50.429516" lon="12.951804">
        <ele>1183.131604</ele>
        <time>2025-06-13T18:51:28.639Z</time>
      </trkpt>
      <trkpt lat="50.429318" lon="12.951830">
        <ele>1184.214764</ele>
        <time>2025-06-13T18:51:34.910Z</time>
      </trkpt>
      <trkpt lat="50.429259" lon="12.951849">
        <ele>1184.543099</ele>
        <time>2025-06-13T18:51:36.794Z</time>
      </trkpt>
      <trkpt lat="50.428735" lon="12.951985">
        <ele>1187.438446</ele>
        <time>2025-06-13T18:51:53.511Z</time>
      </trkpt>
      <trkpt lat="50.428525" lon="12.952078">
        <ele>1188.934438</ele>
        <time>2025-06-13T18:52:00.509Z</time>
      </trkpt>
      <trkpt lat="50.428370" lon="12.952180">
        <ele>1190.233340</ele>
        <time>2025-06-13T18:52:06.291Z</time>
      </trkpt>
      <trkpt lat="50.427612" lon="12.952821">
        <ele>1196.887440</ele>
        <time>2025-06-13T18:52:40.376Z</time>
      </trkpt>
      <trkpt lat="50.428076" lon="12.953527">
        <ele>1201.822398</ele>
        <time>2025-06-13T18:53:11.454Z</time>
      </trkpt>
      <trkpt lat="50.428279" lon="12.953820">
        <ele>1202.501713</ele>
        <time>2025-06-13T18:53:24.342Z</time>
      </trkpt>
      <trkpt lat="50.428322" lon="12.953986">
        <ele>1202.782922</ele>
        <time>2025-06-13T18:53:29.665Z</time>
      </trkpt>
      <trkpt lat="50.428374" lon="12.954025">
        <ele>1202.924885</ele>
        <time>2025-06-13T18:53:31.645Z</time>
      </trkpt>
      <trkpt lat="50.428465" lon="12.954042">
        <ele>1203.150631</ele>
        <time>2025-06-13T18:53:35.090Z</time>
      </trkpt>
      <trkpt lat="50.428460" lon="12.954154">
        <ele>1203.326818</ele>
        <time>2025-06-13T18:53:37.391Z</time>
      </trkpt>
      <trkpt lat="50.428509" lon="12.954234">
        <ele>1203.500973</ele>
        <time>2025-06-13T18:53:39.765Z</time>
      </trkpt>
      <trkpt lat="50.428580" lon="12.954231">
        <ele>1203.675934</ele>
        <time>2025-06-13T18:53:41.724Z</time>
      </trkpt>
      <trkpt lat="50.428629" lon="12.954149">
        <ele>1203.852363</ele>
        <time>2025-06-13T18:53:43.750Z</time>
      </trkpt>
      <trkpt lat="50.428652" lon="12.954229">
        <ele>1203.990096</ele>
        <time>2025-06-13T18:53:45.031Z</time>
      </trkpt>
      <trkpt lat="50.428804" lon="12.954608">
        <ele>1204.692887</ele>
        <time>2025-06-13T18:53:50.300Z</time>
      </trkpt>
      <trkpt lat="50.428838" lon="12.954653">
        <ele>1204.802437</ele>
        <time>2025-06-13T18:53:50.849Z</time>
      </trkpt>
      <trkpt lat="50.428895" lon="12.954672">
        <ele>1204.945979</ele>
        <time>2025-06-13T18:53:51.775Z</time>
      </trkpt>
      <trkpt lat="50.428838" lon="12.954653">
        <ele>1205.089520</ele>
        <time>2025-06-13T18:53:52.515Z</time>
      </trkpt>
      <trkpt lat="50.428804" lon="12.954608">
        <ele>1205.199070</ele>
        <time>2025-06-13T18:53:53.035Z</time>
      </trkpt>
      <trkpt lat="50.428652" lon="12.954229">
        <ele>1205.901862</ele>
        <time>2025-06-13T18:53:56.175Z</time>
      </trkpt>
      <trkpt lat="50.428629" lon="12.954149">
        <ele>1206.039594</ele>
        <time>2025-06-13T18:53:56.740Z</time>
      </trkpt>
      <trkpt lat="50.428603" lon="12.954006">
        <ele>1206.043426</ele>
        <time>2025-06-13T18:53:57.651Z</time>
      </trkpt>
      <trkpt lat="50.428528" lon="12.953971">
        <ele>1205.305842</ele>
        <time>2025-06-13T18:53:58.391Z</time>
      </trkpt>
      <trkpt lat="50.428465" lon="12.954042">
        <ele>1204.574755</ele>
        <time>2025-06-13T18:53:59.093Z</time>
      </trkpt>
      <trkpt lat="50.428374" lon="12.954025">
        <ele>1203.710871</ele>
        <time>2025-06-13T18:53:59.912Z</time>
      </trkpt>
      <trkpt lat="50.428322" lon="12.953986">
        <ele>1203.167607</ele>
        <time>2025-06-13T18:54:00.420Z</time>
      </trkpt>
      <trkpt lat="50.428279" lon="12.953820">
        <ele>1202.091479</ele>
        <time>2025-06-13T18:54:02.230Z</time>
      </trkpt>
      <trkpt lat="50.428076" lon="12.953527">
        <ele>1199.491880</ele>
        <time>2025-06-13T18:54:06.542Z</time>
      </trkpt>
      <trkpt lat="50.427612" lon="12.952821">
        <ele>1193.400319</ele>
        <time>2025-06-13T18:54:16.276Z</time>
      </trkpt>
      <trkpt lat="50.425629" lon="12.949932">
        <ele>1165.964586</ele>
        <time>2025-06-13T18:54:57.144Z</time>
      </trkpt>
      <trkpt lat="50.422922" lon="12.945680">
        <ele>1147.400069</ele>
        <time>2025-06-13T18:56:04.836Z</time>
      </trkpt>
      <trkpt lat="50.422416" lon="12.944930">
        <ele>1145.076236</ele>
        <time>2025-06-13T18:56:18.164Z</time>
      </trkpt>
      <trkpt lat="50.422263" lon="12.944692">
        <ele>1144.356973</ele>
        <time>2025-06-13T18:56:22.295Z</time>
      </trkpt>
      <trkpt lat="50.419876" lon="12.940978">
        <ele>1132.173549</ele>
        <time>2025-06-13T18:57:23.908Z</time>
      </trkpt>
      <trkpt lat="50.419855" lon="12.940862">
        <ele>1131.857927</ele>
        <time>2025-06-13T18:57:24.675Z</time>
      </trkpt>
      <trkpt lat="50.419335" lon="12.939601">
        <ele>1126.231796</ele>
        <time>2025-06-13T18:57:33.903Z</time>
      </trkpt>
      <trkpt lat="50.418945" lon="12.938644">
        <ele>1121.252580</ele>
        <time>2025-06-13T18:57:40.642Z</time>
      </trkpt>
      <trkpt lat="50.418787" lon="12.938257">
        <ele>1119.237963</ele>
        <time>2025-06-13T18:57:43.378Z</time>
      </trkpt>
      <trkpt lat="50.419018" lon="12.938234">
        <ele>1117.693901</ele>
        <time>2025-06-13T18:57:47.111Z</time>
      </trkpt>
      <trkpt lat="50.419421" lon="12.938247">
        <ele>1115.239242</ele>
        <time>2025-06-13T18:57:50.744Z</time>
      </trkpt>
      <trkpt lat="50.420743" lon="12.938175">
        <ele>1107.183838</ele>
        <time>2025-06-13T18:58:03.039Z</time>
      </trkpt>
      <trkpt lat="50.420800" lon="12.938205">
        <ele>1106.861154</ele>
        <time>2025-06-13T18:58:03.625Z</time>
      </trkpt>
      <trkpt lat="50.420816" lon="12.938149">
        <ele>1106.658102</ele>
        <time>2025-06-13T18:58:04.007Z</time>
      </trkpt>
      <trkpt lat="50.420525" lon="12.937810">
        <ele>1104.776257</ele>
        <time>2025-06-13T18:58:07.456Z</time>
      </trkpt>
      <trkpt lat="50.420418" lon="12.937769">
        <ele>1104.204316</ele>
        <time>2025-06-13T18:58:08.512Z</time>
      </trkpt>
      <trkpt lat="50.420288" lon="12.937629">
        <ele>1103.385628</ele>
        <time>2025-06-13T18:58:10.025Z</time>
      </trkpt>
      <trkpt lat="50.420224" lon="12.937454">
        <ele>1102.718032</ele>
        <time>2025-06-13T18:58:11.288Z</time>
      </trkpt>
      <trkpt lat="50.420068" lon="12.936830">
        <ele>1100.500254</ele>
        <time>2025-06-13T18:58:15.470Z</time>
      </trkpt>
      <trkpt lat="50.420038" lon="12.936684">
        <ele>1099.992704</ele>
        <time>2025-06-13T18:58:16.421Z</time>
      </trkpt>
      <trkpt lat="50.419952" lon="12.936254">
        <ele>1098.501575</ele>
        <time>2025-06-13T18:58:19.181Z</time>
      </trkpt>
      <trkpt lat="50.419859" lon="12.936064">
        <ele>1097.685654</ele>
        <time>2025-06-13T18:58:20.582Z</time>
      </trkpt>
      <trkpt lat="50.419740" lon="12.935978">
        <ele>1096.757957</ele>
        <time>2025-06-13T18:58:21.757Z</time>
      </trkpt>
      <trkpt lat="50.420185" lon="12.935285">
        <ele>1092.318872</ele>
        <time>2025-06-13T18:58:27.553Z</time>
      </trkpt>
      <trkpt lat="50.420230" lon="12.935209">
        <ele>1091.850775</ele>
        <time>2025-06-13T18:58:28.167Z</time>
      </trkpt>
      <trkpt lat="50.420581" lon="12.934621">
        <ele>1088.215464</ele>
        <time>2025-06-13T18:58:32.911Z</time>
      </trkpt>
      <trkpt lat="50.423111" lon="12.934480">
        <ele>1070.983607</ele>
        <time>2025-06-13T18:58:56.178Z</time>
      </trkpt>
      <trkpt lat="50.423154" lon="12.932208">
        <ele>1058.248319</ele>
        <time>2025-06-13T18:59:08.572Z</time>
      </trkpt>
      <trkpt lat="50.423425" lon="12.931707">
        <ele>1055.057823</ele>
        <time>2025-06-13T18:59:12.180Z</time>
      </trkpt>
      <trkpt lat="50.423559" lon="12.931358">
        <ele>1053.137268</ele>
        <time>2025-06-13T18:59:14.457Z</time>
      </trkpt>
      <trkpt lat="50.423628" lon="12.931092">
        <ele>1051.783604</ele>
        <time>2025-06-13T18:59:16.089Z</time>
      </trkpt>
      <trkpt lat="50.423754" lon="12.930325">
        <ele>1048.050292</ele>
        <time>2025-06-13T18:59:24.394Z</time>
      </trkpt>
      <trkpt lat="50.424204" lon="12.929957">
        <ele>1044.338545</ele>
        <time>2025-06-13T18:59:32.790Z</time>
      </trkpt>
      <trkpt lat="50.424200" lon="12.929543">
        <ele>1043.737585</ele>
        <time>2025-06-13T18:59:37.215Z</time>
      </trkpt>
      <trkpt lat="50.424162" lon="12.929351">
        <ele>1043.445774</ele>
        <time>2025-06-13T18:59:39.401Z</time>
      </trkpt>
      <trkpt lat="50.424122" lon="12.929179">
        <ele>1043.180016</ele>
        <time>2025-06-13T18:59:41.462Z</time>
      </trkpt>
      <trkpt lat="50.423882" lon="12.928512">
        <ele>1042.068180</ele>
        <time>2025-06-13T18:59:50.538Z</time>
      </trkpt>
      <trkpt lat="50.424077" lon="12.927847">
        <ele>1041.005649</ele>
        <time>2025-06-13T18:59:56.084Z</time>
      </trkpt>
      <trkpt lat="50.424817" lon="12.925206">
        <ele>1043.158565</ele>
        <time>2025-06-13T19:00:33.176Z</time>
      </trkpt>
      <trkpt lat="50.424890" lon="12.924943">
        <ele>1043.509296</ele>
        <time>2025-06-13T19:00:36.764Z</time>
      </trkpt>
      <trkpt lat="50.425855" lon="12.921507">
        <ele>1046.402670</ele>
        <time>2025-06-13T19:01:16.433Z</time>
      </trkpt>
      <trkpt lat="50.425821" lon="12.921462">
        <ele>1046.450015</ele>
        <time>2025-06-13T19:01:17.528Z</time>
      </trkpt>
      <trkpt lat="50.425855" lon="12.921507">
        <ele>1046.497360</ele>
        <time>2025-06-13T19:01:18.780Z</time>
      </trkpt>
      <trkpt lat="50.426106" lon="12.921478">
        <ele>1046.765287</ele>
        <time>2025-06-13T19:01:23.552Z</time>
      </trkpt>
      <trkpt lat="50.426551" lon="12.921298">
        <ele>1047.254493</ele>
        <time>2025-06-13T19:01:32.323Z</time>
      </trkpt>
      <trkpt lat="50.428669" lon="12.920404">
        <ele>1048.783974</ele>
        <time>2025-06-13T19:02:08.866Z</time>
      </trkpt>
      <trkpt lat="50.429429" lon="12.920084">
        <ele>1048.589725</ele>
        <time>2025-06-13T19:02:21.146Z</time>
      </trkpt>
      <trkpt lat="50.430577" lon="12.919535">
        <ele>1047.993219</ele>
        <time>2025-06-13T19:02:37.937Z</time>
      </trkpt>
      <trkpt lat="50.430966" lon="12.919320">
        <ele>1047.105749</ele>
        <time>2025-06-13T19:02:43.075Z</time>
      </trkpt>
      <trkpt lat="50.431882" lon="12.918652">
        <ele>1044.932275</ele>
        <time>2025-06-13T19:02:55.097Z</time>
      </trkpt>
      <trkpt lat="50.433877" lon="12.917264">
        <ele>1040.246838</ele>
        <time>2025-06-13T19:03:21.795Z</time>
      </trkpt>
      <trkpt lat="50.435585" lon="12.916058">
        <ele>1036.874919</ele>
        <time>2025-06-13T19:03:45.666Z</time>
      </trkpt>
      <trkpt lat="50.438334" lon="12.914171">
        <ele>1029.519980</ele>
        <time>2025-06-13T19:04:21.998Z</time>
      </trkpt>
      <trkpt lat="50.440984" lon="12.912298">
        <ele>1019.873724</ele>
        <time>2025-06-13T19:04:55.352Z</time>
      </trkpt>
      <trkpt lat="50.442136" lon="12.911469">
        <ele>1015.331575</ele>
        <time>2025-06-13T19:05:09.739Z</time>
      </trkpt>
      <trkpt lat="50.442461" lon="12.911220">
        <ele>1014.057322</ele>
        <time>2025-06-13T19:05:13.745Z</time>
      </trkpt>
      <trkpt lat="50.442691" lon="12.910999">
        <ele>1013.107171</ele>
        <time>2025-06-13T19:05:16.746Z</time>
      </trkpt>
      <trkpt lat="50.442946" lon="12.910685">
        <ele>1011.965291</ele>
        <time>2025-06-13T19:05:20.348Z</time>
      </trkpt>
      <trkpt lat="50.444856" lon="12.908042">
        <ele>1004.788601</ele>
        <time>2025-06-13T19:05:50.560Z</time>
      </trkpt>
      <trkpt lat="50.445056" lon="12.907818">
        <ele>1004.471595</ele>
        <time>2025-06-13T19:05:53.347Z</time>
      </trkpt>
      <trkpt lat="50.446816" lon="12.903345">
        <ele>1000.313005</ele>
        <time>2025-06-13T19:06:33.121Z</time>
      </trkpt>
      <trkpt lat="50.446890" lon="12.903160">
        <ele>999.993244</ele>
        <time>2025-06-13T19:06:34.721Z</time>
      </trkpt>
      <trkpt lat="50.448735" lon="12.898504">
        <ele>990.512476</ele>
        <time>2025-06-13T19:07:11.848Z</time>
      </trkpt>
      <trkpt lat="50.449990" lon="12.894981">
        <ele>976.175497</ele>
        <time>2025-06-13T19:07:35.278Z</time>
      </trkpt>
      <trkpt lat="50.450401" lon="12.893767">
        <ele>971.919264</ele>
        <time>2025-06-13T19:07:44.009Z</time>
      </trkpt>
      <trkpt lat="50.451580" lon="12.890285">
        <ele>964.102557</ele>
        <time>2025-06-13T19:08:10.701Z</time>
      </trkpt>
      <trkpt lat="50.452099" lon="12.888796">
        <ele>959.754489</ele>
        <time>2025-06-13T19:08:20.686Z</time>
      </trkpt>
      <trkpt lat="50.456016" lon="12.877317">
        <ele>948.719219</ele>
        <time>2025-06-13T19:09:58.553Z</time>
      </trkpt>
      <trkpt lat="50.456223" lon="12.876791">
        <ele>948.016660</ele>
        <time>2025-06-13T19:10:02.825Z</time>
      </trkpt>
      <trkpt lat="50.456224" lon="12.876851">
        <ele>947.948468</ele>
        <time>2025-06-13T19:10:03.281Z</time>
      </trkpt>
      <trkpt lat="50.456223" lon="12.876791">
        <ele>947.880276</ele>
        <time>2025-06-13T19:10:03.700Z</time>
      </trkpt>
      <trkpt lat="50.456315" lon="12.876732">
        <ele>947.702944</ele>
        <time>2025-06-13T19:10:04.759Z</time>
      </trkpt>
      <trkpt lat="50.461675" lon="12.873288">
        <ele>931.161929</ele>
        <time>2025-06-13T19:11:04.503Z</time>
      </trkpt>
      <trkpt lat="50.462710" lon="12.872608">
        <ele>931.226336</ele>
        <time>2025-06-13T19:11:18.971Z</time>
      </trkpt>
      <trkpt lat="50.465936" lon="12.871293">
        <ele>936.017710</ele>
        <time>2025-06-13T19:12:27.904Z</time>
      </trkpt>
      <trkpt lat="50.466492" lon="12.871093">
        <ele>936.270190</ele>
        <time>2025-06-13T19:12:35.180Z</time>
      </trkpt>
      <trkpt lat="50.468842" lon="12.871565">
        <ele>924.898789</ele>
        <time>2025-06-13T19:12:57.971Z</time>
      </trkpt>
      <trkpt lat="50.474625" lon="12.872784">
        <ele>872.987764</ele>
        <time>2025-06-13T19:13:48.281Z</time>
      </trkpt>
      <trkpt lat="50.475127" lon="12.872834">
        <ele>868.299555</ele>
        <time>2025-06-13T19:13:52.526Z</time>
      </trkpt>
      <trkpt lat="50.476151" lon="12.872716">
        <ele>861.297908</ele>
        <time>2025-06-13T19:14:01.482Z</time>
      </trkpt>
      <trkpt lat="50.476193" lon="12.872500">
        <ele>860.636479</ele>
        <time>2025-06-13T19:14:02.834Z</time>
      </trkpt>
      <trkpt lat="50.476238" lon="12.872274">
        <ele>859.942995</ele>
        <time>2025-06-13T19:14:04.282Z</time>
      </trkpt>
      <trkpt lat="50.476264" lon="12.871830">
        <ele>858.637239</ele>
        <time>2025-06-13T19:14:07.135Z</time>
      </trkpt>
      <trkpt lat="50.476230" lon="12.871317">
        <ele>857.126784</ele>
        <time>2025-06-13T19:14:10.713Z</time>
      </trkpt>
      <trkpt lat="50.476172" lon="12.870892">
        <ele>855.853866</ele>
        <time>2025-06-13T19:14:14.148Z</time>
      </trkpt>
      <trkpt lat="50.475930" lon="12.870099">
        <ele>853.175968</ele>
        <time>2025-06-13T19:14:21.034Z</time>
      </trkpt>
      <trkpt lat="50.475615" lon="12.869239">
        <ele>850.137680</ele>
        <time>2025-06-13T19:14:27.433Z</time>
      </trkpt>
      <trkpt lat="50.475585" lon="12.869030">
        <ele>849.481650</ele>
        <time>2025-06-13T19:14:29.724Z</time>
      </trkpt>
      <trkpt lat="50.475574" lon="12.868957">
        <ele>849.251946</ele>
        <time>2025-06-13T19:14:30.513Z</time>
      </trkpt>
      <trkpt lat="50.475617" lon="12.868546">
        <ele>847.976580</ele>
        <time>2025-06-13T19:14:34.777Z</time>
      </trkpt>
      <trkpt lat="50.475658" lon="12.867721">
        <ele>843.617167</ele>
        <time>2025-06-13T19:14:42.893Z</time>
      </trkpt>
      <trkpt lat="50.475706" lon="12.867470">
        <ele>841.789291</ele>
        <time>2025-06-13T19:14:45.395Z</time>
      </trkpt>
      <trkpt lat="50.475783" lon="12.867283">
        <ele>840.235914</ele>
        <time>2025-06-13T19:14:47.508Z</time>
      </trkpt>
      <trkpt lat="50.475920" lon="12.867111">
        <ele>838.314172</ele>
        <time>2025-06-13T19:14:50.117Z</time>
      </trkpt>
      <trkpt lat="50.476068" lon="12.867026">
        <ele>836.587313</ele>
        <time>2025-06-13T19:14:52.465Z</time>
      </trkpt>
      <trkpt lat="50.476367" lon="12.866959">
        <ele>833.277452</ele>
        <time>2025-06-13T19:14:56.979Z</time>
      </trkpt>
      <trkpt lat="50.477461" lon="12.866999">
        <ele>822.289315</ele>
        <time>2025-06-13T19:15:13.790Z</time>
      </trkpt>
      <trkpt lat="50.477818" lon="12.866942">
        <ele>819.028948</ele>
        <time>2025-06-13T19:15:19.448Z</time>
      </trkpt>
      <trkpt lat="50.477952" lon="12.866884">
        <ele>817.766095</ele>
        <time>2025-06-13T19:15:21.648Z</time>
      </trkpt>
      <trkpt lat="50.478120" lon="12.866773">
        <ele>816.110225</ele>
        <time>2025-06-13T19:15:24.538Z</time>
      </trkpt>
      <trkpt lat="50.478563" lon="12.866308">
        <ele>811.269795</ele>
        <time>2025-06-13T19:15:33.026Z</time>
      </trkpt>
      <trkpt lat="50.478674" lon="12.866143">
        <ele>809.950362</ele>
        <time>2025-06-13T19:15:35.462Z</time>
      </trkpt>
      <trkpt lat="50.479509" lon="12.864516">
        <ele>798.753399</ele>
        <time>2025-06-13T19:15:56.621Z</time>
      </trkpt>
      <trkpt lat="50.479926" lon="12.863906">
        <ele>793.848986</ele>
        <time>2025-06-13T19:16:05.632Z</time>
      </trkpt>
      <trkpt lat="50.482326" lon="12.860778">
        <ele>766.488539</ele>
        <time>2025-06-13T19:16:54.552Z</time>
      </trkpt>
      <trkpt lat="50.483133" lon="12.859868">
        <ele>759.386340</ele>
        <time>2025-06-13T19:17:10.855Z</time>
      </trkpt>
      <trkpt lat="50.483828" lon="12.859141">
        <ele>753.877573</ele>
        <time>2025-06-13T19:17:24.882Z</time>
      </trkpt>
      <trkpt lat="50.485163" lon="12.858116">
        <ele>743.668045</ele>
        <time>2025-06-13T19:17:49.517Z</time>
      </trkpt>
      <trkpt lat="50.485361" lon="12.857898">
        <ele>741.993791</ele>
        <time>2025-06-13T19:17:53.441Z</time>
      </trkpt>
      <trkpt lat="50.485583" lon="12.857600">
        <ele>739.971878</ele>
        <time>2025-06-13T19:17:58.143Z</time>
      </trkpt>
      <trkpt lat="50.485964" lon="12.857003">
        <ele>735.022270</ele>
        <time>2025-06-13T19:18:06.680Z</time>
      </trkpt>
      <trkpt lat="50.486261" lon="12.856241">
        <ele>729.729217</ele>
        <time>2025-06-13T19:18:15.553Z</time>
      </trkpt>
      <trkpt lat="50.486391" lon="12.856049">
        <ele>728.068497</ele>
        <time>2025-06-13T19:18:18.319Z</time>
      </trkpt>
      <trkpt lat="50.486908" lon="12.855590">
        <ele>722.485109</ele>
        <time>2025-06-13T19:18:27.476Z</time>
      </trkpt>
      <trkpt lat="50.487362" lon="12.855042">
        <ele>716.581263</ele>
        <time>2025-06-13T19:18:36.198Z</time>
      </trkpt>
      <trkpt lat="50.487736" lon="12.854788">
        <ele>712.379302</ele>
        <time>2025-06-13T19:18:42.393Z</time>
      </trkpt>
      <trkpt lat="50.487986" lon="12.854572">
        <ele>709.437024</ele>
        <time>2025-06-13T19:18:46.756Z</time>
      </trkpt>
      <trkpt lat="50.488518" lon="12.854006">
        <ele>703.145203</ele>
        <time>2025-06-13T19:18:56.706Z</time>
      </trkpt>
      <trkpt lat="50.489009" lon="12.853680">
        <ele>698.730723</ele>
        <time>2025-06-13T19:19:05.124Z</time>
      </trkpt>
      <trkpt lat="50.489171" lon="12.853537">
        <ele>697.191903</ele>
        <time>2025-06-13T19:19:08.097Z</time>
      </trkpt>
      <trkpt lat="50.489296" lon="12.853382">
        <ele>695.873248</ele>
        <time>2025-06-13T19:19:10.657Z</time>
      </trkpt>
      <trkpt lat="50.489671" lon="12.852781">
        <ele>691.437608</ele>
        <time>2025-06-13T19:19:19.335Z</time>
      </trkpt>
      <trkpt lat="50.490025" lon="12.852417">
        <ele>688.083430</ele>
        <time>2025-06-13T19:19:26.174Z</time>
      </trkpt>
      <trkpt lat="50.490228" lon="12.852145">
        <ele>686.071105</ele>
        <time>2025-06-13T19:19:30.469Z</time>
      </trkpt>
      <trkpt lat="50.490437" lon="12.851666">
        <ele>683.283440</ele>
        <time>2025-06-13T19:19:36.418Z</time>
      </trkpt>
      <trkpt lat="50.490549" lon="12.851279">
        <ele>681.242903</ele>
        <time>2025-06-13T19:19:40.779Z</time>
      </trkpt>
      <trkpt lat="50.490723" lon="12.849790">
        <ele>673.940045</ele>
        <time>2025-06-13T19:19:56.418Z</time>
      </trkpt>
      <trkpt lat="50.490819" lon="12.849307">
        <ele>671.467972</ele>
        <time>2025-06-13T19:20:01.667Z</time>
      </trkpt>
      <trkpt lat="50.491223" lon="12.848218">
        <ele>665.309470</ele>
        <time>2025-06-13T19:20:14.663Z</time>
      </trkpt>
      <trkpt lat="50.491875" lon="12.846858">
        <ele>656.283937</ele>
        <time>2025-06-13T19:20:31.801Z</time>
      </trkpt>
      <trkpt lat="50.492014" lon="12.846664">
        <ele>654.664075</ele>
        <time>2025-06-13T19:20:34.726Z</time>
      </trkpt>
      <trkpt lat="50.492398" lon="12.846310">
        <ele>650.784749</ele>
        <time>2025-06-13T19:20:41.710Z</time>
      </trkpt>
      <trkpt lat="50.492736" lon="12.845932">
        <ele>647.169922</ele>
        <time>2025-06-13T19:20:48.192Z</time>
      </trkpt>
      <trkpt lat="50.493538" lon="12.845032">
        <ele>640.574654</ele>
        <time>2025-06-13T19:21:03.985Z</time>
      </trkpt>
      <trkpt lat="50.493937" lon="12.844692">
        <ele>637.607744</ele>
        <time>2025-06-13T19:21:11.609Z</time>
      </trkpt>
      <trkpt lat="50.493940" lon="12.844625">
        <ele>637.328424</ele>
        <time>2025-06-13T19:21:12.350Z</time>
      </trkpt>
      <trkpt lat="50.493951" lon="12.844348">
        <ele>636.174233</ele>
        <time>2025-06-13T19:21:15.417Z</time>
      </trkpt>
      <trkpt lat="50.494082" lon="12.843636">
        <ele>633.984554</ele>
        <time>2025-06-13T19:21:23.909Z</time>
      </trkpt>
      <trkpt lat="50.494047" lon="12.843094">
        <ele>632.904797</ele>
        <time>2025-06-13T19:21:30.417Z</time>
      </trkpt>
      <trkpt lat="50.493967" lon="12.842502">
        <ele>631.705280</ele>
        <time>2025-06-13T19:21:37.798Z</time>
      </trkpt>
      <trkpt lat="50.493364" lon="12.839541">
        <ele>624.806096</ele>
        <time>2025-06-13T19:22:14.676Z</time>
      </trkpt>
      <trkpt lat="50.493334" lon="12.839187">
        <ele>623.955334</ele>
        <time>2025-06-13T19:22:18.672Z</time>
      </trkpt>
      <trkpt lat="50.493357" lon="12.838614">
        <ele>622.587598</ele>
        <time>2025-06-13T19:22:24.996Z</time>
      </trkpt>
      <trkpt lat="50.494073" lon="12.836439">
        <ele>613.936157</ele>
        <time>2025-06-13T19:22:51.310Z</time>
      </trkpt>
      <trkpt lat="50.494174" lon="12.836218">
        <ele>612.967757</ele>
        <time>2025-06-13T19:22:54.263Z</time>
      </trkpt>
      <trkpt lat="50.494324" lon="12.835991">
        <ele>611.725155</ele>
        <time>2025-06-13T19:22:57.837Z</time>
      </trkpt>
      <trkpt lat="50.495726" lon="12.834821">
        <ele>601.681029</ele>
        <time>2025-06-13T19:23:24.548Z</time>
      </trkpt>
      <trkpt lat="50.496874" lon="12.833752">
        <ele>590.235788</ele>
        <time>2025-06-13T19:23:45.508Z</time>
      </trkpt>
      <trkpt lat="50.497308" lon="12.833349">
        <ele>585.814972</ele>
        <time>2025-06-13T19:23:53.392Z</time>
      </trkpt>
      <trkpt lat="50.497741" lon="12.832943">
        <ele>581.043835</ele>
        <time>2025-06-13T19:24:01.282Z</time>
      </trkpt>
      <trkpt lat="50.498268" lon="12.832353">
        <ele>574.854271</ele>
        <time>2025-06-13T19:24:11.441Z</time>
      </trkpt>
      <trkpt lat="50.498661" lon="12.831614">
        <ele>568.992484</ele>
        <time>2025-06-13T19:24:20.864Z</time>
      </trkpt>
      <trkpt lat="50.498827" lon="12.831468">
        <ele>567.184173</ele>
        <time>2025-06-13T19:24:23.775Z</time>
      </trkpt>
      <trkpt lat="50.499033" lon="12.831372">
        <ele>565.155955</ele>
        <time>2025-06-13T19:24:27.058Z</time>
      </trkpt>
      <trkpt lat="50.499777" lon="12.831439">
        <ele>558.121298</ele>
        <time>2025-06-13T19:24:38.572Z</time>
      </trkpt>
      <trkpt lat="50.499938" lon="12.831396">
        <ele>556.579730</ele>
        <time>2025-06-13T19:24:39.971Z</time>
      </trkpt>
      <trkpt lat="50.500064" lon="12.831351">
        <ele>555.360022</ele>
        <time>2025-06-13T19:24:41.091Z</time>
      </trkpt>
      <trkpt lat="50.500492" lon="12.831037">
        <ele>550.953389</ele>
        <time>2025-06-13T19:24:45.213Z</time>
      </trkpt>
      <trkpt lat="50.500941" lon="12.830854">
        <ele>548.063311</ele>
        <time>2025-06-13T19:24:49.338Z</time>
      </trkpt>
      <trkpt lat="50.501235" lon="12.830689">
        <ele>546.118260</ele>
        <time>2025-06-13T19:24:52.172Z</time>
      </trkpt>
      <trkpt lat="50.501537" lon="12.830432">
        <ele>543.978610</ele>
        <time>2025-06-13T19:24:55.362Z</time>
      </trkpt>
      <trkpt lat="50.501831" lon="12.830240">
        <ele>541.995027</ele>
        <time>2025-06-13T19:24:58.347Z</time>
      </trkpt>
      <trkpt lat="50.503433" lon="12.829412">
        <ele>533.697394</ele>
        <time>2025-06-13T19:25:14.672Z</time>
      </trkpt>
      <trkpt lat="50.503689" lon="12.829340">
        <ele>532.505308</ele>
        <time>2025-06-13T19:25:17.187Z</time>
      </trkpt>
      <trkpt lat="50.504520" lon="12.829315">
        <ele>529.041119</ele>
        <time>2025-06-13T19:25:25.222Z</time>
      </trkpt>
      <trkpt lat="50.504949" lon="12.829362">
        <ele>527.304283</ele>
        <time>2025-06-13T19:25:29.404Z</time>
      </trkpt>
      <trkpt lat="50.505805" lon="12.829455">
        <ele>524.118378</ele>
        <time>2025-06-13T19:25:38.035Z</time>
      </trkpt>
      <trkpt lat="50.506051" lon="12.829403">
        <ele>523.677109</ele>
        <time>2025-06-13T19:25:40.646Z</time>
      </trkpt>
      <trkpt lat="50.506271" lon="12.829299">
        <ele>523.268703</ele>
        <time>2025-06-13T19:25:43.131Z</time>
      </trkpt>
      <trkpt lat="50.506577" lon="12.829063">
        <ele>522.662783</ele>
        <time>2025-06-13T19:25:46.855Z</time>
      </trkpt>
      <trkpt lat="50.506839" lon="12.828819">
        <ele>522.121434</ele>
        <time>2025-06-13T19:25:50.281Z</time>
      </trkpt>
      <trkpt lat="50.507509" lon="12.827987">
        <ele>521.510718</ele>
        <time>2025-06-13T19:26:00.868Z</time>
      </trkpt>
      <trkpt lat="50.507826" lon="12.827474">
        <ele>522.068237</ele>
        <time>2025-06-13T19:26:07.878Z</time>
      </trkpt>
      <trkpt lat="50.508149" lon="12.827073">
        <ele>522.572619</ele>
        <time>2025-06-13T19:26:15.400Z</time>
      </trkpt>
      <trkpt lat="50.508771" lon="12.826476">
        <ele>523.325030</ele>
        <time>2025-06-13T19:26:31.030Z</time>
      </trkpt>
      <trkpt lat="50.509260" lon="12.825842">
        <ele>523.196726</ele>
        <time>2025-06-13T19:26:43.532Z</time>
      </trkpt>
      <trkpt lat="50.509584" lon="12.825553">
        <ele>523.121318</ele>
        <time>2025-06-13T19:26:48.814Z</time>
      </trkpt>
      <trkpt lat="50.509846" lon="12.825239">
        <ele>523.054630</ele>
        <time>2025-06-13T19:26:52.617Z</time>
      </trkpt>
      <trkpt lat="50.510216" lon="12.824646">
        <ele>521.762841</ele>
        <time>2025-06-13T19:26:57.987Z</time>
      </trkpt>
      <trkpt lat="50.510404" lon="12.824200">
        <ele>519.234218</ele>
        <time>2025-06-13T19:27:01.230Z</time>
      </trkpt>
      <trkpt lat="50.510510" lon="12.823671">
        <ele>516.613173</ele>
        <time>2025-06-13T19:27:04.442Z</time>
      </trkpt>
      <trkpt lat="50.510680" lon="12.822388">
        <ele>510.419939</ele>
        <time>2025-06-13T19:27:11.631Z</time>
      </trkpt>
      <trkpt lat="50.510762" lon="12.821769">
        <ele>506.246194</ele>
        <time>2025-06-13T19:27:15.007Z</time>
      </trkpt>
      <trkpt lat="50.510888" lon="12.820752">
        <ele>498.690363</ele>
        <time>2025-06-13T19:27:20.454Z</time>
      </trkpt>
      <trkpt lat="50.511034" lon="12.819660">
        <ele>490.552966</ele>
        <time>2025-06-13T19:27:26.329Z</time>
      </trkpt>
      <trkpt lat="50.511161" lon="12.818522">
        <ele>484.077963</ele>
        <time>2025-06-13T19:27:32.572Z</time>
      </trkpt>
      <trkpt lat="50.511190" lon="12.817800">
        <ele>480.301964</ele>
        <time>2025-06-13T19:27:36.604Z</time>
      </trkpt>
      <trkpt lat="50.511128" lon="12.817799">
        <ele>479.793059</ele>
        <time>2025-06-13T19:27:37.383Z</time>
      </trkpt>
      <trkpt lat="50.511190" lon="12.817800">
        <ele>479.284154</ele>
        <time>2025-06-13T19:27:38.150Z</time>
      </trkpt>
      <trkpt lat="50.511213" lon="12.816963">
        <ele>474.911346</ele>
        <time>2025-06-13T19:27:42.999Z</time>
      </trkpt>
      <trkpt lat="50.511935" lon="12.816888">
        <ele>472.600787</ele>
        <time>2025-06-13T19:27:49.881Z</time>
      </trkpt>
      <trkpt lat="50.512198" lon="12.816946">
        <ele>471.926255</ele>
        <time>2025-06-13T19:27:52.521Z</time>
      </trkpt>
      <trkpt lat="50.512255" lon="12.816966">
        <ele>471.777920</ele>
        <time>2025-06-13T19:27:53.134Z</time>
      </trkpt>
      <trkpt lat="50.512356" lon="12.816999">
        <ele>471.515910</ele>
        <time>2025-06-13T19:27:54.261Z</time>
      </trkpt>
      <trkpt lat="50.512786" lon="12.817040">
        <ele>470.421744</ele>
        <time>2025-06-13T19:27:59.520Z</time>
      </trkpt>
      <trkpt lat="50.512818" lon="12.816810">
        <ele>470.041474</ele>
        <time>2025-06-13T19:28:01.743Z</time>
      </trkpt>
      <trkpt lat="50.512883" lon="12.816496">
        <ele>469.739060</ele>
        <time>2025-06-13T19:28:05.313Z</time>
      </trkpt>
      <trkpt lat="50.512887" lon="12.816320">
        <ele>469.891861</ele>
        <time>2025-06-13T19:28:07.384Z</time>
      </trkpt>
      <trkpt lat="50.512660" lon="12.816125">
        <ele>470.244779</ele>
        <time>2025-06-13T19:28:12.846Z</time>
      </trkpt>
      <trkpt lat="50.512596" lon="12.816028">
        <ele>470.366056</ele>
        <time>2025-06-13T19:28:14.890Z</time>
      </trkpt>
      <trkpt lat="50.512568" lon="12.815930">
        <ele>470.459272</ele>
        <time>2025-06-13T19:28:16.507Z</time>
      </trkpt>
      <trkpt lat="50.512566" lon="12.815799">
        <ele>470.572966</ele>
        <time>2025-06-13T19:28:18.397Z</time>
      </trkpt>
      <trkpt lat="50.513539" lon="12.815487">
        <ele>471.927849</ele>
        <time>2025-06-13T19:28:38.091Z</time>
      </trkpt>
      <trkpt lat="50.514124" lon="12.815459">
        <ele>471.168657</ele>
        <time>2025-06-13T19:28:44.976Z</time>
      </trkpt>
      <trkpt lat="50.514350" lon="12.815485">
        <ele>470.693388</ele>
        <time>2025-06-13T19:28:47.357Z</time>
      </trkpt>
      <trkpt lat="50.515206" lon="12.815849">
        <ele>468.833578</ele>
        <time>2025-06-13T19:28:56.456Z</time>
      </trkpt>
      <trkpt lat="50.515620" lon="12.816116">
        <ele>467.767706</ele>
        <time>2025-06-13T19:29:01.315Z</time>
      </trkpt>
      <trkpt lat="50.516284" lon="12.816732">
        <ele>465.687892</ele>
        <time>2025-06-13T19:29:09.496Z</time>
      </trkpt>
      <trkpt lat="50.517050" lon="12.817400">
        <ele>463.381978</ele>
        <time>2025-06-13T19:29:18.610Z</time>
      </trkpt>
      <trkpt lat="50.517436" lon="12.817881">
        <ele>462.519407</ele>
        <time>2025-06-13T19:29:23.710Z</time>
      </trkpt>
      <trkpt lat="50.517996" lon="12.818521">
        <ele>461.306953</ele>
        <time>2025-06-13T19:29:31.694Z</time>
      </trkpt>
      <trkpt lat="50.518200" lon="12.818714">
        <ele>460.889983</ele>
        <time>2025-06-13T19:29:34.602Z</time>
      </trkpt>
      <trkpt lat="50.518389" lon="12.818822">
        <ele>460.537779</ele>
        <time>2025-06-13T19:29:37.029Z</time>
      </trkpt>
      <trkpt lat="50.518843" lon="12.818958">
        <ele>460.073134</ele>
        <time>2025-06-13T19:29:42.481Z</time>
      </trkpt>
      <trkpt lat="50.519984" lon="12.819660">
        <ele>459.142293</ele>
        <time>2025-06-13T19:29:57.146Z</time>
      </trkpt>
      <trkpt lat="50.520430" lon="12.819980">
        <ele>458.869305</ele>
        <time>2025-06-13T19:30:03.656Z</time>
      </trkpt>
      <trkpt lat="50.520724" lon="12.820030">
        <ele>458.755840</ele>
        <time>2025-06-13T19:30:08.084Z</time>
      </trkpt>
      <trkpt lat="50.520892" lon="12.820017">
        <ele>458.691301</ele>
        <time>2025-06-13T19:30:10.700Z</time>
      </trkpt>
      <trkpt lat="50.521163" lon="12.819991">
        <ele>458.587125</ele>
        <time>2025-06-13T19:30:14.850Z</time>
      </trkpt>
      <trkpt lat="50.521434" lon="12.819965">
        <ele>458.482949</ele>
        <time>2025-06-13T19:30:18.471Z</time>
      </trkpt>
      <trkpt lat="50.521648" lon="12.820037">
        <ele>458.398980</ele>
        <time>2025-06-13T19:30:21.149Z</time>
      </trkpt>
      <trkpt lat="50.521895" lon="12.820055">
        <ele>458.304105</ele>
        <time>2025-06-13T19:30:24.036Z</time>
      </trkpt>
      <trkpt lat="50.522757" lon="12.819908">
        <ele>456.126950</ele>
        <time>2025-06-13T19:30:33.298Z</time>
      </trkpt>
      <trkpt lat="50.522841" lon="12.819893">
        <ele>455.901027</ele>
        <time>2025-06-13T19:30:34.179Z</time>
      </trkpt>
      <trkpt lat="50.523630" lon="12.820101">
        <ele>453.763100</ele>
        <time>2025-06-13T19:30:42.292Z</time>
      </trkpt>
      <trkpt lat="50.523984" lon="12.820014">
        <ele>453.085901</ele>
        <time>2025-06-13T19:30:45.949Z</time>
      </trkpt>
      <trkpt lat="50.524651" lon="12.819646">
        <ele>451.989151</ele>
        <time>2025-06-13T19:30:53.973Z</time>
      </trkpt>
      <trkpt lat="50.524846" lon="12.819670">
        <ele>451.685660</ele>
        <time>2025-06-13T19:30:56.307Z</time>
      </trkpt>
      <trkpt lat="50.525214" lon="12.819452">
        <ele>451.075512</ele>
        <time>2025-06-13T19:31:01.086Z</time>
      </trkpt>
      <trkpt lat="50.525480" lon="12.819377">
        <ele>450.677012</ele>
        <time>2025-06-13T19:31:04.329Z</time>
      </trkpt>
      <trkpt lat="50.525999" lon="12.819260">
        <ele>450.491734</ele>
        <time>2025-06-13T19:31:11.023Z</time>
      </trkpt>
      <trkpt lat="50.526353" lon="12.819075">
        <ele>450.359914</ele>
        <time>2025-06-13T19:31:15.596Z</time>
      </trkpt>
      <trkpt lat="50.526449" lon="12.819025">
        <ele>450.324179</ele>
        <time>2025-06-13T19:31:16.772Z</time>
      </trkpt>
      <trkpt lat="50.526692" lon="12.818857">
        <ele>450.230380</ele>
        <time>2025-06-13T19:31:20.087Z</time>
      </trkpt>
      <trkpt lat="50.527412" lon="12.818493">
        <ele>450.147579</ele>
        <time>2025-06-13T19:31:30.701Z</time>
      </trkpt>
      <trkpt lat="50.527542" lon="12.818354">
        <ele>450.213402</ele>
        <time>2025-06-13T19:31:33.132Z</time>
      </trkpt>
      <trkpt lat="50.527949" lon="12.817856">
        <ele>450.429324</ele>
        <time>2025-06-13T19:31:41.605Z</time>
      </trkpt>
      <trkpt lat="50.528020" lon="12.817781">
        <ele>450.465137</ele>
        <time>2025-06-13T19:31:42.848Z</time>
      </trkpt>
      <trkpt lat="50.528137" lon="12.817721">
        <ele>450.516670</ele>
        <time>2025-06-13T19:31:44.669Z</time>
      </trkpt>
      <trkpt lat="50.528616" lon="12.817556">
        <ele>450.722006</ele>
        <time>2025-06-13T19:31:51.908Z</time>
      </trkpt>
      <trkpt lat="50.528767" lon="12.817454">
        <ele>450.790821</ele>
        <time>2025-06-13T19:31:54.125Z</time>
      </trkpt>
      <trkpt lat="50.529005" lon="12.817289">
        <ele>450.798451</ele>
        <time>2025-06-13T19:31:57.426Z</time>
      </trkpt>
      <trkpt lat="50.529117" lon="12.817291">
        <ele>450.797368</ele>
        <time>2025-06-13T19:31:58.801Z</time>
      </trkpt>
      <trkpt lat="50.529187" lon="12.817109">
        <ele>450.796060</ele>
        <time>2025-06-13T19:32:00.494Z</time>
      </trkpt>
      <trkpt lat="50.529415" lon="12.816717">
        <ele>450.792794</ele>
        <time>2025-06-13T19:32:04.790Z</time>
      </trkpt>
      <trkpt lat="50.529886" lon="12.816081">
        <ele>450.786792</ele>
        <time>2025-06-13T19:32:13.023Z</time>
      </trkpt>
      <trkpt lat="50.530064" lon="12.815762">
        <ele>450.784183</ele>
        <time>2025-06-13T19:32:17.097Z</time>
      </trkpt>
      <trkpt lat="50.530334" lon="12.815061">
        <ele>450.835663</ele>
        <time>2025-06-13T19:32:24.820Z</time>
      </trkpt>
      <trkpt lat="50.531278" lon="12.812536">
        <ele>450.992128</ele>
        <time>2025-06-13T19:32:49.672Z</time>
      </trkpt>
      <trkpt lat="50.531456" lon="12.812041">
        <ele>450.986402</ele>
        <time>2025-06-13T19:32:54.594Z</time>
      </trkpt>
      <trkpt lat="50.531519" lon="12.812052">
        <ele>450.985398</ele>
        <time>2025-06-13T19:32:55.368Z</time>
      </trkpt>
      <trkpt lat="50.531578" lon="12.812022">
        <ele>450.984416</ele>
        <time>2025-06-13T19:32:56.256Z</time>
      </trkpt>
      <trkpt lat="50.531666" lon="12.811893">
        <ele>450.982511</ele>
        <time>2025-06-13T19:32:57.833Z</time>
      </trkpt>
      <trkpt lat="50.531963" lon="12.811094">
        <ele>450.973191</ele>
        <time>2025-06-13T19:33:05.615Z</time>
      </trkpt>
      <trkpt lat="50.531979" lon="12.810973">
        <ele>450.971947</ele>
        <time>2025-06-13T19:33:06.743Z</time>
      </trkpt>
      <trkpt lat="50.533192" lon="12.807722">
        <ele>450.483474</ele>
        <time>2025-06-13T19:33:38.574Z</time>
      </trkpt>
      <trkpt lat="50.533287" lon="12.807468">
        <ele>450.349165</ele>
        <time>2025-06-13T19:33:40.847Z</time>
      </trkpt>
      <trkpt lat="50.533513" lon="12.806872">
        <ele>450.032887</ele>
        <time>2025-06-13T19:33:46.016Z</time>
      </trkpt>
      <trkpt lat="50.534211" lon="12.805498">
        <ele>449.700075</ele>
        <time>2025-06-13T19:33:59.239Z</time>
      </trkpt>
      <trkpt lat="50.534346" lon="12.805112">
        <ele>449.752456</ele>
        <time>2025-06-13T19:34:03.163Z</time>
      </trkpt>
      <trkpt lat="50.534365" lon="12.804858">
        <ele>449.782863</ele>
        <time>2025-06-13T19:34:05.671Z</time>
      </trkpt>
      <trkpt lat="50.534340" lon="12.804813">
        <ele>449.789969</ele>
        <time>2025-06-13T19:34:06.285Z</time>
      </trkpt>
      <trkpt lat="50.534299" lon="12.804759">
        <ele>449.799970</ele>
        <time>2025-06-13T19:34:07.231Z</time>
      </trkpt>
      <trkpt lat="50.535136" lon="12.802964">
        <ele>449.121112</ele>
        <time>2025-06-13T19:34:30.011Z</time>
      </trkpt>
      <trkpt lat="50.535563" lon="12.802385">
        <ele>448.431480</ele>
        <time>2025-06-13T19:34:36.335Z</time>
      </trkpt>
      <trkpt lat="50.535748" lon="12.802186">
        <ele>448.157311</ele>
        <time>2025-06-13T19:34:38.679Z</time>
      </trkpt>
      <trkpt lat="50.535877" lon="12.802092">
        <ele>447.983389</ele>
        <time>2025-06-13T19:34:40.137Z</time>
      </trkpt>
      <trkpt lat="50.536414" lon="12.801271">
        <ele>446.575913</ele>
        <time>2025-06-13T19:34:47.744Z</time>
      </trkpt>
      <trkpt lat="50.536754" lon="12.800688">
        <ele>445.510574</ele>
        <time>2025-06-13T19:34:53.107Z</time>
      </trkpt>
      <trkpt lat="50.537856" lon="12.799012">
        <ele>442.930553</ele>
        <time>2025-06-13T19:35:11.270Z</time>
      </trkpt>
      <trkpt lat="50.538317" lon="12.798208">
        <ele>442.056496</ele>
        <time>2025-06-13T19:35:19.438Z</time>
      </trkpt>
      <trkpt lat="50.538779" lon="12.797501">
        <ele>440.277989</ele>
        <time>2025-06-13T19:35:26.724Z</time>
      </trkpt>
      <trkpt lat="50.539288" lon="12.796634">
        <ele>437.075245</ele>
        <time>2025-06-13T19:35:34.601Z</time>
      </trkpt>
      <trkpt lat="50.539812" lon="12.795840">
        <ele>433.969264</ele>
        <time>2025-06-13T19:35:41.179Z</time>
      </trkpt>
      <trkpt lat="50.539956" lon="12.795754">
        <ele>433.076689</ele>
        <time>2025-06-13T19:35:42.539Z</time>
      </trkpt>
      <trkpt lat="50.539991" lon="12.795804">
        <ele>432.802277</ele>
        <time>2025-06-13T19:35:42.951Z</time>
      </trkpt>
      <trkpt lat="50.540040" lon="12.796317">
        <ele>430.888481</ele>
        <time>2025-06-13T19:35:45.854Z</time>
      </trkpt>
      <trkpt lat="50.540202" lon="12.797045">
        <ele>428.042901</ele>
        <time>2025-06-13T19:35:50.224Z</time>
      </trkpt>
      <trkpt lat="50.540224" lon="12.797401">
        <ele>426.723370</ele>
        <time>2025-06-13T19:35:52.288Z</time>
      </trkpt>
      <trkpt lat="50.540194" lon="12.797897">
        <ele>424.885283</ele>
        <time>2025-06-13T19:35:55.325Z</time>
      </trkpt>
      <trkpt lat="50.540193" lon="12.798029">
        <ele>424.398281</ele>
        <time>2025-06-13T19:35:56.199Z</time>
      </trkpt>
      <trkpt lat="50.540234" lon="12.798171">
        <ele>423.822893</ele>
        <time>2025-06-13T19:35:57.270Z</time>
      </trkpt>
      <trkpt lat="50.540345" lon="12.798148">
        <ele>423.495914</ele>
        <time>2025-06-13T19:35:58.513Z</time>
      </trkpt>
      <trkpt lat="50.540463" lon="12.798151">
        <ele>423.440443</ele>
        <time>2025-06-13T19:35:59.880Z</time>
      </trkpt>
      <trkpt lat="50.540692" lon="12.798135">
        <ele>423.332699</ele>
        <time>2025-06-13T19:36:02.793Z</time>
      </trkpt>
      <trkpt lat="50.540778" lon="12.798087">
        <ele>423.289809</ele>
        <time>2025-06-13T19:36:04.158Z</time>
      </trkpt>
      <trkpt lat="50.541164" lon="12.797752">
        <ele>423.082609</ele>
        <time>2025-06-13T19:36:11.119Z</time>
      </trkpt>
      <trkpt lat="50.541339" lon="12.797458">
        <ele>422.962281</ele>
        <time>2025-06-13T19:36:14.988Z</time>
      </trkpt>
      <trkpt lat="50.541504" lon="12.797859">
        <ele>422.819581</ele>
        <time>2025-06-13T19:36:19.560Z</time>
      </trkpt>
      <trkpt lat="50.541473" lon="12.798101">
        <ele>422.745838</ele>
        <time>2025-06-13T19:36:21.773Z</time>
      </trkpt>
      <trkpt lat="50.541504" lon="12.797859">
        <ele>422.671320</ele>
        <time>2025-06-13T19:36:23.965Z</time>
      </trkpt>
      <trkpt lat="50.541339" lon="12.797458">
        <ele>422.512470</ele>
        <time>2025-06-13T19:36:28.102Z</time>
      </trkpt>
      <trkpt lat="50.541400" lon="12.797325">
        <ele>422.457930</ele>
        <time>2025-06-13T19:36:29.362Z</time>
      </trkpt>
      <trkpt lat="50.541650" lon="12.796780">
        <ele>422.234428</ele>
        <time>2025-06-13T19:36:34.442Z</time>
      </trkpt>
      <trkpt lat="50.541843" lon="12.796367">
        <ele>422.063965</ele>
        <time>2025-06-13T19:36:38.166Z</time>
      </trkpt>
      <trkpt lat="50.541912" lon="12.796234">
        <ele>422.006874</ele>
        <time>2025-06-13T19:36:39.455Z</time>
      </trkpt>
      <trkpt lat="50.541987" lon="12.796094">
        <ele>421.945988</ele>
        <time>2025-06-13T19:36:40.862Z</time>
      </trkpt>
      <trkpt lat="50.542055" lon="12.795980">
        <ele>421.893999</ele>
        <time>2025-06-13T19:36:42.112Z</time>
      </trkpt>
      <trkpt lat="50.542136" lon="12.795927">
        <ele>421.848099</ele>
        <time>2025-06-13T19:36:43.265Z</time>
      </trkpt>
      <trkpt lat="50.542422" lon="12.795871">
        <ele>421.886409</ele>
        <time>2025-06-13T19:36:47.484Z</time>
      </trkpt>
      <trkpt lat="50.542520" lon="12.795881">
        <ele>422.074734</ele>
        <time>2025-06-13T19:36:49.095Z</time>
      </trkpt>
      <trkpt lat="50.542814" lon="12.795917">
        <ele>422.640227</ele>
        <time>2025-06-13T19:36:54.291Z</time>
      </trkpt>
      <trkpt lat="50.543079" lon="12.795885">
        <ele>423.149898</ele>
        <time>2025-06-13T19:36:59.422Z</time>
      </trkpt>
      <trkpt lat="50.543627" lon="12.795592">
        <ele>424.259775</ele>
        <time>2025-06-13T19:37:12.116Z</time>
      </trkpt>
      <trkpt lat="50.544731" lon="12.795172">
        <ele>425.358867</ele>
        <time>2025-06-13T19:37:35.221Z</time>
      </trkpt>
      <trkpt lat="50.545214" lon="12.795071">
        <ele>425.487245</ele>
        <time>2025-06-13T19:37:41.684Z</time>
      </trkpt>
      <trkpt lat="50.545551" lon="12.794873">
        <ele>425.582024</ele>
        <time>2025-06-13T19:37:46.014Z</time>
      </trkpt>
      <trkpt lat="50.545883" lon="12.794748">
        <ele>425.586044</ele>
        <time>2025-06-13T19:37:49.836Z</time>
      </trkpt>
      <trkpt lat="50.546073" lon="12.794636">
        <ele>425.224186</ele>
        <time>2025-06-13T19:37:52.041Z</time>
      </trkpt>
      <trkpt lat="50.546362" lon="12.794309">
        <ele>424.589353</ele>
        <time>2025-06-13T19:37:55.850Z</time>
      </trkpt>
      <trkpt lat="50.546454" lon="12.794206">
        <ele>424.387985</ele>
        <time>2025-06-13T19:37:57.052Z</time>
      </trkpt>
      <trkpt lat="50.546557" lon="12.794103">
        <ele>424.170333</ele>
        <time>2025-06-13T19:37:58.363Z</time>
      </trkpt>
      <trkpt lat="50.547429" lon="12.793234">
        <ele>422.415794</ele>
        <time>2025-06-13T19:38:10.030Z</time>
      </trkpt>
      <trkpt lat="50.547661" lon="12.792959">
        <ele>422.259610</ele>
        <time>2025-06-13T19:38:13.425Z</time>
      </trkpt>
      <trkpt lat="50.547930" lon="12.792544">
        <ele>422.057047</ele>
        <time>2025-06-13T19:38:17.983Z</time>
      </trkpt>
      <trkpt lat="50.548774" lon="12.791211">
        <ele>421.814626</ele>
        <time>2025-06-13T19:38:33.088Z</time>
      </trkpt>
      <trkpt lat="50.548838" lon="12.791039">
        <ele>422.126556</ele>
        <time>2025-06-13T19:38:35.213Z</time>
      </trkpt>
      <trkpt lat="50.548912" lon="12.790717">
        <ele>422.662420</ele>
        <time>2025-06-13T19:38:39.289Z</time>
      </trkpt>
      <trkpt lat="50.548974" lon="12.790270">
        <ele>423.378429</ele>
        <time>2025-06-13T19:38:45.704Z</time>
      </trkpt>
      <trkpt lat="50.549102" lon="12.789816">
        <ele>424.155718</ele>
        <time>2025-06-13T19:38:53.452Z</time>
      </trkpt>
      <trkpt lat="50.549388" lon="12.789202">
        <ele>425.347123</ele>
        <time>2025-06-13T19:39:04.962Z</time>
      </trkpt>
      <trkpt lat="50.549456" lon="12.788998">
        <ele>425.707634</ele>
        <time>2025-06-13T19:39:08.277Z</time>
      </trkpt>
      <trkpt lat="50.549523" lon="12.788766">
        <ele>425.986702</ele>
        <time>2025-06-13T19:39:12.129Z</time>
      </trkpt>
      <trkpt lat="50.549594" lon="12.788260">
        <ele>426.288605</ele>
        <time>2025-06-13T19:39:19.853Z</time>
      </trkpt>
      <trkpt lat="50.549598" lon="12.788192">
        <ele>426.328392</ele>
        <time>2025-06-13T19:39:20.754Z</time>
      </trkpt>
      <trkpt lat="50.549631" lon="12.787414">
        <ele>426.782671</ele>
        <time>2025-06-13T19:39:29.701Z</time>
      </trkpt>
      <trkpt lat="50.549994" lon="12.784356">
        <ele>425.750333</ele>
        <time>2025-06-13T19:39:53.556Z</time>
      </trkpt>
      <trkpt lat="50.550053" lon="12.783872">
        <ele>425.244629</ele>
        <time>2025-06-13T19:39:56.995Z</time>
      </trkpt>
      <trkpt lat="50.550065" lon="12.783555">
        <ele>424.918770</ele>
        <time>2025-06-13T19:39:59.156Z</time>
      </trkpt>
      <trkpt lat="50.550017" lon="12.782524">
        <ele>422.987537</ele>
        <time>2025-06-13T19:40:05.830Z</time>
      </trkpt>
      <trkpt lat="50.550102" lon="12.781841">
        <ele>421.498450</ele>
        <time>2025-06-13T19:40:10.195Z</time>
      </trkpt>
      <trkpt lat="50.549897" lon="12.781842">
        <ele>420.808160</ele>
        <time>2025-06-13T19:40:12.210Z</time>
      </trkpt>
      <trkpt lat="50.549433" lon="12.781595">
        <ele>419.158798</ele>
        <time>2025-06-13T19:40:17.168Z</time>
      </trkpt>
      <trkpt lat="50.549448" lon="12.781544">
        <ele>419.038556</ele>
        <time>2025-06-13T19:40:17.544Z</time>
      </trkpt>
      <trkpt lat="50.549470" lon="12.781470">
        <ele>418.863753</ele>
        <time>2025-06-13T19:40:18.084Z</time>
      </trkpt>
      <trkpt lat="50.549489" lon="12.781401">
        <ele>418.702855</ele>
        <time>2025-06-13T19:40:18.574Z</time>
      </trkpt>
      <trkpt lat="50.549493" lon="12.781282">
        <ele>418.535010</ele>
        <time>2025-06-13T19:40:19.375Z</time>
      </trkpt>
      <trkpt lat="50.549464" lon="12.781143">
        <ele>418.396993</ele>
        <time>2025-06-13T19:40:20.346Z</time>
      </trkpt>
      <trkpt lat="50.549346" lon="12.780695">
        <ele>417.939489</ele>
        <time>2025-06-13T19:40:23.638Z</time>
      </trkpt>
      <trkpt lat="50.549354" lon="12.780447">
        <ele>417.705230</ele>
        <time>2025-06-13T19:40:25.386Z</time>
      </trkpt>
      <trkpt lat="50.549397" lon="12.780151">
        <ele>417.418786</ele>
        <time>2025-06-13T19:40:27.586Z</time>
      </trkpt>
      <trkpt lat="50.549542" lon="12.779460">
        <ele>416.732287</ele>
        <time>2025-06-13T19:40:33.024Z</time>
      </trkpt>
      <trkpt lat="50.549608" lon="12.779165">
        <ele>416.437245</ele>
        <time>2025-06-13T19:40:35.383Z</time>
      </trkpt>
      <trkpt lat="50.550201" lon="12.777007">
        <ele>416.348602</ele>
        <time>2025-06-13T19:40:54.990Z</time>
      </trkpt>
      <trkpt lat="50.550350" lon="12.776545">
        <ele>416.467014</ele>
        <time>2025-06-13T19:41:00.301Z</time>
      </trkpt>
      <trkpt lat="50.550517" lon="12.776159">
        <ele>416.573741</ele>
        <time>2025-06-13T19:41:05.151Z</time>
      </trkpt>
      <trkpt lat="50.550766" lon="12.775731">
        <ele>416.616912</ele>
        <time>2025-06-13T19:41:11.975Z</time>
      </trkpt>
      <trkpt lat="50.551084" lon="12.775267">
        <ele>416.662224</ele>
        <time>2025-06-13T19:41:20.742Z</time>
      </trkpt>
      <trkpt lat="50.551123" lon="12.775142">
        <ele>416.671469</ele>
        <time>2025-06-13T19:41:22.188Z</time>
      </trkpt>
      <trkpt lat="50.551131" lon="12.774983">
        <ele>416.682059</ele>
        <time>2025-06-13T19:41:23.786Z</time>
      </trkpt>
      <trkpt lat="50.551217" lon="12.774982">
        <ele>416.691045</ele>
        <time>2025-06-13T19:41:25.068Z</time>
      </trkpt>
      <trkpt lat="50.551330" lon="12.774914">
        <ele>416.703686</ele>
        <time>2025-06-13T19:41:26.649Z</time>
      </trkpt>
      <trkpt lat="50.551718" lon="12.774329">
        <ele>416.759831</ele>
        <time>2025-06-13T19:41:32.710Z</time>
      </trkpt>
      <trkpt lat="50.551658" lon="12.774248">
        <ele>416.768091</ele>
        <time>2025-06-13T19:41:33.582Z</time>
      </trkpt>
      <trkpt lat="50.551660" lon="12.774151">
        <ele>416.655052</ele>
        <time>2025-06-13T19:41:34.285Z</time>
      </trkpt>
      <trkpt lat="50.551806" lon="12.773650">
        <ele>415.998447</ele>
        <time>2025-06-13T19:41:38.154Z</time>
      </trkpt>
      <trkpt lat="50.551996" lon="12.773226">
        <ele>415.380368</ele>
        <time>2025-06-13T19:41:41.644Z</time>
      </trkpt>
      <trkpt lat="50.552197" lon="12.772912">
        <ele>414.849392</ele>
        <time>2025-06-13T19:41:44.602Z</time>
      </trkpt>
      <trkpt lat="50.552645" lon="12.772424">
        <ele>413.827892</ele>
        <time>2025-06-13T19:41:51.213Z</time>
      </trkpt>
      <trkpt lat="50.552867" lon="12.772289">
        <ele>413.392693</ele>
        <time>2025-06-13T19:41:54.950Z</time>
      </trkpt>
      <trkpt lat="50.553067" lon="12.772236">
        <ele>413.305459</ele>
        <time>2025-06-13T19:41:57.933Z</time>
      </trkpt>
      <trkpt lat="50.553288" lon="12.772284">
        <ele>413.209503</ele>
        <time>2025-06-13T19:42:01.582Z</time>
      </trkpt>
      <trkpt lat="50.553571" lon="12.772430">
        <ele>413.081408</ele>
        <time>2025-06-13T19:42:06.767Z</time>
      </trkpt>
      <trkpt lat="50.553756" lon="12.772308">
        <ele>412.995134</ele>
        <time>2025-06-13T19:42:10.003Z</time>
      </trkpt>
      <trkpt lat="50.554093" lon="12.771979">
        <ele>412.824566</ele>
        <time>2025-06-13T19:42:15.321Z</time>
      </trkpt>
      <trkpt lat="50.554329" lon="12.771745">
        <ele>412.704596</ele>
        <time>2025-06-13T19:42:18.693Z</time>
      </trkpt>
      <trkpt lat="50.554412" lon="12.771617">
        <ele>412.654617</ele>
        <time>2025-06-13T19:42:19.959Z</time>
      </trkpt>
      <trkpt lat="50.554539" lon="12.771316">
        <ele>412.157939</ele>
        <time>2025-06-13T19:42:22.278Z</time>
      </trkpt>
      <trkpt lat="50.554646" lon="12.771051">
        <ele>411.558466</ele>
        <time>2025-06-13T19:42:24.244Z</time>
      </trkpt>
      <trkpt lat="50.555236" lon="12.769450">
        <ele>408.024835</ele>
        <time>2025-06-13T19:42:36.160Z</time>
      </trkpt>
      <trkpt lat="50.555416" lon="12.769049">
        <ele>407.123171</ele>
        <time>2025-06-13T19:42:39.458Z</time>
      </trkpt>
      <trkpt lat="50.557583" lon="12.765624">
        <ele>402.102511</ele>
        <time>2025-06-13T19:43:13.190Z</time>
      </trkpt>
      <trkpt lat="50.557483" lon="12.765336">
        <ele>401.912897</ele>
        <time>2025-06-13T19:43:17.761Z</time>
      </trkpt>
      <trkpt lat="50.557470" lon="12.765100">
        <ele>401.776043</ele>
        <time>2025-06-13T19:43:19.997Z</time>
      </trkpt>
      <trkpt lat="50.557505" lon="12.764846">
        <ele>401.820676</ele>
        <time>2025-06-13T19:43:22.939Z</time>
      </trkpt>
      <trkpt lat="50.557628" lon="12.764602">
        <ele>402.580501</ele>
        <time>2025-06-13T19:43:27.306Z</time>
      </trkpt>
      <trkpt lat="50.557653" lon="12.764456">
        <ele>402.949363</ele>
        <time>2025-06-13T19:43:29.801Z</time>
      </trkpt>
      <trkpt lat="50.557644" lon="12.764327">
        <ele>403.265937</ele>
        <time>2025-06-13T19:43:32.005Z</time>
      </trkpt>
      <trkpt lat="50.557547" lon="12.764012">
        <ele>404.119855</ele>
        <time>2025-06-13T19:43:40.025Z</time>
      </trkpt>
      <trkpt lat="50.557429" lon="12.763649">
        <ele>405.114544</ele>
        <time>2025-06-13T19:43:47.132Z</time>
      </trkpt>
      <trkpt lat="50.557210" lon="12.763383">
        <ele>406.176697</ele>
        <time>2025-06-13T19:43:54.833Z</time>
      </trkpt>
      <trkpt lat="50.557161" lon="12.763303">
        <ele>406.447777</ele>
        <time>2025-06-13T19:43:56.828Z</time>
      </trkpt>
      <trkpt lat="50.557057" lon="12.763001">
        <ele>407.285752</ele>
        <time>2025-06-13T19:44:03.044Z</time>
      </trkpt>
      <trkpt lat="50.557759" lon="12.762420">
        <ele>409.405214</ele>
        <time>2025-06-13T19:44:24.192Z</time>
      </trkpt>
      <trkpt lat="50.558290" lon="12.762201">
        <ele>410.405096</ele>
        <time>2025-06-13T19:44:33.935Z</time>
      </trkpt>
      <trkpt lat="50.558565" lon="12.762153">
        <ele>410.909087</ele>
        <time>2025-06-13T19:44:38.074Z</time>
      </trkpt>
      <trkpt lat="50.558830" lon="12.762108">
        <ele>411.394593</ele>
        <time>2025-06-13T19:44:41.979Z</time>
      </trkpt>
      <trkpt lat="50.559517" lon="12.762136">
        <ele>412.232201</ele>
        <time>2025-06-13T19:44:51.065Z</time>
      </trkpt>
      <trkpt lat="50.560369" lon="12.762366">
        <ele>412.992166</ele>
        <time>2025-06-13T19:45:02.895Z</time>
      </trkpt>
      <trkpt lat="50.560820" lon="12.762394">
        <ele>413.388968</ele>
        <time>2025-06-13T19:45:11.366Z</time>
      </trkpt>
      <trkpt lat="50.561303" lon="12.762284">
        <ele>414.823086</ele>
        <time>2025-06-13T19:45:23.030Z</time>
      </trkpt>
      <trkpt lat="50.561796" lon="12.762006">
        <ele>416.467042</ele>
        <time>2025-06-13T19:45:37.082Z</time>
      </trkpt>
      <trkpt lat="50.562061" lon="12.761805">
        <ele>417.390478</ele>
        <time>2025-06-13T19:45:44.576Z</time>
      </trkpt>
      <trkpt lat="50.562193" lon="12.761662">
        <ele>417.893503</ele>
        <time>2025-06-13T19:45:48.393Z</time>
      </trkpt>
      <trkpt lat="50.562568" lon="12.761138">
        <ele>419.066271</ele>
        <time>2025-06-13T19:45:58.725Z</time>
      </trkpt>
      <trkpt lat="50.562805" lon="12.760677">
        <ele>419.044651</ele>
        <time>2025-06-13T19:46:04.665Z</time>
      </trkpt>
      <trkpt lat="50.562933" lon="12.760001">
        <ele>419.018937</ele>
        <time>2025-06-13T19:46:10.549Z</time>
      </trkpt>
      <trkpt lat="50.563076" lon="12.759241">
        <ele>418.990042</ele>
        <time>2025-06-13T19:46:16.854Z</time>
      </trkpt>
      <trkpt lat="50.563078" lon="12.757860">
        <ele>416.502321</ele>
        <time>2025-06-13T19:46:26.631Z</time>
      </trkpt>
      <trkpt lat="50.563123" lon="12.757536">
        <ele>415.525883</ele>
        <time>2025-06-13T19:46:28.749Z</time>
      </trkpt>
      <trkpt lat="50.563222" lon="12.757150">
        <ele>414.300310</ele>
        <time>2025-06-13T19:46:31.310Z</time>
      </trkpt>
      <trkpt lat="50.563287" lon="12.756955">
        <ele>413.651961</ele>
        <time>2025-06-13T19:46:32.613Z</time>
      </trkpt>
      <trkpt lat="50.564031" lon="12.755649">
        <ele>407.716415</ele>
        <time>2025-06-13T19:46:42.577Z</time>
      </trkpt>
      <trkpt lat="50.564235" lon="12.755221">
        <ele>405.575430</ele>
        <time>2025-06-13T19:46:45.622Z</time>
      </trkpt>
      <trkpt lat="50.564330" lon="12.754946">
        <ele>404.322923</ele>
        <time>2025-06-13T19:46:47.428Z</time>
      </trkpt>
      <trkpt lat="50.564538" lon="12.754091">
        <ele>400.659646</ele>
        <time>2025-06-13T19:46:52.826Z</time>
      </trkpt>
      <trkpt lat="50.564680" lon="12.753434">
        <ele>398.789232</ele>
        <time>2025-06-13T19:46:57.034Z</time>
      </trkpt>
      <trkpt lat="50.564733" lon="12.753009">
        <ele>398.161171</ele>
        <time>2025-06-13T19:46:59.710Z</time>
      </trkpt>
      <trkpt lat="50.564759" lon="12.752481">
        <ele>397.393218</ele>
        <time>2025-06-13T19:47:03.110Z</time>
      </trkpt>
      <trkpt lat="50.564748" lon="12.752321">
        <ele>397.159846</ele>
        <time>2025-06-13T19:47:04.185Z</time>
      </trkpt>
      <trkpt lat="50.564850" lon="12.751643">
        <ele>396.149477</ele>
        <time>2025-06-13T19:47:09.197Z</time>
      </trkpt>
      <trkpt lat="50.564865" lon="12.751135">
        <ele>395.412029</ele>
        <time>2025-06-13T19:47:13.478Z</time>
      </trkpt>
      <trkpt lat="50.564931" lon="12.750972">
        <ele>395.304070</ele>
        <time>2025-06-13T19:47:15.417Z</time>
      </trkpt>
      <trkpt lat="50.564688" lon="12.750637">
        <ele>396.474961</ele>
        <time>2025-06-13T19:47:21.288Z</time>
      </trkpt>
      <trkpt lat="50.564324" lon="12.750153">
        <ele>398.202148</ele>
        <time>2025-06-13T19:47:31.924Z</time>
      </trkpt>
      <trkpt lat="50.564188" lon="12.749907">
        <ele>398.953097</ele>
        <time>2025-06-13T19:47:37.257Z</time>
      </trkpt>
      <trkpt lat="50.564090" lon="12.749579">
        <ele>399.787750</ele>
        <time>2025-06-13T19:47:43.641Z</time>
      </trkpt>
      <trkpt lat="50.564006" lon="12.749418">
        <ele>400.267502</ele>
        <time>2025-06-13T19:47:47.444Z</time>
      </trkpt>
      <trkpt lat="50.564145" lon="12.748834">
        <ele>401.703564</ele>
        <time>2025-06-13T19:48:01.070Z</time>
      </trkpt>
      <trkpt lat="50.564316" lon="12.748416">
        <ele>403.303504</ele>
        <time>2025-06-13T19:48:12.431Z</time>
      </trkpt>
      <trkpt lat="50.564469" lon="12.748165">
        <ele>404.427155</ele>
        <time>2025-06-13T19:48:20.743Z</time>
      </trkpt>
      <trkpt lat="50.564602" lon="12.747946">
        <ele>405.405813</ele>
        <time>2025-06-13T19:48:28.203Z</time>
      </trkpt>
      <trkpt lat="50.565077" lon="12.747042">
        <ele>409.195276</ele>
        <time>2025-06-13T19:48:54.322Z</time>
      </trkpt>
      <trkpt lat="50.565129" lon="12.747027">
        <ele>409.464097</ele>
        <time>2025-06-13T19:48:55.898Z</time>
      </trkpt>
      <trkpt lat="50.565116" lon="12.746791">
        <ele>410.229237</ele>
        <time>2025-06-13T19:48:59.653Z</time>
      </trkpt>
      <trkpt lat="50.565231" lon="12.746729">
        <ele>410.847351</ele>
        <time>2025-06-13T19:49:02.442Z</time>
      </trkpt>
      <trkpt lat="50.565527" lon="12.746386">
        <ele>410.662043</ele>
        <time>2025-06-13T19:49:09.667Z</time>
      </trkpt>
      <trkpt lat="50.567083" lon="12.744775">
        <ele>409.339386</ele>
        <time>2025-06-13T19:49:31.447Z</time>
      </trkpt>
      <trkpt lat="50.567339" lon="12.744556">
        <ele>408.981894</ele>
        <time>2025-06-13T19:49:34.732Z</time>
      </trkpt>
      <trkpt lat="50.567603" lon="12.744392">
        <ele>408.633657</ele>
        <time>2025-06-13T19:49:38.034Z</time>
      </trkpt>
      <trkpt lat="50.568063" lon="12.743998">
        <ele>407.991110</ele>
        <time>2025-06-13T19:49:44.083Z</time>
      </trkpt>
      <trkpt lat="50.568415" lon="12.743533">
        <ele>408.098673</ele>
        <time>2025-06-13T19:49:49.838Z</time>
      </trkpt>
      <trkpt lat="50.568508" lon="12.743412">
        <ele>408.382597</ele>
        <time>2025-06-13T19:49:51.537Z</time>
      </trkpt>
      <trkpt lat="50.568603" lon="12.743354">
        <ele>408.622388</ele>
        <time>2025-06-13T19:49:53.067Z</time>
      </trkpt>
      <trkpt lat="50.568731" lon="12.743358">
        <ele>408.923678</ele>
        <time>2025-06-13T19:49:55.121Z</time>
      </trkpt>
      <trkpt lat="50.569019" lon="12.743489">
        <ele>409.629166</ele>
        <time>2025-06-13T19:50:00.669Z</time>
      </trkpt>
      <trkpt lat="50.569415" lon="12.743525">
        <ele>410.562650</ele>
        <time>2025-06-13T19:50:09.512Z</time>
      </trkpt>
      <trkpt lat="50.569676" lon="12.743634">
        <ele>411.198119</ele>
        <time>2025-06-13T19:50:16.225Z</time>
      </trkpt>
      <trkpt lat="50.569879" lon="12.743772">
        <ele>411.718481</ele>
        <time>2025-06-13T19:50:22.282Z</time>
      </trkpt>
      <trkpt lat="50.570476" lon="12.744015">
        <ele>414.466513</ele>
        <time>2025-06-13T19:50:40.686Z</time>
      </trkpt>
      <trkpt lat="50.571526" lon="12.744893">
        <ele>420.100573</ele>
        <time>2025-06-13T19:51:13.392Z</time>
      </trkpt>
      <trkpt lat="50.571673" lon="12.745000">
        <ele>420.821782</ele>
        <time>2025-06-13T19:51:17.436Z</time>
      </trkpt>
      <trkpt lat="50.572592" lon="12.745115">
        <ele>424.745666</ele>
        <time>2025-06-13T19:51:41.723Z</time>
      </trkpt>
      <trkpt lat="50.573631" lon="12.745334">
        <ele>428.224836</ele>
        <time>2025-06-13T19:52:09.508Z</time>
      </trkpt>
      <trkpt lat="50.574159" lon="12.745391">
        <ele>428.532385</ele>
        <time>2025-06-13T19:52:20.079Z</time>
      </trkpt>
      <trkpt lat="50.574201" lon="12.745422">
        <ele>428.559340</ele>
        <time>2025-06-13T19:52:20.886Z</time>
      </trkpt>
      <trkpt lat="50.574328" lon="12.745551">
        <ele>428.647165</ele>
        <time>2025-06-13T19:52:23.253Z</time>
      </trkpt>
      <trkpt lat="50.574364" lon="12.745613">
        <ele>428.678168</ele>
        <time>2025-06-13T19:52:23.967Z</time>
      </trkpt>
      <trkpt lat="50.574872" lon="12.745829">
        <ele>428.983948</ele>
        <time>2025-06-13T19:52:34.907Z</time>
      </trkpt>
      <trkpt lat="50.575482" lon="12.745743">
        <ele>427.783793</ele>
        <time>2025-06-13T19:52:46.002Z</time>
      </trkpt>
      <trkpt lat="50.575768" lon="12.745638">
        <ele>426.775043</ele>
        <time>2025-06-13T19:52:51.254Z</time>
      </trkpt>
      <trkpt lat="50.576324" lon="12.745326">
        <ele>424.747555</ele>
        <time>2025-06-13T19:53:01.766Z</time>
      </trkpt>
      <trkpt lat="50.576422" lon="12.745176">
        <ele>424.278107</ele>
        <time>2025-06-13T19:53:04.246Z</time>
      </trkpt>
      <trkpt lat="50.576507" lon="12.744933">
        <ele>423.672941</ele>
        <time>2025-06-13T19:53:07.497Z</time>
      </trkpt>
      <trkpt lat="50.576587" lon="12.744688">
        <ele>423.071997</ele>
        <time>2025-06-13T19:53:10.774Z</time>
      </trkpt>
      <trkpt lat="50.576822" lon="12.744407">
        <ele>421.631243</ele>
        <time>2025-06-13T19:53:16.416Z</time>
      </trkpt>
      <trkpt lat="50.577125" lon="12.743818">
        <ele>419.173253</ele>
        <time>2025-06-13T19:53:25.386Z</time>
      </trkpt>
      <trkpt lat="50.577415" lon="12.743483">
        <ele>417.336719</ele>
        <time>2025-06-13T19:53:31.652Z</time>
      </trkpt>
      <trkpt lat="50.577505" lon="12.743191">
        <ele>416.284229</ele>
        <time>2025-06-13T19:53:35.116Z</time>
      </trkpt>
      <trkpt lat="50.578084" lon="12.742847">
        <ele>413.090764</ele>
        <time>2025-06-13T19:53:45.074Z</time>
      </trkpt>
      <trkpt lat="50.578417" lon="12.742510">
        <ele>410.961636</ele>
        <time>2025-06-13T19:53:51.243Z</time>
      </trkpt>
      <trkpt lat="50.579130" lon="12.741938">
        <ele>406.657562</ele>
        <time>2025-06-13T19:54:04.589Z</time>
      </trkpt>
      <trkpt lat="50.579442" lon="12.741078">
        <ele>404.256069</ele>
        <time>2025-06-13T19:54:17.052Z</time>
      </trkpt>
      <trkpt lat="50.579496" lon="12.740822">
        <ele>404.460997</ele>
        <time>2025-06-13T19:54:19.536Z</time>
      </trkpt>
      <trkpt lat="50.579912" lon="12.739968">
        <ele>405.278664</ele>
        <time>2025-06-13T19:54:32.388Z</time>
      </trkpt>
      <trkpt lat="50.580176" lon="12.739264">
        <ele>405.899770</ele>
        <time>2025-06-13T19:54:43.558Z</time>
      </trkpt>
      <trkpt lat="50.580224" lon="12.739063">
        <ele>406.062905</ele>
        <time>2025-06-13T19:54:46.324Z</time>
      </trkpt>
      <trkpt lat="50.580222" lon="12.737389">
        <ele>408.044102</ele>
        <time>2025-06-13T19:55:13.614Z</time>
      </trkpt>
      <trkpt lat="50.580243" lon="12.737073">
        <ele>408.440401</ele>
        <time>2025-06-13T19:55:18.705Z</time>
      </trkpt>
      <trkpt lat="50.580367" lon="12.736451">
        <ele>409.253557</ele>
        <time>2025-06-13T19:55:26.735Z</time>
      </trkpt>
      <trkpt lat="50.580622" lon="12.735846">
        <ele>408.788869</ele>
        <time>2025-06-13T19:55:32.990Z</time>
      </trkpt>
      <trkpt lat="50.580784" lon="12.735586">
        <ele>407.674872</ele>
        <time>2025-06-13T19:55:35.709Z</time>
      </trkpt>
      <trkpt lat="50.581106" lon="12.735157">
        <ele>405.643550</ele>
        <time>2025-06-13T19:55:40.291Z</time>
      </trkpt>
      <trkpt lat="50.581456" lon="12.734867">
        <ele>403.738821</ele>
        <time>2025-06-13T19:55:46.857Z</time>
      </trkpt>
      <trkpt lat="50.581874" lon="12.734580">
        <ele>401.542653</ele>
        <time>2025-06-13T19:55:54.349Z</time>
      </trkpt>
      <trkpt lat="50.582331" lon="12.734479">
        <ele>398.329190</ele>
        <time>2025-06-13T19:56:01.843Z</time>
      </trkpt>
      <trkpt lat="50.582574" lon="12.734370">
        <ele>396.434747</ele>
        <time>2025-06-13T19:56:05.874Z</time>
      </trkpt>
      <trkpt lat="50.582677" lon="12.734322">
        <ele>395.629365</ele>
        <time>2025-06-13T19:56:07.584Z</time>
      </trkpt>
      <trkpt lat="50.582768" lon="12.734320">
        <ele>394.946993</ele>
        <time>2025-06-13T19:56:09.026Z</time>
      </trkpt>
      <trkpt lat="50.583297" lon="12.734470">
        <ele>390.916845</ele>
        <time>2025-06-13T19:56:17.552Z</time>
      </trkpt>
      <trkpt lat="50.583644" lon="12.734506">
        <ele>388.309445</ele>
        <time>2025-06-13T19:56:23.132Z</time>
      </trkpt>
      <trkpt lat="50.584421" lon="12.734485">
        <ele>385.816652</ele>
        <time>2025-06-13T19:56:36.528Z</time>
      </trkpt>
      <trkpt lat="50.584826" lon="12.734378">
        <ele>384.738246</ele>
        <time>2025-06-13T19:56:44.732Z</time>
      </trkpt>
      <trkpt lat="50.585107" lon="12.734157">
        <ele>383.913442</ele>
        <time>2025-06-13T19:56:51.414Z</time>
      </trkpt>
      <trkpt lat="50.585287" lon="12.733987">
        <ele>383.362282</ele>
        <time>2025-06-13T19:56:56.045Z</time>
      </trkpt>
      <trkpt lat="50.585561" lon="12.733593">
        <ele>382.702447</ele>
        <time>2025-06-13T19:57:04.957Z</time>
      </trkpt>
      <trkpt lat="50.585905" lon="12.732964">
        <ele>382.184639</ele>
        <time>2025-06-13T19:57:17.275Z</time>
      </trkpt>
      <trkpt lat="50.586051" lon="12.732470">
        <ele>381.844769</ele>
        <time>2025-06-13T19:57:24.244Z</time>
      </trkpt>
      <trkpt lat="50.586102" lon="12.731924">
        <ele>381.500546</ele>
        <time>2025-06-13T19:57:31.036Z</time>
      </trkpt>
      <trkpt lat="50.586075" lon="12.731291">
        <ele>381.090419</ele>
        <time>2025-06-13T19:57:38.878Z</time>
      </trkpt>
      <trkpt lat="50.586018" lon="12.730895">
        <ele>380.641091</ele>
        <time>2025-06-13T19:57:43.946Z</time>
      </trkpt>
      <trkpt lat="50.585844" lon="12.730229">
        <ele>379.844147</ele>
        <time>2025-06-13T19:57:52.912Z</time>
      </trkpt>
      <trkpt lat="50.585579" lon="12.729511">
        <ele>378.925123</ele>
        <time>2025-06-13T19:58:03.330Z</time>
      </trkpt>
      <trkpt lat="50.585293" lon="12.728922">
        <ele>378.104578</ele>
        <time>2025-06-13T19:58:12.942Z</time>
      </trkpt>
      <trkpt lat="50.585101" lon="12.728648">
        <ele>377.679340</ele>
        <time>2025-06-13T19:58:18.175Z</time>
      </trkpt>
      <trkpt lat="50.584580" lon="12.728067">
        <ele>376.654020</ele>
        <time>2025-06-13T19:58:30.701Z</time>
      </trkpt>
      <trkpt lat="50.584101" lon="12.727726">
        <ele>375.809738</ele>
        <time>2025-06-13T19:58:41.283Z</time>
      </trkpt>
      <trkpt lat="50.583923" lon="12.727633">
        <ele>375.508525</ele>
        <time>2025-06-13T19:58:45.038Z</time>
      </trkpt>
      <trkpt lat="50.583752" lon="12.727603">
        <ele>375.232177</ele>
        <time>2025-06-13T19:58:48.515Z</time>
      </trkpt>
      <trkpt lat="50.583314" lon="12.727588">
        <ele>374.690754</ele>
        <time>2025-06-13T19:58:57.200Z</time>
      </trkpt>
      <trkpt lat="50.583000" lon="12.727514">
        <ele>374.325633</ele>
        <time>2025-06-13T19:59:03.432Z</time>
      </trkpt>
      <trkpt lat="50.582671" lon="12.727437">
        <ele>373.943127</ele>
        <time>2025-06-13T19:59:10.046Z</time>
      </trkpt>
      <trkpt lat="50.582360" lon="12.727284">
        <ele>373.568433</ele>
        <time>2025-06-13T19:59:16.683Z</time>
      </trkpt>
      <trkpt lat="50.582010" lon="12.726939">
        <ele>373.093592</ele>
        <time>2025-06-13T19:59:25.419Z</time>
      </trkpt>
      <trkpt lat="50.581601" lon="12.726824">
        <ele>373.642656</ele>
        <time>2025-06-13T19:59:34.946Z</time>
      </trkpt>
      <trkpt lat="50.581252" lon="12.726774">
        <ele>374.235574</ele>
        <time>2025-06-13T19:59:44.171Z</time>
      </trkpt>
      <trkpt lat="50.581079" lon="12.726741">
        <ele>374.530415</ele>
        <time>2025-06-13T19:59:47.541Z</time>
      </trkpt>
      <trkpt lat="50.580942" lon="12.726552">
        <ele>374.838567</ele>
        <time>2025-06-13T19:59:51.282Z</time>
      </trkpt>
      <trkpt lat="50.580783" lon="12.726083">
        <ele>375.409753</ele>
        <time>2025-06-13T19:59:58.766Z</time>
      </trkpt>
      <trkpt lat="50.580677" lon="12.725854">
        <ele>375.714209</ele>
        <time>2025-06-13T20:00:03.007Z</time>
      </trkpt>
      <trkpt lat="50.580573" lon="12.725519">
        <ele>376.027880</ele>
        <time>2025-06-13T20:00:08.276Z</time>
      </trkpt>
      <trkpt lat="50.580512" lon="12.725082">
        <ele>375.472604</ele>
        <time>2025-06-13T20:00:14.846Z</time>
      </trkpt>
      <trkpt lat="50.580546" lon="12.724505">
        <ele>374.753457</ele>
        <time>2025-06-13T20:00:20.677Z</time>
      </trkpt>
      <trkpt lat="50.580735" lon="12.723899">
        <ele>373.915583</ele>
        <time>2025-06-13T20:00:25.141Z</time>
      </trkpt>
      <trkpt lat="50.580785" lon="12.723615">
        <ele>373.549838</ele>
        <time>2025-06-13T20:00:26.950Z</time>
      </trkpt>
      <trkpt lat="50.580826" lon="12.723603">
        <ele>373.468336</ele>
        <time>2025-06-13T20:00:27.332Z</time>
      </trkpt>
      <trkpt lat="50.581155" lon="12.723512">
        <ele>372.815500</ele>
        <time>2025-06-13T20:00:30.465Z</time>
      </trkpt>
      <trkpt lat="50.581395" lon="12.723589">
        <ele>372.119327</ele>
        <time>2025-06-13T20:00:32.760Z</time>
      </trkpt>
      <trkpt lat="50.581648" lon="12.723658">
        <ele>371.126831</ele>
        <time>2025-06-13T20:00:35.134Z</time>
      </trkpt>
      <trkpt lat="50.581756" lon="12.723598">
        <ele>370.684156</ele>
        <time>2025-06-13T20:00:36.194Z</time>
      </trkpt>
      <trkpt lat="50.582010" lon="12.723359">
        <ele>369.540456</ele>
        <time>2025-06-13T20:00:38.882Z</time>
      </trkpt>
      <trkpt lat="50.582205" lon="12.723166">
        <ele>368.650214</ele>
        <time>2025-06-13T20:00:41.062Z</time>
      </trkpt>
      <trkpt lat="50.582226" lon="12.723141">
        <ele>368.548459</ele>
        <time>2025-06-13T20:00:41.325Z</time>
      </trkpt>
      <trkpt lat="50.582774" lon="12.722542">
        <ele>365.970027</ele>
        <time>2025-06-13T20:00:48.861Z</time>
      </trkpt>
      <trkpt lat="50.583026" lon="12.722190">
        <ele>365.234718</ele>
        <time>2025-06-13T20:00:53.006Z</time>
      </trkpt>
      <trkpt lat="50.583144" lon="12.721982">
        <ele>364.963385</ele>
        <time>2025-06-13T20:00:55.170Z</time>
      </trkpt>
      <trkpt lat="50.583532" lon="12.721238">
        <ele>364.026826</ele>
        <time>2025-06-13T20:01:02.320Z</time>
      </trkpt>
      <trkpt lat="50.583603" lon="12.721058">
        <ele>363.820692</ele>
        <time>2025-06-13T20:01:03.859Z</time>
      </trkpt>
      <trkpt lat="50.583772" lon="12.720482">
        <ele>363.203453</ele>
        <time>2025-06-13T20:01:08.366Z</time>
      </trkpt>
      <trkpt lat="50.583818" lon="12.720232">
        <ele>362.950258</ele>
        <time>2025-06-13T20:01:10.112Z</time>
      </trkpt>
      <trkpt lat="50.583887" lon="12.719736">
        <ele>362.242127</ele>
        <time>2025-06-13T20:01:13.592Z</time>
      </trkpt>
      <trkpt lat="50.583932" lon="12.718468">
        <ele>360.336662</ele>
        <time>2025-06-13T20:01:22.242Z</time>
      </trkpt>
      <trkpt lat="50.584001" lon="12.718011">
        <ele>359.631865</ele>
        <time>2025-06-13T20:01:25.407Z</time>
      </trkpt>
      <trkpt lat="50.584042" lon="12.717847">
        <ele>359.367415</ele>
        <time>2025-06-13T20:01:26.582Z</time>
      </trkpt>
      <trkpt lat="50.584078" lon="12.717794">
        <ele>359.250967</ele>
        <time>2025-06-13T20:01:27.108Z</time>
      </trkpt>
      <trkpt lat="50.584278" lon="12.717813">
        <ele>358.777504</ele>
        <time>2025-06-13T20:01:29.258Z</time>
      </trkpt>
      <trkpt lat="50.584369" lon="12.717786">
        <ele>358.569363</ele>
        <time>2025-06-13T20:01:30.244Z</time>
      </trkpt>
      <trkpt lat="50.584508" lon="12.717764">
        <ele>358.322533</ele>
        <time>2025-06-13T20:01:31.740Z</time>
      </trkpt>
      <trkpt lat="50.584535" lon="12.717005">
        <ele>357.469719</ele>
        <time>2025-06-13T20:01:37.255Z</time>
      </trkpt>
      <trkpt lat="50.584600" lon="12.716394">
        <ele>356.774719</ele>
        <time>2025-06-13T20:01:41.860Z</time>
      </trkpt>
      <trkpt lat="50.584892" lon="12.715152">
        <ele>355.334463</ele>
        <time>2025-06-13T20:01:52.130Z</time>
      </trkpt>
      <trkpt lat="50.584957" lon="12.714653">
        <ele>354.956947</ele>
        <time>2025-06-13T20:01:56.009Z</time>
      </trkpt>
      <trkpt lat="50.584976" lon="12.713761">
        <ele>354.295505</ele>
        <time>2025-06-13T20:02:02.747Z</time>
      </trkpt>
      <trkpt lat="50.584994" lon="12.712576">
        <ele>353.417038</ele>
        <time>2025-06-13T20:02:11.914Z</time>
      </trkpt>
      <trkpt lat="50.585335" lon="12.710819">
        <ele>353.748874</ele>
        <time>2025-06-13T20:02:28.174Z</time>
      </trkpt>
      <trkpt lat="50.585643" lon="12.709209">
        <ele>354.102181</ele>
        <time>2025-06-13T20:02:47.535Z</time>
      </trkpt>
      <trkpt lat="50.585812" lon="12.708352">
        <ele>354.221746</ele>
        <time>2025-06-13T20:02:56.096Z</time>
      </trkpt>
      <trkpt lat="50.586071" lon="12.707242">
        <ele>354.379309</ele>
        <time>2025-06-13T20:03:06.430Z</time>
      </trkpt>
      <trkpt lat="50.586166" lon="12.706841">
        <ele>354.246357</ele>
        <time>2025-06-13T20:03:09.883Z</time>
      </trkpt>
      <trkpt lat="50.586489" lon="12.705468">
        <ele>353.257820</ele>
        <time>2025-06-13T20:03:21.049Z</time>
      </trkpt>
      <trkpt lat="50.586513" lon="12.705380">
        <ele>353.193159</ele>
        <time>2025-06-13T20:03:21.783Z</time>
      </trkpt>
      <trkpt lat="50.586540" lon="12.705254">
        <ele>353.103379</ele>
        <time>2025-06-13T20:03:22.827Z</time>
      </trkpt>
      <trkpt lat="50.586770" lon="12.704243">
        <ele>352.371446</ele>
        <time>2025-06-13T20:03:31.387Z</time>
      </trkpt>
      <trkpt lat="50.586838" lon="12.703804">
        <ele>352.047959</ele>
        <time>2025-06-13T20:03:35.095Z</time>
      </trkpt>
      <trkpt lat="50.586947" lon="12.702903">
        <ele>351.391352</ele>
        <time>2025-06-13T20:03:42.105Z</time>
      </trkpt>
      <trkpt lat="50.587046" lon="12.702231">
        <ele>350.897505</ele>
        <time>2025-06-13T20:03:47.594Z</time>
      </trkpt>
      <trkpt lat="50.587427" lon="12.702479">
        <ele>350.455369</ele>
        <time>2025-06-13T20:03:52.362Z</time>
      </trkpt>
      <trkpt lat="50.587530" lon="12.702551">
        <ele>350.419080</ele>
        <time>2025-06-13T20:03:53.662Z</time>
      </trkpt>
      <trkpt lat="50.587614" lon="12.702253">
        <ele>350.352417</ele>
        <time>2025-06-13T20:03:56.221Z</time>
      </trkpt>
      <trkpt lat="50.587791" lon="12.701688">
        <ele>350.223602</ele>
        <time>2025-06-13T20:04:01.184Z</time>
      </trkpt>
      <trkpt lat="50.587921" lon="12.701390">
        <ele>350.149678</ele>
        <time>2025-06-13T20:04:04.177Z</time>
      </trkpt>
      <trkpt lat="50.588110" lon="12.701040">
        <ele>350.055736</ele>
        <time>2025-06-13T20:04:08.545Z</time>
      </trkpt>
      <trkpt lat="50.588002" lon="12.700878">
        <ele>350.007709</ele>
        <time>2025-06-13T20:04:10.924Z</time>
      </trkpt>
      <trkpt lat="50.587889" lon="12.700708">
        <ele>349.957388</ele>
        <time>2025-06-13T20:04:13.205Z</time>
      </trkpt>
      <trkpt lat="50.587833" lon="12.700624">
        <ele>349.932484</ele>
        <time>2025-06-13T20:04:14.391Z</time>
      </trkpt>
      <trkpt lat="50.587769" lon="12.700529">
        <ele>349.904164</ele>
        <time>2025-06-13T20:04:15.666Z</time>
      </trkpt>
      <trkpt lat="50.587635" lon="12.700329">
        <ele>349.898181</ele>
        <time>2025-06-13T20:04:18.554Z</time>
      </trkpt>
      <trkpt lat="50.587555" lon="12.699963">
        <ele>349.923498</ele>
        <time>2025-06-13T20:04:22.657Z</time>
      </trkpt>
      <trkpt lat="50.587510" lon="12.699942">
        <ele>349.928333</ele>
        <time>2025-06-13T20:04:23.438Z</time>
      </trkpt>
      <trkpt lat="50.587417" lon="12.699897">
        <ele>349.938356</ele>
        <time>2025-06-13T20:04:24.979Z</time>
      </trkpt>
      <trkpt lat="50.587492" lon="12.699708">
        <ele>349.952933</ele>
        <time>2025-06-13T20:04:27.184Z</time>
      </trkpt>
      <trkpt lat="50.587914" lon="12.699160">
        <ele>350.009276</ele>
        <time>2025-06-13T20:04:34.749Z</time>
      </trkpt>
      <trkpt lat="50.588516" lon="12.698483">
        <ele>350.258738</ele>
        <time>2025-06-13T20:04:44.357Z</time>
      </trkpt>
      <trkpt lat="50.588944" lon="12.697958">
        <ele>350.961670</ele>
        <time>2025-06-13T20:04:51.716Z</time>
      </trkpt>
      <trkpt lat="50.589435" lon="12.697241">
        <ele>351.829256</ele>
        <time>2025-06-13T20:05:03.834Z</time>
      </trkpt>
      <trkpt lat="50.589880" lon="12.696554">
        <ele>353.009329</ele>
        <time>2025-06-13T20:05:17.589Z</time>
      </trkpt>
      <trkpt lat="50.590354" lon="12.695545">
        <ele>355.675908</ele>
        <time>2025-06-13T20:05:36.019Z</time>
      </trkpt>
      <trkpt lat="50.590952" lon="12.694747">
        <ele>358.298554</ele>
        <time>2025-06-13T20:05:54.995Z</time>
      </trkpt>
      <trkpt lat="50.591506" lon="12.693863">
        <ele>361.406403</ele>
        <time>2025-06-13T20:06:14.841Z</time>
      </trkpt>
      <trkpt lat="50.591708" lon="12.693517">
        <ele>362.591033</ele>
        <time>2025-06-13T20:06:22.809Z</time>
      </trkpt>
      <trkpt lat="50.592443" lon="12.692409">
        <ele>366.311194</ele>
        <time>2025-06-13T20:06:48.992Z</time>
      </trkpt>
      <trkpt lat="50.593030" lon="12.691543">
        <ele>368.553370</ele>
        <time>2025-06-13T20:07:06.667Z</time>
      </trkpt>
      <trkpt lat="50.593361" lon="12.691040">
        <ele>369.835588</ele>
        <time>2025-06-13T20:07:15.189Z</time>
      </trkpt>
      <trkpt lat="50.593792" lon="12.690406">
        <ele>371.439802</ele>
        <time>2025-06-13T20:07:26.535Z</time>
      </trkpt>
      <trkpt lat="50.594033" lon="12.690141">
        <ele>372.223133</ele>
        <time>2025-06-13T20:07:32.690Z</time>
      </trkpt>
      <trkpt lat="50.594204" lon="12.690006">
        <ele>372.732923</ele>
        <time>2025-06-13T20:07:36.751Z</time>
      </trkpt>
      <trkpt lat="50.594813" lon="12.689611">
        <ele>374.488256</ele>
        <time>2025-06-13T20:07:51.162Z</time>
      </trkpt>
      <trkpt lat="50.595472" lon="12.689243">
        <ele>377.173836</ele>
        <time>2025-06-13T20:08:07.265Z</time>
      </trkpt>
      <trkpt lat="50.595639" lon="12.689191">
        <ele>378.006830</ele>
        <time>2025-06-13T20:08:11.433Z</time>
      </trkpt>
      <trkpt lat="50.595897" lon="12.689196">
        <ele>379.269401</ele>
        <time>2025-06-13T20:08:17.756Z</time>
      </trkpt>
      <trkpt lat="50.596138" lon="12.689357">
        <ele>380.550346</ele>
        <time>2025-06-13T20:08:24.558Z</time>
      </trkpt>
      <trkpt lat="50.596207" lon="12.689335">
        <ele>380.894831</ele>
        <time>2025-06-13T20:08:27.101Z</time>
      </trkpt>
      <trkpt lat="50.596465" lon="12.689625">
        <ele>382.445724</ele>
        <time>2025-06-13T20:08:39.033Z</time>
      </trkpt>
      <trkpt lat="50.596686" lon="12.689936">
        <ele>383.895781</ele>
        <time>2025-06-13T20:08:51.761Z</time>
      </trkpt>
      <trkpt lat="50.597151" lon="12.690342">
        <ele>387.390192</ele>
        <time>2025-06-13T20:09:17.650Z</time>
      </trkpt>
      <trkpt lat="50.597322" lon="12.690337">
        <ele>388.548146</ele>
        <time>2025-06-13T20:09:25.849Z</time>
      </trkpt>
      <trkpt lat="50.597497" lon="12.690196">
        <ele>389.878951</ele>
        <time>2025-06-13T20:09:35.057Z</time>
      </trkpt>
      <trkpt lat="50.597655" lon="12.690186">
        <ele>390.949552</ele>
        <time>2025-06-13T20:09:42.221Z</time>
      </trkpt>
      <trkpt lat="50.597784" lon="12.690090">
        <ele>391.915489</ele>
        <time>2025-06-13T20:09:48.616Z</time>
      </trkpt>
      <trkpt lat="50.599578" lon="12.689800">
        <ele>400.992989</ele>
        <time>2025-06-13T20:10:55.262Z</time>
      </trkpt>
      <trkpt lat="50.599805" lon="12.689675">
        <ele>401.965381</ele>
        <time>2025-06-13T20:11:03.484Z</time>
      </trkpt>
      <trkpt lat="50.599960" lon="12.689480">
        <ele>402.767484</ele>
        <time>2025-06-13T20:11:09.687Z</time>
      </trkpt>
      <trkpt lat="50.599918" lon="12.689395">
        <ele>403.043968</ele>
        <time>2025-06-13T20:11:11.168Z</time>
      </trkpt>
      <trkpt lat="50.599923" lon="12.689336">
        <ele>403.196748</ele>
        <time>2025-06-13T20:11:12.133Z</time>
      </trkpt>
      <trkpt lat="50.600025" lon="12.689143">
        <ele>403.553438</ele>
        <time>2025-06-13T20:11:16.640Z</time>
      </trkpt>
      <trkpt lat="50.600185" lon="12.688947">
        <ele>403.303690</ele>
        <time>2025-06-13T20:11:22.196Z</time>
      </trkpt>
      <trkpt lat="50.600381" lon="12.688819">
        <ele>403.042239</ele>
        <time>2025-06-13T20:11:27.562Z</time>
      </trkpt>
      <trkpt lat="50.600675" lon="12.688652">
        <ele>402.657126</ele>
        <time>2025-06-13T20:11:34.800Z</time>
      </trkpt>
      <trkpt lat="50.601007" lon="12.688542">
        <ele>402.239066</ele>
        <time>2025-06-13T20:11:41.472Z</time>
      </trkpt>
      <trkpt lat="50.601757" lon="12.688466">
        <ele>401.242410</ele>
        <time>2025-06-13T20:11:54.641Z</time>
      </trkpt>
      <trkpt lat="50.602730" lon="12.688282">
        <ele>399.101910</ele>
        <time>2025-06-13T20:12:13.224Z</time>
      </trkpt>
      <trkpt lat="50.603141" lon="12.688089">
        <ele>398.165172</ele>
        <time>2025-06-13T20:12:22.019Z</time>
      </trkpt>
      <trkpt lat="50.603406" lon="12.687778">
        <ele>397.469208</ele>
        <time>2025-06-13T20:12:28.890Z</time>
      </trkpt>
      <trkpt lat="50.603550" lon="12.687777">
        <ele>397.406307</ele>
        <time>2025-06-13T20:12:30.637Z</time>
      </trkpt>
      <trkpt lat="50.603830" lon="12.687400">
        <ele>397.245425</ele>
        <time>2025-06-13T20:12:35.700Z</time>
      </trkpt>
      <trkpt lat="50.604052" lon="12.687255">
        <ele>397.140451</ele>
        <time>2025-06-13T20:12:39.001Z</time>
      </trkpt>
      <trkpt lat="50.604185" lon="12.687092">
        <ele>397.066850</ele>
        <time>2025-06-13T20:12:41.320Z</time>
      </trkpt>
      <trkpt lat="50.605096" lon="12.686164">
        <ele>396.572676</ele>
        <time>2025-06-13T20:12:57.219Z</time>
      </trkpt>
      <trkpt lat="50.605775" lon="12.685267">
        <ele>396.104551</ele>
        <time>2025-06-13T20:13:11.414Z</time>
      </trkpt>
      <trkpt lat="50.606496" lon="12.684012">
        <ele>394.113381</ele>
        <time>2025-06-13T20:13:25.262Z</time>
      </trkpt>
      <trkpt lat="50.606693" lon="12.683751">
        <ele>393.022789</ele>
        <time>2025-06-13T20:13:28.122Z</time>
      </trkpt>
      <trkpt lat="50.606834" lon="12.683569">
        <ele>392.250470</ele>
        <time>2025-06-13T20:13:30.116Z</time>
      </trkpt>
      <trkpt lat="50.606931" lon="12.683827">
        <ele>391.444074</ele>
        <time>2025-06-13T20:13:32.629Z</time>
      </trkpt>
      <trkpt lat="50.607094" lon="12.684235">
        <ele>390.147630</ele>
        <time>2025-06-13T20:13:35.675Z</time>
      </trkpt>
      <trkpt lat="50.607159" lon="12.684235">
        <ele>389.872210</ele>
        <time>2025-06-13T20:13:36.327Z</time>
      </trkpt>
      <trkpt lat="50.607389" lon="12.684169">
        <ele>388.881618</ele>
        <time>2025-06-13T20:13:38.596Z</time>
      </trkpt>
      <trkpt lat="50.608119" lon="12.683870">
        <ele>384.806934</ele>
        <time>2025-06-13T20:13:45.855Z</time>
      </trkpt>
      <trkpt lat="50.608213" lon="12.683770">
        <ele>384.152780</ele>
        <time>2025-06-13T20:13:46.996Z</time>
      </trkpt>
      <trkpt lat="50.608234" lon="12.683762">
        <ele>384.028169</ele>
        <time>2025-06-13T20:13:47.211Z</time>
      </trkpt>
      <trkpt lat="50.608771" lon="12.683543">
        <ele>380.828873</ele>
        <time>2025-06-13T20:13:52.753Z</time>
      </trkpt>
      <trkpt lat="50.608851" lon="12.683511">
        <ele>380.352824</ele>
        <time>2025-06-13T20:13:53.556Z</time>
      </trkpt>
      <trkpt lat="50.608846" lon="12.683461">
        <ele>380.167554</ele>
        <time>2025-06-13T20:13:53.863Z</time>
      </trkpt>
      <trkpt lat="50.609543" lon="12.682227">
        <ele>372.962877</ele>
        <time>2025-06-13T20:14:03.898Z</time>
      </trkpt>
      <trkpt lat="50.610185" lon="12.681172">
        <ele>365.903102</ele>
        <time>2025-06-13T20:14:12.428Z</time>
      </trkpt>
      <trkpt lat="50.610397" lon="12.680690">
        <ele>362.922012</ele>
        <time>2025-06-13T20:14:15.861Z</time>
      </trkpt>
      <trkpt lat="50.610542" lon="12.680499">
        <ele>361.266520</ele>
        <time>2025-06-13T20:14:17.570Z</time>
      </trkpt>
      <trkpt lat="50.610692" lon="12.680416">
        <ele>359.873896</ele>
        <time>2025-06-13T20:14:19.013Z</time>
      </trkpt>
      <trkpt lat="50.610787" lon="12.680410">
        <ele>359.041044</ele>
        <time>2025-06-13T20:14:19.861Z</time>
      </trkpt>
      <trkpt lat="50.611296" lon="12.680841">
        <ele>353.979368</ele>
        <time>2025-06-13T20:14:25.046Z</time>
      </trkpt>
      <trkpt lat="50.611459" lon="12.680795">
        <ele>352.528802</ele>
        <time>2025-06-13T20:14:26.533Z</time>
      </trkpt>
      <trkpt lat="50.611509" lon="12.680743">
        <ele>352.004026</ele>
        <time>2025-06-13T20:14:27.241Z</time>
      </trkpt>
      <trkpt lat="50.611625" lon="12.680832">
        <ele>350.873850</ele>
        <time>2025-06-13T20:14:28.791Z</time>
      </trkpt>
      <trkpt lat="50.611665" lon="12.680816">
        <ele>350.512346</ele>
        <time>2025-06-13T20:14:29.290Z</time>
      </trkpt>
      <trkpt lat="50.611735" lon="12.680620">
        <ele>349.262130</ele>
        <time>2025-06-13T20:14:30.625Z</time>
      </trkpt>
      <trkpt lat="50.611757" lon="12.680563">
        <ele>348.891276</ele>
        <time>2025-06-13T20:14:31.021Z</time>
      </trkpt>
      <trkpt lat="50.611550" lon="12.680301">
        <ele>347.447186</ele>
        <time>2025-06-13T20:14:34.294Z</time>
      </trkpt>
      <trkpt lat="50.611456" lon="12.680059">
        <ele>346.672061</ele>
        <time>2025-06-13T20:14:36.514Z</time>
      </trkpt>
      <trkpt lat="50.611444" lon="12.679995">
        <ele>346.489750</ele>
        <time>2025-06-13T20:14:37.049Z</time>
      </trkpt>
      <trkpt lat="50.611523" lon="12.679721">
        <ele>345.667585</ele>
        <time>2025-06-13T20:14:39.403Z</time>
      </trkpt>
      <trkpt lat="50.611562" lon="12.679637">
        <ele>345.383249</ele>
        <time>2025-06-13T20:14:40.237Z</time>
      </trkpt>
      <trkpt lat="50.611585" lon="12.679584">
        <ele>345.207843</ele>
        <time>2025-06-13T20:14:40.758Z</time>
      </trkpt>
      <trkpt lat="50.611767" lon="12.678992">
        <ele>343.410798</ele>
        <time>2025-06-13T20:14:45.014Z</time>
      </trkpt>
      <trkpt lat="50.612176" lon="12.679512">
        <ele>341.148463</ele>
        <time>2025-06-13T20:14:54.939Z</time>
      </trkpt>
      <trkpt lat="50.612735" lon="12.680242">
        <ele>342.269739</ele>
        <time>2025-06-13T20:15:10.152Z</time>
      </trkpt>
      <trkpt lat="50.612825" lon="12.679621">
        <ele>343.447033</ele>
        <time>2025-06-13T20:15:18.483Z</time>
      </trkpt>
      <trkpt lat="50.612910" lon="12.679311">
        <ele>344.071177</ele>
        <time>2025-06-13T20:15:23.511Z</time>
      </trkpt>
      <trkpt lat="50.612931" lon="12.679110">
        <ele>344.447668</ele>
        <time>2025-06-13T20:15:26.775Z</time>
      </trkpt>
      <trkpt lat="50.612891" lon="12.678970">
        <ele>344.731436</ele>
        <time>2025-06-13T20:15:29.408Z</time>
      </trkpt>
      <trkpt lat="50.612824" lon="12.678858">
        <ele>345.015918</ele>
        <time>2025-06-13T20:15:32.133Z</time>
      </trkpt>
      <trkpt lat="50.612614" lon="12.678664">
        <ele>345.724910</ele>
        <time>2025-06-13T20:15:39.642Z</time>
      </trkpt>
      <trkpt lat="50.612350" lon="12.678225">
        <ele>349.691949</ele>
        <time>2025-06-13T20:15:53.625Z</time>
      </trkpt>
      <trkpt lat="50.612212" lon="12.677798">
        <ele>352.985440</ele>
        <time>2025-06-13T20:16:06.084Z</time>
      </trkpt>
      <trkpt lat="50.612169" lon="12.677563">
        <ele>354.666415</ele>
        <time>2025-06-13T20:16:12.930Z</time>
      </trkpt>
      <trkpt lat="50.612135" lon="12.677334">
        <ele>356.282852</ele>
        <time>2025-06-13T20:16:20.207Z</time>
      </trkpt>
      <trkpt lat="50.612128" lon="12.676984">
        <ele>358.689618</ele>
        <time>2025-06-13T20:16:32.198Z</time>
      </trkpt>
      <trkpt lat="50.612142" lon="12.676563">
        <ele>361.587146</ele>
        <time>2025-06-13T20:16:47.287Z</time>
      </trkpt>
      <trkpt lat="50.612220" lon="12.676107">
        <ele>364.833127</ele>
        <time>2025-06-13T20:17:04.270Z</time>
      </trkpt>
      <trkpt lat="50.612384" lon="12.675471">
        <ele>370.236236</ele>
        <time>2025-06-13T20:17:28.607Z</time>
      </trkpt>
      <trkpt lat="50.612451" lon="12.675228">
        <ele>372.348863</ele>
        <time>2025-06-13T20:17:37.522Z</time>
      </trkpt>
      <trkpt lat="50.612501" lon="12.675049">
        <ele>373.908330</ele>
        <time>2025-06-13T20:17:44.127Z</time>
      </trkpt>
      <trkpt lat="50.611878" lon="12.674779">
        <ele>382.027440</ele>
        <time>2025-06-13T20:18:16.702Z</time>
      </trkpt>
      <trkpt lat="50.611698" lon="12.674590">
        <ele>384.745369</ele>
        <time>2025-06-13T20:18:26.808Z</time>
      </trkpt>
      <trkpt lat="50.611609" lon="12.674542">
        <ele>385.927404</ele>
        <time>2025-06-13T20:18:31.050Z</time>
      </trkpt>
      <trkpt lat="50.611681" lon="12.672712">
        <ele>399.930155</ele>
        <time>2025-06-13T20:19:39.160Z</time>
      </trkpt>
      <trkpt lat="50.611760" lon="12.672397">
        <ele>402.499351</ele>
        <time>2025-06-13T20:19:52.386Z</time>
      </trkpt>
      <trkpt lat="50.611854" lon="12.671336">
        <ele>410.381351</ele>
        <time>2025-06-13T20:20:31.915Z</time>
      </trkpt>
      <trkpt lat="50.612094" lon="12.670022">
        <ele>418.725394</ele>
        <time>2025-06-13T20:21:20.009Z</time>
      </trkpt>
      <trkpt lat="50.612107" lon="12.669505">
        <ele>421.882781</ele>
        <time>2025-06-13T20:21:36.027Z</time>
      </trkpt>
      <trkpt lat="50.612418" lon="12.669098">
        <ele>425.770331</ele>
        <time>2025-06-13T20:21:54.400Z</time>
      </trkpt>
      <trkpt lat="50.612603" lon="12.668762">
        <ele>428.007664</ele>
        <time>2025-06-13T20:22:06.792Z</time>
      </trkpt>
      <trkpt lat="50.612747" lon="12.668434">
        <ele>429.800137</ele>
        <time>2025-06-13T20:22:17.194Z</time>
      </trkpt>
      <trkpt lat="50.612938" lon="12.668248">
        <ele>431.390280</ele>
        <time>2025-06-13T20:22:24.926Z</time>
      </trkpt>
      <trkpt lat="50.613228" lon="12.668151">
        <ele>433.489886</ele>
        <time>2025-06-13T20:22:35.708Z</time>
      </trkpt>
      <trkpt lat="50.613595" lon="12.668067">
        <ele>436.116343</ele>
        <time>2025-06-13T20:22:50.851Z</time>
      </trkpt>
      <trkpt lat="50.613796" lon="12.668075">
        <ele>437.540330</ele>
        <time>2025-06-13T20:23:00.207Z</time>
      </trkpt>
      <trkpt lat="50.613903" lon="12.668115">
        <ele>438.319159</ele>
        <time>2025-06-13T20:23:05.436Z</time>
      </trkpt>
      <trkpt lat="50.613968" lon="12.667950">
        <ele>439.191944</ele>
        <time>2025-06-13T20:23:10.647Z</time>
      </trkpt>
      <trkpt lat="50.614446" lon="12.666622">
        <ele>450.284516</ele>
        <time>2025-06-13T20:23:56.661Z</time>
      </trkpt>
      <trkpt lat="50.614781" lon="12.665999">
        <ele>456.292554</ele>
        <time>2025-06-13T20:24:25.174Z</time>
      </trkpt>
      <trkpt lat="50.614798" lon="12.665949">
        <ele>456.709897</ele>
        <time>2025-06-13T20:24:27.004Z</time>
      </trkpt>
      <trkpt lat="50.614950" lon="12.665150">
        <ele>462.386200</ele>
        <time>2025-06-13T20:24:52.898Z</time>
      </trkpt>
      <trkpt lat="50.615135" lon="12.664411">
        <ele>467.187345</ele>
        <time>2025-06-13T20:25:15.409Z</time>
      </trkpt>
      <trkpt lat="50.615263" lon="12.663910">
        <ele>470.451339</ele>
        <time>2025-06-13T20:25:30.025Z</time>
      </trkpt>
      <trkpt lat="50.615267" lon="12.663806">
        <ele>471.081011</ele>
        <time>2025-06-13T20:25:32.777Z</time>
      </trkpt>
      <trkpt lat="50.615417" lon="12.663479">
        <ele>473.519544</ele>
        <time>2025-06-13T20:25:42.911Z</time>
      </trkpt>
      <trkpt lat="50.615948" lon="12.661702">
        <ele>483.331946</ele>
        <time>2025-06-13T20:26:27.045Z</time>
      </trkpt>
      <trkpt lat="50.616610" lon="12.660310">
        <ele>490.992640</ele>
        <time>2025-06-13T20:27:05.327Z</time>
      </trkpt>
      <trkpt lat="50.617197" lon="12.659049">
        <ele>497.012524</ele>
        <time>2025-06-13T20:27:39.651Z</time>
      </trkpt>
      <trkpt lat="50.617263" lon="12.658910">
        <ele>497.680770</ele>
        <time>2025-06-13T20:27:43.035Z</time>
      </trkpt>
      <trkpt lat="50.617303" lon="12.658757">
        <ele>498.317712</ele>
        <time>2025-06-13T20:27:46.175Z</time>
      </trkpt>
      <trkpt lat="50.617299" lon="12.658644">
        <ele>498.753334</ele>
        <time>2025-06-13T20:27:48.299Z</time>
      </trkpt>
      <trkpt lat="50.617253" lon="12.658483">
        <ele>499.432966</ele>
        <time>2025-06-13T20:27:51.494Z</time>
      </trkpt>
      <trkpt lat="50.616666" lon="12.657217">
        <ele>503.946249</ele>
        <time>2025-06-13T20:28:17.816Z</time>
      </trkpt>
      <trkpt lat="50.616795" lon="12.657047">
        <ele>504.616592</ele>
        <time>2025-06-13T20:28:23.260Z</time>
      </trkpt>
      <trkpt lat="50.617065" lon="12.656665">
        <ele>506.063012</ele>
        <time>2025-06-13T20:28:35.302Z</time>
      </trkpt>
      <trkpt lat="50.617390" lon="12.656302">
        <ele>507.650973</ele>
        <time>2025-06-13T20:28:48.965Z</time>
      </trkpt>
      <trkpt lat="50.617825" lon="12.655905">
        <ele>508.725816</ele>
        <time>2025-06-13T20:29:06.571Z</time>
      </trkpt>
      <trkpt lat="50.617840" lon="12.655853">
        <ele>508.778095</ele>
        <time>2025-06-13T20:29:07.738Z</time>
      </trkpt>
      <trkpt lat="50.617779" lon="12.654477">
        <ele>510.040522</ele>
        <time>2025-06-13T20:29:32.734Z</time>
      </trkpt>
      <trkpt lat="50.617703" lon="12.654220">
        <ele>510.300029</ele>
        <time>2025-06-13T20:29:36.791Z</time>
      </trkpt>
      <trkpt lat="50.617627" lon="12.654133">
        <ele>510.435522</ele>
        <time>2025-06-13T20:29:38.772Z</time>
      </trkpt>
      <trkpt lat="50.617669" lon="12.654084">
        <ele>510.510898</ele>
        <time>2025-06-13T20:29:39.875Z</time>
      </trkpt>
      <trkpt lat="50.617679" lon="12.653894">
        <ele>510.685389</ele>
        <time>2025-06-13T20:29:42.328Z</time>
      </trkpt>
      <trkpt lat="50.617763" lon="12.653468">
        <ele>509.817839</ele>
        <time>2025-06-13T20:29:47.810Z</time>
      </trkpt>
      <trkpt lat="50.617928" lon="12.653074">
        <ele>508.413294</ele>
        <time>2025-06-13T20:29:53.252Z</time>
      </trkpt>
      <trkpt lat="50.618081" lon="12.652804">
        <ele>507.336255</ele>
        <time>2025-06-13T20:29:57.256Z</time>
      </trkpt>
      <trkpt lat="50.618378" lon="12.652169">
        <ele>504.989179</ele>
        <time>2025-06-13T20:30:05.790Z</time>
      </trkpt>
      <trkpt lat="50.618489" lon="12.651746">
        <ele>503.627296</ele>
        <time>2025-06-13T20:30:10.602Z</time>
      </trkpt>
      <trkpt lat="50.618516" lon="12.651355">
        <ele>502.457137</ele>
        <time>2025-06-13T20:30:14.703Z</time>
      </trkpt>
      <trkpt lat="50.618663" lon="12.650627">
        <ele>499.293199</ele>
        <time>2025-06-13T20:30:22.731Z</time>
      </trkpt>
      <trkpt lat="50.618676" lon="12.650372">
        <ele>498.220342</ele>
        <time>2025-06-13T20:30:25.426Z</time>
      </trkpt>
      <trkpt lat="50.618663" lon="12.650105">
        <ele>497.097315</ele>
        <time>2025-06-13T20:30:28.249Z</time>
      </trkpt>
      <trkpt lat="50.618645" lon="12.650032">
        <ele>496.768865</ele>
        <time>2025-06-13T20:30:29.083Z</time>
      </trkpt>
      <trkpt lat="50.618657" lon="12.649770">
        <ele>495.667239</ele>
        <time>2025-06-13T20:30:31.862Z</time>
      </trkpt>
      <trkpt lat="50.618736" lon="12.649327">
        <ele>493.737416</ele>
        <time>2025-06-13T20:30:36.717Z</time>
      </trkpt>
      <trkpt lat="50.618768" lon="12.648910">
        <ele>491.975875</ele>
        <time>2025-06-13T20:30:41.112Z</time>
      </trkpt>
      <trkpt lat="50.618856" lon="12.648418">
        <ele>489.852135</ele>
        <time>2025-06-13T20:30:46.413Z</time>
      </trkpt>
      <trkpt lat="50.618931" lon="12.647789">
        <ele>487.252161</ele>
        <time>2025-06-13T20:30:53.013Z</time>
      </trkpt>
      <trkpt lat="50.619152" lon="12.647192">
        <ele>484.444309</ele>
        <time>2025-06-13T20:31:00.072Z</time>
      </trkpt>
      <trkpt lat="50.619294" lon="12.646468">
        <ele>481.365837</ele>
        <time>2025-06-13T20:31:08.015Z</time>
      </trkpt>
      <trkpt lat="50.619488" lon="12.645544">
        <ele>478.399310</ele>
        <time>2025-06-13T20:31:18.700Z</time>
      </trkpt>
      <trkpt lat="50.619592" lon="12.645046">
        <ele>477.632655</ele>
        <time>2025-06-13T20:31:24.989Z</time>
      </trkpt>
      <trkpt lat="50.619576" lon="12.644907">
        <ele>477.426079</ele>
        <time>2025-06-13T20:31:26.766Z</time>
      </trkpt>
      <trkpt lat="50.619512" lon="12.644709">
        <ele>477.101136</ele>
        <time>2025-06-13T20:31:29.611Z</time>
      </trkpt>
      <trkpt lat="50.619432" lon="12.644569">
        <ele>476.825624</ele>
        <time>2025-06-13T20:31:32.068Z</time>
      </trkpt>
      <trkpt lat="50.619315" lon="12.644447">
        <ele>476.502296</ele>
        <time>2025-06-13T20:31:35.024Z</time>
      </trkpt>
      <trkpt lat="50.619066" lon="12.643964">
        <ele>475.592245</ele>
        <time>2025-06-13T20:31:43.405Z</time>
      </trkpt>
      <trkpt lat="50.618733" lon="12.643087">
        <ele>474.133025</ele>
        <time>2025-06-13T20:31:56.234Z</time>
      </trkpt>
      <trkpt lat="50.618686" lon="12.642631">
        <ele>473.491022</ele>
        <time>2025-06-13T20:32:01.833Z</time>
      </trkpt>
      <trkpt lat="50.618750" lon="12.642105">
        <ele>472.746729</ele>
        <time>2025-06-13T20:32:08.086Z</time>
      </trkpt>
      <trkpt lat="50.618744" lon="12.641684">
        <ele>472.161525</ele>
        <time>2025-06-13T20:32:13.016Z</time>
      </trkpt>
      <trkpt lat="50.618292" lon="12.641620">
        <ele>471.167533</ele>
        <time>2025-06-13T20:32:17.804Z</time>
      </trkpt>
      <trkpt lat="50.618148" lon="12.641557">
        <ele>470.900899</ele>
        <time>2025-06-13T20:32:19.474Z</time>
      </trkpt>
      <trkpt lat="50.617806" lon="12.641298">
        <ele>471.786113</ele>
        <time>2025-06-13T20:32:24.103Z</time>
      </trkpt>
      <trkpt lat="50.617762" lon="12.641272">
        <ele>471.895742</ele>
        <time>2025-06-13T20:32:24.781Z</time>
      </trkpt>
      <trkpt lat="50.617779" lon="12.641168">
        <ele>472.054716</ele>
        <time>2025-06-13T20:32:25.835Z</time>
      </trkpt>
      <trkpt lat="50.617836" lon="12.641023">
        <ele>472.307210</ele>
        <time>2025-06-13T20:32:27.753Z</time>
      </trkpt>
      <trkpt lat="50.618405" lon="12.640445">
        <ele>473.886518</ele>
        <time>2025-06-13T20:32:43.863Z</time>
      </trkpt>
      <trkpt lat="50.619402" lon="12.639262">
        <ele>479.072088</ele>
        <time>2025-06-13T20:33:22.813Z</time>
      </trkpt>
      <trkpt lat="50.619709" lon="12.638949">
        <ele>481.045000</ele>
        <time>2025-06-13T20:33:34.874Z</time>
      </trkpt>
      <trkpt lat="50.620660" lon="12.636958">
        <ele>489.220993</ele>
        <time>2025-06-13T20:34:22.828Z</time>
      </trkpt>
      <trkpt lat="50.620687" lon="12.636774">
        <ele>489.819661</ele>
        <time>2025-06-13T20:34:26.215Z</time>
      </trkpt>
      <trkpt lat="50.620470" lon="12.635620">
        <ele>493.635082</ele>
        <time>2025-06-13T20:34:48.136Z</time>
      </trkpt>
      <trkpt lat="50.619963" lon="12.633610">
        <ele>501.173374</ele>
        <time>2025-06-13T20:35:31.326Z</time>
      </trkpt>
      <trkpt lat="50.619835" lon="12.633300">
        <ele>502.464518</ele>
        <time>2025-06-13T20:35:38.744Z</time>
      </trkpt>
      <trkpt lat="50.619664" lon="12.633050">
        <ele>503.761464</ele>
        <time>2025-06-13T20:35:46.120Z</time>
      </trkpt>
      <trkpt lat="50.619384" lon="12.632805">
        <ele>505.780144</ele>
        <time>2025-06-13T20:35:56.511Z</time>
      </trkpt>
      <trkpt lat="50.619287" lon="12.632708">
        <ele>506.504253</ele>
        <time>2025-06-13T20:36:00.228Z</time>
      </trkpt>
      <trkpt lat="50.619028" lon="12.632608">
        <ele>508.185095</ele>
        <time>2025-06-13T20:36:08.917Z</time>
      </trkpt>
      <trkpt lat="50.618659" lon="12.632611">
        <ele>510.511067</ele>
        <time>2025-06-13T20:36:21.341Z</time>
      </trkpt>
      <trkpt lat="50.618384" lon="12.632556">
        <ele>512.258392</ele>
        <time>2025-06-13T20:36:30.789Z</time>
      </trkpt>
      <trkpt lat="50.618199" lon="12.632460">
        <ele>513.486093</ele>
        <time>2025-06-13T20:36:37.608Z</time>
      </trkpt>
      <trkpt lat="50.618033" lon="12.632414">
        <ele>514.548502</ele>
        <time>2025-06-13T20:36:43.791Z</time>
      </trkpt>
      <trkpt lat="50.617732" lon="12.632394">
        <ele>516.003746</ele>
        <time>2025-06-13T20:36:55.359Z</time>
      </trkpt>
      <trkpt lat="50.617517" lon="12.632316">
        <ele>516.970565</ele>
        <time>2025-06-13T20:37:03.370Z</time>
      </trkpt>
      <trkpt lat="50.617050" lon="12.631994">
        <ele>519.204346</ele>
        <time>2025-06-13T20:37:19.019Z</time>
      </trkpt>
      <trkpt lat="50.616923" lon="12.631980">
        <ele>519.762249</ele>
        <time>2025-06-13T20:37:22.462Z</time>
      </trkpt>
      <trkpt lat="50.616703" lon="12.631955">
        <ele>520.728843</ele>
        <time>2025-06-13T20:37:28.071Z</time>
      </trkpt>
      <trkpt lat="50.617075" lon="12.631171">
        <ele>522.954209</ele>
        <time>2025-06-13T20:37:39.956Z</time>
      </trkpt>
      <trkpt lat="50.617195" lon="12.630869">
        <ele>523.092572</ele>
        <time>2025-06-13T20:37:43.253Z</time>
      </trkpt>
      <trkpt lat="50.617610" lon="12.629468">
        <ele>523.692941</ele>
        <time>2025-06-13T20:37:55.796Z</time>
      </trkpt>
      <trkpt lat="50.617675" lon="12.629298">
        <ele>523.770010</ele>
        <time>2025-06-13T20:37:57.764Z</time>
      </trkpt>
      <trkpt lat="50.617910" lon="12.628860">
        <ele>524.033691</ele>
        <time>2025-06-13T20:38:03.774Z</time>
      </trkpt>
      <trkpt lat="50.618146" lon="12.628224">
        <ele>524.955748</ele>
        <time>2025-06-13T20:38:16.228Z</time>
      </trkpt>
      <trkpt lat="50.619188" lon="12.625912">
        <ele>528.540210</ele>
        <time>2025-06-13T20:39:08.790Z</time>
      </trkpt>
      <trkpt lat="50.619281" lon="12.625637">
        <ele>528.944253</ele>
        <time>2025-06-13T20:39:14.439Z</time>
      </trkpt>
      <trkpt lat="50.619443" lon="12.624776">
        <ele>530.108645</ele>
        <time>2025-06-13T20:39:30.387Z</time>
      </trkpt>
      <trkpt lat="50.619988" lon="12.622855">
        <ele>533.077288</ele>
        <time>2025-06-13T20:40:07.798Z</time>
      </trkpt>
      <trkpt lat="50.620412" lon="12.622076">
        <ele>534.603079</ele>
        <time>2025-06-13T20:40:27.275Z</time>
      </trkpt>
      <trkpt lat="50.620725" lon="12.621380">
        <ele>535.933748</ele>
        <time>2025-06-13T20:40:43.971Z</time>
      </trkpt>
      <trkpt lat="50.621124" lon="12.620707">
        <ele>537.489206</ele>
        <time>2025-06-13T20:41:02.222Z</time>
      </trkpt>
      <trkpt lat="50.621774" lon="12.619123">
        <ele>539.929211</ele>
        <time>2025-06-13T20:41:38.936Z</time>
      </trkpt>
      <trkpt lat="50.622194" lon="12.617954">
        <ele>538.640676</ele>
        <time>2025-06-13T20:41:58.170Z</time>
      </trkpt>
      <trkpt lat="50.622296" lon="12.617870">
        <ele>538.466694</ele>
        <time>2025-06-13T20:42:00.444Z</time>
      </trkpt>
      <trkpt lat="50.623033" lon="12.616638">
        <ele>534.882170</ele>
        <time>2025-06-13T20:42:19.010Z</time>
      </trkpt>
      <trkpt lat="50.623074" lon="12.616390">
        <ele>533.880494</ele>
        <time>2025-06-13T20:42:21.664Z</time>
      </trkpt>
      <trkpt lat="50.623124" lon="12.615797">
        <ele>531.542382</ele>
        <time>2025-06-13T20:42:27.860Z</time>
      </trkpt>
      <trkpt lat="50.623077" lon="12.615485">
        <ele>530.289029</ele>
        <time>2025-06-13T20:42:31.216Z</time>
      </trkpt>
      <trkpt lat="50.623063" lon="12.615037">
        <ele>528.535903</ele>
        <time>2025-06-13T20:42:35.905Z</time>
      </trkpt>
      <trkpt lat="50.623120" lon="12.614600">
        <ele>526.792169</ele>
        <time>2025-06-13T20:42:40.591Z</time>
      </trkpt>
      <trkpt lat="50.623247" lon="12.613848">
        <ele>524.002663</ele>
        <time>2025-06-13T20:42:48.918Z</time>
      </trkpt>
      <trkpt lat="50.623449" lon="12.612879">
        <ele>520.395491</ele>
        <time>2025-06-13T20:42:59.887Z</time>
      </trkpt>
      <trkpt lat="50.623610" lon="12.611818">
        <ele>516.537393</ele>
        <time>2025-06-13T20:43:11.669Z</time>
      </trkpt>
      <trkpt lat="50.623953" lon="12.606292">
        <ele>500.575572</ele>
        <time>2025-06-13T20:44:13.577Z</time>
      </trkpt>
      <trkpt lat="50.623983" lon="12.604777">
        <ele>496.296330</ele>
        <time>2025-06-13T20:44:30.815Z</time>
      </trkpt>
      <trkpt lat="50.624158" lon="12.603635">
        <ele>492.975890</ele>
        <time>2025-06-13T20:44:44.080Z</time>
      </trkpt>
      <trkpt lat="50.624339" lon="12.601520">
        <ele>482.914264</ele>
        <time>2025-06-13T20:45:06.680Z</time>
      </trkpt>
      <trkpt lat="50.624458" lon="12.601047">
        <ele>480.352614</ele>
        <time>2025-06-13T20:45:11.677Z</time>
      </trkpt>
      <trkpt lat="50.624693" lon="12.600422">
        <ele>475.926430</ele>
        <time>2025-06-13T20:45:18.641Z</time>
      </trkpt>
      <trkpt lat="50.624713" lon="12.600276">
        <ele>474.664858</ele>
        <time>2025-06-13T20:45:19.709Z</time>
      </trkpt>
      <trkpt lat="50.624749" lon="12.600015">
        <ele>472.408887</ele>
        <time>2025-06-13T20:45:21.611Z</time>
      </trkpt>
      <trkpt lat="50.624763" lon="12.599729">
        <ele>469.986084</ele>
        <time>2025-06-13T20:45:23.646Z</time>
      </trkpt>
      <trkpt lat="50.624724" lon="12.598440">
        <ele>459.086514</ele>
        <time>2025-06-13T20:45:32.727Z</time>
      </trkpt>
      <trkpt lat="50.624845" lon="12.597770">
        <ele>453.328954</ele>
        <time>2025-06-13T20:45:37.674Z</time>
      </trkpt>
      <trkpt lat="50.624967" lon="12.597376">
        <ele>450.313755</ele>
        <time>2025-06-13T20:45:40.799Z</time>
      </trkpt>
      <trkpt lat="50.625017" lon="12.597257">
        <ele>449.332135</ele>
        <time>2025-06-13T20:45:41.826Z</time>
      </trkpt>
      <trkpt lat="50.625806" lon="12.595940">
        <ele>436.874432</ele>
        <time>2025-06-13T20:45:55.114Z</time>
      </trkpt>
      <trkpt lat="50.626098" lon="12.595512">
        <ele>433.619198</ele>
        <time>2025-06-13T20:45:59.915Z</time>
      </trkpt>
      <trkpt lat="50.626578" lon="12.594957">
        <ele>430.925782</ele>
        <time>2025-06-13T20:46:07.559Z</time>
      </trkpt>
      <trkpt lat="50.626716" lon="12.594735">
        <ele>430.033650</ele>
        <time>2025-06-13T20:46:10.257Z</time>
      </trkpt>
      <trkpt lat="50.626785" lon="12.594532">
        <ele>429.372614</ele>
        <time>2025-06-13T20:46:12.305Z</time>
      </trkpt>
      <trkpt lat="50.626815" lon="12.594424">
        <ele>429.034208</ele>
        <time>2025-06-13T20:46:13.076Z</time>
      </trkpt>
      <trkpt lat="50.626737" lon="12.594300">
        <ele>428.532982</ele>
        <time>2025-06-13T20:46:14.306Z</time>
      </trkpt>
      <trkpt lat="50.626666" lon="12.594098">
        <ele>427.870136</ele>
        <time>2025-06-13T20:46:15.955Z</time>
      </trkpt>
      <trkpt lat="50.626644" lon="12.593944">
        <ele>427.417043</ele>
        <time>2025-06-13T20:46:17.099Z</time>
      </trkpt>
      <trkpt lat="50.626663" lon="12.593856">
        <ele>427.150229</ele>
        <time>2025-06-13T20:46:17.977Z</time>
      </trkpt>
      <trkpt lat="50.626673" lon="12.593555">
        <ele>426.285089</ele>
        <time>2025-06-13T20:46:20.868Z</time>
      </trkpt>
      <trkpt lat="50.626572" lon="12.593157">
        <ele>425.766422</ele>
        <time>2025-06-13T20:46:25.112Z</time>
      </trkpt>
      <trkpt lat="50.626531" lon="12.592728">
        <ele>425.265386</ele>
        <time>2025-06-13T20:46:29.528Z</time>
      </trkpt>
      <trkpt lat="50.626483" lon="12.592527">
        <ele>425.017351</ele>
        <time>2025-06-13T20:46:31.699Z</time>
      </trkpt>
      <trkpt lat="50.626409" lon="12.592424">
        <ele>424.837633</ele>
        <time>2025-06-13T20:46:33.212Z</time>
      </trkpt>
      <trkpt lat="50.626276" lon="12.591794">
        <ele>424.070823</ele>
        <time>2025-06-13T20:46:39.505Z</time>
      </trkpt>
      <trkpt lat="50.626261" lon="12.591611">
        <ele>423.857721</ele>
        <time>2025-06-13T20:46:41.255Z</time>
      </trkpt>
      <trkpt lat="50.626072" lon="12.590548">
        <ele>422.307145</ele>
        <time>2025-06-13T20:46:51.768Z</time>
      </trkpt>
      <trkpt lat="50.626032" lon="12.590432">
        <ele>422.046450</ele>
        <time>2025-06-13T20:46:53.011Z</time>
      </trkpt>
      <trkpt lat="50.626073" lon="12.590244">
        <ele>421.653918</ele>
        <time>2025-06-13T20:46:54.885Z</time>
      </trkpt>
      <trkpt lat="50.625828" lon="12.590137">
        <ele>420.862625</ele>
        <time>2025-06-13T20:46:58.634Z</time>
      </trkpt>
      <trkpt lat="50.625720" lon="12.590050">
        <ele>420.485123</ele>
        <time>2025-06-13T20:47:00.394Z</time>
      </trkpt>
      <trkpt lat="50.625614" lon="12.589930">
        <ele>420.078929</ele>
        <time>2025-06-13T20:47:02.247Z</time>
      </trkpt>
      <trkpt lat="50.625265" lon="12.589346">
        <ele>418.494727</ele>
        <time>2025-06-13T20:47:09.436Z</time>
      </trkpt>
      <trkpt lat="50.625131" lon="12.589229">
        <ele>418.017941</ele>
        <time>2025-06-13T20:47:11.555Z</time>
      </trkpt>
      <trkpt lat="50.624665" lon="12.589186">
        <ele>415.868995</ele>
        <time>2025-06-13T20:47:17.757Z</time>
      </trkpt>
      <trkpt lat="50.624559" lon="12.589286">
        <ele>415.153191</ele>
        <time>2025-06-13T20:47:19.357Z</time>
      </trkpt>
      <trkpt lat="50.624412" lon="12.589426">
        <ele>414.158016</ele>
        <time>2025-06-13T20:47:21.561Z</time>
      </trkpt>
      <trkpt lat="50.624497" lon="12.589145">
        <ele>413.013657</ele>
        <time>2025-06-13T20:47:24.861Z</time>
      </trkpt>
      <trkpt lat="50.624952" lon="12.588178">
        <ele>408.588012</ele>
        <time>2025-06-13T20:47:37.551Z</time>
      </trkpt>
      <trkpt lat="50.625239" lon="12.587934">
        <ele>406.762658</ele>
        <time>2025-06-13T20:47:42.937Z</time>
      </trkpt>
      <trkpt lat="50.625516" lon="12.587597">
        <ele>405.250409</ele>
        <time>2025-06-13T20:47:48.759Z</time>
      </trkpt>
      <trkpt lat="50.625671" lon="12.587346">
        <ele>404.290027</ele>
        <time>2025-06-13T20:47:52.499Z</time>
      </trkpt>
      <trkpt lat="50.625684" lon="12.587031">
        <ele>403.424559</ele>
        <time>2025-06-13T20:47:55.941Z</time>
      </trkpt>
      <trkpt lat="50.625804" lon="12.586732">
        <ele>402.454507</ele>
        <time>2025-06-13T20:47:59.923Z</time>
      </trkpt>
      <trkpt lat="50.626025" lon="12.586235">
        <ele>400.790466</ele>
        <time>2025-06-13T20:48:07.054Z</time>
      </trkpt>
      <trkpt lat="50.626062" lon="12.585965">
        <ele>400.033132</ele>
        <time>2025-06-13T20:48:10.420Z</time>
      </trkpt>
      <trkpt lat="50.626099" lon="12.585715">
        <ele>399.329301</ele>
        <time>2025-06-13T20:48:13.608Z</time>
      </trkpt>
      <trkpt lat="50.626185" lon="12.585280">
        <ele>398.421623</ele>
        <time>2025-06-13T20:48:19.238Z</time>
      </trkpt>
      <trkpt lat="50.626238" lon="12.585046">
        <ele>397.952452</ele>
        <time>2025-06-13T20:48:22.273Z</time>
      </trkpt>
      <trkpt lat="50.626477" lon="12.584433">
        <ele>396.593817</ele>
        <time>2025-06-13T20:48:29.027Z</time>
      </trkpt>
      <trkpt lat="50.626492" lon="12.584288">
        <ele>396.316405</ele>
        <time>2025-06-13T20:48:30.401Z</time>
      </trkpt>
      <trkpt lat="50.626966" lon="12.584254">
        <ele>394.904058</ele>
        <time>2025-06-13T20:48:35.305Z</time>
      </trkpt>
      <trkpt lat="50.627157" lon="12.584160">
        <ele>394.308473</ele>
        <time>2025-06-13T20:48:37.243Z</time>
      </trkpt>
      <trkpt lat="50.627295" lon="12.583892">
        <ele>393.738788</ele>
        <time>2025-06-13T20:48:39.355Z</time>
      </trkpt>
      <trkpt lat="50.627445" lon="12.583492">
        <ele>393.293145</ele>
        <time>2025-06-13T20:48:42.195Z</time>
      </trkpt>
      <trkpt lat="50.627384" lon="12.583383">
        <ele>393.153742</ele>
        <time>2025-06-13T20:48:43.107Z</time>
      </trkpt>
      <trkpt lat="50.627478" lon="12.583220">
        <ele>392.942472</ele>
        <time>2025-06-13T20:48:44.518Z</time>
      </trkpt>
      <trkpt lat="50.627624" lon="12.583075">
        <ele>392.681587</ele>
        <time>2025-06-13T20:48:46.379Z</time>
      </trkpt>
      <trkpt lat="50.627740" lon="12.583045">
        <ele>392.503866</ele>
        <time>2025-06-13T20:48:47.713Z</time>
      </trkpt>
      <trkpt lat="50.628217" lon="12.583329">
        <ele>391.732988</ele>
        <time>2025-06-13T20:48:54.188Z</time>
      </trkpt>
      <trkpt lat="50.628407" lon="12.583287">
        <ele>391.442924</ele>
        <time>2025-06-13T20:48:57.062Z</time>
      </trkpt>
      <trkpt lat="50.628584" lon="12.583099">
        <ele>391.120252</ele>
        <time>2025-06-13T20:49:00.489Z</time>
      </trkpt>
      <trkpt lat="50.629202" lon="12.582982">
        <ele>391.531644</ele>
        <time>2025-06-13T20:49:11.901Z</time>
      </trkpt>
      <trkpt lat="50.630649" lon="12.582454">
        <ele>392.739516</ele>
        <time>2025-06-13T20:49:33.408Z</time>
      </trkpt>
      <trkpt lat="50.630830" lon="12.582357">
        <ele>392.982147</ele>
        <time>2025-06-13T20:49:36.296Z</time>
      </trkpt>
      <trkpt lat="50.630997" lon="12.582216">
        <ele>393.222583</ele>
        <time>2025-06-13T20:49:39.380Z</time>
      </trkpt>
      <trkpt lat="50.631413" lon="12.581759">
        <ele>393.866103</ele>
        <time>2025-06-13T20:49:48.410Z</time>
      </trkpt>
      <trkpt lat="50.631901" lon="12.581246">
        <ele>394.610525</ele>
        <time>2025-06-13T20:49:59.706Z</time>
      </trkpt>
      <trkpt lat="50.632449" lon="12.580867">
        <ele>395.037261</ele>
        <time>2025-06-13T20:50:10.824Z</time>
      </trkpt>
      <trkpt lat="50.633215" lon="12.580481">
        <ele>395.590418</ele>
        <time>2025-06-13T20:50:23.024Z</time>
      </trkpt>
      <trkpt lat="50.633507" lon="12.580199">
        <ele>395.825959</ele>
        <time>2025-06-13T20:50:27.467Z</time>
      </trkpt>
      <trkpt lat="50.633744" lon="12.579833">
        <ele>395.524037</ele>
        <time>2025-06-13T20:50:31.629Z</time>
      </trkpt>
      <trkpt lat="50.634414" lon="12.578432">
        <ele>393.949544</ele>
        <time>2025-06-13T20:50:44.756Z</time>
      </trkpt>
      <trkpt lat="50.635379" lon="12.576948">
        <ele>389.384810</ele>
        <time>2025-06-13T20:50:58.798Z</time>
      </trkpt>
      <trkpt lat="50.636082" lon="12.576029">
        <ele>385.377892</ele>
        <time>2025-06-13T20:51:07.333Z</time>
      </trkpt>
      <trkpt lat="50.636231" lon="12.575727">
        <ele>383.819916</ele>
        <time>2025-06-13T20:51:09.517Z</time>
      </trkpt>
      <trkpt lat="50.636303" lon="12.575508">
        <ele>382.815481</ele>
        <time>2025-06-13T20:51:10.995Z</time>
      </trkpt>
      <trkpt lat="50.636750" lon="12.574939">
        <ele>379.127153</ele>
        <time>2025-06-13T20:51:16.431Z</time>
      </trkpt>
      <trkpt lat="50.637222" lon="12.574549">
        <ele>375.705966</ele>
        <time>2025-06-13T20:51:21.536Z</time>
      </trkpt>
      <trkpt lat="50.637735" lon="12.574070">
        <ele>372.554795</ele>
        <time>2025-06-13T20:51:27.302Z</time>
      </trkpt>
      <trkpt lat="50.637903" lon="12.573955">
        <ele>371.751023</ele>
        <time>2025-06-13T20:51:29.096Z</time>
      </trkpt>
      <trkpt lat="50.638174" lon="12.573790">
        <ele>370.476115</ele>
        <time>2025-06-13T20:51:31.986Z</time>
      </trkpt>
      <trkpt lat="50.638676" lon="12.573642">
        <ele>368.234844</ele>
        <time>2025-06-13T20:51:37.200Z</time>
      </trkpt>
      <trkpt lat="50.638919" lon="12.573507">
        <ele>367.104149</ele>
        <time>2025-06-13T20:51:39.952Z</time>
      </trkpt>
      <trkpt lat="50.639093" lon="12.573330">
        <ele>366.195406</ele>
        <time>2025-06-13T20:51:42.251Z</time>
      </trkpt>
      <trkpt lat="50.639268" lon="12.572850">
        <ele>365.695206</ele>
        <time>2025-06-13T20:51:46.389Z</time>
      </trkpt>
      <trkpt lat="50.639336" lon="12.572754">
        <ele>365.578574</ele>
        <time>2025-06-13T20:51:47.521Z</time>
      </trkpt>
      <trkpt lat="50.639430" lon="12.572715">
        <ele>365.454369</ele>
        <time>2025-06-13T20:51:48.746Z</time>
      </trkpt>
      <trkpt lat="50.639761" lon="12.572712">
        <ele>365.031400</ele>
        <time>2025-06-13T20:51:53.095Z</time>
      </trkpt>
      <trkpt lat="50.639845" lon="12.572681">
        <ele>364.921161</ele>
        <time>2025-06-13T20:51:54.258Z</time>
      </trkpt>
      <trkpt lat="50.639903" lon="12.572628">
        <ele>364.835501</ele>
        <time>2025-06-13T20:51:55.153Z</time>
      </trkpt>
      <trkpt lat="50.640052" lon="12.572375">
        <ele>364.555701</ele>
        <time>2025-06-13T20:51:58.074Z</time>
      </trkpt>
      <trkpt lat="50.640269" lon="12.572127">
        <ele>364.213238</ele>
        <time>2025-06-13T20:52:01.528Z</time>
      </trkpt>
      <trkpt lat="50.640715" lon="12.571735">
        <ele>363.333828</ele>
        <time>2025-06-13T20:52:07.638Z</time>
      </trkpt>
      <trkpt lat="50.641174" lon="12.571401">
        <ele>362.131733</ele>
        <time>2025-06-13T20:52:13.256Z</time>
      </trkpt>
      <trkpt lat="50.641384" lon="12.571092">
        <ele>361.448717</ele>
        <time>2025-06-13T20:52:16.381Z</time>
      </trkpt>
      <trkpt lat="50.641592" lon="12.570724">
        <ele>360.705333</ele>
        <time>2025-06-13T20:52:19.777Z</time>
      </trkpt>
      <trkpt lat="50.641795" lon="12.570491">
        <ele>360.108271</ele>
        <time>2025-06-13T20:52:22.532Z</time>
      </trkpt>
      <trkpt lat="50.642479" lon="12.570153">
        <ele>358.791359</ele>
        <time>2025-06-13T20:52:30.737Z</time>
      </trkpt>
      <trkpt lat="50.642750" lon="12.569948">
        <ele>358.318884</ele>
        <time>2025-06-13T20:52:34.344Z</time>
      </trkpt>
      <trkpt lat="50.643075" lon="12.569532">
        <ele>357.660885</ele>
        <time>2025-06-13T20:52:39.458Z</time>
      </trkpt>
      <trkpt lat="50.643287" lon="12.569124">
        <ele>357.135081</ele>
        <time>2025-06-13T20:52:43.560Z</time>
      </trkpt>
      <trkpt lat="50.643397" lon="12.568828">
        <ele>356.793085</ele>
        <time>2025-06-13T20:52:46.239Z</time>
      </trkpt>
      <trkpt lat="50.643708" lon="12.567646">
        <ele>355.345900</ele>
        <time>2025-06-13T20:52:55.991Z</time>
      </trkpt>
      <trkpt lat="50.643834" lon="12.567302">
        <ele>354.893411</ele>
        <time>2025-06-13T20:52:58.997Z</time>
      </trkpt>
      <trkpt lat="50.644024" lon="12.567025">
        <ele>354.428639</ele>
        <time>2025-06-13T20:53:02.042Z</time>
      </trkpt>
      <trkpt lat="50.644277" lon="12.566832">
        <ele>353.923828</ele>
        <time>2025-06-13T20:53:05.296Z</time>
      </trkpt>
      <trkpt lat="50.644373" lon="12.566781">
        <ele>353.741874</ele>
        <time>2025-06-13T20:53:06.460Z</time>
      </trkpt>
      <trkpt lat="50.644474" lon="12.566728">
        <ele>353.550680</ele>
        <time>2025-06-13T20:53:07.693Z</time>
      </trkpt>
      <trkpt lat="50.645067" lon="12.566642">
        <ele>351.525321</ele>
        <time>2025-06-13T20:53:14.098Z</time>
      </trkpt>
      <trkpt lat="50.645543" lon="12.566602">
        <ele>349.857493</ele>
        <time>2025-06-13T20:53:19.063Z</time>
      </trkpt>
      <trkpt lat="50.645798" lon="12.566586">
        <ele>348.964574</ele>
        <time>2025-06-13T20:53:21.695Z</time>
      </trkpt>
      <trkpt lat="50.646514" lon="12.566792">
        <ele>346.464943</ele>
        <time>2025-06-13T20:53:29.280Z</time>
      </trkpt>
      <trkpt lat="50.646697" lon="12.566845">
        <ele>345.853197</ele>
        <time>2025-06-13T20:53:31.254Z</time>
      </trkpt>
      <trkpt lat="50.647153" lon="12.567013">
        <ele>344.313552</ele>
        <time>2025-06-13T20:53:36.365Z</time>
      </trkpt>
      <trkpt lat="50.647965" lon="12.567610">
        <ele>341.367919</ele>
        <time>2025-06-13T20:53:46.039Z</time>
      </trkpt>
      <trkpt lat="50.648039" lon="12.567631">
        <ele>341.074988</ele>
        <time>2025-06-13T20:53:46.832Z</time>
      </trkpt>
      <trkpt lat="50.648396" lon="12.567653">
        <ele>339.567938</ele>
        <time>2025-06-13T20:53:50.657Z</time>
      </trkpt>
      <trkpt lat="50.648571" lon="12.567754">
        <ele>338.781874</ele>
        <time>2025-06-13T20:53:52.693Z</time>
      </trkpt>
      <trkpt lat="50.648979" lon="12.567872">
        <ele>337.032146</ele>
        <time>2025-06-13T20:53:57.091Z</time>
      </trkpt>
      <trkpt lat="50.649502" lon="12.567960">
        <ele>334.813502</ele>
        <time>2025-06-13T20:54:02.567Z</time>
      </trkpt>
      <trkpt lat="50.649604" lon="12.568020">
        <ele>334.354292</ele>
        <time>2025-06-13T20:54:03.646Z</time>
      </trkpt>
      <trkpt lat="50.649648" lon="12.567934">
        <ele>334.058733</ele>
        <time>2025-06-13T20:54:04.303Z</time>
      </trkpt>
      <trkpt lat="50.650303" lon="12.567454">
        <ele>327.694772</ele>
        <time>2025-06-13T20:54:11.063Z</time>
      </trkpt>
      <trkpt lat="50.650417" lon="12.567212">
        <ele>325.891521</ele>
        <time>2025-06-13T20:54:12.793Z</time>
      </trkpt>
      <trkpt lat="50.650599" lon="12.566973">
        <ele>323.657405</ele>
        <time>2025-06-13T20:54:14.890Z</time>
      </trkpt>
      <trkpt lat="50.651454" lon="12.566408">
        <ele>314.811660</ele>
        <time>2025-06-13T20:54:28.793Z</time>
      </trkpt>
      <trkpt lat="50.651659" lon="12.566098">
        <ele>311.983817</ele>
        <time>2025-06-13T20:54:33.185Z</time>
      </trkpt>
      <trkpt lat="50.651931" lon="12.565674">
        <ele>308.175909</ele>
        <time>2025-06-13T20:54:39.129Z</time>
      </trkpt>
      <trkpt lat="50.652189" lon="12.565531">
        <ele>305.452964</ele>
        <time>2025-06-13T20:54:43.309Z</time>
      </trkpt>
      <trkpt lat="50.652600" lon="12.565745">
        <ele>301.143356</ele>
        <time>2025-06-13T20:54:49.975Z</time>
      </trkpt>
      <trkpt lat="50.652773" lon="12.566006">
        <ele>298.788505</ele>
        <time>2025-06-13T20:54:53.779Z</time>
      </trkpt>
      <trkpt lat="50.652818" lon="12.565970">
        <ele>298.532716</ele>
        <time>2025-06-13T20:54:54.384Z</time>
      </trkpt>
      <trkpt lat="50.653044" lon="12.566337">
        <ele>296.888344</ele>
        <time>2025-06-13T20:54:57.266Z</time>
      </trkpt>
      <trkpt lat="50.653175" lon="12.566557">
        <ele>295.918294</ele>
        <time>2025-06-13T20:54:58.990Z</time>
      </trkpt>
      <trkpt lat="50.653623" lon="12.567299">
        <ele>292.625090</ele>
        <time>2025-06-13T20:55:05.336Z</time>
      </trkpt>
      <trkpt lat="50.653786" lon="12.567698">
        <ele>291.099533</ele>
        <time>2025-06-13T20:55:08.469Z</time>
      </trkpt>
      <trkpt lat="50.653846" lon="12.568101">
        <ele>289.769051</ele>
        <time>2025-06-13T20:55:11.577Z</time>
      </trkpt>
      <trkpt lat="50.653938" lon="12.569192">
        <ele>289.672168</ele>
        <time>2025-06-13T20:55:20.648Z</time>
      </trkpt>
      <trkpt lat="50.653970" lon="12.569616">
        <ele>289.660982</ele>
        <time>2025-06-13T20:55:24.538Z</time>
      </trkpt>
      <trkpt lat="50.654021" lon="12.569926">
        <ele>289.652591</ele>
        <time>2025-06-13T20:55:27.486Z</time>
      </trkpt>
      <trkpt lat="50.654145" lon="12.570245">
        <ele>289.642788</ele>
        <time>2025-06-13T20:55:30.945Z</time>
      </trkpt>
      <trkpt lat="50.654318" lon="12.570506">
        <ele>289.632896</ele>
        <time>2025-06-13T20:55:34.461Z</time>
      </trkpt>
      <trkpt lat="50.654655" lon="12.570821">
        <ele>289.877412</ele>
        <time>2025-06-13T20:55:40.383Z</time>
      </trkpt>
      <trkpt lat="50.655131" lon="12.571219">
        <ele>290.471882</ele>
        <time>2025-06-13T20:55:48.765Z</time>
      </trkpt>
      <trkpt lat="50.655240" lon="12.571256">
        <ele>290.594910</ele>
        <time>2025-06-13T20:55:50.580Z</time>
      </trkpt>
      <trkpt lat="50.655806" lon="12.571304">
        <ele>291.220357</ele>
        <time>2025-06-13T20:56:00.504Z</time>
      </trkpt>
      <trkpt lat="50.655957" lon="12.571365">
        <ele>291.392353</ele>
        <time>2025-06-13T20:56:03.274Z</time>
      </trkpt>
      <trkpt lat="50.656113" lon="12.571508">
        <ele>291.591446</ele>
        <time>2025-06-13T20:56:06.439Z</time>
      </trkpt>
      <trkpt lat="50.656237" lon="12.571729">
        <ele>292.225027</ele>
        <time>2025-06-13T20:56:09.706Z</time>
      </trkpt>
      <trkpt lat="50.656329" lon="12.571761">
        <ele>292.566311</ele>
        <time>2025-06-13T20:56:11.341Z</time>
      </trkpt>
      <trkpt lat="50.656679" lon="12.572218">
        <ele>294.212251</ele>
        <time>2025-06-13T20:56:20.491Z</time>
      </trkpt>
      <trkpt lat="50.656732" lon="12.572071">
        <ele>294.600627</ele>
        <time>2025-06-13T20:56:23.090Z</time>
      </trkpt>
      <trkpt lat="50.656789" lon="12.571640">
        <ele>295.611763</ele>
        <time>2025-06-13T20:56:30.532Z</time>
      </trkpt>
      <trkpt lat="50.656771" lon="12.571465">
        <ele>296.018921</ele>
        <time>2025-06-13T20:56:33.797Z</time>
      </trkpt>
      <trkpt lat="50.656669" lon="12.571200">
        <ele>296.730905</ele>
        <time>2025-06-13T20:56:39.483Z</time>
      </trkpt>
      <trkpt lat="50.656788" lon="12.571104">
        <ele>297.215099</ele>
        <time>2025-06-13T20:56:44.642Z</time>
      </trkpt>
      <trkpt lat="50.657075" lon="12.571220">
        <ele>298.281989</ele>
        <time>2025-06-13T20:56:56.119Z</time>
      </trkpt>
      <trkpt lat="50.657459" lon="12.570872">
        <ele>299.823072</ele>
        <time>2025-06-13T20:57:13.241Z</time>
      </trkpt>
      <trkpt lat="50.657875" lon="12.570555">
        <ele>301.430739</ele>
        <time>2025-06-13T20:57:30.776Z</time>
      </trkpt>
      <trkpt lat="50.658402" lon="12.570087">
        <ele>303.535242</ele>
        <time>2025-06-13T20:57:43.617Z</time>
      </trkpt>
      <trkpt lat="50.658991" lon="12.569631">
        <ele>305.315838</ele>
        <time>2025-06-13T20:57:52.676Z</time>
      </trkpt>
      <trkpt lat="50.659098" lon="12.569322">
        <ele>305.820137</ele>
        <time>2025-06-13T20:57:55.909Z</time>
      </trkpt>
      <trkpt lat="50.659214" lon="12.568962">
        <ele>306.398543</ele>
        <time>2025-06-13T20:57:59.840Z</time>
      </trkpt>
      <trkpt lat="50.659255" lon="12.568862">
        <ele>306.569116</ele>
        <time>2025-06-13T20:58:01.061Z</time>
      </trkpt>
      <trkpt lat="50.659369" lon="12.568713">
        <ele>306.903607</ele>
        <time>2025-06-13T20:58:03.637Z</time>
      </trkpt>
      <trkpt lat="50.661408" lon="12.567982">
        <ele>316.946967</ele>
        <time>2025-06-13T20:59:01.896Z</time>
      </trkpt>
      <trkpt lat="50.661826" lon="12.567770">
        <ele>319.822568</ele>
        <time>2025-06-13T20:59:19.179Z</time>
      </trkpt>
      <trkpt lat="50.662377" lon="12.567377">
        <ele>326.332467</ele>
        <time>2025-06-13T20:59:46.813Z</time>
      </trkpt>
      <trkpt lat="50.662579" lon="12.567341">
        <ele>328.520932</ele>
        <time>2025-06-13T20:59:56.901Z</time>
      </trkpt>
      <trkpt lat="50.662821" lon="12.567376">
        <ele>331.137111</ele>
        <time>2025-06-13T21:00:08.950Z</time>
      </trkpt>
      <trkpt lat="50.663110" lon="12.567515">
        <ele>334.389724</ele>
        <time>2025-06-13T21:00:23.699Z</time>
      </trkpt>
      <trkpt lat="50.663259" lon="12.567627">
        <ele>336.166561</ele>
        <time>2025-06-13T21:00:31.613Z</time>
      </trkpt>
      <trkpt lat="50.663407" lon="12.568073">
        <ele>339.383176</ele>
        <time>2025-06-13T21:00:46.506Z</time>
      </trkpt>
      <trkpt lat="50.663536" lon="12.568579">
        <ele>342.225246</ele>
        <time>2025-06-13T21:01:01.827Z</time>
      </trkpt>
      <trkpt lat="50.663684" lon="12.568983">
        <ele>344.656808</ele>
        <time>2025-06-13T21:01:14.000Z</time>
      </trkpt>
      <trkpt lat="50.663853" lon="12.569241">
        <ele>346.590149</ele>
        <time>2025-06-13T21:01:22.971Z</time>
      </trkpt>
      <trkpt lat="50.663993" lon="12.569368">
        <ele>347.917790</ele>
        <time>2025-06-13T21:01:28.850Z</time>
      </trkpt>
      <trkpt lat="50.664178" lon="12.569385">
        <ele>349.441247</ele>
        <time>2025-06-13T21:01:35.300Z</time>
      </trkpt>
      <trkpt lat="50.665841" lon="12.568454">
        <ele>359.723428</ele>
        <time>2025-06-13T21:02:29.415Z</time>
      </trkpt>
      <trkpt lat="50.666831" lon="12.568081">
        <ele>363.555634</ele>
        <time>2025-06-13T21:02:52.052Z</time>
      </trkpt>
      <trkpt lat="50.667073" lon="12.568036">
        <ele>364.178260</ele>
        <time>2025-06-13T21:02:56.802Z</time>
      </trkpt>
      <trkpt lat="50.667334" lon="12.568039">
        <ele>364.845172</ele>
        <time>2025-06-13T21:03:02.166Z</time>
      </trkpt>
      <trkpt lat="50.667765" lon="12.568295">
        <ele>366.021896</ele>
        <time>2025-06-13T21:03:11.632Z</time>
      </trkpt>
      <trkpt lat="50.667991" lon="12.568292">
        <ele>366.599380</ele>
        <time>2025-06-13T21:03:16.218Z</time>
      </trkpt>
      <trkpt lat="50.668328" lon="12.568165">
        <ele>367.426073</ele>
        <time>2025-06-13T21:03:23.147Z</time>
      </trkpt>
      <trkpt lat="50.669135" lon="12.567740">
        <ele>369.386467</ele>
        <time>2025-06-13T21:03:40.049Z</time>
      </trkpt>
      <trkpt lat="50.669330" lon="12.567636">
        <ele>369.860774</ele>
        <time>2025-06-13T21:03:43.917Z</time>
      </trkpt>
      <trkpt lat="50.669452" lon="12.567639">
        <ele>370.141928</ele>
        <time>2025-06-13T21:03:46.132Z</time>
      </trkpt>
      <trkpt lat="50.670040" lon="12.567651">
        <ele>371.758133</ele>
        <time>2025-06-13T21:03:58.255Z</time>
      </trkpt>
      <trkpt lat="50.670312" lon="12.567627">
        <ele>372.738717</ele>
        <time>2025-06-13T21:04:04.768Z</time>
      </trkpt>
      <trkpt lat="50.670469" lon="12.567600">
        <ele>373.307179</ele>
        <time>2025-06-13T21:04:08.700Z</time>
      </trkpt>
      <trkpt lat="50.670656" lon="12.567494">
        <ele>374.022397</ele>
        <time>2025-06-13T21:04:13.748Z</time>
      </trkpt>
      <trkpt lat="50.670995" lon="12.567227">
        <ele>375.386188</ele>
        <time>2025-06-13T21:04:23.645Z</time>
      </trkpt>
      <trkpt lat="50.671283" lon="12.566924">
        <ele>376.632145</ele>
        <time>2025-06-13T21:04:32.760Z</time>
      </trkpt>
      <trkpt lat="50.671592" lon="12.566547">
        <ele>377.650125</ele>
        <time>2025-06-13T21:04:42.651Z</time>
      </trkpt>
      <trkpt lat="50.671795" lon="12.566205">
        <ele>377.939031</ele>
        <time>2025-06-13T21:04:49.409Z</time>
      </trkpt>
      <trkpt lat="50.671943" lon="12.566051">
        <ele>378.111504</ele>
        <time>2025-06-13T21:04:53.005Z</time>
      </trkpt>
      <trkpt lat="50.672554" lon="12.565643">
        <ele>378.756960</ele>
        <time>2025-06-13T21:05:03.420Z</time>
      </trkpt>
      <trkpt lat="50.672819" lon="12.565249">
        <ele>379.111185</ele>
        <time>2025-06-13T21:05:07.869Z</time>
      </trkpt>
      <trkpt lat="50.673071" lon="12.564812">
        <ele>378.602672</ele>
        <time>2025-06-13T21:05:12.035Z</time>
      </trkpt>
      <trkpt lat="50.673355" lon="12.564191">
        <ele>377.194891</ele>
        <time>2025-06-13T21:05:17.081Z</time>
      </trkpt>
      <trkpt lat="50.673773" lon="12.563085">
        <ele>374.827660</ele>
        <time>2025-06-13T21:05:25.247Z</time>
      </trkpt>
      <trkpt lat="50.673779" lon="12.562069">
        <ele>373.452661</ele>
        <time>2025-06-13T21:05:32.692Z</time>
      </trkpt>
      <trkpt lat="50.673741" lon="12.561552">
        <ele>372.932824</ele>
        <time>2025-06-13T21:05:36.241Z</time>
      </trkpt>
      <trkpt lat="50.673765" lon="12.560097">
        <ele>371.479089</ele>
        <time>2025-06-13T21:05:47.267Z</time>
      </trkpt>
      <trkpt lat="50.673751" lon="12.559864">
        <ele>371.245327</ele>
        <time>2025-06-13T21:05:49.222Z</time>
      </trkpt>
      <trkpt lat="50.673513" lon="12.558659">
        <ele>371.385034</ele>
        <time>2025-06-13T21:06:00.491Z</time>
      </trkpt>
      <trkpt lat="50.673456" lon="12.558465">
        <ele>371.416703</ele>
        <time>2025-06-13T21:06:02.598Z</time>
      </trkpt>
      <trkpt lat="50.673125" lon="12.557755">
        <ele>371.547239</ele>
        <time>2025-06-13T21:06:11.344Z</time>
      </trkpt>
      <trkpt lat="50.673567" lon="12.556932">
        <ele>371.044809</ele>
        <time>2025-06-13T21:06:21.746Z</time>
      </trkpt>
      <trkpt lat="50.673841" lon="12.556182">
        <ele>370.143609</ele>
        <time>2025-06-13T21:06:29.273Z</time>
      </trkpt>
      <trkpt lat="50.674076" lon="12.555156">
        <ele>369.007920</ele>
        <time>2025-06-13T21:06:37.753Z</time>
      </trkpt>
      <trkpt lat="50.674317" lon="12.554456">
        <ele>367.041613</ele>
        <time>2025-06-13T21:06:43.396Z</time>
      </trkpt>
      <trkpt lat="50.674664" lon="12.553693">
        <ele>363.801658</ele>
        <time>2025-06-13T21:06:49.690Z</time>
      </trkpt>
      <trkpt lat="50.675155" lon="12.552914">
        <ele>360.011273</ele>
        <time>2025-06-13T21:06:56.856Z</time>
      </trkpt>
      <trkpt lat="50.675358" lon="12.552658">
        <ele>358.695460</ele>
        <time>2025-06-13T21:06:59.555Z</time>
      </trkpt>
      <trkpt lat="50.675655" lon="12.552418">
        <ele>357.516085</ele>
        <time>2025-06-13T21:07:03.058Z</time>
      </trkpt>
      <trkpt lat="50.675775" lon="12.552297">
        <ele>357.012753</ele>
        <time>2025-06-13T21:07:04.586Z</time>
      </trkpt>
      <trkpt lat="50.675820" lon="12.552212">
        <ele>356.764673</ele>
        <time>2025-06-13T21:07:05.340Z</time>
      </trkpt>
      <trkpt lat="50.675992" lon="12.550867">
        <ele>353.691389</ele>
        <time>2025-06-13T21:07:15.228Z</time>
      </trkpt>
      <trkpt lat="50.676062" lon="12.550888">
        <ele>353.439544</ele>
        <time>2025-06-13T21:07:16.046Z</time>
      </trkpt>
      <trkpt lat="50.676364" lon="12.550982">
        <ele>352.616847</ele>
        <time>2025-06-13T21:07:21.078Z</time>
      </trkpt>
      <trkpt lat="50.676499" lon="12.551022">
        <ele>352.890787</ele>
        <time>2025-06-13T21:07:22.883Z</time>
      </trkpt>
      <trkpt lat="50.676633" lon="12.549708">
        <ele>354.572795</ele>
        <time>2025-06-13T21:07:39.396Z</time>
      </trkpt>
      <trkpt lat="50.676773" lon="12.548620">
        <ele>355.975873</ele>
        <time>2025-06-13T21:07:58.362Z</time>
      </trkpt>
      <trkpt lat="50.676792" lon="12.547155">
        <ele>357.540483</ele>
        <time>2025-06-13T21:08:21.570Z</time>
      </trkpt>
      <trkpt lat="50.676827" lon="12.546790">
        <ele>357.929084</ele>
        <time>2025-06-13T21:08:26.508Z</time>
      </trkpt>
      <trkpt lat="50.676845" lon="12.545638">
        <ele>358.925421</ele>
        <time>2025-06-13T21:08:38.301Z</time>
      </trkpt>
      <trkpt lat="50.676687" lon="12.544711">
        <ele>355.177025</ele>
        <time>2025-06-13T21:08:45.358Z</time>
      </trkpt>
      <trkpt lat="50.676579" lon="12.543777">
        <ele>351.469711</ele>
        <time>2025-06-13T21:08:51.573Z</time>
      </trkpt>
      <trkpt lat="50.677216" lon="12.543454">
        <ele>346.738196</ele>
        <time>2025-06-13T21:09:01.894Z</time>
      </trkpt>
      <trkpt lat="50.677686" lon="12.543293">
        <ele>341.066347</ele>
        <time>2025-06-13T21:09:09.113Z</time>
      </trkpt>
      <trkpt lat="50.677966" lon="12.543099">
        <ele>337.460028</ele>
        <time>2025-06-13T21:09:13.678Z</time>
      </trkpt>
      <trkpt lat="50.678529" lon="12.542414">
        <ele>329.076263</ele>
        <time>2025-06-13T21:09:24.250Z</time>
      </trkpt>
      <trkpt lat="50.678751" lon="12.542196">
        <ele>326.346286</ele>
        <time>2025-06-13T21:09:28.138Z</time>
      </trkpt>
      <trkpt lat="50.678825" lon="12.542025">
        <ele>325.475472</ele>
        <time>2025-06-13T21:09:30.114Z</time>
      </trkpt>
      <trkpt lat="50.679097" lon="12.541884">
        <ele>323.575433</ele>
        <time>2025-06-13T21:09:32.643Z</time>
      </trkpt>
      <trkpt lat="50.679386" lon="12.541795">
        <ele>321.621288</ele>
        <time>2025-06-13T21:09:35.309Z</time>
      </trkpt>
      <trkpt lat="50.679627" lon="12.541551">
        <ele>319.721026</ele>
        <time>2025-06-13T21:09:37.992Z</time>
      </trkpt>
      <trkpt lat="50.679818" lon="12.541247">
        <ele>317.920721</ele>
        <time>2025-06-13T21:09:40.645Z</time>
      </trkpt>
      <trkpt lat="50.679924" lon="12.540935">
        <ele>316.431981</ele>
        <time>2025-06-13T21:09:42.998Z</time>
      </trkpt>
      <trkpt lat="50.679640" lon="12.540738">
        <ele>315.383396</ele>
        <time>2025-06-13T21:09:46.644Z</time>
      </trkpt>
      <trkpt lat="50.679413" lon="12.540480">
        <ele>317.343892</ele>
        <time>2025-06-13T21:09:52.255Z</time>
      </trkpt>
      <trkpt lat="50.679618" lon="12.539957">
        <ele>320.074874</ele>
        <time>2025-06-13T21:10:07.333Z</time>
      </trkpt>
      <trkpt lat="50.679862" lon="12.539492">
        <ele>322.755955</ele>
        <time>2025-06-13T21:10:24.823Z</time>
      </trkpt>
      <trkpt lat="50.680193" lon="12.538455">
        <ele>328.257037</ele>
        <time>2025-06-13T21:11:07.307Z</time>
      </trkpt>
      <trkpt lat="50.680303" lon="12.538052">
        <ele>331.723826</ele>
        <time>2025-06-13T21:11:24.631Z</time>
      </trkpt>
      <trkpt lat="50.680380" lon="12.537612">
        <ele>335.330232</ele>
        <time>2025-06-13T21:11:43.004Z</time>
      </trkpt>
      <trkpt lat="50.680321" lon="12.537424">
        <ele>336.987736</ele>
        <time>2025-06-13T21:11:50.398Z</time>
      </trkpt>
      <trkpt lat="50.680437" lon="12.537374">
        <ele>338.487054</ele>
        <time>2025-06-13T21:11:57.053Z</time>
      </trkpt>
      <trkpt lat="50.680491" lon="12.537138">
        <ele>340.469434</ele>
        <time>2025-06-13T21:12:07.018Z</time>
      </trkpt>
      <trkpt lat="50.680637" lon="12.536463">
        <ele>346.104456</ele>
        <time>2025-06-13T21:12:34.866Z</time>
      </trkpt>
      <trkpt lat="50.680724" lon="12.535830">
        <ele>350.513665</ele>
        <time>2025-06-13T21:12:58.311Z</time>
      </trkpt>
      <trkpt lat="50.680811" lon="12.535197">
        <ele>352.897470</ele>
        <time>2025-06-13T21:13:19.031Z</time>
      </trkpt>
      <trkpt lat="50.680854" lon="12.534587">
        <ele>355.156301</ele>
        <time>2025-06-13T21:13:36.290Z</time>
      </trkpt>
      <trkpt lat="50.680849" lon="12.534003">
        <ele>357.305790</ele>
        <time>2025-06-13T21:13:50.558Z</time>
      </trkpt>
      <trkpt lat="50.680607" lon="12.530848">
        <ele>359.698721</ele>
        <time>2025-06-13T21:14:36.151Z</time>
      </trkpt>
      <trkpt lat="50.681263" lon="12.530506">
        <ele>358.232523</ele>
        <time>2025-06-13T21:14:44.375Z</time>
      </trkpt>
      <trkpt lat="50.681517" lon="12.530291">
        <ele>357.229346</ele>
        <time>2025-06-13T21:14:47.690Z</time>
      </trkpt>
      <trkpt lat="50.682100" lon="12.529595">
        <ele>354.685066</ele>
        <time>2025-06-13T21:14:55.936Z</time>
      </trkpt>
      <trkpt lat="50.682232" lon="12.529477">
        <ele>354.157059</ele>
        <time>2025-06-13T21:14:57.628Z</time>
      </trkpt>
      <trkpt lat="50.682378" lon="12.529401">
        <ele>353.621978</ele>
        <time>2025-06-13T21:14:59.343Z</time>
      </trkpt>
      <trkpt lat="50.682907" lon="12.529322">
        <ele>351.130248</ele>
        <time>2025-06-13T21:15:05.155Z</time>
      </trkpt>
      <trkpt lat="50.683106" lon="12.529256">
        <ele>350.125944</ele>
        <time>2025-06-13T21:15:07.344Z</time>
      </trkpt>
      <trkpt lat="50.683449" lon="12.529073">
        <ele>348.337733</ele>
        <time>2025-06-13T21:15:11.207Z</time>
      </trkpt>
      <trkpt lat="50.683919" lon="12.529002">
        <ele>346.005851</ele>
        <time>2025-06-13T21:15:16.237Z</time>
      </trkpt>
      <trkpt lat="50.684245" lon="12.528996">
        <ele>344.399104</ele>
        <time>2025-06-13T21:15:19.698Z</time>
      </trkpt>
      <trkpt lat="50.684219" lon="12.526850">
        <ele>338.551919</ele>
        <time>2025-06-13T21:15:32.847Z</time>
      </trkpt>
      <trkpt lat="50.684310" lon="12.524891">
        <ele>333.961844</ele>
        <time>2025-06-13T21:15:45.589Z</time>
      </trkpt>
      <trkpt lat="50.684349" lon="12.524380">
        <ele>332.865616</ele>
        <time>2025-06-13T21:15:48.979Z</time>
      </trkpt>
      <trkpt lat="50.684456" lon="12.522940">
        <ele>329.316438</ele>
        <time>2025-06-13T21:15:58.318Z</time>
      </trkpt>
      <trkpt lat="50.684507" lon="12.522575">
        <ele>328.095915</ele>
        <time>2025-06-13T21:16:00.631Z</time>
      </trkpt>
      <trkpt lat="50.684682" lon="12.521897">
        <ele>325.705290</ele>
        <time>2025-06-13T21:16:05.070Z</time>
      </trkpt>
      <trkpt lat="50.684818" lon="12.521501">
        <ele>324.234434</ele>
        <time>2025-06-13T21:16:07.751Z</time>
      </trkpt>
      <trkpt lat="50.685797" lon="12.519222">
        <ele>313.716814</ele>
        <time>2025-06-13T21:16:23.587Z</time>
      </trkpt>
      <trkpt lat="50.686036" lon="12.518704">
        <ele>311.103231</ele>
        <time>2025-06-13T21:16:27.276Z</time>
      </trkpt>
      <trkpt lat="50.686286" lon="12.517996">
        <ele>308.226685</ele>
        <time>2025-06-13T21:16:32.040Z</time>
      </trkpt>
      <trkpt lat="50.686353" lon="12.517733">
        <ele>307.319163</ele>
        <time>2025-06-13T21:16:33.737Z</time>
      </trkpt>
      <trkpt lat="50.686508" lon="12.517242">
        <ele>305.562889</ele>
        <time>2025-06-13T21:16:37.052Z</time>
      </trkpt>
      <trkpt lat="50.686699" lon="12.516617">
        <ele>303.341329</ele>
        <time>2025-06-13T21:16:41.313Z</time>
      </trkpt>
      <trkpt lat="50.686793" lon="12.516311">
        <ele>302.252587</ele>
        <time>2025-06-13T21:16:43.390Z</time>
      </trkpt>
      <trkpt lat="50.687004" lon="12.515685">
        <ele>299.958442</ele>
        <time>2025-06-13T21:16:47.719Z</time>
      </trkpt>
      <trkpt lat="50.687118" lon="12.515365">
        <ele>298.744007</ele>
        <time>2025-06-13T21:16:49.962Z</time>
      </trkpt>
      <trkpt lat="50.687169" lon="12.515228">
        <ele>298.218369</ele>
        <time>2025-06-13T21:16:50.918Z</time>
      </trkpt>
      <trkpt lat="50.687385" lon="12.514646">
        <ele>295.987106</ele>
        <time>2025-06-13T21:16:54.935Z</time>
      </trkpt>
      <trkpt lat="50.687486" lon="12.514348">
        <ele>294.869135</ele>
        <time>2025-06-13T21:16:56.951Z</time>
      </trkpt>
      <trkpt lat="50.687631" lon="12.513879">
        <ele>293.142825</ele>
        <time>2025-06-13T21:17:00.036Z</time>
      </trkpt>
      <trkpt lat="50.687767" lon="12.513353">
        <ele>291.267347</ele>
        <time>2025-06-13T21:17:03.418Z</time>
      </trkpt>
      <trkpt lat="50.687895" lon="12.512873">
        <ele>289.676428</ele>
        <time>2025-06-13T21:17:06.540Z</time>
      </trkpt>
      <trkpt lat="50.687999" lon="12.512263">
        <ele>287.746686</ele>
        <time>2025-06-13T21:17:10.301Z</time>
      </trkpt>
      <trkpt lat="50.688009" lon="12.511931">
        <ele>286.731339</ele>
        <time>2025-06-13T21:17:12.333Z</time>
      </trkpt>
      <trkpt lat="50.688023" lon="12.511833">
        <ele>286.424449</ele>
        <time>2025-06-13T21:17:12.950Z</time>
      </trkpt>
      <trkpt lat="50.688191" lon="12.511568">
        <ele>285.279225</ele>
        <time>2025-06-13T21:17:15.353Z</time>
      </trkpt>
      <trkpt lat="50.688260" lon="12.511472">
        <ele>284.835722</ele>
        <time>2025-06-13T21:17:16.285Z</time>
      </trkpt>
      <trkpt lat="50.688292" lon="12.511420">
        <ele>284.614269</ele>
        <time>2025-06-13T21:17:16.751Z</time>
      </trkpt>
      <trkpt lat="50.688521" lon="12.511081">
        <ele>283.100444</ele>
        <time>2025-06-13T21:17:19.952Z</time>
      </trkpt>
      <trkpt lat="50.688669" lon="12.510688">
        <ele>281.881968</ele>
        <time>2025-06-13T21:17:22.949Z</time>
      </trkpt>
      <trkpt lat="50.688742" lon="12.510295">
        <ele>280.868750</ele>
        <time>2025-06-13T21:17:25.634Z</time>
      </trkpt>
      <trkpt lat="50.688961" lon="12.508742">
        <ele>276.932584</ele>
        <time>2025-06-13T21:17:36.163Z</time>
      </trkpt>
      <trkpt lat="50.688961" lon="12.508619">
        <ele>276.628281</ele>
        <time>2025-06-13T21:17:36.982Z</time>
      </trkpt>
      <trkpt lat="50.689062" lon="12.508553">
        <ele>276.201402</ele>
        <time>2025-06-13T21:17:38.964Z</time>
      </trkpt>
      <trkpt lat="50.689396" lon="12.507534">
        <ele>273.723631</ele>
        <time>2025-06-13T21:17:52.165Z</time>
      </trkpt>
      <trkpt lat="50.690107" lon="12.506096">
        <ele>269.932909</ele>
        <time>2025-06-13T21:18:13.443Z</time>
      </trkpt>
      <trkpt lat="50.691079" lon="12.504499">
        <ele>266.247761</ele>
        <time>2025-06-13T21:18:30.133Z</time>
      </trkpt>
      <trkpt lat="50.691506" lon="12.503905">
        <ele>264.876541</ele>
        <time>2025-06-13T21:18:37.069Z</time>
      </trkpt>
      <trkpt lat="50.692149" lon="12.502952">
        <ele>263.452060</ele>
        <time>2025-06-13T21:18:48.148Z</time>
      </trkpt>
      <trkpt lat="50.692900" lon="12.501836">
        <ele>262.189260</ele>
        <time>2025-06-13T21:19:00.094Z</time>
      </trkpt>
      <trkpt lat="50.693461" lon="12.500851">
        <ele>262.354486</ele>
        <time>2025-06-13T21:19:10.842Z</time>
      </trkpt>
      <trkpt lat="50.694083" lon="12.499835">
        <ele>262.713428</ele>
        <time>2025-06-13T21:19:26.098Z</time>
      </trkpt>
      <trkpt lat="50.694191" lon="12.499683">
        <ele>262.909345</ele>
        <time>2025-06-13T21:19:28.882Z</time>
      </trkpt>
      <trkpt lat="50.694868" lon="12.498729">
        <ele>264.138129</ele>
        <time>2025-06-13T21:19:46.378Z</time>
      </trkpt>
      <trkpt lat="50.695588" lon="12.497824">
        <ele>264.911055</ele>
        <time>2025-06-13T21:20:00.791Z</time>
      </trkpt>
      <trkpt lat="50.695790" lon="12.497610">
        <ele>264.893418</ele>
        <time>2025-06-13T21:20:03.972Z</time>
      </trkpt>
      <trkpt lat="50.695942" lon="12.497933">
        <ele>264.874939</ele>
        <time>2025-06-13T21:20:07.216Z</time>
      </trkpt>
      <trkpt lat="50.696083" lon="12.498140">
        <ele>264.860979</ele>
        <time>2025-06-13T21:20:09.665Z</time>
      </trkpt>
      <trkpt lat="50.696683" lon="12.498579">
        <ele>264.813034</ele>
        <time>2025-06-13T21:20:17.909Z</time>
      </trkpt>
      <trkpt lat="50.697021" lon="12.497710">
        <ele>264.805046</ele>
        <time>2025-06-13T21:20:26.247Z</time>
      </trkpt>
      <trkpt lat="50.697941" lon="12.498424">
        <ele>264.805705</ele>
        <time>2025-06-13T21:20:40.179Z</time>
      </trkpt>
      <trkpt lat="50.697994" lon="12.498275">
        <ele>264.805774</ele>
        <time>2025-06-13T21:20:41.703Z</time>
      </trkpt>
      <trkpt lat="50.698564" lon="12.498781">
        <ele>264.774097</ele>
        <time>2025-06-13T21:20:51.184Z</time>
      </trkpt>
      <trkpt lat="50.698799" lon="12.499014">
        <ele>264.757137</ele>
        <time>2025-06-13T21:20:55.128Z</time>
      </trkpt>
      <trkpt lat="50.699546" lon="12.499994">
        <ele>264.697779</ele>
        <time>2025-06-13T21:21:07.800Z</time>
      </trkpt>
      <trkpt lat="50.699626" lon="12.499911">
        <ele>264.663434</ele>
        <time>2025-06-13T21:21:09.801Z</time>
      </trkpt>
      <trkpt lat="50.699837" lon="12.500163">
        <ele>264.532270</ele>
        <time>2025-06-13T21:21:15.340Z</time>
      </trkpt>
      <trkpt lat="50.700377" lon="12.500702">
        <ele>264.215543</ele>
        <time>2025-06-13T21:21:28.475Z</time>
      </trkpt>
      <trkpt lat="50.701196" lon="12.501201">
        <ele>263.896464</ele>
        <time>2025-06-13T21:21:47.241Z</time>
      </trkpt>
      <trkpt lat="50.702100" lon="12.501882">
        <ele>265.812504</ele>
        <time>2025-06-13T21:22:13.233Z</time>
      </trkpt>
      <trkpt lat="50.702718" lon="12.502703">
        <ele>267.351222</ele>
        <time>2025-06-13T21:22:39.223Z</time>
      </trkpt>
      <trkpt lat="50.702802" lon="12.502814">
        <ele>267.549094</ele>
        <time>2025-06-13T21:22:42.902Z</time>
      </trkpt>
      <trkpt lat="50.703285" lon="12.503386">
        <ele>268.639756</ele>
        <time>2025-06-13T21:23:03.315Z</time>
      </trkpt>
      <trkpt lat="50.703966" lon="12.504096">
        <ele>270.113929</ele>
        <time>2025-06-13T21:23:25.321Z</time>
      </trkpt>
      <trkpt lat="50.704183" lon="12.504304">
        <ele>270.384214</ele>
        <time>2025-06-13T21:23:30.602Z</time>
      </trkpt>
      <trkpt lat="50.704723" lon="12.504595">
        <ele>268.940768</ele>
        <time>2025-06-13T21:23:41.460Z</time>
      </trkpt>
      <trkpt lat="50.705402" lon="12.504840">
        <ele>267.178773</ele>
        <time>2025-06-13T21:23:53.970Z</time>
      </trkpt>
      <trkpt lat="50.706185" lon="12.504976">
        <ele>265.943903</ele>
        <time>2025-06-13T21:24:08.931Z</time>
      </trkpt>
      <trkpt lat="50.706628" lon="12.505131">
        <ele>265.943903</ele>
        <time>2025-06-13T21:24:18.115Z</time>
      </trkpt>
      <trkpt lat="50.706806" lon="12.505258">
        <ele>265.943903</ele>
        <time>2025-06-13T21:24:22.136Z</time>
      </trkpt>
      <trkpt lat="50.706853" lon="12.505518">
        <ele>265.943903</ele>
        <time>2025-06-13T21:24:25.710Z</time>
      </trkpt>
      <trkpt lat="50.707077" lon="12.505702">
        <ele>265.943903</ele>
        <time>2025-06-13T21:24:31.058Z</time>
      </trkpt>
      <trkpt lat="50.707445" lon="12.506013">
        <ele>265.943903</ele>
        <time>2025-06-13T21:24:40.044Z</time>
      </trkpt>
    </trkseg>
  </trk>
</gpx>