<?xml version='1.0' encoding='UTF-8'?>
<gpx version="1.1" creator="https://www.komoot.de" xmlns="http://www.topografix.com/GPX/1/1" xmlns:xsi="http://www.w3.org/2001/XMLSchema-instance" xsi:schemaLocation="http://www.topografix.com/GPX/1/1 http://www.topografix.com/GPX/1/1/gpx.xsd">
  <metadata>
    <name>ultra500 '25 part2</name>
    <author>
      <link href="https://www.komoot.de">
        <text>komoot</text>
        <type>text/html</type>
      </link>
    </author>
  </metadata>
  <trk>
    <name>ultra500 '25 part2</name>
    <trkseg>
      <trkpt lat="51.141046" lon="13.124827">
        <ele>210.775115</ele>
        <time>2025-06-15T15:37:24.777Z</time>
      </trkpt>
      <trkpt lat="51.141170" lon="13.125099">
        <ele>210.775115</ele>
        <time>2025-06-15T15:37:30.234Z</time>
      </trkpt>
      <trkpt lat="51.141082" lon="13.125130">
        <ele>210.775115</ele>
        <time>2025-06-15T15:37:31.629Z</time>
      </trkpt>
      <trkpt lat="51.140719" lon="13.125236">
        <ele>210.775115</ele>
        <time>2025-06-15T15:37:37.043Z</time>
      </trkpt>
      <trkpt lat="51.140432" lon="13.125383">
        <ele>210.875359</ele>
        <time>2025-06-15T15:37:41.539Z</time>
      </trkpt>
      <trkpt lat="51.139364" lon="13.126222">
        <ele>212.527461</ele>
        <time>2025-06-15T15:38:01.459Z</time>
      </trkpt>
      <trkpt lat="51.137976" lon="13.127242">
        <ele>214.912922</ele>
        <time>2025-06-15T15:38:32.266Z</time>
      </trkpt>
      <trkpt lat="51.137512" lon="13.127491">
        <ele>215.722804</ele>
        <time>2025-06-15T15:38:41.293Z</time>
      </trkpt>
      <trkpt lat="51.136861" lon="13.127694">
        <ele>215.717577</ele>
        <time>2025-06-15T15:38:51.256Z</time>
      </trkpt>
      <trkpt lat="51.136237" lon="13.127803">
        <ele>214.761611</ele>
        <time>2025-06-15T15:38:58.701Z</time>
      </trkpt>
      <trkpt lat="51.136211" lon="13.127806">
        <ele>214.721913</ele>
        <time>2025-06-15T15:38:58.988Z</time>
      </trkpt>
      <trkpt lat="51.135916" lon="13.127809">
        <ele>214.272655</ele>
        <time>2025-06-15T15:39:02.175Z</time>
      </trkpt>
      <trkpt lat="51.135714" lon="13.127790">
        <ele>213.964498</ele>
        <time>2025-06-15T15:39:04.264Z</time>
      </trkpt>
      <trkpt lat="51.135154" lon="13.127730">
        <ele>212.601613</ele>
        <time>2025-06-15T15:39:09.922Z</time>
      </trkpt>
      <trkpt lat="51.134452" lon="13.127697">
        <ele>210.163739</ele>
        <time>2025-06-15T15:39:16.886Z</time>
      </trkpt>
      <trkpt lat="51.134182" lon="13.127753">
        <ele>209.218599</ele>
        <time>2025-06-15T15:39:19.591Z</time>
      </trkpt>
      <trkpt lat="51.134026" lon="13.127811">
        <ele>208.662543</ele>
        <time>2025-06-15T15:39:21.184Z</time>
      </trkpt>
      <trkpt lat="51.133675" lon="13.127952">
        <ele>207.406023</ele>
        <time>2025-06-15T15:39:24.860Z</time>
      </trkpt>
      <trkpt lat="51.133491" lon="13.128057">
        <ele>207.007183</ele>
        <time>2025-06-15T15:39:26.910Z</time>
      </trkpt>
      <trkpt lat="51.132433" lon="13.128957">
        <ele>205.016388</ele>
        <time>2025-06-15T15:39:40.409Z</time>
      </trkpt>
      <trkpt lat="51.132268" lon="13.129068">
        <ele>204.719088</ele>
        <time>2025-06-15T15:39:42.641Z</time>
      </trkpt>
      <trkpt lat="51.132168" lon="13.129097">
        <ele>204.550365</ele>
        <time>2025-06-15T15:39:43.933Z</time>
      </trkpt>
      <trkpt lat="51.132157" lon="13.129186">
        <ele>204.455876</ele>
        <time>2025-06-15T15:39:44.628Z</time>
      </trkpt>
      <trkpt lat="51.132096" lon="13.129214">
        <ele>204.350501</ele>
        <time>2025-06-15T15:39:45.972Z</time>
      </trkpt>
      <trkpt lat="51.131203" lon="13.129625">
        <ele>203.075245</ele>
        <time>2025-06-15T15:39:57.873Z</time>
      </trkpt>
      <trkpt lat="51.131075" lon="13.129806">
        <ele>202.842897</ele>
        <time>2025-06-15T15:40:00.004Z</time>
      </trkpt>
      <trkpt lat="51.129198" lon="13.129290">
        <ele>199.087806</ele>
        <time>2025-06-15T15:40:20.801Z</time>
      </trkpt>
      <trkpt lat="51.128520" lon="13.129179">
        <ele>197.467517</ele>
        <time>2025-06-15T15:40:27.934Z</time>
      </trkpt>
      <trkpt lat="51.128400" lon="13.129143">
        <ele>197.152984</ele>
        <time>2025-06-15T15:40:29.215Z</time>
      </trkpt>
      <trkpt lat="51.128278" lon="13.129066">
        <ele>196.814976</ele>
        <time>2025-06-15T15:40:30.582Z</time>
      </trkpt>
      <trkpt lat="51.127865" lon="13.128678">
        <ele>195.580011</ele>
        <time>2025-06-15T15:40:35.644Z</time>
      </trkpt>
      <trkpt lat="51.127565" lon="13.128461">
        <ele>194.731360</ele>
        <time>2025-06-15T15:40:39.180Z</time>
      </trkpt>
      <trkpt lat="51.127299" lon="13.128414">
        <ele>194.041983</ele>
        <time>2025-06-15T15:40:42.106Z</time>
      </trkpt>
      <trkpt lat="51.126945" lon="13.128419">
        <ele>193.130095</ele>
        <time>2025-06-15T15:40:45.986Z</time>
      </trkpt>
      <trkpt lat="51.125924" lon="13.128480">
        <ele>188.906401</ele>
        <time>2025-06-15T15:40:56.459Z</time>
      </trkpt>
      <trkpt lat="51.124782" lon="13.128598">
        <ele>183.623279</ele>
        <time>2025-06-15T15:41:07.192Z</time>
      </trkpt>
      <trkpt lat="51.124398" lon="13.128572">
        <ele>181.446171</ele>
        <time>2025-06-15T15:41:10.665Z</time>
      </trkpt>
      <trkpt lat="51.124184" lon="13.128495">
        <ele>180.203455</ele>
        <time>2025-06-15T15:41:12.661Z</time>
      </trkpt>
      <trkpt lat="51.124009" lon="13.128367">
        <ele>179.112715</ele>
        <time>2025-06-15T15:41:14.423Z</time>
      </trkpt>
      <trkpt lat="51.123883" lon="13.128196">
        <ele>178.175171</ele>
        <time>2025-06-15T15:41:15.945Z</time>
      </trkpt>
      <trkpt lat="51.123798" lon="13.128002">
        <ele>177.334025</ele>
        <time>2025-06-15T15:41:17.321Z</time>
      </trkpt>
      <trkpt lat="51.123753" lon="13.127793">
        <ele>176.548477</ele>
        <time>2025-06-15T15:41:18.624Z</time>
      </trkpt>
      <trkpt lat="51.123688" lon="13.127243">
        <ele>174.896881</ele>
        <time>2025-06-15T15:41:22.027Z</time>
      </trkpt>
      <trkpt lat="51.123649" lon="13.126876">
        <ele>174.362585</ele>
        <time>2025-06-15T15:41:24.370Z</time>
      </trkpt>
      <trkpt lat="51.123632" lon="13.126528">
        <ele>173.861547</ele>
        <time>2025-06-15T15:41:26.637Z</time>
      </trkpt>
      <trkpt lat="51.123599" lon="13.126387">
        <ele>173.645539</ele>
        <time>2025-06-15T15:41:27.626Z</time>
      </trkpt>
      <trkpt lat="51.123628" lon="13.126160">
        <ele>173.313017</ele>
        <time>2025-06-15T15:41:29.174Z</time>
      </trkpt>
      <trkpt lat="51.123687" lon="13.125248">
        <ele>171.996978</ele>
        <time>2025-06-15T15:41:35.621Z</time>
      </trkpt>
      <trkpt lat="51.123629" lon="13.125247">
        <ele>171.864324</ele>
        <time>2025-06-15T15:41:36.522Z</time>
      </trkpt>
      <trkpt lat="51.123640" lon="13.125486">
        <ele>171.520337</ele>
        <time>2025-06-15T15:41:38.286Z</time>
      </trkpt>
      <trkpt lat="51.123618" lon="13.125823">
        <ele>171.033990</ele>
        <time>2025-06-15T15:41:40.865Z</time>
      </trkpt>
      <trkpt lat="51.123535" lon="13.125910">
        <ele>171.020795</ele>
        <time>2025-06-15T15:41:42.106Z</time>
      </trkpt>
      <trkpt lat="51.123421" lon="13.126049">
        <ele>171.034290</ele>
        <time>2025-06-15T15:41:43.971Z</time>
      </trkpt>
      <trkpt lat="51.123123" lon="13.126423">
        <ele>171.069951</ele>
        <time>2025-06-15T15:41:49.568Z</time>
      </trkpt>
      <trkpt lat="51.123041" lon="13.126276">
        <ele>171.081555</ele>
        <time>2025-06-15T15:41:51.572Z</time>
      </trkpt>
      <trkpt lat="51.122928" lon="13.126049">
        <ele>171.098650</ele>
        <time>2025-06-15T15:41:54.529Z</time>
      </trkpt>
      <trkpt lat="51.122900" lon="13.126039">
        <ele>171.101347</ele>
        <time>2025-06-15T15:41:54.988Z</time>
      </trkpt>
      <trkpt lat="51.122592" lon="13.126406">
        <ele>171.137503</ele>
        <time>2025-06-15T15:42:01.036Z</time>
      </trkpt>
      <trkpt lat="51.122345" lon="13.126625">
        <ele>171.164076</ele>
        <time>2025-06-15T15:42:05.551Z</time>
      </trkpt>
      <trkpt lat="51.122292" lon="13.126517">
        <ele>171.172165</ele>
        <time>2025-06-15T15:42:06.934Z</time>
      </trkpt>
      <trkpt lat="51.122118" lon="13.126657">
        <ele>171.137924</ele>
        <time>2025-06-15T15:42:09.671Z</time>
      </trkpt>
      <trkpt lat="51.121682" lon="13.127010">
        <ele>170.917177</ele>
        <time>2025-06-15T15:42:16.463Z</time>
      </trkpt>
      <trkpt lat="51.121627" lon="13.127084">
        <ele>170.884684</ele>
        <time>2025-06-15T15:42:17.391Z</time>
      </trkpt>
      <trkpt lat="51.121581" lon="13.127140">
        <ele>170.858553</ele>
        <time>2025-06-15T15:42:18.109Z</time>
      </trkpt>
      <trkpt lat="51.121353" lon="13.127610">
        <ele>170.690265</ele>
        <time>2025-06-15T15:42:23.044Z</time>
      </trkpt>
      <trkpt lat="51.120773" lon="13.128451">
        <ele>170.389267</ele>
        <time>2025-06-15T15:42:33.552Z</time>
      </trkpt>
      <trkpt lat="51.120252" lon="13.129320">
        <ele>170.590454</ele>
        <time>2025-06-15T15:42:44.686Z</time>
      </trkpt>
      <trkpt lat="51.120042" lon="13.129571">
        <ele>170.660477</ele>
        <time>2025-06-15T15:42:49.047Z</time>
      </trkpt>
      <trkpt lat="51.119857" lon="13.129762">
        <ele>170.719276</ele>
        <time>2025-06-15T15:42:52.552Z</time>
      </trkpt>
      <trkpt lat="51.119797" lon="13.129942">
        <ele>170.753397</ele>
        <time>2025-06-15T15:42:54.616Z</time>
      </trkpt>
      <trkpt lat="51.119733" lon="13.129967">
        <ele>170.770973</ele>
        <time>2025-06-15T15:42:55.668Z</time>
      </trkpt>
      <trkpt lat="51.119423" lon="13.130084">
        <ele>170.860129</ele>
        <time>2025-06-15T15:43:00.887Z</time>
      </trkpt>
      <trkpt lat="51.119324" lon="13.130121">
        <ele>170.904392</ele>
        <time>2025-06-15T15:43:02.568Z</time>
      </trkpt>
      <trkpt lat="51.118562" lon="13.130426">
        <ele>171.246383</ele>
        <time>2025-06-15T15:43:14.681Z</time>
      </trkpt>
      <trkpt lat="51.118291" lon="13.130534">
        <ele>171.367979</ele>
        <time>2025-06-15T15:43:18.709Z</time>
      </trkpt>
      <trkpt lat="51.117995" lon="13.130648">
        <ele>171.500533</ele>
        <time>2025-06-15T15:43:22.767Z</time>
      </trkpt>
      <trkpt lat="51.117735" lon="13.130777">
        <ele>171.619067</ele>
        <time>2025-06-15T15:43:27.490Z</time>
      </trkpt>
      <trkpt lat="51.117570" lon="13.130963">
        <ele>171.680575</ele>
        <time>2025-06-15T15:43:30.992Z</time>
      </trkpt>
      <trkpt lat="51.117038" lon="13.131865">
        <ele>171.899082</ele>
        <time>2025-06-15T15:43:44.743Z</time>
      </trkpt>
      <trkpt lat="51.116938" lon="13.132224">
        <ele>171.968422</ele>
        <time>2025-06-15T15:43:49.393Z</time>
      </trkpt>
      <trkpt lat="51.116914" lon="13.133056">
        <ele>172.115464</ele>
        <time>2025-06-15T15:43:58.901Z</time>
      </trkpt>
      <trkpt lat="51.116874" lon="13.133312">
        <ele>172.292920</ele>
        <time>2025-06-15T15:44:01.991Z</time>
      </trkpt>
      <trkpt lat="51.116799" lon="13.133489">
        <ele>172.536690</ele>
        <time>2025-06-15T15:44:04.695Z</time>
      </trkpt>
      <trkpt lat="51.116745" lon="13.133546">
        <ele>172.654488</ele>
        <time>2025-06-15T15:44:06.091Z</time>
      </trkpt>
      <trkpt lat="51.116253" lon="13.133705">
        <ele>173.567395</ele>
        <time>2025-06-15T15:44:17.713Z</time>
      </trkpt>
      <trkpt lat="51.116042" lon="13.133794">
        <ele>173.964313</ele>
        <time>2025-06-15T15:44:23.120Z</time>
      </trkpt>
      <trkpt lat="51.115960" lon="13.133876">
        <ele>174.140372</ele>
        <time>2025-06-15T15:44:25.495Z</time>
      </trkpt>
      <trkpt lat="51.115711" lon="13.133876">
        <ele>174.593169</ele>
        <time>2025-06-15T15:44:30.815Z</time>
      </trkpt>
      <trkpt lat="51.115530" lon="13.134015">
        <ele>174.958561</ele>
        <time>2025-06-15T15:44:35.035Z</time>
      </trkpt>
      <trkpt lat="51.115393" lon="13.133981">
        <ele>175.210695</ele>
        <time>2025-06-15T15:44:37.874Z</time>
      </trkpt>
      <trkpt lat="51.115267" lon="13.133990">
        <ele>175.414687</ele>
        <time>2025-06-15T15:44:40.404Z</time>
      </trkpt>
      <trkpt lat="51.115086" lon="13.133873">
        <ele>175.481099</ele>
        <time>2025-06-15T15:44:44.179Z</time>
      </trkpt>
      <trkpt lat="51.114895" lon="13.133807">
        <ele>175.547548</ele>
        <time>2025-06-15T15:44:47.945Z</time>
      </trkpt>
      <trkpt lat="51.114574" lon="13.133581">
        <ele>175.666869</ele>
        <time>2025-06-15T15:44:53.928Z</time>
      </trkpt>
      <trkpt lat="51.114336" lon="13.133313">
        <ele>175.765963</ele>
        <time>2025-06-15T15:44:57.811Z</time>
      </trkpt>
      <trkpt lat="51.114238" lon="13.133249">
        <ele>175.801973</ele>
        <time>2025-06-15T15:44:59.105Z</time>
      </trkpt>
      <trkpt lat="51.113567" lon="13.132957">
        <ele>175.990166</ele>
        <time>2025-06-15T15:45:07.325Z</time>
      </trkpt>
      <trkpt lat="51.113117" lon="13.132867">
        <ele>175.732668</ele>
        <time>2025-06-15T15:45:12.588Z</time>
      </trkpt>
      <trkpt lat="51.112031" lon="13.132918">
        <ele>175.115812</ele>
        <time>2025-06-15T15:45:26.262Z</time>
      </trkpt>
      <trkpt lat="51.111167" lon="13.133078">
        <ele>175.063395</ele>
        <time>2025-06-15T15:45:38.330Z</time>
      </trkpt>
      <trkpt lat="51.110998" lon="13.133085">
        <ele>175.079735</ele>
        <time>2025-06-15T15:45:40.705Z</time>
      </trkpt>
      <trkpt lat="51.110642" lon="13.133013">
        <ele>175.114420</ele>
        <time>2025-06-15T15:45:45.599Z</time>
      </trkpt>
      <trkpt lat="51.110590" lon="13.132986">
        <ele>175.119707</ele>
        <time>2025-06-15T15:45:46.337Z</time>
      </trkpt>
      <trkpt lat="51.110535" lon="13.132965">
        <ele>175.125173</ele>
        <time>2025-06-15T15:45:47.116Z</time>
      </trkpt>
      <trkpt lat="51.110214" lon="13.132824">
        <ele>175.157358</ele>
        <time>2025-06-15T15:45:51.739Z</time>
      </trkpt>
      <trkpt lat="51.110004" lon="13.132780">
        <ele>175.149582</ele>
        <time>2025-06-15T15:45:54.716Z</time>
      </trkpt>
      <trkpt lat="51.109926" lon="13.132722">
        <ele>175.108982</ele>
        <time>2025-06-15T15:45:55.961Z</time>
      </trkpt>
      <trkpt lat="51.109865" lon="13.132615">
        <ele>175.066184</ele>
        <time>2025-06-15T15:45:57.247Z</time>
      </trkpt>
      <trkpt lat="51.109807" lon="13.132428">
        <ele>175.004422</ele>
        <time>2025-06-15T15:45:59.046Z</time>
      </trkpt>
      <trkpt lat="51.109736" lon="13.132334">
        <ele>174.960877</ele>
        <time>2025-06-15T15:46:00.302Z</time>
      </trkpt>
      <trkpt lat="51.109681" lon="13.132341">
        <ele>174.934853</ele>
        <time>2025-06-15T15:46:01.013Z</time>
      </trkpt>
      <trkpt lat="51.109255" lon="13.132594">
        <ele>174.720417</ele>
        <time>2025-06-15T15:46:06.699Z</time>
      </trkpt>
      <trkpt lat="51.108897" lon="13.132728">
        <ele>174.546967</ele>
        <time>2025-06-15T15:46:11.116Z</time>
      </trkpt>
      <trkpt lat="51.108697" lon="13.132704">
        <ele>174.452369</ele>
        <time>2025-06-15T15:46:13.554Z</time>
      </trkpt>
      <trkpt lat="51.108592" lon="13.132727">
        <ele>174.402380</ele>
        <time>2025-06-15T15:46:14.855Z</time>
      </trkpt>
      <trkpt lat="51.108516" lon="13.132605">
        <ele>174.351487</ele>
        <time>2025-06-15T15:46:16.162Z</time>
      </trkpt>
      <trkpt lat="51.108459" lon="13.132424">
        <ele>174.293224</ele>
        <time>2025-06-15T15:46:17.707Z</time>
      </trkpt>
      <trkpt lat="51.108419" lon="13.132165">
        <ele>174.218289</ele>
        <time>2025-06-15T15:46:19.748Z</time>
      </trkpt>
      <trkpt lat="51.108418" lon="13.131850">
        <ele>174.129789</ele>
        <time>2025-06-15T15:46:22.144Z</time>
      </trkpt>
      <trkpt lat="51.108387" lon="13.131761">
        <ele>174.101195</ele>
        <time>2025-06-15T15:46:22.913Z</time>
      </trkpt>
      <trkpt lat="51.108286" lon="13.131696">
        <ele>174.052449</ele>
        <time>2025-06-15T15:46:24.232Z</time>
      </trkpt>
      <trkpt lat="51.106807" lon="13.131718">
        <ele>173.623687</ele>
        <time>2025-06-15T15:46:43.229Z</time>
      </trkpt>
      <trkpt lat="51.106538" lon="13.131756">
        <ele>173.720786</ele>
        <time>2025-06-15T15:46:47.025Z</time>
      </trkpt>
      <trkpt lat="51.105848" lon="13.131987">
        <ele>173.974299</ele>
        <time>2025-06-15T15:46:57.228Z</time>
      </trkpt>
      <trkpt lat="51.105626" lon="13.132001">
        <ele>174.054182</ele>
        <time>2025-06-15T15:47:00.586Z</time>
      </trkpt>
      <trkpt lat="51.105206" lon="13.132141">
        <ele>174.292882</ele>
        <time>2025-06-15T15:47:07.368Z</time>
      </trkpt>
      <trkpt lat="51.104909" lon="13.132271">
        <ele>174.626649</ele>
        <time>2025-06-15T15:47:12.448Z</time>
      </trkpt>
      <trkpt lat="51.104042" lon="13.132742">
        <ele>175.619296</ele>
        <time>2025-06-15T15:47:28.305Z</time>
      </trkpt>
      <trkpt lat="51.103972" lon="13.132817">
        <ele>175.710717</ele>
        <time>2025-06-15T15:47:29.749Z</time>
      </trkpt>
      <trkpt lat="51.103916" lon="13.132938">
        <ele>175.812994</ele>
        <time>2025-06-15T15:47:31.302Z</time>
      </trkpt>
      <trkpt lat="51.103780" lon="13.133382">
        <ele>176.140774</ele>
        <time>2025-06-15T15:47:36.301Z</time>
      </trkpt>
      <trkpt lat="51.103688" lon="13.133528">
        <ele>176.246472</ele>
        <time>2025-06-15T15:47:38.375Z</time>
      </trkpt>
      <trkpt lat="51.103485" lon="13.133707">
        <ele>176.435312</ele>
        <time>2025-06-15T15:47:42.055Z</time>
      </trkpt>
      <trkpt lat="51.103175" lon="13.133871">
        <ele>176.701154</ele>
        <time>2025-06-15T15:47:47.170Z</time>
      </trkpt>
      <trkpt lat="51.102916" lon="13.133942">
        <ele>176.915035</ele>
        <time>2025-06-15T15:47:51.224Z</time>
      </trkpt>
      <trkpt lat="51.102422" lon="13.134345">
        <ele>177.366745</ele>
        <time>2025-06-15T15:47:59.649Z</time>
      </trkpt>
      <trkpt lat="51.100537" lon="13.135282">
        <ele>179.234365</ele>
        <time>2025-06-15T15:48:31.785Z</time>
      </trkpt>
      <trkpt lat="51.100334" lon="13.135410">
        <ele>179.365758</ele>
        <time>2025-06-15T15:48:35.333Z</time>
      </trkpt>
      <trkpt lat="51.099915" lon="13.135781">
        <ele>179.542540</ele>
        <time>2025-06-15T15:48:43.578Z</time>
      </trkpt>
      <trkpt lat="51.099635" lon="13.136050">
        <ele>179.663123</ele>
        <time>2025-06-15T15:48:49.239Z</time>
      </trkpt>
      <trkpt lat="51.099522" lon="13.136242">
        <ele>179.724057</ele>
        <time>2025-06-15T15:48:51.846Z</time>
      </trkpt>
      <trkpt lat="51.099388" lon="13.136396">
        <ele>179.784993</ele>
        <time>2025-06-15T15:48:54.267Z</time>
      </trkpt>
      <trkpt lat="51.099094" lon="13.136657">
        <ele>179.909114</ele>
        <time>2025-06-15T15:48:59.043Z</time>
      </trkpt>
      <trkpt lat="51.098587" lon="13.136854">
        <ele>179.507866</ele>
        <time>2025-06-15T15:49:05.465Z</time>
      </trkpt>
      <trkpt lat="51.098303" lon="13.136885">
        <ele>179.100514</ele>
        <time>2025-06-15T15:49:08.814Z</time>
      </trkpt>
      <trkpt lat="51.098071" lon="13.136880">
        <ele>178.768496</ele>
        <time>2025-06-15T15:49:11.410Z</time>
      </trkpt>
      <trkpt lat="51.097691" lon="13.136712">
        <ele>178.204155</ele>
        <time>2025-06-15T15:49:15.671Z</time>
      </trkpt>
      <trkpt lat="51.097033" lon="13.136228">
        <ele>177.347081</ele>
        <time>2025-06-15T15:49:23.826Z</time>
      </trkpt>
      <trkpt lat="51.096385" lon="13.135602">
        <ele>177.079432</ele>
        <time>2025-06-15T15:49:32.957Z</time>
      </trkpt>
      <trkpt lat="51.096188" lon="13.135506">
        <ele>177.006680</ele>
        <time>2025-06-15T15:49:35.621Z</time>
      </trkpt>
      <trkpt lat="51.096025" lon="13.135484">
        <ele>176.948914</ele>
        <time>2025-06-15T15:49:37.863Z</time>
      </trkpt>
      <trkpt lat="51.095316" lon="13.135424">
        <ele>177.001878</ele>
        <time>2025-06-15T15:49:49.013Z</time>
      </trkpt>
      <trkpt lat="51.094431" lon="13.135627">
        <ele>178.004302</ele>
        <time>2025-06-15T15:50:04.361Z</time>
      </trkpt>
      <trkpt lat="51.094038" lon="13.135781">
        <ele>178.458044</ele>
        <time>2025-06-15T15:50:11.057Z</time>
      </trkpt>
      <trkpt lat="51.093805" lon="13.135985">
        <ele>178.756149</ele>
        <time>2025-06-15T15:50:15.583Z</time>
      </trkpt>
      <trkpt lat="51.093653" lon="13.136232">
        <ele>179.008758</ele>
        <time>2025-06-15T15:50:19.377Z</time>
      </trkpt>
      <trkpt lat="51.093401" lon="13.136343">
        <ele>179.314488</ele>
        <time>2025-06-15T15:50:23.820Z</time>
      </trkpt>
      <trkpt lat="51.093311" lon="13.136359">
        <ele>179.420378</ele>
        <time>2025-06-15T15:50:25.326Z</time>
      </trkpt>
      <trkpt lat="51.093058" lon="13.136439">
        <ele>179.721987</ele>
        <time>2025-06-15T15:50:29.404Z</time>
      </trkpt>
      <trkpt lat="51.092655" lon="13.136566">
        <ele>180.202355</ele>
        <time>2025-06-15T15:50:35.780Z</time>
      </trkpt>
      <trkpt lat="51.092599" lon="13.136625">
        <ele>180.280873</ele>
        <time>2025-06-15T15:50:36.914Z</time>
      </trkpt>
      <trkpt lat="51.092460" lon="13.136605">
        <ele>180.444068</ele>
        <time>2025-06-15T15:50:39.238Z</time>
      </trkpt>
      <trkpt lat="51.092014" lon="13.136674">
        <ele>181.025254</ele>
        <time>2025-06-15T15:50:47.120Z</time>
      </trkpt>
      <trkpt lat="51.091867" lon="13.136743">
        <ele>181.336815</ele>
        <time>2025-06-15T15:50:49.978Z</time>
      </trkpt>
      <trkpt lat="51.091189" lon="13.137240">
        <ele>182.854231</ele>
        <time>2025-06-15T15:51:04.609Z</time>
      </trkpt>
      <trkpt lat="51.090500" lon="13.137500">
        <ele>184.293745</ele>
        <time>2025-06-15T15:51:19.560Z</time>
      </trkpt>
      <trkpt lat="51.090279" lon="13.137629">
        <ele>184.612203</ele>
        <time>2025-06-15T15:51:24.200Z</time>
      </trkpt>
      <trkpt lat="51.090178" lon="13.137722">
        <ele>184.680766</ele>
        <time>2025-06-15T15:51:26.424Z</time>
      </trkpt>
      <trkpt lat="51.089703" lon="13.138395">
        <ele>185.054422</ele>
        <time>2025-06-15T15:51:36.943Z</time>
      </trkpt>
      <trkpt lat="51.089075" lon="13.139368">
        <ele>185.569369</ele>
        <time>2025-06-15T15:51:47.976Z</time>
      </trkpt>
      <trkpt lat="51.088959" lon="13.139608">
        <ele>185.678108</ele>
        <time>2025-06-15T15:51:50.376Z</time>
      </trkpt>
      <trkpt lat="51.088879" lon="13.139898">
        <ele>185.790410</ele>
        <time>2025-06-15T15:51:53.026Z</time>
      </trkpt>
      <trkpt lat="51.088837" lon="13.140166">
        <ele>185.888345</ele>
        <time>2025-06-15T15:51:55.624Z</time>
      </trkpt>
      <trkpt lat="51.088817" lon="13.140381">
        <ele>185.965407</ele>
        <time>2025-06-15T15:51:57.758Z</time>
      </trkpt>
      <trkpt lat="51.088824" lon="13.140892">
        <ele>186.146630</ele>
        <time>2025-06-15T15:52:02.831Z</time>
      </trkpt>
      <trkpt lat="51.088875" lon="13.140933">
        <ele>186.178880</ele>
        <time>2025-06-15T15:52:03.744Z</time>
      </trkpt>
      <trkpt lat="51.089073" lon="13.141241">
        <ele>186.335141</ele>
        <time>2025-06-15T15:52:08.213Z</time>
      </trkpt>
      <trkpt lat="51.089277" lon="13.141618">
        <ele>186.511572</ele>
        <time>2025-06-15T15:52:13.257Z</time>
      </trkpt>
      <trkpt lat="51.089259" lon="13.141776">
        <ele>186.568505</ele>
        <time>2025-06-15T15:52:14.871Z</time>
      </trkpt>
      <trkpt lat="51.089048" lon="13.142415">
        <ele>186.909472</ele>
        <time>2025-06-15T15:52:22.116Z</time>
      </trkpt>
      <trkpt lat="51.088695" lon="13.143131">
        <ele>187.365965</ele>
        <time>2025-06-15T15:52:30.519Z</time>
      </trkpt>
      <trkpt lat="51.088593" lon="13.143425">
        <ele>187.534410</ele>
        <time>2025-06-15T15:52:33.449Z</time>
      </trkpt>
      <trkpt lat="51.088401" lon="13.144308">
        <ele>188.003040</ele>
        <time>2025-06-15T15:52:43.337Z</time>
      </trkpt>
      <trkpt lat="51.088192" lon="13.145110">
        <ele>188.376967</ele>
        <time>2025-06-15T15:52:52.820Z</time>
      </trkpt>
      <trkpt lat="51.088034" lon="13.146018">
        <ele>188.773576</ele>
        <time>2025-06-15T15:53:03.017Z</time>
      </trkpt>
      <trkpt lat="51.087950" lon="13.146262">
        <ele>188.890701</ele>
        <time>2025-06-15T15:53:06.001Z</time>
      </trkpt>
      <trkpt lat="51.087860" lon="13.146372">
        <ele>188.966739</ele>
        <time>2025-06-15T15:53:07.816Z</time>
      </trkpt>
      <trkpt lat="51.087841" lon="13.146504">
        <ele>189.023743</ele>
        <time>2025-06-15T15:53:09.105Z</time>
      </trkpt>
      <trkpt lat="51.087856" lon="13.146685">
        <ele>189.100594</ele>
        <time>2025-06-15T15:53:10.820Z</time>
      </trkpt>
      <trkpt lat="51.087962" lon="13.147060">
        <ele>189.243405</ele>
        <time>2025-06-15T15:53:14.488Z</time>
      </trkpt>
      <trkpt lat="51.088095" lon="13.147350">
        <ele>189.037134</ele>
        <time>2025-06-15T15:53:19.132Z</time>
      </trkpt>
      <trkpt lat="51.088144" lon="13.147543">
        <ele>188.917550</ele>
        <time>2025-06-15T15:53:21.774Z</time>
      </trkpt>
      <trkpt lat="51.088147" lon="13.147996">
        <ele>188.657309</ele>
        <time>2025-06-15T15:53:27.529Z</time>
      </trkpt>
      <trkpt lat="51.088197" lon="13.148273">
        <ele>188.491746</ele>
        <time>2025-06-15T15:53:31.406Z</time>
      </trkpt>
      <trkpt lat="51.088207" lon="13.148661">
        <ele>188.268671</ele>
        <time>2025-06-15T15:53:36.563Z</time>
      </trkpt>
      <trkpt lat="51.088269" lon="13.149090">
        <ele>188.015793</ele>
        <time>2025-06-15T15:53:42.269Z</time>
      </trkpt>
      <trkpt lat="51.088238" lon="13.149421">
        <ele>187.823547</ele>
        <time>2025-06-15T15:53:46.556Z</time>
      </trkpt>
      <trkpt lat="51.088165" lon="13.149619">
        <ele>187.691660</ele>
        <time>2025-06-15T15:53:49.516Z</time>
      </trkpt>
      <trkpt lat="51.087994" lon="13.149825">
        <ele>187.405548</ele>
        <time>2025-06-15T15:53:53.937Z</time>
      </trkpt>
      <trkpt lat="51.087688" lon="13.150461">
        <ele>186.601289</ele>
        <time>2025-06-15T15:54:04.129Z</time>
      </trkpt>
      <trkpt lat="51.087512" lon="13.150742">
        <ele>186.202915</ele>
        <time>2025-06-15T15:54:09.057Z</time>
      </trkpt>
      <trkpt lat="51.087258" lon="13.150982">
        <ele>185.730848</ele>
        <time>2025-06-15T15:54:14.814Z</time>
      </trkpt>
      <trkpt lat="51.086915" lon="13.151130">
        <ele>185.162875</ele>
        <time>2025-06-15T15:54:21.678Z</time>
      </trkpt>
      <trkpt lat="51.086915" lon="13.151130">
        <ele>185.162875</ele>
        <time>2025-06-15T15:54:21.680Z</time>
      </trkpt>
      <trkpt lat="51.086646" lon="13.151642">
        <ele>184.649506</ele>
        <time>2025-06-15T15:54:29.902Z</time>
      </trkpt>
      <trkpt lat="51.086474" lon="13.151725">
        <ele>184.543424</ele>
        <time>2025-06-15T15:54:33.680Z</time>
      </trkpt>
      <trkpt lat="51.086268" lon="13.151706">
        <ele>184.421632</ele>
        <time>2025-06-15T15:54:38.067Z</time>
      </trkpt>
      <trkpt lat="51.086075" lon="13.151639">
        <ele>184.305040</ele>
        <time>2025-06-15T15:54:42.278Z</time>
      </trkpt>
      <trkpt lat="51.085982" lon="13.151682">
        <ele>184.247880</ele>
        <time>2025-06-15T15:54:44.413Z</time>
      </trkpt>
      <trkpt lat="51.085905" lon="13.151769">
        <ele>184.192149</ele>
        <time>2025-06-15T15:54:46.458Z</time>
      </trkpt>
      <trkpt lat="51.085822" lon="13.151974">
        <ele>184.101723</ele>
        <time>2025-06-15T15:54:49.894Z</time>
      </trkpt>
      <trkpt lat="51.085727" lon="13.152111">
        <ele>184.026065</ele>
        <time>2025-06-15T15:54:52.828Z</time>
      </trkpt>
      <trkpt lat="51.085533" lon="13.152283">
        <ele>183.894999</ele>
        <time>2025-06-15T15:54:57.930Z</time>
      </trkpt>
      <trkpt lat="51.085324" lon="13.152125">
        <ele>183.758438</ele>
        <time>2025-06-15T15:55:00.981Z</time>
      </trkpt>
      <trkpt lat="51.084702" lon="13.152240">
        <ele>183.786874</ele>
        <time>2025-06-15T15:55:08.760Z</time>
      </trkpt>
      <trkpt lat="51.084522" lon="13.152149">
        <ele>183.827970</ele>
        <time>2025-06-15T15:55:10.992Z</time>
      </trkpt>
      <trkpt lat="51.084451" lon="13.152061">
        <ele>183.847550</ele>
        <time>2025-06-15T15:55:12.023Z</time>
      </trkpt>
      <trkpt lat="51.084318" lon="13.151803">
        <ele>183.893171</ele>
        <time>2025-06-15T15:55:14.636Z</time>
      </trkpt>
      <trkpt lat="51.084184" lon="13.151540">
        <ele>183.939459</ele>
        <time>2025-06-15T15:55:17.766Z</time>
      </trkpt>
      <trkpt lat="51.083888" lon="13.150969">
        <ele>184.040654</ele>
        <time>2025-06-15T15:55:25.743Z</time>
      </trkpt>
      <trkpt lat="51.083802" lon="13.150780">
        <ele>184.082404</ele>
        <time>2025-06-15T15:55:28.270Z</time>
      </trkpt>
      <trkpt lat="51.083700" lon="13.150567">
        <ele>184.357672</ele>
        <time>2025-06-15T15:55:31.298Z</time>
      </trkpt>
      <trkpt lat="51.083639" lon="13.150346">
        <ele>184.605768</ele>
        <time>2025-06-15T15:55:34.024Z</time>
      </trkpt>
      <trkpt lat="51.083549" lon="13.149752">
        <ele>185.233769</ele>
        <time>2025-06-15T15:55:41.826Z</time>
      </trkpt>
      <trkpt lat="51.082888" lon="13.149738">
        <ele>186.315321</ele>
        <time>2025-06-15T15:55:55.371Z</time>
      </trkpt>
      <trkpt lat="51.082566" lon="13.149812">
        <ele>186.847603</ele>
        <time>2025-06-15T15:56:00.863Z</time>
      </trkpt>
      <trkpt lat="51.082316" lon="13.150179">
        <ele>187.237411</ele>
        <time>2025-06-15T15:56:05.667Z</time>
      </trkpt>
      <trkpt lat="51.082087" lon="13.150410">
        <ele>187.491605</ele>
        <time>2025-06-15T15:56:09.517Z</time>
      </trkpt>
      <trkpt lat="51.081682" lon="13.150547">
        <ele>187.879817</ele>
        <time>2025-06-15T15:56:15.697Z</time>
      </trkpt>
      <trkpt lat="51.081208" lon="13.150667">
        <ele>188.329830</ele>
        <time>2025-06-15T15:56:23.609Z</time>
      </trkpt>
      <trkpt lat="51.080525" lon="13.150877">
        <ele>189.192197</ele>
        <time>2025-06-15T15:56:35.809Z</time>
      </trkpt>
      <trkpt lat="51.080374" lon="13.150919">
        <ele>189.443083</ele>
        <time>2025-06-15T15:56:38.483Z</time>
      </trkpt>
      <trkpt lat="51.079820" lon="13.150969">
        <ele>190.351269</ele>
        <time>2025-06-15T15:56:48.665Z</time>
      </trkpt>
      <trkpt lat="51.079267" lon="13.150830">
        <ele>191.267578</ele>
        <time>2025-06-15T15:56:59.135Z</time>
      </trkpt>
      <trkpt lat="51.078933" lon="13.150688">
        <ele>191.673961</ele>
        <time>2025-06-15T15:57:05.597Z</time>
      </trkpt>
      <trkpt lat="51.078894" lon="13.150538">
        <ele>191.700332</ele>
        <time>2025-06-15T15:57:08.510Z</time>
      </trkpt>
      <trkpt lat="51.078811" lon="13.150485">
        <ele>191.723456</ele>
        <time>2025-06-15T15:57:11.052Z</time>
      </trkpt>
      <trkpt lat="51.078560" lon="13.150322">
        <ele>191.793550</ele>
        <time>2025-06-15T15:57:18.896Z</time>
      </trkpt>
      <trkpt lat="51.078516" lon="13.150325">
        <ele>191.804937</ele>
        <time>2025-06-15T15:57:20.058Z</time>
      </trkpt>
      <trkpt lat="51.078463" lon="13.149939">
        <ele>191.869121</ele>
        <time>2025-06-15T15:57:24.366Z</time>
      </trkpt>
      <trkpt lat="51.078506" lon="13.149540">
        <ele>191.934884</ele>
        <time>2025-06-15T15:57:28.083Z</time>
      </trkpt>
      <trkpt lat="51.078569" lon="13.149247">
        <ele>191.985191</ele>
        <time>2025-06-15T15:57:30.568Z</time>
      </trkpt>
      <trkpt lat="51.078638" lon="13.148990">
        <ele>192.030592</ele>
        <time>2025-06-15T15:57:32.643Z</time>
      </trkpt>
      <trkpt lat="51.078465" lon="13.148809">
        <ele>192.084122</ele>
        <time>2025-06-15T15:57:34.957Z</time>
      </trkpt>
      <trkpt lat="51.077631" lon="13.147922">
        <ele>191.529361</ele>
        <time>2025-06-15T15:57:45.442Z</time>
      </trkpt>
      <trkpt lat="51.077425" lon="13.147820">
        <ele>191.391366</ele>
        <time>2025-06-15T15:57:47.820Z</time>
      </trkpt>
      <trkpt lat="51.077152" lon="13.147840">
        <ele>191.216560</ele>
        <time>2025-06-15T15:57:51.920Z</time>
      </trkpt>
      <trkpt lat="51.076881" lon="13.147899">
        <ele>191.041603</ele>
        <time>2025-06-15T15:57:57.315Z</time>
      </trkpt>
      <trkpt lat="51.076738" lon="13.147913">
        <ele>190.991455</ele>
        <time>2025-06-15T15:58:00.474Z</time>
      </trkpt>
      <trkpt lat="51.076583" lon="13.147919">
        <ele>191.366831</ele>
        <time>2025-06-15T15:58:04.026Z</time>
      </trkpt>
      <trkpt lat="51.076342" lon="13.147898">
        <ele>191.951181</ele>
        <time>2025-06-15T15:58:09.845Z</time>
      </trkpt>
      <trkpt lat="51.076327" lon="13.147791">
        <ele>192.117943</ele>
        <time>2025-06-15T15:58:11.554Z</time>
      </trkpt>
      <trkpt lat="51.076251" lon="13.147778">
        <ele>192.303004</ele>
        <time>2025-06-15T15:58:13.458Z</time>
      </trkpt>
      <trkpt lat="51.076155" lon="13.147676">
        <ele>192.582455</ele>
        <time>2025-06-15T15:58:16.463Z</time>
      </trkpt>
      <trkpt lat="51.076113" lon="13.147832">
        <ele>192.840619</ele>
        <time>2025-06-15T15:58:19.163Z</time>
      </trkpt>
      <trkpt lat="51.076127" lon="13.147913">
        <ele>192.968407</ele>
        <time>2025-06-15T15:58:20.559Z</time>
      </trkpt>
      <trkpt lat="51.076018" lon="13.148014">
        <ele>193.273767</ele>
        <time>2025-06-15T15:58:23.865Z</time>
      </trkpt>
      <trkpt lat="51.075922" lon="13.148229">
        <ele>193.674986</ele>
        <time>2025-06-15T15:58:28.062Z</time>
      </trkpt>
      <trkpt lat="51.075385" lon="13.150360">
        <ele>195.122947</ele>
        <time>2025-06-15T15:58:50.865Z</time>
      </trkpt>
      <trkpt lat="51.075106" lon="13.151581">
        <ele>194.920100</ele>
        <time>2025-06-15T15:59:00.366Z</time>
      </trkpt>
      <trkpt lat="51.074859" lon="13.152698">
        <ele>195.382858</ele>
        <time>2025-06-15T15:59:09.164Z</time>
      </trkpt>
      <trkpt lat="51.074672" lon="13.153608">
        <ele>195.971841</ele>
        <time>2025-06-15T15:59:19.095Z</time>
      </trkpt>
      <trkpt lat="51.074654" lon="13.153786">
        <ele>196.082750</ele>
        <time>2025-06-15T15:59:21.425Z</time>
      </trkpt>
      <trkpt lat="51.074677" lon="13.153890">
        <ele>196.150575</ele>
        <time>2025-06-15T15:59:22.591Z</time>
      </trkpt>
      <trkpt lat="51.074502" lon="13.154101">
        <ele>196.365531</ele>
        <time>2025-06-15T15:59:27.461Z</time>
      </trkpt>
      <trkpt lat="51.074389" lon="13.154472">
        <ele>196.619163</ele>
        <time>2025-06-15T15:59:33.202Z</time>
      </trkpt>
      <trkpt lat="51.074361" lon="13.154473">
        <ele>196.649372</ele>
        <time>2025-06-15T15:59:34.243Z</time>
      </trkpt>
      <trkpt lat="51.074330" lon="13.154462">
        <ele>196.684977</ele>
        <time>2025-06-15T15:59:35.376Z</time>
      </trkpt>
      <trkpt lat="51.074216" lon="13.154984">
        <ele>197.074228</ele>
        <time>2025-06-15T15:59:46.668Z</time>
      </trkpt>
      <trkpt lat="51.073703" lon="13.156856">
        <ele>198.512747</ele>
        <time>2025-06-15T16:00:19.416Z</time>
      </trkpt>
      <trkpt lat="51.073529" lon="13.157641">
        <ele>197.819550</ele>
        <time>2025-06-15T16:00:29.634Z</time>
      </trkpt>
      <trkpt lat="51.073238" lon="13.159212">
        <ele>195.731766</ele>
        <time>2025-06-15T16:00:49.439Z</time>
      </trkpt>
      <trkpt lat="51.073168" lon="13.159483">
        <ele>195.358265</ele>
        <time>2025-06-15T16:00:52.935Z</time>
      </trkpt>
      <trkpt lat="51.073098" lon="13.159754">
        <ele>194.978479</ele>
        <time>2025-06-15T16:00:56.410Z</time>
      </trkpt>
      <trkpt lat="51.072874" lon="13.160184">
        <ele>193.815132</ele>
        <time>2025-06-15T16:01:02.992Z</time>
      </trkpt>
      <trkpt lat="51.072875" lon="13.160292">
        <ele>193.590170</ele>
        <time>2025-06-15T16:01:04.233Z</time>
      </trkpt>
      <trkpt lat="51.072817" lon="13.160478">
        <ele>193.157695</ele>
        <time>2025-06-15T16:01:06.649Z</time>
      </trkpt>
      <trkpt lat="51.072581" lon="13.160949">
        <ele>191.902991</ele>
        <time>2025-06-15T16:01:13.530Z</time>
      </trkpt>
      <trkpt lat="51.072548" lon="13.161002">
        <ele>191.747587</ele>
        <time>2025-06-15T16:01:14.005Z</time>
      </trkpt>
      <trkpt lat="51.072378" lon="13.161269">
        <ele>190.955889</ele>
        <time>2025-06-15T16:01:16.372Z</time>
      </trkpt>
      <trkpt lat="51.071756" lon="13.161891">
        <ele>188.808886</ele>
        <time>2025-06-15T16:01:23.662Z</time>
      </trkpt>
      <trkpt lat="51.070865" lon="13.163311">
        <ele>186.981302</ele>
        <time>2025-06-15T16:01:37.697Z</time>
      </trkpt>
      <trkpt lat="51.070529" lon="13.164004">
        <ele>186.723015</ele>
        <time>2025-06-15T16:01:45.911Z</time>
      </trkpt>
      <trkpt lat="51.069381" lon="13.167366">
        <ele>191.817919</ele>
        <time>2025-06-15T16:02:33.754Z</time>
      </trkpt>
      <trkpt lat="51.069257" lon="13.167819">
        <ele>192.696295</ele>
        <time>2025-06-15T16:02:40.515Z</time>
      </trkpt>
      <trkpt lat="51.069120" lon="13.168212">
        <ele>193.495228</ele>
        <time>2025-06-15T16:02:47.014Z</time>
      </trkpt>
      <trkpt lat="51.068980" lon="13.168083">
        <ele>193.952885</ele>
        <time>2025-06-15T16:02:51.001Z</time>
      </trkpt>
      <trkpt lat="51.068730" lon="13.167478">
        <ele>195.274676</ele>
        <time>2025-06-15T16:03:02.303Z</time>
      </trkpt>
      <trkpt lat="51.068255" lon="13.166617">
        <ele>197.447162</ele>
        <time>2025-06-15T16:03:20.448Z</time>
      </trkpt>
      <trkpt lat="51.067044" lon="13.168320">
        <ele>201.441913</ele>
        <time>2025-06-15T16:03:53.343Z</time>
      </trkpt>
      <trkpt lat="51.066982" lon="13.168402">
        <ele>201.586565</ele>
        <time>2025-06-15T16:03:54.766Z</time>
      </trkpt>
      <trkpt lat="51.065809" lon="13.169622">
        <ele>203.385427</ele>
        <time>2025-06-15T16:04:19.530Z</time>
      </trkpt>
      <trkpt lat="51.065549" lon="13.169851">
        <ele>203.392580</ele>
        <time>2025-06-15T16:04:24.627Z</time>
      </trkpt>
      <trkpt lat="51.064609" lon="13.170740">
        <ele>203.418901</ele>
        <time>2025-06-15T16:04:37.941Z</time>
      </trkpt>
      <trkpt lat="51.064650" lon="13.171515">
        <ele>202.579219</ele>
        <time>2025-06-15T16:04:43.781Z</time>
      </trkpt>
      <trkpt lat="51.064620" lon="13.171743">
        <ele>202.325731</ele>
        <time>2025-06-15T16:04:45.538Z</time>
      </trkpt>
      <trkpt lat="51.064542" lon="13.171896">
        <ele>202.111344</ele>
        <time>2025-06-15T16:04:46.927Z</time>
      </trkpt>
      <trkpt lat="51.064090" lon="13.172534">
        <ele>201.065119</ele>
        <time>2025-06-15T16:04:53.134Z</time>
      </trkpt>
      <trkpt lat="51.064015" lon="13.172657">
        <ele>200.878621</ele>
        <time>2025-06-15T16:04:54.302Z</time>
      </trkpt>
      <trkpt lat="51.063991" lon="13.172793">
        <ele>200.724901</ele>
        <time>2025-06-15T16:04:55.322Z</time>
      </trkpt>
      <trkpt lat="51.064000" lon="13.172992">
        <ele>200.507787</ele>
        <time>2025-06-15T16:04:56.797Z</time>
      </trkpt>
      <trkpt lat="51.064016" lon="13.173275">
        <ele>200.241150</ele>
        <time>2025-06-15T16:04:58.914Z</time>
      </trkpt>
      <trkpt lat="51.063950" lon="13.173554">
        <ele>200.047105</ele>
        <time>2025-06-15T16:05:01.150Z</time>
      </trkpt>
      <trkpt lat="51.063819" lon="13.173736">
        <ele>199.866982</ele>
        <time>2025-06-15T16:05:03.231Z</time>
      </trkpt>
      <trkpt lat="51.063629" lon="13.173957">
        <ele>199.623219</ele>
        <time>2025-06-15T16:05:06.083Z</time>
      </trkpt>
      <trkpt lat="51.062266" lon="13.175592">
        <ele>196.961204</ele>
        <time>2025-06-15T16:05:26.732Z</time>
      </trkpt>
      <trkpt lat="51.062055" lon="13.175929">
        <ele>196.179364</ele>
        <time>2025-06-15T16:05:29.836Z</time>
      </trkpt>
      <trkpt lat="51.061957" lon="13.176989">
        <ele>194.418416</ele>
        <time>2025-06-15T16:05:36.555Z</time>
      </trkpt>
      <trkpt lat="51.061828" lon="13.178384">
        <ele>192.832234</ele>
        <time>2025-06-15T16:05:45.454Z</time>
      </trkpt>
      <trkpt lat="51.061793" lon="13.178762">
        <ele>192.484814</ele>
        <time>2025-06-15T16:05:48.228Z</time>
      </trkpt>
      <trkpt lat="51.061760" lon="13.179112">
        <ele>192.163002</ele>
        <time>2025-06-15T16:05:50.987Z</time>
      </trkpt>
      <trkpt lat="51.061723" lon="13.179567">
        <ele>191.745827</ele>
        <time>2025-06-15T16:05:54.759Z</time>
      </trkpt>
      <trkpt lat="51.061691" lon="13.179949">
        <ele>191.395407</ele>
        <time>2025-06-15T16:05:58.164Z</time>
      </trkpt>
      <trkpt lat="51.061646" lon="13.180979">
        <ele>191.158484</ele>
        <time>2025-06-15T16:06:08.146Z</time>
      </trkpt>
      <trkpt lat="51.061629" lon="13.181382">
        <ele>191.170897</ele>
        <time>2025-06-15T16:06:11.934Z</time>
      </trkpt>
      <trkpt lat="51.061640" lon="13.181726">
        <ele>191.181482</ele>
        <time>2025-06-15T16:06:14.870Z</time>
      </trkpt>
      <trkpt lat="51.061706" lon="13.182439">
        <ele>191.203630</ele>
        <time>2025-06-15T16:06:20.632Z</time>
      </trkpt>
      <trkpt lat="51.061942" lon="13.182395">
        <ele>191.215249</ele>
        <time>2025-06-15T16:06:23.635Z</time>
      </trkpt>
      <trkpt lat="51.062147" lon="13.182356">
        <ele>191.223695</ele>
        <time>2025-06-15T16:06:26.250Z</time>
      </trkpt>
      <trkpt lat="51.062154" lon="13.182355">
        <ele>191.223734</ele>
        <time>2025-06-15T16:06:26.344Z</time>
      </trkpt>
      <trkpt lat="51.062121" lon="13.182769">
        <ele>191.225173</ele>
        <time>2025-06-15T16:06:29.891Z</time>
      </trkpt>
      <trkpt lat="51.062113" lon="13.182857">
        <ele>191.225480</ele>
        <time>2025-06-15T16:06:30.619Z</time>
      </trkpt>
      <trkpt lat="51.062062" lon="13.183269">
        <ele>191.226928</ele>
        <time>2025-06-15T16:06:34.248Z</time>
      </trkpt>
      <trkpt lat="51.061991" lon="13.184362">
        <ele>191.230718</ele>
        <time>2025-06-15T16:06:43.547Z</time>
      </trkpt>
      <trkpt lat="51.062073" lon="13.185180">
        <ele>191.280618</ele>
        <time>2025-06-15T16:06:50.659Z</time>
      </trkpt>
      <trkpt lat="51.062326" lon="13.185788">
        <ele>191.827356</ele>
        <time>2025-06-15T16:06:57.272Z</time>
      </trkpt>
      <trkpt lat="51.062494" lon="13.186116">
        <ele>192.144614</ele>
        <time>2025-06-15T16:07:01.385Z</time>
      </trkpt>
      <trkpt lat="51.062624" lon="13.186452">
        <ele>192.440454</ele>
        <time>2025-06-15T16:07:05.443Z</time>
      </trkpt>
      <trkpt lat="51.062761" lon="13.186689">
        <ele>192.681888</ele>
        <time>2025-06-15T16:07:08.946Z</time>
      </trkpt>
      <trkpt lat="51.062824" lon="13.186796">
        <ele>192.791822</ele>
        <time>2025-06-15T16:07:10.581Z</time>
      </trkpt>
      <trkpt lat="51.062564" lon="13.187324">
        <ele>193.294753</ele>
        <time>2025-06-15T16:07:18.605Z</time>
      </trkpt>
      <trkpt lat="51.063109" lon="13.188327">
        <ele>196.118105</ele>
        <time>2025-06-15T16:07:36.718Z</time>
      </trkpt>
      <trkpt lat="51.063396" lon="13.188991">
        <ele>197.937299</ele>
        <time>2025-06-15T16:07:47.821Z</time>
      </trkpt>
      <trkpt lat="51.063718" lon="13.189965">
        <ele>201.168284</ele>
        <time>2025-06-15T16:08:07.907Z</time>
      </trkpt>
      <trkpt lat="51.063738" lon="13.190114">
        <ele>201.953568</ele>
        <time>2025-06-15T16:08:11.103Z</time>
      </trkpt>
      <trkpt lat="51.063718" lon="13.190218">
        <ele>202.514129</ele>
        <time>2025-06-15T16:08:13.456Z</time>
      </trkpt>
      <trkpt lat="51.063683" lon="13.190251">
        <ele>202.847780</ele>
        <time>2025-06-15T16:08:14.765Z</time>
      </trkpt>
      <trkpt lat="51.063460" lon="13.190439">
        <ele>204.917490</ele>
        <time>2025-06-15T16:08:23.272Z</time>
      </trkpt>
      <trkpt lat="51.063326" lon="13.190417">
        <ele>206.022289</ele>
        <time>2025-06-15T16:08:28.077Z</time>
      </trkpt>
      <trkpt lat="51.062777" lon="13.189849">
        <ele>211.392857</ele>
        <time>2025-06-15T16:08:54.577Z</time>
      </trkpt>
      <trkpt lat="51.062658" lon="13.189669">
        <ele>212.739412</ele>
        <time>2025-06-15T16:09:02.263Z</time>
      </trkpt>
      <trkpt lat="51.062652" lon="13.189851">
        <ele>213.678771</ele>
        <time>2025-06-15T16:09:07.807Z</time>
      </trkpt>
      <trkpt lat="51.062707" lon="13.190413">
        <ele>216.224512</ele>
        <time>2025-06-15T16:09:24.656Z</time>
      </trkpt>
      <trkpt lat="51.062745" lon="13.190677">
        <ele>217.353746</ele>
        <time>2025-06-15T16:09:31.714Z</time>
      </trkpt>
      <trkpt lat="51.062726" lon="13.190857">
        <ele>218.114757</ele>
        <time>2025-06-15T16:09:36.298Z</time>
      </trkpt>
      <trkpt lat="51.062615" lon="13.191292">
        <ele>220.072264</ele>
        <time>2025-06-15T16:09:46.802Z</time>
      </trkpt>
      <trkpt lat="51.062737" lon="13.191602">
        <ele>221.597299</ele>
        <time>2025-06-15T16:09:54.666Z</time>
      </trkpt>
      <trkpt lat="51.062793" lon="13.191719">
        <ele>222.210487</ele>
        <time>2025-06-15T16:09:57.849Z</time>
      </trkpt>
      <trkpt lat="51.062823" lon="13.191716">
        <ele>222.409908</ele>
        <time>2025-06-15T16:09:58.938Z</time>
      </trkpt>
      <trkpt lat="51.062909" lon="13.191813">
        <ele>223.109260</ele>
        <time>2025-06-15T16:10:03.303Z</time>
      </trkpt>
      <trkpt lat="51.063084" lon="13.192115">
        <ele>224.821981</ele>
        <time>2025-06-15T16:10:12.899Z</time>
      </trkpt>
      <trkpt lat="51.064198" lon="13.194594">
        <ele>229.441409</ele>
        <time>2025-06-15T16:11:02.751Z</time>
      </trkpt>
      <trkpt lat="51.064447" lon="13.195012">
        <ele>230.153408</ele>
        <time>2025-06-15T16:11:13.803Z</time>
      </trkpt>
      <trkpt lat="51.064529" lon="13.195371">
        <ele>230.657084</ele>
        <time>2025-06-15T16:11:21.132Z</time>
      </trkpt>
      <trkpt lat="51.064678" lon="13.195788">
        <ele>231.289603</ele>
        <time>2025-06-15T16:11:29.909Z</time>
      </trkpt>
      <trkpt lat="51.064704" lon="13.195956">
        <ele>231.517746</ele>
        <time>2025-06-15T16:11:32.994Z</time>
      </trkpt>
      <trkpt lat="51.064744" lon="13.196057">
        <ele>231.675164</ele>
        <time>2025-06-15T16:11:35.101Z</time>
      </trkpt>
      <trkpt lat="51.064805" lon="13.196212">
        <ele>231.916314</ele>
        <time>2025-06-15T16:11:38.393Z</time>
      </trkpt>
      <trkpt lat="51.064834" lon="13.196388">
        <ele>232.156231</ele>
        <time>2025-06-15T16:11:41.626Z</time>
      </trkpt>
      <trkpt lat="51.064893" lon="13.196530">
        <ele>232.380695</ele>
        <time>2025-06-15T16:11:44.647Z</time>
      </trkpt>
      <trkpt lat="51.064972" lon="13.196853">
        <ele>232.837718</ele>
        <time>2025-06-15T16:11:51.190Z</time>
      </trkpt>
      <trkpt lat="51.065181" lon="13.197076">
        <ele>233.365701</ele>
        <time>2025-06-15T16:11:58.498Z</time>
      </trkpt>
      <trkpt lat="51.065236" lon="13.197215">
        <ele>233.554953</ele>
        <time>2025-06-15T16:12:01.409Z</time>
      </trkpt>
      <trkpt lat="51.065394" lon="13.198017">
        <ele>234.412657</ele>
        <time>2025-06-15T16:12:14.838Z</time>
      </trkpt>
      <trkpt lat="51.065412" lon="13.198562">
        <ele>234.969588</ele>
        <time>2025-06-15T16:12:22.994Z</time>
      </trkpt>
      <trkpt lat="51.065482" lon="13.199066">
        <ele>235.496323</ele>
        <time>2025-06-15T16:12:31.630Z</time>
      </trkpt>
      <trkpt lat="51.065839" lon="13.199977">
        <ele>236.632417</ele>
        <time>2025-06-15T16:12:52.460Z</time>
      </trkpt>
      <trkpt lat="51.065858" lon="13.200222">
        <ele>236.932954</ele>
        <time>2025-06-15T16:12:56.772Z</time>
      </trkpt>
      <trkpt lat="51.065842" lon="13.200673">
        <ele>237.482896</ele>
        <time>2025-06-15T16:13:03.772Z</time>
      </trkpt>
      <trkpt lat="51.065909" lon="13.201064">
        <ele>237.976297</ele>
        <time>2025-06-15T16:13:09.906Z</time>
      </trkpt>
      <trkpt lat="51.066065" lon="13.201482">
        <ele>238.568163</ele>
        <time>2025-06-15T16:13:18.325Z</time>
      </trkpt>
      <trkpt lat="51.066129" lon="13.201652">
        <ele>238.809424</ele>
        <time>2025-06-15T16:13:22.009Z</time>
      </trkpt>
      <trkpt lat="51.066321" lon="13.202164">
        <ele>239.535297</ele>
        <time>2025-06-15T16:13:33.365Z</time>
      </trkpt>
      <trkpt lat="51.066360" lon="13.202375">
        <ele>239.803056</ele>
        <time>2025-06-15T16:13:37.273Z</time>
      </trkpt>
      <trkpt lat="51.066142" lon="13.202577">
        <ele>240.509288</ele>
        <time>2025-06-15T16:13:42.510Z</time>
      </trkpt>
      <trkpt lat="51.065901" lon="13.202927">
        <ele>241.464781</ele>
        <time>2025-06-15T16:13:49.755Z</time>
      </trkpt>
      <trkpt lat="51.065782" lon="13.203308">
        <ele>242.247768</ele>
        <time>2025-06-15T16:13:56.545Z</time>
      </trkpt>
      <trkpt lat="51.065688" lon="13.203518">
        <ele>242.722250</ele>
        <time>2025-06-15T16:14:01.063Z</time>
      </trkpt>
      <trkpt lat="51.065727" lon="13.203846">
        <ele>243.336585</ele>
        <time>2025-06-15T16:14:08.538Z</time>
      </trkpt>
      <trkpt lat="51.065840" lon="13.204134">
        <ele>243.961418</ele>
        <time>2025-06-15T16:14:15.561Z</time>
      </trkpt>
      <trkpt lat="51.065907" lon="13.204392">
        <ele>244.475162</ele>
        <time>2025-06-15T16:14:20.894Z</time>
      </trkpt>
      <trkpt lat="51.065938" lon="13.204652">
        <ele>244.962180</ele>
        <time>2025-06-15T16:14:25.701Z</time>
      </trkpt>
      <trkpt lat="51.066133" lon="13.204763">
        <ele>245.310131</ele>
        <time>2025-06-15T16:14:31.515Z</time>
      </trkpt>
      <trkpt lat="51.066199" lon="13.204856">
        <ele>245.414796</ele>
        <time>2025-06-15T16:14:33.976Z</time>
      </trkpt>
      <trkpt lat="51.066429" lon="13.205529">
        <ele>245.986369</ele>
        <time>2025-06-15T16:14:47.014Z</time>
      </trkpt>
      <trkpt lat="51.066526" lon="13.206021">
        <ele>246.371090</ele>
        <time>2025-06-15T16:14:55.122Z</time>
      </trkpt>
      <trkpt lat="51.066555" lon="13.206800">
        <ele>246.953318</ele>
        <time>2025-06-15T16:15:06.610Z</time>
      </trkpt>
      <trkpt lat="51.066498" lon="13.207114">
        <ele>247.197170</ele>
        <time>2025-06-15T16:15:11.519Z</time>
      </trkpt>
      <trkpt lat="51.066473" lon="13.207467">
        <ele>246.936300</ele>
        <time>2025-06-15T16:15:16.931Z</time>
      </trkpt>
      <trkpt lat="51.066515" lon="13.208517">
        <ele>245.581218</ele>
        <time>2025-06-15T16:15:32.496Z</time>
      </trkpt>
      <trkpt lat="51.066338" lon="13.209489">
        <ele>244.277830</ele>
        <time>2025-06-15T16:15:44.822Z</time>
      </trkpt>
      <trkpt lat="51.066316" lon="13.209842">
        <ele>243.820952</ele>
        <time>2025-06-15T16:15:48.693Z</time>
      </trkpt>
      <trkpt lat="51.066446" lon="13.210716">
        <ele>239.405968</ele>
        <time>2025-06-15T16:15:57.869Z</time>
      </trkpt>
      <trkpt lat="51.066535" lon="13.211690">
        <ele>233.642950</ele>
        <time>2025-06-15T16:16:07.442Z</time>
      </trkpt>
      <trkpt lat="51.066591" lon="13.211813">
        <ele>232.753602</ele>
        <time>2025-06-15T16:16:08.903Z</time>
      </trkpt>
      <trkpt lat="51.066707" lon="13.212363">
        <ele>229.356673</ele>
        <time>2025-06-15T16:16:14.402Z</time>
      </trkpt>
      <trkpt lat="51.066745" lon="13.212923">
        <ele>226.361924</ele>
        <time>2025-06-15T16:16:19.667Z</time>
      </trkpt>
      <trkpt lat="51.066777" lon="13.213055">
        <ele>225.861710</ele>
        <time>2025-06-15T16:16:21.016Z</time>
      </trkpt>
      <trkpt lat="51.066961" lon="13.213377">
        <ele>224.322974</ele>
        <time>2025-06-15T16:16:25.247Z</time>
      </trkpt>
      <trkpt lat="51.067221" lon="13.213639">
        <ele>222.591555</ele>
        <time>2025-06-15T16:16:30.232Z</time>
      </trkpt>
      <trkpt lat="51.067377" lon="13.213956">
        <ele>221.168035</ele>
        <time>2025-06-15T16:16:34.507Z</time>
      </trkpt>
      <trkpt lat="51.067118" lon="13.215691">
        <ele>217.296388</ele>
        <time>2025-06-15T16:16:56.413Z</time>
      </trkpt>
      <trkpt lat="51.067055" lon="13.215996">
        <ele>217.661097</ele>
        <time>2025-06-15T16:17:02.172Z</time>
      </trkpt>
      <trkpt lat="51.066871" lon="13.216447">
        <ele>218.271925</ele>
        <time>2025-06-15T16:17:11.555Z</time>
      </trkpt>
      <trkpt lat="51.066799" lon="13.216594">
        <ele>218.483645</ele>
        <time>2025-06-15T16:17:14.836Z</time>
      </trkpt>
      <trkpt lat="51.066579" lon="13.217269">
        <ele>219.347430</ele>
        <time>2025-06-15T16:17:29.302Z</time>
      </trkpt>
      <trkpt lat="51.066404" lon="13.217721">
        <ele>219.950524</ele>
        <time>2025-06-15T16:17:40.793Z</time>
      </trkpt>
      <trkpt lat="51.066213" lon="13.217978">
        <ele>221.115797</ele>
        <time>2025-06-15T16:17:50.133Z</time>
      </trkpt>
      <trkpt lat="51.066060" lon="13.218124">
        <ele>221.953276</ele>
        <time>2025-06-15T16:17:56.969Z</time>
      </trkpt>
      <trkpt lat="51.065926" lon="13.218173">
        <ele>222.598714</ele>
        <time>2025-06-15T16:18:02.325Z</time>
      </trkpt>
      <trkpt lat="51.065488" lon="13.218226">
        <ele>224.660777</ele>
        <time>2025-06-15T16:18:19.185Z</time>
      </trkpt>
      <trkpt lat="51.065378" lon="13.218239">
        <ele>225.178578</ele>
        <time>2025-06-15T16:18:23.126Z</time>
      </trkpt>
      <trkpt lat="51.065212" lon="13.218303">
        <ele>225.980387</ele>
        <time>2025-06-15T16:18:29.189Z</time>
      </trkpt>
      <trkpt lat="51.065097" lon="13.218449">
        <ele>226.671005</ele>
        <time>2025-06-15T16:18:34.494Z</time>
      </trkpt>
      <trkpt lat="51.065024" lon="13.218656">
        <ele>227.371259</ele>
        <time>2025-06-15T16:18:39.827Z</time>
      </trkpt>
      <trkpt lat="51.064986" lon="13.218847">
        <ele>227.962293</ele>
        <time>2025-06-15T16:18:44.335Z</time>
      </trkpt>
      <trkpt lat="51.065063" lon="13.219267">
        <ele>229.567454</ele>
        <time>2025-06-15T16:18:53.949Z</time>
      </trkpt>
      <trkpt lat="51.065051" lon="13.219634">
        <ele>231.051098</ele>
        <time>2025-06-15T16:19:01.852Z</time>
      </trkpt>
      <trkpt lat="51.064963" lon="13.219928">
        <ele>232.365781</ele>
        <time>2025-06-15T16:19:08.941Z</time>
      </trkpt>
      <trkpt lat="51.064822" lon="13.220245">
        <ele>233.933688</ele>
        <time>2025-06-15T16:19:17.723Z</time>
      </trkpt>
      <trkpt lat="51.064704" lon="13.220401">
        <ele>234.919227</ele>
        <time>2025-06-15T16:19:23.628Z</time>
      </trkpt>
      <trkpt lat="51.064469" lon="13.220546">
        <ele>236.538423</ele>
        <time>2025-06-15T16:19:34.445Z</time>
      </trkpt>
      <trkpt lat="51.064143" lon="13.220671">
        <ele>238.692636</ele>
        <time>2025-06-15T16:19:50.423Z</time>
      </trkpt>
      <trkpt lat="51.063867" lon="13.220660">
        <ele>240.713922</ele>
        <time>2025-06-15T16:20:05.282Z</time>
      </trkpt>
      <trkpt lat="51.063691" lon="13.220687">
        <ele>242.399326</ele>
        <time>2025-06-15T16:20:14.836Z</time>
      </trkpt>
      <trkpt lat="51.063572" lon="13.220742">
        <ele>243.580510</ele>
        <time>2025-06-15T16:20:21.630Z</time>
      </trkpt>
      <trkpt lat="51.063406" lon="13.220926">
        <ele>245.508885</ele>
        <time>2025-06-15T16:20:32.602Z</time>
      </trkpt>
      <trkpt lat="51.063269" lon="13.221066">
        <ele>247.060877</ele>
        <time>2025-06-15T16:20:41.368Z</time>
      </trkpt>
      <trkpt lat="51.063074" lon="13.221200">
        <ele>249.085538</ele>
        <time>2025-06-15T16:20:52.676Z</time>
      </trkpt>
      <trkpt lat="51.063051" lon="13.221213">
        <ele>249.318194</ele>
        <time>2025-06-15T16:20:54.022Z</time>
      </trkpt>
      <trkpt lat="51.063011" lon="13.221233">
        <ele>249.717854</ele>
        <time>2025-06-15T16:20:55.914Z</time>
      </trkpt>
      <trkpt lat="51.062749" lon="13.221393">
        <ele>252.392843</ele>
        <time>2025-06-15T16:21:08.422Z</time>
      </trkpt>
      <trkpt lat="51.062573" lon="13.221447">
        <ele>254.101372</ele>
        <time>2025-06-15T16:21:16.110Z</time>
      </trkpt>
      <trkpt lat="51.062399" lon="13.221444">
        <ele>255.760031</ele>
        <time>2025-06-15T16:21:23.169Z</time>
      </trkpt>
      <trkpt lat="51.062230" lon="13.221447">
        <ele>257.234609</ele>
        <time>2025-06-15T16:21:29.845Z</time>
      </trkpt>
      <trkpt lat="51.062042" lon="13.221395">
        <ele>258.141662</ele>
        <time>2025-06-15T16:21:37.225Z</time>
      </trkpt>
      <trkpt lat="51.061789" lon="13.221155">
        <ele>259.541800</ele>
        <time>2025-06-15T16:21:48.091Z</time>
      </trkpt>
      <trkpt lat="51.061395" lon="13.220661">
        <ele>261.926262</ele>
        <time>2025-06-15T16:22:04.146Z</time>
      </trkpt>
      <trkpt lat="51.061336" lon="13.220379">
        <ele>262.814190</ele>
        <time>2025-06-15T16:22:09.099Z</time>
      </trkpt>
      <trkpt lat="51.061355" lon="13.220112">
        <ele>263.616948</ele>
        <time>2025-06-15T16:22:13.205Z</time>
      </trkpt>
      <trkpt lat="51.061184" lon="13.219879">
        <ele>264.687112</ele>
        <time>2025-06-15T16:22:18.240Z</time>
      </trkpt>
      <trkpt lat="51.060863" lon="13.219868">
        <ele>265.397923</ele>
        <time>2025-06-15T16:22:24.159Z</time>
      </trkpt>
      <trkpt lat="51.060476" lon="13.220222">
        <ele>264.455536</ele>
        <time>2025-06-15T16:22:30.161Z</time>
      </trkpt>
      <trkpt lat="51.060017" lon="13.220492">
        <ele>263.422440</ele>
        <time>2025-06-15T16:22:35.935Z</time>
      </trkpt>
      <trkpt lat="51.059866" lon="13.220977">
        <ele>262.704295</ele>
        <time>2025-06-15T16:22:42.056Z</time>
      </trkpt>
      <trkpt lat="51.059129" lon="13.223000">
        <ele>258.658100</ele>
        <time>2025-06-15T16:23:08.747Z</time>
      </trkpt>
      <trkpt lat="51.059080" lon="13.223135">
        <ele>258.364491</ele>
        <time>2025-06-15T16:23:10.553Z</time>
      </trkpt>
      <trkpt lat="51.058571" lon="13.224534">
        <ele>256.687329</ele>
        <time>2025-06-15T16:23:30.118Z</time>
      </trkpt>
      <trkpt lat="51.058510" lon="13.224700">
        <ele>256.758845</ele>
        <time>2025-06-15T16:23:32.604Z</time>
      </trkpt>
      <trkpt lat="51.058020" lon="13.226045">
        <ele>257.337037</ele>
        <time>2025-06-15T16:23:56.766Z</time>
      </trkpt>
      <trkpt lat="51.057727" lon="13.226851">
        <ele>258.577116</ele>
        <time>2025-06-15T16:24:15.699Z</time>
      </trkpt>
      <trkpt lat="51.057628" lon="13.227436">
        <ele>260.083783</ele>
        <time>2025-06-15T16:24:28.910Z</time>
      </trkpt>
      <trkpt lat="51.057624" lon="13.227942">
        <ele>261.342272</ele>
        <time>2025-06-15T16:24:40.443Z</time>
      </trkpt>
      <trkpt lat="51.057725" lon="13.228844">
        <ele>263.620805</ele>
        <time>2025-06-15T16:25:01.272Z</time>
      </trkpt>
      <trkpt lat="51.057722" lon="13.229316">
        <ele>264.663784</ele>
        <time>2025-06-15T16:25:11.766Z</time>
      </trkpt>
      <trkpt lat="51.057678" lon="13.229487">
        <ele>264.727138</ele>
        <time>2025-06-15T16:25:15.750Z</time>
      </trkpt>
      <trkpt lat="51.057701" lon="13.229806">
        <ele>264.837232</ele>
        <time>2025-06-15T16:25:20.599Z</time>
      </trkpt>
      <trkpt lat="51.057713" lon="13.230701">
        <ele>265.144173</ele>
        <time>2025-06-15T16:25:31.824Z</time>
      </trkpt>
      <trkpt lat="51.057752" lon="13.230711">
        <ele>265.165722</ele>
        <time>2025-06-15T16:25:32.663Z</time>
      </trkpt>
      <trkpt lat="51.057897" lon="13.230902">
        <ele>265.268413</ele>
        <time>2025-06-15T16:25:36.375Z</time>
      </trkpt>
      <trkpt lat="51.060207" lon="13.234441">
        <ele>255.638037</ele>
        <time>2025-06-15T16:26:21.766Z</time>
      </trkpt>
      <trkpt lat="51.060221" lon="13.234505">
        <ele>255.385976</ele>
        <time>2025-06-15T16:26:22.309Z</time>
      </trkpt>
      <trkpt lat="51.060604" lon="13.234586">
        <ele>253.099380</ele>
        <time>2025-06-15T16:26:25.820Z</time>
      </trkpt>
      <trkpt lat="51.060652" lon="13.234598">
        <ele>252.811823</ele>
        <time>2025-06-15T16:26:26.248Z</time>
      </trkpt>
      <trkpt lat="51.060755" lon="13.234652">
        <ele>252.170012</ele>
        <time>2025-06-15T16:26:27.209Z</time>
      </trkpt>
      <trkpt lat="51.061240" lon="13.234761">
        <ele>249.160307</ele>
        <time>2025-06-15T16:26:31.455Z</time>
      </trkpt>
      <trkpt lat="51.062236" lon="13.234635">
        <ele>239.935677</ele>
        <time>2025-06-15T16:26:43.228Z</time>
      </trkpt>
      <trkpt lat="51.062613" lon="13.234732">
        <ele>236.409797</ele>
        <time>2025-06-15T16:26:47.703Z</time>
      </trkpt>
      <trkpt lat="51.062953" lon="13.234950">
        <ele>233.025460</ele>
        <time>2025-06-15T16:26:52.054Z</time>
      </trkpt>
      <trkpt lat="51.063280" lon="13.235290">
        <ele>230.602844</ele>
        <time>2025-06-15T16:26:56.783Z</time>
      </trkpt>
      <trkpt lat="51.063463" lon="13.235691">
        <ele>228.715748</ele>
        <time>2025-06-15T16:27:00.644Z</time>
      </trkpt>
      <trkpt lat="51.063633" lon="13.236334">
        <ele>226.059423</ele>
        <time>2025-06-15T16:27:06.289Z</time>
      </trkpt>
      <trkpt lat="51.063639" lon="13.236447">
        <ele>225.627598</ele>
        <time>2025-06-15T16:27:07.229Z</time>
      </trkpt>
      <trkpt lat="51.063669" lon="13.236713">
        <ele>224.598517</ele>
        <time>2025-06-15T16:27:10.199Z</time>
      </trkpt>
      <trkpt lat="51.063633" lon="13.237136">
        <ele>222.973075</ele>
        <time>2025-06-15T16:27:14.965Z</time>
      </trkpt>
      <trkpt lat="51.063471" lon="13.237922">
        <ele>220.356545</ele>
        <time>2025-06-15T16:27:24.310Z</time>
      </trkpt>
      <trkpt lat="51.063368" lon="13.238561">
        <ele>218.470054</ele>
        <time>2025-06-15T16:27:31.736Z</time>
      </trkpt>
      <trkpt lat="51.063331" lon="13.239006">
        <ele>217.186399</ele>
        <time>2025-06-15T16:27:36.688Z</time>
      </trkpt>
      <trkpt lat="51.063305" lon="13.239976">
        <ele>214.409969</ele>
        <time>2025-06-15T16:27:47.223Z</time>
      </trkpt>
      <trkpt lat="51.063333" lon="13.240496">
        <ele>213.658880</ele>
        <time>2025-06-15T16:27:52.784Z</time>
      </trkpt>
      <trkpt lat="51.063386" lon="13.240998">
        <ele>213.453618</ele>
        <time>2025-06-15T16:27:55.793Z</time>
      </trkpt>
      <trkpt lat="51.063440" lon="13.241188">
        <ele>213.369533</ele>
        <time>2025-06-15T16:27:57.105Z</time>
      </trkpt>
      <trkpt lat="51.063415" lon="13.241248">
        <ele>213.340504</ele>
        <time>2025-06-15T16:27:57.576Z</time>
      </trkpt>
      <trkpt lat="51.063361" lon="13.241357">
        <ele>213.284536</ele>
        <time>2025-06-15T16:27:58.520Z</time>
      </trkpt>
      <trkpt lat="51.063323" lon="13.241437">
        <ele>213.244100</ele>
        <time>2025-06-15T16:27:59.224Z</time>
      </trkpt>
      <trkpt lat="51.063356" lon="13.241481">
        <ele>213.216475</ele>
        <time>2025-06-15T16:28:00.116Z</time>
      </trkpt>
      <trkpt lat="51.063555" lon="13.241732">
        <ele>213.053542</ele>
        <time>2025-06-15T16:28:05.927Z</time>
      </trkpt>
      <trkpt lat="51.063607" lon="13.241795">
        <ele>213.011606</ele>
        <time>2025-06-15T16:28:07.773Z</time>
      </trkpt>
      <trkpt lat="51.063696" lon="13.241907">
        <ele>212.938801</ele>
        <time>2025-06-15T16:28:11.133Z</time>
      </trkpt>
      <trkpt lat="51.063893" lon="13.242207">
        <ele>212.763841</ele>
        <time>2025-06-15T16:28:20.170Z</time>
      </trkpt>
      <trkpt lat="51.063960" lon="13.242463">
        <ele>212.652019</ele>
        <time>2025-06-15T16:28:26.230Z</time>
      </trkpt>
      <trkpt lat="51.064031" lon="13.243420">
        <ele>214.061092</ele>
        <time>2025-06-15T16:28:47.758Z</time>
      </trkpt>
      <trkpt lat="51.063992" lon="13.243794">
        <ele>214.665106</ele>
        <time>2025-06-15T16:28:56.975Z</time>
      </trkpt>
      <trkpt lat="51.063933" lon="13.244135">
        <ele>215.228611</ele>
        <time>2025-06-15T16:29:05.073Z</time>
      </trkpt>
      <trkpt lat="51.063677" lon="13.245089">
        <ele>216.881318</ele>
        <time>2025-06-15T16:29:22.353Z</time>
      </trkpt>
      <trkpt lat="51.063605" lon="13.245583">
        <ele>216.726745</ele>
        <time>2025-06-15T16:29:28.567Z</time>
      </trkpt>
      <trkpt lat="51.063589" lon="13.247128">
        <ele>214.476619</ele>
        <time>2025-06-15T16:29:46.860Z</time>
      </trkpt>
      <trkpt lat="51.063557" lon="13.248021">
        <ele>213.174125</ele>
        <time>2025-06-15T16:29:57.315Z</time>
      </trkpt>
      <trkpt lat="51.063504" lon="13.249365">
        <ele>212.191904</ele>
        <time>2025-06-15T16:30:13.263Z</time>
      </trkpt>
      <trkpt lat="51.063547" lon="13.250784">
        <ele>211.244555</ele>
        <time>2025-06-15T16:30:31.995Z</time>
      </trkpt>
      <trkpt lat="51.063583" lon="13.251263">
        <ele>211.824376</ele>
        <time>2025-06-15T16:30:40.271Z</time>
      </trkpt>
      <trkpt lat="51.063659" lon="13.252553">
        <ele>215.116920</ele>
        <time>2025-06-15T16:31:08.521Z</time>
      </trkpt>
      <trkpt lat="51.063489" lon="13.253877">
        <ele>218.423190</ele>
        <time>2025-06-15T16:31:43.204Z</time>
      </trkpt>
      <trkpt lat="51.063358" lon="13.255401">
        <ele>219.354469</ele>
        <time>2025-06-15T16:32:13.320Z</time>
      </trkpt>
      <trkpt lat="51.063353" lon="13.255721">
        <ele>219.548270</ele>
        <time>2025-06-15T16:32:17.611Z</time>
      </trkpt>
      <trkpt lat="51.063395" lon="13.255974">
        <ele>219.706700</ele>
        <time>2025-06-15T16:32:20.917Z</time>
      </trkpt>
      <trkpt lat="51.063532" lon="13.256376">
        <ele>219.983568</ele>
        <time>2025-06-15T16:32:26.422Z</time>
      </trkpt>
      <trkpt lat="51.063870" lon="13.256870">
        <ele>218.879185</ele>
        <time>2025-06-15T16:32:34.634Z</time>
      </trkpt>
      <trkpt lat="51.064230" lon="13.257294">
        <ele>217.156206</ele>
        <time>2025-06-15T16:32:42.357Z</time>
      </trkpt>
      <trkpt lat="51.064773" lon="13.257689">
        <ele>214.859405</ele>
        <time>2025-06-15T16:32:52.797Z</time>
      </trkpt>
      <trkpt lat="51.065164" lon="13.257891">
        <ele>213.277975</ele>
        <time>2025-06-15T16:33:00.364Z</time>
      </trkpt>
      <trkpt lat="51.065366" lon="13.258134">
        <ele>212.846824</ele>
        <time>2025-06-15T16:33:05.177Z</time>
      </trkpt>
      <trkpt lat="51.065472" lon="13.258355">
        <ele>212.583428</ele>
        <time>2025-06-15T16:33:08.565Z</time>
      </trkpt>
      <trkpt lat="51.065574" lon="13.258655">
        <ele>212.260271</ele>
        <time>2025-06-15T16:33:12.824Z</time>
      </trkpt>
      <trkpt lat="51.065822" lon="13.260020">
        <ele>210.914090</ele>
        <time>2025-06-15T16:33:31.252Z</time>
      </trkpt>
      <trkpt lat="51.065941" lon="13.260835">
        <ele>210.612096</ele>
        <time>2025-06-15T16:33:42.403Z</time>
      </trkpt>
      <trkpt lat="51.065970" lon="13.261319">
        <ele>210.772856</ele>
        <time>2025-06-15T16:33:48.926Z</time>
      </trkpt>
      <trkpt lat="51.065936" lon="13.261795">
        <ele>210.931260</ele>
        <time>2025-06-15T16:33:55.463Z</time>
      </trkpt>
      <trkpt lat="51.065885" lon="13.262249">
        <ele>211.083755</ele>
        <time>2025-06-15T16:34:02.036Z</time>
      </trkpt>
      <trkpt lat="51.065753" lon="13.262888">
        <ele>211.306164</ele>
        <time>2025-06-15T16:34:12.627Z</time>
      </trkpt>
      <trkpt lat="51.065581" lon="13.263521">
        <ele>212.181079</ele>
        <time>2025-06-15T16:34:25.259Z</time>
      </trkpt>
      <trkpt lat="51.065283" lon="13.264226">
        <ele>214.231880</ele>
        <time>2025-06-15T16:34:43.143Z</time>
      </trkpt>
      <trkpt lat="51.064854" lon="13.264848">
        <ele>216.461027</ele>
        <time>2025-06-15T16:35:04.646Z</time>
      </trkpt>
      <trkpt lat="51.064420" lon="13.265315">
        <ele>218.423754</ele>
        <time>2025-06-15T16:35:23.803Z</time>
      </trkpt>
      <trkpt lat="51.064188" lon="13.265471">
        <ele>219.031776</ele>
        <time>2025-06-15T16:35:32.384Z</time>
      </trkpt>
      <trkpt lat="51.063875" lon="13.265597">
        <ele>219.811192</ele>
        <time>2025-06-15T16:35:42.459Z</time>
      </trkpt>
      <trkpt lat="51.063178" lon="13.265971">
        <ele>221.586910</ele>
        <time>2025-06-15T16:36:02.614Z</time>
      </trkpt>
      <trkpt lat="51.062969" lon="13.266054">
        <ele>222.106931</ele>
        <time>2025-06-15T16:36:08.137Z</time>
      </trkpt>
      <trkpt lat="51.062667" lon="13.266045">
        <ele>222.811203</ele>
        <time>2025-06-15T16:36:15.759Z</time>
      </trkpt>
      <trkpt lat="51.061507" lon="13.265878">
        <ele>225.168573</ele>
        <time>2025-06-15T16:36:49.067Z</time>
      </trkpt>
      <trkpt lat="51.061272" lon="13.265960">
        <ele>225.655504</ele>
        <time>2025-06-15T16:36:56.605Z</time>
      </trkpt>
      <trkpt lat="51.061105" lon="13.266145">
        <ele>226.067356</ele>
        <time>2025-06-15T16:37:02.870Z</time>
      </trkpt>
      <trkpt lat="51.059884" lon="13.268954">
        <ele>228.222796</ele>
        <time>2025-06-15T16:37:59.818Z</time>
      </trkpt>
      <trkpt lat="51.059829" lon="13.269247">
        <ele>227.803907</ele>
        <time>2025-06-15T16:38:03.838Z</time>
      </trkpt>
      <trkpt lat="51.059942" lon="13.271470">
        <ele>224.678184</ele>
        <time>2025-06-15T16:38:30.388Z</time>
      </trkpt>
      <trkpt lat="51.059945" lon="13.272129">
        <ele>222.077011</ele>
        <time>2025-06-15T16:38:37.282Z</time>
      </trkpt>
      <trkpt lat="51.059905" lon="13.272679">
        <ele>219.891648</ele>
        <time>2025-06-15T16:38:42.932Z</time>
      </trkpt>
      <trkpt lat="51.059978" lon="13.272623">
        <ele>219.382701</ele>
        <time>2025-06-15T16:38:43.650Z</time>
      </trkpt>
      <trkpt lat="51.060187" lon="13.272601">
        <ele>218.067304</ele>
        <time>2025-06-15T16:38:45.518Z</time>
      </trkpt>
      <trkpt lat="51.060276" lon="13.272629">
        <ele>217.497559</ele>
        <time>2025-06-15T16:38:46.324Z</time>
      </trkpt>
      <trkpt lat="51.060513" lon="13.272811">
        <ele>215.844901</ele>
        <time>2025-06-15T16:38:48.672Z</time>
      </trkpt>
      <trkpt lat="51.060681" lon="13.272946">
        <ele>214.662933</ele>
        <time>2025-06-15T16:38:50.361Z</time>
      </trkpt>
      <trkpt lat="51.060881" lon="13.273015">
        <ele>213.452012</ele>
        <time>2025-06-15T16:38:52.206Z</time>
      </trkpt>
      <trkpt lat="51.061482" lon="13.272924">
        <ele>212.153150</ele>
        <time>2025-06-15T16:38:57.942Z</time>
      </trkpt>
      <trkpt lat="51.061588" lon="13.272935">
        <ele>211.924612</ele>
        <time>2025-06-15T16:38:59.066Z</time>
      </trkpt>
      <trkpt lat="51.061721" lon="13.273046">
        <ele>211.601496</ele>
        <time>2025-06-15T16:39:00.756Z</time>
      </trkpt>
      <trkpt lat="51.061818" lon="13.273222">
        <ele>211.284976</ele>
        <time>2025-06-15T16:39:02.557Z</time>
      </trkpt>
      <trkpt lat="51.062189" lon="13.274231">
        <ele>209.704330</ele>
        <time>2025-06-15T16:39:13.465Z</time>
      </trkpt>
      <trkpt lat="51.062411" lon="13.274471">
        <ele>209.707096</ele>
        <time>2025-06-15T16:39:17.810Z</time>
      </trkpt>
      <trkpt lat="51.062735" lon="13.274773">
        <ele>209.847808</ele>
        <time>2025-06-15T16:39:23.709Z</time>
      </trkpt>
      <trkpt lat="51.063396" lon="13.275149">
        <ele>210.110859</ele>
        <time>2025-06-15T16:39:34.007Z</time>
      </trkpt>
      <trkpt lat="51.063458" lon="13.275177">
        <ele>210.135010</ele>
        <time>2025-06-15T16:39:34.920Z</time>
      </trkpt>
      <trkpt lat="51.063771" lon="13.275356">
        <ele>210.259647</ele>
        <time>2025-06-15T16:39:39.343Z</time>
      </trkpt>
      <trkpt lat="51.063879" lon="13.275497">
        <ele>210.290861</ele>
        <time>2025-06-15T16:39:41.122Z</time>
      </trkpt>
      <trkpt lat="51.063869" lon="13.275653">
        <ele>210.281760</ele>
        <time>2025-06-15T16:39:42.380Z</time>
      </trkpt>
      <trkpt lat="51.063630" lon="13.276198">
        <ele>210.243186</ele>
        <time>2025-06-15T16:39:47.737Z</time>
      </trkpt>
      <trkpt lat="51.063296" lon="13.277566">
        <ele>210.158002</ele>
        <time>2025-06-15T16:39:59.874Z</time>
      </trkpt>
      <trkpt lat="51.063233" lon="13.277947">
        <ele>210.135135</ele>
        <time>2025-06-15T16:40:03.165Z</time>
      </trkpt>
      <trkpt lat="51.063163" lon="13.278173">
        <ele>210.178822</ele>
        <time>2025-06-15T16:40:05.274Z</time>
      </trkpt>
      <trkpt lat="51.062624" lon="13.279466">
        <ele>210.713084</ele>
        <time>2025-06-15T16:40:18.601Z</time>
      </trkpt>
      <trkpt lat="51.062620" lon="13.279474">
        <ele>210.716605</ele>
        <time>2025-06-15T16:40:18.691Z</time>
      </trkpt>
      <trkpt lat="51.062264" lon="13.280728">
        <ele>211.313714</ele>
        <time>2025-06-15T16:40:32.630Z</time>
      </trkpt>
      <trkpt lat="51.062241" lon="13.280962">
        <ele>211.527539</ele>
        <time>2025-06-15T16:40:35.665Z</time>
      </trkpt>
      <trkpt lat="51.062247" lon="13.281317">
        <ele>211.848152</ele>
        <time>2025-06-15T16:40:40.475Z</time>
      </trkpt>
      <trkpt lat="51.062296" lon="13.281616">
        <ele>212.127118</ele>
        <time>2025-06-15T16:40:44.443Z</time>
      </trkpt>
      <trkpt lat="51.062233" lon="13.281709">
        <ele>212.250568</ele>
        <time>2025-06-15T16:40:46.226Z</time>
      </trkpt>
      <trkpt lat="51.061908" lon="13.282392">
        <ele>213.023992</ele>
        <time>2025-06-15T16:40:56.956Z</time>
      </trkpt>
      <trkpt lat="51.061852" lon="13.282679">
        <ele>213.295300</ele>
        <time>2025-06-15T16:41:00.501Z</time>
      </trkpt>
      <trkpt lat="51.061775" lon="13.283365">
        <ele>213.589216</ele>
        <time>2025-06-15T16:41:08.101Z</time>
      </trkpt>
      <trkpt lat="51.061715" lon="13.283768">
        <ele>213.409206</ele>
        <time>2025-06-15T16:41:11.646Z</time>
      </trkpt>
      <trkpt lat="51.061724" lon="13.283905">
        <ele>213.349335</ele>
        <time>2025-06-15T16:41:12.732Z</time>
      </trkpt>
      <trkpt lat="51.061900" lon="13.284522">
        <ele>213.054829</ele>
        <time>2025-06-15T16:41:17.560Z</time>
      </trkpt>
      <trkpt lat="51.062624" lon="13.285945">
        <ele>212.537141</ele>
        <time>2025-06-15T16:41:31.046Z</time>
      </trkpt>
      <trkpt lat="51.063014" lon="13.286596">
        <ele>212.703154</ele>
        <time>2025-06-15T16:41:38.393Z</time>
      </trkpt>
      <trkpt lat="51.063412" lon="13.287208">
        <ele>212.865714</ele>
        <time>2025-06-15T16:41:46.874Z</time>
      </trkpt>
      <trkpt lat="51.063550" lon="13.287377">
        <ele>212.916860</ele>
        <time>2025-06-15T16:41:49.936Z</time>
      </trkpt>
      <trkpt lat="51.063581" lon="13.287415">
        <ele>212.928353</ele>
        <time>2025-06-15T16:41:50.634Z</time>
      </trkpt>
      <trkpt lat="51.063541" lon="13.287499">
        <ele>212.947806</ele>
        <time>2025-06-15T16:41:51.844Z</time>
      </trkpt>
      <trkpt lat="51.063338" lon="13.287900">
        <ele>213.202671</ele>
        <time>2025-06-15T16:41:57.876Z</time>
      </trkpt>
      <trkpt lat="51.063174" lon="13.288219">
        <ele>213.480278</ele>
        <time>2025-06-15T16:42:02.917Z</time>
      </trkpt>
      <trkpt lat="51.063030" lon="13.288426">
        <ele>213.688271</ele>
        <time>2025-06-15T16:42:06.629Z</time>
      </trkpt>
      <trkpt lat="51.062768" lon="13.288630">
        <ele>214.000898</ele>
        <time>2025-06-15T16:42:12.029Z</time>
      </trkpt>
      <trkpt lat="51.062498" lon="13.288683">
        <ele>214.292474</ele>
        <time>2025-06-15T16:42:16.889Z</time>
      </trkpt>
      <trkpt lat="51.062514" lon="13.288985">
        <ele>214.496620</ele>
        <time>2025-06-15T16:42:20.069Z</time>
      </trkpt>
      <trkpt lat="51.062517" lon="13.289056">
        <ele>214.544552</ele>
        <time>2025-06-15T16:42:20.833Z</time>
      </trkpt>
      <trkpt lat="51.062604" lon="13.290731">
        <ele>214.920185</ele>
        <time>2025-06-15T16:42:34.695Z</time>
      </trkpt>
      <trkpt lat="51.062610" lon="13.290827">
        <ele>214.921025</ele>
        <time>2025-06-15T16:42:35.476Z</time>
      </trkpt>
      <trkpt lat="51.062637" lon="13.291196">
        <ele>214.924257</ele>
        <time>2025-06-15T16:42:38.353Z</time>
      </trkpt>
      <trkpt lat="51.062654" lon="13.291423">
        <ele>214.926246</ele>
        <time>2025-06-15T16:42:40.173Z</time>
      </trkpt>
      <trkpt lat="51.062684" lon="13.291907">
        <ele>214.930477</ele>
        <time>2025-06-15T16:42:44.182Z</time>
      </trkpt>
      <trkpt lat="51.062741" lon="13.292678">
        <ele>215.034456</ele>
        <time>2025-06-15T16:42:51.166Z</time>
      </trkpt>
      <trkpt lat="51.062787" lon="13.292676">
        <ele>215.065381</ele>
        <time>2025-06-15T16:42:51.883Z</time>
      </trkpt>
      <trkpt lat="51.062926" lon="13.294385">
        <ele>215.793189</ele>
        <time>2025-06-15T16:43:09.460Z</time>
      </trkpt>
      <trkpt lat="51.063074" lon="13.296250">
        <ele>216.402937</ele>
        <time>2025-06-15T16:43:26.970Z</time>
      </trkpt>
      <trkpt lat="51.063133" lon="13.296986">
        <ele>216.586076</ele>
        <time>2025-06-15T16:43:33.568Z</time>
      </trkpt>
      <trkpt lat="51.063178" lon="13.297656">
        <ele>216.752394</ele>
        <time>2025-06-15T16:43:39.622Z</time>
      </trkpt>
      <trkpt lat="51.063159" lon="13.297854">
        <ele>216.801833</ele>
        <time>2025-06-15T16:43:41.429Z</time>
      </trkpt>
      <trkpt lat="51.063115" lon="13.298032">
        <ele>216.849045</ele>
        <time>2025-06-15T16:43:43.163Z</time>
      </trkpt>
      <trkpt lat="51.063016" lon="13.298237">
        <ele>216.896753</ele>
        <time>2025-06-15T16:43:45.513Z</time>
      </trkpt>
      <trkpt lat="51.062979" lon="13.298277">
        <ele>216.909796</ele>
        <time>2025-06-15T16:43:46.167Z</time>
      </trkpt>
      <trkpt lat="51.062360" lon="13.298950">
        <ele>217.128389</ele>
        <time>2025-06-15T16:43:57.214Z</time>
      </trkpt>
      <trkpt lat="51.062317" lon="13.299050">
        <ele>217.150592</ele>
        <time>2025-06-15T16:43:58.335Z</time>
      </trkpt>
      <trkpt lat="51.062270" lon="13.299268">
        <ele>217.192825</ele>
        <time>2025-06-15T16:44:00.456Z</time>
      </trkpt>
      <trkpt lat="51.062279" lon="13.299402">
        <ele>217.217520</ele>
        <time>2025-06-15T16:44:01.693Z</time>
      </trkpt>
      <trkpt lat="51.062233" lon="13.299447">
        <ele>217.233264</ele>
        <time>2025-06-15T16:44:02.489Z</time>
      </trkpt>
      <trkpt lat="51.062187" lon="13.299671">
        <ele>217.276447</ele>
        <time>2025-06-15T16:44:04.612Z</time>
      </trkpt>
      <trkpt lat="51.062118" lon="13.300003">
        <ele>217.340525</ele>
        <time>2025-06-15T16:44:07.571Z</time>
      </trkpt>
      <trkpt lat="51.062049" lon="13.300336">
        <ele>217.337032</ele>
        <time>2025-06-15T16:44:10.471Z</time>
      </trkpt>
      <trkpt lat="51.061948" lon="13.300599">
        <ele>217.265983</ele>
        <time>2025-06-15T16:44:12.999Z</time>
      </trkpt>
      <trkpt lat="51.061746" lon="13.301082">
        <ele>217.132242</ele>
        <time>2025-06-15T16:44:17.720Z</time>
      </trkpt>
      <trkpt lat="51.061617" lon="13.301429">
        <ele>217.039305</ele>
        <time>2025-06-15T16:44:20.963Z</time>
      </trkpt>
      <trkpt lat="51.061602" lon="13.301469">
        <ele>217.028568</ele>
        <time>2025-06-15T16:44:21.336Z</time>
      </trkpt>
      <trkpt lat="51.061197" lon="13.302640">
        <ele>216.720452</ele>
        <time>2025-06-15T16:44:31.734Z</time>
      </trkpt>
      <trkpt lat="51.061253" lon="13.302689">
        <ele>216.707327</ele>
        <time>2025-06-15T16:44:36.151Z</time>
      </trkpt>
      <trkpt lat="51.061526" lon="13.303099">
        <ele>216.648373</ele>
        <time>2025-06-15T16:45:02.235Z</time>
      </trkpt>
      <trkpt lat="51.061556" lon="13.303151">
        <ele>216.641406</ele>
        <time>2025-06-15T16:45:05.325Z</time>
      </trkpt>
      <trkpt lat="51.061071" lon="13.303893">
        <ele>216.535745</ele>
        <time>2025-06-15T16:45:13.879Z</time>
      </trkpt>
      <trkpt lat="51.060854" lon="13.304037">
        <ele>216.498822</ele>
        <time>2025-06-15T16:45:17.005Z</time>
      </trkpt>
      <trkpt lat="51.060577" lon="13.304131">
        <ele>216.454343</ele>
        <time>2025-06-15T16:45:21.003Z</time>
      </trkpt>
      <trkpt lat="51.060473" lon="13.304199">
        <ele>216.436686</ele>
        <time>2025-06-15T16:45:22.630Z</time>
      </trkpt>
      <trkpt lat="51.060148" lon="13.304406">
        <ele>216.730372</ele>
        <time>2025-06-15T16:45:30.989Z</time>
      </trkpt>
      <trkpt lat="51.059803" lon="13.304586">
        <ele>217.064073</ele>
        <time>2025-06-15T16:45:39.895Z</time>
      </trkpt>
      <trkpt lat="51.059438" lon="13.304777">
        <ele>217.417221</ele>
        <time>2025-06-15T16:45:46.349Z</time>
      </trkpt>
      <trkpt lat="51.059208" lon="13.304941">
        <ele>217.648871</ele>
        <time>2025-06-15T16:45:50.850Z</time>
      </trkpt>
      <trkpt lat="51.059031" lon="13.305153">
        <ele>217.852495</ele>
        <time>2025-06-15T16:45:54.746Z</time>
      </trkpt>
      <trkpt lat="51.058632" lon="13.305262">
        <ele>218.229675</ele>
        <time>2025-06-15T16:46:01.488Z</time>
      </trkpt>
      <trkpt lat="51.058324" lon="13.305346">
        <ele>218.527422</ele>
        <time>2025-06-15T16:46:06.334Z</time>
      </trkpt>
      <trkpt lat="51.058289" lon="13.305355">
        <ele>218.561204</ele>
        <time>2025-06-15T16:46:06.875Z</time>
      </trkpt>
      <trkpt lat="51.058075" lon="13.305424">
        <ele>218.769251</ele>
        <time>2025-06-15T16:46:10.263Z</time>
      </trkpt>
      <trkpt lat="51.058108" lon="13.306030">
        <ele>219.133529</ele>
        <time>2025-06-15T16:46:16.417Z</time>
      </trkpt>
      <trkpt lat="51.058130" lon="13.306488">
        <ele>219.408613</ele>
        <time>2025-06-15T16:46:21.069Z</time>
      </trkpt>
      <trkpt lat="51.058139" lon="13.306646">
        <ele>219.503623</ele>
        <time>2025-06-15T16:46:22.644Z</time>
      </trkpt>
      <trkpt lat="51.058152" lon="13.306863">
        <ele>219.634168</ele>
        <time>2025-06-15T16:46:24.763Z</time>
      </trkpt>
      <trkpt lat="51.058170" lon="13.307047">
        <ele>219.745688</ele>
        <time>2025-06-15T16:46:26.733Z</time>
      </trkpt>
      <trkpt lat="51.058092" lon="13.307103">
        <ele>219.831148</ele>
        <time>2025-06-15T16:46:28.136Z</time>
      </trkpt>
      <trkpt lat="51.057982" lon="13.307418">
        <ele>220.077493</ele>
        <time>2025-06-15T16:46:31.926Z</time>
      </trkpt>
      <trkpt lat="51.057878" lon="13.307586">
        <ele>220.238692</ele>
        <time>2025-06-15T16:46:34.350Z</time>
      </trkpt>
      <trkpt lat="51.057532" lon="13.307918">
        <ele>220.678162</ele>
        <time>2025-06-15T16:46:41.250Z</time>
      </trkpt>
      <trkpt lat="51.057520" lon="13.308037">
        <ele>220.760554</ele>
        <time>2025-06-15T16:46:42.618Z</time>
      </trkpt>
      <trkpt lat="51.057513" lon="13.308159">
        <ele>220.844303</ele>
        <time>2025-06-15T16:46:44.050Z</time>
      </trkpt>
      <trkpt lat="51.057507" lon="13.308247">
        <ele>220.904816</ele>
        <time>2025-06-15T16:46:45.059Z</time>
      </trkpt>
      <trkpt lat="51.057392" lon="13.308355">
        <ele>221.050060</ele>
        <time>2025-06-15T16:46:47.377Z</time>
      </trkpt>
      <trkpt lat="51.057215" lon="13.308451">
        <ele>221.253453</ele>
        <time>2025-06-15T16:46:50.522Z</time>
      </trkpt>
      <trkpt lat="51.057097" lon="13.308540">
        <ele>221.395487</ele>
        <time>2025-06-15T16:46:53.777Z</time>
      </trkpt>
      <trkpt lat="51.056542" lon="13.309107">
        <ele>222.029020</ele>
        <time>2025-06-15T16:47:10.176Z</time>
      </trkpt>
      <trkpt lat="51.056419" lon="13.309225">
        <ele>222.148559</ele>
        <time>2025-06-15T16:47:13.627Z</time>
      </trkpt>
      <trkpt lat="51.056173" lon="13.309463">
        <ele>222.388178</ele>
        <time>2025-06-15T16:47:20.553Z</time>
      </trkpt>
      <trkpt lat="51.055519" lon="13.310205">
        <ele>223.056704</ele>
        <time>2025-06-15T16:47:40.316Z</time>
      </trkpt>
      <trkpt lat="51.055086" lon="13.310807">
        <ele>223.537866</ele>
        <time>2025-06-15T16:47:55.089Z</time>
      </trkpt>
      <trkpt lat="51.054780" lon="13.311328">
        <ele>223.914287</ele>
        <time>2025-06-15T16:48:06.045Z</time>
      </trkpt>
      <trkpt lat="51.054381" lon="13.311762">
        <ele>224.320224</ele>
        <time>2025-06-15T16:48:17.748Z</time>
      </trkpt>
      <trkpt lat="51.054069" lon="13.312021">
        <ele>224.615786</ele>
        <time>2025-06-15T16:48:26.539Z</time>
      </trkpt>
      <trkpt lat="51.053838" lon="13.312060">
        <ele>224.769065</ele>
        <time>2025-06-15T16:48:32.473Z</time>
      </trkpt>
      <trkpt lat="51.053576" lon="13.312105">
        <ele>224.795880</ele>
        <time>2025-06-15T16:48:39.233Z</time>
      </trkpt>
      <trkpt lat="51.052794" lon="13.312910">
        <ele>224.890660</ele>
        <time>2025-06-15T16:49:00.145Z</time>
      </trkpt>
      <trkpt lat="51.052693" lon="13.312982">
        <ele>224.901923</ele>
        <time>2025-06-15T16:49:02.603Z</time>
      </trkpt>
      <trkpt lat="51.052190" lon="13.312915">
        <ele>224.921369</ele>
        <time>2025-06-15T16:49:13.533Z</time>
      </trkpt>
      <trkpt lat="51.052179" lon="13.312915">
        <ele>224.917357</ele>
        <time>2025-06-15T16:49:13.763Z</time>
      </trkpt>
      <trkpt lat="51.052073" lon="13.312914">
        <ele>224.878690</ele>
        <time>2025-06-15T16:49:15.532Z</time>
      </trkpt>
      <trkpt lat="51.051305" lon="13.312892">
        <ele>224.598498</ele>
        <time>2025-06-15T16:49:31.374Z</time>
      </trkpt>
      <trkpt lat="51.050391" lon="13.312754">
        <ele>224.324335</ele>
        <time>2025-06-15T16:49:51.825Z</time>
      </trkpt>
      <trkpt lat="51.050204" lon="13.313103">
        <ele>224.459031</ele>
        <time>2025-06-15T16:49:58.603Z</time>
      </trkpt>
      <trkpt lat="51.049610" lon="13.313416">
        <ele>224.751409</ele>
        <time>2025-06-15T16:50:13.568Z</time>
      </trkpt>
      <trkpt lat="51.049524" lon="13.313414">
        <ele>224.791597</ele>
        <time>2025-06-15T16:50:15.651Z</time>
      </trkpt>
      <trkpt lat="51.049339" lon="13.313267">
        <ele>224.888222</ele>
        <time>2025-06-15T16:50:20.681Z</time>
      </trkpt>
      <trkpt lat="51.049260" lon="13.313244">
        <ele>224.925748</ele>
        <time>2025-06-15T16:50:22.658Z</time>
      </trkpt>
      <trkpt lat="51.047937" lon="13.313123">
        <ele>225.704458</ele>
        <time>2025-06-15T16:50:54.092Z</time>
      </trkpt>
      <trkpt lat="51.047266" lon="13.313141">
        <ele>226.138759</ele>
        <time>2025-06-15T16:51:10.314Z</time>
      </trkpt>
      <trkpt lat="51.044397" lon="13.314820">
        <ele>229.147885</ele>
        <time>2025-06-15T16:52:27.531Z</time>
      </trkpt>
      <trkpt lat="51.044126" lon="13.315011">
        <ele>229.462415</ele>
        <time>2025-06-15T16:52:34.917Z</time>
      </trkpt>
      <trkpt lat="51.042898" lon="13.315586">
        <ele>230.910725</ele>
        <time>2025-06-15T16:53:08.108Z</time>
      </trkpt>
      <trkpt lat="51.042195" lon="13.315711">
        <ele>231.741347</ele>
        <time>2025-06-15T16:53:27.187Z</time>
      </trkpt>
      <trkpt lat="51.040767" lon="13.316127">
        <ele>232.373565</ele>
        <time>2025-06-15T16:54:02.023Z</time>
      </trkpt>
      <trkpt lat="51.040057" lon="13.316190">
        <ele>232.569951</ele>
        <time>2025-06-15T16:54:17.148Z</time>
      </trkpt>
      <trkpt lat="51.039058" lon="13.316612">
        <ele>233.144843</ele>
        <time>2025-06-15T16:54:39.299Z</time>
      </trkpt>
      <trkpt lat="51.038361" lon="13.316915">
        <ele>233.567403</ele>
        <time>2025-06-15T16:54:59.975Z</time>
      </trkpt>
      <trkpt lat="51.037862" lon="13.316830">
        <ele>234.246934</ele>
        <time>2025-06-15T16:55:14.717Z</time>
      </trkpt>
      <trkpt lat="51.037487" lon="13.316806">
        <ele>234.755109</ele>
        <time>2025-06-15T16:55:25.484Z</time>
      </trkpt>
      <trkpt lat="51.036702" lon="13.316974">
        <ele>235.827612</ele>
        <time>2025-06-15T16:55:45.852Z</time>
      </trkpt>
      <trkpt lat="51.036255" lon="13.317265">
        <ele>235.740801</ele>
        <time>2025-06-15T16:55:55.940Z</time>
      </trkpt>
      <trkpt lat="51.036186" lon="13.317421">
        <ele>235.669083</ele>
        <time>2025-06-15T16:55:58.412Z</time>
      </trkpt>
      <trkpt lat="51.035173" lon="13.318416">
        <ele>234.957099</ele>
        <time>2025-06-15T16:56:23.358Z</time>
      </trkpt>
      <trkpt lat="51.034756" lon="13.318952">
        <ele>235.047909</ele>
        <time>2025-06-15T16:56:34.602Z</time>
      </trkpt>
      <trkpt lat="51.034676" lon="13.319265">
        <ele>235.125271</ele>
        <time>2025-06-15T16:56:39.266Z</time>
      </trkpt>
      <trkpt lat="51.034076" lon="13.319831">
        <ele>235.379289</ele>
        <time>2025-06-15T16:56:56.262Z</time>
      </trkpt>
      <trkpt lat="51.033996" lon="13.319997">
        <ele>235.427177</ele>
        <time>2025-06-15T16:56:59.624Z</time>
      </trkpt>
      <trkpt lat="51.034002" lon="13.320162">
        <ele>235.465021</ele>
        <time>2025-06-15T16:57:02.337Z</time>
      </trkpt>
      <trkpt lat="51.033947" lon="13.320414">
        <ele>235.526100</ele>
        <time>2025-06-15T16:57:06.702Z</time>
      </trkpt>
      <trkpt lat="51.033661" lon="13.320661">
        <ele>235.700517</ele>
        <time>2025-06-15T16:57:15.219Z</time>
      </trkpt>
      <trkpt lat="51.033570" lon="13.320944">
        <ele>235.815037</ele>
        <time>2025-06-15T16:57:20.537Z</time>
      </trkpt>
      <trkpt lat="51.033124" lon="13.321508">
        <ele>236.141515</ele>
        <time>2025-06-15T16:57:35.517Z</time>
      </trkpt>
      <trkpt lat="51.032227" lon="13.322752">
        <ele>236.706962</ele>
        <time>2025-06-15T16:58:00.895Z</time>
      </trkpt>
      <trkpt lat="51.031813" lon="13.323460">
        <ele>236.890256</ele>
        <time>2025-06-15T16:58:15.587Z</time>
      </trkpt>
      <trkpt lat="51.031750" lon="13.323821">
        <ele>236.961287</ele>
        <time>2025-06-15T16:58:21.128Z</time>
      </trkpt>
      <trkpt lat="51.031775" lon="13.324201">
        <ele>237.033727</ele>
        <time>2025-06-15T16:58:26.802Z</time>
      </trkpt>
      <trkpt lat="51.031980" lon="13.324840">
        <ele>237.242854</ele>
        <time>2025-06-15T16:58:37.636Z</time>
      </trkpt>
      <trkpt lat="51.031736" lon="13.325041">
        <ele>237.447167</ele>
        <time>2025-06-15T16:58:42.515Z</time>
      </trkpt>
      <trkpt lat="51.031602" lon="13.325272">
        <ele>237.594111</ele>
        <time>2025-06-15T16:58:46.099Z</time>
      </trkpt>
      <trkpt lat="51.031587" lon="13.325428">
        <ele>237.667901</ele>
        <time>2025-06-15T16:58:47.833Z</time>
      </trkpt>
      <trkpt lat="51.031705" lon="13.325705">
        <ele>237.824338</ele>
        <time>2025-06-15T16:58:51.411Z</time>
      </trkpt>
      <trkpt lat="51.031695" lon="13.325836">
        <ele>237.886040</ele>
        <time>2025-06-15T16:58:52.641Z</time>
      </trkpt>
      <trkpt lat="51.031632" lon="13.326017">
        <ele>237.982770</ele>
        <time>2025-06-15T16:58:54.509Z</time>
      </trkpt>
      <trkpt lat="51.031592" lon="13.326625">
        <ele>238.268611</ele>
        <time>2025-06-15T16:58:59.793Z</time>
      </trkpt>
      <trkpt lat="51.031276" lon="13.328003">
        <ele>241.177375</ele>
        <time>2025-06-15T16:59:19.630Z</time>
      </trkpt>
      <trkpt lat="51.031272" lon="13.328200">
        <ele>241.681515</ele>
        <time>2025-06-15T16:59:23.083Z</time>
      </trkpt>
      <trkpt lat="51.031388" lon="13.328352">
        <ele>242.292843</ele>
        <time>2025-06-15T16:59:27.489Z</time>
      </trkpt>
      <trkpt lat="51.032103" lon="13.328928">
        <ele>245.552685</ele>
        <time>2025-06-15T16:59:53.213Z</time>
      </trkpt>
      <trkpt lat="51.032228" lon="13.329061">
        <ele>245.955129</ele>
        <time>2025-06-15T16:59:58.274Z</time>
      </trkpt>
      <trkpt lat="51.032337" lon="13.329221">
        <ele>246.236443</ele>
        <time>2025-06-15T17:00:03.224Z</time>
      </trkpt>
      <trkpt lat="51.032376" lon="13.329413">
        <ele>246.477070</ele>
        <time>2025-06-15T17:00:07.331Z</time>
      </trkpt>
      <trkpt lat="51.032373" lon="13.329681">
        <ele>246.796737</ele>
        <time>2025-06-15T17:00:12.577Z</time>
      </trkpt>
      <trkpt lat="51.032278" lon="13.330263">
        <ele>247.513828</ele>
        <time>2025-06-15T17:00:22.162Z</time>
      </trkpt>
      <trkpt lat="51.032299" lon="13.331066">
        <ele>248.472312</ele>
        <time>2025-06-15T17:00:30.407Z</time>
      </trkpt>
      <trkpt lat="51.032260" lon="13.331263">
        <ele>248.718621</ele>
        <time>2025-06-15T17:00:32.102Z</time>
      </trkpt>
      <trkpt lat="51.032189" lon="13.331354">
        <ele>248.891556</ele>
        <time>2025-06-15T17:00:33.253Z</time>
      </trkpt>
      <trkpt lat="51.031858" lon="13.331563">
        <ele>248.514553</ele>
        <time>2025-06-15T17:00:37.435Z</time>
      </trkpt>
      <trkpt lat="51.030831" lon="13.332175">
        <ele>244.890045</ele>
        <time>2025-06-15T17:00:49.384Z</time>
      </trkpt>
      <trkpt lat="51.030454" lon="13.332175">
        <ele>243.644148</ele>
        <time>2025-06-15T17:00:53.727Z</time>
      </trkpt>
      <trkpt lat="51.029862" lon="13.332602">
        <ele>243.596198</ele>
        <time>2025-06-15T17:01:02.401Z</time>
      </trkpt>
      <trkpt lat="51.029453" lon="13.332861">
        <ele>243.894194</ele>
        <time>2025-06-15T17:01:11.516Z</time>
      </trkpt>
      <trkpt lat="51.029242" lon="13.332853">
        <ele>244.037058</ele>
        <time>2025-06-15T17:01:16.858Z</time>
      </trkpt>
      <trkpt lat="51.029047" lon="13.332683">
        <ele>244.187590</ele>
        <time>2025-06-15T17:01:22.191Z</time>
      </trkpt>
      <trkpt lat="51.028885" lon="13.332592">
        <ele>244.303888</ele>
        <time>2025-06-15T17:01:25.794Z</time>
      </trkpt>
      <trkpt lat="51.028679" lon="13.332553">
        <ele>244.444312</ele>
        <time>2025-06-15T17:01:29.691Z</time>
      </trkpt>
      <trkpt lat="51.028327" lon="13.332747">
        <ele>243.507238</ele>
        <time>2025-06-15T17:01:35.397Z</time>
      </trkpt>
      <trkpt lat="51.028098" lon="13.332609">
        <ele>242.851146</ele>
        <time>2025-06-15T17:01:40.369Z</time>
      </trkpt>
      <trkpt lat="51.027738" lon="13.332311">
        <ele>241.763802</ele>
        <time>2025-06-15T17:01:47.972Z</time>
      </trkpt>
      <trkpt lat="51.027593" lon="13.332312">
        <ele>241.375334</ele>
        <time>2025-06-15T17:01:50.564Z</time>
      </trkpt>
      <trkpt lat="51.027177" lon="13.332210">
        <ele>240.247669</ele>
        <time>2025-06-15T17:01:57.662Z</time>
      </trkpt>
      <trkpt lat="51.026793" lon="13.332202">
        <ele>239.321153</ele>
        <time>2025-06-15T17:02:04.150Z</time>
      </trkpt>
      <trkpt lat="51.026352" lon="13.331758">
        <ele>238.264169</ele>
        <time>2025-06-15T17:02:13.732Z</time>
      </trkpt>
      <trkpt lat="51.026109" lon="13.331590">
        <ele>237.727601</ele>
        <time>2025-06-15T17:02:18.977Z</time>
      </trkpt>
      <trkpt lat="51.025739" lon="13.331756">
        <ele>236.949115</ele>
        <time>2025-06-15T17:02:27.040Z</time>
      </trkpt>
      <trkpt lat="51.025406" lon="13.332192">
        <ele>236.075589</ele>
        <time>2025-06-15T17:02:36.608Z</time>
      </trkpt>
      <trkpt lat="51.025120" lon="13.332472">
        <ele>236.306666</ele>
        <time>2025-06-15T17:02:44.506Z</time>
      </trkpt>
      <trkpt lat="51.024614" lon="13.332768">
        <ele>236.872024</ele>
        <time>2025-06-15T17:02:57.512Z</time>
      </trkpt>
      <trkpt lat="51.024250" lon="13.333312">
        <ele>237.395870</ele>
        <time>2025-06-15T17:03:10.024Z</time>
      </trkpt>
      <trkpt lat="51.024158" lon="13.333455">
        <ele>237.530784</ele>
        <time>2025-06-15T17:03:13.416Z</time>
      </trkpt>
      <trkpt lat="51.023975" lon="13.333636">
        <ele>237.756778</ele>
        <time>2025-06-15T17:03:19.325Z</time>
      </trkpt>
      <trkpt lat="51.023835" lon="13.334012">
        <ele>238.253464</ele>
        <time>2025-06-15T17:03:27.358Z</time>
      </trkpt>
      <trkpt lat="51.023441" lon="13.335595">
        <ele>240.811314</ele>
        <time>2025-06-15T17:04:00.902Z</time>
      </trkpt>
      <trkpt lat="51.023117" lon="13.336346">
        <ele>242.179221</ele>
        <time>2025-06-15T17:04:17.503Z</time>
      </trkpt>
      <trkpt lat="51.022835" lon="13.337361">
        <ele>243.409808</ele>
        <time>2025-06-15T17:04:34.838Z</time>
      </trkpt>
      <trkpt lat="51.022531" lon="13.338725">
        <ele>245.014690</ele>
        <time>2025-06-15T17:05:01.766Z</time>
      </trkpt>
      <trkpt lat="51.022461" lon="13.339461">
        <ele>245.158969</ele>
        <time>2025-06-15T17:05:14.531Z</time>
      </trkpt>
      <trkpt lat="51.022377" lon="13.339757">
        <ele>245.019189</ele>
        <time>2025-06-15T17:05:19.456Z</time>
      </trkpt>
      <trkpt lat="51.022344" lon="13.339916">
        <ele>244.947117</ele>
        <time>2025-06-15T17:05:21.699Z</time>
      </trkpt>
      <trkpt lat="51.022244" lon="13.339956">
        <ele>244.876552</ele>
        <time>2025-06-15T17:05:23.867Z</time>
      </trkpt>
      <trkpt lat="51.022073" lon="13.339945">
        <ele>244.759437</ele>
        <time>2025-06-15T17:05:26.032Z</time>
      </trkpt>
      <trkpt lat="51.021802" lon="13.339847">
        <ele>244.569248</ele>
        <time>2025-06-15T17:05:29.354Z</time>
      </trkpt>
      <trkpt lat="51.021732" lon="13.339813">
        <ele>244.519159</ele>
        <time>2025-06-15T17:05:30.220Z</time>
      </trkpt>
      <trkpt lat="51.021274" lon="13.339588">
        <ele>244.191115</ele>
        <time>2025-06-15T17:05:35.245Z</time>
      </trkpt>
      <trkpt lat="51.021220" lon="13.339540">
        <ele>244.148777</ele>
        <time>2025-06-15T17:05:36.066Z</time>
      </trkpt>
      <trkpt lat="51.021013" lon="13.339690">
        <ele>244.056158</ele>
        <time>2025-06-15T17:05:39.343Z</time>
      </trkpt>
      <trkpt lat="51.020801" lon="13.339949">
        <ele>243.965126</ele>
        <time>2025-06-15T17:05:43.324Z</time>
      </trkpt>
      <trkpt lat="51.020615" lon="13.340275">
        <ele>243.870865</ele>
        <time>2025-06-15T17:05:46.618Z</time>
      </trkpt>
      <trkpt lat="51.020417" lon="13.340920">
        <ele>243.717153</ele>
        <time>2025-06-15T17:05:53.471Z</time>
      </trkpt>
      <trkpt lat="51.020096" lon="13.341671">
        <ele>243.522692</ele>
        <time>2025-06-15T17:06:02.938Z</time>
      </trkpt>
      <trkpt lat="51.019852" lon="13.341888">
        <ele>243.835792</ele>
        <time>2025-06-15T17:06:07.580Z</time>
      </trkpt>
      <trkpt lat="51.019838" lon="13.341903">
        <ele>243.859861</ele>
        <time>2025-06-15T17:06:07.995Z</time>
      </trkpt>
      <trkpt lat="51.019785" lon="13.342035">
        <ele>244.000302</ele>
        <time>2025-06-15T17:06:10.413Z</time>
      </trkpt>
      <trkpt lat="51.019596" lon="13.342583">
        <ele>244.560783</ele>
        <time>2025-06-15T17:06:16.396Z</time>
      </trkpt>
      <trkpt lat="51.019522" lon="13.342596">
        <ele>244.666925</ele>
        <time>2025-06-15T17:06:17.510Z</time>
      </trkpt>
      <trkpt lat="51.019382" lon="13.342554">
        <ele>244.870043</ele>
        <time>2025-06-15T17:06:19.576Z</time>
      </trkpt>
      <trkpt lat="51.019310" lon="13.343171">
        <ele>245.432829</ele>
        <time>2025-06-15T17:06:25.335Z</time>
      </trkpt>
      <trkpt lat="51.019264" lon="13.343922">
        <ele>246.263322</ele>
        <time>2025-06-15T17:06:34.816Z</time>
      </trkpt>
      <trkpt lat="51.019185" lon="13.343922">
        <ele>246.819561</ele>
        <time>2025-06-15T17:06:36.682Z</time>
      </trkpt>
      <trkpt lat="51.019158" lon="13.344043">
        <ele>247.388214</ele>
        <time>2025-06-15T17:06:39.493Z</time>
      </trkpt>
      <trkpt lat="51.018961" lon="13.344125">
        <ele>248.822053</ele>
        <time>2025-06-15T17:06:46.807Z</time>
      </trkpt>
      <trkpt lat="51.018834" lon="13.344226">
        <ele>249.821918</ele>
        <time>2025-06-15T17:06:52.272Z</time>
      </trkpt>
      <trkpt lat="51.017559" lon="13.345339">
        <ele>260.428149</ele>
        <time>2025-06-15T17:08:01.726Z</time>
      </trkpt>
      <trkpt lat="51.017376" lon="13.345656">
        <ele>262.856450</ele>
        <time>2025-06-15T17:08:16.359Z</time>
      </trkpt>
      <trkpt lat="51.017145" lon="13.346824">
        <ele>269.766753</ele>
        <time>2025-06-15T17:08:56.988Z</time>
      </trkpt>
      <trkpt lat="51.017008" lon="13.347992">
        <ele>275.314349</ele>
        <time>2025-06-15T17:09:32.205Z</time>
      </trkpt>
      <trkpt lat="51.016715" lon="13.347807">
        <ele>276.096403</ele>
        <time>2025-06-15T17:09:44.609Z</time>
      </trkpt>
      <trkpt lat="51.016178" lon="13.347242">
        <ele>277.693854</ele>
        <time>2025-06-15T17:10:04.980Z</time>
      </trkpt>
      <trkpt lat="51.016023" lon="13.347188">
        <ele>278.087474</ele>
        <time>2025-06-15T17:10:09.152Z</time>
      </trkpt>
      <trkpt lat="51.014746" lon="13.347565">
        <ele>275.361487</ele>
        <time>2025-06-15T17:10:33.655Z</time>
      </trkpt>
      <trkpt lat="51.014687" lon="13.347651">
        <ele>274.962314</ele>
        <time>2025-06-15T17:10:34.965Z</time>
      </trkpt>
      <trkpt lat="51.014522" lon="13.347879">
        <ele>273.872120</ele>
        <time>2025-06-15T17:10:38.538Z</time>
      </trkpt>
      <trkpt lat="51.014189" lon="13.348450">
        <ele>271.429603</ele>
        <time>2025-06-15T17:10:46.456Z</time>
      </trkpt>
      <trkpt lat="51.014044" lon="13.348803">
        <ele>270.214438</ele>
        <time>2025-06-15T17:10:50.716Z</time>
      </trkpt>
      <trkpt lat="51.013879" lon="13.349032">
        <ele>269.577515</ele>
        <time>2025-06-15T17:10:54.312Z</time>
      </trkpt>
      <trkpt lat="51.013277" lon="13.349306">
        <ele>267.756728</ele>
        <time>2025-06-15T17:11:05.367Z</time>
      </trkpt>
      <trkpt lat="51.013137" lon="13.349463">
        <ele>267.258530</ele>
        <time>2025-06-15T17:11:08.705Z</time>
      </trkpt>
      <trkpt lat="51.012881" lon="13.349919">
        <ele>266.140514</ele>
        <time>2025-06-15T17:11:17.030Z</time>
      </trkpt>
      <trkpt lat="51.012352" lon="13.350325">
        <ele>264.860331</ele>
        <time>2025-06-15T17:11:31.498Z</time>
      </trkpt>
      <trkpt lat="51.012072" lon="13.350598">
        <ele>264.487170</ele>
        <time>2025-06-15T17:11:39.525Z</time>
      </trkpt>
      <trkpt lat="51.011597" lon="13.350927">
        <ele>263.898555</ele>
        <time>2025-06-15T17:11:50.395Z</time>
      </trkpt>
      <trkpt lat="51.011325" lon="13.351330">
        <ele>263.476128</ele>
        <time>2025-06-15T17:11:57.491Z</time>
      </trkpt>
      <trkpt lat="51.010673" lon="13.352539">
        <ele>262.331464</ele>
        <time>2025-06-15T17:12:16.055Z</time>
      </trkpt>
      <trkpt lat="51.010424" lon="13.352975">
        <ele>261.906943</ele>
        <time>2025-06-15T17:12:23.200Z</time>
      </trkpt>
      <trkpt lat="51.010000" lon="13.353550">
        <ele>261.268266</ele>
        <time>2025-06-15T17:12:34.956Z</time>
      </trkpt>
      <trkpt lat="51.009658" lon="13.353820">
        <ele>262.220008</ele>
        <time>2025-06-15T17:12:45.631Z</time>
      </trkpt>
      <trkpt lat="51.009631" lon="13.353834">
        <ele>262.413846</ele>
        <time>2025-06-15T17:12:46.407Z</time>
      </trkpt>
      <trkpt lat="51.009613" lon="13.353835">
        <ele>262.536773</ele>
        <time>2025-06-15T17:12:46.916Z</time>
      </trkpt>
      <trkpt lat="51.009559" lon="13.353851">
        <ele>262.911681</ele>
        <time>2025-06-15T17:12:48.431Z</time>
      </trkpt>
      <trkpt lat="51.009501" lon="13.353863">
        <ele>263.310880</ele>
        <time>2025-06-15T17:12:50.104Z</time>
      </trkpt>
      <trkpt lat="51.009363" lon="13.353822">
        <ele>264.269065</ele>
        <time>2025-06-15T17:12:53.796Z</time>
      </trkpt>
      <trkpt lat="51.008904" lon="13.354010">
        <ele>267.504166</ele>
        <time>2025-06-15T17:13:09.338Z</time>
      </trkpt>
      <trkpt lat="51.008349" lon="13.355914">
        <ele>277.092927</ele>
        <time>2025-06-15T17:14:06.747Z</time>
      </trkpt>
      <trkpt lat="51.007994" lon="13.356927">
        <ele>282.968379</ele>
        <time>2025-06-15T17:14:36.022Z</time>
      </trkpt>
      <trkpt lat="51.007948" lon="13.357020">
        <ele>283.567797</ele>
        <time>2025-06-15T17:14:38.734Z</time>
      </trkpt>
      <trkpt lat="51.007706" lon="13.356802">
        <ele>285.807959</ele>
        <time>2025-06-15T17:14:48.045Z</time>
      </trkpt>
      <trkpt lat="51.007380" lon="13.356521">
        <ele>288.076368</ele>
        <time>2025-06-15T17:14:58.798Z</time>
      </trkpt>
      <trkpt lat="51.007177" lon="13.356481">
        <ele>288.544545</ele>
        <time>2025-06-15T17:15:05.065Z</time>
      </trkpt>
      <trkpt lat="51.007167" lon="13.356480">
        <ele>288.567478</ele>
        <time>2025-06-15T17:15:05.374Z</time>
      </trkpt>
      <trkpt lat="51.007004" lon="13.356499">
        <ele>288.941549</ele>
        <time>2025-06-15T17:15:10.038Z</time>
      </trkpt>
      <trkpt lat="51.006962" lon="13.356671">
        <ele>289.207254</ele>
        <time>2025-06-15T17:15:13.108Z</time>
      </trkpt>
      <trkpt lat="51.006963" lon="13.356738">
        <ele>289.303771</ele>
        <time>2025-06-15T17:15:14.207Z</time>
      </trkpt>
      <trkpt lat="51.006980" lon="13.357051">
        <ele>289.756215</ele>
        <time>2025-06-15T17:15:19.010Z</time>
      </trkpt>
      <trkpt lat="51.006973" lon="13.357097">
        <ele>289.824372</ele>
        <time>2025-06-15T17:15:19.559Z</time>
      </trkpt>
      <trkpt lat="51.006919" lon="13.357317">
        <ele>290.164458</ele>
        <time>2025-06-15T17:15:22.315Z</time>
      </trkpt>
      <trkpt lat="51.006835" lon="13.357606">
        <ele>290.622922</ele>
        <time>2025-06-15T17:15:25.877Z</time>
      </trkpt>
      <trkpt lat="51.006822" lon="13.357653">
        <ele>290.696860</ele>
        <time>2025-06-15T17:15:26.452Z</time>
      </trkpt>
      <trkpt lat="51.006736" lon="13.357896">
        <ele>291.098375</ele>
        <time>2025-06-15T17:15:29.259Z</time>
      </trkpt>
      <trkpt lat="51.006752" lon="13.357989">
        <ele>291.237226</ele>
        <time>2025-06-15T17:15:30.392Z</time>
      </trkpt>
      <trkpt lat="51.006736" lon="13.358563">
        <ele>291.822952</ele>
        <time>2025-06-15T17:15:36.690Z</time>
      </trkpt>
      <trkpt lat="51.006833" lon="13.359084">
        <ele>291.399143</ele>
        <time>2025-06-15T17:15:42.301Z</time>
      </trkpt>
      <trkpt lat="51.006835" lon="13.359744">
        <ele>290.884321</ele>
        <time>2025-06-15T17:15:48.818Z</time>
      </trkpt>
      <trkpt lat="51.006692" lon="13.363329">
        <ele>288.665763</ele>
        <time>2025-06-15T17:16:23.255Z</time>
      </trkpt>
      <trkpt lat="51.006876" lon="13.363684">
        <ele>288.438166</ele>
        <time>2025-06-15T17:16:27.802Z</time>
      </trkpt>
      <trkpt lat="51.006951" lon="13.363904">
        <ele>288.314348</ele>
        <time>2025-06-15T17:16:30.497Z</time>
      </trkpt>
      <trkpt lat="51.006943" lon="13.363987">
        <ele>288.272796</ele>
        <time>2025-06-15T17:16:31.449Z</time>
      </trkpt>
      <trkpt lat="51.006937" lon="13.364062">
        <ele>288.337032</ele>
        <time>2025-06-15T17:16:32.308Z</time>
      </trkpt>
      <trkpt lat="51.006769" lon="13.364573">
        <ele>289.077217</ele>
        <time>2025-06-15T17:16:39.190Z</time>
      </trkpt>
      <trkpt lat="51.006649" lon="13.365151">
        <ele>289.858618</ele>
        <time>2025-06-15T17:16:47.234Z</time>
      </trkpt>
      <trkpt lat="51.006675" lon="13.365578">
        <ele>290.409374</ele>
        <time>2025-06-15T17:16:53.231Z</time>
      </trkpt>
      <trkpt lat="51.006567" lon="13.368039">
        <ele>293.432930</ele>
        <time>2025-06-15T17:17:23.370Z</time>
      </trkpt>
      <trkpt lat="51.006510" lon="13.368556">
        <ele>294.047880</ele>
        <time>2025-06-15T17:17:29.583Z</time>
      </trkpt>
      <trkpt lat="51.006417" lon="13.368949">
        <ele>294.539809</ele>
        <time>2025-06-15T17:17:34.603Z</time>
      </trkpt>
      <trkpt lat="51.006199" lon="13.369809">
        <ele>295.507108</ele>
        <time>2025-06-15T17:17:45.276Z</time>
      </trkpt>
      <trkpt lat="51.006029" lon="13.370237">
        <ele>295.894772</ele>
        <time>2025-06-15T17:17:51.010Z</time>
      </trkpt>
      <trkpt lat="51.005405" lon="13.371698">
        <ele>297.247228</ele>
        <time>2025-06-15T17:18:09.863Z</time>
      </trkpt>
      <trkpt lat="51.005353" lon="13.372129">
        <ele>297.418436</ele>
        <time>2025-06-15T17:18:14.044Z</time>
      </trkpt>
      <trkpt lat="51.005347" lon="13.372793">
        <ele>297.174828</ele>
        <time>2025-06-15T17:18:20.263Z</time>
      </trkpt>
      <trkpt lat="51.005289" lon="13.373253">
        <ele>297.002727</ele>
        <time>2025-06-15T17:18:24.360Z</time>
      </trkpt>
      <trkpt lat="51.005066" lon="13.374144">
        <ele>296.650965</ele>
        <time>2025-06-15T17:18:31.791Z</time>
      </trkpt>
      <trkpt lat="51.004985" lon="13.374724">
        <ele>296.433018</ele>
        <time>2025-06-15T17:18:35.929Z</time>
      </trkpt>
      <trkpt lat="51.004671" lon="13.375613">
        <ele>295.181069</ele>
        <time>2025-06-15T17:18:42.609Z</time>
      </trkpt>
      <trkpt lat="51.004549" lon="13.376076">
        <ele>294.553075</ele>
        <time>2025-06-15T17:18:45.849Z</time>
      </trkpt>
      <trkpt lat="51.004508" lon="13.376287">
        <ele>294.276793</ele>
        <time>2025-06-15T17:18:47.286Z</time>
      </trkpt>
      <trkpt lat="51.004363" lon="13.377013">
        <ele>293.323838</ele>
        <time>2025-06-15T17:18:52.738Z</time>
      </trkpt>
      <trkpt lat="51.004356" lon="13.377133">
        <ele>293.173062</ele>
        <time>2025-06-15T17:18:53.662Z</time>
      </trkpt>
      <trkpt lat="51.004434" lon="13.377551">
        <ele>293.174083</ele>
        <time>2025-06-15T17:18:57.262Z</time>
      </trkpt>
      <trkpt lat="51.004622" lon="13.377954">
        <ele>294.108452</ele>
        <time>2025-06-15T17:19:02.629Z</time>
      </trkpt>
      <trkpt lat="51.004675" lon="13.378154">
        <ele>294.512642</ele>
        <time>2025-06-15T17:19:05.422Z</time>
      </trkpt>
      <trkpt lat="51.004748" lon="13.378670">
        <ele>295.497695</ele>
        <time>2025-06-15T17:19:13.397Z</time>
      </trkpt>
      <trkpt lat="51.004777" lon="13.379387">
        <ele>296.835879</ele>
        <time>2025-06-15T17:19:25.967Z</time>
      </trkpt>
      <trkpt lat="51.004631" lon="13.380423">
        <ele>298.894646</ele>
        <time>2025-06-15T17:19:45.229Z</time>
      </trkpt>
      <trkpt lat="51.004517" lon="13.381118">
        <ele>300.401876</ele>
        <time>2025-06-15T17:19:57.356Z</time>
      </trkpt>
      <trkpt lat="51.004446" lon="13.381418">
        <ele>301.074497</ele>
        <time>2025-06-15T17:20:02.497Z</time>
      </trkpt>
      <trkpt lat="51.004415" lon="13.381517">
        <ele>301.306556</ele>
        <time>2025-06-15T17:20:04.205Z</time>
      </trkpt>
      <trkpt lat="51.004031" lon="13.382283">
        <ele>303.361808</ele>
        <time>2025-06-15T17:20:17.736Z</time>
      </trkpt>
      <trkpt lat="51.003796" lon="13.382740">
        <ele>304.233384</ele>
        <time>2025-06-15T17:20:24.660Z</time>
      </trkpt>
      <trkpt lat="51.003570" lon="13.383124">
        <ele>304.397318</ele>
        <time>2025-06-15T17:20:30.563Z</time>
      </trkpt>
      <trkpt lat="51.003443" lon="13.383228">
        <ele>304.468109</ele>
        <time>2025-06-15T17:20:33.008Z</time>
      </trkpt>
      <trkpt lat="51.003411" lon="13.383277">
        <ele>304.490127</ele>
        <time>2025-06-15T17:20:33.896Z</time>
      </trkpt>
      <trkpt lat="51.003373" lon="13.383318">
        <ele>304.512885</ele>
        <time>2025-06-15T17:20:34.833Z</time>
      </trkpt>
      <trkpt lat="51.003059" lon="13.383628">
        <ele>304.696048</ele>
        <time>2025-06-15T17:20:41.964Z</time>
      </trkpt>
      <trkpt lat="51.002808" lon="13.383871">
        <ele>304.841677</ele>
        <time>2025-06-15T17:20:47.045Z</time>
      </trkpt>
      <trkpt lat="51.002699" lon="13.383990">
        <ele>304.907203</ele>
        <time>2025-06-15T17:20:49.248Z</time>
      </trkpt>
      <trkpt lat="51.002034" lon="13.385055">
        <ele>304.893415</ele>
        <time>2025-06-15T17:21:01.355Z</time>
      </trkpt>
      <trkpt lat="51.001890" lon="13.385281">
        <ele>304.840114</ele>
        <time>2025-06-15T17:21:03.979Z</time>
      </trkpt>
      <trkpt lat="51.001759" lon="13.385481">
        <ele>304.792272</ele>
        <time>2025-06-15T17:21:06.346Z</time>
      </trkpt>
      <trkpt lat="51.001536" lon="13.386056">
        <ele>304.680335</ele>
        <time>2025-06-15T17:21:12.088Z</time>
      </trkpt>
      <trkpt lat="51.001503" lon="13.386164">
        <ele>304.660438</ele>
        <time>2025-06-15T17:21:13.454Z</time>
      </trkpt>
      <trkpt lat="51.001290" lon="13.386857">
        <ele>304.781754</ele>
        <time>2025-06-15T17:21:22.564Z</time>
      </trkpt>
      <trkpt lat="51.001134" lon="13.387735">
        <ele>305.324929</ele>
        <time>2025-06-15T17:21:34.061Z</time>
      </trkpt>
      <trkpt lat="51.000836" lon="13.389003">
        <ele>306.130794</ele>
        <time>2025-06-15T17:21:51.794Z</time>
      </trkpt>
      <trkpt lat="51.000099" lon="13.389904">
        <ele>308.077690</ele>
        <time>2025-06-15T17:22:12.724Z</time>
      </trkpt>
      <trkpt lat="51.000184" lon="13.390071">
        <ele>308.394583</ele>
        <time>2025-06-15T17:22:15.952Z</time>
      </trkpt>
      <trkpt lat="51.000084" lon="13.390228">
        <ele>308.724160</ele>
        <time>2025-06-15T17:22:19.378Z</time>
      </trkpt>
      <trkpt lat="50.999906" lon="13.390451">
        <ele>309.255575</ele>
        <time>2025-06-15T17:22:24.283Z</time>
      </trkpt>
      <trkpt lat="50.999254" lon="13.391413">
        <ele>311.693925</ele>
        <time>2025-06-15T17:22:45.386Z</time>
      </trkpt>
      <trkpt lat="50.999012" lon="13.391801">
        <ele>312.839614</ele>
        <time>2025-06-15T17:22:54.058Z</time>
      </trkpt>
      <trkpt lat="50.998885" lon="13.392020">
        <ele>313.464190</ele>
        <time>2025-06-15T17:22:58.736Z</time>
      </trkpt>
      <trkpt lat="50.998788" lon="13.392251">
        <ele>314.046612</ele>
        <time>2025-06-15T17:23:04.532Z</time>
      </trkpt>
      <trkpt lat="50.998631" lon="13.392515">
        <ele>314.808403</ele>
        <time>2025-06-15T17:23:12.034Z</time>
      </trkpt>
      <trkpt lat="50.998552" lon="13.393330">
        <ele>316.526403</ele>
        <time>2025-06-15T17:23:28.690Z</time>
      </trkpt>
      <trkpt lat="50.998515" lon="13.393520">
        <ele>316.818917</ele>
        <time>2025-06-15T17:23:32.508Z</time>
      </trkpt>
      <trkpt lat="50.998520" lon="13.393771">
        <ele>317.188260</ele>
        <time>2025-06-15T17:23:37.282Z</time>
      </trkpt>
      <trkpt lat="50.998572" lon="13.393946">
        <ele>317.472887</ele>
        <time>2025-06-15T17:23:40.909Z</time>
      </trkpt>
      <trkpt lat="50.998511" lon="13.396335">
        <ele>320.938472</ele>
        <time>2025-06-15T17:24:23.992Z</time>
      </trkpt>
      <trkpt lat="50.998414" lon="13.396370">
        <ele>321.129618</ele>
        <time>2025-06-15T17:24:26.770Z</time>
      </trkpt>
      <trkpt lat="50.998425" lon="13.396873">
        <ele>321.738300</ele>
        <time>2025-06-15T17:24:35.634Z</time>
      </trkpt>
      <trkpt lat="50.998404" lon="13.397140">
        <ele>322.063715</ele>
        <time>2025-06-15T17:24:40.367Z</time>
      </trkpt>
      <trkpt lat="50.998348" lon="13.397445">
        <ele>322.447951</ele>
        <time>2025-06-15T17:24:45.955Z</time>
      </trkpt>
      <trkpt lat="50.998174" lon="13.397945">
        <ele>323.138929</ele>
        <time>2025-06-15T17:24:56.048Z</time>
      </trkpt>
      <trkpt lat="50.997936" lon="13.398527">
        <ele>323.978329</ele>
        <time>2025-06-15T17:25:08.241Z</time>
      </trkpt>
      <trkpt lat="50.997795" lon="13.398757">
        <ele>324.330042</ele>
        <time>2025-06-15T17:25:13.841Z</time>
      </trkpt>
      <trkpt lat="50.997711" lon="13.399309">
        <ele>324.895676</ele>
        <time>2025-06-15T17:25:23.718Z</time>
      </trkpt>
      <trkpt lat="50.997689" lon="13.399756">
        <ele>325.342246</ele>
        <time>2025-06-15T17:25:31.479Z</time>
      </trkpt>
      <trkpt lat="50.997708" lon="13.401925">
        <ele>327.391779</ele>
        <time>2025-06-15T17:26:07.898Z</time>
      </trkpt>
      <trkpt lat="50.997687" lon="13.402355">
        <ele>327.725424</ele>
        <time>2025-06-15T17:26:14.825Z</time>
      </trkpt>
      <trkpt lat="50.997627" lon="13.402773">
        <ele>328.057089</ele>
        <time>2025-06-15T17:26:21.636Z</time>
      </trkpt>
      <trkpt lat="50.997566" lon="13.403095">
        <ele>328.317227</ele>
        <time>2025-06-15T17:26:26.950Z</time>
      </trkpt>
      <trkpt lat="50.997465" lon="13.403363">
        <ele>328.558879</ele>
        <time>2025-06-15T17:26:31.904Z</time>
      </trkpt>
      <trkpt lat="50.997437" lon="13.403533">
        <ele>328.694819</ele>
        <time>2025-06-15T17:26:34.692Z</time>
      </trkpt>
      <trkpt lat="50.997520" lon="13.403543">
        <ele>328.797135</ele>
        <time>2025-06-15T17:26:36.788Z</time>
      </trkpt>
      <trkpt lat="50.997377" lon="13.404310">
        <ele>329.590793</ele>
        <time>2025-06-15T17:26:49.545Z</time>
      </trkpt>
      <trkpt lat="50.996992" lon="13.405863">
        <ele>332.014152</ele>
        <time>2025-06-15T17:27:19.932Z</time>
      </trkpt>
      <trkpt lat="50.996847" lon="13.406229">
        <ele>332.642052</ele>
        <time>2025-06-15T17:27:28.677Z</time>
      </trkpt>
      <trkpt lat="50.996803" lon="13.406476">
        <ele>333.014752</ele>
        <time>2025-06-15T17:27:33.865Z</time>
      </trkpt>
      <trkpt lat="50.996809" lon="13.406888">
        <ele>333.562873</ele>
        <time>2025-06-15T17:27:42.196Z</time>
      </trkpt>
      <trkpt lat="50.996838" lon="13.407094">
        <ele>333.807108</ele>
        <time>2025-06-15T17:27:46.272Z</time>
      </trkpt>
      <trkpt lat="50.997029" lon="13.407715">
        <ele>334.606822</ele>
        <time>2025-06-15T17:27:59.274Z</time>
      </trkpt>
      <trkpt lat="50.997038" lon="13.407744">
        <ele>334.644233</ele>
        <time>2025-06-15T17:27:59.793Z</time>
      </trkpt>
      <trkpt lat="50.997272" lon="13.408408">
        <ele>335.524727</ele>
        <time>2025-06-15T17:28:10.762Z</time>
      </trkpt>
      <trkpt lat="50.997455" lon="13.408376">
        <ele>335.863183</ele>
        <time>2025-06-15T17:28:13.614Z</time>
      </trkpt>
      <trkpt lat="50.997480" lon="13.408508">
        <ele>336.022673</ele>
        <time>2025-06-15T17:28:15.003Z</time>
      </trkpt>
      <trkpt lat="50.997918" lon="13.409512">
        <ele>337.252297</ele>
        <time>2025-06-15T17:28:27.544Z</time>
      </trkpt>
      <trkpt lat="50.998096" lon="13.409864">
        <ele>337.648996</ele>
        <time>2025-06-15T17:28:32.203Z</time>
      </trkpt>
      <trkpt lat="50.998097" lon="13.409965">
        <ele>337.737738</ele>
        <time>2025-06-15T17:28:33.378Z</time>
      </trkpt>
      <trkpt lat="50.998018" lon="13.410200">
        <ele>337.971799</ele>
        <time>2025-06-15T17:28:36.574Z</time>
      </trkpt>
      <trkpt lat="50.998015" lon="13.410283">
        <ele>338.044837</ele>
        <time>2025-06-15T17:28:37.616Z</time>
      </trkpt>
      <trkpt lat="50.998091" lon="13.410507">
        <ele>338.268402</ele>
        <time>2025-06-15T17:28:40.650Z</time>
      </trkpt>
      <trkpt lat="50.998144" lon="13.410759">
        <ele>338.501826</ele>
        <time>2025-06-15T17:28:43.937Z</time>
      </trkpt>
      <trkpt lat="50.998199" lon="13.411128">
        <ele>338.834968</ele>
        <time>2025-06-15T17:28:48.892Z</time>
      </trkpt>
      <trkpt lat="50.998214" lon="13.411344">
        <ele>339.025881</ele>
        <time>2025-06-15T17:28:51.792Z</time>
      </trkpt>
      <trkpt lat="50.998180" lon="13.411663">
        <ele>339.388920</ele>
        <time>2025-06-15T17:28:56.172Z</time>
      </trkpt>
      <trkpt lat="50.998119" lon="13.411964">
        <ele>339.839258</ele>
        <time>2025-06-15T17:29:00.277Z</time>
      </trkpt>
      <trkpt lat="50.998182" lon="13.412165">
        <ele>340.159042</ele>
        <time>2025-06-15T17:29:03.054Z</time>
      </trkpt>
      <trkpt lat="50.998109" lon="13.412388">
        <ele>340.517015</ele>
        <time>2025-06-15T17:29:06.152Z</time>
      </trkpt>
      <trkpt lat="50.998053" lon="13.412725">
        <ele>341.013393</ele>
        <time>2025-06-15T17:29:10.664Z</time>
      </trkpt>
      <trkpt lat="50.998046" lon="13.412777">
        <ele>341.089123</ele>
        <time>2025-06-15T17:29:11.361Z</time>
      </trkpt>
      <trkpt lat="50.997963" lon="13.413885">
        <ele>342.678196</ele>
        <time>2025-06-15T17:29:32.409Z</time>
      </trkpt>
      <trkpt lat="50.997900" lon="13.414356">
        <ele>343.349503</ele>
        <time>2025-06-15T17:29:41.400Z</time>
      </trkpt>
      <trkpt lat="50.997886" lon="13.414458">
        <ele>343.478769</ele>
        <time>2025-06-15T17:29:43.313Z</time>
      </trkpt>
      <trkpt lat="50.997881" lon="13.414713">
        <ele>343.794665</ele>
        <time>2025-06-15T17:29:47.929Z</time>
      </trkpt>
      <trkpt lat="50.997850" lon="13.414853">
        <ele>343.978431</ele>
        <time>2025-06-15T17:29:50.567Z</time>
      </trkpt>
      <trkpt lat="50.997670" lon="13.415315">
        <ele>344.651231</ele>
        <time>2025-06-15T17:30:00.074Z</time>
      </trkpt>
      <trkpt lat="50.997346" lon="13.415916">
        <ele>345.631095</ele>
        <time>2025-06-15T17:30:13.989Z</time>
      </trkpt>
      <trkpt lat="50.997115" lon="13.416434">
        <ele>346.417191</ele>
        <time>2025-06-15T17:30:25.338Z</time>
      </trkpt>
      <trkpt lat="50.997042" lon="13.416633">
        <ele>346.702400</ele>
        <time>2025-06-15T17:30:29.393Z</time>
      </trkpt>
      <trkpt lat="50.997010" lon="13.416896">
        <ele>346.983996</ele>
        <time>2025-06-15T17:30:33.974Z</time>
      </trkpt>
      <trkpt lat="50.996943" lon="13.417809">
        <ele>347.886612</ele>
        <time>2025-06-15T17:30:49.323Z</time>
      </trkpt>
      <trkpt lat="50.996944" lon="13.418037">
        <ele>348.110508</ele>
        <time>2025-06-15T17:30:53.143Z</time>
      </trkpt>
      <trkpt lat="50.996955" lon="13.418066">
        <ele>348.143757</ele>
        <time>2025-06-15T17:30:53.698Z</time>
      </trkpt>
      <trkpt lat="50.997203" lon="13.418677">
        <ele>348.857697</ele>
        <time>2025-06-15T17:31:06.078Z</time>
      </trkpt>
      <trkpt lat="50.997308" lon="13.419197">
        <ele>349.393958</ele>
        <time>2025-06-15T17:31:15.297Z</time>
      </trkpt>
      <trkpt lat="50.997296" lon="13.419545">
        <ele>349.740922</ele>
        <time>2025-06-15T17:31:21.100Z</time>
      </trkpt>
      <trkpt lat="50.997183" lon="13.419908">
        <ele>350.152242</ele>
        <time>2025-06-15T17:31:27.674Z</time>
      </trkpt>
      <trkpt lat="50.997163" lon="13.420129">
        <ele>350.379012</ele>
        <time>2025-06-15T17:31:31.416Z</time>
      </trkpt>
      <trkpt lat="50.997251" lon="13.420867">
        <ele>351.141906</ele>
        <time>2025-06-15T17:31:44.519Z</time>
      </trkpt>
      <trkpt lat="50.997264" lon="13.421514">
        <ele>351.799374</ele>
        <time>2025-06-15T17:31:55.848Z</time>
      </trkpt>
      <trkpt lat="50.997406" lon="13.422067">
        <ele>352.405984</ele>
        <time>2025-06-15T17:32:06.332Z</time>
      </trkpt>
      <trkpt lat="50.997509" lon="13.422254">
        <ele>352.546380</ele>
        <time>2025-06-15T17:32:10.533Z</time>
      </trkpt>
      <trkpt lat="50.997822" lon="13.423054">
        <ele>352.821883</ele>
        <time>2025-06-15T17:32:25.343Z</time>
      </trkpt>
      <trkpt lat="50.997631" lon="13.423145">
        <ele>352.914548</ele>
        <time>2025-06-15T17:32:30.021Z</time>
      </trkpt>
      <trkpt lat="50.997968" lon="13.424638">
        <ele>353.302337</ele>
        <time>2025-06-15T17:32:52.138Z</time>
      </trkpt>
      <trkpt lat="50.998040" lon="13.425288">
        <ele>353.141357</ele>
        <time>2025-06-15T17:33:01.002Z</time>
      </trkpt>
      <trkpt lat="50.998030" lon="13.425878">
        <ele>352.997398</ele>
        <time>2025-06-15T17:33:08.938Z</time>
      </trkpt>
      <trkpt lat="50.997983" lon="13.426229">
        <ele>352.909868</ele>
        <time>2025-06-15T17:33:13.794Z</time>
      </trkpt>
      <trkpt lat="50.997895" lon="13.426672">
        <ele>352.796561</ele>
        <time>2025-06-15T17:33:20.088Z</time>
      </trkpt>
      <trkpt lat="50.997727" lon="13.427331">
        <ele>352.624139</ele>
        <time>2025-06-15T17:33:29.743Z</time>
      </trkpt>
      <trkpt lat="50.997710" lon="13.427415">
        <ele>352.603908</ele>
        <time>2025-06-15T17:33:30.534Z</time>
      </trkpt>
      <trkpt lat="50.996263" lon="13.433584">
        <ele>351.360994</ele>
        <time>2025-06-15T17:34:29.479Z</time>
      </trkpt>
      <trkpt lat="50.996184" lon="13.434104">
        <ele>351.371980</ele>
        <time>2025-06-15T17:34:34.610Z</time>
      </trkpt>
      <trkpt lat="50.996239" lon="13.437589">
        <ele>351.916088</ele>
        <time>2025-06-15T17:35:09.550Z</time>
      </trkpt>
      <trkpt lat="50.995950" lon="13.442637">
        <ele>353.090864</ele>
        <time>2025-06-15T17:36:00.561Z</time>
      </trkpt>
      <trkpt lat="50.995940" lon="13.443170">
        <ele>353.189855</ele>
        <time>2025-06-15T17:36:05.721Z</time>
      </trkpt>
      <trkpt lat="50.995996" lon="13.443786">
        <ele>353.305396</ele>
        <time>2025-06-15T17:36:11.726Z</time>
      </trkpt>
      <trkpt lat="50.996212" lon="13.444527">
        <ele>353.614494</ele>
        <time>2025-06-15T17:36:19.754Z</time>
      </trkpt>
      <trkpt lat="50.996508" lon="13.445107">
        <ele>353.932588</ele>
        <time>2025-06-15T17:36:27.240Z</time>
      </trkpt>
      <trkpt lat="50.996534" lon="13.445160">
        <ele>353.961214</ele>
        <time>2025-06-15T17:36:27.916Z</time>
      </trkpt>
      <trkpt lat="50.996624" lon="13.445342">
        <ele>354.059812</ele>
        <time>2025-06-15T17:36:30.282Z</time>
      </trkpt>
      <trkpt lat="50.995662" lon="13.446802">
        <ele>355.693584</ele>
        <time>2025-06-15T17:36:52.470Z</time>
      </trkpt>
      <trkpt lat="50.994974" lon="13.448265">
        <ele>357.871668</ele>
        <time>2025-06-15T17:37:15.885Z</time>
      </trkpt>
      <trkpt lat="50.994899" lon="13.448382">
        <ele>358.065098</ele>
        <time>2025-06-15T17:37:18.149Z</time>
      </trkpt>
      <trkpt lat="50.994486" lon="13.449022">
        <ele>359.101138</ele>
        <time>2025-06-15T17:37:30.034Z</time>
      </trkpt>
      <trkpt lat="50.994254" lon="13.449452">
        <ele>359.741300</ele>
        <time>2025-06-15T17:37:36.874Z</time>
      </trkpt>
      <trkpt lat="50.994172" lon="13.449701">
        <ele>360.058942</ele>
        <time>2025-06-15T17:37:40.074Z</time>
      </trkpt>
      <trkpt lat="50.994167" lon="13.449984">
        <ele>360.378944</ele>
        <time>2025-06-15T17:37:43.161Z</time>
      </trkpt>
      <trkpt lat="50.994273" lon="13.451166">
        <ele>361.418530</ele>
        <time>2025-06-15T17:37:55.736Z</time>
      </trkpt>
      <trkpt lat="50.994375" lon="13.451539">
        <ele>361.613074</ele>
        <time>2025-06-15T17:37:59.868Z</time>
      </trkpt>
      <trkpt lat="50.994392" lon="13.451692">
        <ele>361.687396</ele>
        <time>2025-06-15T17:38:01.464Z</time>
      </trkpt>
      <trkpt lat="50.994285" lon="13.452952">
        <ele>362.295600</ele>
        <time>2025-06-15T17:38:13.378Z</time>
      </trkpt>
      <trkpt lat="50.994364" lon="13.452985">
        <ele>362.357684</ele>
        <time>2025-06-15T17:38:14.493Z</time>
      </trkpt>
      <trkpt lat="50.994350" lon="13.453050">
        <ele>362.390548</ele>
        <time>2025-06-15T17:38:15.343Z</time>
      </trkpt>
      <trkpt lat="50.994300" lon="13.453272">
        <ele>362.503340</ele>
        <time>2025-06-15T17:38:18.200Z</time>
      </trkpt>
      <trkpt lat="50.994286" lon="13.453334">
        <ele>362.534850</ele>
        <time>2025-06-15T17:38:18.870Z</time>
      </trkpt>
      <trkpt lat="50.994570" lon="13.453493">
        <ele>362.807138</ele>
        <time>2025-06-15T17:38:23.576Z</time>
      </trkpt>
      <trkpt lat="50.994657" lon="13.453545">
        <ele>362.892711</ele>
        <time>2025-06-15T17:38:25.004Z</time>
      </trkpt>
      <trkpt lat="50.994912" lon="13.453697">
        <ele>363.143446</ele>
        <time>2025-06-15T17:38:29.316Z</time>
      </trkpt>
      <trkpt lat="50.994658" lon="13.454799">
        <ele>363.823445</ele>
        <time>2025-06-15T17:38:40.866Z</time>
      </trkpt>
      <trkpt lat="50.994586" lon="13.455113">
        <ele>364.017084</ele>
        <time>2025-06-15T17:38:44.319Z</time>
      </trkpt>
      <trkpt lat="50.994451" lon="13.455379">
        <ele>364.215291</ele>
        <time>2025-06-15T17:38:48.142Z</time>
      </trkpt>
      <trkpt lat="50.993922" lon="13.456196">
        <ele>365.030602</ele>
        <time>2025-06-15T17:39:01.619Z</time>
      </trkpt>
      <trkpt lat="50.993805" lon="13.456383">
        <ele>365.214010</ele>
        <time>2025-06-15T17:39:04.481Z</time>
      </trkpt>
      <trkpt lat="50.993594" lon="13.456631">
        <ele>365.504067</ele>
        <time>2025-06-15T17:39:08.921Z</time>
      </trkpt>
      <trkpt lat="50.993176" lon="13.456943">
        <ele>366.014457</ele>
        <time>2025-06-15T17:39:16.620Z</time>
      </trkpt>
      <trkpt lat="50.992127" lon="13.457419">
        <ele>365.160087</ele>
        <time>2025-06-15T17:39:31.044Z</time>
      </trkpt>
      <trkpt lat="50.991940" lon="13.457510">
        <ele>364.938989</ele>
        <time>2025-06-15T17:39:33.350Z</time>
      </trkpt>
      <trkpt lat="50.991388" lon="13.458110">
        <ele>364.182879</ele>
        <time>2025-06-15T17:39:40.912Z</time>
      </trkpt>
      <trkpt lat="50.991062" lon="13.458397">
        <ele>362.925456</ele>
        <time>2025-06-15T17:39:44.926Z</time>
      </trkpt>
      <trkpt lat="50.990862" lon="13.458526">
        <ele>362.180001</ele>
        <time>2025-06-15T17:39:47.225Z</time>
      </trkpt>
      <trkpt lat="50.990554" lon="13.458801">
        <ele>360.959849</ele>
        <time>2025-06-15T17:39:51.012Z</time>
      </trkpt>
      <trkpt lat="50.990159" lon="13.459215">
        <ele>359.325594</ele>
        <time>2025-06-15T17:39:55.998Z</time>
      </trkpt>
      <trkpt lat="50.989888" lon="13.459587">
        <ele>358.088724</ele>
        <time>2025-06-15T17:39:59.727Z</time>
      </trkpt>
      <trkpt lat="50.989748" lon="13.459892">
        <ele>357.055003</ele>
        <time>2025-06-15T17:40:02.167Z</time>
      </trkpt>
      <trkpt lat="50.989560" lon="13.460616">
        <ele>354.825551</ele>
        <time>2025-06-15T17:40:07.198Z</time>
      </trkpt>
      <trkpt lat="50.989378" lon="13.461915">
        <ele>351.037247</ele>
        <time>2025-06-15T17:40:15.646Z</time>
      </trkpt>
      <trkpt lat="50.989068" lon="13.462942">
        <ele>348.215289</ele>
        <time>2025-06-15T17:40:22.825Z</time>
      </trkpt>
      <trkpt lat="50.988965" lon="13.463231">
        <ele>347.465858</ele>
        <time>2025-06-15T17:40:24.974Z</time>
      </trkpt>
      <trkpt lat="50.988888" lon="13.463572">
        <ele>346.648348</ele>
        <time>2025-06-15T17:40:27.392Z</time>
      </trkpt>
      <trkpt lat="50.988858" lon="13.463984">
        <ele>345.712432</ele>
        <time>2025-06-15T17:40:30.245Z</time>
      </trkpt>
      <trkpt lat="50.988924" lon="13.464387">
        <ele>344.772750</ele>
        <time>2025-06-15T17:40:33.136Z</time>
      </trkpt>
      <trkpt lat="50.989088" lon="13.465254">
        <ele>342.754360</ele>
        <time>2025-06-15T17:40:39.409Z</time>
      </trkpt>
      <trkpt lat="50.989176" lon="13.465678">
        <ele>341.785177</ele>
        <time>2025-06-15T17:40:42.570Z</time>
      </trkpt>
      <trkpt lat="50.988773" lon="13.466824">
        <ele>338.935477</ele>
        <time>2025-06-15T17:40:51.531Z</time>
      </trkpt>
      <trkpt lat="50.988645" lon="13.467285">
        <ele>337.841672</ele>
        <time>2025-06-15T17:40:54.756Z</time>
      </trkpt>
      <trkpt lat="50.988227" lon="13.467936">
        <ele>335.458612</ele>
        <time>2025-06-15T17:41:00.613Z</time>
      </trkpt>
      <trkpt lat="50.988084" lon="13.468305">
        <ele>334.263836</ele>
        <time>2025-06-15T17:41:03.367Z</time>
      </trkpt>
      <trkpt lat="50.987929" lon="13.468873">
        <ele>332.556882</ele>
        <time>2025-06-15T17:41:07.338Z</time>
      </trkpt>
      <trkpt lat="50.987726" lon="13.470815">
        <ele>327.199210</ele>
        <time>2025-06-15T17:41:20.142Z</time>
      </trkpt>
      <trkpt lat="50.987676" lon="13.471735">
        <ele>324.735745</ele>
        <time>2025-06-15T17:41:26.142Z</time>
      </trkpt>
      <trkpt lat="50.987520" lon="13.472784">
        <ele>321.860231</ele>
        <time>2025-06-15T17:41:33.091Z</time>
      </trkpt>
      <trkpt lat="50.987509" lon="13.473209">
        <ele>320.748442</ele>
        <time>2025-06-15T17:41:35.805Z</time>
      </trkpt>
      <trkpt lat="50.987524" lon="13.473361">
        <ele>320.347964</ele>
        <time>2025-06-15T17:41:36.782Z</time>
      </trkpt>
      <trkpt lat="50.987463" lon="13.473422">
        <ele>320.049915</ele>
        <time>2025-06-15T17:41:37.480Z</time>
      </trkpt>
      <trkpt lat="50.987450" lon="13.473431">
        <ele>319.991277</ele>
        <time>2025-06-15T17:41:37.615Z</time>
      </trkpt>
      <trkpt lat="50.987158" lon="13.473591">
        <ele>318.714050</ele>
        <time>2025-06-15T17:41:40.580Z</time>
      </trkpt>
      <trkpt lat="50.986321" lon="13.473850">
        <ele>315.188008</ele>
        <time>2025-06-15T17:41:48.878Z</time>
      </trkpt>
      <trkpt lat="50.986046" lon="13.473973">
        <ele>314.229300</ele>
        <time>2025-06-15T17:41:51.740Z</time>
      </trkpt>
      <trkpt lat="50.985952" lon="13.473970">
        <ele>314.222419</ele>
        <time>2025-06-15T17:41:52.704Z</time>
      </trkpt>
      <trkpt lat="50.985858" lon="13.473947">
        <ele>314.215458</ele>
        <time>2025-06-15T17:41:53.707Z</time>
      </trkpt>
      <trkpt lat="50.985661" lon="13.473793">
        <ele>314.199387</ele>
        <time>2025-06-15T17:41:56.138Z</time>
      </trkpt>
      <trkpt lat="50.985460" lon="13.473494">
        <ele>314.179232</ele>
        <time>2025-06-15T17:41:59.464Z</time>
      </trkpt>
      <trkpt lat="50.985303" lon="13.473202">
        <ele>314.161538</ele>
        <time>2025-06-15T17:42:03.157Z</time>
      </trkpt>
      <trkpt lat="50.985272" lon="13.473150">
        <ele>314.158238</ele>
        <time>2025-06-15T17:42:03.912Z</time>
      </trkpt>
      <trkpt lat="50.985136" lon="13.473469">
        <ele>314.140486</ele>
        <time>2025-06-15T17:42:10.433Z</time>
      </trkpt>
      <trkpt lat="50.985093" lon="13.473567">
        <ele>314.134982</ele>
        <time>2025-06-15T17:42:12.575Z</time>
      </trkpt>
      <trkpt lat="50.984980" lon="13.473850">
        <ele>314.119541</ele>
        <time>2025-06-15T17:42:18.682Z</time>
      </trkpt>
      <trkpt lat="50.985074" lon="13.473925">
        <ele>314.111841</ele>
        <time>2025-06-15T17:42:21.780Z</time>
      </trkpt>
      <trkpt lat="50.985274" lon="13.474294">
        <ele>314.045256</ele>
        <time>2025-06-15T17:42:30.644Z</time>
      </trkpt>
      <trkpt lat="50.985469" lon="13.474569">
        <ele>313.957433</ele>
        <time>2025-06-15T17:42:38.047Z</time>
      </trkpt>
      <trkpt lat="50.985625" lon="13.474852">
        <ele>313.877678</ele>
        <time>2025-06-15T17:42:44.383Z</time>
      </trkpt>
      <trkpt lat="50.985766" lon="13.475135">
        <ele>313.801157</ele>
        <time>2025-06-15T17:42:49.892Z</time>
      </trkpt>
      <trkpt lat="50.986084" lon="13.475925">
        <ele>313.602345</ele>
        <time>2025-06-15T17:43:02.234Z</time>
      </trkpt>
      <trkpt lat="50.986198" lon="13.476302">
        <ele>313.513670</ele>
        <time>2025-06-15T17:43:07.268Z</time>
      </trkpt>
      <trkpt lat="50.986225" lon="13.476654">
        <ele>312.736853</ele>
        <time>2025-06-15T17:43:11.250Z</time>
      </trkpt>
      <trkpt lat="50.986203" lon="13.476912">
        <ele>312.006787</ele>
        <time>2025-06-15T17:43:14.027Z</time>
      </trkpt>
      <trkpt lat="50.986149" lon="13.477143">
        <ele>311.315818</ele>
        <time>2025-06-15T17:43:16.653Z</time>
      </trkpt>
      <trkpt lat="50.986101" lon="13.477650">
        <ele>309.878146</ele>
        <time>2025-06-15T17:43:22.093Z</time>
      </trkpt>
      <trkpt lat="50.986097" lon="13.478082">
        <ele>308.666638</ele>
        <time>2025-06-15T17:43:26.722Z</time>
      </trkpt>
      <trkpt lat="50.986122" lon="13.478192">
        <ele>308.338699</ele>
        <time>2025-06-15T17:43:27.950Z</time>
      </trkpt>
      <trkpt lat="50.986187" lon="13.478481">
        <ele>307.478141</ele>
        <time>2025-06-15T17:43:31.233Z</time>
      </trkpt>
      <trkpt lat="50.986229" lon="13.478738">
        <ele>306.733597</ele>
        <time>2025-06-15T17:43:34.149Z</time>
      </trkpt>
      <trkpt lat="50.986135" lon="13.479396">
        <ele>305.435045</ele>
        <time>2025-06-15T17:43:41.848Z</time>
      </trkpt>
      <trkpt lat="50.985936" lon="13.479603">
        <ele>305.354420</ele>
        <time>2025-06-15T17:43:44.782Z</time>
      </trkpt>
      <trkpt lat="50.985956" lon="13.479667">
        <ele>305.339174</ele>
        <time>2025-06-15T17:43:45.613Z</time>
      </trkpt>
      <trkpt lat="50.985988" lon="13.479761">
        <ele>305.316372</ele>
        <time>2025-06-15T17:43:46.357Z</time>
      </trkpt>
      <trkpt lat="50.986002" lon="13.479875">
        <ele>305.291590</ele>
        <time>2025-06-15T17:43:47.859Z</time>
      </trkpt>
      <trkpt lat="50.985963" lon="13.480337">
        <ele>305.192129</ele>
        <time>2025-06-15T17:43:54.564Z</time>
      </trkpt>
      <trkpt lat="50.985860" lon="13.480637">
        <ele>305.119216</ele>
        <time>2025-06-15T17:44:00.020Z</time>
      </trkpt>
      <trkpt lat="50.985845" lon="13.481132">
        <ele>305.013474</ele>
        <time>2025-06-15T17:44:08.425Z</time>
      </trkpt>
      <trkpt lat="50.985799" lon="13.481176">
        <ele>304.995274</ele>
        <time>2025-06-15T17:44:09.413Z</time>
      </trkpt>
      <trkpt lat="50.985701" lon="13.481267">
        <ele>304.956799</ele>
        <time>2025-06-15T17:44:11.448Z</time>
      </trkpt>
      <trkpt lat="50.985075" lon="13.481900">
        <ele>305.462832</ele>
        <time>2025-06-15T17:44:25.359Z</time>
      </trkpt>
      <trkpt lat="50.984533" lon="13.482226">
        <ele>306.146950</ele>
        <time>2025-06-15T17:44:34.403Z</time>
      </trkpt>
      <trkpt lat="50.984365" lon="13.482425">
        <ele>306.394328</ele>
        <time>2025-06-15T17:44:38.086Z</time>
      </trkpt>
      <trkpt lat="50.984260" lon="13.482613">
        <ele>306.581089</ele>
        <time>2025-06-15T17:44:41.000Z</time>
      </trkpt>
      <trkpt lat="50.984089" lon="13.483079">
        <ele>306.981918</ele>
        <time>2025-06-15T17:44:47.718Z</time>
      </trkpt>
      <trkpt lat="50.983993" lon="13.483424">
        <ele>307.675924</ele>
        <time>2025-06-15T17:44:52.897Z</time>
      </trkpt>
      <trkpt lat="50.983841" lon="13.483999">
        <ele>308.863437</ele>
        <time>2025-06-15T17:45:02.336Z</time>
      </trkpt>
      <trkpt lat="50.983825" lon="13.484255">
        <ele>309.353303</ele>
        <time>2025-06-15T17:45:06.446Z</time>
      </trkpt>
      <trkpt lat="50.983863" lon="13.484518">
        <ele>309.867124</ele>
        <time>2025-06-15T17:45:10.832Z</time>
      </trkpt>
      <trkpt lat="50.983978" lon="13.484802">
        <ele>310.510120</ele>
        <time>2025-06-15T17:45:16.320Z</time>
      </trkpt>
      <trkpt lat="50.984051" lon="13.485110">
        <ele>311.136794</ele>
        <time>2025-06-15T17:45:21.636Z</time>
      </trkpt>
      <trkpt lat="50.984104" lon="13.485532">
        <ele>311.956189</ele>
        <time>2025-06-15T17:45:28.458Z</time>
      </trkpt>
      <trkpt lat="50.984131" lon="13.486114">
        <ele>312.863036</ele>
        <time>2025-06-15T17:45:37.390Z</time>
      </trkpt>
      <trkpt lat="50.984084" lon="13.486783">
        <ele>313.728724</ele>
        <time>2025-06-15T17:45:47.030Z</time>
      </trkpt>
      <trkpt lat="50.983938" lon="13.488194">
        <ele>315.567649</ele>
        <time>2025-06-15T17:46:04.918Z</time>
      </trkpt>
      <trkpt lat="50.983902" lon="13.488331">
        <ele>315.758567</ele>
        <time>2025-06-15T17:46:06.658Z</time>
      </trkpt>
      <trkpt lat="50.983672" lon="13.489208">
        <ele>316.436195</ele>
        <time>2025-06-15T17:46:17.517Z</time>
      </trkpt>
      <trkpt lat="50.983242" lon="13.490480">
        <ele>317.129253</ele>
        <time>2025-06-15T17:46:32.484Z</time>
      </trkpt>
      <trkpt lat="50.983087" lon="13.491121">
        <ele>317.458871</ele>
        <time>2025-06-15T17:46:39.580Z</time>
      </trkpt>
      <trkpt lat="50.983022" lon="13.491063">
        <ele>317.516079</ele>
        <time>2025-06-15T17:46:40.754Z</time>
      </trkpt>
      <trkpt lat="50.981759" lon="13.493504">
        <ele>318.790820</ele>
        <time>2025-06-15T17:47:15.743Z</time>
      </trkpt>
      <trkpt lat="50.981534" lon="13.494221">
        <ele>318.618230</ele>
        <time>2025-06-15T17:47:23.162Z</time>
      </trkpt>
      <trkpt lat="50.981023" lon="13.496325">
        <ele>318.573862</ele>
        <time>2025-06-15T17:47:42.183Z</time>
      </trkpt>
      <trkpt lat="50.980824" lon="13.496962">
        <ele>318.972469</ele>
        <time>2025-06-15T17:47:49.003Z</time>
      </trkpt>
      <trkpt lat="50.980698" lon="13.498043">
        <ele>319.588715</ele>
        <time>2025-06-15T17:48:02.636Z</time>
      </trkpt>
      <trkpt lat="50.980713" lon="13.499280">
        <ele>320.688322</ele>
        <time>2025-06-15T17:48:20.279Z</time>
      </trkpt>
      <trkpt lat="50.980673" lon="13.500174">
        <ele>321.669772</ele>
        <time>2025-06-15T17:48:32.346Z</time>
      </trkpt>
      <trkpt lat="50.980604" lon="13.500568">
        <ele>322.117605</ele>
        <time>2025-06-15T17:48:37.302Z</time>
      </trkpt>
      <trkpt lat="50.980293" lon="13.501613">
        <ele>323.326664</ele>
        <time>2025-06-15T17:48:49.715Z</time>
      </trkpt>
      <trkpt lat="50.980063" lon="13.502123">
        <ele>323.915921</ele>
        <time>2025-06-15T17:48:56.386Z</time>
      </trkpt>
      <trkpt lat="50.979823" lon="13.502467">
        <ele>324.398221</ele>
        <time>2025-06-15T17:49:02.180Z</time>
      </trkpt>
      <trkpt lat="50.979090" lon="13.503328">
        <ele>325.745204</ele>
        <time>2025-06-15T17:49:21.379Z</time>
      </trkpt>
      <trkpt lat="50.979068" lon="13.503492">
        <ele>325.879717</ele>
        <time>2025-06-15T17:49:23.792Z</time>
      </trkpt>
      <trkpt lat="50.978976" lon="13.503779">
        <ele>326.138071</ele>
        <time>2025-06-15T17:49:28.449Z</time>
      </trkpt>
      <trkpt lat="50.978962" lon="13.504289">
        <ele>326.547580</ele>
        <time>2025-06-15T17:49:35.682Z</time>
      </trkpt>
      <trkpt lat="50.979138" lon="13.504801">
        <ele>327.015535</ele>
        <time>2025-06-15T17:49:43.659Z</time>
      </trkpt>
      <trkpt lat="50.979967" lon="13.506157">
        <ele>327.040662</ele>
        <time>2025-06-15T17:50:01.154Z</time>
      </trkpt>
      <trkpt lat="50.980235" lon="13.506721">
        <ele>326.129373</ele>
        <time>2025-06-15T17:50:06.374Z</time>
      </trkpt>
      <trkpt lat="50.980336" lon="13.507118">
        <ele>325.577156</ele>
        <time>2025-06-15T17:50:09.528Z</time>
      </trkpt>
      <trkpt lat="50.980339" lon="13.507330">
        <ele>325.303679</ele>
        <time>2025-06-15T17:50:11.078Z</time>
      </trkpt>
      <trkpt lat="50.980292" lon="13.507817">
        <ele>324.668278</ele>
        <time>2025-06-15T17:50:14.690Z</time>
      </trkpt>
      <trkpt lat="50.980182" lon="13.508382">
        <ele>324.163453</ele>
        <time>2025-06-15T17:50:19.109Z</time>
      </trkpt>
      <trkpt lat="50.979708" lon="13.509189">
        <ele>323.732151</ele>
        <time>2025-06-15T17:50:28.114Z</time>
      </trkpt>
      <trkpt lat="50.979435" lon="13.509890">
        <ele>323.410029</ele>
        <time>2025-06-15T17:50:36.672Z</time>
      </trkpt>
      <trkpt lat="50.979113" lon="13.510495">
        <ele>323.224585</ele>
        <time>2025-06-15T17:50:45.107Z</time>
      </trkpt>
      <trkpt lat="50.978945" lon="13.511061">
        <ele>323.497265</ele>
        <time>2025-06-15T17:50:51.683Z</time>
      </trkpt>
      <trkpt lat="50.978924" lon="13.511372">
        <ele>323.633567</ele>
        <time>2025-06-15T17:50:54.894Z</time>
      </trkpt>
      <trkpt lat="50.978954" lon="13.511879">
        <ele>323.855476</ele>
        <time>2025-06-15T17:51:00.228Z</time>
      </trkpt>
      <trkpt lat="50.978820" lon="13.513021">
        <ele>324.361694</ele>
        <time>2025-06-15T17:51:12.606Z</time>
      </trkpt>
      <trkpt lat="50.978676" lon="13.514027">
        <ele>325.634147</ele>
        <time>2025-06-15T17:51:24.066Z</time>
      </trkpt>
      <trkpt lat="50.978550" lon="13.514934">
        <ele>326.856759</ele>
        <time>2025-06-15T17:51:36.056Z</time>
      </trkpt>
      <trkpt lat="50.978416" lon="13.515426">
        <ele>327.562383</ele>
        <time>2025-06-15T17:51:43.808Z</time>
      </trkpt>
      <trkpt lat="50.978364" lon="13.515620">
        <ele>327.839927</ele>
        <time>2025-06-15T17:51:47.014Z</time>
      </trkpt>
      <trkpt lat="50.978202" lon="13.516054">
        <ele>328.976070</ele>
        <time>2025-06-15T17:51:55.091Z</time>
      </trkpt>
      <trkpt lat="50.978096" lon="13.516273">
        <ele>329.844993</ele>
        <time>2025-06-15T17:51:59.765Z</time>
      </trkpt>
      <trkpt lat="50.979525" lon="13.517397">
        <ele>337.929097</ele>
        <time>2025-06-15T17:52:49.231Z</time>
      </trkpt>
      <trkpt lat="50.980391" lon="13.518141">
        <ele>343.719833</ele>
        <time>2025-06-15T17:53:22.550Z</time>
      </trkpt>
      <trkpt lat="50.981544" lon="13.519076">
        <ele>350.223881</ele>
        <time>2025-06-15T17:54:03.414Z</time>
      </trkpt>
      <trkpt lat="50.982935" lon="13.520218">
        <ele>355.861213</ele>
        <time>2025-06-15T17:54:42.389Z</time>
      </trkpt>
      <trkpt lat="50.983228" lon="13.520544">
        <ele>356.624435</ele>
        <time>2025-06-15T17:54:50.019Z</time>
      </trkpt>
      <trkpt lat="50.983886" lon="13.521448">
        <ele>358.480535</ele>
        <time>2025-06-15T17:55:06.620Z</time>
      </trkpt>
      <trkpt lat="50.983986" lon="13.521603">
        <ele>358.778630</ele>
        <time>2025-06-15T17:55:09.220Z</time>
      </trkpt>
      <trkpt lat="50.984642" lon="13.522558">
        <ele>361.701128</ele>
        <time>2025-06-15T17:55:28.258Z</time>
      </trkpt>
      <trkpt lat="50.986367" lon="13.525052">
        <ele>369.532968</ele>
        <time>2025-06-15T17:56:34.522Z</time>
      </trkpt>
      <trkpt lat="50.986419" lon="13.525128">
        <ele>369.770377</ele>
        <time>2025-06-15T17:56:35.995Z</time>
      </trkpt>
      <trkpt lat="50.986555" lon="13.525316">
        <ele>370.376102</ele>
        <time>2025-06-15T17:56:39.403Z</time>
      </trkpt>
      <trkpt lat="50.986462" lon="13.525484">
        <ele>370.849276</ele>
        <time>2025-06-15T17:56:42.813Z</time>
      </trkpt>
      <trkpt lat="50.985101" lon="13.527138">
        <ele>371.911787</ele>
        <time>2025-06-15T17:57:18.802Z</time>
      </trkpt>
      <trkpt lat="50.984150" lon="13.528463">
        <ele>378.625588</ele>
        <time>2025-06-15T17:58:07.373Z</time>
      </trkpt>
      <trkpt lat="50.983445" lon="13.529390">
        <ele>384.033835</ele>
        <time>2025-06-15T17:58:50.408Z</time>
      </trkpt>
      <trkpt lat="50.982660" lon="13.530460">
        <ele>390.423421</ele>
        <time>2025-06-15T17:59:36.597Z</time>
      </trkpt>
      <trkpt lat="50.981885" lon="13.531447">
        <ele>392.655258</ele>
        <time>2025-06-15T18:00:00.862Z</time>
      </trkpt>
      <trkpt lat="50.981724" lon="13.531623">
        <ele>392.309210</ele>
        <time>2025-06-15T18:00:03.752Z</time>
      </trkpt>
      <trkpt lat="50.980559" lon="13.533208">
        <ele>388.661909</ele>
        <time>2025-06-15T18:00:20.506Z</time>
      </trkpt>
      <trkpt lat="50.980535" lon="13.533219">
        <ele>388.562550</ele>
        <time>2025-06-15T18:00:20.768Z</time>
      </trkpt>
      <trkpt lat="50.980416" lon="13.533903">
        <ele>386.785423</ele>
        <time>2025-06-15T18:00:25.611Z</time>
      </trkpt>
      <trkpt lat="50.980322" lon="13.534640">
        <ele>384.902271</ele>
        <time>2025-06-15T18:00:30.929Z</time>
      </trkpt>
      <trkpt lat="50.980291" lon="13.535077">
        <ele>383.800972</ele>
        <time>2025-06-15T18:00:34.152Z</time>
      </trkpt>
      <trkpt lat="50.980202" lon="13.535513">
        <ele>382.582042</ele>
        <time>2025-06-15T18:00:37.643Z</time>
      </trkpt>
      <trkpt lat="50.980121" lon="13.536169">
        <ele>380.684535</ele>
        <time>2025-06-15T18:00:42.813Z</time>
      </trkpt>
      <trkpt lat="50.980089" lon="13.536661">
        <ele>379.280574</ele>
        <time>2025-06-15T18:00:46.380Z</time>
      </trkpt>
      <trkpt lat="50.980069" lon="13.537581">
        <ele>376.667623</ele>
        <time>2025-06-15T18:00:52.577Z</time>
      </trkpt>
      <trkpt lat="50.980058" lon="13.538054">
        <ele>375.324109</ele>
        <time>2025-06-15T18:00:55.661Z</time>
      </trkpt>
      <trkpt lat="50.980028" lon="13.539273">
        <ele>370.805589</ele>
        <time>2025-06-15T18:01:03.395Z</time>
      </trkpt>
      <trkpt lat="50.980026" lon="13.539323">
        <ele>370.616686</ele>
        <time>2025-06-15T18:01:03.707Z</time>
      </trkpt>
      <trkpt lat="50.980032" lon="13.539625">
        <ele>369.477444</ele>
        <time>2025-06-15T18:01:05.610Z</time>
      </trkpt>
      <trkpt lat="50.980051" lon="13.539749">
        <ele>368.996261</ele>
        <time>2025-06-15T18:01:06.331Z</time>
      </trkpt>
      <trkpt lat="50.979350" lon="13.540093">
        <ele>364.602364</ele>
        <time>2025-06-15T18:01:14.073Z</time>
      </trkpt>
      <trkpt lat="50.977600" lon="13.541233">
        <ele>361.047466</ele>
        <time>2025-06-15T18:01:37.994Z</time>
      </trkpt>
      <trkpt lat="50.976662" lon="13.541861">
        <ele>362.213366</ele>
        <time>2025-06-15T18:01:56.003Z</time>
      </trkpt>
      <trkpt lat="50.975935" lon="13.542312">
        <ele>363.193174</ele>
        <time>2025-06-15T18:02:12.577Z</time>
      </trkpt>
      <trkpt lat="50.975703" lon="13.542455">
        <ele>363.974979</ele>
        <time>2025-06-15T18:02:18.177Z</time>
      </trkpt>
      <trkpt lat="50.974558" lon="13.543165">
        <ele>367.836511</ele>
        <time>2025-06-15T18:02:48.538Z</time>
      </trkpt>
      <trkpt lat="50.973948" lon="13.543642">
        <ele>370.254923</ele>
        <time>2025-06-15T18:03:05.824Z</time>
      </trkpt>
      <trkpt lat="50.973758" lon="13.543833">
        <ele>371.119157</ele>
        <time>2025-06-15T18:03:11.659Z</time>
      </trkpt>
      <trkpt lat="50.973381" lon="13.544199">
        <ele>372.817382</ele>
        <time>2025-06-15T18:03:23.272Z</time>
      </trkpt>
      <trkpt lat="50.972225" lon="13.545449">
        <ele>377.739802</ele>
        <time>2025-06-15T18:04:01.393Z</time>
      </trkpt>
      <trkpt lat="50.972123" lon="13.545560">
        <ele>378.131375</ele>
        <time>2025-06-15T18:04:04.871Z</time>
      </trkpt>
      <trkpt lat="50.970334" lon="13.547494">
        <ele>381.034788</ele>
        <time>2025-06-15T18:04:52.445Z</time>
      </trkpt>
      <trkpt lat="50.970478" lon="13.548291">
        <ele>380.907443</ele>
        <time>2025-06-15T18:04:58.295Z</time>
      </trkpt>
      <trkpt lat="50.970458" lon="13.549017">
        <ele>379.409977</ele>
        <time>2025-06-15T18:05:03.155Z</time>
      </trkpt>
      <trkpt lat="50.970471" lon="13.549264">
        <ele>378.734323</ele>
        <time>2025-06-15T18:05:04.743Z</time>
      </trkpt>
      <trkpt lat="50.970482" lon="13.549653">
        <ele>377.672865</ele>
        <time>2025-06-15T18:05:07.250Z</time>
      </trkpt>
      <trkpt lat="50.970455" lon="13.550100">
        <ele>376.448778</ele>
        <time>2025-06-15T18:05:10.198Z</time>
      </trkpt>
      <trkpt lat="50.970464" lon="13.550333">
        <ele>375.812441</ele>
        <time>2025-06-15T18:05:11.771Z</time>
      </trkpt>
      <trkpt lat="50.970497" lon="13.550525">
        <ele>375.269916</ele>
        <time>2025-06-15T18:05:13.148Z</time>
      </trkpt>
      <trkpt lat="50.970548" lon="13.550813">
        <ele>374.454396</ele>
        <time>2025-06-15T18:05:15.306Z</time>
      </trkpt>
      <trkpt lat="50.970813" lon="13.551874">
        <ele>373.865255</ele>
        <time>2025-06-15T18:05:24.556Z</time>
      </trkpt>
      <trkpt lat="50.971176" lon="13.552823">
        <ele>375.201904</ele>
        <time>2025-06-15T18:05:38.752Z</time>
      </trkpt>
      <trkpt lat="50.971355" lon="13.553250">
        <ele>375.819405</ele>
        <time>2025-06-15T18:05:47.669Z</time>
      </trkpt>
      <trkpt lat="50.971493" lon="13.553709">
        <ele>376.431691</ele>
        <time>2025-06-15T18:05:57.493Z</time>
      </trkpt>
      <trkpt lat="50.971606" lon="13.554260">
        <ele>377.165083</ele>
        <time>2025-06-15T18:06:08.119Z</time>
      </trkpt>
      <trkpt lat="50.971596" lon="13.554679">
        <ele>377.700050</ele>
        <time>2025-06-15T18:06:15.268Z</time>
      </trkpt>
      <trkpt lat="50.971491" lon="13.555090">
        <ele>378.265938</ele>
        <time>2025-06-15T18:06:21.922Z</time>
      </trkpt>
      <trkpt lat="50.971490" lon="13.555188">
        <ele>378.390988</ele>
        <time>2025-06-15T18:06:23.255Z</time>
      </trkpt>
      <trkpt lat="50.971601" lon="13.556138">
        <ele>379.623738</ele>
        <time>2025-06-15T18:06:34.162Z</time>
      </trkpt>
      <trkpt lat="50.971642" lon="13.557029">
        <ele>379.735866</ele>
        <time>2025-06-15T18:06:41.656Z</time>
      </trkpt>
      <trkpt lat="50.971621" lon="13.557330">
        <ele>379.447292</ele>
        <time>2025-06-15T18:06:44.032Z</time>
      </trkpt>
      <trkpt lat="50.971326" lon="13.559027">
        <ele>377.769752</ele>
        <time>2025-06-15T18:06:57.972Z</time>
      </trkpt>
      <trkpt lat="50.971226" lon="13.559189">
        <ele>377.553585</ele>
        <time>2025-06-15T18:06:59.611Z</time>
      </trkpt>
      <trkpt lat="50.970355" lon="13.560399">
        <ele>373.640415</ele>
        <time>2025-06-15T18:07:12.484Z</time>
      </trkpt>
      <trkpt lat="50.970238" lon="13.560561">
        <ele>373.097935</ele>
        <time>2025-06-15T18:07:14.022Z</time>
      </trkpt>
      <trkpt lat="50.970176" lon="13.560615">
        <ele>372.850814</ele>
        <time>2025-06-15T18:07:14.721Z</time>
      </trkpt>
      <trkpt lat="50.969880" lon="13.560790">
        <ele>371.747015</ele>
        <time>2025-06-15T18:07:17.711Z</time>
      </trkpt>
      <trkpt lat="50.969291" lon="13.561032">
        <ele>367.116643</ele>
        <time>2025-06-15T18:07:23.131Z</time>
      </trkpt>
      <trkpt lat="50.969124" lon="13.561104">
        <ele>365.532917</ele>
        <time>2025-06-15T18:07:24.623Z</time>
      </trkpt>
      <trkpt lat="50.968987" lon="13.561327">
        <ele>363.737380</ele>
        <time>2025-06-15T18:07:26.280Z</time>
      </trkpt>
      <trkpt lat="50.968866" lon="13.561593">
        <ele>361.846175</ele>
        <time>2025-06-15T18:07:28.001Z</time>
      </trkpt>
      <trkpt lat="50.968882" lon="13.561967">
        <ele>359.685678</ele>
        <time>2025-06-15T18:07:29.972Z</time>
      </trkpt>
      <trkpt lat="50.968794" lon="13.562704">
        <ele>355.362335</ele>
        <time>2025-06-15T18:07:33.979Z</time>
      </trkpt>
      <trkpt lat="50.968631" lon="13.563237">
        <ele>353.749834</ele>
        <time>2025-06-15T18:07:37.223Z</time>
      </trkpt>
      <trkpt lat="50.968539" lon="13.563432">
        <ele>353.262945</ele>
        <time>2025-06-15T18:07:38.610Z</time>
      </trkpt>
      <trkpt lat="50.968465" lon="13.563515">
        <ele>352.975463</ele>
        <time>2025-06-15T18:07:39.450Z</time>
      </trkpt>
      <trkpt lat="50.968388" lon="13.563543">
        <ele>352.724806</ele>
        <time>2025-06-15T18:07:40.197Z</time>
      </trkpt>
      <trkpt lat="50.968320" lon="13.563527">
        <ele>352.506676</ele>
        <time>2025-06-15T18:07:40.857Z</time>
      </trkpt>
      <trkpt lat="50.968255" lon="13.563466">
        <ele>352.267094</ele>
        <time>2025-06-15T18:07:41.608Z</time>
      </trkpt>
      <trkpt lat="50.968223" lon="13.563361">
        <ele>352.033995</ele>
        <time>2025-06-15T18:07:42.363Z</time>
      </trkpt>
      <trkpt lat="50.968123" lon="13.562657">
        <ele>350.591851</ele>
        <time>2025-06-15T18:07:47.773Z</time>
      </trkpt>
      <trkpt lat="50.968017" lon="13.562288">
        <ele>349.781387</ele>
        <time>2025-06-15T18:07:52.624Z</time>
      </trkpt>
      <trkpt lat="50.967853" lon="13.561927">
        <ele>348.909919</ele>
        <time>2025-06-15T18:07:58.791Z</time>
      </trkpt>
      <trkpt lat="50.967496" lon="13.561433">
        <ele>347.660092</ele>
        <time>2025-06-15T18:08:05.922Z</time>
      </trkpt>
      <trkpt lat="50.967394" lon="13.561378">
        <ele>347.375777</ele>
        <time>2025-06-15T18:08:07.234Z</time>
      </trkpt>
      <trkpt lat="50.967317" lon="13.561400">
        <ele>347.169282</ele>
        <time>2025-06-15T18:08:08.117Z</time>
      </trkpt>
      <trkpt lat="50.967247" lon="13.561529">
        <ele>346.886243</ele>
        <time>2025-06-15T18:08:09.347Z</time>
      </trkpt>
      <trkpt lat="50.967247" lon="13.561743">
        <ele>346.530536</ele>
        <time>2025-06-15T18:08:10.810Z</time>
      </trkpt>
      <trkpt lat="50.967371" lon="13.561909">
        <ele>346.102463</ele>
        <time>2025-06-15T18:08:12.472Z</time>
      </trkpt>
      <trkpt lat="50.967587" lon="13.562346">
        <ele>345.179082</ele>
        <time>2025-06-15T18:08:15.826Z</time>
      </trkpt>
      <trkpt lat="50.967743" lon="13.562844">
        <ele>344.254573</ele>
        <time>2025-06-15T18:08:21.648Z</time>
      </trkpt>
      <trkpt lat="50.967811" lon="13.563573">
        <ele>341.820355</ele>
        <time>2025-06-15T18:08:29.156Z</time>
      </trkpt>
      <trkpt lat="50.967796" lon="13.564312">
        <ele>339.375367</ele>
        <time>2025-06-15T18:08:36.950Z</time>
      </trkpt>
      <trkpt lat="50.967821" lon="13.564583">
        <ele>338.469662</ele>
        <time>2025-06-15T18:08:39.960Z</time>
      </trkpt>
      <trkpt lat="50.968006" lon="13.565547">
        <ele>335.137195</ele>
        <time>2025-06-15T18:08:51.327Z</time>
      </trkpt>
      <trkpt lat="50.968045" lon="13.565864">
        <ele>334.412706</ele>
        <time>2025-06-15T18:08:55.003Z</time>
      </trkpt>
      <trkpt lat="50.968229" lon="13.566812">
        <ele>332.659163</ele>
        <time>2025-06-15T18:09:06.419Z</time>
      </trkpt>
      <trkpt lat="50.968212" lon="13.567229">
        <ele>331.920499</ele>
        <time>2025-06-15T18:09:11.278Z</time>
      </trkpt>
      <trkpt lat="50.968035" lon="13.568040">
        <ele>330.403262</ele>
        <time>2025-06-15T18:09:21.652Z</time>
      </trkpt>
      <trkpt lat="50.967897" lon="13.568990">
        <ele>329.102192</ele>
        <time>2025-06-15T18:09:34.024Z</time>
      </trkpt>
      <trkpt lat="50.967831" lon="13.569729">
        <ele>328.299331</ele>
        <time>2025-06-15T18:09:43.702Z</time>
      </trkpt>
      <trkpt lat="50.967811" lon="13.570360">
        <ele>327.619735</ele>
        <time>2025-06-15T18:09:51.809Z</time>
      </trkpt>
      <trkpt lat="50.967841" lon="13.570833">
        <ele>327.108378</ele>
        <time>2025-06-15T18:09:57.749Z</time>
      </trkpt>
      <trkpt lat="50.968051" lon="13.571412">
        <ele>325.772889</ele>
        <time>2025-06-15T18:10:05.812Z</time>
      </trkpt>
      <trkpt lat="50.968256" lon="13.572175">
        <ele>323.026271</ele>
        <time>2025-06-15T18:10:15.253Z</time>
      </trkpt>
      <trkpt lat="50.968373" lon="13.572415">
        <ele>322.021354</ele>
        <time>2025-06-15T18:10:18.542Z</time>
      </trkpt>
      <trkpt lat="50.968527" lon="13.572897">
        <ele>320.231808</ele>
        <time>2025-06-15T18:10:24.239Z</time>
      </trkpt>
      <trkpt lat="50.968586" lon="13.573201">
        <ele>319.178552</ele>
        <time>2025-06-15T18:10:27.523Z</time>
      </trkpt>
      <trkpt lat="50.968665" lon="13.573882">
        <ele>316.717175</ele>
        <time>2025-06-15T18:10:34.575Z</time>
      </trkpt>
      <trkpt lat="50.969104" lon="13.575021">
        <ele>310.127869</ele>
        <time>2025-06-15T18:10:48.083Z</time>
      </trkpt>
      <trkpt lat="50.969457" lon="13.575807">
        <ele>305.364251</ele>
        <time>2025-06-15T18:10:57.757Z</time>
      </trkpt>
      <trkpt lat="50.969702" lon="13.576557">
        <ele>300.680868</ele>
        <time>2025-06-15T18:11:06.463Z</time>
      </trkpt>
      <trkpt lat="50.969684" lon="13.576973">
        <ele>298.078190</ele>
        <time>2025-06-15T18:11:10.656Z</time>
      </trkpt>
      <trkpt lat="50.969357" lon="13.577971">
        <ele>291.056180</ele>
        <time>2025-06-15T18:11:21.580Z</time>
      </trkpt>
      <trkpt lat="50.969393" lon="13.578157">
        <ele>289.841615</ele>
        <time>2025-06-15T18:11:23.454Z</time>
      </trkpt>
      <trkpt lat="50.969388" lon="13.578362">
        <ele>288.561095</ele>
        <time>2025-06-15T18:11:25.437Z</time>
      </trkpt>
      <trkpt lat="50.969484" lon="13.578978">
        <ele>284.359335</ele>
        <time>2025-06-15T18:11:31.510Z</time>
      </trkpt>
      <trkpt lat="50.969684" lon="13.579751">
        <ele>277.370485</ele>
        <time>2025-06-15T18:11:39.242Z</time>
      </trkpt>
      <trkpt lat="50.969783" lon="13.580495">
        <ele>271.011150</ele>
        <time>2025-06-15T18:11:46.185Z</time>
      </trkpt>
      <trkpt lat="50.969969" lon="13.582605">
        <ele>257.316587</ele>
        <time>2025-06-15T18:12:06.066Z</time>
      </trkpt>
      <trkpt lat="50.970514" lon="13.582543">
        <ele>253.695867</ele>
        <time>2025-06-15T18:12:15.428Z</time>
      </trkpt>
      <trkpt lat="50.971090" lon="13.582439">
        <ele>249.854387</ele>
        <time>2025-06-15T18:12:22.175Z</time>
      </trkpt>
      <trkpt lat="50.971112" lon="13.582434">
        <ele>249.707117</ele>
        <time>2025-06-15T18:12:22.526Z</time>
      </trkpt>
      <trkpt lat="50.971570" lon="13.582358">
        <ele>247.945592</ele>
        <time>2025-06-15T18:12:31.833Z</time>
      </trkpt>
      <trkpt lat="50.972035" lon="13.582406">
        <ele>246.256096</ele>
        <time>2025-06-15T18:12:40.534Z</time>
      </trkpt>
      <trkpt lat="50.972433" lon="13.582554">
        <ele>244.774045</ele>
        <time>2025-06-15T18:12:47.726Z</time>
      </trkpt>
      <trkpt lat="50.972528" lon="13.582663">
        <ele>244.349114</ele>
        <time>2025-06-15T18:12:48.846Z</time>
      </trkpt>
      <trkpt lat="50.972552" lon="13.582728">
        <ele>244.177085</ele>
        <time>2025-06-15T18:12:49.278Z</time>
      </trkpt>
      <trkpt lat="50.972723" lon="13.582692">
        <ele>243.551671</ele>
        <time>2025-06-15T18:12:50.895Z</time>
      </trkpt>
      <trkpt lat="50.973017" lon="13.582655">
        <ele>242.395703</ele>
        <time>2025-06-15T18:12:53.612Z</time>
      </trkpt>
      <trkpt lat="50.973515" lon="13.582590">
        <ele>240.270249</ele>
        <time>2025-06-15T18:12:58.282Z</time>
      </trkpt>
      <trkpt lat="50.974077" lon="13.582469">
        <ele>237.857836</ele>
        <time>2025-06-15T18:13:03.949Z</time>
      </trkpt>
      <trkpt lat="50.974646" lon="13.582472">
        <ele>235.437502</ele>
        <time>2025-06-15T18:13:09.714Z</time>
      </trkpt>
      <trkpt lat="50.974960" lon="13.582414">
        <ele>234.523175</ele>
        <time>2025-06-15T18:13:12.997Z</time>
      </trkpt>
      <trkpt lat="50.975911" lon="13.582146">
        <ele>231.841441</ele>
        <time>2025-06-15T18:13:23.259Z</time>
      </trkpt>
      <trkpt lat="50.976942" lon="13.581735">
        <ele>229.001824</ele>
        <time>2025-06-15T18:13:34.446Z</time>
      </trkpt>
      <trkpt lat="50.977159" lon="13.581634">
        <ele>228.422447</ele>
        <time>2025-06-15T18:13:36.743Z</time>
      </trkpt>
      <trkpt lat="50.977169" lon="13.581680">
        <ele>228.343940</ele>
        <time>2025-06-15T18:13:37.176Z</time>
      </trkpt>
      <trkpt lat="50.977263" lon="13.581806">
        <ele>228.028783</ele>
        <time>2025-06-15T18:13:38.911Z</time>
      </trkpt>
      <trkpt lat="50.977835" lon="13.581810">
        <ele>226.563200</ele>
        <time>2025-06-15T18:13:47.116Z</time>
      </trkpt>
      <trkpt lat="50.978155" lon="13.581838">
        <ele>225.742058</ele>
        <time>2025-06-15T18:13:51.904Z</time>
      </trkpt>
      <trkpt lat="50.978731" lon="13.581782">
        <ele>225.355530</ele>
        <time>2025-06-15T18:14:01.142Z</time>
      </trkpt>
      <trkpt lat="50.979159" lon="13.581792">
        <ele>225.075708</ele>
        <time>2025-06-15T18:14:08.510Z</time>
      </trkpt>
      <trkpt lat="50.979482" lon="13.581826">
        <ele>224.864093</ele>
        <time>2025-06-15T18:14:14.728Z</time>
      </trkpt>
      <trkpt lat="50.979830" lon="13.581912">
        <ele>224.633861</ele>
        <time>2025-06-15T18:14:21.127Z</time>
      </trkpt>
      <trkpt lat="50.980130" lon="13.581989">
        <ele>224.123130</ele>
        <time>2025-06-15T18:14:26.120Z</time>
      </trkpt>
      <trkpt lat="50.980567" lon="13.582087">
        <ele>223.075401</ele>
        <time>2025-06-15T18:14:32.856Z</time>
      </trkpt>
      <trkpt lat="50.981094" lon="13.582306">
        <ele>221.782190</ele>
        <time>2025-06-15T18:14:40.560Z</time>
      </trkpt>
      <trkpt lat="50.981591" lon="13.582454">
        <ele>220.581753</ele>
        <time>2025-06-15T18:14:47.744Z</time>
      </trkpt>
      <trkpt lat="50.981660" lon="13.582470">
        <ele>220.416211</ele>
        <time>2025-06-15T18:14:48.528Z</time>
      </trkpt>
      <trkpt lat="50.982039" lon="13.582722">
        <ele>219.569412</ele>
        <time>2025-06-15T18:14:53.198Z</time>
      </trkpt>
      <trkpt lat="50.982491" lon="13.583232">
        <ele>218.453983</ele>
        <time>2025-06-15T18:14:59.755Z</time>
      </trkpt>
      <trkpt lat="50.982675" lon="13.583621">
        <ele>217.837718</ele>
        <time>2025-06-15T18:15:03.673Z</time>
      </trkpt>
      <trkpt lat="50.982984" lon="13.584670">
        <ele>216.893434</ele>
        <time>2025-06-15T18:15:13.438Z</time>
      </trkpt>
      <trkpt lat="50.983052" lon="13.584860">
        <ele>217.108053</ele>
        <time>2025-06-15T18:15:15.462Z</time>
      </trkpt>
      <trkpt lat="50.983093" lon="13.584955">
        <ele>217.221158</ele>
        <time>2025-06-15T18:15:16.472Z</time>
      </trkpt>
      <trkpt lat="50.983189" lon="13.585163">
        <ele>217.474420</ele>
        <time>2025-06-15T18:15:19.519Z</time>
      </trkpt>
      <trkpt lat="50.983242" lon="13.585208">
        <ele>217.568159</ele>
        <time>2025-06-15T18:15:20.699Z</time>
      </trkpt>
      <trkpt lat="50.983223" lon="13.585278">
        <ele>217.643015</ele>
        <time>2025-06-15T18:15:21.457Z</time>
      </trkpt>
      <trkpt lat="50.983171" lon="13.585475">
        <ele>217.852781</ele>
        <time>2025-06-15T18:15:23.822Z</time>
      </trkpt>
      <trkpt lat="50.983140" lon="13.585593">
        <ele>217.978339</ele>
        <time>2025-06-15T18:15:25.373Z</time>
      </trkpt>
      <trkpt lat="50.983115" lon="13.585683">
        <ele>218.074939</ele>
        <time>2025-06-15T18:15:26.562Z</time>
      </trkpt>
      <trkpt lat="50.983086" lon="13.585783">
        <ele>218.183055</ele>
        <time>2025-06-15T18:15:28.040Z</time>
      </trkpt>
      <trkpt lat="50.983023" lon="13.586053">
        <ele>218.465815</ele>
        <time>2025-06-15T18:15:32.029Z</time>
      </trkpt>
      <trkpt lat="50.982977" lon="13.586394">
        <ele>218.808273</ele>
        <time>2025-06-15T18:15:37.481Z</time>
      </trkpt>
      <trkpt lat="50.982965" lon="13.586620">
        <ele>219.030990</ele>
        <time>2025-06-15T18:15:41.006Z</time>
      </trkpt>
      <trkpt lat="50.982958" lon="13.586925">
        <ele>219.330695</ele>
        <time>2025-06-15T18:15:45.282Z</time>
      </trkpt>
      <trkpt lat="50.982985" lon="13.587840">
        <ele>219.219509</ele>
        <time>2025-06-15T18:15:56.858Z</time>
      </trkpt>
      <trkpt lat="50.983011" lon="13.588128">
        <ele>219.124983</ele>
        <time>2025-06-15T18:15:59.791Z</time>
      </trkpt>
      <trkpt lat="50.983023" lon="13.588261">
        <ele>219.081332</ele>
        <time>2025-06-15T18:16:00.850Z</time>
      </trkpt>
      <trkpt lat="50.983038" lon="13.588419">
        <ele>219.029419</ele>
        <time>2025-06-15T18:16:02.400Z</time>
      </trkpt>
      <trkpt lat="50.982996" lon="13.588429">
        <ele>219.007502</ele>
        <time>2025-06-15T18:16:02.871Z</time>
      </trkpt>
      <trkpt lat="50.983102" lon="13.589689">
        <ele>218.594502</ele>
        <time>2025-06-15T18:16:11.731Z</time>
      </trkpt>
      <trkpt lat="50.983112" lon="13.589814">
        <ele>218.553564</ele>
        <time>2025-06-15T18:16:12.522Z</time>
      </trkpt>
      <trkpt lat="50.983118" lon="13.589893">
        <ele>218.455245</ele>
        <time>2025-06-15T18:16:12.983Z</time>
      </trkpt>
      <trkpt lat="50.983199" lon="13.590803">
        <ele>216.698193</ele>
        <time>2025-06-15T18:16:18.637Z</time>
      </trkpt>
      <trkpt lat="50.983213" lon="13.590905">
        <ele>216.498608</ele>
        <time>2025-06-15T18:16:19.280Z</time>
      </trkpt>
      <trkpt lat="50.983230" lon="13.591037">
        <ele>216.241022</ele>
        <time>2025-06-15T18:16:20.131Z</time>
      </trkpt>
      <trkpt lat="50.983315" lon="13.591353">
        <ele>215.584056</ele>
        <time>2025-06-15T18:16:22.261Z</time>
      </trkpt>
      <trkpt lat="50.983371" lon="13.591559">
        <ele>215.155076</ele>
        <time>2025-06-15T18:16:23.672Z</time>
      </trkpt>
      <trkpt lat="50.983553" lon="13.592176">
        <ele>213.852432</ele>
        <time>2025-06-15T18:16:28.137Z</time>
      </trkpt>
      <trkpt lat="50.983818" lon="13.593139">
        <ele>213.154732</ele>
        <time>2025-06-15T18:16:35.866Z</time>
      </trkpt>
      <trkpt lat="50.983935" lon="13.593591">
        <ele>213.210838</ele>
        <time>2025-06-15T18:16:40.231Z</time>
      </trkpt>
      <trkpt lat="50.984072" lon="13.594184">
        <ele>213.283356</ele>
        <time>2025-06-15T18:16:45.887Z</time>
      </trkpt>
      <trkpt lat="50.984156" lon="13.594737">
        <ele>213.348664</ele>
        <time>2025-06-15T18:16:51.644Z</time>
      </trkpt>
      <trkpt lat="50.984175" lon="13.595156">
        <ele>213.396891</ele>
        <time>2025-06-15T18:16:56.038Z</time>
      </trkpt>
      <trkpt lat="50.984159" lon="13.595584">
        <ele>213.802675</ele>
        <time>2025-06-15T18:17:00.832Z</time>
      </trkpt>
      <trkpt lat="50.984094" lon="13.596208">
        <ele>214.562463</ele>
        <time>2025-06-15T18:17:08.827Z</time>
      </trkpt>
      <trkpt lat="50.983989" lon="13.596637">
        <ele>215.115389</ele>
        <time>2025-06-15T18:17:15.197Z</time>
      </trkpt>
      <trkpt lat="50.983625" lon="13.598068">
        <ele>216.799030</ele>
        <time>2025-06-15T18:17:34.687Z</time>
      </trkpt>
      <trkpt lat="50.983502" lon="13.598766">
        <ele>216.518184</ele>
        <time>2025-06-15T18:17:41.531Z</time>
      </trkpt>
      <trkpt lat="50.983431" lon="13.599409">
        <ele>216.265240</ele>
        <time>2025-06-15T18:17:46.432Z</time>
      </trkpt>
      <trkpt lat="50.983365" lon="13.600062">
        <ele>216.008983</ele>
        <time>2025-06-15T18:17:51.103Z</time>
      </trkpt>
      <trkpt lat="50.983364" lon="13.600086">
        <ele>215.999664</ele>
        <time>2025-06-15T18:17:51.263Z</time>
      </trkpt>
      <trkpt lat="50.983286" lon="13.600841">
        <ele>215.641736</ele>
        <time>2025-06-15T18:17:56.504Z</time>
      </trkpt>
      <trkpt lat="50.983151" lon="13.601911">
        <ele>214.362833</ele>
        <time>2025-06-15T18:18:04.825Z</time>
      </trkpt>
      <trkpt lat="50.983131" lon="13.602310">
        <ele>213.893751</ele>
        <time>2025-06-15T18:18:07.686Z</time>
      </trkpt>
      <trkpt lat="50.983140" lon="13.602709">
        <ele>213.425849</ele>
        <time>2025-06-15T18:18:10.486Z</time>
      </trkpt>
      <trkpt lat="50.983209" lon="13.603294">
        <ele>212.728339</ele>
        <time>2025-06-15T18:18:14.495Z</time>
      </trkpt>
      <trkpt lat="50.983291" lon="13.603872">
        <ele>211.961230</ele>
        <time>2025-06-15T18:18:18.350Z</time>
      </trkpt>
      <trkpt lat="50.983335" lon="13.604687">
        <ele>210.804117</ele>
        <time>2025-06-15T18:18:23.669Z</time>
      </trkpt>
      <trkpt lat="50.983299" lon="13.605637">
        <ele>209.457834</ele>
        <time>2025-06-15T18:18:29.984Z</time>
      </trkpt>
      <trkpt lat="50.983275" lon="13.607631">
        <ele>207.245589</ele>
        <time>2025-06-15T18:18:45.104Z</time>
      </trkpt>
      <trkpt lat="50.983075" lon="13.609142">
        <ele>205.840513</ele>
        <time>2025-06-15T18:18:56.268Z</time>
      </trkpt>
      <trkpt lat="50.982828" lon="13.610550">
        <ele>203.607688</ele>
        <time>2025-06-15T18:19:05.888Z</time>
      </trkpt>
      <trkpt lat="50.982702" lon="13.610964">
        <ele>202.882982</ele>
        <time>2025-06-15T18:19:08.852Z</time>
      </trkpt>
      <trkpt lat="50.982452" lon="13.611510">
        <ele>201.818965</ele>
        <time>2025-06-15T18:19:13.322Z</time>
      </trkpt>
      <trkpt lat="50.982294" lon="13.611845">
        <ele>201.191388</ele>
        <time>2025-06-15T18:19:16.212Z</time>
      </trkpt>
      <trkpt lat="50.982113" lon="13.612396">
        <ele>200.595589</ele>
        <time>2025-06-15T18:19:20.661Z</time>
      </trkpt>
      <trkpt lat="50.982001" lon="13.613451">
        <ele>199.569928</ele>
        <time>2025-06-15T18:19:28.671Z</time>
      </trkpt>
      <trkpt lat="50.981961" lon="13.614050">
        <ele>198.992471</ele>
        <time>2025-06-15T18:19:33.356Z</time>
      </trkpt>
      <trkpt lat="50.981969" lon="13.615293">
        <ele>197.233111</ele>
        <time>2025-06-15T18:19:41.847Z</time>
      </trkpt>
      <trkpt lat="50.981924" lon="13.615553">
        <ele>196.765456</ele>
        <time>2025-06-15T18:19:43.582Z</time>
      </trkpt>
      <trkpt lat="50.981728" lon="13.616216">
        <ele>195.495131</ele>
        <time>2025-06-15T18:19:48.223Z</time>
      </trkpt>
      <trkpt lat="50.981681" lon="13.616489">
        <ele>195.004273</ele>
        <time>2025-06-15T18:19:50.012Z</time>
      </trkpt>
      <trkpt lat="50.981636" lon="13.617546">
        <ele>193.527201</ele>
        <time>2025-06-15T18:19:56.949Z</time>
      </trkpt>
      <trkpt lat="50.981618" lon="13.618300">
        <ele>193.457439</ele>
        <time>2025-06-15T18:20:02.353Z</time>
      </trkpt>
      <trkpt lat="50.981599" lon="13.619153">
        <ele>193.378524</ele>
        <time>2025-06-15T18:20:09.103Z</time>
      </trkpt>
      <trkpt lat="50.981745" lon="13.620094">
        <ele>193.288920</ele>
        <time>2025-06-15T18:20:20.048Z</time>
      </trkpt>
      <trkpt lat="50.981814" lon="13.620271">
        <ele>193.421764</ele>
        <time>2025-06-15T18:20:23.021Z</time>
      </trkpt>
      <trkpt lat="50.981840" lon="13.620418">
        <ele>193.564640</ele>
        <time>2025-06-15T18:20:25.148Z</time>
      </trkpt>
      <trkpt lat="50.981850" lon="13.620527">
        <ele>193.667710</ele>
        <time>2025-06-15T18:20:27.190Z</time>
      </trkpt>
      <trkpt lat="50.981877" lon="13.620728">
        <ele>193.860023</ele>
        <time>2025-06-15T18:20:30.678Z</time>
      </trkpt>
      <trkpt lat="50.981924" lon="13.620976">
        <ele>194.102368</ele>
        <time>2025-06-15T18:20:35.024Z</time>
      </trkpt>
      <trkpt lat="50.981981" lon="13.621190">
        <ele>194.319795</ele>
        <time>2025-06-15T18:20:38.814Z</time>
      </trkpt>
      <trkpt lat="50.982010" lon="13.621443">
        <ele>194.560423</ele>
        <time>2025-06-15T18:20:42.885Z</time>
      </trkpt>
      <trkpt lat="50.981997" lon="13.621549">
        <ele>194.661473</ele>
        <time>2025-06-15T18:20:44.447Z</time>
      </trkpt>
      <trkpt lat="50.981989" lon="13.621585">
        <ele>194.697196</ele>
        <time>2025-06-15T18:20:44.972Z</time>
      </trkpt>
      <trkpt lat="50.981994" lon="13.621667">
        <ele>194.774284</ele>
        <time>2025-06-15T18:20:46.289Z</time>
      </trkpt>
      <trkpt lat="50.981990" lon="13.621811">
        <ele>194.909158</ele>
        <time>2025-06-15T18:20:52.599Z</time>
      </trkpt>
      <trkpt lat="50.982094" lon="13.621824">
        <ele>195.064210</ele>
        <time>2025-06-15T18:20:54.649Z</time>
      </trkpt>
      <trkpt lat="50.982084" lon="13.622197">
        <ele>195.413548</ele>
        <time>2025-06-15T18:20:58.518Z</time>
      </trkpt>
      <trkpt lat="50.982044" lon="13.622657">
        <ele>195.848063</ele>
        <time>2025-06-15T18:21:02.854Z</time>
      </trkpt>
      <trkpt lat="50.982021" lon="13.622907">
        <ele>195.783247</ele>
        <time>2025-06-15T18:21:04.853Z</time>
      </trkpt>
      <trkpt lat="50.981947" lon="13.623689">
        <ele>194.779398</ele>
        <time>2025-06-15T18:21:10.472Z</time>
      </trkpt>
      <trkpt lat="50.981884" lon="13.624604">
        <ele>193.610937</ele>
        <time>2025-06-15T18:21:16.387Z</time>
      </trkpt>
      <trkpt lat="50.981898" lon="13.625392">
        <ele>192.610222</ele>
        <time>2025-06-15T18:21:21.603Z</time>
      </trkpt>
      <trkpt lat="50.981963" lon="13.626026">
        <ele>192.151485</ele>
        <time>2025-06-15T18:21:26.123Z</time>
      </trkpt>
      <trkpt lat="50.982133" lon="13.626985">
        <ele>191.729758</ele>
        <time>2025-06-15T18:21:33.661Z</time>
      </trkpt>
      <trkpt lat="50.982141" lon="13.627027">
        <ele>191.711183</ele>
        <time>2025-06-15T18:21:34.017Z</time>
      </trkpt>
      <trkpt lat="50.982163" lon="13.627140">
        <ele>191.661116</ele>
        <time>2025-06-15T18:21:34.919Z</time>
      </trkpt>
      <trkpt lat="50.982324" lon="13.627898">
        <ele>191.322489</ele>
        <time>2025-06-15T18:21:41.561Z</time>
      </trkpt>
      <trkpt lat="50.982579" lon="13.628740">
        <ele>191.206185</ele>
        <time>2025-06-15T18:21:50.311Z</time>
      </trkpt>
      <trkpt lat="50.983134" lon="13.630503">
        <ele>191.575125</ele>
        <time>2025-06-15T18:22:08.677Z</time>
      </trkpt>
      <trkpt lat="50.983195" lon="13.630641">
        <ele>191.606685</ele>
        <time>2025-06-15T18:22:10.306Z</time>
      </trkpt>
      <trkpt lat="50.983307" lon="13.630804">
        <ele>191.651847</ele>
        <time>2025-06-15T18:22:12.367Z</time>
      </trkpt>
      <trkpt lat="50.983695" lon="13.631115">
        <ele>190.920640</ele>
        <time>2025-06-15T18:22:17.846Z</time>
      </trkpt>
      <trkpt lat="50.983773" lon="13.631234">
        <ele>190.732746</ele>
        <time>2025-06-15T18:22:19.107Z</time>
      </trkpt>
      <trkpt lat="50.983834" lon="13.631407">
        <ele>190.515871</ele>
        <time>2025-06-15T18:22:20.554Z</time>
      </trkpt>
      <trkpt lat="50.983938" lon="13.631385">
        <ele>190.333591</ele>
        <time>2025-06-15T18:22:21.792Z</time>
      </trkpt>
      <trkpt lat="50.984063" lon="13.631445">
        <ele>190.106722</ele>
        <time>2025-06-15T18:22:23.277Z</time>
      </trkpt>
      <trkpt lat="50.985080" lon="13.632444">
        <ele>187.697846</ele>
        <time>2025-06-15T18:22:35.853Z</time>
      </trkpt>
      <trkpt lat="50.985306" lon="13.632682">
        <ele>186.915203</ele>
        <time>2025-06-15T18:22:38.595Z</time>
      </trkpt>
      <trkpt lat="50.985279" lon="13.632739">
        <ele>186.785588</ele>
        <time>2025-06-15T18:22:39.072Z</time>
      </trkpt>
      <trkpt lat="50.985243" lon="13.632818">
        <ele>186.608382</ele>
        <time>2025-06-15T18:22:39.700Z</time>
      </trkpt>
      <trkpt lat="50.985080" lon="13.633171">
        <ele>185.812924</ele>
        <time>2025-06-15T18:22:42.528Z</time>
      </trkpt>
      <trkpt lat="50.985030" lon="13.633218">
        <ele>185.645231</ele>
        <time>2025-06-15T18:22:43.130Z</time>
      </trkpt>
      <trkpt lat="50.985132" lon="13.633314">
        <ele>185.303027</ele>
        <time>2025-06-15T18:22:44.359Z</time>
      </trkpt>
      <trkpt lat="50.985499" lon="13.633901">
        <ele>183.799793</ele>
        <time>2025-06-15T18:22:49.789Z</time>
      </trkpt>
      <trkpt lat="50.985631" lon="13.634101">
        <ele>183.309223</ele>
        <time>2025-06-15T18:22:51.693Z</time>
      </trkpt>
      <trkpt lat="50.985893" lon="13.634481">
        <ele>182.845981</ele>
        <time>2025-06-15T18:22:55.598Z</time>
      </trkpt>
      <trkpt lat="50.985887" lon="13.634550">
        <ele>182.788727</ele>
        <time>2025-06-15T18:22:56.095Z</time>
      </trkpt>
      <trkpt lat="50.985838" lon="13.635014">
        <ele>182.402006</ele>
        <time>2025-06-15T18:22:59.479Z</time>
      </trkpt>
      <trkpt lat="50.985778" lon="13.635575">
        <ele>181.934274</ele>
        <time>2025-06-15T18:23:03.728Z</time>
      </trkpt>
      <trkpt lat="50.985722" lon="13.636041">
        <ele>181.544320</ele>
        <time>2025-06-15T18:23:07.353Z</time>
      </trkpt>
      <trkpt lat="50.985707" lon="13.636161">
        <ele>181.443758</ele>
        <time>2025-06-15T18:23:08.298Z</time>
      </trkpt>
      <trkpt lat="50.985863" lon="13.636322">
        <ele>181.200851</ele>
        <time>2025-06-15T18:23:10.598Z</time>
      </trkpt>
      <trkpt lat="50.985887" lon="13.636348">
        <ele>181.162920</ele>
        <time>2025-06-15T18:23:10.971Z</time>
      </trkpt>
      <trkpt lat="50.986048" lon="13.636519">
        <ele>180.964746</ele>
        <time>2025-06-15T18:23:13.428Z</time>
      </trkpt>
      <trkpt lat="50.986075" lon="13.636547">
        <ele>180.951307</ele>
        <time>2025-06-15T18:23:13.859Z</time>
      </trkpt>
      <trkpt lat="50.986203" lon="13.636680">
        <ele>180.887562</ele>
        <time>2025-06-15T18:23:15.824Z</time>
      </trkpt>
      <trkpt lat="50.986212" lon="13.636689">
        <ele>180.883129</ele>
        <time>2025-06-15T18:23:15.958Z</time>
      </trkpt>
      <trkpt lat="50.986390" lon="13.636877">
        <ele>180.794043</ele>
        <time>2025-06-15T18:23:18.673Z</time>
      </trkpt>
      <trkpt lat="50.986724" lon="13.637225">
        <ele>180.627571</ele>
        <time>2025-06-15T18:23:23.572Z</time>
      </trkpt>
      <trkpt lat="50.987112" lon="13.637648">
        <ele>180.431445</ele>
        <time>2025-06-15T18:23:29.503Z</time>
      </trkpt>
      <trkpt lat="50.987161" lon="13.637709">
        <ele>180.405499</ele>
        <time>2025-06-15T18:23:30.323Z</time>
      </trkpt>
      <trkpt lat="50.987362" lon="13.637964">
        <ele>180.298292</ele>
        <time>2025-06-15T18:23:33.593Z</time>
      </trkpt>
      <trkpt lat="50.987841" lon="13.638573">
        <ele>180.345804</ele>
        <time>2025-06-15T18:23:41.696Z</time>
      </trkpt>
      <trkpt lat="50.988177" lon="13.639003">
        <ele>180.441113</ele>
        <time>2025-06-15T18:23:47.961Z</time>
      </trkpt>
      <trkpt lat="50.988228" lon="13.639069">
        <ele>180.455644</ele>
        <time>2025-06-15T18:23:48.963Z</time>
      </trkpt>
      <trkpt lat="50.988502" lon="13.639433">
        <ele>180.534544</ele>
        <time>2025-06-15T18:23:54.566Z</time>
      </trkpt>
      <trkpt lat="50.988714" lon="13.639793">
        <ele>180.603092</ele>
        <time>2025-06-15T18:23:59.275Z</time>
      </trkpt>
      <trkpt lat="50.988998" lon="13.640485">
        <ele>180.404380</ele>
        <time>2025-06-15T18:24:06.079Z</time>
      </trkpt>
      <trkpt lat="50.989328" lon="13.641048">
        <ele>180.091407</ele>
        <time>2025-06-15T18:24:12.023Z</time>
      </trkpt>
      <trkpt lat="50.989632" lon="13.641500">
        <ele>179.822300</ele>
        <time>2025-06-15T18:24:17.045Z</time>
      </trkpt>
      <trkpt lat="50.989767" lon="13.641705">
        <ele>179.701600</ele>
        <time>2025-06-15T18:24:19.289Z</time>
      </trkpt>
      <trkpt lat="50.990006" lon="13.642055">
        <ele>179.491516</ele>
        <time>2025-06-15T18:24:23.155Z</time>
      </trkpt>
      <trkpt lat="50.990232" lon="13.642318">
        <ele>179.303644</ele>
        <time>2025-06-15T18:24:26.416Z</time>
      </trkpt>
      <trkpt lat="50.990320" lon="13.642407">
        <ele>179.233442</ele>
        <time>2025-06-15T18:24:27.653Z</time>
      </trkpt>
      <trkpt lat="50.990443" lon="13.642508">
        <ele>179.140264</ele>
        <time>2025-06-15T18:24:29.293Z</time>
      </trkpt>
      <trkpt lat="50.990731" lon="13.642738">
        <ele>178.923341</ele>
        <time>2025-06-15T18:24:33.237Z</time>
      </trkpt>
      <trkpt lat="50.991175" lon="13.643021">
        <ele>178.601395</ele>
        <time>2025-06-15T18:24:39.299Z</time>
      </trkpt>
      <trkpt lat="50.991276" lon="13.643075">
        <ele>178.529680</ele>
        <time>2025-06-15T18:24:40.652Z</time>
      </trkpt>
      <trkpt lat="50.991801" lon="13.643292">
        <ele>178.171033</ele>
        <time>2025-06-15T18:24:47.467Z</time>
      </trkpt>
      <trkpt lat="50.991913" lon="13.643338">
        <ele>178.098153</ele>
        <time>2025-06-15T18:24:48.960Z</time>
      </trkpt>
      <trkpt lat="50.992139" lon="13.643428">
        <ele>177.951369</ele>
        <time>2025-06-15T18:24:51.935Z</time>
      </trkpt>
      <trkpt lat="50.992260" lon="13.643467">
        <ele>177.873586</ele>
        <time>2025-06-15T18:24:53.519Z</time>
      </trkpt>
      <trkpt lat="50.992539" lon="13.643461">
        <ele>177.697800</ele>
        <time>2025-06-15T18:24:57.008Z</time>
      </trkpt>
      <trkpt lat="50.992658" lon="13.643515">
        <ele>177.619832</ele>
        <time>2025-06-15T18:24:58.551Z</time>
      </trkpt>
      <trkpt lat="50.992744" lon="13.643607">
        <ele>177.554514</ele>
        <time>2025-06-15T18:24:59.849Z</time>
      </trkpt>
      <trkpt lat="50.992769" lon="13.643647">
        <ele>177.532162</ele>
        <time>2025-06-15T18:25:00.297Z</time>
      </trkpt>
      <trkpt lat="50.992902" lon="13.643887">
        <ele>177.405364</ele>
        <time>2025-06-15T18:25:02.818Z</time>
      </trkpt>
      <trkpt lat="50.992991" lon="13.644046">
        <ele>177.320990</ele>
        <time>2025-06-15T18:25:04.472Z</time>
      </trkpt>
      <trkpt lat="50.993026" lon="13.644100">
        <ele>177.290254</ele>
        <time>2025-06-15T18:25:05.062Z</time>
      </trkpt>
      <trkpt lat="50.993161" lon="13.644329">
        <ele>177.165838</ele>
        <time>2025-06-15T18:25:07.447Z</time>
      </trkpt>
      <trkpt lat="50.993330" lon="13.644609">
        <ele>176.909453</ele>
        <time>2025-06-15T18:25:10.308Z</time>
      </trkpt>
      <trkpt lat="50.993424" lon="13.644759">
        <ele>176.753799</ele>
        <time>2025-06-15T18:25:11.848Z</time>
      </trkpt>
      <trkpt lat="50.993572" lon="13.644959">
        <ele>176.526798</ele>
        <time>2025-06-15T18:25:14.080Z</time>
      </trkpt>
      <trkpt lat="50.993775" lon="13.645188">
        <ele>176.235923</ele>
        <time>2025-06-15T18:25:16.916Z</time>
      </trkpt>
      <trkpt lat="50.993958" lon="13.645355">
        <ele>175.989359</ele>
        <time>2025-06-15T18:25:19.333Z</time>
      </trkpt>
      <trkpt lat="50.993968" lon="13.645362">
        <ele>175.976592</ele>
        <time>2025-06-15T18:25:19.467Z</time>
      </trkpt>
      <trkpt lat="50.994199" lon="13.645518">
        <ele>175.683338</ele>
        <time>2025-06-15T18:25:22.388Z</time>
      </trkpt>
      <trkpt lat="50.994271" lon="13.645561">
        <ele>175.593471</ele>
        <time>2025-06-15T18:25:23.293Z</time>
      </trkpt>
      <trkpt lat="50.994583" lon="13.645746">
        <ele>175.204392</ele>
        <time>2025-06-15T18:25:27.170Z</time>
      </trkpt>
      <trkpt lat="50.994699" lon="13.645815">
        <ele>175.059679</ele>
        <time>2025-06-15T18:25:28.611Z</time>
      </trkpt>
      <trkpt lat="50.994755" lon="13.645849">
        <ele>175.015443</ele>
        <time>2025-06-15T18:25:29.321Z</time>
      </trkpt>
      <trkpt lat="50.994795" lon="13.645874">
        <ele>174.996854</ele>
        <time>2025-06-15T18:25:29.834Z</time>
      </trkpt>
      <trkpt lat="50.994890" lon="13.645932">
        <ele>174.952842</ele>
        <time>2025-06-15T18:25:31.052Z</time>
      </trkpt>
      <trkpt lat="50.995067" lon="13.646039">
        <ele>174.870942</ele>
        <time>2025-06-15T18:25:33.381Z</time>
      </trkpt>
      <trkpt lat="50.995326" lon="13.646198">
        <ele>174.750864</ele>
        <time>2025-06-15T18:25:36.934Z</time>
      </trkpt>
      <trkpt lat="50.995430" lon="13.646261">
        <ele>174.702730</ele>
        <time>2025-06-15T18:25:38.416Z</time>
      </trkpt>
      <trkpt lat="50.995611" lon="13.646372">
        <ele>174.618826</ele>
        <time>2025-06-15T18:25:41.009Z</time>
      </trkpt>
      <trkpt lat="50.996253" lon="13.646767">
        <ele>174.321096</ele>
        <time>2025-06-15T18:25:49.995Z</time>
      </trkpt>
      <trkpt lat="50.996394" lon="13.646863">
        <ele>174.254756</ele>
        <time>2025-06-15T18:25:51.982Z</time>
      </trkpt>
      <trkpt lat="50.996527" lon="13.647014">
        <ele>174.013050</ele>
        <time>2025-06-15T18:25:54.099Z</time>
      </trkpt>
      <trkpt lat="50.996648" lon="13.647178">
        <ele>173.773052</ele>
        <time>2025-06-15T18:25:56.152Z</time>
      </trkpt>
      <trkpt lat="50.996806" lon="13.647392">
        <ele>173.459759</ele>
        <time>2025-06-15T18:25:58.706Z</time>
      </trkpt>
      <trkpt lat="50.996983" lon="13.647633">
        <ele>173.108010</ele>
        <time>2025-06-15T18:26:01.421Z</time>
      </trkpt>
      <trkpt lat="50.997130" lon="13.647830">
        <ele>172.817820</ele>
        <time>2025-06-15T18:26:03.565Z</time>
      </trkpt>
      <trkpt lat="50.997418" lon="13.648234">
        <ele>172.238091</ele>
        <time>2025-06-15T18:26:07.696Z</time>
      </trkpt>
      <trkpt lat="50.997462" lon="13.648293">
        <ele>172.151211</ele>
        <time>2025-06-15T18:26:08.316Z</time>
      </trkpt>
      <trkpt lat="50.997544" lon="13.648405">
        <ele>171.988038</ele>
        <time>2025-06-15T18:26:09.462Z</time>
      </trkpt>
      <trkpt lat="50.997734" lon="13.648660">
        <ele>171.612735</ele>
        <time>2025-06-15T18:26:12.126Z</time>
      </trkpt>
      <trkpt lat="50.997852" lon="13.648802">
        <ele>171.428839</ele>
        <time>2025-06-15T18:26:13.720Z</time>
      </trkpt>
      <trkpt lat="50.997948" lon="13.648899">
        <ele>171.302576</ele>
        <time>2025-06-15T18:26:14.973Z</time>
      </trkpt>
      <trkpt lat="50.998068" lon="13.649022">
        <ele>171.144088</ele>
        <time>2025-06-15T18:26:16.545Z</time>
      </trkpt>
      <trkpt lat="50.998283" lon="13.649189">
        <ele>170.878485</ele>
        <time>2025-06-15T18:26:19.239Z</time>
      </trkpt>
      <trkpt lat="50.998499" lon="13.649357">
        <ele>170.611580</ele>
        <time>2025-06-15T18:26:22.030Z</time>
      </trkpt>
      <trkpt lat="50.998785" lon="13.649580">
        <ele>170.258006</ele>
        <time>2025-06-15T18:26:25.919Z</time>
      </trkpt>
      <trkpt lat="50.998912" lon="13.649681">
        <ele>170.100387</ele>
        <time>2025-06-15T18:26:27.703Z</time>
      </trkpt>
      <trkpt lat="50.999493" lon="13.650100">
        <ele>169.414573</ele>
        <time>2025-06-15T18:26:36.063Z</time>
      </trkpt>
      <trkpt lat="50.999461" lon="13.650258">
        <ele>169.315875</ele>
        <time>2025-06-15T18:26:37.428Z</time>
      </trkpt>
      <trkpt lat="50.999393" lon="13.650566">
        <ele>169.121784</ele>
        <time>2025-06-15T18:26:40.068Z</time>
      </trkpt>
      <trkpt lat="50.999384" lon="13.650601">
        <ele>169.099302</ele>
        <time>2025-06-15T18:26:40.359Z</time>
      </trkpt>
      <trkpt lat="50.999375" lon="13.650642">
        <ele>169.073481</ele>
        <time>2025-06-15T18:26:40.698Z</time>
      </trkpt>
      <trkpt lat="50.999322" lon="13.650867">
        <ele>168.930623</ele>
        <time>2025-06-15T18:26:42.544Z</time>
      </trkpt>
      <trkpt lat="50.999302" lon="13.650944">
        <ele>168.881089</ele>
        <time>2025-06-15T18:26:43.178Z</time>
      </trkpt>
      <trkpt lat="50.999277" lon="13.651050">
        <ele>168.813777</ele>
        <time>2025-06-15T18:26:44.031Z</time>
      </trkpt>
      <trkpt lat="50.999313" lon="13.651067">
        <ele>168.778291</ele>
        <time>2025-06-15T18:26:44.475Z</time>
      </trkpt>
      <trkpt lat="50.999322" lon="13.651071">
        <ele>168.769461</ele>
        <time>2025-06-15T18:26:44.580Z</time>
      </trkpt>
      <trkpt lat="50.999720" lon="13.651281">
        <ele>168.373211</ele>
        <time>2025-06-15T18:26:50.057Z</time>
      </trkpt>
      <trkpt lat="50.999777" lon="13.651311">
        <ele>168.316475</ele>
        <time>2025-06-15T18:26:50.832Z</time>
      </trkpt>
      <trkpt lat="50.999814" lon="13.651472">
        <ele>168.214556</ele>
        <time>2025-06-15T18:26:52.994Z</time>
      </trkpt>
      <trkpt lat="51.000066" lon="13.651602">
        <ele>167.964214</ele>
        <time>2025-06-15T18:26:56.422Z</time>
      </trkpt>
      <trkpt lat="51.000356" lon="13.651750">
        <ele>167.675390</ele>
        <time>2025-06-15T18:27:00.350Z</time>
      </trkpt>
      <trkpt lat="51.000474" lon="13.651845">
        <ele>167.549631</ele>
        <time>2025-06-15T18:27:02.078Z</time>
      </trkpt>
      <trkpt lat="51.000544" lon="13.651878">
        <ele>167.480216</ele>
        <time>2025-06-15T18:27:03.565Z</time>
      </trkpt>
      <trkpt lat="51.000618" lon="13.651924">
        <ele>167.404673</ele>
        <time>2025-06-15T18:27:04.600Z</time>
      </trkpt>
      <trkpt lat="51.000640" lon="13.651817">
        <ele>167.337326</ele>
        <time>2025-06-15T18:27:05.530Z</time>
      </trkpt>
      <trkpt lat="51.000710" lon="13.651859">
        <ele>167.266192</ele>
        <time>2025-06-15T18:27:07.061Z</time>
      </trkpt>
      <trkpt lat="51.000940" lon="13.652152">
        <ele>166.985940</ele>
        <time>2025-06-15T18:27:13.163Z</time>
      </trkpt>
      <trkpt lat="51.001053" lon="13.652251">
        <ele>166.863266</ele>
        <time>2025-06-15T18:27:15.871Z</time>
      </trkpt>
      <trkpt lat="51.001180" lon="13.652437">
        <ele>166.699068</ele>
        <time>2025-06-15T18:27:19.494Z</time>
      </trkpt>
      <trkpt lat="51.001215" lon="13.652528">
        <ele>166.635262</ele>
        <time>2025-06-15T18:27:20.891Z</time>
      </trkpt>
      <trkpt lat="51.001249" lon="13.652598">
        <ele>166.582359</ele>
        <time>2025-06-15T18:27:21.584Z</time>
      </trkpt>
      <trkpt lat="51.001266" lon="13.652633">
        <ele>166.555908</ele>
        <time>2025-06-15T18:27:21.938Z</time>
      </trkpt>
      <trkpt lat="51.001302" lon="13.652707">
        <ele>166.499949</ele>
        <time>2025-06-15T18:27:22.648Z</time>
      </trkpt>
      <trkpt lat="51.001318" lon="13.652741">
        <ele>166.474549</ele>
        <time>2025-06-15T18:27:22.981Z</time>
      </trkpt>
      <trkpt lat="51.001348" lon="13.652803">
        <ele>166.427759</ele>
        <time>2025-06-15T18:27:23.598Z</time>
      </trkpt>
      <trkpt lat="51.001445" lon="13.653004">
        <ele>166.276217</ele>
        <time>2025-06-15T18:27:25.557Z</time>
      </trkpt>
      <trkpt lat="51.001469" lon="13.653054">
        <ele>166.238595</ele>
        <time>2025-06-15T18:27:26.040Z</time>
      </trkpt>
      <trkpt lat="51.001540" lon="13.653208">
        <ele>166.130598</ele>
        <time>2025-06-15T18:27:27.532Z</time>
      </trkpt>
      <trkpt lat="51.001617" lon="13.653359">
        <ele>166.099066</ele>
        <time>2025-06-15T18:27:29.058Z</time>
      </trkpt>
      <trkpt lat="51.001656" lon="13.653388">
        <ele>166.087964</ele>
        <time>2025-06-15T18:27:29.596Z</time>
      </trkpt>
      <trkpt lat="51.001732" lon="13.653439">
        <ele>166.066695</ele>
        <time>2025-06-15T18:27:30.626Z</time>
      </trkpt>
      <trkpt lat="51.001838" lon="13.653625">
        <ele>166.025982</ele>
        <time>2025-06-15T18:27:32.609Z</time>
      </trkpt>
      <trkpt lat="51.001891" lon="13.653663">
        <ele>166.010991</ele>
        <time>2025-06-15T18:27:33.344Z</time>
      </trkpt>
      <trkpt lat="51.001921" lon="13.653721">
        <ele>165.998810</ele>
        <time>2025-06-15T18:27:33.938Z</time>
      </trkpt>
      <trkpt lat="51.002017" lon="13.653985">
        <ele>165.949341</ele>
        <time>2025-06-15T18:27:36.426Z</time>
      </trkpt>
      <trkpt lat="51.002159" lon="13.654374">
        <ele>165.876378</ele>
        <time>2025-06-15T18:27:40.096Z</time>
      </trkpt>
      <trkpt lat="51.002344" lon="13.654724">
        <ele>165.802220</ele>
        <time>2025-06-15T18:27:43.922Z</time>
      </trkpt>
      <trkpt lat="51.002532" lon="13.655039">
        <ele>165.731784</ele>
        <time>2025-06-15T18:27:47.611Z</time>
      </trkpt>
      <trkpt lat="51.002548" lon="13.655067">
        <ele>165.725648</ele>
        <time>2025-06-15T18:27:47.955Z</time>
      </trkpt>
      <trkpt lat="51.002625" lon="13.655166">
        <ele>165.700112</ele>
        <time>2025-06-15T18:27:49.321Z</time>
      </trkpt>
      <trkpt lat="51.002674" lon="13.655209">
        <ele>165.685681</ele>
        <time>2025-06-15T18:27:50.096Z</time>
      </trkpt>
      <trkpt lat="51.002819" lon="13.655325">
        <ele>165.615802</ele>
        <time>2025-06-15T18:27:52.277Z</time>
      </trkpt>
      <trkpt lat="51.003183" lon="13.655638">
        <ele>165.391184</ele>
        <time>2025-06-15T18:27:57.612Z</time>
      </trkpt>
      <trkpt lat="51.003346" lon="13.655769">
        <ele>165.292051</ele>
        <time>2025-06-15T18:27:59.852Z</time>
      </trkpt>
      <trkpt lat="51.003389" lon="13.655813">
        <ele>165.264295</ele>
        <time>2025-06-15T18:28:00.479Z</time>
      </trkpt>
      <trkpt lat="51.003920" lon="13.656267">
        <ele>164.937047</ele>
        <time>2025-06-15T18:28:07.885Z</time>
      </trkpt>
      <trkpt lat="51.003969" lon="13.656308">
        <ele>164.906993</ele>
        <time>2025-06-15T18:28:08.546Z</time>
      </trkpt>
      <trkpt lat="51.004012" lon="13.656352">
        <ele>164.879237</ele>
        <time>2025-06-15T18:28:09.161Z</time>
      </trkpt>
      <trkpt lat="51.004144" lon="13.656574">
        <ele>164.774928</ele>
        <time>2025-06-15T18:28:11.458Z</time>
      </trkpt>
      <trkpt lat="51.004306" lon="13.656773">
        <ele>164.680594</ele>
        <time>2025-06-15T18:28:13.903Z</time>
      </trkpt>
      <trkpt lat="51.004382" lon="13.656826">
        <ele>164.661431</ele>
        <time>2025-06-15T18:28:14.901Z</time>
      </trkpt>
      <trkpt lat="51.004494" lon="13.656913">
        <ele>164.632647</ele>
        <time>2025-06-15T18:28:16.425Z</time>
      </trkpt>
      <trkpt lat="51.004576" lon="13.656988">
        <ele>164.610801</ele>
        <time>2025-06-15T18:28:17.588Z</time>
      </trkpt>
      <trkpt lat="51.004664" lon="13.657068">
        <ele>164.587393</ele>
        <time>2025-06-15T18:28:18.866Z</time>
      </trkpt>
      <trkpt lat="51.004760" lon="13.657155">
        <ele>164.561876</ele>
        <time>2025-06-15T18:28:20.266Z</time>
      </trkpt>
      <trkpt lat="51.004743" lon="13.657218">
        <ele>164.551917</ele>
        <time>2025-06-15T18:28:20.993Z</time>
      </trkpt>
      <trkpt lat="51.004740" lon="13.657231">
        <ele>164.549905</ele>
        <time>2025-06-15T18:28:21.144Z</time>
      </trkpt>
      <trkpt lat="51.004691" lon="13.657486">
        <ele>164.511167</ele>
        <time>2025-06-15T18:28:23.569Z</time>
      </trkpt>
      <trkpt lat="51.004691" lon="13.657535">
        <ele>164.504048</ele>
        <time>2025-06-15T18:28:24.025Z</time>
      </trkpt>
      <trkpt lat="51.004724" lon="13.657588">
        <ele>164.493215</ele>
        <time>2025-06-15T18:28:24.724Z</time>
      </trkpt>
      <trkpt lat="51.005058" lon="13.657908">
        <ele>164.403165</ele>
        <time>2025-06-15T18:28:30.667Z</time>
      </trkpt>
      <trkpt lat="51.005147" lon="13.657912">
        <ele>164.382608</ele>
        <time>2025-06-15T18:28:32.055Z</time>
      </trkpt>
      <trkpt lat="51.005356" lon="13.658015">
        <ele>164.332084</ele>
        <time>2025-06-15T18:28:35.345Z</time>
      </trkpt>
      <trkpt lat="51.005509" lon="13.658094">
        <ele>164.294939</ele>
        <time>2025-06-15T18:28:37.739Z</time>
      </trkpt>
      <trkpt lat="51.005785" lon="13.658266">
        <ele>164.273963</ele>
        <time>2025-06-15T18:28:42.274Z</time>
      </trkpt>
      <trkpt lat="51.005867" lon="13.658349">
        <ele>164.272312</ele>
        <time>2025-06-15T18:28:43.744Z</time>
      </trkpt>
      <trkpt lat="51.005971" lon="13.658556">
        <ele>164.269482</ele>
        <time>2025-06-15T18:28:46.204Z</time>
      </trkpt>
      <trkpt lat="51.006122" lon="13.658619">
        <ele>164.266831</ele>
        <time>2025-06-15T18:28:48.492Z</time>
      </trkpt>
      <trkpt lat="51.006212" lon="13.658816">
        <ele>164.264229</ele>
        <time>2025-06-15T18:28:50.709Z</time>
      </trkpt>
      <trkpt lat="51.006280" lon="13.659192">
        <ele>164.260049</ele>
        <time>2025-06-15T18:28:54.998Z</time>
      </trkpt>
      <trkpt lat="51.006314" lon="13.659237">
        <ele>164.259298</ele>
        <time>2025-06-15T18:28:55.764Z</time>
      </trkpt>
      <trkpt lat="51.006349" lon="13.659287">
        <ele>164.258499</ele>
        <time>2025-06-15T18:28:56.389Z</time>
      </trkpt>
      <trkpt lat="51.006377" lon="13.659326">
        <ele>164.257867</ele>
        <time>2025-06-15T18:28:56.904Z</time>
      </trkpt>
      <trkpt lat="51.006510" lon="13.659524">
        <ele>164.254772</ele>
        <time>2025-06-15T18:29:00.131Z</time>
      </trkpt>
      <trkpt lat="51.006528" lon="13.659629">
        <ele>164.253609</ele>
        <time>2025-06-15T18:29:01.321Z</time>
      </trkpt>
      <trkpt lat="51.006580" lon="13.659743">
        <ele>164.252105</ele>
        <time>2025-06-15T18:29:02.532Z</time>
      </trkpt>
      <trkpt lat="51.006763" lon="13.660243">
        <ele>164.240870</ele>
        <time>2025-06-15T18:29:07.364Z</time>
      </trkpt>
      <trkpt lat="51.006887" lon="13.660583">
        <ele>164.219893</ele>
        <time>2025-06-15T18:29:10.620Z</time>
      </trkpt>
      <trkpt lat="51.007026" lon="13.660790">
        <ele>164.203734</ele>
        <time>2025-06-15T18:29:13.075Z</time>
      </trkpt>
      <trkpt lat="51.007096" lon="13.660847">
        <ele>164.197061</ele>
        <time>2025-06-15T18:29:14.108Z</time>
      </trkpt>
      <trkpt lat="51.007182" lon="13.660823">
        <ele>164.189654</ele>
        <time>2025-06-15T18:29:15.224Z</time>
      </trkpt>
      <trkpt lat="51.007289" lon="13.660734">
        <ele>164.179409</ele>
        <time>2025-06-15T18:29:16.822Z</time>
      </trkpt>
      <trkpt lat="51.007554" lon="13.660466">
        <ele>164.152762</ele>
        <time>2025-06-15T18:29:21.111Z</time>
      </trkpt>
      <trkpt lat="51.007567" lon="13.660449">
        <ele>164.151334</ele>
        <time>2025-06-15T18:29:21.344Z</time>
      </trkpt>
      <trkpt lat="51.007653" lon="13.660338">
        <ele>164.141936</ele>
        <time>2025-06-15T18:29:22.878Z</time>
      </trkpt>
      <trkpt lat="51.007695" lon="13.660272">
        <ele>164.136925</ele>
        <time>2025-06-15T18:29:23.654Z</time>
      </trkpt>
      <trkpt lat="51.007914" lon="13.659899">
        <ele>164.109694</ele>
        <time>2025-06-15T18:29:27.809Z</time>
      </trkpt>
      <trkpt lat="51.007946" lon="13.659849">
        <ele>164.105887</ele>
        <time>2025-06-15T18:29:28.375Z</time>
      </trkpt>
      <trkpt lat="51.007982" lon="13.659786">
        <ele>164.101344</ele>
        <time>2025-06-15T18:29:29.059Z</time>
      </trkpt>
      <trkpt lat="51.008027" lon="13.659838">
        <ele>164.096624</ele>
        <time>2025-06-15T18:29:29.766Z</time>
      </trkpt>
      <trkpt lat="51.008063" lon="13.659880">
        <ele>164.097181</ele>
        <time>2025-06-15T18:29:30.340Z</time>
      </trkpt>
      <trkpt lat="51.008182" lon="13.660017">
        <ele>164.115324</ele>
        <time>2025-06-15T18:29:32.221Z</time>
      </trkpt>
      <trkpt lat="51.008227" lon="13.660069">
        <ele>164.122194</ele>
        <time>2025-06-15T18:29:32.941Z</time>
      </trkpt>
      <trkpt lat="51.008298" lon="13.660151">
        <ele>164.133031</ele>
        <time>2025-06-15T18:29:34.095Z</time>
      </trkpt>
      <trkpt lat="51.008372" lon="13.660236">
        <ele>164.144304</ele>
        <time>2025-06-15T18:29:35.336Z</time>
      </trkpt>
      <trkpt lat="51.008418" lon="13.660290">
        <ele>164.151366</ele>
        <time>2025-06-15T18:29:36.118Z</time>
      </trkpt>
      <trkpt lat="51.008488" lon="13.660362">
        <ele>164.161661</ele>
        <time>2025-06-15T18:29:37.307Z</time>
      </trkpt>
      <trkpt lat="51.008561" lon="13.660438">
        <ele>164.172436</ele>
        <time>2025-06-15T18:29:38.592Z</time>
      </trkpt>
      <trkpt lat="51.008586" lon="13.660465">
        <ele>164.176168</ele>
        <time>2025-06-15T18:29:39.049Z</time>
      </trkpt>
      <trkpt lat="51.008791" lon="13.660706">
        <ele>164.207653</ele>
        <time>2025-06-15T18:29:42.995Z</time>
      </trkpt>
      <trkpt lat="51.008942" lon="13.660874">
        <ele>164.230411</ele>
        <time>2025-06-15T18:29:45.886Z</time>
      </trkpt>
      <trkpt lat="51.009022" lon="13.660931">
        <ele>164.241237</ele>
        <time>2025-06-15T18:29:47.116Z</time>
      </trkpt>
      <trkpt lat="51.009032" lon="13.661027">
        <ele>164.248796</ele>
        <time>2025-06-15T18:29:47.935Z</time>
      </trkpt>
      <trkpt lat="51.009286" lon="13.661489">
        <ele>164.296460</ele>
        <time>2025-06-15T18:29:53.013Z</time>
      </trkpt>
      <trkpt lat="51.009364" lon="13.661584">
        <ele>164.308594</ele>
        <time>2025-06-15T18:29:54.272Z</time>
      </trkpt>
      <trkpt lat="51.009540" lon="13.661994">
        <ele>164.084857</ele>
        <time>2025-06-15T18:29:58.377Z</time>
      </trkpt>
      <trkpt lat="51.009625" lon="13.662035">
        <ele>164.001388</ele>
        <time>2025-06-15T18:29:59.695Z</time>
      </trkpt>
      <trkpt lat="51.009765" lon="13.661974">
        <ele>163.864981</ele>
        <time>2025-06-15T18:30:01.626Z</time>
      </trkpt>
      <trkpt lat="51.009824" lon="13.662000">
        <ele>163.807450</ele>
        <time>2025-06-15T18:30:02.392Z</time>
      </trkpt>
      <trkpt lat="51.009944" lon="13.662045">
        <ele>163.691594</ele>
        <time>2025-06-15T18:30:03.989Z</time>
      </trkpt>
      <trkpt lat="51.009972" lon="13.662182">
        <ele>163.606430</ele>
        <time>2025-06-15T18:30:05.110Z</time>
      </trkpt>
      <trkpt lat="51.010004" lon="13.662204">
        <ele>163.573669</ele>
        <time>2025-06-15T18:30:05.541Z</time>
      </trkpt>
      <trkpt lat="51.010226" lon="13.662268">
        <ele>163.361660</ele>
        <time>2025-06-15T18:30:08.165Z</time>
      </trkpt>
      <trkpt lat="51.010357" lon="13.662270">
        <ele>163.238558</ele>
        <time>2025-06-15T18:30:09.646Z</time>
      </trkpt>
      <trkpt lat="51.010383" lon="13.662316">
        <ele>163.202000</ele>
        <time>2025-06-15T18:30:10.085Z</time>
      </trkpt>
      <trkpt lat="51.010370" lon="13.662643">
        <ele>163.008286</ele>
        <time>2025-06-15T18:30:12.384Z</time>
      </trkpt>
      <trkpt lat="51.010379" lon="13.662681">
        <ele>162.984281</ele>
        <time>2025-06-15T18:30:12.667Z</time>
      </trkpt>
      <trkpt lat="51.010512" lon="13.662671">
        <ele>162.859166</ele>
        <time>2025-06-15T18:30:14.126Z</time>
      </trkpt>
      <trkpt lat="51.011032" lon="13.662774">
        <ele>162.314480</ele>
        <time>2025-06-15T18:30:20.166Z</time>
      </trkpt>
      <trkpt lat="51.011204" lon="13.662951">
        <ele>162.083195</ele>
        <time>2025-06-15T18:30:22.550Z</time>
      </trkpt>
      <trkpt lat="51.011223" lon="13.662983">
        <ele>162.051947</ele>
        <time>2025-06-15T18:30:22.880Z</time>
      </trkpt>
      <trkpt lat="51.011485" lon="13.663175">
        <ele>161.726294</ele>
        <time>2025-06-15T18:30:26.144Z</time>
      </trkpt>
      <trkpt lat="51.011592" lon="13.663251">
        <ele>161.594007</ele>
        <time>2025-06-15T18:30:27.452Z</time>
      </trkpt>
      <trkpt lat="51.011669" lon="13.663284">
        <ele>161.503989</ele>
        <time>2025-06-15T18:30:28.343Z</time>
      </trkpt>
      <trkpt lat="51.011847" lon="13.663420">
        <ele>161.281063</ele>
        <time>2025-06-15T18:30:30.597Z</time>
      </trkpt>
      <trkpt lat="51.011900" lon="13.663466">
        <ele>161.212901</ele>
        <time>2025-06-15T18:30:31.300Z</time>
      </trkpt>
      <trkpt lat="51.012757" lon="13.664316">
        <ele>160.318049</ele>
        <time>2025-06-15T18:30:44.287Z</time>
      </trkpt>
      <trkpt lat="51.012804" lon="13.664415">
        <ele>160.271242</ele>
        <time>2025-06-15T18:30:45.277Z</time>
      </trkpt>
      <trkpt lat="51.012878" lon="13.664620">
        <ele>160.182045</ele>
        <time>2025-06-15T18:30:47.205Z</time>
      </trkpt>
      <trkpt lat="51.012892" lon="13.664660">
        <ele>160.164770</ele>
        <time>2025-06-15T18:30:47.597Z</time>
      </trkpt>
      <trkpt lat="51.012957" lon="13.664847">
        <ele>160.084142</ele>
        <time>2025-06-15T18:30:49.386Z</time>
      </trkpt>
      <trkpt lat="51.013055" lon="13.665128">
        <ele>159.962889</ele>
        <time>2025-06-15T18:30:52.008Z</time>
      </trkpt>
      <trkpt lat="51.013163" lon="13.665039">
        <ele>159.889914</ele>
        <time>2025-06-15T18:30:53.534Z</time>
      </trkpt>
      <trkpt lat="51.013250" lon="13.664971">
        <ele>159.831758</ele>
        <time>2025-06-15T18:30:55.118Z</time>
      </trkpt>
      <trkpt lat="51.013349" lon="13.664931">
        <ele>159.770483</ele>
        <time>2025-06-15T18:30:56.801Z</time>
      </trkpt>
      <trkpt lat="51.013472" lon="13.665083">
        <ele>159.677024</ele>
        <time>2025-06-15T18:30:59.317Z</time>
      </trkpt>
      <trkpt lat="51.013542" lon="13.665167">
        <ele>159.624410</ele>
        <time>2025-06-15T18:31:00.708Z</time>
      </trkpt>
      <trkpt lat="51.013621" lon="13.665268">
        <ele>159.563594</ele>
        <time>2025-06-15T18:31:02.320Z</time>
      </trkpt>
      <trkpt lat="51.013682" lon="13.665364">
        <ele>159.507214</ele>
        <time>2025-06-15T18:31:03.676Z</time>
      </trkpt>
      <trkpt lat="51.013731" lon="13.665435">
        <ele>159.430855</ele>
        <time>2025-06-15T18:31:04.707Z</time>
      </trkpt>
      <trkpt lat="51.013766" lon="13.665488">
        <ele>159.375184</ele>
        <time>2025-06-15T18:31:05.447Z</time>
      </trkpt>
      <trkpt lat="51.013804" lon="13.665541">
        <ele>159.316963</ele>
        <time>2025-06-15T18:31:06.246Z</time>
      </trkpt>
      <trkpt lat="51.013880" lon="13.665674">
        <ele>159.186785</ele>
        <time>2025-06-15T18:31:07.964Z</time>
      </trkpt>
      <trkpt lat="51.013990" lon="13.666035">
        <ele>158.896167</ele>
        <time>2025-06-15T18:31:10.792Z</time>
      </trkpt>
      <trkpt lat="51.014047" lon="13.666574">
        <ele>158.500168</ele>
        <time>2025-06-15T18:31:14.744Z</time>
      </trkpt>
      <trkpt lat="51.014047" lon="13.666797">
        <ele>158.338598</ele>
        <time>2025-06-15T18:31:16.360Z</time>
      </trkpt>
      <trkpt lat="51.014025" lon="13.667649">
        <ele>157.720780</ele>
        <time>2025-06-15T18:31:22.503Z</time>
      </trkpt>
      <trkpt lat="51.013992" lon="13.668196">
        <ele>157.465963</ele>
        <time>2025-06-15T18:31:26.844Z</time>
      </trkpt>
      <trkpt lat="51.014010" lon="13.668445">
        <ele>157.495294</ele>
        <time>2025-06-15T18:31:29.048Z</time>
      </trkpt>
      <trkpt lat="51.014066" lon="13.668393">
        <ele>157.507358</ele>
        <time>2025-06-15T18:31:30.257Z</time>
      </trkpt>
      <trkpt lat="51.014261" lon="13.668220">
        <ele>157.548897</ele>
        <time>2025-06-15T18:31:33.610Z</time>
      </trkpt>
      <trkpt lat="51.014470" lon="13.668012">
        <ele>157.594764</ele>
        <time>2025-06-15T18:31:37.247Z</time>
      </trkpt>
      <trkpt lat="51.015025" lon="13.667508">
        <ele>157.713659</ele>
        <time>2025-06-15T18:31:46.988Z</time>
      </trkpt>
      <trkpt lat="51.015146" lon="13.667393">
        <ele>157.739883</ele>
        <time>2025-06-15T18:31:49.181Z</time>
      </trkpt>
      <trkpt lat="51.015161" lon="13.667433">
        <ele>157.745332</ele>
        <time>2025-06-15T18:31:49.632Z</time>
      </trkpt>
      <trkpt lat="51.015410" lon="13.668069">
        <ele>157.652560</ele>
        <time>2025-06-15T18:31:58.631Z</time>
      </trkpt>
      <trkpt lat="51.015609" lon="13.668584">
        <ele>157.479726</ele>
        <time>2025-06-15T18:32:05.030Z</time>
      </trkpt>
      <trkpt lat="51.015699" lon="13.668793">
        <ele>157.407299</ele>
        <time>2025-06-15T18:32:07.642Z</time>
      </trkpt>
      <trkpt lat="51.015959" lon="13.669405">
        <ele>157.196121</ele>
        <time>2025-06-15T18:32:15.237Z</time>
      </trkpt>
      <trkpt lat="51.016048" lon="13.669619">
        <ele>157.122762</ele>
        <time>2025-06-15T18:32:17.882Z</time>
      </trkpt>
      <trkpt lat="51.016139" lon="13.669842">
        <ele>157.046751</ele>
        <time>2025-06-15T18:32:20.599Z</time>
      </trkpt>
      <trkpt lat="51.016370" lon="13.670387">
        <ele>156.975663</ele>
        <time>2025-06-15T18:32:27.272Z</time>
      </trkpt>
      <trkpt lat="51.016638" lon="13.671017">
        <ele>157.002067</ele>
        <time>2025-06-15T18:32:35.088Z</time>
      </trkpt>
      <trkpt lat="51.017052" lon="13.671998">
        <ele>157.043081</ele>
        <time>2025-06-15T18:32:49.637Z</time>
      </trkpt>
      <trkpt lat="51.017125" lon="13.672250">
        <ele>157.052713</ele>
        <time>2025-06-15T18:32:53.160Z</time>
      </trkpt>
      <trkpt lat="51.017242" lon="13.672726">
        <ele>157.112456</ele>
        <time>2025-06-15T18:32:59.402Z</time>
      </trkpt>
      <trkpt lat="51.017337" lon="13.673205">
        <ele>157.219464</ele>
        <time>2025-06-15T18:33:05.282Z</time>
      </trkpt>
      <trkpt lat="51.017378" lon="13.673419">
        <ele>157.267126</ele>
        <time>2025-06-15T18:33:07.852Z</time>
      </trkpt>
      <trkpt lat="51.017691" lon="13.675106">
        <ele>157.641864</ele>
        <time>2025-06-15T18:33:27.547Z</time>
      </trkpt>
      <trkpt lat="51.017789" lon="13.675424">
        <ele>157.775235</ele>
        <time>2025-06-15T18:33:31.736Z</time>
      </trkpt>
      <trkpt lat="51.017953" lon="13.675847">
        <ele>158.014814</ele>
        <time>2025-06-15T18:33:38.441Z</time>
      </trkpt>
      <trkpt lat="51.018219" lon="13.676293">
        <ele>158.311142</ele>
        <time>2025-06-15T18:33:46.985Z</time>
      </trkpt>
      <trkpt lat="51.018690" lon="13.677035">
        <ele>158.819389</ele>
        <time>2025-06-15T18:34:01.248Z</time>
      </trkpt>
      <trkpt lat="51.019603" lon="13.678089">
        <ele>158.215914</ele>
        <time>2025-06-15T18:34:20.148Z</time>
      </trkpt>
      <trkpt lat="51.019928" lon="13.678533">
        <ele>157.783922</ele>
        <time>2025-06-15T18:34:26.622Z</time>
      </trkpt>
      <trkpt lat="51.020601" lon="13.679663">
        <ele>156.621567</ele>
        <time>2025-06-15T18:34:41.795Z</time>
      </trkpt>
      <trkpt lat="51.020764" lon="13.680012">
        <ele>156.235869</ele>
        <time>2025-06-15T18:34:46.062Z</time>
      </trkpt>
      <trkpt lat="51.020903" lon="13.680603">
        <ele>155.676012</ele>
        <time>2025-06-15T18:34:52.270Z</time>
      </trkpt>
      <trkpt lat="51.020936" lon="13.680954">
        <ele>155.361108</ele>
        <time>2025-06-15T18:34:55.748Z</time>
      </trkpt>
      <trkpt lat="51.020929" lon="13.681408">
        <ele>154.958149</ele>
        <time>2025-06-15T18:35:00.197Z</time>
      </trkpt>
      <trkpt lat="51.020924" lon="13.681877">
        <ele>154.660868</ele>
        <time>2025-06-15T18:35:04.775Z</time>
      </trkpt>
      <trkpt lat="51.020930" lon="13.682123">
        <ele>154.607097</ele>
        <time>2025-06-15T18:35:07.196Z</time>
      </trkpt>
      <trkpt lat="51.020847" lon="13.682868">
        <ele>154.441844</ele>
        <time>2025-06-15T18:35:14.853Z</time>
      </trkpt>
      <trkpt lat="51.020858" lon="13.683319">
        <ele>154.343264</ele>
        <time>2025-06-15T18:35:19.710Z</time>
      </trkpt>
      <trkpt lat="51.020931" lon="13.683594">
        <ele>154.278070</ele>
        <time>2025-06-15T18:35:22.215Z</time>
      </trkpt>
      <trkpt lat="51.021562" lon="13.685433">
        <ele>154.418751</ele>
        <time>2025-06-15T18:35:42.030Z</time>
      </trkpt>
      <trkpt lat="51.021780" lon="13.685852">
        <ele>154.578999</ele>
        <time>2025-06-15T18:35:47.481Z</time>
      </trkpt>
      <trkpt lat="51.022318" lon="13.686476">
        <ele>154.891010</ele>
        <time>2025-06-15T18:35:57.223Z</time>
      </trkpt>
      <trkpt lat="51.022651" lon="13.687005">
        <ele>154.546727</ele>
        <time>2025-06-15T18:36:03.367Z</time>
      </trkpt>
      <trkpt lat="51.022734" lon="13.687227">
        <ele>154.400913</ele>
        <time>2025-06-15T18:36:05.385Z</time>
      </trkpt>
      <trkpt lat="51.022775" lon="13.687442">
        <ele>154.274065</ele>
        <time>2025-06-15T18:36:07.096Z</time>
      </trkpt>
      <trkpt lat="51.022803" lon="13.688115">
        <ele>153.893251</ele>
        <time>2025-06-15T18:36:12.067Z</time>
      </trkpt>
      <trkpt lat="51.022781" lon="13.688433">
        <ele>153.712622</ele>
        <time>2025-06-15T18:36:14.385Z</time>
      </trkpt>
      <trkpt lat="51.022726" lon="13.688707">
        <ele>153.550232</ele>
        <time>2025-06-15T18:36:16.462Z</time>
      </trkpt>
      <trkpt lat="51.022580" lon="13.689172">
        <ele>153.218346</ele>
        <time>2025-06-15T18:36:20.224Z</time>
      </trkpt>
      <trkpt lat="51.022520" lon="13.689450">
        <ele>152.915373</ele>
        <time>2025-06-15T18:36:22.348Z</time>
      </trkpt>
      <trkpt lat="51.022445" lon="13.689961">
        <ele>152.374465</ele>
        <time>2025-06-15T18:36:26.092Z</time>
      </trkpt>
      <trkpt lat="51.022370" lon="13.690798">
        <ele>151.502941</ele>
        <time>2025-06-15T18:36:32.050Z</time>
      </trkpt>
      <trkpt lat="51.022382" lon="13.691149">
        <ele>151.140582</ele>
        <time>2025-06-15T18:36:34.532Z</time>
      </trkpt>
      <trkpt lat="51.022518" lon="13.692127">
        <ele>150.131484</ele>
        <time>2025-06-15T18:36:41.646Z</time>
      </trkpt>
      <trkpt lat="51.022571" lon="13.692473">
        <ele>149.799084</ele>
        <time>2025-06-15T18:36:45.077Z</time>
      </trkpt>
      <trkpt lat="51.022576" lon="13.692515">
        <ele>149.759185</ele>
        <time>2025-06-15T18:36:45.486Z</time>
      </trkpt>
      <trkpt lat="51.022585" lon="13.692578">
        <ele>149.698882</ele>
        <time>2025-06-15T18:36:46.096Z</time>
      </trkpt>
      <trkpt lat="51.022632" lon="13.693128">
        <ele>149.180789</ele>
        <time>2025-06-15T18:36:51.428Z</time>
      </trkpt>
      <trkpt lat="51.022619" lon="13.693596">
        <ele>148.743527</ele>
        <time>2025-06-15T18:36:55.981Z</time>
      </trkpt>
      <trkpt lat="51.022472" lon="13.694885">
        <ele>147.589752</ele>
        <time>2025-06-15T18:37:09.014Z</time>
      </trkpt>
      <trkpt lat="51.022348" lon="13.696243">
        <ele>146.841641</ele>
        <time>2025-06-15T18:37:22.454Z</time>
      </trkpt>
      <trkpt lat="51.022363" lon="13.696660">
        <ele>146.613930</ele>
        <time>2025-06-15T18:37:26.860Z</time>
      </trkpt>
      <trkpt lat="51.022415" lon="13.697123">
        <ele>146.357520</ele>
        <time>2025-06-15T18:37:31.993Z</time>
      </trkpt>
      <trkpt lat="51.022435" lon="13.697297">
        <ele>146.261088</ele>
        <time>2025-06-15T18:37:33.953Z</time>
      </trkpt>
      <trkpt lat="51.022473" lon="13.697691">
        <ele>145.998217</ele>
        <time>2025-06-15T18:37:38.421Z</time>
      </trkpt>
      <trkpt lat="51.022538" lon="13.698260">
        <ele>145.511869</ele>
        <time>2025-06-15T18:37:44.701Z</time>
      </trkpt>
      <trkpt lat="51.022526" lon="13.698467">
        <ele>145.337047</ele>
        <time>2025-06-15T18:37:46.822Z</time>
      </trkpt>
      <trkpt lat="51.022502" lon="13.699008">
        <ele>144.880944</ele>
        <time>2025-06-15T18:37:52.176Z</time>
      </trkpt>
      <trkpt lat="51.022566" lon="13.699408">
        <ele>144.533838</ele>
        <time>2025-06-15T18:37:56.227Z</time>
      </trkpt>
      <trkpt lat="51.022770" lon="13.699869">
        <ele>144.059817</ele>
        <time>2025-06-15T18:38:01.516Z</time>
      </trkpt>
      <trkpt lat="51.023132" lon="13.700397">
        <ele>143.507510</ele>
        <time>2025-06-15T18:38:08.570Z</time>
      </trkpt>
      <trkpt lat="51.023492" lon="13.700750">
        <ele>143.126710</ele>
        <time>2025-06-15T18:38:14.726Z</time>
      </trkpt>
      <trkpt lat="51.023640" lon="13.700813">
        <ele>142.988771</ele>
        <time>2025-06-15T18:38:17.106Z</time>
      </trkpt>
      <trkpt lat="51.024088" lon="13.700803">
        <ele>142.585394</ele>
        <time>2025-06-15T18:38:25.358Z</time>
      </trkpt>
      <trkpt lat="51.024130" lon="13.700781">
        <ele>142.545582</ele>
        <time>2025-06-15T18:38:26.228Z</time>
      </trkpt>
      <trkpt lat="51.024287" lon="13.700734">
        <ele>142.401750</ele>
        <time>2025-06-15T18:38:29.452Z</time>
      </trkpt>
      <trkpt lat="51.024527" lon="13.700594">
        <ele>142.171591</ele>
        <time>2025-06-15T18:38:34.389Z</time>
      </trkpt>
      <trkpt lat="51.024552" lon="13.700553">
        <ele>142.139255</ele>
        <time>2025-06-15T18:38:35.082Z</time>
      </trkpt>
      <trkpt lat="51.024590" lon="13.700535">
        <ele>142.103548</ele>
        <time>2025-06-15T18:38:35.630Z</time>
      </trkpt>
      <trkpt lat="51.024675" lon="13.700474">
        <ele>142.011890</ele>
        <time>2025-06-15T18:38:36.999Z</time>
      </trkpt>
      <trkpt lat="51.024932" lon="13.700242">
        <ele>141.721424</ele>
        <time>2025-06-15T18:38:40.955Z</time>
      </trkpt>
      <trkpt lat="51.025010" lon="13.700171">
        <ele>141.633087</ele>
        <time>2025-06-15T18:38:42.465Z</time>
      </trkpt>
      <trkpt lat="51.025156" lon="13.700085">
        <ele>141.480061</ele>
        <time>2025-06-15T18:38:45.010Z</time>
      </trkpt>
      <trkpt lat="51.025390" lon="13.699959">
        <ele>141.237244</ele>
        <time>2025-06-15T18:38:48.938Z</time>
      </trkpt>
      <trkpt lat="51.026022" lon="13.699866">
        <ele>140.613436</ele>
        <time>2025-06-15T18:38:55.981Z</time>
      </trkpt>
      <trkpt lat="51.026347" lon="13.699856">
        <ele>140.310749</ele>
        <time>2025-06-15T18:38:59.410Z</time>
      </trkpt>
      <trkpt lat="51.028591" lon="13.700277">
        <ele>138.123689</ele>
        <time>2025-06-15T18:39:28.551Z</time>
      </trkpt>
      <trkpt lat="51.028962" lon="13.700402">
        <ele>137.255720</ele>
        <time>2025-06-15T18:39:32.829Z</time>
      </trkpt>
      <trkpt lat="51.029454" lon="13.700690">
        <ele>136.055785</ele>
        <time>2025-06-15T18:39:38.129Z</time>
      </trkpt>
      <trkpt lat="51.029780" lon="13.700925">
        <ele>135.236565</ele>
        <time>2025-06-15T18:39:41.596Z</time>
      </trkpt>
      <trkpt lat="51.030098" lon="13.701213">
        <ele>134.546155</ele>
        <time>2025-06-15T18:39:45.245Z</time>
      </trkpt>
      <trkpt lat="51.030277" lon="13.701378">
        <ele>134.164234</ele>
        <time>2025-06-15T18:39:47.406Z</time>
      </trkpt>
      <trkpt lat="51.030361" lon="13.701450">
        <ele>133.988085</ele>
        <time>2025-06-15T18:39:48.449Z</time>
      </trkpt>
      <trkpt lat="51.030420" lon="13.701488">
        <ele>133.870583</ele>
        <time>2025-06-15T18:39:49.127Z</time>
      </trkpt>
      <trkpt lat="51.030451" lon="13.701506">
        <ele>133.809665</ele>
        <time>2025-06-15T18:39:49.506Z</time>
      </trkpt>
      <trkpt lat="51.030539" lon="13.701609">
        <ele>133.607963</ele>
        <time>2025-06-15T18:39:50.708Z</time>
      </trkpt>
      <trkpt lat="51.030622" lon="13.701664">
        <ele>133.441983</ele>
        <time>2025-06-15T18:39:51.725Z</time>
      </trkpt>
      <trkpt lat="51.030627" lon="13.701725">
        <ele>133.370570</ele>
        <time>2025-06-15T18:39:52.150Z</time>
      </trkpt>
      <trkpt lat="51.030670" lon="13.701830">
        <ele>133.225112</ele>
        <time>2025-06-15T18:39:53.029Z</time>
      </trkpt>
      <trkpt lat="51.030775" lon="13.701877">
        <ele>133.023761</ele>
        <time>2025-06-15T18:39:54.261Z</time>
      </trkpt>
      <trkpt lat="51.030817" lon="13.701858">
        <ele>132.943157</ele>
        <time>2025-06-15T18:39:54.768Z</time>
      </trkpt>
      <trkpt lat="51.030877" lon="13.701752">
        <ele>132.777603</ele>
        <time>2025-06-15T18:39:55.799Z</time>
      </trkpt>
      <trkpt lat="51.030969" lon="13.701745">
        <ele>132.607587</ele>
        <time>2025-06-15T18:39:56.888Z</time>
      </trkpt>
      <trkpt lat="51.031072" lon="13.701712">
        <ele>132.413640</ele>
        <time>2025-06-15T18:39:58.109Z</time>
      </trkpt>
      <trkpt lat="51.031095" lon="13.701716">
        <ele>132.370931</ele>
        <time>2025-06-15T18:39:58.388Z</time>
      </trkpt>
      <trkpt lat="51.031197" lon="13.701733">
        <ele>132.181620</ele>
        <time>2025-06-15T18:39:59.654Z</time>
      </trkpt>
      <trkpt lat="51.031237" lon="13.701740">
        <ele>132.107338</ele>
        <time>2025-06-15T18:40:00.217Z</time>
      </trkpt>
      <trkpt lat="51.031494" lon="13.701794">
        <ele>131.771833</ele>
        <time>2025-06-15T18:40:04.274Z</time>
      </trkpt>
      <trkpt lat="51.031560" lon="13.701807">
        <ele>131.732374</ele>
        <time>2025-06-15T18:40:05.382Z</time>
      </trkpt>
      <trkpt lat="51.031611" lon="13.701818">
        <ele>131.701838</ele>
        <time>2025-06-15T18:40:06.276Z</time>
      </trkpt>
      <trkpt lat="51.031648" lon="13.701826">
        <ele>131.679683</ele>
        <time>2025-06-15T18:40:06.890Z</time>
      </trkpt>
      <trkpt lat="51.031869" lon="13.701871">
        <ele>131.547488</ele>
        <time>2025-06-15T18:40:10.376Z</time>
      </trkpt>
      <trkpt lat="51.031921" lon="13.701881">
        <ele>131.516410</ele>
        <time>2025-06-15T18:40:11.215Z</time>
      </trkpt>
      <trkpt lat="51.031962" lon="13.701888">
        <ele>131.491944</ele>
        <time>2025-06-15T18:40:11.823Z</time>
      </trkpt>
      <trkpt lat="51.032175" lon="13.701935">
        <ele>131.364356</ele>
        <time>2025-06-15T18:40:14.714Z</time>
      </trkpt>
      <trkpt lat="51.032288" lon="13.701959">
        <ele>131.296715</ele>
        <time>2025-06-15T18:40:16.178Z</time>
      </trkpt>
      <trkpt lat="51.032452" lon="13.701991">
        <ele>131.198681</ele>
        <time>2025-06-15T18:40:18.166Z</time>
      </trkpt>
      <trkpt lat="51.032452" lon="13.701828">
        <ele>131.137861</ele>
        <time>2025-06-15T18:40:19.384Z</time>
      </trkpt>
      <trkpt lat="51.032406" lon="13.701809">
        <ele>131.109662</ele>
        <time>2025-06-15T18:40:22.731Z</time>
      </trkpt>
      <trkpt lat="51.032398" lon="13.701765">
        <ele>131.092572</ele>
        <time>2025-06-15T18:40:24.744Z</time>
      </trkpt>
      <trkpt lat="51.032375" lon="13.701666">
        <ele>131.053193</ele>
        <time>2025-06-15T18:40:29.344Z</time>
      </trkpt>
      <trkpt lat="51.032398" lon="13.701765">
        <ele>131.013813</ele>
        <time>2025-06-15T18:40:33.944Z</time>
      </trkpt>
      <trkpt lat="51.032406" lon="13.701809">
        <ele>130.996723</ele>
        <time>2025-06-15T18:40:35.957Z</time>
      </trkpt>
      <trkpt lat="51.032452" lon="13.701828">
        <ele>130.968524</ele>
        <time>2025-06-15T18:40:39.304Z</time>
      </trkpt>
      <trkpt lat="51.032452" lon="13.701991">
        <ele>130.907704</ele>
        <time>2025-06-15T18:40:40.442Z</time>
      </trkpt>
      <trkpt lat="51.032655" lon="13.702061">
        <ele>130.784461</ele>
        <time>2025-06-15T18:40:42.806Z</time>
      </trkpt>
      <trkpt lat="51.032859" lon="13.702215">
        <ele>130.538892</ele>
        <time>2025-06-15T18:40:45.349Z</time>
      </trkpt>
      <trkpt lat="51.033319" lon="13.702560">
        <ele>129.960964</ele>
        <time>2025-06-15T18:40:51.177Z</time>
      </trkpt>
      <trkpt lat="51.033695" lon="13.702847">
        <ele>129.487035</ele>
        <time>2025-06-15T18:40:56.075Z</time>
      </trkpt>
      <trkpt lat="51.033775" lon="13.702907">
        <ele>129.386526</ele>
        <time>2025-06-15T18:40:57.111Z</time>
      </trkpt>
      <trkpt lat="51.033881" lon="13.702990">
        <ele>129.252266</ele>
        <time>2025-06-15T18:40:58.500Z</time>
      </trkpt>
      <trkpt lat="51.034675" lon="13.703602">
        <ele>128.314520</ele>
        <time>2025-06-15T18:41:09.448Z</time>
      </trkpt>
      <trkpt lat="51.034818" lon="13.703710">
        <ele>128.159004</ele>
        <time>2025-06-15T18:41:11.460Z</time>
      </trkpt>
      <trkpt lat="51.035214" lon="13.704026">
        <ele>127.723758</ele>
        <time>2025-06-15T18:41:16.949Z</time>
      </trkpt>
      <trkpt lat="51.035238" lon="13.704045">
        <ele>127.697421</ele>
        <time>2025-06-15T18:41:17.270Z</time>
      </trkpt>
      <trkpt lat="51.035676" lon="13.704398">
        <ele>127.215044</ele>
        <time>2025-06-15T18:41:23.037Z</time>
      </trkpt>
      <trkpt lat="51.035878" lon="13.704557">
        <ele>126.993629</ele>
        <time>2025-06-15T18:41:25.576Z</time>
      </trkpt>
      <trkpt lat="51.036082" lon="13.704717">
        <ele>126.681309</ele>
        <time>2025-06-15T18:41:28.095Z</time>
      </trkpt>
      <trkpt lat="51.036204" lon="13.704808">
        <ele>126.487493</ele>
        <time>2025-06-15T18:41:29.590Z</time>
      </trkpt>
      <trkpt lat="51.036415" lon="13.704912">
        <ele>126.169768</ele>
        <time>2025-06-15T18:41:32.065Z</time>
      </trkpt>
      <trkpt lat="51.036742" lon="13.705016">
        <ele>125.690130</ele>
        <time>2025-06-15T18:41:35.878Z</time>
      </trkpt>
      <trkpt lat="51.036968" lon="13.705063">
        <ele>125.362306</ele>
        <time>2025-06-15T18:41:38.526Z</time>
      </trkpt>
      <trkpt lat="51.037013" lon="13.705070">
        <ele>125.297273</ele>
        <time>2025-06-15T18:41:39.063Z</time>
      </trkpt>
      <trkpt lat="51.037197" lon="13.705096">
        <ele>125.031583</ele>
        <time>2025-06-15T18:41:41.228Z</time>
      </trkpt>
      <trkpt lat="51.037219" lon="13.705099">
        <ele>124.999824</ele>
        <time>2025-06-15T18:41:41.485Z</time>
      </trkpt>
      <trkpt lat="51.037433" lon="13.705121">
        <ele>124.691385</ele>
        <time>2025-06-15T18:41:44.067Z</time>
      </trkpt>
      <trkpt lat="51.037466" lon="13.705123">
        <ele>124.643886</ele>
        <time>2025-06-15T18:41:44.460Z</time>
      </trkpt>
      <trkpt lat="51.037552" lon="13.705129">
        <ele>124.520073</ele>
        <time>2025-06-15T18:41:45.493Z</time>
      </trkpt>
      <trkpt lat="51.037644" lon="13.705133">
        <ele>124.387700</ele>
        <time>2025-06-15T18:41:46.595Z</time>
      </trkpt>
      <trkpt lat="51.037687" lon="13.705135">
        <ele>124.359732</ele>
        <time>2025-06-15T18:41:47.122Z</time>
      </trkpt>
      <trkpt lat="51.037884" lon="13.705140">
        <ele>124.273091</ele>
        <time>2025-06-15T18:41:49.513Z</time>
      </trkpt>
      <trkpt lat="51.038083" lon="13.705140">
        <ele>124.185583</ele>
        <time>2025-06-15T18:41:51.847Z</time>
      </trkpt>
      <trkpt lat="51.038283" lon="13.705141">
        <ele>124.097634</ele>
        <time>2025-06-15T18:41:54.255Z</time>
      </trkpt>
      <trkpt lat="51.038401" lon="13.705141">
        <ele>124.045744</ele>
        <time>2025-06-15T18:41:55.708Z</time>
      </trkpt>
      <trkpt lat="51.038478" lon="13.705135">
        <ele>124.011844</ele>
        <time>2025-06-15T18:41:56.674Z</time>
      </trkpt>
      <trkpt lat="51.038803" lon="13.705110">
        <ele>123.868760</ele>
        <time>2025-06-15T18:42:00.699Z</time>
      </trkpt>
      <trkpt lat="51.038851" lon="13.705105">
        <ele>123.847607</ele>
        <time>2025-06-15T18:42:01.287Z</time>
      </trkpt>
      <trkpt lat="51.039165" lon="13.705028">
        <ele>123.707897</ele>
        <time>2025-06-15T18:42:05.526Z</time>
      </trkpt>
      <trkpt lat="51.039233" lon="13.705005">
        <ele>123.677325</ele>
        <time>2025-06-15T18:42:06.529Z</time>
      </trkpt>
      <trkpt lat="51.039274" lon="13.704990">
        <ele>123.658825</ele>
        <time>2025-06-15T18:42:07.142Z</time>
      </trkpt>
      <trkpt lat="51.039459" lon="13.704915">
        <ele>123.608443</ele>
        <time>2025-06-15T18:42:09.963Z</time>
      </trkpt>
      <trkpt lat="51.039556" lon="13.704858">
        <ele>123.735423</ele>
        <time>2025-06-15T18:42:11.624Z</time>
      </trkpt>
      <trkpt lat="51.039744" lon="13.704736">
        <ele>123.984752</ele>
        <time>2025-06-15T18:42:14.947Z</time>
      </trkpt>
      <trkpt lat="51.039912" lon="13.704627">
        <ele>124.207551</ele>
        <time>2025-06-15T18:42:18.030Z</time>
      </trkpt>
      <trkpt lat="51.040039" lon="13.704544">
        <ele>124.376152</ele>
        <time>2025-06-15T18:42:20.435Z</time>
      </trkpt>
      <trkpt lat="51.040205" lon="13.704431">
        <ele>124.597875</ele>
        <time>2025-06-15T18:42:23.731Z</time>
      </trkpt>
      <trkpt lat="51.040420" lon="13.704290">
        <ele>124.883445</ele>
        <time>2025-06-15T18:42:28.040Z</time>
      </trkpt>
      <trkpt lat="51.040637" lon="13.704147">
        <ele>125.171874</ele>
        <time>2025-06-15T18:42:32.276Z</time>
      </trkpt>
      <trkpt lat="51.040934" lon="13.703950">
        <ele>125.567016</ele>
        <time>2025-06-15T18:42:38.817Z</time>
      </trkpt>
      <trkpt lat="51.041142" lon="13.703815">
        <ele>125.776562</ele>
        <time>2025-06-15T18:42:43.009Z</time>
      </trkpt>
      <trkpt lat="51.041291" lon="13.703717">
        <ele>125.714787</ele>
        <time>2025-06-15T18:42:45.668Z</time>
      </trkpt>
      <trkpt lat="51.041534" lon="13.703558">
        <ele>125.614117</ele>
        <time>2025-06-15T18:42:49.422Z</time>
      </trkpt>
      <trkpt lat="51.041760" lon="13.703420">
        <ele>125.521368</ele>
        <time>2025-06-15T18:42:52.713Z</time>
      </trkpt>
      <trkpt lat="51.041825" lon="13.703400">
        <ele>125.496003</ele>
        <time>2025-06-15T18:42:53.508Z</time>
      </trkpt>
      <trkpt lat="51.041983" lon="13.703371">
        <ele>125.435067</ele>
        <time>2025-06-15T18:42:55.509Z</time>
      </trkpt>
      <trkpt lat="51.042201" lon="13.703376">
        <ele>125.351537</ele>
        <time>2025-06-15T18:42:58.209Z</time>
      </trkpt>
      <trkpt lat="51.042354" lon="13.703420">
        <ele>125.291969</ele>
        <time>2025-06-15T18:43:00.057Z</time>
      </trkpt>
      <trkpt lat="51.042379" lon="13.703428">
        <ele>125.282198</ele>
        <time>2025-06-15T18:43:00.355Z</time>
      </trkpt>
      <trkpt lat="51.042554" lon="13.703517">
        <ele>125.211807</ele>
        <time>2025-06-15T18:43:02.492Z</time>
      </trkpt>
      <trkpt lat="51.042774" lon="13.703663">
        <ele>125.120476</ele>
        <time>2025-06-15T18:43:05.320Z</time>
      </trkpt>
      <trkpt lat="51.042839" lon="13.703712">
        <ele>125.058219</ele>
        <time>2025-06-15T18:43:06.127Z</time>
      </trkpt>
      <trkpt lat="51.043095" lon="13.703903">
        <ele>124.585197</ele>
        <time>2025-06-15T18:43:09.207Z</time>
      </trkpt>
      <trkpt lat="51.043599" lon="13.704254">
        <ele>123.664807</ele>
        <time>2025-06-15T18:43:15.135Z</time>
      </trkpt>
      <trkpt lat="51.043728" lon="13.704339">
        <ele>123.431226</ele>
        <time>2025-06-15T18:43:16.745Z</time>
      </trkpt>
      <trkpt lat="51.043761" lon="13.704365">
        <ele>123.369621</ele>
        <time>2025-06-15T18:43:17.188Z</time>
      </trkpt>
      <trkpt lat="51.043819" lon="13.704417">
        <ele>123.258244</ele>
        <time>2025-06-15T18:43:17.962Z</time>
      </trkpt>
      <trkpt lat="51.043786" lon="13.704574">
        <ele>123.084135</ele>
        <time>2025-06-15T18:43:19.190Z</time>
      </trkpt>
      <trkpt lat="51.043751" lon="13.704586">
        <ele>123.024241</ele>
        <time>2025-06-15T18:43:19.600Z</time>
      </trkpt>
      <trkpt lat="51.043713" lon="13.704659">
        <ele>122.924563</ele>
        <time>2025-06-15T18:43:20.277Z</time>
      </trkpt>
      <trkpt lat="51.043592" lon="13.705112">
        <ele>122.406903</ele>
        <time>2025-06-15T18:43:23.824Z</time>
      </trkpt>
      <trkpt lat="51.043510" lon="13.705437">
        <ele>122.041670</ele>
        <time>2025-06-15T18:43:26.365Z</time>
      </trkpt>
      <trkpt lat="51.043514" lon="13.705634">
        <ele>121.845827</ele>
        <time>2025-06-15T18:43:27.778Z</time>
      </trkpt>
      <trkpt lat="51.043541" lon="13.705614">
        <ele>121.798757</ele>
        <time>2025-06-15T18:43:28.118Z</time>
      </trkpt>
      <trkpt lat="51.043802" lon="13.705670">
        <ele>121.382550</ele>
        <time>2025-06-15T18:43:31.099Z</time>
      </trkpt>
      <trkpt lat="51.043998" lon="13.705716">
        <ele>121.069448</ele>
        <time>2025-06-15T18:43:33.314Z</time>
      </trkpt>
      <trkpt lat="51.044066" lon="13.705741">
        <ele>120.959150</ele>
        <time>2025-06-15T18:43:34.097Z</time>
      </trkpt>
      <trkpt lat="51.044127" lon="13.705810">
        <ele>120.840856</ele>
        <time>2025-06-15T18:43:34.964Z</time>
      </trkpt>
      <trkpt lat="51.044443" lon="13.706298">
        <ele>120.144801</ele>
        <time>2025-06-15T18:43:40.051Z</time>
      </trkpt>
      <trkpt lat="51.044542" lon="13.706500">
        <ele>119.890319</ele>
        <time>2025-06-15T18:43:41.828Z</time>
      </trkpt>
      <trkpt lat="51.044558" lon="13.706598">
        <ele>119.789718</ele>
        <time>2025-06-15T18:43:42.526Z</time>
      </trkpt>
      <trkpt lat="51.044606" lon="13.706737">
        <ele>119.632148</ele>
        <time>2025-06-15T18:43:43.632Z</time>
      </trkpt>
      <trkpt lat="51.044830" lon="13.706865">
        <ele>119.255998</ele>
        <time>2025-06-15T18:43:46.279Z</time>
      </trkpt>
      <trkpt lat="51.045141" lon="13.707425">
        <ele>118.681754</ele>
        <time>2025-06-15T18:43:51.583Z</time>
      </trkpt>
      <trkpt lat="51.045757" lon="13.708528">
        <ele>117.549753</ele>
        <time>2025-06-15T18:44:02.561Z</time>
      </trkpt>
      <trkpt lat="51.045910" lon="13.708793">
        <ele>117.273694</ele>
        <time>2025-06-15T18:44:05.274Z</time>
      </trkpt>
      <trkpt lat="51.046151" lon="13.709295">
        <ele>116.925768</ele>
        <time>2025-06-15T18:44:10.054Z</time>
      </trkpt>
      <trkpt lat="51.046295" lon="13.709522">
        <ele>116.804672</ele>
        <time>2025-06-15T18:44:12.516Z</time>
      </trkpt>
      <trkpt lat="51.046517" lon="13.709844">
        <ele>116.625219</ele>
        <time>2025-06-15T18:44:16.191Z</time>
      </trkpt>
      <trkpt lat="51.046613" lon="13.709938">
        <ele>116.557885</ele>
        <time>2025-06-15T18:44:17.580Z</time>
      </trkpt>
      <trkpt lat="51.046642" lon="13.709990">
        <ele>116.531783</ele>
        <time>2025-06-15T18:44:18.125Z</time>
      </trkpt>
      <trkpt lat="51.046675" lon="13.710045">
        <ele>116.503234</ele>
        <time>2025-06-15T18:44:18.721Z</time>
      </trkpt>
      <trkpt lat="51.046872" lon="13.710376">
        <ele>116.332077</ele>
        <time>2025-06-15T18:44:22.290Z</time>
      </trkpt>
      <trkpt lat="51.047121" lon="13.710685">
        <ele>116.143441</ele>
        <time>2025-06-15T18:44:26.245Z</time>
      </trkpt>
      <trkpt lat="51.047211" lon="13.710839">
        <ele>116.064486</ele>
        <time>2025-06-15T18:44:27.908Z</time>
      </trkpt>
      <trkpt lat="51.047549" lon="13.711600">
        <ele>116.169022</ele>
        <time>2025-06-15T18:44:35.543Z</time>
      </trkpt>
      <trkpt lat="51.047880" lon="13.712170">
        <ele>116.371927</ele>
        <time>2025-06-15T18:44:42.715Z</time>
      </trkpt>
      <trkpt lat="51.047937" lon="13.712250">
        <ele>116.403546</ele>
        <time>2025-06-15T18:44:43.880Z</time>
      </trkpt>
      <trkpt lat="51.048103" lon="13.712493">
        <ele>116.497380</ele>
        <time>2025-06-15T18:44:47.395Z</time>
      </trkpt>
      <trkpt lat="51.048235" lon="13.712792">
        <ele>116.592917</ele>
        <time>2025-06-15T18:44:50.990Z</time>
      </trkpt>
      <trkpt lat="51.048275" lon="13.712972">
        <ele>116.642839</ele>
        <time>2025-06-15T18:44:52.907Z</time>
      </trkpt>
      <trkpt lat="51.048243" lon="13.713292">
        <ele>116.727567</ele>
        <time>2025-06-15T18:44:56.161Z</time>
      </trkpt>
      <trkpt lat="51.048250" lon="13.713457">
        <ele>116.766294</ele>
        <time>2025-06-15T18:44:57.851Z</time>
      </trkpt>
      <trkpt lat="51.048301" lon="13.713628">
        <ele>116.810224</ele>
        <time>2025-06-15T18:44:59.779Z</time>
      </trkpt>
      <trkpt lat="51.048494" lon="13.714089">
        <ele>116.938780</ele>
        <time>2025-06-15T18:45:05.404Z</time>
      </trkpt>
      <trkpt lat="51.049189" lon="13.715371">
        <ele>117.331696</ele>
        <time>2025-06-15T18:45:20.267Z</time>
      </trkpt>
      <trkpt lat="51.049398" lon="13.715806">
        <ele>117.259297</ele>
        <time>2025-06-15T18:45:24.855Z</time>
      </trkpt>
      <trkpt lat="51.049547" lon="13.716115">
        <ele>117.068373</ele>
        <time>2025-06-15T18:45:28.021Z</time>
      </trkpt>
      <trkpt lat="51.049611" lon="13.716272">
        <ele>116.976636</ele>
        <time>2025-06-15T18:45:29.489Z</time>
      </trkpt>
      <trkpt lat="51.049691" lon="13.716474">
        <ele>116.859590</ele>
        <time>2025-06-15T18:45:31.306Z</time>
      </trkpt>
      <trkpt lat="51.049855" lon="13.716904">
        <ele>116.613016</ele>
        <time>2025-06-15T18:45:35.057Z</time>
      </trkpt>
      <trkpt lat="51.050052" lon="13.717397">
        <ele>116.326624</ele>
        <time>2025-06-15T18:45:39.398Z</time>
      </trkpt>
      <trkpt lat="51.050360" lon="13.717861">
        <ele>115.995805</ele>
        <time>2025-06-15T18:45:44.448Z</time>
      </trkpt>
      <trkpt lat="51.050604" lon="13.718431">
        <ele>115.676314</ele>
        <time>2025-06-15T18:45:49.429Z</time>
      </trkpt>
      <trkpt lat="51.050886" lon="13.718931">
        <ele>115.365309</ele>
        <time>2025-06-15T18:45:54.396Z</time>
      </trkpt>
      <trkpt lat="51.050950" lon="13.718929">
        <ele>115.318164</ele>
        <time>2025-06-15T18:45:55.190Z</time>
      </trkpt>
      <trkpt lat="51.050986" lon="13.718995">
        <ele>115.277708</ele>
        <time>2025-06-15T18:45:55.881Z</time>
      </trkpt>
      <trkpt lat="51.051009" lon="13.719037">
        <ele>115.251919</ele>
        <time>2025-06-15T18:45:56.323Z</time>
      </trkpt>
      <trkpt lat="51.051050" lon="13.719109">
        <ele>115.206941</ele>
        <time>2025-06-15T18:45:57.369Z</time>
      </trkpt>
      <trkpt lat="51.051080" lon="13.719160">
        <ele>115.174603</ele>
        <time>2025-06-15T18:45:57.954Z</time>
      </trkpt>
      <trkpt lat="51.051253" lon="13.719355">
        <ele>115.018447</ele>
        <time>2025-06-15T18:46:00.845Z</time>
      </trkpt>
      <trkpt lat="51.051331" lon="13.719455">
        <ele>114.944666</ele>
        <time>2025-06-15T18:46:02.151Z</time>
      </trkpt>
      <trkpt lat="51.051339" lon="13.719546">
        <ele>114.902125</ele>
        <time>2025-06-15T18:46:02.922Z</time>
      </trkpt>
      <trkpt lat="51.051283" lon="13.720004">
        <ele>114.686107</ele>
        <time>2025-06-15T18:46:07.887Z</time>
      </trkpt>
      <trkpt lat="51.051278" lon="13.720036">
        <ele>114.670840</ele>
        <time>2025-06-15T18:46:08.147Z</time>
      </trkpt>
      <trkpt lat="51.051165" lon="13.719996">
        <ele>114.634254</ele>
        <time>2025-06-15T18:46:09.595Z</time>
      </trkpt>
      <trkpt lat="51.051146" lon="13.720138">
        <ele>114.607080</ele>
        <time>2025-06-15T18:46:10.714Z</time>
      </trkpt>
      <trkpt lat="51.051163" lon="13.720353">
        <ele>114.566519</ele>
        <time>2025-06-15T18:46:12.407Z</time>
      </trkpt>
      <trkpt lat="51.051109" lon="13.720356">
        <ele>114.550430</ele>
        <time>2025-06-15T18:46:13.095Z</time>
      </trkpt>
      <trkpt lat="51.051113" lon="13.720463">
        <ele>114.530366</ele>
        <time>2025-06-15T18:46:14.240Z</time>
      </trkpt>
      <trkpt lat="51.051181" lon="13.720458">
        <ele>114.510097</ele>
        <time>2025-06-15T18:46:15.063Z</time>
      </trkpt>
      <trkpt lat="51.051197" lon="13.720527">
        <ele>114.496331</ele>
        <time>2025-06-15T18:46:15.675Z</time>
      </trkpt>
      <trkpt lat="51.051225" lon="13.720526">
        <ele>114.487992</ele>
        <time>2025-06-15T18:46:16.030Z</time>
      </trkpt>
      <trkpt lat="51.051274" lon="13.720522">
        <ele>114.473382</ele>
        <time>2025-06-15T18:46:16.641Z</time>
      </trkpt>
      <trkpt lat="51.051354" lon="13.720541">
        <ele>114.449298</ele>
        <time>2025-06-15T18:46:17.669Z</time>
      </trkpt>
      <trkpt lat="51.051588" lon="13.720525">
        <ele>114.379558</ele>
        <time>2025-06-15T18:46:21.605Z</time>
      </trkpt>
      <trkpt lat="51.051706" lon="13.720554">
        <ele>114.344005</ele>
        <time>2025-06-15T18:46:23.670Z</time>
      </trkpt>
      <trkpt lat="51.052395" lon="13.721022">
        <ele>114.130276</ele>
        <time>2025-06-15T18:46:36.592Z</time>
      </trkpt>
      <trkpt lat="51.053162" lon="13.721575">
        <ele>114.096609</ele>
        <time>2025-06-15T18:46:51.328Z</time>
      </trkpt>
      <trkpt lat="51.053207" lon="13.721609">
        <ele>114.094617</ele>
        <time>2025-06-15T18:46:52.261Z</time>
      </trkpt>
      <trkpt lat="51.053902" lon="13.722200">
        <ele>114.063110</ele>
        <time>2025-06-15T18:47:07.206Z</time>
      </trkpt>
      <trkpt lat="51.053925" lon="13.722224">
        <ele>114.062011</ele>
        <time>2025-06-15T18:47:07.651Z</time>
      </trkpt>
      <trkpt lat="51.054052" lon="13.722261">
        <ele>114.030909</ele>
        <time>2025-06-15T18:47:09.271Z</time>
      </trkpt>
      <trkpt lat="51.054000" lon="13.722434">
        <ele>113.983952</ele>
        <time>2025-06-15T18:47:10.681Z</time>
      </trkpt>
      <trkpt lat="51.053934" lon="13.722657">
        <ele>113.923595</ele>
        <time>2025-06-15T18:47:12.460Z</time>
      </trkpt>
      <trkpt lat="51.053858" lon="13.722915">
        <ele>113.853824</ele>
        <time>2025-06-15T18:47:14.522Z</time>
      </trkpt>
      <trkpt lat="51.053789" lon="13.723150">
        <ele>113.790310</ele>
        <time>2025-06-15T18:47:16.523Z</time>
      </trkpt>
      <trkpt lat="51.053702" lon="13.723445">
        <ele>113.710516</ele>
        <time>2025-06-15T18:47:19.215Z</time>
      </trkpt>
      <trkpt lat="51.053656" lon="13.723602">
        <ele>113.668100</ele>
        <time>2025-06-15T18:47:20.707Z</time>
      </trkpt>
      <trkpt lat="51.053497" lon="13.724114">
        <ele>113.528257</ele>
        <time>2025-06-15T18:47:25.390Z</time>
      </trkpt>
      <trkpt lat="51.053378" lon="13.724515">
        <ele>113.419669</ele>
        <time>2025-06-15T18:47:28.824Z</time>
      </trkpt>
      <trkpt lat="51.053328" lon="13.724680">
        <ele>113.374815</ele>
        <time>2025-06-15T18:47:30.254Z</time>
      </trkpt>
      <trkpt lat="51.053306" lon="13.724752">
        <ele>113.361487</ele>
        <time>2025-06-15T18:47:30.890Z</time>
      </trkpt>
      <trkpt lat="51.053270" lon="13.724871">
        <ele>113.380903</ele>
        <time>2025-06-15T18:47:31.974Z</time>
      </trkpt>
      <trkpt lat="51.053193" lon="13.725132">
        <ele>113.423291</ele>
        <time>2025-06-15T18:47:34.431Z</time>
      </trkpt>
      <trkpt lat="51.053026" lon="13.725701">
        <ele>113.515614</ele>
        <time>2025-06-15T18:47:40.801Z</time>
      </trkpt>
      <trkpt lat="51.052657" lon="13.726957">
        <ele>113.719445</ele>
        <time>2025-06-15T18:47:54.687Z</time>
      </trkpt>
      <trkpt lat="51.052591" lon="13.727177">
        <ele>113.755284</ele>
        <time>2025-06-15T18:47:56.847Z</time>
      </trkpt>
      <trkpt lat="51.052499" lon="13.727485">
        <ele>113.668007</ele>
        <time>2025-06-15T18:47:59.808Z</time>
      </trkpt>
      <trkpt lat="51.052380" lon="13.727883">
        <ele>113.385158</ele>
        <time>2025-06-15T18:48:03.260Z</time>
      </trkpt>
      <trkpt lat="51.052336" lon="13.728030">
        <ele>113.280668</ele>
        <time>2025-06-15T18:48:04.556Z</time>
      </trkpt>
      <trkpt lat="51.052279" lon="13.728221">
        <ele>113.144976</ele>
        <time>2025-06-15T18:48:06.206Z</time>
      </trkpt>
      <trkpt lat="51.052189" lon="13.728521">
        <ele>112.931641</ele>
        <time>2025-06-15T18:48:08.726Z</time>
      </trkpt>
      <trkpt lat="51.052061" lon="13.728890">
        <ele>112.661160</ele>
        <time>2025-06-15T18:48:11.831Z</time>
      </trkpt>
      <trkpt lat="51.052010" lon="13.729140">
        <ele>112.492478</ele>
        <time>2025-06-15T18:48:13.652Z</time>
      </trkpt>
      <trkpt lat="51.051614" lon="13.730499">
        <ele>111.970372</ele>
        <time>2025-06-15T18:48:24.633Z</time>
      </trkpt>
      <trkpt lat="51.051589" lon="13.730585">
        <ele>111.974337</ele>
        <time>2025-06-15T18:48:25.355Z</time>
      </trkpt>
      <trkpt lat="51.051578" lon="13.730624">
        <ele>111.976125</ele>
        <time>2025-06-15T18:48:25.691Z</time>
      </trkpt>
      <trkpt lat="51.051504" lon="13.730873">
        <ele>111.987649</ele>
        <time>2025-06-15T18:48:27.862Z</time>
      </trkpt>
      <trkpt lat="51.051353" lon="13.731382">
        <ele>112.011199</ele>
        <time>2025-06-15T18:48:32.509Z</time>
      </trkpt>
      <trkpt lat="51.051334" lon="13.731450">
        <ele>112.014312</ele>
        <time>2025-06-15T18:48:33.222Z</time>
      </trkpt>
      <trkpt lat="51.051244" lon="13.731758">
        <ele>112.028524</ele>
        <time>2025-06-15T18:48:36.587Z</time>
      </trkpt>
      <trkpt lat="51.051256" lon="13.731991">
        <ele>112.038305</ele>
        <time>2025-06-15T18:48:39.014Z</time>
      </trkpt>
      <trkpt lat="51.051471" lon="13.732363">
        <ele>112.059449</ele>
        <time>2025-06-15T18:48:44.855Z</time>
      </trkpt>
      <trkpt lat="51.051590" lon="13.732839">
        <ele>112.337979</ele>
        <time>2025-06-15T18:48:51.286Z</time>
      </trkpt>
      <trkpt lat="51.051617" lon="13.732872">
        <ele>112.373210</ele>
        <time>2025-06-15T18:48:51.918Z</time>
      </trkpt>
      <trkpt lat="51.051625" lon="13.732933">
        <ele>112.413741</ele>
        <time>2025-06-15T18:48:52.646Z</time>
      </trkpt>
      <trkpt lat="51.051633" lon="13.732993">
        <ele>112.453636</ele>
        <time>2025-06-15T18:48:53.249Z</time>
      </trkpt>
      <trkpt lat="51.051645" lon="13.733081">
        <ele>112.512206</ele>
        <time>2025-06-15T18:48:54.126Z</time>
      </trkpt>
      <trkpt lat="51.051668" lon="13.733249">
        <ele>112.624041</ele>
        <time>2025-06-15T18:48:55.877Z</time>
      </trkpt>
      <trkpt lat="51.051702" lon="13.733641">
        <ele>112.881429</ele>
        <time>2025-06-15T18:48:59.870Z</time>
      </trkpt>
      <trkpt lat="51.051730" lon="13.733796">
        <ele>112.986328</ele>
        <time>2025-06-15T18:49:01.486Z</time>
      </trkpt>
      <trkpt lat="51.051775" lon="13.734056">
        <ele>113.161735</ele>
        <time>2025-06-15T18:49:04.127Z</time>
      </trkpt>
      <trkpt lat="51.051861" lon="13.734335">
        <ele>113.363850</ele>
        <time>2025-06-15T18:49:07.273Z</time>
      </trkpt>
      <trkpt lat="51.052014" lon="13.734606">
        <ele>113.600774</ele>
        <time>2025-06-15T18:49:11.243Z</time>
      </trkpt>
      <trkpt lat="51.052066" lon="13.734675">
        <ele>113.670840</ele>
        <time>2025-06-15T18:49:12.383Z</time>
      </trkpt>
      <trkpt lat="51.052369" lon="13.735061">
        <ele>113.957376</ele>
        <time>2025-06-15T18:49:19.662Z</time>
      </trkpt>
      <trkpt lat="51.052336" lon="13.735137">
        <ele>113.970789</ele>
        <time>2025-06-15T18:49:20.689Z</time>
      </trkpt>
      <trkpt lat="51.052284" lon="13.735441">
        <ele>114.016539</ele>
        <time>2025-06-15T18:49:23.980Z</time>
      </trkpt>
      <trkpt lat="51.052269" lon="13.735529">
        <ele>114.029780</ele>
        <time>2025-06-15T18:49:24.847Z</time>
      </trkpt>
      <trkpt lat="51.052213" lon="13.735863">
        <ele>114.079977</ele>
        <time>2025-06-15T18:49:27.700Z</time>
      </trkpt>
      <trkpt lat="51.052120" lon="13.736406">
        <ele>114.161704</ele>
        <time>2025-06-15T18:49:32.798Z</time>
      </trkpt>
      <trkpt lat="51.052056" lon="13.736581">
        <ele>114.191105</ele>
        <time>2025-06-15T18:49:34.590Z</time>
      </trkpt>
      <trkpt lat="51.052028" lon="13.736740">
        <ele>114.215083</ele>
        <time>2025-06-15T18:49:36.043Z</time>
      </trkpt>
      <trkpt lat="51.051904" lon="13.737445">
        <ele>114.321392</ele>
        <time>2025-06-15T18:49:42.439Z</time>
      </trkpt>
      <trkpt lat="51.051887" lon="13.737545">
        <ele>114.336436</ele>
        <time>2025-06-15T18:49:43.314Z</time>
      </trkpt>
      <trkpt lat="51.051795" lon="13.738399">
        <ele>114.424847</ele>
        <time>2025-06-15T18:49:50.333Z</time>
      </trkpt>
      <trkpt lat="51.051737" lon="13.739135">
        <ele>114.499658</ele>
        <time>2025-06-15T18:49:56.406Z</time>
      </trkpt>
      <trkpt lat="51.051688" lon="13.739398">
        <ele>114.527324</ele>
        <time>2025-06-15T18:49:58.954Z</time>
      </trkpt>
      <trkpt lat="51.051712" lon="13.739769">
        <ele>114.564939</ele>
        <time>2025-06-15T18:50:02.801Z</time>
      </trkpt>
      <trkpt lat="51.051731" lon="13.740032">
        <ele>114.591639</ele>
        <time>2025-06-15T18:50:05.742Z</time>
      </trkpt>
      <trkpt lat="51.051740" lon="13.740160">
        <ele>114.604629</ele>
        <time>2025-06-15T18:50:07.275Z</time>
      </trkpt>
      <trkpt lat="51.051733" lon="13.740496">
        <ele>114.707525</ele>
        <time>2025-06-15T18:50:11.045Z</time>
      </trkpt>
      <trkpt lat="51.051705" lon="13.741039">
        <ele>115.135277</ele>
        <time>2025-06-15T18:50:16.843Z</time>
      </trkpt>
      <trkpt lat="51.051675" lon="13.741323">
        <ele>115.361377</ele>
        <time>2025-06-15T18:50:19.917Z</time>
      </trkpt>
      <trkpt lat="51.051642" lon="13.741627">
        <ele>115.603586</ele>
        <time>2025-06-15T18:50:23.163Z</time>
      </trkpt>
      <trkpt lat="51.051605" lon="13.741975">
        <ele>115.880689</ele>
        <time>2025-06-15T18:50:27.119Z</time>
      </trkpt>
      <trkpt lat="51.051573" lon="13.742278">
        <ele>116.121914</ele>
        <time>2025-06-15T18:50:30.747Z</time>
      </trkpt>
      <trkpt lat="51.051457" lon="13.743370">
        <ele>116.891008</ele>
        <time>2025-06-15T18:50:43.935Z</time>
      </trkpt>
      <trkpt lat="51.051383" lon="13.743837">
        <ele>116.943561</ele>
        <time>2025-06-15T18:50:48.755Z</time>
      </trkpt>
      <trkpt lat="51.051329" lon="13.744125">
        <ele>116.976356</ele>
        <time>2025-06-15T18:50:51.696Z</time>
      </trkpt>
      <trkpt lat="51.051262" lon="13.744480">
        <ele>117.016801</ele>
        <time>2025-06-15T18:50:55.416Z</time>
      </trkpt>
      <trkpt lat="51.051234" lon="13.744629">
        <ele>117.033771</ele>
        <time>2025-06-15T18:50:56.914Z</time>
      </trkpt>
      <trkpt lat="51.051340" lon="13.744698">
        <ele>117.053652</ele>
        <time>2025-06-15T18:50:58.612Z</time>
      </trkpt>
      <trkpt lat="51.051513" lon="13.744886">
        <ele>117.090020</ele>
        <time>2025-06-15T18:51:01.452Z</time>
      </trkpt>
      <trkpt lat="51.051570" lon="13.745010">
        <ele>117.106783</ele>
        <time>2025-06-15T18:51:02.741Z</time>
      </trkpt>
      <trkpt lat="51.051651" lon="13.745361">
        <ele>117.147583</ele>
        <time>2025-06-15T18:51:05.701Z</time>
      </trkpt>
      <trkpt lat="51.051659" lon="13.745438">
        <ele>117.156099</ele>
        <time>2025-06-15T18:51:06.291Z</time>
      </trkpt>
      <trkpt lat="51.051659" lon="13.745589">
        <ele>117.172576</ele>
        <time>2025-06-15T18:51:07.400Z</time>
      </trkpt>
      <trkpt lat="51.051557" lon="13.746014">
        <ele>116.991467</ele>
        <time>2025-06-15T18:51:10.730Z</time>
      </trkpt>
      <trkpt lat="51.051442" lon="13.746496">
        <ele>116.678938</ele>
        <time>2025-06-15T18:51:14.633Z</time>
      </trkpt>
      <trkpt lat="51.051435" lon="13.746521">
        <ele>116.662347</ele>
        <time>2025-06-15T18:51:14.842Z</time>
      </trkpt>
      <trkpt lat="51.051428" lon="13.746551">
        <ele>116.642949</ele>
        <time>2025-06-15T18:51:15.091Z</time>
      </trkpt>
      <trkpt lat="51.051384" lon="13.746691">
        <ele>116.548064</ele>
        <time>2025-06-15T18:51:16.264Z</time>
      </trkpt>
      <trkpt lat="51.051330" lon="13.746887">
        <ele>116.418336</ele>
        <time>2025-06-15T18:51:17.897Z</time>
      </trkpt>
      <trkpt lat="51.051240" lon="13.747239">
        <ele>116.187976</ele>
        <time>2025-06-15T18:51:20.856Z</time>
      </trkpt>
      <trkpt lat="51.051217" lon="13.747348">
        <ele>116.118276</ele>
        <time>2025-06-15T18:51:21.680Z</time>
      </trkpt>
      <trkpt lat="51.051170" lon="13.747639">
        <ele>115.936139</ele>
        <time>2025-06-15T18:51:23.827Z</time>
      </trkpt>
      <trkpt lat="51.051136" lon="13.747868">
        <ele>115.793498</ele>
        <time>2025-06-15T18:51:25.522Z</time>
      </trkpt>
      <trkpt lat="51.051052" lon="13.748572">
        <ele>115.294898</ele>
        <time>2025-06-15T18:51:31.083Z</time>
      </trkpt>
      <trkpt lat="51.051113" lon="13.748926">
        <ele>114.919423</ele>
        <time>2025-06-15T18:51:33.911Z</time>
      </trkpt>
      <trkpt lat="51.051212" lon="13.748940">
        <ele>114.757691</ele>
        <time>2025-06-15T18:51:35.089Z</time>
      </trkpt>
      <trkpt lat="51.051288" lon="13.748948">
        <ele>114.633751</ele>
        <time>2025-06-15T18:51:35.994Z</time>
      </trkpt>
      <trkpt lat="51.051463" lon="13.748964">
        <ele>114.348514</ele>
        <time>2025-06-15T18:51:38.019Z</time>
      </trkpt>
      <trkpt lat="51.051663" lon="13.748994">
        <ele>114.021622</ele>
        <time>2025-06-15T18:51:40.240Z</time>
      </trkpt>
      <trkpt lat="51.051788" lon="13.749013">
        <ele>113.817291</ele>
        <time>2025-06-15T18:51:41.565Z</time>
      </trkpt>
      <trkpt lat="51.051862" lon="13.749030">
        <ele>113.695626</ele>
        <time>2025-06-15T18:51:42.319Z</time>
      </trkpt>
      <trkpt lat="51.051898" lon="13.749039">
        <ele>113.636326</ele>
        <time>2025-06-15T18:51:42.683Z</time>
      </trkpt>
      <trkpt lat="51.051968" lon="13.749055">
        <ele>113.521250</ele>
        <time>2025-06-15T18:51:43.432Z</time>
      </trkpt>
      <trkpt lat="51.052057" lon="13.749076">
        <ele>113.374841</ele>
        <time>2025-06-15T18:51:44.395Z</time>
      </trkpt>
      <trkpt lat="51.052255" lon="13.749122">
        <ele>113.049230</ele>
        <time>2025-06-15T18:51:46.632Z</time>
      </trkpt>
      <trkpt lat="51.052384" lon="13.749137">
        <ele>112.838756</ele>
        <time>2025-06-15T18:51:48.124Z</time>
      </trkpt>
      <trkpt lat="51.052458" lon="13.749134">
        <ele>112.718301</ele>
        <time>2025-06-15T18:51:49.028Z</time>
      </trkpt>
      <trkpt lat="51.052525" lon="13.749126">
        <ele>112.608969</ele>
        <time>2025-06-15T18:51:49.778Z</time>
      </trkpt>
      <trkpt lat="51.052653" lon="13.749092">
        <ele>112.422975</ele>
        <time>2025-06-15T18:51:51.317Z</time>
      </trkpt>
      <trkpt lat="51.052794" lon="13.749024">
        <ele>112.230420</ele>
        <time>2025-06-15T18:51:53.012Z</time>
      </trkpt>
      <trkpt lat="51.052957" lon="13.748905">
        <ele>111.996034</ele>
        <time>2025-06-15T18:51:55.009Z</time>
      </trkpt>
      <trkpt lat="51.053103" lon="13.748781">
        <ele>111.779737</ele>
        <time>2025-06-15T18:51:56.863Z</time>
      </trkpt>
      <trkpt lat="51.053131" lon="13.748757">
        <ele>111.738170</ele>
        <time>2025-06-15T18:51:57.234Z</time>
      </trkpt>
      <trkpt lat="51.053163" lon="13.748731">
        <ele>111.691210</ele>
        <time>2025-06-15T18:51:57.626Z</time>
      </trkpt>
      <trkpt lat="51.053380" lon="13.748574">
        <ele>111.379661</ele>
        <time>2025-06-15T18:52:00.262Z</time>
      </trkpt>
      <trkpt lat="51.053582" lon="13.748466">
        <ele>111.101157</ele>
        <time>2025-06-15T18:52:02.654Z</time>
      </trkpt>
      <trkpt lat="51.053621" lon="13.748661">
        <ele>110.933050</ele>
        <time>2025-06-15T18:52:04.127Z</time>
      </trkpt>
      <trkpt lat="51.053693" lon="13.748620">
        <ele>110.833107</ele>
        <time>2025-06-15T18:52:04.984Z</time>
      </trkpt>
      <trkpt lat="51.053888" lon="13.748771">
        <ele>110.549674</ele>
        <time>2025-06-15T18:52:07.714Z</time>
      </trkpt>
      <trkpt lat="51.054241" lon="13.750018">
        <ele>110.270189</ele>
        <time>2025-06-15T18:52:18.708Z</time>
      </trkpt>
      <trkpt lat="51.054442" lon="13.750747">
        <ele>110.353280</ele>
        <time>2025-06-15T18:52:25.652Z</time>
      </trkpt>
      <trkpt lat="51.054696" lon="13.751471">
        <ele>110.439824</ele>
        <time>2025-06-15T18:52:33.356Z</time>
      </trkpt>
      <trkpt lat="51.054831" lon="13.751855">
        <ele>110.545503</ele>
        <time>2025-06-15T18:52:37.612Z</time>
      </trkpt>
      <trkpt lat="51.055442" lon="13.753529">
        <ele>111.750637</ele>
        <time>2025-06-15T18:52:56.582Z</time>
      </trkpt>
      <trkpt lat="51.056087" lon="13.755103">
        <ele>112.813622</ele>
        <time>2025-06-15T18:53:18.224Z</time>
      </trkpt>
      <trkpt lat="51.056121" lon="13.755180">
        <ele>112.862802</ele>
        <time>2025-06-15T18:53:19.219Z</time>
      </trkpt>
      <trkpt lat="51.055878" lon="13.755415">
        <ele>113.099251</ele>
        <time>2025-06-15T18:53:24.294Z</time>
      </trkpt>
      <trkpt lat="51.055823" lon="13.755472">
        <ele>113.153829</ele>
        <time>2025-06-15T18:53:28.870Z</time>
      </trkpt>
      <trkpt lat="51.055901" lon="13.755663">
        <ele>113.272871</ele>
        <time>2025-06-15T18:53:46.592Z</time>
      </trkpt>
      <trkpt lat="51.055937" lon="13.755749">
        <ele>113.326872</ele>
        <time>2025-06-15T18:53:51.064Z</time>
      </trkpt>
      <trkpt lat="51.055946" lon="13.755773">
        <ele>113.341478</ele>
        <time>2025-06-15T18:53:52.300Z</time>
      </trkpt>
      <trkpt lat="51.055845" lon="13.755884">
        <ele>113.443546</ele>
        <time>2025-06-15T18:53:54.204Z</time>
      </trkpt>
      <trkpt lat="51.055880" lon="13.755971">
        <ele>113.497531</ele>
        <time>2025-06-15T18:53:55.143Z</time>
      </trkpt>
      <trkpt lat="51.056021" lon="13.755955">
        <ele>113.615067</ele>
        <time>2025-06-15T18:53:57.287Z</time>
      </trkpt>
      <trkpt lat="51.056041" lon="13.755953">
        <ele>113.631729</ele>
        <time>2025-06-15T18:53:57.532Z</time>
      </trkpt>
      <trkpt lat="51.058405" lon="13.753381">
        <ele>111.176574</ele>
        <time>2025-06-15T18:54:32.649Z</time>
      </trkpt>
      <trkpt lat="51.058416" lon="13.753370">
        <ele>111.166455</ele>
        <time>2025-06-15T18:54:32.813Z</time>
      </trkpt>
      <trkpt lat="51.058445" lon="13.753340">
        <ele>111.139514</ele>
        <time>2025-06-15T18:54:33.247Z</time>
      </trkpt>
      <trkpt lat="51.058600" lon="13.753676">
        <ele>110.935487</ele>
        <time>2025-06-15T18:54:38.721Z</time>
      </trkpt>
      <trkpt lat="51.058688" lon="13.753886">
        <ele>110.811935</ele>
        <time>2025-06-15T18:54:40.726Z</time>
      </trkpt>
      <trkpt lat="51.058782" lon="13.754183">
        <ele>110.649154</ele>
        <time>2025-06-15T18:54:43.430Z</time>
      </trkpt>
      <trkpt lat="51.058800" lon="13.754372">
        <ele>110.555579</ele>
        <time>2025-06-15T18:54:45.041Z</time>
      </trkpt>
      <trkpt lat="51.059512" lon="13.756019">
        <ele>110.065020</ele>
        <time>2025-06-15T18:55:01.554Z</time>
      </trkpt>
      <trkpt lat="51.059637" lon="13.756302">
        <ele>109.985811</ele>
        <time>2025-06-15T18:55:04.326Z</time>
      </trkpt>
      <trkpt lat="51.059762" lon="13.756603">
        <ele>109.903197</ele>
        <time>2025-06-15T18:55:07.180Z</time>
      </trkpt>
      <trkpt lat="51.060441" lon="13.758192">
        <ele>109.111413</ele>
        <time>2025-06-15T18:55:21.540Z</time>
      </trkpt>
      <trkpt lat="51.060736" lon="13.758892">
        <ele>108.737584</ele>
        <time>2025-06-15T18:55:27.945Z</time>
      </trkpt>
      <trkpt lat="51.060833" lon="13.759126">
        <ele>108.613249</ele>
        <time>2025-06-15T18:55:30.137Z</time>
      </trkpt>
      <trkpt lat="51.060899" lon="13.759289">
        <ele>108.594120</ele>
        <time>2025-06-15T18:55:31.706Z</time>
      </trkpt>
      <trkpt lat="51.062064" lon="13.762042">
        <ele>109.394706</ele>
        <time>2025-06-15T18:56:03.100Z</time>
      </trkpt>
      <trkpt lat="51.062104" lon="13.762134">
        <ele>109.409650</ele>
        <time>2025-06-15T18:56:04.330Z</time>
      </trkpt>
      <trkpt lat="51.062135" lon="13.762210">
        <ele>109.421754</ele>
        <time>2025-06-15T18:56:05.275Z</time>
      </trkpt>
      <trkpt lat="51.062239" lon="13.762467">
        <ele>109.462588</ele>
        <time>2025-06-15T18:56:08.409Z</time>
      </trkpt>
      <trkpt lat="51.062272" lon="13.762531">
        <ele>109.473647</ele>
        <time>2025-06-15T18:56:09.241Z</time>
      </trkpt>
      <trkpt lat="51.062612" lon="13.763034">
        <ele>109.572330</ele>
        <time>2025-06-15T18:56:15.940Z</time>
      </trkpt>
      <trkpt lat="51.062814" lon="13.763504">
        <ele>109.648395</ele>
        <time>2025-06-15T18:56:20.547Z</time>
      </trkpt>
      <trkpt lat="51.062860" lon="13.763602">
        <ele>109.664735</ele>
        <time>2025-06-15T18:56:21.552Z</time>
      </trkpt>
      <trkpt lat="51.063280" lon="13.764890">
        <ele>109.341087</ele>
        <time>2025-06-15T18:56:32.771Z</time>
      </trkpt>
      <trkpt lat="51.064033" lon="13.766550">
        <ele>108.852281</ele>
        <time>2025-06-15T18:56:48.926Z</time>
      </trkpt>
      <trkpt lat="51.064350" lon="13.767348">
        <ele>108.963627</ele>
        <time>2025-06-15T18:56:57.160Z</time>
      </trkpt>
      <trkpt lat="51.064879" lon="13.769222">
        <ele>109.227744</ele>
        <time>2025-06-15T18:57:15.946Z</time>
      </trkpt>
      <trkpt lat="51.065063" lon="13.770044">
        <ele>109.370004</ele>
        <time>2025-06-15T18:57:23.982Z</time>
      </trkpt>
      <trkpt lat="51.065125" lon="13.770430">
        <ele>109.434957</ele>
        <time>2025-06-15T18:57:27.572Z</time>
      </trkpt>
      <trkpt lat="51.065339" lon="13.772080">
        <ele>109.788182</ele>
        <time>2025-06-15T18:57:41.835Z</time>
      </trkpt>
      <trkpt lat="51.065463" lon="13.773333">
        <ele>110.167512</ele>
        <time>2025-06-15T18:57:52.956Z</time>
      </trkpt>
      <trkpt lat="51.065507" lon="13.773675">
        <ele>110.271908</ele>
        <time>2025-06-15T18:57:55.959Z</time>
      </trkpt>
      <trkpt lat="51.065631" lon="13.773725">
        <ele>110.332781</ele>
        <time>2025-06-15T18:57:57.717Z</time>
      </trkpt>
      <trkpt lat="51.065706" lon="13.773760">
        <ele>110.369974</ele>
        <time>2025-06-15T18:57:58.879Z</time>
      </trkpt>
      <trkpt lat="51.066396" lon="13.774945">
        <ele>112.365697</ele>
        <time>2025-06-15T18:58:17.899Z</time>
      </trkpt>
      <trkpt lat="51.066789" lon="13.775620">
        <ele>113.731365</ele>
        <time>2025-06-15T18:58:30.265Z</time>
      </trkpt>
      <trkpt lat="51.066883" lon="13.775868">
        <ele>114.161197</ele>
        <time>2025-06-15T18:58:34.585Z</time>
      </trkpt>
      <trkpt lat="51.066937" lon="13.776094">
        <ele>114.520037</ele>
        <time>2025-06-15T18:58:38.217Z</time>
      </trkpt>
      <trkpt lat="51.066962" lon="13.776254">
        <ele>114.786475</ele>
        <time>2025-06-15T18:58:41.149Z</time>
      </trkpt>
      <trkpt lat="51.066980" lon="13.776404">
        <ele>115.121525</ele>
        <time>2025-06-15T18:58:43.876Z</time>
      </trkpt>
      <trkpt lat="51.066988" lon="13.776631">
        <ele>115.620349</ele>
        <time>2025-06-15T18:58:47.870Z</time>
      </trkpt>
      <trkpt lat="51.067073" lon="13.776638">
        <ele>115.917512</ele>
        <time>2025-06-15T18:58:50.180Z</time>
      </trkpt>
      <trkpt lat="51.067234" lon="13.776653">
        <ele>116.480586</ele>
        <time>2025-06-15T18:58:54.515Z</time>
      </trkpt>
      <trkpt lat="51.067282" lon="13.776667">
        <ele>116.650963</ele>
        <time>2025-06-15T18:58:55.859Z</time>
      </trkpt>
      <trkpt lat="51.067134" lon="13.777396">
        <ele>118.331790</ele>
        <time>2025-06-15T18:59:06.905Z</time>
      </trkpt>
      <trkpt lat="51.067080" lon="13.777792">
        <ele>119.220839</ele>
        <time>2025-06-15T18:59:13.249Z</time>
      </trkpt>
      <trkpt lat="51.067055" lon="13.778007">
        <ele>119.700559</ele>
        <time>2025-06-15T18:59:16.833Z</time>
      </trkpt>
      <trkpt lat="51.067026" lon="13.778757">
        <ele>121.442656</ele>
        <time>2025-06-15T18:59:28.462Z</time>
      </trkpt>
      <trkpt lat="51.067017" lon="13.778903">
        <ele>121.850433</ele>
        <time>2025-06-15T18:59:30.720Z</time>
      </trkpt>
      <trkpt lat="51.066684" lon="13.780336">
        <ele>126.097302</ele>
        <time>2025-06-15T18:59:58.350Z</time>
      </trkpt>
      <trkpt lat="51.066657" lon="13.780546">
        <ele>126.693125</ele>
        <time>2025-06-15T19:00:02.388Z</time>
      </trkpt>
      <trkpt lat="51.066674" lon="13.781051">
        <ele>128.098871</ele>
        <time>2025-06-15T19:00:11.181Z</time>
      </trkpt>
      <trkpt lat="51.066869" lon="13.782253">
        <ele>130.065702</ele>
        <time>2025-06-15T19:00:30.486Z</time>
      </trkpt>
      <trkpt lat="51.066918" lon="13.782740">
        <ele>130.652605</ele>
        <time>2025-06-15T19:00:37.118Z</time>
      </trkpt>
      <trkpt lat="51.066943" lon="13.783008">
        <ele>130.975015</ele>
        <time>2025-06-15T19:00:40.165Z</time>
      </trkpt>
      <trkpt lat="51.066924" lon="13.783408">
        <ele>131.452365</ele>
        <time>2025-06-15T19:00:44.346Z</time>
      </trkpt>
      <trkpt lat="51.066899" lon="13.784768">
        <ele>132.295860</ele>
        <time>2025-06-15T19:00:56.118Z</time>
      </trkpt>
      <trkpt lat="51.066895" lon="13.784907">
        <ele>132.280704</ele>
        <time>2025-06-15T19:00:57.256Z</time>
      </trkpt>
      <trkpt lat="51.066882" lon="13.785317">
        <ele>132.235991</ele>
        <time>2025-06-15T19:01:00.610Z</time>
      </trkpt>
      <trkpt lat="51.066869" lon="13.785568">
        <ele>132.208560</ele>
        <time>2025-06-15T19:01:02.655Z</time>
      </trkpt>
      <trkpt lat="51.066846" lon="13.785780">
        <ele>132.185128</ele>
        <time>2025-06-15T19:01:04.409Z</time>
      </trkpt>
      <trkpt lat="51.066841" lon="13.786061">
        <ele>132.154510</ele>
        <time>2025-06-15T19:01:06.714Z</time>
      </trkpt>
      <trkpt lat="51.066852" lon="13.786414">
        <ele>132.116015</ele>
        <time>2025-06-15T19:01:09.671Z</time>
      </trkpt>
      <trkpt lat="51.066913" lon="13.786597">
        <ele>132.093453</ele>
        <time>2025-06-15T19:01:11.453Z</time>
      </trkpt>
      <trkpt lat="51.066946" lon="13.786947">
        <ele>132.054905</ele>
        <time>2025-06-15T19:01:14.680Z</time>
      </trkpt>
      <trkpt lat="51.066968" lon="13.787171">
        <ele>132.112842</ele>
        <time>2025-06-15T19:01:16.832Z</time>
      </trkpt>
      <trkpt lat="51.067032" lon="13.787841">
        <ele>132.361061</ele>
        <time>2025-06-15T19:01:23.352Z</time>
      </trkpt>
      <trkpt lat="51.067036" lon="13.787884">
        <ele>132.376982</ele>
        <time>2025-06-15T19:01:23.771Z</time>
      </trkpt>
      <trkpt lat="51.067017" lon="13.787981">
        <ele>132.414196</ele>
        <time>2025-06-15T19:01:24.730Z</time>
      </trkpt>
      <trkpt lat="51.067017" lon="13.788242">
        <ele>132.509792</ele>
        <time>2025-06-15T19:01:27.124Z</time>
      </trkpt>
      <trkpt lat="51.067080" lon="13.788994">
        <ele>132.787663</ele>
        <time>2025-06-15T19:01:34.175Z</time>
      </trkpt>
      <trkpt lat="51.067095" lon="13.789159">
        <ele>132.848726</ele>
        <time>2025-06-15T19:01:35.823Z</time>
      </trkpt>
      <trkpt lat="51.067142" lon="13.789575">
        <ele>133.003537</ele>
        <time>2025-06-15T19:01:40.172Z</time>
      </trkpt>
      <trkpt lat="51.067092" lon="13.790150">
        <ele>133.515599</ele>
        <time>2025-06-15T19:01:46.265Z</time>
      </trkpt>
      <trkpt lat="51.067097" lon="13.790398">
        <ele>133.835831</ele>
        <time>2025-06-15T19:01:48.875Z</time>
      </trkpt>
      <trkpt lat="51.067069" lon="13.790598">
        <ele>134.100278</ele>
        <time>2025-06-15T19:01:51.027Z</time>
      </trkpt>
      <trkpt lat="51.067158" lon="13.790620">
        <ele>134.285254</ele>
        <time>2025-06-15T19:01:53.344Z</time>
      </trkpt>
      <trkpt lat="51.067225" lon="13.790888">
        <ele>134.657499</ele>
        <time>2025-06-15T19:01:58.031Z</time>
      </trkpt>
      <trkpt lat="51.067242" lon="13.791266">
        <ele>135.146590</ele>
        <time>2025-06-15T19:02:04.548Z</time>
      </trkpt>
      <trkpt lat="51.067166" lon="13.791765">
        <ele>135.809241</ele>
        <time>2025-06-15T19:02:14.120Z</time>
      </trkpt>
      <trkpt lat="51.067096" lon="13.792217">
        <ele>136.410043</ele>
        <time>2025-06-15T19:02:23.335Z</time>
      </trkpt>
      <trkpt lat="51.066954" lon="13.793083">
        <ele>138.215756</ele>
        <time>2025-06-15T19:02:41.725Z</time>
      </trkpt>
      <trkpt lat="51.066789" lon="13.794091">
        <ele>140.690638</ele>
        <time>2025-06-15T19:03:04.004Z</time>
      </trkpt>
      <trkpt lat="51.066739" lon="13.794835">
        <ele>142.468433</ele>
        <time>2025-06-15T19:03:20.130Z</time>
      </trkpt>
      <trkpt lat="51.066707" lon="13.794969">
        <ele>142.809026</ele>
        <time>2025-06-15T19:03:23.226Z</time>
      </trkpt>
      <trkpt lat="51.066773" lon="13.795023">
        <ele>143.089616</ele>
        <time>2025-06-15T19:03:25.725Z</time>
      </trkpt>
      <trkpt lat="51.066979" lon="13.795250">
        <ele>143.991019</ele>
        <time>2025-06-15T19:03:34.269Z</time>
      </trkpt>
      <trkpt lat="51.067158" lon="13.795449">
        <ele>144.731328</ele>
        <time>2025-06-15T19:03:41.705Z</time>
      </trkpt>
      <trkpt lat="51.067502" lon="13.795575">
        <ele>145.928112</ele>
        <time>2025-06-15T19:03:53.529Z</time>
      </trkpt>
      <trkpt lat="51.067866" lon="13.795846">
        <ele>147.290591</ele>
        <time>2025-06-15T19:04:06.360Z</time>
      </trkpt>
      <trkpt lat="51.068216" lon="13.796004">
        <ele>148.524043</ele>
        <time>2025-06-15T19:04:17.695Z</time>
      </trkpt>
      <trkpt lat="51.068576" lon="13.795978">
        <ele>149.758028</ele>
        <time>2025-06-15T19:04:28.738Z</time>
      </trkpt>
      <trkpt lat="51.068672" lon="13.795971">
        <ele>150.154986</ele>
        <time>2025-06-15T19:04:31.734Z</time>
      </trkpt>
      <trkpt lat="51.069069" lon="13.795766">
        <ele>151.879021</ele>
        <time>2025-06-15T19:04:45.008Z</time>
      </trkpt>
      <trkpt lat="51.069399" lon="13.795733">
        <ele>153.244822</ele>
        <time>2025-06-15T19:04:55.948Z</time>
      </trkpt>
      <trkpt lat="51.069644" lon="13.795837">
        <ele>154.292214</ele>
        <time>2025-06-15T19:05:04.639Z</time>
      </trkpt>
      <trkpt lat="51.070186" lon="13.796183">
        <ele>156.704432</ele>
        <time>2025-06-15T19:05:26.206Z</time>
      </trkpt>
      <trkpt lat="51.070417" lon="13.796441">
        <ele>158.123552</ele>
        <time>2025-06-15T19:05:37.394Z</time>
      </trkpt>
      <trkpt lat="51.071065" lon="13.796963">
        <ele>162.136381</ele>
        <time>2025-06-15T19:06:06.694Z</time>
      </trkpt>
      <trkpt lat="51.071389" lon="13.797121">
        <ele>164.008682</ele>
        <time>2025-06-15T19:06:19.835Z</time>
      </trkpt>
      <trkpt lat="51.071832" lon="13.797552">
        <ele>166.877456</ele>
        <time>2025-06-15T19:06:39.723Z</time>
      </trkpt>
      <trkpt lat="51.072223" lon="13.797946">
        <ele>169.188999</ele>
        <time>2025-06-15T19:06:57.113Z</time>
      </trkpt>
      <trkpt lat="51.073088" lon="13.798794">
        <ele>174.222696</ele>
        <time>2025-06-15T19:07:34.202Z</time>
      </trkpt>
      <trkpt lat="51.073277" lon="13.798857">
        <ele>175.179458</ele>
        <time>2025-06-15T19:07:41.516Z</time>
      </trkpt>
      <trkpt lat="51.073942" lon="13.798848">
        <ele>178.420177</ele>
        <time>2025-06-15T19:08:06.339Z</time>
      </trkpt>
      <trkpt lat="51.074135" lon="13.798799">
        <ele>179.367545</ele>
        <time>2025-06-15T19:08:13.331Z</time>
      </trkpt>
      <trkpt lat="51.074590" lon="13.798676">
        <ele>181.604679</ele>
        <time>2025-06-15T19:08:29.717Z</time>
      </trkpt>
      <trkpt lat="51.074906" lon="13.798286">
        <ele>183.543016</ele>
        <time>2025-06-15T19:08:41.421Z</time>
      </trkpt>
      <trkpt lat="51.074888" lon="13.798454">
        <ele>184.062065</ele>
        <time>2025-06-15T19:08:44.665Z</time>
      </trkpt>
      <trkpt lat="51.074952" lon="13.798876">
        <ele>185.428229</ele>
        <time>2025-06-15T19:08:53.046Z</time>
      </trkpt>
      <trkpt lat="51.075289" lon="13.800469">
        <ele>190.870935</ele>
        <time>2025-06-15T19:09:25.701Z</time>
      </trkpt>
      <trkpt lat="51.075313" lon="13.801152">
        <ele>193.085950</ele>
        <time>2025-06-15T19:09:38.602Z</time>
      </trkpt>
      <trkpt lat="51.074553" lon="13.801918">
        <ele>197.895709</ele>
        <time>2025-06-15T19:10:11.693Z</time>
      </trkpt>
      <trkpt lat="51.074619" lon="13.802665">
        <ele>200.451041</ele>
        <time>2025-06-15T19:10:29.503Z</time>
      </trkpt>
      <trkpt lat="51.074619" lon="13.803112">
        <ele>201.965237</ele>
        <time>2025-06-15T19:10:40.714Z</time>
      </trkpt>
      <trkpt lat="51.074575" lon="13.803551">
        <ele>203.471135</ele>
        <time>2025-06-15T19:10:52.307Z</time>
      </trkpt>
      <trkpt lat="51.074562" lon="13.803681">
        <ele>203.897971</ele>
        <time>2025-06-15T19:10:55.800Z</time>
      </trkpt>
      <trkpt lat="51.074424" lon="13.804306">
        <ele>205.979023</ele>
        <time>2025-06-15T19:11:13.155Z</time>
      </trkpt>
      <trkpt lat="51.074099" lon="13.805347">
        <ele>209.630639</ele>
        <time>2025-06-15T19:11:41.173Z</time>
      </trkpt>
      <trkpt lat="51.074140" lon="13.806176">
        <ele>212.242900</ele>
        <time>2025-06-15T19:11:58.924Z</time>
      </trkpt>
      <trkpt lat="51.074205" lon="13.806493">
        <ele>213.100928</ele>
        <time>2025-06-15T19:12:05.599Z</time>
      </trkpt>
      <trkpt lat="51.074237" lon="13.806883">
        <ele>213.972537</ele>
        <time>2025-06-15T19:12:13.262Z</time>
      </trkpt>
      <trkpt lat="51.074213" lon="13.807298">
        <ele>214.896096</ele>
        <time>2025-06-15T19:12:21.200Z</time>
      </trkpt>
      <trkpt lat="51.074115" lon="13.807712">
        <ele>215.876504</ele>
        <time>2025-06-15T19:12:29.890Z</time>
      </trkpt>
      <trkpt lat="51.073750" lon="13.808647">
        <ele>218.315905</ele>
        <time>2025-06-15T19:12:53.096Z</time>
      </trkpt>
      <trkpt lat="51.073180" lon="13.810768">
        <ele>223.584638</ele>
        <time>2025-06-15T19:13:43.902Z</time>
      </trkpt>
      <trkpt lat="51.072912" lon="13.811617">
        <ele>225.645731</ele>
        <time>2025-06-15T19:14:02.128Z</time>
      </trkpt>
      <trkpt lat="51.072641" lon="13.812145">
        <ele>226.307870</ele>
        <time>2025-06-15T19:14:14.056Z</time>
      </trkpt>
      <trkpt lat="51.073307" lon="13.813675">
        <ele>228.115572</ele>
        <time>2025-06-15T19:14:44.122Z</time>
      </trkpt>
      <trkpt lat="51.073567" lon="13.814324">
        <ele>228.996153</ele>
        <time>2025-06-15T19:14:56.669Z</time>
      </trkpt>
      <trkpt lat="51.073658" lon="13.814546">
        <ele>229.318904</ele>
        <time>2025-06-15T19:15:01.070Z</time>
      </trkpt>
      <trkpt lat="51.074005" lon="13.815392">
        <ele>230.549069</ele>
        <time>2025-06-15T19:15:18.299Z</time>
      </trkpt>
      <trkpt lat="51.074492" lon="13.816545">
        <ele>232.583254</ele>
        <time>2025-06-15T19:15:44.365Z</time>
      </trkpt>
      <trkpt lat="51.075255" lon="13.818337">
        <ele>237.387365</ele>
        <time>2025-06-15T19:16:29.550Z</time>
      </trkpt>
      <trkpt lat="51.075550" lon="13.818936">
        <ele>238.971903</ele>
        <time>2025-06-15T19:16:46.280Z</time>
      </trkpt>
      <trkpt lat="51.075803" lon="13.819669">
        <ele>240.612143</ele>
        <time>2025-06-15T19:17:04.374Z</time>
      </trkpt>
      <trkpt lat="51.075935" lon="13.820128">
        <ele>241.602172</ele>
        <time>2025-06-15T19:17:14.859Z</time>
      </trkpt>
      <trkpt lat="51.076427" lon="13.821244">
        <ele>243.768401</ele>
        <time>2025-06-15T19:17:39.650Z</time>
      </trkpt>
      <trkpt lat="51.076475" lon="13.821354">
        <ele>243.755596</ele>
        <time>2025-06-15T19:17:41.809Z</time>
      </trkpt>
      <trkpt lat="51.076648" lon="13.821782">
        <ele>243.706935</ele>
        <time>2025-06-15T19:17:49.769Z</time>
      </trkpt>
      <trkpt lat="51.077229" lon="13.823148">
        <ele>243.549213</ele>
        <time>2025-06-15T19:18:11.472Z</time>
      </trkpt>
      <trkpt lat="51.077129" lon="13.823738">
        <ele>243.462439</ele>
        <time>2025-06-15T19:18:16.407Z</time>
      </trkpt>
      <trkpt lat="51.077109" lon="13.824096">
        <ele>243.392636</ele>
        <time>2025-06-15T19:18:19.274Z</time>
      </trkpt>
      <trkpt lat="51.077136" lon="13.824632">
        <ele>243.288203</ele>
        <time>2025-06-15T19:18:23.573Z</time>
      </trkpt>
      <trkpt lat="51.076769" lon="13.825648">
        <ele>243.060593</ele>
        <time>2025-06-15T19:18:33.993Z</time>
      </trkpt>
      <trkpt lat="51.076639" lon="13.826251">
        <ele>243.080139</ele>
        <time>2025-06-15T19:18:41.958Z</time>
      </trkpt>
      <trkpt lat="51.076717" lon="13.827044">
        <ele>243.800906</ele>
        <time>2025-06-15T19:18:52.887Z</time>
      </trkpt>
      <trkpt lat="51.076825" lon="13.827607">
        <ele>244.329504</ele>
        <time>2025-06-15T19:19:00.538Z</time>
      </trkpt>
      <trkpt lat="51.077009" lon="13.828086">
        <ele>244.833656</ele>
        <time>2025-06-15T19:19:07.537Z</time>
      </trkpt>
      <trkpt lat="51.077156" lon="13.828557">
        <ele>245.305908</ele>
        <time>2025-06-15T19:19:13.507Z</time>
      </trkpt>
      <trkpt lat="51.077258" lon="13.828988">
        <ele>245.634838</ele>
        <time>2025-06-15T19:19:18.271Z</time>
      </trkpt>
      <trkpt lat="51.077270" lon="13.829111">
        <ele>245.695880</ele>
        <time>2025-06-15T19:19:19.469Z</time>
      </trkpt>
      <trkpt lat="51.077295" lon="13.829786">
        <ele>246.027474</ele>
        <time>2025-06-15T19:19:25.852Z</time>
      </trkpt>
      <trkpt lat="51.077299" lon="13.830231">
        <ele>246.245724</ele>
        <time>2025-06-15T19:19:30.125Z</time>
      </trkpt>
      <trkpt lat="51.077245" lon="13.831022">
        <ele>246.635913</ele>
        <time>2025-06-15T19:19:38.807Z</time>
      </trkpt>
      <trkpt lat="51.077225" lon="13.832173">
        <ele>247.299039</ele>
        <time>2025-06-15T19:19:52.885Z</time>
      </trkpt>
      <trkpt lat="51.077045" lon="13.832713">
        <ele>247.710773</ele>
        <time>2025-06-15T19:20:00.264Z</time>
      </trkpt>
      <trkpt lat="51.076453" lon="13.833815">
        <ele>248.687361</ele>
        <time>2025-06-15T19:20:16.336Z</time>
      </trkpt>
      <trkpt lat="51.076132" lon="13.834591">
        <ele>249.014126</ele>
        <time>2025-06-15T19:20:25.962Z</time>
      </trkpt>
      <trkpt lat="51.075924" lon="13.835359">
        <ele>249.201422</ele>
        <time>2025-06-15T19:20:34.525Z</time>
      </trkpt>
      <trkpt lat="51.075436" lon="13.835814">
        <ele>249.403020</ele>
        <time>2025-06-15T19:20:47.774Z</time>
      </trkpt>
      <trkpt lat="51.074716" lon="13.836392">
        <ele>249.495835</ele>
        <time>2025-06-15T19:21:05.480Z</time>
      </trkpt>
      <trkpt lat="51.074492" lon="13.836662">
        <ele>249.490142</ele>
        <time>2025-06-15T19:21:11.610Z</time>
      </trkpt>
      <trkpt lat="51.074041" lon="13.837347">
        <ele>249.477509</ele>
        <time>2025-06-15T19:21:25.351Z</time>
      </trkpt>
      <trkpt lat="51.073973" lon="13.837560">
        <ele>249.474467</ele>
        <time>2025-06-15T19:21:28.678Z</time>
      </trkpt>
      <trkpt lat="51.073813" lon="13.838021">
        <ele>249.520477</ele>
        <time>2025-06-15T19:21:36.030Z</time>
      </trkpt>
      <trkpt lat="51.073683" lon="13.838879">
        <ele>249.791888</ele>
        <time>2025-06-15T19:21:48.956Z</time>
      </trkpt>
      <trkpt lat="51.073697" lon="13.839513">
        <ele>249.986973</ele>
        <time>2025-06-15T19:21:58.731Z</time>
      </trkpt>
      <trkpt lat="51.073754" lon="13.840059">
        <ele>250.157179</ele>
        <time>2025-06-15T19:22:07.352Z</time>
      </trkpt>
      <trkpt lat="51.073793" lon="13.840852">
        <ele>250.388508</ele>
        <time>2025-06-15T19:22:19.380Z</time>
      </trkpt>
      <trkpt lat="51.073675" lon="13.841492">
        <ele>250.540869</ele>
        <time>2025-06-15T19:22:29.006Z</time>
      </trkpt>
      <trkpt lat="51.073598" lon="13.841744">
        <ele>250.604880</ele>
        <time>2025-06-15T19:22:33.062Z</time>
      </trkpt>
      <trkpt lat="51.073362" lon="13.842535">
        <ele>250.804907</ele>
        <time>2025-06-15T19:22:45.801Z</time>
      </trkpt>
      <trkpt lat="51.073293" lon="13.842757">
        <ele>250.861484</ele>
        <time>2025-06-15T19:22:49.421Z</time>
      </trkpt>
      <trkpt lat="51.073284" lon="13.842988">
        <ele>250.914354</ele>
        <time>2025-06-15T19:22:52.807Z</time>
      </trkpt>
      <trkpt lat="51.073393" lon="13.844220">
        <ele>251.509719</ele>
        <time>2025-06-15T19:23:11.041Z</time>
      </trkpt>
      <trkpt lat="51.073444" lon="13.844557">
        <ele>251.715587</ele>
        <time>2025-06-15T19:23:16.423Z</time>
      </trkpt>
      <trkpt lat="51.072974" lon="13.845907">
        <ele>252.632210</ele>
        <time>2025-06-15T19:23:42.220Z</time>
      </trkpt>
      <trkpt lat="51.072499" lon="13.847404">
        <ele>253.290482</ele>
        <time>2025-06-15T19:24:08.869Z</time>
      </trkpt>
      <trkpt lat="51.072305" lon="13.847807">
        <ele>253.481792</ele>
        <time>2025-06-15T19:24:14.246Z</time>
      </trkpt>
      <trkpt lat="51.072297" lon="13.847888">
        <ele>253.512690</ele>
        <time>2025-06-15T19:24:15.076Z</time>
      </trkpt>
      <trkpt lat="51.071624" lon="13.848437">
        <ele>253.242071</ele>
        <time>2025-06-15T19:24:26.024Z</time>
      </trkpt>
      <trkpt lat="51.071150" lon="13.849356">
        <ele>251.920547</ele>
        <time>2025-06-15T19:24:35.498Z</time>
      </trkpt>
      <trkpt lat="51.070779" lon="13.849810">
        <ele>251.092697</ele>
        <time>2025-06-15T19:24:40.903Z</time>
      </trkpt>
      <trkpt lat="51.070690" lon="13.849964">
        <ele>250.860134</ele>
        <time>2025-06-15T19:24:42.443Z</time>
      </trkpt>
      <trkpt lat="51.070135" lon="13.850660">
        <ele>250.212514</ele>
        <time>2025-06-15T19:24:51.065Z</time>
      </trkpt>
      <trkpt lat="51.070909" lon="13.852527">
        <ele>249.308913</ele>
        <time>2025-06-15T19:25:13.180Z</time>
      </trkpt>
      <trkpt lat="51.072198" lon="13.855679">
        <ele>248.409227</ele>
        <time>2025-06-15T19:26:04.084Z</time>
      </trkpt>
      <trkpt lat="51.072961" lon="13.857464">
        <ele>247.190101</ele>
        <time>2025-06-15T19:26:32.648Z</time>
      </trkpt>
      <trkpt lat="51.073281" lon="13.858232">
        <ele>246.112679</ele>
        <time>2025-06-15T19:26:44.297Z</time>
      </trkpt>
      <trkpt lat="51.074326" lon="13.860807">
        <ele>243.344734</ele>
        <time>2025-06-15T19:27:20.933Z</time>
      </trkpt>
      <trkpt lat="51.075520" lon="13.863633">
        <ele>243.434589</ele>
        <time>2025-06-15T19:28:13.563Z</time>
      </trkpt>
      <trkpt lat="51.075483" lon="13.863898">
        <ele>243.552713</ele>
        <time>2025-06-15T19:28:16.753Z</time>
      </trkpt>
      <trkpt lat="51.075376" lon="13.864212">
        <ele>243.708147</ele>
        <time>2025-06-15T19:28:20.686Z</time>
      </trkpt>
      <trkpt lat="51.074975" lon="13.864943">
        <ele>243.407651</ele>
        <time>2025-06-15T19:28:29.875Z</time>
      </trkpt>
      <trkpt lat="51.075571" lon="13.865322">
        <ele>242.997754</ele>
        <time>2025-06-15T19:28:38.405Z</time>
      </trkpt>
      <trkpt lat="51.075902" lon="13.865581">
        <ele>242.762193</ele>
        <time>2025-06-15T19:28:43.142Z</time>
      </trkpt>
      <trkpt lat="51.076269" lon="13.865652">
        <ele>242.613155</ele>
        <time>2025-06-15T19:28:47.859Z</time>
      </trkpt>
      <trkpt lat="51.076384" lon="13.865730">
        <ele>242.620653</ele>
        <time>2025-06-15T19:28:49.493Z</time>
      </trkpt>
      <trkpt lat="51.077559" lon="13.868552">
        <ele>243.550327</ele>
        <time>2025-06-15T19:29:23.590Z</time>
      </trkpt>
      <trkpt lat="51.078049" lon="13.869751">
        <ele>244.851284</ele>
        <time>2025-06-15T19:29:43.444Z</time>
      </trkpt>
      <trkpt lat="51.078598" lon="13.871096">
        <ele>244.541445</ele>
        <time>2025-06-15T19:30:02.222Z</time>
      </trkpt>
      <trkpt lat="51.080709" lon="13.876122">
        <ele>238.214798</ele>
        <time>2025-06-15T19:30:47.361Z</time>
      </trkpt>
      <trkpt lat="51.081439" lon="13.877933">
        <ele>238.337043</ele>
        <time>2025-06-15T19:31:16.346Z</time>
      </trkpt>
      <trkpt lat="51.081426" lon="13.878048">
        <ele>238.390028</ele>
        <time>2025-06-15T19:31:18.017Z</time>
      </trkpt>
      <trkpt lat="51.081627" lon="13.878537">
        <ele>238.655012</ele>
        <time>2025-06-15T19:31:25.450Z</time>
      </trkpt>
      <trkpt lat="51.082080" lon="13.879659">
        <ele>239.259793</ele>
        <time>2025-06-15T19:31:37.272Z</time>
      </trkpt>
      <trkpt lat="51.082783" lon="13.881362">
        <ele>239.464049</ele>
        <time>2025-06-15T19:31:54.365Z</time>
      </trkpt>
      <trkpt lat="51.083448" lon="13.882977">
        <ele>241.010409</ele>
        <time>2025-06-15T19:32:20.079Z</time>
      </trkpt>
      <trkpt lat="51.083954" lon="13.884185">
        <ele>243.199072</ele>
        <time>2025-06-15T19:32:42.113Z</time>
      </trkpt>
      <trkpt lat="51.084937" lon="13.886426">
        <ele>245.653707</ele>
        <time>2025-06-15T19:33:15.657Z</time>
      </trkpt>
      <trkpt lat="51.085317" lon="13.887435">
        <ele>245.850278</ele>
        <time>2025-06-15T19:33:26.797Z</time>
      </trkpt>
      <trkpt lat="51.086109" lon="13.889228">
        <ele>244.973565</ele>
        <time>2025-06-15T19:33:45.197Z</time>
      </trkpt>
      <trkpt lat="51.086171" lon="13.889378">
        <ele>245.007356</ele>
        <time>2025-06-15T19:33:46.674Z</time>
      </trkpt>
      <trkpt lat="51.086256" lon="13.889582">
        <ele>245.123693</ele>
        <time>2025-06-15T19:33:48.696Z</time>
      </trkpt>
      <trkpt lat="51.086384" lon="13.889888">
        <ele>245.298408</ele>
        <time>2025-06-15T19:33:51.768Z</time>
      </trkpt>
      <trkpt lat="51.087090" lon="13.891592">
        <ele>246.268487</ele>
        <time>2025-06-15T19:34:13.216Z</time>
      </trkpt>
      <trkpt lat="51.088562" lon="13.895142">
        <ele>257.693536</ele>
        <time>2025-06-15T19:35:31.972Z</time>
      </trkpt>
      <trkpt lat="51.089191" lon="13.896673">
        <ele>262.271822</ele>
        <time>2025-06-15T19:36:02.839Z</time>
      </trkpt>
      <trkpt lat="51.090304" lon="13.899384">
        <ele>266.489370</ele>
        <time>2025-06-15T19:36:46.434Z</time>
      </trkpt>
      <trkpt lat="51.091141" lon="13.901526">
        <ele>267.311553</ele>
        <time>2025-06-15T19:37:09.880Z</time>
      </trkpt>
      <trkpt lat="51.091197" lon="13.901633">
        <ele>267.319140</ele>
        <time>2025-06-15T19:37:11.742Z</time>
      </trkpt>
      <trkpt lat="51.091141" lon="13.901526">
        <ele>267.326727</ele>
        <time>2025-06-15T19:37:13.790Z</time>
      </trkpt>
      <trkpt lat="51.090400" lon="13.901722">
        <ele>267.391877</ele>
        <time>2025-06-15T19:37:30.670Z</time>
      </trkpt>
      <trkpt lat="51.089719" lon="13.902088">
        <ele>267.442268</ele>
        <time>2025-06-15T19:37:47.153Z</time>
      </trkpt>
      <trkpt lat="51.089265" lon="13.902080">
        <ele>267.328706</ele>
        <time>2025-06-15T19:37:57.487Z</time>
      </trkpt>
      <trkpt lat="51.088346" lon="13.902166">
        <ele>267.098446</ele>
        <time>2025-06-15T19:38:17.393Z</time>
      </trkpt>
      <trkpt lat="51.088336" lon="13.902170">
        <ele>267.095867</ele>
        <time>2025-06-15T19:38:17.538Z</time>
      </trkpt>
      <trkpt lat="51.086924" lon="13.901054">
        <ele>266.452538</ele>
        <time>2025-06-15T19:38:39.543Z</time>
      </trkpt>
      <trkpt lat="51.086508" lon="13.900805">
        <ele>266.249006</ele>
        <time>2025-06-15T19:38:45.951Z</time>
      </trkpt>
      <trkpt lat="51.086107" lon="13.900392">
        <ele>265.937403</ele>
        <time>2025-06-15T19:38:52.672Z</time>
      </trkpt>
      <trkpt lat="51.085739" lon="13.900175">
        <ele>265.644334</ele>
        <time>2025-06-15T19:38:58.305Z</time>
      </trkpt>
      <trkpt lat="51.085452" lon="13.900127">
        <ele>265.428824</ele>
        <time>2025-06-15T19:39:02.242Z</time>
      </trkpt>
      <trkpt lat="51.085080" lon="13.900285">
        <ele>265.141298</ele>
        <time>2025-06-15T19:39:07.297Z</time>
      </trkpt>
      <trkpt lat="51.084818" lon="13.900509">
        <ele>264.919205</ele>
        <time>2025-06-15T19:39:11.148Z</time>
      </trkpt>
      <trkpt lat="51.084651" lon="13.900587">
        <ele>264.848026</ele>
        <time>2025-06-15T19:39:13.444Z</time>
      </trkpt>
      <trkpt lat="51.084336" lon="13.900644">
        <ele>264.919930</ele>
        <time>2025-06-15T19:39:17.719Z</time>
      </trkpt>
      <trkpt lat="51.083544" lon="13.901371">
        <ele>265.127286</ele>
        <time>2025-06-15T19:39:32.082Z</time>
      </trkpt>
      <trkpt lat="51.083476" lon="13.901328">
        <ele>265.143881</ele>
        <time>2025-06-15T19:39:33.319Z</time>
      </trkpt>
      <trkpt lat="51.083331" lon="13.901542">
        <ele>265.188728</ele>
        <time>2025-06-15T19:39:36.604Z</time>
      </trkpt>
      <trkpt lat="51.083122" lon="13.901882">
        <ele>265.382108</ele>
        <time>2025-06-15T19:39:41.555Z</time>
      </trkpt>
      <trkpt lat="51.082868" lon="13.902137">
        <ele>266.051433</ele>
        <time>2025-06-15T19:39:46.555Z</time>
      </trkpt>
      <trkpt lat="51.082115" lon="13.903133">
        <ele>268.233581</ele>
        <time>2025-06-15T19:40:05.835Z</time>
      </trkpt>
      <trkpt lat="51.081958" lon="13.903366">
        <ele>268.712009</ele>
        <time>2025-06-15T19:40:10.412Z</time>
      </trkpt>
      <trkpt lat="51.081762" lon="13.903672">
        <ele>269.405251</ele>
        <time>2025-06-15T19:40:16.667Z</time>
      </trkpt>
      <trkpt lat="51.081596" lon="13.904008">
        <ele>270.673801</ele>
        <time>2025-06-15T19:40:23.328Z</time>
      </trkpt>
      <trkpt lat="51.081526" lon="13.904318">
        <ele>271.651404</ele>
        <time>2025-06-15T19:40:28.800Z</time>
      </trkpt>
      <trkpt lat="51.081565" lon="13.905167">
        <ele>274.177685</ele>
        <time>2025-06-15T19:40:44.368Z</time>
      </trkpt>
      <trkpt lat="51.081510" lon="13.905771">
        <ele>275.988892</ele>
        <time>2025-06-15T19:40:55.749Z</time>
      </trkpt>
      <trkpt lat="51.081515" lon="13.906206">
        <ele>277.280046</ele>
        <time>2025-06-15T19:41:03.797Z</time>
      </trkpt>
      <trkpt lat="51.081613" lon="13.906917">
        <ele>279.177824</ele>
        <time>2025-06-15T19:41:17.070Z</time>
      </trkpt>
      <trkpt lat="51.081677" lon="13.907408">
        <ele>280.435203</ele>
        <time>2025-06-15T19:41:25.775Z</time>
      </trkpt>
      <trkpt lat="51.081795" lon="13.908419">
        <ele>283.013609</ele>
        <time>2025-06-15T19:41:42.106Z</time>
      </trkpt>
      <trkpt lat="51.081971" lon="13.910944">
        <ele>287.772301</ele>
        <time>2025-06-15T19:42:15.631Z</time>
      </trkpt>
      <trkpt lat="51.082082" lon="13.912657">
        <ele>289.945012</ele>
        <time>2025-06-15T19:42:38.215Z</time>
      </trkpt>
      <trkpt lat="51.082084" lon="13.913099">
        <ele>290.246918</ele>
        <time>2025-06-15T19:42:43.648Z</time>
      </trkpt>
      <trkpt lat="51.082039" lon="13.913563">
        <ele>290.567597</ele>
        <time>2025-06-15T19:42:48.994Z</time>
      </trkpt>
      <trkpt lat="51.081913" lon="13.914144">
        <ele>290.987418</ele>
        <time>2025-06-15T19:42:55.171Z</time>
      </trkpt>
      <trkpt lat="51.081797" lon="13.914276">
        <ele>291.142453</ele>
        <time>2025-06-15T19:42:58.446Z</time>
      </trkpt>
      <trkpt lat="51.081777" lon="13.914339">
        <ele>291.190667</ele>
        <time>2025-06-15T19:42:59.442Z</time>
      </trkpt>
      <trkpt lat="51.081733" lon="13.914480">
        <ele>291.298202</ele>
        <time>2025-06-15T19:43:01.612Z</time>
      </trkpt>
      <trkpt lat="51.081701" lon="13.914726">
        <ele>291.460154</ele>
        <time>2025-06-15T19:43:04.996Z</time>
      </trkpt>
      <trkpt lat="51.081766" lon="13.914898">
        <ele>291.249149</ele>
        <time>2025-06-15T19:43:07.609Z</time>
      </trkpt>
      <trkpt lat="51.081244" lon="13.917791">
        <ele>288.404454</ele>
        <time>2025-06-15T19:43:28.203Z</time>
      </trkpt>
      <trkpt lat="51.081197" lon="13.918046">
        <ele>288.365510</ele>
        <time>2025-06-15T19:43:30.277Z</time>
      </trkpt>
      <trkpt lat="51.080676" lon="13.920850">
        <ele>287.356706</ele>
        <time>2025-06-15T19:43:57.068Z</time>
      </trkpt>
      <trkpt lat="51.080252" lon="13.923522">
        <ele>284.639583</ele>
        <time>2025-06-15T19:44:15.624Z</time>
      </trkpt>
      <trkpt lat="51.079577" lon="13.926849">
        <ele>282.281860</ele>
        <time>2025-06-15T19:44:41.360Z</time>
      </trkpt>
      <trkpt lat="51.079129" lon="13.928863">
        <ele>282.250804</ele>
        <time>2025-06-15T19:45:00.463Z</time>
      </trkpt>
      <trkpt lat="51.078639" lon="13.930715">
        <ele>283.406247</ele>
        <time>2025-06-15T19:45:21.074Z</time>
      </trkpt>
      <trkpt lat="51.078429" lon="13.931613">
        <ele>283.897496</ele>
        <time>2025-06-15T19:45:31.926Z</time>
      </trkpt>
      <trkpt lat="51.078358" lon="13.932075">
        <ele>284.122373</ele>
        <time>2025-06-15T19:45:37.316Z</time>
      </trkpt>
      <trkpt lat="51.078237" lon="13.933390">
        <ele>284.750749</ele>
        <time>2025-06-15T19:45:50.739Z</time>
      </trkpt>
      <trkpt lat="51.078807" lon="13.933537">
        <ele>284.804809</ele>
        <time>2025-06-15T19:45:57.846Z</time>
      </trkpt>
      <trkpt lat="51.079109" lon="13.933731">
        <ele>284.606752</ele>
        <time>2025-06-15T19:46:01.681Z</time>
      </trkpt>
      <trkpt lat="51.079342" lon="13.933997">
        <ele>284.432372</ele>
        <time>2025-06-15T19:46:05.055Z</time>
      </trkpt>
      <trkpt lat="51.079473" lon="13.934229">
        <ele>284.313191</ele>
        <time>2025-06-15T19:46:07.396Z</time>
      </trkpt>
      <trkpt lat="51.079610" lon="13.934594">
        <ele>284.150741</ele>
        <time>2025-06-15T19:46:10.648Z</time>
      </trkpt>
      <trkpt lat="51.079514" lon="13.934575">
        <ele>284.091909</ele>
        <time>2025-06-15T19:46:11.864Z</time>
      </trkpt>
      <trkpt lat="51.079199" lon="13.934897">
        <ele>283.885891</ele>
        <time>2025-06-15T19:46:16.600Z</time>
      </trkpt>
      <trkpt lat="51.078938" lon="13.935328">
        <ele>283.952516</ele>
        <time>2025-06-15T19:46:21.771Z</time>
      </trkpt>
      <trkpt lat="51.078788" lon="13.935746">
        <ele>284.006092</ele>
        <time>2025-06-15T19:46:26.582Z</time>
      </trkpt>
      <trkpt lat="51.078708" lon="13.936115">
        <ele>284.049537</ele>
        <time>2025-06-15T19:46:30.485Z</time>
      </trkpt>
      <trkpt lat="51.078679" lon="13.936484">
        <ele>284.090925</ele>
        <time>2025-06-15T19:46:33.962Z</time>
      </trkpt>
      <trkpt lat="51.078713" lon="13.937165">
        <ele>284.166957</ele>
        <time>2025-06-15T19:46:39.860Z</time>
      </trkpt>
      <trkpt lat="51.078772" lon="13.937574">
        <ele>284.120515</ele>
        <time>2025-06-15T19:46:43.262Z</time>
      </trkpt>
      <trkpt lat="51.078598" lon="13.937837">
        <ele>283.880633</ele>
        <time>2025-06-15T19:46:46.282Z</time>
      </trkpt>
      <trkpt lat="51.078196" lon="13.937000">
        <ele>283.218920</ele>
        <time>2025-06-15T19:46:54.350Z</time>
      </trkpt>
      <trkpt lat="51.078022" lon="13.936879">
        <ele>283.029095</ele>
        <time>2025-06-15T19:46:56.543Z</time>
      </trkpt>
      <trkpt lat="51.077790" lon="13.936791">
        <ele>282.790669</ele>
        <time>2025-06-15T19:46:59.265Z</time>
      </trkpt>
      <trkpt lat="51.077679" lon="13.936843">
        <ele>282.674995</ele>
        <time>2025-06-15T19:47:00.581Z</time>
      </trkpt>
      <trkpt lat="51.077636" lon="13.937012">
        <ele>282.560475</ele>
        <time>2025-06-15T19:47:01.872Z</time>
      </trkpt>
      <trkpt lat="51.077503" lon="13.937803">
        <ele>281.893234</ele>
        <time>2025-06-15T19:47:08.398Z</time>
      </trkpt>
      <trkpt lat="51.077475" lon="13.938088">
        <ele>281.634074</ele>
        <time>2025-06-15T19:47:10.704Z</time>
      </trkpt>
      <trkpt lat="51.077421" lon="13.939102">
        <ele>280.719816</ele>
        <time>2025-06-15T19:47:18.874Z</time>
      </trkpt>
      <trkpt lat="51.077419" lon="13.939280">
        <ele>280.559873</ele>
        <time>2025-06-15T19:47:20.323Z</time>
      </trkpt>
      <trkpt lat="51.077415" lon="13.939602">
        <ele>280.270527</ele>
        <time>2025-06-15T19:47:22.956Z</time>
      </trkpt>
      <trkpt lat="51.077442" lon="13.940294">
        <ele>279.744448</ele>
        <time>2025-06-15T19:47:28.693Z</time>
      </trkpt>
      <trkpt lat="51.077425" lon="13.940638">
        <ele>279.599474</ele>
        <time>2025-06-15T19:47:31.590Z</time>
      </trkpt>
      <trkpt lat="51.077298" lon="13.941610">
        <ele>279.182360</ele>
        <time>2025-06-15T19:47:40.198Z</time>
      </trkpt>
      <trkpt lat="51.077264" lon="13.942273">
        <ele>278.902879</ele>
        <time>2025-06-15T19:47:46.105Z</time>
      </trkpt>
      <trkpt lat="51.077222" lon="13.942580">
        <ele>278.770873</ele>
        <time>2025-06-15T19:47:48.932Z</time>
      </trkpt>
      <trkpt lat="51.077110" lon="13.942905">
        <ele>278.610809</ele>
        <time>2025-06-15T19:47:52.294Z</time>
      </trkpt>
      <trkpt lat="51.077027" lon="13.943065">
        <ele>278.491028</ele>
        <time>2025-06-15T19:47:54.184Z</time>
      </trkpt>
      <trkpt lat="51.076270" lon="13.944161">
        <ele>277.550756</ele>
        <time>2025-06-15T19:48:08.294Z</time>
      </trkpt>
      <trkpt lat="51.075565" lon="13.944009">
        <ele>276.878621</ele>
        <time>2025-06-15T19:48:17.439Z</time>
      </trkpt>
      <trkpt lat="51.075270" lon="13.944570">
        <ele>276.355128</ele>
        <time>2025-06-15T19:48:23.228Z</time>
      </trkpt>
      <trkpt lat="51.075193" lon="13.944749">
        <ele>276.199892</ele>
        <time>2025-06-15T19:48:24.957Z</time>
      </trkpt>
      <trkpt lat="51.074860" lon="13.945932">
        <ele>275.272268</ele>
        <time>2025-06-15T19:48:35.775Z</time>
      </trkpt>
      <trkpt lat="51.074707" lon="13.947293">
        <ele>274.741534</ele>
        <time>2025-06-15T19:48:48.057Z</time>
      </trkpt>
      <trkpt lat="51.074525" lon="13.947839">
        <ele>274.614910</ele>
        <time>2025-06-15T19:48:53.746Z</time>
      </trkpt>
      <trkpt lat="51.074501" lon="13.948051">
        <ele>274.570778</ele>
        <time>2025-06-15T19:48:55.784Z</time>
      </trkpt>
      <trkpt lat="51.074488" lon="13.948576">
        <ele>274.463139</ele>
        <time>2025-06-15T19:49:00.878Z</time>
      </trkpt>
      <trkpt lat="51.074494" lon="13.948640">
        <ele>274.449882</ele>
        <time>2025-06-15T19:49:01.491Z</time>
      </trkpt>
      <trkpt lat="51.074514" lon="13.948851">
        <ele>274.406166</ele>
        <time>2025-06-15T19:49:03.432Z</time>
      </trkpt>
      <trkpt lat="51.074577" lon="13.949233">
        <ele>274.320923</ele>
        <time>2025-06-15T19:49:06.892Z</time>
      </trkpt>
      <trkpt lat="51.074737" lon="13.949764">
        <ele>274.162366</ele>
        <time>2025-06-15T19:49:11.829Z</time>
      </trkpt>
      <trkpt lat="51.074770" lon="13.949938">
        <ele>274.113431</ele>
        <time>2025-06-15T19:49:13.345Z</time>
      </trkpt>
      <trkpt lat="51.074763" lon="13.950051">
        <ele>274.082860</ele>
        <time>2025-06-15T19:49:14.296Z</time>
      </trkpt>
      <trkpt lat="51.073991" lon="13.950732">
        <ele>273.704631</ele>
        <time>2025-06-15T19:49:33.133Z</time>
      </trkpt>
      <trkpt lat="51.073713" lon="13.950808">
        <ele>273.583759</ele>
        <time>2025-06-15T19:49:39.302Z</time>
      </trkpt>
      <trkpt lat="51.073585" lon="13.950930">
        <ele>273.709705</ele>
        <time>2025-06-15T19:49:42.617Z</time>
      </trkpt>
      <trkpt lat="51.073291" lon="13.951371">
        <ele>274.214749</ele>
        <time>2025-06-15T19:49:52.460Z</time>
      </trkpt>
      <trkpt lat="51.072277" lon="13.952407">
        <ele>275.721084</ele>
        <time>2025-06-15T19:50:25.903Z</time>
      </trkpt>
      <trkpt lat="51.072268" lon="13.952475">
        <ele>275.775670</ele>
        <time>2025-06-15T19:50:27.088Z</time>
      </trkpt>
      <trkpt lat="51.071999" lon="13.953068">
        <ele>276.036527</ele>
        <time>2025-06-15T19:50:38.955Z</time>
      </trkpt>
      <trkpt lat="51.071829" lon="13.953377">
        <ele>276.169430</ele>
        <time>2025-06-15T19:50:45.246Z</time>
      </trkpt>
      <trkpt lat="51.071533" lon="13.953733">
        <ele>276.360502</ele>
        <time>2025-06-15T19:50:53.936Z</time>
      </trkpt>
      <trkpt lat="51.071207" lon="13.953830">
        <ele>276.531300</ele>
        <time>2025-06-15T19:51:01.361Z</time>
      </trkpt>
      <trkpt lat="51.070783" lon="13.953873">
        <ele>276.742384</ele>
        <time>2025-06-15T19:51:10.718Z</time>
      </trkpt>
      <trkpt lat="51.070529" lon="13.954004">
        <ele>276.728480</ele>
        <time>2025-06-15T19:51:16.550Z</time>
      </trkpt>
      <trkpt lat="51.069922" lon="13.954840">
        <ele>276.686678</ele>
        <time>2025-06-15T19:51:34.173Z</time>
      </trkpt>
      <trkpt lat="51.069797" lon="13.955020">
        <ele>276.677900</ele>
        <time>2025-06-15T19:51:37.918Z</time>
      </trkpt>
      <trkpt lat="51.069174" lon="13.956570">
        <ele>276.404754</ele>
        <time>2025-06-15T19:52:03.963Z</time>
      </trkpt>
      <trkpt lat="51.068766" lon="13.957587">
        <ele>276.100376</ele>
        <time>2025-06-15T19:52:20.792Z</time>
      </trkpt>
      <trkpt lat="51.068151" lon="13.959041">
        <ele>274.737752</ele>
        <time>2025-06-15T19:52:42.899Z</time>
      </trkpt>
      <trkpt lat="51.067749" lon="13.960015">
        <ele>273.438393</ele>
        <time>2025-06-15T19:52:56.882Z</time>
      </trkpt>
      <trkpt lat="51.067158" lon="13.961599">
        <ele>272.313538</ele>
        <time>2025-06-15T19:53:20.207Z</time>
      </trkpt>
      <trkpt lat="51.067028" lon="13.961896">
        <ele>272.187438</ele>
        <time>2025-06-15T19:53:25.364Z</time>
      </trkpt>
      <trkpt lat="51.066803" lon="13.962316">
        <ele>271.995157</ele>
        <time>2025-06-15T19:53:33.333Z</time>
      </trkpt>
      <trkpt lat="51.066438" lon="13.962794">
        <ele>271.733117</ele>
        <time>2025-06-15T19:53:44.436Z</time>
      </trkpt>
      <trkpt lat="51.065948" lon="13.964028">
        <ele>271.227616</ele>
        <time>2025-06-15T19:54:04.422Z</time>
      </trkpt>
      <trkpt lat="51.065410" lon="13.965929">
        <ele>271.088827</ele>
        <time>2025-06-15T19:54:31.294Z</time>
      </trkpt>
      <trkpt lat="51.065376" lon="13.966114">
        <ele>271.183044</ele>
        <time>2025-06-15T19:54:33.899Z</time>
      </trkpt>
      <trkpt lat="51.065115" lon="13.967532">
        <ele>271.905287</ele>
        <time>2025-06-15T19:54:57.813Z</time>
      </trkpt>
      <trkpt lat="51.064959" lon="13.968146">
        <ele>272.444721</ele>
        <time>2025-06-15T19:55:10.199Z</time>
      </trkpt>
      <trkpt lat="51.064812" lon="13.969674">
        <ele>275.174814</ele>
        <time>2025-06-15T19:55:40.005Z</time>
      </trkpt>
      <trkpt lat="51.064299" lon="13.970567">
        <ele>277.325156</ele>
        <time>2025-06-15T19:55:57.911Z</time>
      </trkpt>
      <trkpt lat="51.064059" lon="13.970948">
        <ele>278.394666</ele>
        <time>2025-06-15T19:56:06.416Z</time>
      </trkpt>
      <trkpt lat="51.063575" lon="13.971714">
        <ele>280.548233</ele>
        <time>2025-06-15T19:56:24.254Z</time>
      </trkpt>
      <trkpt lat="51.062564" lon="13.973413">
        <ele>282.698354</ele>
        <time>2025-06-15T19:56:58.146Z</time>
      </trkpt>
      <trkpt lat="51.062315" lon="13.973759">
        <ele>282.618400</ele>
        <time>2025-06-15T19:57:02.861Z</time>
      </trkpt>
      <trkpt lat="51.062056" lon="13.973947">
        <ele>282.549548</ele>
        <time>2025-06-15T19:57:06.532Z</time>
      </trkpt>
      <trkpt lat="51.060995" lon="13.974924">
        <ele>279.112895</ele>
        <time>2025-06-15T19:57:20.237Z</time>
      </trkpt>
      <trkpt lat="51.060573" lon="13.975247">
        <ele>277.102744</ele>
        <time>2025-06-15T19:57:25.261Z</time>
      </trkpt>
      <trkpt lat="51.059823" lon="13.975622">
        <ele>273.990645</ele>
        <time>2025-06-15T19:57:33.870Z</time>
      </trkpt>
      <trkpt lat="51.059465" lon="13.975895">
        <ele>272.737660</ele>
        <time>2025-06-15T19:57:38.386Z</time>
      </trkpt>
      <trkpt lat="51.059058" lon="13.976205">
        <ele>271.313489</ele>
        <time>2025-06-15T19:57:43.699Z</time>
      </trkpt>
      <trkpt lat="51.058079" lon="13.977053">
        <ele>267.845129</ele>
        <time>2025-06-15T19:57:57.197Z</time>
      </trkpt>
      <trkpt lat="51.057679" lon="13.977487">
        <ele>266.377999</ele>
        <time>2025-06-15T19:58:02.921Z</time>
      </trkpt>
      <trkpt lat="51.057392" lon="13.977943">
        <ele>265.148908</ele>
        <time>2025-06-15T19:58:07.600Z</time>
      </trkpt>
      <trkpt lat="51.056959" lon="13.978307">
        <ele>263.664905</ele>
        <time>2025-06-15T19:58:13.176Z</time>
      </trkpt>
      <trkpt lat="51.056329" lon="13.978613">
        <ele>261.646615</ele>
        <time>2025-06-15T19:58:20.680Z</time>
      </trkpt>
      <trkpt lat="51.054433" lon="13.979893">
        <ele>256.080881</ele>
        <time>2025-06-15T19:58:45.078Z</time>
      </trkpt>
      <trkpt lat="51.054094" lon="13.980178">
        <ele>255.225581</ele>
        <time>2025-06-15T19:58:49.847Z</time>
      </trkpt>
      <trkpt lat="51.053771" lon="13.980718">
        <ele>254.180373</ele>
        <time>2025-06-15T19:58:55.757Z</time>
      </trkpt>
      <trkpt lat="51.053438" lon="13.981755">
        <ele>253.054119</ele>
        <time>2025-06-15T19:59:05.187Z</time>
      </trkpt>
      <trkpt lat="51.053292" lon="13.982055">
        <ele>252.699478</ele>
        <time>2025-06-15T19:59:08.249Z</time>
      </trkpt>
      <trkpt lat="51.052430" lon="13.982917">
        <ele>251.194835</ele>
        <time>2025-06-15T19:59:21.426Z</time>
      </trkpt>
      <trkpt lat="51.051488" lon="13.984018">
        <ele>249.535425</ele>
        <time>2025-06-15T19:59:36.606Z</time>
      </trkpt>
      <trkpt lat="51.050525" lon="13.984899">
        <ele>247.814336</ele>
        <time>2025-06-15T19:59:50.823Z</time>
      </trkpt>
      <trkpt lat="51.049779" lon="13.985527">
        <ele>246.420166</ele>
        <time>2025-06-15T20:00:01.592Z</time>
      </trkpt>
      <trkpt lat="51.049354" lon="13.986000">
        <ele>245.477603</ele>
        <time>2025-06-15T20:00:08.149Z</time>
      </trkpt>
      <trkpt lat="51.048587" lon="13.986955">
        <ele>243.415677</ele>
        <time>2025-06-15T20:00:20.182Z</time>
      </trkpt>
      <trkpt lat="51.048163" lon="13.987373">
        <ele>242.359702</ele>
        <time>2025-06-15T20:00:26.243Z</time>
      </trkpt>
      <trkpt lat="51.047658" lon="13.987591">
        <ele>240.899350</ele>
        <time>2025-06-15T20:00:32.541Z</time>
      </trkpt>
      <trkpt lat="51.046900" lon="13.987591">
        <ele>238.594817</ele>
        <time>2025-06-15T20:00:41.436Z</time>
      </trkpt>
      <trkpt lat="51.046495" lon="13.987547">
        <ele>237.360633</ele>
        <time>2025-06-15T20:00:46.095Z</time>
      </trkpt>
      <trkpt lat="51.045755" lon="13.987329">
        <ele>235.198817</ele>
        <time>2025-06-15T20:00:54.633Z</time>
      </trkpt>
      <trkpt lat="51.044988" lon="13.987151">
        <ele>233.038034</ele>
        <time>2025-06-15T20:01:03.697Z</time>
      </trkpt>
      <trkpt lat="51.044687" lon="13.987056">
        <ele>232.182585</ele>
        <time>2025-06-15T20:01:07.438Z</time>
      </trkpt>
      <trkpt lat="51.044170" lon="13.986786">
        <ele>231.122452</ele>
        <time>2025-06-15T20:01:14.445Z</time>
      </trkpt>
      <trkpt lat="51.043814" lon="13.986553">
        <ele>230.586579</ele>
        <time>2025-06-15T20:01:19.075Z</time>
      </trkpt>
      <trkpt lat="51.043539" lon="13.986494">
        <ele>230.200307</ele>
        <time>2025-06-15T20:01:22.392Z</time>
      </trkpt>
      <trkpt lat="51.043366" lon="13.986559">
        <ele>229.952861</ele>
        <time>2025-06-15T20:01:24.478Z</time>
      </trkpt>
      <trkpt lat="51.043257" lon="13.986646">
        <ele>229.783097</ele>
        <time>2025-06-15T20:01:25.907Z</time>
      </trkpt>
      <trkpt lat="51.043218" lon="13.986679">
        <ele>229.721604</ele>
        <time>2025-06-15T20:01:26.805Z</time>
      </trkpt>
      <trkpt lat="51.043084" lon="13.986819">
        <ele>229.498429</ele>
        <time>2025-06-15T20:01:28.650Z</time>
      </trkpt>
      <trkpt lat="51.042951" lon="13.986874">
        <ele>229.307136</ele>
        <time>2025-06-15T20:01:30.231Z</time>
      </trkpt>
      <trkpt lat="51.042851" lon="13.986864">
        <ele>229.167659</ele>
        <time>2025-06-15T20:01:31.377Z</time>
      </trkpt>
      <trkpt lat="51.042598" lon="13.986699">
        <ele>228.564208</ele>
        <time>2025-06-15T20:01:34.488Z</time>
      </trkpt>
      <trkpt lat="51.041806" lon="13.985447">
        <ele>225.804256</ele>
        <time>2025-06-15T20:01:46.433Z</time>
      </trkpt>
      <trkpt lat="51.041568" lon="13.985070">
        <ele>224.974030</ele>
        <time>2025-06-15T20:01:49.867Z</time>
      </trkpt>
      <trkpt lat="51.040813" lon="13.984011">
        <ele>222.488437</ele>
        <time>2025-06-15T20:02:00.229Z</time>
      </trkpt>
      <trkpt lat="51.040436" lon="13.983461">
        <ele>221.225472</ele>
        <time>2025-06-15T20:02:05.648Z</time>
      </trkpt>
      <trkpt lat="51.040343" lon="13.983291">
        <ele>220.875691</ele>
        <time>2025-06-15T20:02:07.209Z</time>
      </trkpt>
      <trkpt lat="51.040169" lon="13.982971">
        <ele>220.218992</ele>
        <time>2025-06-15T20:02:10.258Z</time>
      </trkpt>
      <trkpt lat="51.039961" lon="13.983296">
        <ele>220.036788</ele>
        <time>2025-06-15T20:02:13.770Z</time>
      </trkpt>
      <trkpt lat="51.039872" lon="13.983484">
        <ele>219.956420</ele>
        <time>2025-06-15T20:02:15.616Z</time>
      </trkpt>
      <trkpt lat="51.039848" lon="13.983534">
        <ele>219.934938</ele>
        <time>2025-06-15T20:02:16.101Z</time>
      </trkpt>
      <trkpt lat="51.039676" lon="13.983831">
        <ele>219.797041</ele>
        <time>2025-06-15T20:02:19.371Z</time>
      </trkpt>
      <trkpt lat="51.039614" lon="13.983912">
        <ele>219.753460</ele>
        <time>2025-06-15T20:02:20.407Z</time>
      </trkpt>
      <trkpt lat="51.039321" lon="13.984297">
        <ele>219.547029</ele>
        <time>2025-06-15T20:02:25.288Z</time>
      </trkpt>
      <trkpt lat="51.038683" lon="13.984772">
        <ele>219.223945</ele>
        <time>2025-06-15T20:02:34.241Z</time>
      </trkpt>
      <trkpt lat="51.038568" lon="13.984751">
        <ele>219.240525</ele>
        <time>2025-06-15T20:02:35.749Z</time>
      </trkpt>
      <trkpt lat="51.038523" lon="13.984892">
        <ele>219.254765</ele>
        <time>2025-06-15T20:02:37.107Z</time>
      </trkpt>
      <trkpt lat="51.038388" lon="13.985055">
        <ele>219.279043</ele>
        <time>2025-06-15T20:02:39.332Z</time>
      </trkpt>
      <trkpt lat="51.037911" lon="13.985375">
        <ele>219.353193</ele>
        <time>2025-06-15T20:02:46.296Z</time>
      </trkpt>
      <trkpt lat="51.037827" lon="13.985481">
        <ele>219.368552</ele>
        <time>2025-06-15T20:02:47.757Z</time>
      </trkpt>
      <trkpt lat="51.037442" lon="13.985960">
        <ele>219.438565</ele>
        <time>2025-06-15T20:02:54.434Z</time>
      </trkpt>
      <trkpt lat="51.037415" lon="13.986020">
        <ele>219.445211</ele>
        <time>2025-06-15T20:02:55.148Z</time>
      </trkpt>
      <trkpt lat="51.037217" lon="13.986392">
        <ele>219.433578</ele>
        <time>2025-06-15T20:02:59.906Z</time>
      </trkpt>
      <trkpt lat="51.037169" lon="13.986501">
        <ele>219.412230</ele>
        <time>2025-06-15T20:03:01.306Z</time>
      </trkpt>
      <trkpt lat="51.036954" lon="13.987032">
        <ele>219.310912</ele>
        <time>2025-06-15T20:03:08.308Z</time>
      </trkpt>
      <trkpt lat="51.036846" lon="13.987442">
        <ele>219.239600</ele>
        <time>2025-06-15T20:03:12.332Z</time>
      </trkpt>
      <trkpt lat="51.036777" lon="13.987890">
        <ele>219.165604</ele>
        <time>2025-06-15T20:03:15.899Z</time>
      </trkpt>
      <trkpt lat="51.036717" lon="13.988233">
        <ele>219.108488</ele>
        <time>2025-06-15T20:03:18.521Z</time>
      </trkpt>
      <trkpt lat="51.036633" lon="13.988403">
        <ele>219.073803</ele>
        <time>2025-06-15T20:03:20.093Z</time>
      </trkpt>
      <trkpt lat="51.036078" lon="13.989046">
        <ele>218.512564</ele>
        <time>2025-06-15T20:03:27.846Z</time>
      </trkpt>
      <trkpt lat="51.035942" lon="13.989188">
        <ele>218.327533</ele>
        <time>2025-06-15T20:03:29.607Z</time>
      </trkpt>
      <trkpt lat="51.035759" lon="13.989537">
        <ele>218.002553</ele>
        <time>2025-06-15T20:03:32.650Z</time>
      </trkpt>
      <trkpt lat="51.035571" lon="13.990001">
        <ele>217.607798</ele>
        <time>2025-06-15T20:03:36.529Z</time>
      </trkpt>
      <trkpt lat="51.035509" lon="13.990250">
        <ele>217.416268</ele>
        <time>2025-06-15T20:03:38.554Z</time>
      </trkpt>
      <trkpt lat="51.035471" lon="13.990499">
        <ele>217.233021</ele>
        <time>2025-06-15T20:03:40.630Z</time>
      </trkpt>
      <trkpt lat="51.035466" lon="13.990551">
        <ele>217.195400</ele>
        <time>2025-06-15T20:03:41.079Z</time>
      </trkpt>
      <trkpt lat="51.035414" lon="13.990537">
        <ele>217.135419</ele>
        <time>2025-06-15T20:03:41.803Z</time>
      </trkpt>
      <trkpt lat="51.035381" lon="13.990529">
        <ele>217.097455</ele>
        <time>2025-06-15T20:03:42.304Z</time>
      </trkpt>
      <trkpt lat="51.035343" lon="13.990388">
        <ele>216.987745</ele>
        <time>2025-06-15T20:03:43.925Z</time>
      </trkpt>
      <trkpt lat="51.035148" lon="13.990082">
        <ele>217.373647</ele>
        <time>2025-06-15T20:03:48.885Z</time>
      </trkpt>
      <trkpt lat="51.034989" lon="13.989493">
        <ele>218.023436</ele>
        <time>2025-06-15T20:03:56.838Z</time>
      </trkpt>
      <trkpt lat="51.034668" lon="13.989248">
        <ele>218.597431</ele>
        <time>2025-06-15T20:04:04.168Z</time>
      </trkpt>
      <trkpt lat="51.034072" lon="13.989139">
        <ele>219.564565</ele>
        <time>2025-06-15T20:04:16.735Z</time>
      </trkpt>
      <trkpt lat="51.033485" lon="13.988915">
        <ele>221.220452</ele>
        <time>2025-06-15T20:04:29.623Z</time>
      </trkpt>
      <trkpt lat="51.032595" lon="13.988857">
        <ele>224.112094</ele>
        <time>2025-06-15T20:04:56.890Z</time>
      </trkpt>
      <trkpt lat="51.032043" lon="13.989108">
        <ele>226.054585</ele>
        <time>2025-06-15T20:05:17.650Z</time>
      </trkpt>
      <trkpt lat="51.031884" lon="13.989100">
        <ele>226.720051</ele>
        <time>2025-06-15T20:05:23.706Z</time>
      </trkpt>
      <trkpt lat="51.031688" lon="13.988991">
        <ele>227.588663</ele>
        <time>2025-06-15T20:05:31.723Z</time>
      </trkpt>
      <trkpt lat="51.031566" lon="13.989055">
        <ele>228.126074</ele>
        <time>2025-06-15T20:05:36.609Z</time>
      </trkpt>
      <trkpt lat="51.031256" lon="13.989118">
        <ele>229.433424</ele>
        <time>2025-06-15T20:05:48.490Z</time>
      </trkpt>
      <trkpt lat="51.031058" lon="13.989110">
        <ele>230.261972</ele>
        <time>2025-06-15T20:05:55.860Z</time>
      </trkpt>
      <trkpt lat="51.030762" lon="13.988958">
        <ele>231.563179</ele>
        <time>2025-06-15T20:06:06.994Z</time>
      </trkpt>
      <trkpt lat="51.030524" lon="13.988998">
        <ele>232.564334</ele>
        <time>2025-06-15T20:06:14.725Z</time>
      </trkpt>
      <trkpt lat="51.030003" lon="13.989267">
        <ele>232.975120</ele>
        <time>2025-06-15T20:06:30.164Z</time>
      </trkpt>
      <trkpt lat="51.029454" lon="13.989659">
        <ele>232.585200</ele>
        <time>2025-06-15T20:06:43.302Z</time>
      </trkpt>
      <trkpt lat="51.029027" lon="13.990059">
        <ele>232.264100</ele>
        <time>2025-06-15T20:06:53.078Z</time>
      </trkpt>
      <trkpt lat="51.028355" lon="13.990473">
        <ele>230.168971</ele>
        <time>2025-06-15T20:07:06.254Z</time>
      </trkpt>
      <trkpt lat="51.027543" lon="13.991027">
        <ele>226.076665</ele>
        <time>2025-06-15T20:07:21.568Z</time>
      </trkpt>
      <trkpt lat="51.027286" lon="13.991278">
        <ele>224.679773</ele>
        <time>2025-06-15T20:07:26.686Z</time>
      </trkpt>
      <trkpt lat="51.027087" lon="13.991403">
        <ele>223.691248</ele>
        <time>2025-06-15T20:07:30.288Z</time>
      </trkpt>
      <trkpt lat="51.026804" lon="13.991609">
        <ele>222.331714</ele>
        <time>2025-06-15T20:07:33.564Z</time>
      </trkpt>
      <trkpt lat="51.026170" lon="13.991798">
        <ele>219.514150</ele>
        <time>2025-06-15T20:07:40.514Z</time>
      </trkpt>
      <trkpt lat="51.025921" lon="13.991905">
        <ele>218.387494</ele>
        <time>2025-06-15T20:07:43.381Z</time>
      </trkpt>
      <trkpt lat="51.025187" lon="13.992059">
        <ele>215.414470</ele>
        <time>2025-06-15T20:07:52.050Z</time>
      </trkpt>
      <trkpt lat="51.024359" lon="13.992515">
        <ele>212.970495</ele>
        <time>2025-06-15T20:08:02.336Z</time>
      </trkpt>
      <trkpt lat="51.023730" lon="13.992979">
        <ele>211.036524</ele>
        <time>2025-06-15T20:08:10.333Z</time>
      </trkpt>
      <trkpt lat="51.023013" lon="13.993605">
        <ele>210.450544</ele>
        <time>2025-06-15T20:08:21.222Z</time>
      </trkpt>
      <trkpt lat="51.022968" lon="13.993457">
        <ele>210.394584</ele>
        <time>2025-06-15T20:08:22.498Z</time>
      </trkpt>
      <trkpt lat="51.022907" lon="13.993312">
        <ele>210.335201</ele>
        <time>2025-06-15T20:08:23.929Z</time>
      </trkpt>
      <trkpt lat="51.022754" lon="13.992997">
        <ele>210.199718</ele>
        <time>2025-06-15T20:08:27.579Z</time>
      </trkpt>
      <trkpt lat="51.022644" lon="13.993029">
        <ele>210.139197</ele>
        <time>2025-06-15T20:08:29.252Z</time>
      </trkpt>
      <trkpt lat="51.022329" lon="13.993280">
        <ele>209.948503</ele>
        <time>2025-06-15T20:08:34.892Z</time>
      </trkpt>
      <trkpt lat="51.022092" lon="13.993484">
        <ele>209.726581</ele>
        <time>2025-06-15T20:08:39.356Z</time>
      </trkpt>
      <trkpt lat="51.021724" lon="13.993723">
        <ele>209.313520</ele>
        <time>2025-06-15T20:08:44.435Z</time>
      </trkpt>
      <trkpt lat="51.021526" lon="13.993965">
        <ele>209.054006</ele>
        <time>2025-06-15T20:08:47.118Z</time>
      </trkpt>
      <trkpt lat="51.021361" lon="13.994238">
        <ele>208.806550</ele>
        <time>2025-06-15T20:08:49.748Z</time>
      </trkpt>
      <trkpt lat="51.020681" lon="13.994784">
        <ele>208.016770</ele>
        <time>2025-06-15T20:08:58.267Z</time>
      </trkpt>
      <trkpt lat="51.020449" lon="13.994883">
        <ele>208.085103</ele>
        <time>2025-06-15T20:09:01.090Z</time>
      </trkpt>
      <trkpt lat="51.020235" lon="13.994894">
        <ele>208.146012</ele>
        <time>2025-06-15T20:09:03.810Z</time>
      </trkpt>
      <trkpt lat="51.019888" lon="13.994859">
        <ele>208.244922</ele>
        <time>2025-06-15T20:09:08.902Z</time>
      </trkpt>
      <trkpt lat="51.019525" lon="13.994651">
        <ele>208.354688</ele>
        <time>2025-06-15T20:09:15.048Z</time>
      </trkpt>
      <trkpt lat="51.019076" lon="13.994278">
        <ele>208.498804</ele>
        <time>2025-06-15T20:09:23.588Z</time>
      </trkpt>
      <trkpt lat="51.019019" lon="13.994224">
        <ele>208.517680</ele>
        <time>2025-06-15T20:09:24.692Z</time>
      </trkpt>
      <trkpt lat="51.018797" lon="13.994727">
        <ele>208.525997</ele>
        <time>2025-06-15T20:09:31.253Z</time>
      </trkpt>
      <trkpt lat="51.018592" lon="13.995004">
        <ele>208.524425</ele>
        <time>2025-06-15T20:09:35.454Z</time>
      </trkpt>
      <trkpt lat="51.018566" lon="13.994959">
        <ele>208.524200</ele>
        <time>2025-06-15T20:09:36.239Z</time>
      </trkpt>
      <trkpt lat="51.018519" lon="13.995103">
        <ele>208.523604</ele>
        <time>2025-06-15T20:09:38.546Z</time>
      </trkpt>
      <trkpt lat="51.017987" lon="13.996203">
        <ele>208.518504</ele>
        <time>2025-06-15T20:09:49.397Z</time>
      </trkpt>
      <trkpt lat="51.017551" lon="13.996805">
        <ele>207.899618</ele>
        <time>2025-06-15T20:09:56.417Z</time>
      </trkpt>
      <trkpt lat="51.017274" lon="13.997299">
        <ele>207.274273</ele>
        <time>2025-06-15T20:10:01.268Z</time>
      </trkpt>
      <trkpt lat="51.017078" lon="13.997632">
        <ele>206.843336</ele>
        <time>2025-06-15T20:10:04.523Z</time>
      </trkpt>
      <trkpt lat="51.016877" lon="13.997810">
        <ele>206.497711</ele>
        <time>2025-06-15T20:10:07.095Z</time>
      </trkpt>
      <trkpt lat="51.016806" lon="13.997861">
        <ele>206.380675</ele>
        <time>2025-06-15T20:10:07.958Z</time>
      </trkpt>
      <trkpt lat="51.016504" lon="13.998064">
        <ele>205.888133</ele>
        <time>2025-06-15T20:10:11.563Z</time>
      </trkpt>
      <trkpt lat="51.016389" lon="13.998141">
        <ele>205.636246</ele>
        <time>2025-06-15T20:10:12.923Z</time>
      </trkpt>
      <trkpt lat="51.015600" lon="13.998432">
        <ele>203.737900</ele>
        <time>2025-06-15T20:10:21.427Z</time>
      </trkpt>
      <trkpt lat="51.015513" lon="13.998507">
        <ele>203.505937</ele>
        <time>2025-06-15T20:10:22.465Z</time>
      </trkpt>
      <trkpt lat="51.015447" lon="13.998598">
        <ele>203.301164</ele>
        <time>2025-06-15T20:10:23.391Z</time>
      </trkpt>
      <trkpt lat="51.015345" lon="13.998885">
        <ele>202.815130</ele>
        <time>2025-06-15T20:10:25.618Z</time>
      </trkpt>
      <trkpt lat="51.015280" lon="13.999110">
        <ele>202.450065</ele>
        <time>2025-06-15T20:10:27.309Z</time>
      </trkpt>
      <trkpt lat="51.015266" lon="13.999319">
        <ele>202.140155</ele>
        <time>2025-06-15T20:10:28.756Z</time>
      </trkpt>
      <trkpt lat="51.014904" lon="13.999369">
        <ele>201.444154</ele>
        <time>2025-06-15T20:10:32.777Z</time>
      </trkpt>
      <trkpt lat="51.014362" lon="13.999365">
        <ele>200.808297</ele>
        <time>2025-06-15T20:10:38.925Z</time>
      </trkpt>
      <trkpt lat="51.013211" lon="13.999253">
        <ele>199.483983</ele>
        <time>2025-06-15T20:10:53.055Z</time>
      </trkpt>
      <trkpt lat="51.012945" lon="13.999155">
        <ele>199.427866</ele>
        <time>2025-06-15T20:10:56.276Z</time>
      </trkpt>
      <trkpt lat="51.012589" lon="13.998922">
        <ele>199.348742</ele>
        <time>2025-06-15T20:11:00.886Z</time>
      </trkpt>
      <trkpt lat="51.012432" lon="13.998953">
        <ele>199.316228</ele>
        <time>2025-06-15T20:11:02.912Z</time>
      </trkpt>
      <trkpt lat="51.012311" lon="13.999084">
        <ele>199.286139</ele>
        <time>2025-06-15T20:11:04.885Z</time>
      </trkpt>
      <trkpt lat="51.012108" lon="13.999708">
        <ele>199.195306</ele>
        <time>2025-06-15T20:11:11.312Z</time>
      </trkpt>
      <trkpt lat="51.012052" lon="13.999921">
        <ele>199.165457</ele>
        <time>2025-06-15T20:11:13.414Z</time>
      </trkpt>
      <trkpt lat="51.011901" lon="14.000447">
        <ele>199.142104</ele>
        <time>2025-06-15T20:11:18.581Z</time>
      </trkpt>
      <trkpt lat="51.011842" lon="14.000652">
        <ele>199.163426</ele>
        <time>2025-06-15T20:11:20.568Z</time>
      </trkpt>
      <trkpt lat="51.011728" lon="14.000851">
        <ele>199.188882</ele>
        <time>2025-06-15T20:11:22.977Z</time>
      </trkpt>
      <trkpt lat="51.011659" lon="14.000925">
        <ele>199.201396</ele>
        <time>2025-06-15T20:11:24.169Z</time>
      </trkpt>
      <trkpt lat="51.011499" lon="14.001001">
        <ele>199.226501</ele>
        <time>2025-06-15T20:11:26.663Z</time>
      </trkpt>
      <trkpt lat="51.010179" lon="14.000936">
        <ele>199.527311</ele>
        <time>2025-06-15T20:11:44.154Z</time>
      </trkpt>
      <trkpt lat="51.009954" lon="14.001060">
        <ele>199.670010</ele>
        <time>2025-06-15T20:11:47.543Z</time>
      </trkpt>
      <trkpt lat="51.009782" lon="14.001226">
        <ele>199.790589</ele>
        <time>2025-06-15T20:11:50.571Z</time>
      </trkpt>
      <trkpt lat="51.009263" lon="14.002412">
        <ele>200.335251</ele>
        <time>2025-06-15T20:12:05.335Z</time>
      </trkpt>
      <trkpt lat="51.008985" lon="14.002675">
        <ele>200.501088</ele>
        <time>2025-06-15T20:12:10.778Z</time>
      </trkpt>
      <trkpt lat="51.006970" lon="14.003293">
        <ele>201.661555</ele>
        <time>2025-06-15T20:12:39.330Z</time>
      </trkpt>
      <trkpt lat="51.006899" lon="14.003316">
        <ele>201.787031</ele>
        <time>2025-06-15T20:12:40.314Z</time>
      </trkpt>
      <trkpt lat="51.006697" lon="14.003426">
        <ele>202.156792</ele>
        <time>2025-06-15T20:12:43.135Z</time>
      </trkpt>
      <trkpt lat="51.005867" lon="14.004214">
        <ele>203.831012</ele>
        <time>2025-06-15T20:13:00.988Z</time>
      </trkpt>
      <trkpt lat="51.005270" lon="14.004653">
        <ele>206.550368</ele>
        <time>2025-06-15T20:13:19.055Z</time>
      </trkpt>
      <trkpt lat="51.004693" lon="14.005270">
        <ele>210.110172</ele>
        <time>2025-06-15T20:13:41.583Z</time>
      </trkpt>
      <trkpt lat="51.004504" lon="14.005593">
        <ele>211.530824</ele>
        <time>2025-06-15T20:13:50.368Z</time>
      </trkpt>
      <trkpt lat="51.004222" lon="14.006089">
        <ele>213.529622</ele>
        <time>2025-06-15T20:14:02.607Z</time>
      </trkpt>
      <trkpt lat="51.003909" lon="14.006569">
        <ele>214.666017</ele>
        <time>2025-06-15T20:14:12.948Z</time>
      </trkpt>
      <trkpt lat="51.003332" lon="14.007305">
        <ele>216.599017</ele>
        <time>2025-06-15T20:14:26.389Z</time>
      </trkpt>
      <trkpt lat="51.003115" lon="14.007457">
        <ele>217.218574</ele>
        <time>2025-06-15T20:14:30.233Z</time>
      </trkpt>
      <trkpt lat="51.002788" lon="14.007531">
        <ele>218.089921</ele>
        <time>2025-06-15T20:14:36.188Z</time>
      </trkpt>
      <trkpt lat="51.002247" lon="14.007566">
        <ele>220.375634</ele>
        <time>2025-06-15T20:14:48.952Z</time>
      </trkpt>
      <trkpt lat="51.002035" lon="14.007705">
        <ele>221.343773</ele>
        <time>2025-06-15T20:14:54.916Z</time>
      </trkpt>
      <trkpt lat="51.001969" lon="14.007798">
        <ele>221.716152</ele>
        <time>2025-06-15T20:14:57.194Z</time>
      </trkpt>
      <trkpt lat="51.001907" lon="14.007988">
        <ele>222.284721</ele>
        <time>2025-06-15T20:15:00.750Z</time>
      </trkpt>
      <trkpt lat="51.001895" lon="14.008595">
        <ele>223.898046</ele>
        <time>2025-06-15T20:15:11.747Z</time>
      </trkpt>
      <trkpt lat="51.002107" lon="14.008888">
        <ele>225.084132</ele>
        <time>2025-06-15T20:15:22.703Z</time>
      </trkpt>
      <trkpt lat="51.002141" lon="14.008978">
        <ele>225.362994</ele>
        <time>2025-06-15T20:15:25.364Z</time>
      </trkpt>
      <trkpt lat="51.002050" lon="14.009021">
        <ele>225.772799</ele>
        <time>2025-06-15T20:15:29.088Z</time>
      </trkpt>
      <trkpt lat="51.002003" lon="14.009044">
        <ele>225.998595</ele>
        <time>2025-06-15T20:15:31.063Z</time>
      </trkpt>
      <trkpt lat="51.001837" lon="14.009123">
        <ele>226.794211</ele>
        <time>2025-06-15T20:15:37.862Z</time>
      </trkpt>
      <trkpt lat="51.001713" lon="14.009434">
        <ele>227.857976</ele>
        <time>2025-06-15T20:15:46.762Z</time>
      </trkpt>
      <trkpt lat="51.001523" lon="14.009621">
        <ele>228.884111</ele>
        <time>2025-06-15T20:15:54.812Z</time>
      </trkpt>
      <trkpt lat="51.001151" lon="14.009799">
        <ele>230.667861</ele>
        <time>2025-06-15T20:16:08.097Z</time>
      </trkpt>
      <trkpt lat="51.001034" lon="14.009944">
        <ele>231.349112</ele>
        <time>2025-06-15T20:16:13.180Z</time>
      </trkpt>
      <trkpt lat="51.001001" lon="14.010154">
        <ele>231.974516</ele>
        <time>2025-06-15T20:16:17.982Z</time>
      </trkpt>
      <trkpt lat="51.001421" lon="14.010500">
        <ele>234.123361</ele>
        <time>2025-06-15T20:16:34.524Z</time>
      </trkpt>
      <trkpt lat="51.001427" lon="14.011368">
        <ele>236.374979</ele>
        <time>2025-06-15T20:16:53.699Z</time>
      </trkpt>
      <trkpt lat="51.001498" lon="14.012403">
        <ele>239.075540</ele>
        <time>2025-06-15T20:17:16.513Z</time>
      </trkpt>
      <trkpt lat="51.001498" lon="14.012425">
        <ele>239.132605</ele>
        <time>2025-06-15T20:17:16.984Z</time>
      </trkpt>
      <trkpt lat="51.001498" lon="14.013181">
        <ele>241.093571</ele>
        <time>2025-06-15T20:17:33.137Z</time>
      </trkpt>
      <trkpt lat="51.001576" lon="14.014194">
        <ele>243.572141</ele>
        <time>2025-06-15T20:17:55.016Z</time>
      </trkpt>
      <trkpt lat="51.001545" lon="14.014808">
        <ele>245.058015</ele>
        <time>2025-06-15T20:18:08.288Z</time>
      </trkpt>
      <trkpt lat="51.001495" lon="14.015292">
        <ele>246.241167</ele>
        <time>2025-06-15T20:18:18.820Z</time>
      </trkpt>
      <trkpt lat="51.001228" lon="14.016082">
        <ele>248.323760</ele>
        <time>2025-06-15T20:18:37.728Z</time>
      </trkpt>
      <trkpt lat="51.001192" lon="14.016448">
        <ele>248.810713</ele>
        <time>2025-06-15T20:18:45.346Z</time>
      </trkpt>
      <trkpt lat="51.001177" lon="14.016598">
        <ele>249.010365</ele>
        <time>2025-06-15T20:18:48.455Z</time>
      </trkpt>
      <trkpt lat="51.001087" lon="14.016932">
        <ele>249.487969</ele>
        <time>2025-06-15T20:18:55.614Z</time>
      </trkpt>
      <trkpt lat="51.000994" lon="14.017016">
        <ele>249.711420</ele>
        <time>2025-06-15T20:18:58.862Z</time>
      </trkpt>
      <trkpt lat="51.000667" lon="14.018146">
        <ele>251.346356</ele>
        <time>2025-06-15T20:19:20.275Z</time>
      </trkpt>
      <trkpt lat="51.000438" lon="14.018590">
        <ele>252.055641</ele>
        <time>2025-06-15T20:19:28.842Z</time>
      </trkpt>
      <trkpt lat="51.000374" lon="14.019101">
        <ele>252.474149</ele>
        <time>2025-06-15T20:19:36.386Z</time>
      </trkpt>
      <trkpt lat="51.000262" lon="14.018918">
        <ele>252.679194</ele>
        <time>2025-06-15T20:19:40.132Z</time>
      </trkpt>
      <trkpt lat="50.999885" lon="14.018434">
        <ele>253.297817</ele>
        <time>2025-06-15T20:19:47.774Z</time>
      </trkpt>
      <trkpt lat="50.999809" lon="14.018413">
        <ele>253.396278</ele>
        <time>2025-06-15T20:19:49.057Z</time>
      </trkpt>
      <trkpt lat="50.999761" lon="14.018870">
        <ele>253.768444</ele>
        <time>2025-06-15T20:19:54.084Z</time>
      </trkpt>
      <trkpt lat="50.999815" lon="14.019625">
        <ele>254.642191</ele>
        <time>2025-06-15T20:20:03.503Z</time>
      </trkpt>
      <trkpt lat="50.999919" lon="14.020579">
        <ele>257.496421</ele>
        <time>2025-06-15T20:20:18.406Z</time>
      </trkpt>
      <trkpt lat="50.999975" lon="14.021467">
        <ele>260.127309</ele>
        <time>2025-06-15T20:20:35.198Z</time>
      </trkpt>
      <trkpt lat="50.999970" lon="14.021878">
        <ele>261.339141</ele>
        <time>2025-06-15T20:20:43.211Z</time>
      </trkpt>
      <trkpt lat="50.999669" lon="14.022777">
        <ele>264.578933</ele>
        <time>2025-06-15T20:21:03.498Z</time>
      </trkpt>
      <trkpt lat="50.999299" lon="14.023273">
        <ele>267.176306</ele>
        <time>2025-06-15T20:21:18.505Z</time>
      </trkpt>
      <trkpt lat="50.999167" lon="14.023584">
        <ele>268.442977</ele>
        <time>2025-06-15T20:21:25.613Z</time>
      </trkpt>
      <trkpt lat="50.999024" lon="14.024583">
        <ele>271.902484</ele>
        <time>2025-06-15T20:21:43.551Z</time>
      </trkpt>
      <trkpt lat="50.998515" lon="14.025742">
        <ele>275.672737</ele>
        <time>2025-06-15T20:22:06.816Z</time>
      </trkpt>
      <trkpt lat="50.998304" lon="14.026276">
        <ele>277.307815</ele>
        <time>2025-06-15T20:22:16.969Z</time>
      </trkpt>
      <trkpt lat="50.998021" lon="14.026993">
        <ele>279.502559</ele>
        <time>2025-06-15T20:22:30.250Z</time>
      </trkpt>
      <trkpt lat="50.997696" lon="14.028152">
        <ele>282.048218</ele>
        <time>2025-06-15T20:22:49.735Z</time>
      </trkpt>
      <trkpt lat="50.997470" lon="14.029814">
        <ele>285.355823</ele>
        <time>2025-06-15T20:23:14.166Z</time>
      </trkpt>
      <trkpt lat="50.997408" lon="14.030817">
        <ele>285.502753</ele>
        <time>2025-06-15T20:23:24.560Z</time>
      </trkpt>
      <trkpt lat="50.996890" lon="14.032709">
        <ele>285.869853</ele>
        <time>2025-06-15T20:23:40.347Z</time>
      </trkpt>
      <trkpt lat="50.996681" lon="14.033483">
        <ele>286.243886</ele>
        <time>2025-06-15T20:23:47.576Z</time>
      </trkpt>
      <trkpt lat="50.996584" lon="14.034020">
        <ele>286.491995</ele>
        <time>2025-06-15T20:23:53.359Z</time>
      </trkpt>
      <trkpt lat="50.996570" lon="14.034521">
        <ele>286.714708</ele>
        <time>2025-06-15T20:23:59.191Z</time>
      </trkpt>
      <trkpt lat="50.996019" lon="14.036203">
        <ele>287.716998</ele>
        <time>2025-06-15T20:24:19.599Z</time>
      </trkpt>
      <trkpt lat="50.995892" lon="14.036335">
        <ele>287.857295</ele>
        <time>2025-06-15T20:24:21.881Z</time>
      </trkpt>
      <trkpt lat="50.995806" lon="14.036369">
        <ele>287.939224</ele>
        <time>2025-06-15T20:24:23.194Z</time>
      </trkpt>
      <trkpt lat="50.995685" lon="14.036387">
        <ele>288.051574</ele>
        <time>2025-06-15T20:24:25.025Z</time>
      </trkpt>
      <trkpt lat="50.995449" lon="14.036332">
        <ele>288.272084</ele>
        <time>2025-06-15T20:24:28.623Z</time>
      </trkpt>
      <trkpt lat="50.995402" lon="14.037164">
        <ele>288.774642</ele>
        <time>2025-06-15T20:24:36.525Z</time>
      </trkpt>
      <trkpt lat="50.994129" lon="14.037314">
        <ele>290.309085</ele>
        <time>2025-06-15T20:25:09.829Z</time>
      </trkpt>
      <trkpt lat="50.991669" lon="14.037603">
        <ele>293.925230</ele>
        <time>2025-06-15T20:26:15.151Z</time>
      </trkpt>
      <trkpt lat="50.991670" lon="14.037726">
        <ele>294.087065</ele>
        <time>2025-06-15T20:26:17.275Z</time>
      </trkpt>
      <trkpt lat="50.991714" lon="14.041698">
        <ele>299.840250</ele>
        <time>2025-06-15T20:27:29.918Z</time>
      </trkpt>
      <trkpt lat="50.991728" lon="14.042991">
        <ele>301.977005</ele>
        <time>2025-06-15T20:27:55.613Z</time>
      </trkpt>
      <trkpt lat="50.991436" lon="14.045305">
        <ele>305.765719</ele>
        <time>2025-06-15T20:28:41.795Z</time>
      </trkpt>
      <trkpt lat="50.991297" lon="14.045790">
        <ele>306.569233</ele>
        <time>2025-06-15T20:28:51.101Z</time>
      </trkpt>
      <trkpt lat="50.990521" lon="14.047445">
        <ele>306.855181</ele>
        <time>2025-06-15T20:29:21.648Z</time>
      </trkpt>
      <trkpt lat="50.990169" lon="14.048031">
        <ele>306.933790</ele>
        <time>2025-06-15T20:29:32.111Z</time>
      </trkpt>
      <trkpt lat="50.989370" lon="14.048539">
        <ele>306.233405</ele>
        <time>2025-06-15T20:29:49.644Z</time>
      </trkpt>
      <trkpt lat="50.989001" lon="14.048891">
        <ele>305.883125</ele>
        <time>2025-06-15T20:29:58.646Z</time>
      </trkpt>
      <trkpt lat="50.988703" lon="14.049033">
        <ele>305.629931</ele>
        <time>2025-06-15T20:30:05.381Z</time>
      </trkpt>
      <trkpt lat="50.987557" lon="14.049079">
        <ele>304.395630</ele>
        <time>2025-06-15T20:30:30.440Z</time>
      </trkpt>
      <trkpt lat="50.986325" lon="14.048751">
        <ele>302.142111</ele>
        <time>2025-06-15T20:31:57.230Z</time>
      </trkpt>
      <trkpt lat="50.986231" lon="14.048766">
        <ele>301.849952</ele>
        <time>2025-06-15T20:32:03.798Z</time>
      </trkpt>
      <trkpt lat="50.986094" lon="14.048835">
        <ele>301.405493</ele>
        <time>2025-06-15T20:32:13.793Z</time>
      </trkpt>
      <trkpt lat="50.985530" lon="14.049404">
        <ele>299.339289</ele>
        <time>2025-06-15T20:33:00.273Z</time>
      </trkpt>
      <trkpt lat="50.985333" lon="14.049693">
        <ele>298.510012</ele>
        <time>2025-06-15T20:33:18.866Z</time>
      </trkpt>
      <trkpt lat="50.984970" lon="14.049922">
        <ele>297.167665</ele>
        <time>2025-06-15T20:33:46.069Z</time>
      </trkpt>
      <trkpt lat="50.984470" lon="14.050060">
        <ele>295.255883</ele>
        <time>2025-06-15T20:34:21.382Z</time>
      </trkpt>
      <trkpt lat="50.984039" lon="14.050087">
        <ele>293.630991</ele>
        <time>2025-06-15T20:34:51.345Z</time>
      </trkpt>
      <trkpt lat="50.983354" lon="14.050220">
        <ele>290.990036</ele>
        <time>2025-06-15T20:35:39.294Z</time>
      </trkpt>
      <trkpt lat="50.983269" lon="14.050225">
        <ele>290.551111</ele>
        <time>2025-06-15T20:35:45.229Z</time>
      </trkpt>
      <trkpt lat="50.983125" lon="14.050162">
        <ele>289.780359</ele>
        <time>2025-06-15T20:35:55.609Z</time>
      </trkpt>
      <trkpt lat="50.983004" lon="14.049999">
        <ele>288.961658</ele>
        <time>2025-06-15T20:36:06.655Z</time>
      </trkpt>
      <trkpt lat="50.982899" lon="14.049698">
        <ele>287.843728</ele>
        <time>2025-06-15T20:36:21.720Z</time>
      </trkpt>
      <trkpt lat="50.982858" lon="14.049317">
        <ele>286.588032</ele>
        <time>2025-06-15T20:36:38.659Z</time>
      </trkpt>
      <trkpt lat="50.982844" lon="14.048934">
        <ele>285.341694</ele>
        <time>2025-06-15T20:36:55.461Z</time>
      </trkpt>
      <trkpt lat="50.982748" lon="14.048684">
        <ele>284.390365</ele>
        <time>2025-06-15T20:37:08.293Z</time>
      </trkpt>
      <trkpt lat="50.982622" lon="14.047354">
        <ele>280.111776</ele>
        <time>2025-06-15T20:38:07.234Z</time>
      </trkpt>
      <trkpt lat="50.982526" lon="14.047134">
        <ele>279.285074</ele>
        <time>2025-06-15T20:38:18.949Z</time>
      </trkpt>
      <trkpt lat="50.982496" lon="14.047065">
        <ele>279.026095</ele>
        <time>2025-06-15T20:38:22.612Z</time>
      </trkpt>
      <trkpt lat="50.982306" lon="14.047040">
        <ele>278.090826</ele>
        <time>2025-06-15T20:38:35.866Z</time>
      </trkpt>
      <trkpt lat="50.982078" lon="14.047042">
        <ele>276.972317</ele>
        <time>2025-06-15T20:38:51.727Z</time>
      </trkpt>
      <trkpt lat="50.981938" lon="14.047005">
        <ele>276.276083</ele>
        <time>2025-06-15T20:39:01.591Z</time>
      </trkpt>
      <trkpt lat="50.981618" lon="14.046807">
        <ele>274.591369</ele>
        <time>2025-06-15T20:39:25.466Z</time>
      </trkpt>
      <trkpt lat="50.981354" lon="14.046706">
        <ele>273.259237</ele>
        <time>2025-06-15T20:39:44.365Z</time>
      </trkpt>
      <trkpt lat="50.981249" lon="14.046562">
        <ele>272.754245</ele>
        <time>2025-06-15T20:39:54.045Z</time>
      </trkpt>
      <trkpt lat="50.981177" lon="14.046395">
        <ele>272.368118</ele>
        <time>2025-06-15T20:40:02.887Z</time>
      </trkpt>
      <trkpt lat="50.981065" lon="14.045649">
        <ele>270.905068</ele>
        <time>2025-06-15T20:40:36.475Z</time>
      </trkpt>
      <trkpt lat="50.980894" lon="14.044804">
        <ele>269.211828</ele>
        <time>2025-06-15T20:41:15.321Z</time>
      </trkpt>
      <trkpt lat="50.980773" lon="14.043925">
        <ele>267.556967</ele>
        <time>2025-06-15T20:41:54.679Z</time>
      </trkpt>
      <trkpt lat="50.980754" lon="14.043879">
        <ele>267.522032</ele>
        <time>2025-06-15T20:41:57.093Z</time>
      </trkpt>
      <trkpt lat="50.980696" lon="14.043774">
        <ele>267.433332</ele>
        <time>2025-06-15T20:42:03.207Z</time>
      </trkpt>
      <trkpt lat="50.980531" lon="14.043670">
        <ele>267.254289</ele>
        <time>2025-06-15T20:42:15.545Z</time>
      </trkpt>
      <trkpt lat="50.979441" lon="14.043357">
        <ele>266.137090</ele>
        <time>2025-06-15T20:43:32.525Z</time>
      </trkpt>
      <trkpt lat="50.979309" lon="14.043357">
        <ele>266.003955</ele>
        <time>2025-06-15T20:43:41.691Z</time>
      </trkpt>
      <trkpt lat="50.979086" lon="14.043545">
        <ele>265.735539</ele>
        <time>2025-06-15T20:43:59.227Z</time>
      </trkpt>
      <trkpt lat="50.978736" lon="14.044192">
        <ele>264.886548</ele>
        <time>2025-06-15T20:44:36.560Z</time>
      </trkpt>
      <trkpt lat="50.978492" lon="14.044306">
        <ele>264.484491</ele>
        <time>2025-06-15T20:44:54.225Z</time>
      </trkpt>
      <trkpt lat="50.978270" lon="14.044486">
        <ele>264.090470</ele>
        <time>2025-06-15T20:45:11.536Z</time>
      </trkpt>
      <trkpt lat="50.977591" lon="14.044351">
        <ele>263.008730</ele>
        <time>2025-06-15T20:45:59.080Z</time>
      </trkpt>
      <trkpt lat="50.977306" lon="14.044664">
        <ele>261.854971</ele>
        <time>2025-06-15T20:46:23.189Z</time>
      </trkpt>
      <trkpt lat="50.977181" lon="14.044678">
        <ele>261.401100</ele>
        <time>2025-06-15T20:46:31.953Z</time>
      </trkpt>
      <trkpt lat="50.976869" lon="14.044261">
        <ele>259.924149</ele>
        <time>2025-06-15T20:47:00.267Z</time>
      </trkpt>
      <trkpt lat="50.976706" lon="14.044044">
        <ele>259.153791</ele>
        <time>2025-06-15T20:47:15.064Z</time>
      </trkpt>
      <trkpt lat="50.976413" lon="14.043782">
        <ele>257.935908</ele>
        <time>2025-06-15T20:47:38.436Z</time>
      </trkpt>
      <trkpt lat="50.976146" lon="14.043776">
        <ele>256.968743</ele>
        <time>2025-06-15T20:47:57.028Z</time>
      </trkpt>
      <trkpt lat="50.976075" lon="14.043871">
        <ele>256.632484</ele>
        <time>2025-06-15T20:48:03.453Z</time>
      </trkpt>
      <trkpt lat="50.976020" lon="14.044049">
        <ele>256.096416</ele>
        <time>2025-06-15T20:48:12.141Z</time>
      </trkpt>
      <trkpt lat="50.975438" lon="14.045345">
        <ele>251.172232</ele>
        <time>2025-06-15T20:49:21.931Z</time>
      </trkpt>
      <trkpt lat="50.975230" lon="14.046068">
        <ele>248.713317</ele>
        <time>2025-06-15T20:49:56.738Z</time>
      </trkpt>
      <trkpt lat="50.975175" lon="14.046381">
        <ele>247.708085</ele>
        <time>2025-06-15T20:50:10.965Z</time>
      </trkpt>
      <trkpt lat="50.975144" lon="14.046836">
        <ele>248.469862</ele>
        <time>2025-06-15T20:50:31.006Z</time>
      </trkpt>
      <trkpt lat="50.975289" lon="14.047235">
        <ele>249.456202</ele>
        <time>2025-06-15T20:50:35.720Z</time>
      </trkpt>
      <trkpt lat="50.975606" lon="14.047800">
        <ele>251.076439</ele>
        <time>2025-06-15T20:50:47.725Z</time>
      </trkpt>
      <trkpt lat="50.975870" lon="14.048096">
        <ele>252.175280</ele>
        <time>2025-06-15T20:50:58.398Z</time>
      </trkpt>
      <trkpt lat="50.975941" lon="14.048246">
        <ele>252.577052</ele>
        <time>2025-06-15T20:51:02.580Z</time>
      </trkpt>
      <trkpt lat="50.975952" lon="14.048391">
        <ele>252.889741</ele>
        <time>2025-06-15T20:51:05.872Z</time>
      </trkpt>
      <trkpt lat="50.975904" lon="14.048754">
        <ele>253.683874</ele>
        <time>2025-06-15T20:51:14.145Z</time>
      </trkpt>
      <trkpt lat="50.975511" lon="14.049949">
        <ele>257.733656</ele>
        <time>2025-06-15T20:51:41.089Z</time>
      </trkpt>
      <trkpt lat="50.975127" lon="14.051520">
        <ele>262.523460</ele>
        <time>2025-06-15T20:52:07.052Z</time>
      </trkpt>
      <trkpt lat="50.974976" lon="14.052137">
        <ele>263.441074</ele>
        <time>2025-06-15T20:52:14.902Z</time>
      </trkpt>
      <trkpt lat="50.974861" lon="14.052393">
        <ele>263.876996</ele>
        <time>2025-06-15T20:52:18.543Z</time>
      </trkpt>
      <trkpt lat="50.973709" lon="14.054398">
        <ele>267.640847</ele>
        <time>2025-06-15T20:52:51.626Z</time>
      </trkpt>
      <trkpt lat="50.973229" lon="14.055024">
        <ele>269.009490</ele>
        <time>2025-06-15T20:53:04.057Z</time>
      </trkpt>
      <trkpt lat="50.973092" lon="14.055369">
        <ele>269.575431</ele>
        <time>2025-06-15T20:53:08.828Z</time>
      </trkpt>
      <trkpt lat="50.972825" lon="14.056325">
        <ele>271.884419</ele>
        <time>2025-06-15T20:53:22.430Z</time>
      </trkpt>
      <trkpt lat="50.972599" lon="14.056722">
        <ele>273.405990</ele>
        <time>2025-06-15T20:53:30.535Z</time>
      </trkpt>
      <trkpt lat="50.972467" lon="14.057258">
        <ele>275.042282</ele>
        <time>2025-06-15T20:53:40.189Z</time>
      </trkpt>
      <trkpt lat="50.972330" lon="14.058126">
        <ele>277.586428</ele>
        <time>2025-06-15T20:53:57.090Z</time>
      </trkpt>
      <trkpt lat="50.972286" lon="14.058925">
        <ele>280.657070</ele>
        <time>2025-06-15T20:54:14.535Z</time>
      </trkpt>
      <trkpt lat="50.972368" lon="14.059529">
        <ele>283.317022</ele>
        <time>2025-06-15T20:54:28.572Z</time>
      </trkpt>
      <trkpt lat="50.972499" lon="14.060134">
        <ele>286.071206</ele>
        <time>2025-06-15T20:54:42.838Z</time>
      </trkpt>
      <trkpt lat="50.972492" lon="14.060298">
        <ele>286.778840</ele>
        <time>2025-06-15T20:54:46.448Z</time>
      </trkpt>
      <trkpt lat="50.972455" lon="14.060520">
        <ele>287.767451</ele>
        <time>2025-06-15T20:54:51.452Z</time>
      </trkpt>
      <trkpt lat="50.972191" lon="14.061288">
        <ele>291.209597</ele>
        <time>2025-06-15T20:55:09.900Z</time>
      </trkpt>
      <trkpt lat="50.971852" lon="14.062445">
        <ele>294.739061</ele>
        <time>2025-06-15T20:55:32.853Z</time>
      </trkpt>
      <trkpt lat="50.971218" lon="14.062288">
        <ele>297.557389</ele>
        <time>2025-06-15T20:55:47.824Z</time>
      </trkpt>
      <trkpt lat="50.970866" lon="14.062242">
        <ele>298.972500</ele>
        <time>2025-06-15T20:55:55.541Z</time>
      </trkpt>
      <trkpt lat="50.970507" lon="14.062282">
        <ele>300.183552</ele>
        <time>2025-06-15T20:56:03.019Z</time>
      </trkpt>
      <trkpt lat="50.970187" lon="14.062389">
        <ele>301.284008</ele>
        <time>2025-06-15T20:56:10.103Z</time>
      </trkpt>
      <trkpt lat="50.969947" lon="14.062522">
        <ele>302.139405</ele>
        <time>2025-06-15T20:56:16.103Z</time>
      </trkpt>
      <trkpt lat="50.969751" lon="14.062377">
        <ele>302.867034</ele>
        <time>2025-06-15T20:56:21.755Z</time>
      </trkpt>
      <trkpt lat="50.969334" lon="14.062243">
        <ele>304.298738</ele>
        <time>2025-06-15T20:56:33.380Z</time>
      </trkpt>
      <trkpt lat="50.968743" lon="14.062056">
        <ele>305.988002</ele>
        <time>2025-06-15T20:56:49.505Z</time>
      </trkpt>
      <trkpt lat="50.968493" lon="14.061879">
        <ele>306.730639</ele>
        <time>2025-06-15T20:56:56.246Z</time>
      </trkpt>
      <trkpt lat="50.968428" lon="14.061795">
        <ele>306.958010</ele>
        <time>2025-06-15T20:56:58.261Z</time>
      </trkpt>
      <trkpt lat="50.968355" lon="14.061624">
        <ele>307.310978</ele>
        <time>2025-06-15T20:57:01.351Z</time>
      </trkpt>
      <trkpt lat="50.968295" lon="14.061342">
        <ele>307.819551</ele>
        <time>2025-06-15T20:57:05.708Z</time>
      </trkpt>
      <trkpt lat="50.968200" lon="14.059813">
        <ele>309.366715</ele>
        <time>2025-06-15T20:57:24.401Z</time>
      </trkpt>
      <trkpt lat="50.967971" lon="14.058895">
        <ele>309.208971</ele>
        <time>2025-06-15T20:57:33.283Z</time>
      </trkpt>
      <trkpt lat="50.967798" lon="14.058447">
        <ele>309.125016</ele>
        <time>2025-06-15T20:57:37.764Z</time>
      </trkpt>
      <trkpt lat="50.967700" lon="14.058108">
        <ele>309.065424</ele>
        <time>2025-06-15T20:57:40.879Z</time>
      </trkpt>
      <trkpt lat="50.967665" lon="14.057739">
        <ele>309.005808</ele>
        <time>2025-06-15T20:57:57.237Z</time>
      </trkpt>
      <trkpt lat="50.967685" lon="14.057413">
        <ele>308.623357</ele>
        <time>2025-06-15T20:58:11.591Z</time>
      </trkpt>
      <trkpt lat="50.967852" lon="14.056564">
        <ele>307.526305</ele>
        <time>2025-06-15T20:58:50.494Z</time>
      </trkpt>
      <trkpt lat="50.967948" lon="14.056201">
        <ele>307.040703</ele>
        <time>2025-06-15T20:59:07.731Z</time>
      </trkpt>
      <trkpt lat="50.968055" lon="14.056017">
        <ele>306.731800</ele>
        <time>2025-06-15T20:59:18.706Z</time>
      </trkpt>
      <trkpt lat="50.968271" lon="14.055849">
        <ele>306.260735</ele>
        <time>2025-06-15T20:59:35.405Z</time>
      </trkpt>
      <trkpt lat="50.968429" lon="14.055572">
        <ele>305.799776</ele>
        <time>2025-06-15T20:59:51.780Z</time>
      </trkpt>
      <trkpt lat="50.968563" lon="14.054883">
        <ele>304.052852</ele>
        <time>2025-06-15T21:00:23.350Z</time>
      </trkpt>
      <trkpt lat="50.968588" lon="14.053778">
        <ele>300.635669</ele>
        <time>2025-06-15T21:01:11.777Z</time>
      </trkpt>
      <trkpt lat="50.968525" lon="14.053528">
        <ele>299.803486</ele>
        <time>2025-06-15T21:01:23.548Z</time>
      </trkpt>
      <trkpt lat="50.968204" lon="14.052903">
        <ele>297.310996</ele>
        <time>2025-06-15T21:01:58.933Z</time>
      </trkpt>
      <trkpt lat="50.968124" lon="14.052819">
        <ele>296.840328</ele>
        <time>2025-06-15T21:02:05.618Z</time>
      </trkpt>
      <trkpt lat="50.967980" lon="14.052566">
        <ele>295.437467</ele>
        <time>2025-06-15T21:02:20.577Z</time>
      </trkpt>
      <trkpt lat="50.967897" lon="14.052142">
        <ele>293.512751</ele>
        <time>2025-06-15T21:02:40.066Z</time>
      </trkpt>
      <trkpt lat="50.968293" lon="14.051285">
        <ele>288.905060</ele>
        <time>2025-06-15T21:03:26.647Z</time>
      </trkpt>
      <trkpt lat="50.968309" lon="14.050732">
        <ele>286.505389</ele>
        <time>2025-06-15T21:03:50.935Z</time>
      </trkpt>
      <trkpt lat="50.968184" lon="14.049868">
        <ele>282.784780</ele>
        <time>2025-06-15T21:04:29.814Z</time>
      </trkpt>
      <trkpt lat="50.968107" lon="14.049008">
        <ele>279.305246</ele>
        <time>2025-06-15T21:05:07.895Z</time>
      </trkpt>
      <trkpt lat="50.968072" lon="14.048335">
        <ele>276.600238</ele>
        <time>2025-06-15T21:05:37.475Z</time>
      </trkpt>
      <trkpt lat="50.968056" lon="14.048024">
        <ele>275.350316</ele>
        <time>2025-06-15T21:05:51.170Z</time>
      </trkpt>
      <trkpt lat="50.968075" lon="14.046886">
        <ele>270.614470</ele>
        <time>2025-06-15T21:06:41.079Z</time>
      </trkpt>
      <trkpt lat="50.968297" lon="14.046255">
        <ele>267.469904</ele>
        <time>2025-06-15T21:07:12.771Z</time>
      </trkpt>
      <trkpt lat="50.968694" lon="14.045481">
        <ele>263.126996</ele>
        <time>2025-06-15T21:07:56.552Z</time>
      </trkpt>
      <trkpt lat="50.968843" lon="14.044545">
        <ele>258.551133</ele>
        <time>2025-06-15T21:08:38.842Z</time>
      </trkpt>
      <trkpt lat="50.968951" lon="14.044145">
        <ele>256.176800</ele>
        <time>2025-06-15T21:08:57.943Z</time>
      </trkpt>
      <trkpt lat="50.969051" lon="14.043781">
        <ele>254.010246</ele>
        <time>2025-06-15T21:09:15.379Z</time>
      </trkpt>
      <trkpt lat="50.969299" lon="14.043385">
        <ele>250.963424</ele>
        <time>2025-06-15T21:09:39.928Z</time>
      </trkpt>
      <trkpt lat="50.969539" lon="14.043218">
        <ele>248.693420</ele>
        <time>2025-06-15T21:09:58.166Z</time>
      </trkpt>
      <trkpt lat="50.969836" lon="14.042861">
        <ele>245.466469</ele>
        <time>2025-06-15T21:10:24.136Z</time>
      </trkpt>
      <trkpt lat="50.969912" lon="14.042331">
        <ele>242.480856</ele>
        <time>2025-06-15T21:10:48.047Z</time>
      </trkpt>
      <trkpt lat="50.969946" lon="14.041851">
        <ele>239.822802</ele>
        <time>2025-06-15T21:11:09.315Z</time>
      </trkpt>
      <trkpt lat="50.970005" lon="14.041572">
        <ele>238.203235</ele>
        <time>2025-06-15T21:11:22.247Z</time>
      </trkpt>
      <trkpt lat="50.970071" lon="14.040949">
        <ele>234.726755</ele>
        <time>2025-06-15T21:11:49.974Z</time>
      </trkpt>
      <trkpt lat="50.970168" lon="14.040736">
        <ele>233.280261</ele>
        <time>2025-06-15T21:12:01.480Z</time>
      </trkpt>
      <trkpt lat="50.970150" lon="14.040073">
        <ele>229.628460</ele>
        <time>2025-06-15T21:12:05.229Z</time>
      </trkpt>
      <trkpt lat="50.970094" lon="14.039820">
        <ele>228.515176</ele>
        <time>2025-06-15T21:12:06.761Z</time>
      </trkpt>
      <trkpt lat="50.969867" lon="14.039296">
        <ele>226.345261</ele>
        <time>2025-06-15T21:12:10.469Z</time>
      </trkpt>
      <trkpt lat="50.969534" lon="14.038348">
        <ele>222.641778</ele>
        <time>2025-06-15T21:12:16.995Z</time>
      </trkpt>
      <trkpt lat="50.969390" lon="14.037979">
        <ele>221.160703</ele>
        <time>2025-06-15T21:12:19.595Z</time>
      </trkpt>
      <trkpt lat="50.969346" lon="14.037795">
        <ele>220.489200</ele>
        <time>2025-06-15T21:12:20.776Z</time>
      </trkpt>
      <trkpt lat="50.969221" lon="14.037602">
        <ele>219.544627</ele>
        <time>2025-06-15T21:12:22.435Z</time>
      </trkpt>
      <trkpt lat="50.968951" lon="14.037477">
        <ele>218.171309</ele>
        <time>2025-06-15T21:12:25.133Z</time>
      </trkpt>
      <trkpt lat="50.968803" lon="14.037305">
        <ele>217.289113</ele>
        <time>2025-06-15T21:12:26.901Z</time>
      </trkpt>
      <trkpt lat="50.968713" lon="14.037123">
        <ele>216.588142</ele>
        <time>2025-06-15T21:12:28.308Z</time>
      </trkpt>
      <trkpt lat="50.968508" lon="14.036853">
        <ele>215.307011</ele>
        <time>2025-06-15T21:12:30.878Z</time>
      </trkpt>
      <trkpt lat="50.968213" lon="14.036189">
        <ele>212.845453</ele>
        <time>2025-06-15T21:12:35.741Z</time>
      </trkpt>
      <trkpt lat="50.968072" lon="14.035675">
        <ele>211.147126</ele>
        <time>2025-06-15T21:12:39.072Z</time>
      </trkpt>
      <trkpt lat="50.967861" lon="14.035464">
        <ele>210.096770</ele>
        <time>2025-06-15T21:12:41.486Z</time>
      </trkpt>
      <trkpt lat="50.967637" lon="14.035362">
        <ele>209.195060</ele>
        <time>2025-06-15T21:12:43.769Z</time>
      </trkpt>
      <trkpt lat="50.967542" lon="14.035239">
        <ele>208.720744</ele>
        <time>2025-06-15T21:12:44.993Z</time>
      </trkpt>
      <trkpt lat="50.967451" lon="14.034989">
        <ele>208.017081</ele>
        <time>2025-06-15T21:12:46.817Z</time>
      </trkpt>
      <trkpt lat="50.967384" lon="14.034805">
        <ele>207.499137</ele>
        <time>2025-06-15T21:12:48.166Z</time>
      </trkpt>
      <trkpt lat="50.967326" lon="14.034714">
        <ele>207.183628</ele>
        <time>2025-06-15T21:12:48.998Z</time>
      </trkpt>
      <trkpt lat="50.966792" lon="14.034164">
        <ele>204.720681</ele>
        <time>2025-06-15T21:12:55.464Z</time>
      </trkpt>
      <trkpt lat="50.966580" lon="14.034132">
        <ele>203.896642</ele>
        <time>2025-06-15T21:12:57.627Z</time>
      </trkpt>
      <trkpt lat="50.965781" lon="14.034164">
        <ele>201.124697</ele>
        <time>2025-06-15T21:13:05.571Z</time>
      </trkpt>
      <trkpt lat="50.965635" lon="14.034117">
        <ele>200.611017</ele>
        <time>2025-06-15T21:13:07.028Z</time>
      </trkpt>
      <trkpt lat="50.965375" lon="14.033645">
        <ele>199.249243</ele>
        <time>2025-06-15T21:13:10.969Z</time>
      </trkpt>
      <trkpt lat="50.965204" lon="14.033406">
        <ele>198.463708</ele>
        <time>2025-06-15T21:13:13.300Z</time>
      </trkpt>
      <trkpt lat="50.965088" lon="14.033276">
        <ele>197.974121</ele>
        <time>2025-06-15T21:13:14.781Z</time>
      </trkpt>
      <trkpt lat="50.964959" lon="14.033217">
        <ele>197.529530</ele>
        <time>2025-06-15T21:13:16.205Z</time>
      </trkpt>
      <trkpt lat="50.964919" lon="14.033277">
        <ele>197.434126</ele>
        <time>2025-06-15T21:13:16.782Z</time>
      </trkpt>
      <trkpt lat="50.964399" lon="14.033775">
        <ele>196.381265</ele>
        <time>2025-06-15T21:13:23.426Z</time>
      </trkpt>
      <trkpt lat="50.964068" lon="14.034032">
        <ele>195.742446</ele>
        <time>2025-06-15T21:13:27.763Z</time>
      </trkpt>
      <trkpt lat="50.963868" lon="14.034126">
        <ele>195.380818</ele>
        <time>2025-06-15T21:13:30.202Z</time>
      </trkpt>
      <trkpt lat="50.963054" lon="14.034149">
        <ele>194.025950</ele>
        <time>2025-06-15T21:13:39.512Z</time>
      </trkpt>
      <trkpt lat="50.962525" lon="14.033971">
        <ele>193.203793</ele>
        <time>2025-06-15T21:13:45.928Z</time>
      </trkpt>
      <trkpt lat="50.962149" lon="14.034074">
        <ele>192.623675</ele>
        <time>2025-06-15T21:13:50.585Z</time>
      </trkpt>
      <trkpt lat="50.961627" lon="14.034566">
        <ele>191.700715</ele>
        <time>2025-06-15T21:13:57.525Z</time>
      </trkpt>
      <trkpt lat="50.961425" lon="14.034813">
        <ele>190.128420</ele>
        <time>2025-06-15T21:14:00.190Z</time>
      </trkpt>
      <trkpt lat="50.961077" lon="14.035568">
        <ele>186.453172</ele>
        <time>2025-06-15T21:14:05.910Z</time>
      </trkpt>
      <trkpt lat="50.960898" lon="14.036205">
        <ele>183.713061</ele>
        <time>2025-06-15T21:14:09.889Z</time>
      </trkpt>
      <trkpt lat="50.960803" lon="14.036794">
        <ele>181.324592</ele>
        <time>2025-06-15T21:14:13.243Z</time>
      </trkpt>
      <trkpt lat="50.960727" lon="14.036846">
        <ele>180.808439</ele>
        <time>2025-06-15T21:14:14.539Z</time>
      </trkpt>
      <trkpt lat="50.960328" lon="14.037340">
        <ele>174.223670</ele>
        <time>2025-06-15T21:14:18.750Z</time>
      </trkpt>
      <trkpt lat="50.960185" lon="14.037467">
        <ele>171.960925</ele>
        <time>2025-06-15T21:14:20.084Z</time>
      </trkpt>
      <trkpt lat="50.959898" lon="14.037536">
        <ele>167.952380</ele>
        <time>2025-06-15T21:14:22.436Z</time>
      </trkpt>
      <trkpt lat="50.959789" lon="14.037573">
        <ele>166.413111</ele>
        <time>2025-06-15T21:14:24.049Z</time>
      </trkpt>
      <trkpt lat="50.959226" lon="14.037831">
        <ele>158.320895</ele>
        <time>2025-06-15T21:14:28.756Z</time>
      </trkpt>
      <trkpt lat="50.959071" lon="14.037812">
        <ele>156.174033</ele>
        <time>2025-06-15T21:14:30.000Z</time>
      </trkpt>
      <trkpt lat="50.958982" lon="14.037740">
        <ele>155.011155</ele>
        <time>2025-06-15T21:14:30.804Z</time>
      </trkpt>
      <trkpt lat="50.958846" lon="14.037502">
        <ele>152.933418</ele>
        <time>2025-06-15T21:14:32.435Z</time>
      </trkpt>
      <trkpt lat="50.958756" lon="14.037217">
        <ele>150.872061</ele>
        <time>2025-06-15T21:14:34.054Z</time>
      </trkpt>
      <trkpt lat="50.958672" lon="14.036820">
        <ele>148.164200</ele>
        <time>2025-06-15T21:14:36.220Z</time>
      </trkpt>
      <trkpt lat="50.958612" lon="14.036377">
        <ele>145.234395</ele>
        <time>2025-06-15T21:14:38.638Z</time>
      </trkpt>
      <trkpt lat="50.958601" lon="14.036242">
        <ele>144.354243</ele>
        <time>2025-06-15T21:14:39.384Z</time>
      </trkpt>
      <trkpt lat="50.958567" lon="14.036002">
        <ele>142.763692</ele>
        <time>2025-06-15T21:14:40.755Z</time>
      </trkpt>
      <trkpt lat="50.958405" lon="14.035541">
        <ele>139.350465</ele>
        <time>2025-06-15T21:14:43.780Z</time>
      </trkpt>
      <trkpt lat="50.958392" lon="14.035427">
        <ele>138.601381</ele>
        <time>2025-06-15T21:14:44.460Z</time>
      </trkpt>
      <trkpt lat="50.958430" lon="14.035329">
        <ele>137.857293</ele>
        <time>2025-06-15T21:14:45.148Z</time>
      </trkpt>
      <trkpt lat="50.958442" lon="14.035308">
        <ele>137.673962</ele>
        <time>2025-06-15T21:14:45.324Z</time>
      </trkpt>
      <trkpt lat="50.958442" lon="14.035137">
        <ele>136.889413</ele>
        <time>2025-06-15T21:14:46.355Z</time>
      </trkpt>
      <trkpt lat="50.958439" lon="14.034106">
        <ele>133.750871</ele>
        <time>2025-06-15T21:14:52.871Z</time>
      </trkpt>
      <trkpt lat="50.958398" lon="14.033603">
        <ele>132.206900</ele>
        <time>2025-06-15T21:14:56.116Z</time>
      </trkpt>
      <trkpt lat="50.958352" lon="14.033363">
        <ele>131.443230</ele>
        <time>2025-06-15T21:14:57.648Z</time>
      </trkpt>
      <trkpt lat="50.958250" lon="14.032709">
        <ele>129.392236</ele>
        <time>2025-06-15T21:15:01.649Z</time>
      </trkpt>
      <trkpt lat="50.958186" lon="14.032570">
        <ele>128.868104</ele>
        <time>2025-06-15T21:15:02.655Z</time>
      </trkpt>
      <trkpt lat="50.958114" lon="14.032514">
        <ele>128.480353</ele>
        <time>2025-06-15T21:15:03.394Z</time>
      </trkpt>
      <trkpt lat="50.957504" lon="14.032342">
        <ele>125.054508</ele>
        <time>2025-06-15T21:15:08.985Z</time>
      </trkpt>
      <trkpt lat="50.957213" lon="14.032233">
        <ele>123.401212</ele>
        <time>2025-06-15T21:15:11.718Z</time>
      </trkpt>
      <trkpt lat="50.957167" lon="14.032235">
        <ele>123.146755</ele>
        <time>2025-06-15T21:15:12.148Z</time>
      </trkpt>
      <trkpt lat="50.957136" lon="14.032243">
        <ele>122.973087</ele>
        <time>2025-06-15T21:15:12.443Z</time>
      </trkpt>
      <trkpt lat="50.956986" lon="14.032320">
        <ele>122.101363</ele>
        <time>2025-06-15T21:15:13.968Z</time>
      </trkpt>
      <trkpt lat="50.956811" lon="14.032523">
        <ele>120.902881</ele>
        <time>2025-06-15T21:15:16.080Z</time>
      </trkpt>
      <trkpt lat="50.956669" lon="14.032712">
        <ele>119.878225</ele>
        <time>2025-06-15T21:15:17.864Z</time>
      </trkpt>
      <trkpt lat="50.956697" lon="14.032758">
        <ele>119.655416</ele>
        <time>2025-06-15T21:15:18.284Z</time>
      </trkpt>
      <trkpt lat="50.956729" lon="14.032844">
        <ele>119.307508</ele>
        <time>2025-06-15T21:15:18.902Z</time>
      </trkpt>
      <trkpt lat="50.956815" lon="14.033123">
        <ele>118.396031</ele>
        <time>2025-06-15T21:15:20.847Z</time>
      </trkpt>
      <trkpt lat="50.956944" lon="14.033256">
        <ele>118.011421</ele>
        <time>2025-06-15T21:15:22.386Z</time>
      </trkpt>
      <trkpt lat="50.957121" lon="14.033473">
        <ele>117.452233</ele>
        <time>2025-06-15T21:15:24.694Z</time>
      </trkpt>
      <trkpt lat="50.957065" lon="14.033691">
        <ele>117.081422</ele>
        <time>2025-06-15T21:15:26.181Z</time>
      </trkpt>
      <trkpt lat="50.957049" lon="14.033764">
        <ele>116.959683</ele>
        <time>2025-06-15T21:15:26.659Z</time>
      </trkpt>
      <trkpt lat="50.956852" lon="14.034029">
        <ele>116.314041</ele>
        <time>2025-06-15T21:15:29.381Z</time>
      </trkpt>
      <trkpt lat="50.956792" lon="14.034076">
        <ele>116.146745</ele>
        <time>2025-06-15T21:15:30.128Z</time>
      </trkpt>
      <trkpt lat="50.956587" lon="14.034285">
        <ele>115.537556</ele>
        <time>2025-06-15T21:15:33.141Z</time>
      </trkpt>
      <trkpt lat="50.956525" lon="14.034360">
        <ele>115.342651</ele>
        <time>2025-06-15T21:15:34.057Z</time>
      </trkpt>
      <trkpt lat="50.955949" lon="14.034967">
        <ele>114.557204</ele>
        <time>2025-06-15T21:15:43.669Z</time>
      </trkpt>
      <trkpt lat="50.955777" lon="14.035146">
        <ele>115.183327</ele>
        <time>2025-06-15T21:15:46.970Z</time>
      </trkpt>
      <trkpt lat="50.955692" lon="14.035221">
        <ele>115.479385</ele>
        <time>2025-06-15T21:15:49.058Z</time>
      </trkpt>
      <trkpt lat="50.955726" lon="14.035357">
        <ele>115.759985</ele>
        <time>2025-06-15T21:15:51.108Z</time>
      </trkpt>
      <trkpt lat="50.955730" lon="14.035617">
        <ele>116.258742</ele>
        <time>2025-06-15T21:15:55.215Z</time>
      </trkpt>
      <trkpt lat="50.955747" lon="14.035680">
        <ele>116.390177</ele>
        <time>2025-06-15T21:15:56.374Z</time>
      </trkpt>
      <trkpt lat="50.955797" lon="14.035860">
        <ele>116.767439</ele>
        <time>2025-06-15T21:15:59.650Z</time>
      </trkpt>
      <trkpt lat="50.955965" lon="14.036468">
        <ele>118.040656</ele>
        <time>2025-06-15T21:16:11.340Z</time>
      </trkpt>
      <trkpt lat="50.955738" lon="14.036585">
        <ele>118.767244</ele>
        <time>2025-06-15T21:16:18.356Z</time>
      </trkpt>
      <trkpt lat="50.955480" lon="14.036736">
        <ele>119.661012</ele>
        <time>2025-06-15T21:16:25.982Z</time>
      </trkpt>
      <trkpt lat="50.955162" lon="14.036924">
        <ele>121.349342</ele>
        <time>2025-06-15T21:16:33.831Z</time>
      </trkpt>
      <trkpt lat="50.955289" lon="14.037339">
        <ele>122.795372</ele>
        <time>2025-06-15T21:16:42.058Z</time>
      </trkpt>
      <trkpt lat="50.955381" lon="14.037637">
        <ele>123.835480</ele>
        <time>2025-06-15T21:16:48.819Z</time>
      </trkpt>
      <trkpt lat="50.955410" lon="14.037729">
        <ele>124.157906</ele>
        <time>2025-06-15T21:16:50.850Z</time>
      </trkpt>
      <trkpt lat="50.955515" lon="14.038047">
        <ele>125.283176</ele>
        <time>2025-06-15T21:16:56.949Z</time>
      </trkpt>
      <trkpt lat="50.955659" lon="14.038464">
        <ele>126.773601</ele>
        <time>2025-06-15T21:17:04.403Z</time>
      </trkpt>
      <trkpt lat="50.955481" lon="14.038594">
        <ele>127.748448</ele>
        <time>2025-06-15T21:17:09.887Z</time>
      </trkpt>
      <trkpt lat="50.955274" lon="14.038872">
        <ele>129.441517</ele>
        <time>2025-06-15T21:17:18.025Z</time>
      </trkpt>
      <trkpt lat="50.955205" lon="14.038832">
        <ele>130.005507</ele>
        <time>2025-06-15T21:17:20.419Z</time>
      </trkpt>
      <trkpt lat="50.955174" lon="14.038769">
        <ele>130.392149</ele>
        <time>2025-06-15T21:17:21.843Z</time>
      </trkpt>
      <trkpt lat="50.955141" lon="14.038547">
        <ele>131.495340</ele>
        <time>2025-06-15T21:17:26.529Z</time>
      </trkpt>
      <trkpt lat="50.955104" lon="14.038225">
        <ele>133.078391</ele>
        <time>2025-06-15T21:17:33.952Z</time>
      </trkpt>
      <trkpt lat="50.955048" lon="14.038111">
        <ele>133.777580</ele>
        <time>2025-06-15T21:17:37.364Z</time>
      </trkpt>
      <trkpt lat="50.955038" lon="14.038193">
        <ele>134.181537</ele>
        <time>2025-06-15T21:17:39.492Z</time>
      </trkpt>
      <trkpt lat="50.955020" lon="14.038327">
        <ele>134.844200</ele>
        <time>2025-06-15T21:17:43.065Z</time>
      </trkpt>
      <trkpt lat="50.954785" lon="14.039441">
        <ele>140.526171</ele>
        <time>2025-06-15T21:18:10.602Z</time>
      </trkpt>
      <trkpt lat="50.954760" lon="14.039860">
        <ele>142.563677</ele>
        <time>2025-06-15T21:18:22.037Z</time>
      </trkpt>
      <trkpt lat="50.954720" lon="14.040322">
        <ele>144.834259</ele>
        <time>2025-06-15T21:18:34.638Z</time>
      </trkpt>
      <trkpt lat="50.954632" lon="14.040553">
        <ele>146.148652</ele>
        <time>2025-06-15T21:18:41.775Z</time>
      </trkpt>
      <trkpt lat="50.954578" lon="14.040637">
        <ele>146.733013</ele>
        <time>2025-06-15T21:18:44.868Z</time>
      </trkpt>
      <trkpt lat="50.954409" lon="14.040839">
        <ele>148.368122</ele>
        <time>2025-06-15T21:18:53.089Z</time>
      </trkpt>
      <trkpt lat="50.954018" lon="14.041548">
        <ele>152.956175</ele>
        <time>2025-06-15T21:19:14.110Z</time>
      </trkpt>
      <trkpt lat="50.953938" lon="14.041645">
        <ele>153.734251</ele>
        <time>2025-06-15T21:19:17.591Z</time>
      </trkpt>
      <trkpt lat="50.953879" lon="14.041638">
        <ele>154.191548</ele>
        <time>2025-06-15T21:19:19.667Z</time>
      </trkpt>
      <trkpt lat="50.953843" lon="14.041569">
        <ele>154.627775</ele>
        <time>2025-06-15T21:19:21.586Z</time>
      </trkpt>
      <trkpt lat="50.953839" lon="14.041495">
        <ele>154.989405</ele>
        <time>2025-06-15T21:19:23.095Z</time>
      </trkpt>
      <trkpt lat="50.953999" lon="14.039546">
        <ele>162.965670</ele>
        <time>2025-06-15T21:19:58.903Z</time>
      </trkpt>
      <trkpt lat="50.954024" lon="14.038970">
        <ele>165.242462</ele>
        <time>2025-06-15T21:20:11.210Z</time>
      </trkpt>
      <trkpt lat="50.954003" lon="14.038812">
        <ele>165.879238</ele>
        <time>2025-06-15T21:20:14.931Z</time>
      </trkpt>
      <trkpt lat="50.953948" lon="14.038708">
        <ele>166.414715</ele>
        <time>2025-06-15T21:20:18.095Z</time>
      </trkpt>
      <trkpt lat="50.953868" lon="14.038657">
        <ele>166.954385</ele>
        <time>2025-06-15T21:20:21.318Z</time>
      </trkpt>
      <trkpt lat="50.953015" lon="14.038514">
        <ele>173.029411</ele>
        <time>2025-06-15T21:20:53.058Z</time>
      </trkpt>
      <trkpt lat="50.952894" lon="14.038433">
        <ele>173.970115</ele>
        <time>2025-06-15T21:20:58.144Z</time>
      </trkpt>
      <trkpt lat="50.952846" lon="14.038273">
        <ele>174.769843</ele>
        <time>2025-06-15T21:21:02.504Z</time>
      </trkpt>
      <trkpt lat="50.952916" lon="14.037929">
        <ele>176.401194</ele>
        <time>2025-06-15T21:21:10.920Z</time>
      </trkpt>
      <trkpt lat="50.952944" lon="14.037704">
        <ele>177.436175</ele>
        <time>2025-06-15T21:21:16.165Z</time>
      </trkpt>
      <trkpt lat="50.952937" lon="14.037469">
        <ele>178.497845</ele>
        <time>2025-06-15T21:21:21.381Z</time>
      </trkpt>
      <trkpt lat="50.952483" lon="14.035676">
        <ele>184.417165</ele>
        <time>2025-06-15T21:21:54.399Z</time>
      </trkpt>
      <trkpt lat="50.952405" lon="14.035404">
        <ele>185.218196</ele>
        <time>2025-06-15T21:21:58.309Z</time>
      </trkpt>
      <trkpt lat="50.952164" lon="14.034570">
        <ele>187.677554</ele>
        <time>2025-06-15T21:22:11.267Z</time>
      </trkpt>
      <trkpt lat="50.951872" lon="14.033999">
        <ele>190.944124</ele>
        <time>2025-06-15T21:22:22.779Z</time>
      </trkpt>
      <trkpt lat="50.951568" lon="14.032820">
        <ele>196.997400</ele>
        <time>2025-06-15T21:22:50.518Z</time>
      </trkpt>
      <trkpt lat="50.951444" lon="14.032461">
        <ele>198.942824</ele>
        <time>2025-06-15T21:23:02.101Z</time>
      </trkpt>
      <trkpt lat="50.951168" lon="14.031977">
        <ele>202.145453</ele>
        <time>2025-06-15T21:23:22.083Z</time>
      </trkpt>
      <trkpt lat="50.950581" lon="14.031365">
        <ele>208.495555</ele>
        <time>2025-06-15T21:23:54.532Z</time>
      </trkpt>
      <trkpt lat="50.950500" lon="14.031232">
        <ele>209.549300</ele>
        <time>2025-06-15T21:23:59.663Z</time>
      </trkpt>
      <trkpt lat="50.950381" lon="14.030808">
        <ele>212.193384</ele>
        <time>2025-06-15T21:24:12.149Z</time>
      </trkpt>
      <trkpt lat="50.950028" lon="14.029072">
        <ele>219.019377</ele>
        <time>2025-06-15T21:24:50.113Z</time>
      </trkpt>
      <trkpt lat="50.949844" lon="14.028420">
        <ele>220.055128</ele>
        <time>2025-06-15T21:24:58.584Z</time>
      </trkpt>
      <trkpt lat="50.949634" lon="14.027744">
        <ele>221.147842</ele>
        <time>2025-06-15T21:25:04.711Z</time>
      </trkpt>
      <trkpt lat="50.949567" lon="14.027599">
        <ele>221.408540</ele>
        <time>2025-06-15T21:25:06.047Z</time>
      </trkpt>
      <trkpt lat="50.949455" lon="14.027377">
        <ele>221.820869</ele>
        <time>2025-06-15T21:25:08.134Z</time>
      </trkpt>
      <trkpt lat="50.949298" lon="14.027165">
        <ele>222.296876</ele>
        <time>2025-06-15T21:25:10.656Z</time>
      </trkpt>
      <trkpt lat="50.948893" lon="14.026908">
        <ele>223.305317</ele>
        <time>2025-06-15T21:25:16.237Z</time>
      </trkpt>
      <trkpt lat="50.948794" lon="14.026856">
        <ele>223.546418</ele>
        <time>2025-06-15T21:25:17.763Z</time>
      </trkpt>
      <trkpt lat="50.948639" lon="14.026837">
        <ele>223.905855</ele>
        <time>2025-06-15T21:25:20.390Z</time>
      </trkpt>
      <trkpt lat="50.948488" lon="14.026881">
        <ele>224.260810</ele>
        <time>2025-06-15T21:25:23.333Z</time>
      </trkpt>
      <trkpt lat="50.948431" lon="14.026886">
        <ele>224.392798</ele>
        <time>2025-06-15T21:25:24.626Z</time>
      </trkpt>
      <trkpt lat="50.948376" lon="14.026896">
        <ele>224.520793</ele>
        <time>2025-06-15T21:25:25.904Z</time>
      </trkpt>
      <trkpt lat="50.948139" lon="14.026984">
        <ele>225.083545</ele>
        <time>2025-06-15T21:25:32.462Z</time>
      </trkpt>
      <trkpt lat="50.948044" lon="14.027116">
        <ele>225.375461</ele>
        <time>2025-06-15T21:25:36.291Z</time>
      </trkpt>
      <trkpt lat="50.947938" lon="14.027423">
        <ele>225.885407</ele>
        <time>2025-06-15T21:25:43.338Z</time>
      </trkpt>
      <trkpt lat="50.947879" lon="14.027546">
        <ele>226.126289</ele>
        <time>2025-06-15T21:25:46.468Z</time>
      </trkpt>
      <trkpt lat="50.947342" lon="14.028543">
        <ele>230.832751</ele>
        <time>2025-06-15T21:26:12.472Z</time>
      </trkpt>
      <trkpt lat="50.947236" lon="14.028873">
        <ele>232.161853</ele>
        <time>2025-06-15T21:26:20.139Z</time>
      </trkpt>
      <trkpt lat="50.947253" lon="14.029030">
        <ele>232.733454</ele>
        <time>2025-06-15T21:26:23.531Z</time>
      </trkpt>
      <trkpt lat="50.947292" lon="14.029099">
        <ele>233.066066</ele>
        <time>2025-06-15T21:26:25.464Z</time>
      </trkpt>
      <trkpt lat="50.947276" lon="14.029123">
        <ele>233.191442</ele>
        <time>2025-06-15T21:26:26.182Z</time>
      </trkpt>
      <trkpt lat="50.946944" lon="14.029729">
        <ele>236.072980</ele>
        <time>2025-06-15T21:26:41.627Z</time>
      </trkpt>
      <trkpt lat="50.946494" lon="14.030569">
        <ele>239.459663</ele>
        <time>2025-06-15T21:27:00.322Z</time>
      </trkpt>
      <trkpt lat="50.946417" lon="14.030788">
        <ele>240.220478</ele>
        <time>2025-06-15T21:27:04.751Z</time>
      </trkpt>
      <trkpt lat="50.946368" lon="14.031033">
        <ele>241.000268</ele>
        <time>2025-06-15T21:27:09.278Z</time>
      </trkpt>
      <trkpt lat="50.946329" lon="14.031022">
        <ele>241.190993</ele>
        <time>2025-06-15T21:27:10.342Z</time>
      </trkpt>
      <trkpt lat="50.946050" lon="14.030940">
        <ele>242.557200</ele>
        <time>2025-06-15T21:27:17.871Z</time>
      </trkpt>
      <trkpt lat="50.945974" lon="14.030854">
        <ele>243.006617</ele>
        <time>2025-06-15T21:27:20.361Z</time>
      </trkpt>
      <trkpt lat="50.945953" lon="14.030769">
        <ele>243.283594</ele>
        <time>2025-06-15T21:27:21.836Z</time>
      </trkpt>
      <trkpt lat="50.945961" lon="14.030666">
        <ele>243.598428</ele>
        <time>2025-06-15T21:27:23.591Z</time>
      </trkpt>
      <trkpt lat="50.946259" lon="14.030028">
        <ele>246.110304</ele>
        <time>2025-06-15T21:27:37.207Z</time>
      </trkpt>
      <trkpt lat="50.946354" lon="14.029776">
        <ele>247.092178</ele>
        <time>2025-06-15T21:27:42.819Z</time>
      </trkpt>
      <trkpt lat="50.946390" lon="14.029511">
        <ele>247.998571</ele>
        <time>2025-06-15T21:27:48.136Z</time>
      </trkpt>
      <trkpt lat="50.946154" lon="14.029361">
        <ele>249.347655</ele>
        <time>2025-06-15T21:27:56.117Z</time>
      </trkpt>
      <trkpt lat="50.945898" lon="14.029192">
        <ele>250.819013</ele>
        <time>2025-06-15T21:28:04.692Z</time>
      </trkpt>
      <trkpt lat="50.945648" lon="14.029028">
        <ele>252.254558</ele>
        <time>2025-06-15T21:28:12.860Z</time>
      </trkpt>
      <trkpt lat="50.945475" lon="14.028863">
        <ele>253.325638</ele>
        <time>2025-06-15T21:28:18.954Z</time>
      </trkpt>
      <trkpt lat="50.945265" lon="14.028585">
        <ele>254.632348</ele>
        <time>2025-06-15T21:28:27.154Z</time>
      </trkpt>
      <trkpt lat="50.945040" lon="14.028159">
        <ele>255.313452</ele>
        <time>2025-06-15T21:28:36.415Z</time>
      </trkpt>
      <trkpt lat="50.944816" lon="14.027682">
        <ele>256.042388</ele>
        <time>2025-06-15T21:28:44.388Z</time>
      </trkpt>
      <trkpt lat="50.944608" lon="14.027492">
        <ele>256.509093</ele>
        <time>2025-06-15T21:28:48.596Z</time>
      </trkpt>
      <trkpt lat="50.941594" lon="14.026134">
        <ele>256.805396</ele>
        <time>2025-06-15T21:29:30.928Z</time>
      </trkpt>
      <trkpt lat="50.940284" lon="14.024978">
        <ele>253.321961</ele>
        <time>2025-06-15T21:29:46.122Z</time>
      </trkpt>
      <trkpt lat="50.939338" lon="14.024253">
        <ele>250.601214</ele>
        <time>2025-06-15T21:29:57.256Z</time>
      </trkpt>
      <trkpt lat="50.939124" lon="14.024142">
        <ele>250.018130</ele>
        <time>2025-06-15T21:29:59.781Z</time>
      </trkpt>
      <trkpt lat="50.938440" lon="14.024065">
        <ele>248.235317</ele>
        <time>2025-06-15T21:30:07.281Z</time>
      </trkpt>
      <trkpt lat="50.938025" lon="14.024131">
        <ele>247.148073</ele>
        <time>2025-06-15T21:30:11.705Z</time>
      </trkpt>
      <trkpt lat="50.937177" lon="14.023268">
        <ele>244.586005</ele>
        <time>2025-06-15T21:30:22.074Z</time>
      </trkpt>
      <trkpt lat="50.936927" lon="14.023051">
        <ele>244.401153</ele>
        <time>2025-06-15T21:30:25.129Z</time>
      </trkpt>
      <trkpt lat="50.936964" lon="14.022925">
        <ele>244.344327</ele>
        <time>2025-06-15T21:30:26.095Z</time>
      </trkpt>
      <trkpt lat="50.937044" lon="14.022657">
        <ele>244.223100</ele>
        <time>2025-06-15T21:30:28.192Z</time>
      </trkpt>
      <trkpt lat="50.937210" lon="14.021945">
        <ele>243.912758</ele>
        <time>2025-06-15T21:30:33.909Z</time>
      </trkpt>
      <trkpt lat="50.937476" lon="14.020574">
        <ele>243.792347</ele>
        <time>2025-06-15T21:30:48.335Z</time>
      </trkpt>
      <trkpt lat="50.937599" lon="14.019395">
        <ele>245.299141</ele>
        <time>2025-06-15T21:31:03.081Z</time>
      </trkpt>
      <trkpt lat="50.937805" lon="14.016299">
        <ele>247.886085</ele>
        <time>2025-06-15T21:31:43.191Z</time>
      </trkpt>
      <trkpt lat="50.937374" lon="14.016399">
        <ele>248.223832</ele>
        <time>2025-06-15T21:31:48.716Z</time>
      </trkpt>
      <trkpt lat="50.937000" lon="14.016439">
        <ele>248.093151</ele>
        <time>2025-06-15T21:31:52.922Z</time>
      </trkpt>
      <trkpt lat="50.935454" lon="14.016478">
        <ele>243.024456</ele>
        <time>2025-06-15T21:32:08.365Z</time>
      </trkpt>
      <trkpt lat="50.935131" lon="14.016519">
        <ele>242.080449</ele>
        <time>2025-06-15T21:32:11.580Z</time>
      </trkpt>
      <trkpt lat="50.934700" lon="14.016775">
        <ele>240.881785</ele>
        <time>2025-06-15T21:32:16.395Z</time>
      </trkpt>
      <trkpt lat="50.934365" lon="14.017218">
        <ele>239.745953</ele>
        <time>2025-06-15T21:32:20.962Z</time>
      </trkpt>
      <trkpt lat="50.934236" lon="14.017417">
        <ele>239.277343</ele>
        <time>2025-06-15T21:32:22.895Z</time>
      </trkpt>
      <trkpt lat="50.934078" lon="14.017582">
        <ele>238.784683</ele>
        <time>2025-06-15T21:32:24.981Z</time>
      </trkpt>
      <trkpt lat="50.933704" lon="14.017805">
        <ele>237.872403</ele>
        <time>2025-06-15T21:32:29.326Z</time>
      </trkpt>
      <trkpt lat="50.933584" lon="14.017820">
        <ele>237.928809</ele>
        <time>2025-06-15T21:32:30.661Z</time>
      </trkpt>
      <trkpt lat="50.933558" lon="14.017798">
        <ele>237.942616</ele>
        <time>2025-06-15T21:32:31.138Z</time>
      </trkpt>
      <trkpt lat="50.933476" lon="14.017727">
        <ele>237.986390</ele>
        <time>2025-06-15T21:32:32.634Z</time>
      </trkpt>
      <trkpt lat="50.933394" lon="14.017642">
        <ele>238.032287</ele>
        <time>2025-06-15T21:32:34.272Z</time>
      </trkpt>
      <trkpt lat="50.933186" lon="14.017573">
        <ele>238.131862</ele>
        <time>2025-06-15T21:32:37.888Z</time>
      </trkpt>
      <trkpt lat="50.932952" lon="14.017488">
        <ele>238.244349</ele>
        <time>2025-06-15T21:32:42.041Z</time>
      </trkpt>
      <trkpt lat="50.932894" lon="14.017470">
        <ele>238.272043</ele>
        <time>2025-06-15T21:32:42.853Z</time>
      </trkpt>
      <trkpt lat="50.932859" lon="14.017402">
        <ele>238.297971</ele>
        <time>2025-06-15T21:32:43.671Z</time>
      </trkpt>
      <trkpt lat="50.932847" lon="14.017214">
        <ele>238.353776</ele>
        <time>2025-06-15T21:32:45.375Z</time>
      </trkpt>
      <trkpt lat="50.932752" lon="14.017182">
        <ele>238.399284</ele>
        <time>2025-06-15T21:32:46.978Z</time>
      </trkpt>
      <trkpt lat="50.932536" lon="14.016993">
        <ele>238.514870</ele>
        <time>2025-06-15T21:32:51.503Z</time>
      </trkpt>
      <trkpt lat="50.932431" lon="14.016952">
        <ele>238.565541</ele>
        <time>2025-06-15T21:32:53.693Z</time>
      </trkpt>
      <trkpt lat="50.932310" lon="14.017015">
        <ele>238.625215</ele>
        <time>2025-06-15T21:32:56.406Z</time>
      </trkpt>
      <trkpt lat="50.932042" lon="14.017386">
        <ele>239.536378</ele>
        <time>2025-06-15T21:33:04.099Z</time>
      </trkpt>
      <trkpt lat="50.931923" lon="14.017495">
        <ele>240.099010</ele>
        <time>2025-06-15T21:33:07.250Z</time>
      </trkpt>
      <trkpt lat="50.931892" lon="14.017520">
        <ele>240.241400</ele>
        <time>2025-06-15T21:33:08.206Z</time>
      </trkpt>
      <trkpt lat="50.931740" lon="14.017639">
        <ele>240.935433</ele>
        <time>2025-06-15T21:33:12.826Z</time>
      </trkpt>
      <trkpt lat="50.931655" lon="14.017720">
        <ele>241.341429</ele>
        <time>2025-06-15T21:33:15.572Z</time>
      </trkpt>
      <trkpt lat="50.931439" lon="14.017876">
        <ele>242.313196</ele>
        <time>2025-06-15T21:33:22.034Z</time>
      </trkpt>
      <trkpt lat="50.931404" lon="14.017897">
        <ele>242.466415</ele>
        <time>2025-06-15T21:33:23.075Z</time>
      </trkpt>
      <trkpt lat="50.931136" lon="14.018022">
        <ele>243.610223</ele>
        <time>2025-06-15T21:33:30.724Z</time>
      </trkpt>
      <trkpt lat="50.930998" lon="14.018064">
        <ele>244.185591</ele>
        <time>2025-06-15T21:33:34.459Z</time>
      </trkpt>
      <trkpt lat="50.930932" lon="14.018074">
        <ele>244.457070</ele>
        <time>2025-06-15T21:33:36.217Z</time>
      </trkpt>
      <trkpt lat="50.930599" lon="14.018087">
        <ele>245.821014</ele>
        <time>2025-06-15T21:33:45.593Z</time>
      </trkpt>
      <trkpt lat="50.930258" lon="14.018068">
        <ele>247.531179</ele>
        <time>2025-06-15T21:33:55.564Z</time>
      </trkpt>
      <trkpt lat="50.930126" lon="14.018058">
        <ele>248.218609</ele>
        <time>2025-06-15T21:33:59.482Z</time>
      </trkpt>
      <trkpt lat="50.930036" lon="14.018048">
        <ele>248.687924</ele>
        <time>2025-06-15T21:34:02.107Z</time>
      </trkpt>
      <trkpt lat="50.929882" lon="14.017994">
        <ele>249.508344</ele>
        <time>2025-06-15T21:34:06.805Z</time>
      </trkpt>
      <trkpt lat="50.929719" lon="14.017863">
        <ele>250.458824</ele>
        <time>2025-06-15T21:34:12.426Z</time>
      </trkpt>
      <trkpt lat="50.929654" lon="14.017762">
        <ele>250.932089</ele>
        <time>2025-06-15T21:34:15.166Z</time>
      </trkpt>
      <trkpt lat="50.929469" lon="14.017419">
        <ele>252.412210</ele>
        <time>2025-06-15T21:34:23.700Z</time>
      </trkpt>
      <trkpt lat="50.929303" lon="14.017126">
        <ele>253.703906</ele>
        <time>2025-06-15T21:34:30.975Z</time>
      </trkpt>
      <trkpt lat="50.929112" lon="14.016837">
        <ele>255.076847</ele>
        <time>2025-06-15T21:34:38.747Z</time>
      </trkpt>
      <trkpt lat="50.928630" lon="14.016241">
        <ele>258.509424</ele>
        <time>2025-06-15T21:34:57.089Z</time>
      </trkpt>
      <trkpt lat="50.928444" lon="14.016054">
        <ele>259.757259</ele>
        <time>2025-06-15T21:35:03.667Z</time>
      </trkpt>
      <trkpt lat="50.928302" lon="14.015980">
        <ele>260.604245</ele>
        <time>2025-06-15T21:35:08.140Z</time>
      </trkpt>
      <trkpt lat="50.927874" lon="14.015953">
        <ele>263.031564</ele>
        <time>2025-06-15T21:35:21.541Z</time>
      </trkpt>
      <trkpt lat="50.926967" lon="14.016109">
        <ele>268.148854</ele>
        <time>2025-06-15T21:35:51.102Z</time>
      </trkpt>
      <trkpt lat="50.926628" lon="14.016105">
        <ele>270.030948</ele>
        <time>2025-06-15T21:36:02.048Z</time>
      </trkpt>
      <trkpt lat="50.925484" lon="14.016149">
        <ele>276.083023</ele>
        <time>2025-06-15T21:36:36.264Z</time>
      </trkpt>
      <trkpt lat="50.925099" lon="14.016220">
        <ele>277.413879</ele>
        <time>2025-06-15T21:36:46.246Z</time>
      </trkpt>
      <trkpt lat="50.924726" lon="14.016222">
        <ele>278.694637</ele>
        <time>2025-06-15T21:36:55.289Z</time>
      </trkpt>
      <trkpt lat="50.923691" lon="14.015901">
        <ele>282.189635</ele>
        <time>2025-06-15T21:37:18.474Z</time>
      </trkpt>
      <trkpt lat="50.923335" lon="14.015855">
        <ele>283.132150</ele>
        <time>2025-06-15T21:37:26.233Z</time>
      </trkpt>
      <trkpt lat="50.922947" lon="14.015871">
        <ele>284.156340</ele>
        <time>2025-06-15T21:37:34.695Z</time>
      </trkpt>
      <trkpt lat="50.922396" lon="14.015969">
        <ele>285.619415</ele>
        <time>2025-06-15T21:37:46.897Z</time>
      </trkpt>
      <trkpt lat="50.921619" lon="14.016264">
        <ele>287.505924</ele>
        <time>2025-06-15T21:38:04.195Z</time>
      </trkpt>
      <trkpt lat="50.921445" lon="14.016327">
        <ele>287.890611</ele>
        <time>2025-06-15T21:38:07.884Z</time>
      </trkpt>
      <trkpt lat="50.921031" lon="14.016509">
        <ele>288.816585</ele>
        <time>2025-06-15T21:38:16.424Z</time>
      </trkpt>
      <trkpt lat="50.920862" lon="14.016614">
        <ele>289.207793</ele>
        <time>2025-06-15T21:38:19.899Z</time>
      </trkpt>
      <trkpt lat="50.920634" lon="14.016782">
        <ele>289.749656</ele>
        <time>2025-06-15T21:38:24.879Z</time>
      </trkpt>
      <trkpt lat="50.920431" lon="14.016936">
        <ele>290.234667</ele>
        <time>2025-06-15T21:38:29.366Z</time>
      </trkpt>
      <trkpt lat="50.920390" lon="14.016968">
        <ele>290.333156</ele>
        <time>2025-06-15T21:38:30.268Z</time>
      </trkpt>
      <trkpt lat="50.920231" lon="14.017086">
        <ele>290.676032</ele>
        <time>2025-06-15T21:38:33.779Z</time>
      </trkpt>
      <trkpt lat="50.920221" lon="14.017091">
        <ele>290.696106</ele>
        <time>2025-06-15T21:38:33.978Z</time>
      </trkpt>
      <trkpt lat="50.920184" lon="14.017111">
        <ele>290.770942</ele>
        <time>2025-06-15T21:38:34.769Z</time>
      </trkpt>
      <trkpt lat="50.920014" lon="14.017145">
        <ele>291.098983</ele>
        <time>2025-06-15T21:38:38.154Z</time>
      </trkpt>
      <trkpt lat="50.919909" lon="14.017114">
        <ele>291.303457</ele>
        <time>2025-06-15T21:38:40.239Z</time>
      </trkpt>
      <trkpt lat="50.919832" lon="14.017082">
        <ele>291.455849</ele>
        <time>2025-06-15T21:38:41.780Z</time>
      </trkpt>
      <trkpt lat="50.919733" lon="14.017002">
        <ele>291.668560</ele>
        <time>2025-06-15T21:38:43.968Z</time>
      </trkpt>
      <trkpt lat="50.919418" lon="14.016446">
        <ele>292.570776</ele>
        <time>2025-06-15T21:38:52.755Z</time>
      </trkpt>
      <trkpt lat="50.919271" lon="14.016217">
        <ele>292.965228</ele>
        <time>2025-06-15T21:38:56.494Z</time>
      </trkpt>
      <trkpt lat="50.919233" lon="14.016159">
        <ele>293.066188</ele>
        <time>2025-06-15T21:38:57.491Z</time>
      </trkpt>
      <trkpt lat="50.919206" lon="14.016120">
        <ele>293.136100</ele>
        <time>2025-06-15T21:38:58.213Z</time>
      </trkpt>
      <trkpt lat="50.919124" lon="14.015999">
        <ele>293.350512</ele>
        <time>2025-06-15T21:39:00.384Z</time>
      </trkpt>
      <trkpt lat="50.919047" lon="14.015887">
        <ele>293.550523</ele>
        <time>2025-06-15T21:39:02.503Z</time>
      </trkpt>
      <trkpt lat="50.918959" lon="14.015763">
        <ele>293.775872</ele>
        <time>2025-06-15T21:39:04.873Z</time>
      </trkpt>
      <trkpt lat="50.918616" lon="14.015264">
        <ele>294.860365</ele>
        <time>2025-06-15T21:39:13.755Z</time>
      </trkpt>
      <trkpt lat="50.918490" lon="14.015085">
        <ele>295.259730</ele>
        <time>2025-06-15T21:39:17.049Z</time>
      </trkpt>
      <trkpt lat="50.918470" lon="14.015059">
        <ele>295.320784</ele>
        <time>2025-06-15T21:39:17.553Z</time>
      </trkpt>
      <trkpt lat="50.918234" lon="14.014763">
        <ele>296.031142</ele>
        <time>2025-06-15T21:39:23.651Z</time>
      </trkpt>
      <trkpt lat="50.918060" lon="14.014592">
        <ele>296.514428</ele>
        <time>2025-06-15T21:39:27.890Z</time>
      </trkpt>
      <trkpt lat="50.918015" lon="14.014548">
        <ele>296.639241</ele>
        <time>2025-06-15T21:39:28.978Z</time>
      </trkpt>
      <trkpt lat="50.917325" lon="14.013873">
        <ele>298.567419</ele>
        <time>2025-06-15T21:39:46.433Z</time>
      </trkpt>
      <trkpt lat="50.917190" lon="14.013742">
        <ele>298.952331</ele>
        <time>2025-06-15T21:39:49.864Z</time>
      </trkpt>
      <trkpt lat="50.917059" lon="14.013613">
        <ele>299.327351</ele>
        <time>2025-06-15T21:39:53.231Z</time>
      </trkpt>
      <trkpt lat="50.916843" lon="14.013402">
        <ele>299.944334</ele>
        <time>2025-06-15T21:39:58.754Z</time>
      </trkpt>
      <trkpt lat="50.916783" lon="14.013344">
        <ele>300.115229</ele>
        <time>2025-06-15T21:40:00.259Z</time>
      </trkpt>
      <trkpt lat="50.916547" lon="14.013113">
        <ele>300.789713</ele>
        <time>2025-06-15T21:40:06.118Z</time>
      </trkpt>
      <trkpt lat="50.916340" lon="14.012909">
        <ele>301.382435</ele>
        <time>2025-06-15T21:40:11.091Z</time>
      </trkpt>
      <trkpt lat="50.916253" lon="14.013420">
        <ele>302.194057</ele>
        <time>2025-06-15T21:40:17.639Z</time>
      </trkpt>
      <trkpt lat="50.916078" lon="14.014045">
        <ele>302.644081</ele>
        <time>2025-06-15T21:40:25.830Z</time>
      </trkpt>
      <trkpt lat="50.916011" lon="14.014287">
        <ele>302.739849</ele>
        <time>2025-06-15T21:40:28.674Z</time>
      </trkpt>
      <trkpt lat="50.915889" lon="14.014838">
        <ele>302.951451</ele>
        <time>2025-06-15T21:40:34.454Z</time>
      </trkpt>
      <trkpt lat="50.915618" lon="14.016803">
        <ele>303.279023</ele>
        <time>2025-06-15T21:40:51.077Z</time>
      </trkpt>
      <trkpt lat="50.914776" lon="14.022366">
        <ele>301.356687</ele>
        <time>2025-06-15T21:41:34.958Z</time>
      </trkpt>
      <trkpt lat="50.914763" lon="14.022580">
        <ele>301.482842</ele>
        <time>2025-06-15T21:41:36.976Z</time>
      </trkpt>
      <trkpt lat="50.914441" lon="14.024779">
        <ele>302.927475</ele>
        <time>2025-06-15T21:42:02.184Z</time>
      </trkpt>
      <trkpt lat="50.914350" lon="14.025393">
        <ele>303.791813</ele>
        <time>2025-06-15T21:42:13.175Z</time>
      </trkpt>
      <trkpt lat="50.914305" lon="14.025687">
        <ele>304.206403</ele>
        <time>2025-06-15T21:42:16.816Z</time>
      </trkpt>
      <trkpt lat="50.914174" lon="14.025728">
        <ele>304.496625</ele>
        <time>2025-06-15T21:42:26.100Z</time>
      </trkpt>
      <trkpt lat="50.914305" lon="14.025687">
        <ele>304.786847</ele>
        <time>2025-06-15T21:42:35.384Z</time>
      </trkpt>
      <trkpt lat="50.914292" lon="14.025776">
        <ele>304.912040</ele>
        <time>2025-06-15T21:42:36.507Z</time>
      </trkpt>
      <trkpt lat="50.913989" lon="14.025866">
        <ele>305.582066</ele>
        <time>2025-06-15T21:42:42.623Z</time>
      </trkpt>
      <trkpt lat="50.912766" lon="14.026233">
        <ele>309.235867</ele>
        <time>2025-06-15T21:43:10.224Z</time>
      </trkpt>
      <trkpt lat="50.912356" lon="14.026356">
        <ele>310.660889</ele>
        <time>2025-06-15T21:43:20.548Z</time>
      </trkpt>
      <trkpt lat="50.912000" lon="14.026460">
        <ele>311.897119</ele>
        <time>2025-06-15T21:43:29.744Z</time>
      </trkpt>
      <trkpt lat="50.911653" lon="14.026561">
        <ele>313.103855</ele>
        <time>2025-06-15T21:43:38.531Z</time>
      </trkpt>
      <trkpt lat="50.911268" lon="14.026677">
        <ele>314.449853</ele>
        <time>2025-06-15T21:43:47.879Z</time>
      </trkpt>
      <trkpt lat="50.911131" lon="14.026718">
        <ele>314.928706</ele>
        <time>2025-06-15T21:43:51.170Z</time>
      </trkpt>
      <trkpt lat="50.911059" lon="14.026832">
        <ele>315.278144</ele>
        <time>2025-06-15T21:43:53.544Z</time>
      </trkpt>
      <trkpt lat="50.911032" lon="14.026943">
        <ele>315.535799</ele>
        <time>2025-06-15T21:43:55.271Z</time>
      </trkpt>
      <trkpt lat="50.911083" lon="14.027316">
        <ele>316.362359</ele>
        <time>2025-06-15T21:44:01.018Z</time>
      </trkpt>
      <trkpt lat="50.911145" lon="14.027777">
        <ele>317.383180</ele>
        <time>2025-06-15T21:44:08.347Z</time>
      </trkpt>
      <trkpt lat="50.911162" lon="14.027924">
        <ele>317.706840</ele>
        <time>2025-06-15T21:44:10.647Z</time>
      </trkpt>
      <trkpt lat="50.910823" lon="14.028034">
        <ele>318.895312</ele>
        <time>2025-06-15T21:44:19.140Z</time>
      </trkpt>
      <trkpt lat="50.910755" lon="14.028050">
        <ele>318.925296</ele>
        <time>2025-06-15T21:44:20.664Z</time>
      </trkpt>
      <trkpt lat="50.910613" lon="14.028084">
        <ele>318.865962</ele>
        <time>2025-06-15T21:44:23.887Z</time>
      </trkpt>
      <trkpt lat="50.910378" lon="14.028077">
        <ele>318.768850</ele>
        <time>2025-06-15T21:44:28.808Z</time>
      </trkpt>
      <trkpt lat="50.910043" lon="14.028040">
        <ele>318.630104</ele>
        <time>2025-06-15T21:44:34.664Z</time>
      </trkpt>
      <trkpt lat="50.909894" lon="14.027932">
        <ele>318.562418</ele>
        <time>2025-06-15T21:44:37.021Z</time>
      </trkpt>
      <trkpt lat="50.909607" lon="14.027701">
        <ele>318.429442</ele>
        <time>2025-06-15T21:44:41.046Z</time>
      </trkpt>
      <trkpt lat="50.909492" lon="14.027625">
        <ele>318.377968</ele>
        <time>2025-06-15T21:44:42.487Z</time>
      </trkpt>
      <trkpt lat="50.909399" lon="14.027563">
        <ele>318.336286</ele>
        <time>2025-06-15T21:44:43.605Z</time>
      </trkpt>
      <trkpt lat="50.909186" lon="14.027422">
        <ele>318.240923</ele>
        <time>2025-06-15T21:44:46.045Z</time>
      </trkpt>
      <trkpt lat="50.909105" lon="14.027368">
        <ele>318.204620</ele>
        <time>2025-06-15T21:44:46.942Z</time>
      </trkpt>
      <trkpt lat="50.908961" lon="14.027273">
        <ele>317.212252</ele>
        <time>2025-06-15T21:44:48.511Z</time>
      </trkpt>
      <trkpt lat="50.908774" lon="14.027253">
        <ele>316.013969</ele>
        <time>2025-06-15T21:44:50.370Z</time>
      </trkpt>
      <trkpt lat="50.908547" lon="14.027273">
        <ele>314.560428</ele>
        <time>2025-06-15T21:44:52.572Z</time>
      </trkpt>
      <trkpt lat="50.908406" lon="14.027324">
        <ele>313.635808</ele>
        <time>2025-06-15T21:44:53.967Z</time>
      </trkpt>
      <trkpt lat="50.907009" lon="14.027864">
        <ele>304.320780</ele>
        <time>2025-06-15T21:45:07.407Z</time>
      </trkpt>
      <trkpt lat="50.906539" lon="14.027978">
        <ele>301.117055</ele>
        <time>2025-06-15T21:45:11.818Z</time>
      </trkpt>
      <trkpt lat="50.906205" lon="14.028143">
        <ele>298.759866</ele>
        <time>2025-06-15T21:45:14.914Z</time>
      </trkpt>
      <trkpt lat="50.906028" lon="14.028271">
        <ele>297.449071</ele>
        <time>2025-06-15T21:45:16.649Z</time>
      </trkpt>
      <trkpt lat="50.905739" lon="14.028532">
        <ele>295.208122</ele>
        <time>2025-06-15T21:45:19.694Z</time>
      </trkpt>
      <trkpt lat="50.905622" lon="14.028645">
        <ele>294.615325</ele>
        <time>2025-06-15T21:45:21.015Z</time>
      </trkpt>
      <trkpt lat="50.905502" lon="14.028780">
        <ele>294.713976</ele>
        <time>2025-06-15T21:45:22.491Z</time>
      </trkpt>
      <trkpt lat="50.905419" lon="14.028903">
        <ele>294.790145</ele>
        <time>2025-06-15T21:45:23.676Z</time>
      </trkpt>
      <trkpt lat="50.905146" lon="14.029008">
        <ele>294.978499</ele>
        <time>2025-06-15T21:45:26.923Z</time>
      </trkpt>
      <trkpt lat="50.905070" lon="14.029116">
        <ele>295.046924</ele>
        <time>2025-06-15T21:45:28.464Z</time>
      </trkpt>
      <trkpt lat="50.904895" lon="14.029569">
        <ele>295.271547</ele>
        <time>2025-06-15T21:45:34.420Z</time>
      </trkpt>
      <trkpt lat="50.904840" lon="14.029611">
        <ele>295.312478</ele>
        <time>2025-06-15T21:45:35.630Z</time>
      </trkpt>
      <trkpt lat="50.904759" lon="14.029618">
        <ele>295.366869</ele>
        <time>2025-06-15T21:45:37.266Z</time>
      </trkpt>
      <trkpt lat="50.904691" lon="14.029565">
        <ele>295.417672</ele>
        <time>2025-06-15T21:45:38.882Z</time>
      </trkpt>
      <trkpt lat="50.904611" lon="14.029441">
        <ele>295.492681</ele>
        <time>2025-06-15T21:45:41.486Z</time>
      </trkpt>
      <trkpt lat="50.904457" lon="14.029163">
        <ele>295.649139</ele>
        <time>2025-06-15T21:45:47.377Z</time>
      </trkpt>
      <trkpt lat="50.904255" lon="14.028755">
        <ele>296.344236</ele>
        <time>2025-06-15T21:45:56.961Z</time>
      </trkpt>
      <trkpt lat="50.904052" lon="14.028494">
        <ele>297.601597</ele>
        <time>2025-06-15T21:46:05.532Z</time>
      </trkpt>
      <trkpt lat="50.903885" lon="14.028300">
        <ele>298.597594</ele>
        <time>2025-06-15T21:46:12.527Z</time>
      </trkpt>
      <trkpt lat="50.903572" lon="14.028113">
        <ele>300.206829</ele>
        <time>2025-06-15T21:46:23.387Z</time>
      </trkpt>
      <trkpt lat="50.903050" lon="14.027983">
        <ele>302.749048</ele>
        <time>2025-06-15T21:46:38.752Z</time>
      </trkpt>
      <trkpt lat="50.902927" lon="14.027887">
        <ele>303.408621</ele>
        <time>2025-06-15T21:46:42.419Z</time>
      </trkpt>
      <trkpt lat="50.902244" lon="14.027275">
        <ele>306.082814</ele>
        <time>2025-06-15T21:47:02.822Z</time>
      </trkpt>
      <trkpt lat="50.901994" lon="14.026991">
        <ele>306.967876</ele>
        <time>2025-06-15T21:47:09.818Z</time>
      </trkpt>
      <trkpt lat="50.901847" lon="14.026914">
        <ele>307.413415</ele>
        <time>2025-06-15T21:47:13.062Z</time>
      </trkpt>
      <trkpt lat="50.901384" lon="14.026811">
        <ele>308.758941</ele>
        <time>2025-06-15T21:47:23.417Z</time>
      </trkpt>
      <trkpt lat="50.900485" lon="14.026689">
        <ele>310.847993</ele>
        <time>2025-06-15T21:47:43.057Z</time>
      </trkpt>
      <trkpt lat="50.900264" lon="14.026639">
        <ele>311.302395</ele>
        <time>2025-06-15T21:47:47.382Z</time>
      </trkpt>
      <trkpt lat="50.900062" lon="14.026547">
        <ele>311.730192</ele>
        <time>2025-06-15T21:47:51.399Z</time>
      </trkpt>
      <trkpt lat="50.899787" lon="14.026489">
        <ele>312.294886</ele>
        <time>2025-06-15T21:47:56.783Z</time>
      </trkpt>
      <trkpt lat="50.899373" lon="14.026471">
        <ele>313.137900</ele>
        <time>2025-06-15T21:48:05.081Z</time>
      </trkpt>
      <trkpt lat="50.898452" lon="14.026597">
        <ele>315.655537</ele>
        <time>2025-06-15T21:48:26.976Z</time>
      </trkpt>
      <trkpt lat="50.897769" lon="14.026745">
        <ele>317.572440</ele>
        <time>2025-06-15T21:48:44.000Z</time>
      </trkpt>
      <trkpt lat="50.897536" lon="14.026839">
        <ele>318.240998</ele>
        <time>2025-06-15T21:48:49.533Z</time>
      </trkpt>
      <trkpt lat="50.896502" lon="14.027382">
        <ele>320.626183</ele>
        <time>2025-06-15T21:49:12.179Z</time>
      </trkpt>
      <trkpt lat="50.896481" lon="14.027448">
        <ele>320.727882</ele>
        <time>2025-06-15T21:49:12.975Z</time>
      </trkpt>
      <trkpt lat="50.896306" lon="14.028006">
        <ele>321.585223</ele>
        <time>2025-06-15T21:49:20.031Z</time>
      </trkpt>
      <trkpt lat="50.896057" lon="14.028276">
        <ele>322.280257</ele>
        <time>2025-06-15T21:49:26.205Z</time>
      </trkpt>
      <trkpt lat="50.895519" lon="14.028490">
        <ele>324.738668</ele>
        <time>2025-06-15T21:49:39.267Z</time>
      </trkpt>
      <trkpt lat="50.894509" lon="14.028811">
        <ele>329.304227</ele>
        <time>2025-06-15T21:50:08.470Z</time>
      </trkpt>
      <trkpt lat="50.894206" lon="14.028967">
        <ele>330.977893</ele>
        <time>2025-06-15T21:50:19.014Z</time>
      </trkpt>
      <trkpt lat="50.893548" lon="14.029454">
        <ele>335.764883</ele>
        <time>2025-06-15T21:50:43.973Z</time>
      </trkpt>
      <trkpt lat="50.893454" lon="14.029497">
        <ele>336.409821</ele>
        <time>2025-06-15T21:50:47.407Z</time>
      </trkpt>
      <trkpt lat="50.893256" lon="14.029419">
        <ele>337.754749</ele>
        <time>2025-06-15T21:50:54.516Z</time>
      </trkpt>
      <trkpt lat="50.892954" lon="14.029413">
        <ele>339.745721</ele>
        <time>2025-06-15T21:51:04.853Z</time>
      </trkpt>
      <trkpt lat="50.892331" lon="14.029800">
        <ele>344.080728</ele>
        <time>2025-06-15T21:51:27.329Z</time>
      </trkpt>
      <trkpt lat="50.891983" lon="14.029936">
        <ele>346.358898</ele>
        <time>2025-06-15T21:51:39.248Z</time>
      </trkpt>
      <trkpt lat="50.891756" lon="14.029926">
        <ele>347.802310</ele>
        <time>2025-06-15T21:51:46.688Z</time>
      </trkpt>
      <trkpt lat="50.890243" lon="14.029864">
        <ele>356.843698</ele>
        <time>2025-06-15T21:52:36.237Z</time>
      </trkpt>
      <trkpt lat="50.889386" lon="14.029894">
        <ele>361.494750</ele>
        <time>2025-06-15T21:53:01.258Z</time>
      </trkpt>
      <trkpt lat="50.889343" lon="14.029896">
        <ele>361.728160</ele>
        <time>2025-06-15T21:53:02.467Z</time>
      </trkpt>
      <trkpt lat="50.888950" lon="14.029787">
        <ele>363.887939</ele>
        <time>2025-06-15T21:53:13.871Z</time>
      </trkpt>
      <trkpt lat="50.888862" lon="14.029749">
        <ele>364.379123</ele>
        <time>2025-06-15T21:53:16.474Z</time>
      </trkpt>
      <trkpt lat="50.888476" lon="14.029370">
        <ele>366.824339</ele>
        <time>2025-06-15T21:53:30.059Z</time>
      </trkpt>
      <trkpt lat="50.888149" lon="14.028734">
        <ele>369.611765</ele>
        <time>2025-06-15T21:53:46.364Z</time>
      </trkpt>
      <trkpt lat="50.887778" lon="14.027708">
        <ele>373.527406</ele>
        <time>2025-06-15T21:54:10.403Z</time>
      </trkpt>
      <trkpt lat="50.887660" lon="14.027497">
        <ele>374.348727</ele>
        <time>2025-06-15T21:54:16.131Z</time>
      </trkpt>
      <trkpt lat="50.887357" lon="14.027076">
        <ele>376.209109</ele>
        <time>2025-06-15T21:54:28.910Z</time>
      </trkpt>
      <trkpt lat="50.886498" lon="14.026450">
        <ele>380.574394</ele>
        <time>2025-06-15T21:54:56.592Z</time>
      </trkpt>
      <trkpt lat="50.886233" lon="14.026171">
        <ele>381.305578</ele>
        <time>2025-06-15T21:55:03.665Z</time>
      </trkpt>
      <trkpt lat="50.885996" lon="14.025956">
        <ele>381.438156</ele>
        <time>2025-06-15T21:55:08.528Z</time>
      </trkpt>
      <trkpt lat="50.885959" lon="14.025919">
        <ele>381.459396</ele>
        <time>2025-06-15T21:55:09.254Z</time>
      </trkpt>
      <trkpt lat="50.885817" lon="14.025785">
        <ele>381.539631</ele>
        <time>2025-06-15T21:55:11.456Z</time>
      </trkpt>
      <trkpt lat="50.885605" lon="14.025556">
        <ele>381.664187</ele>
        <time>2025-06-15T21:55:14.764Z</time>
      </trkpt>
      <trkpt lat="50.885500" lon="14.025642">
        <ele>381.721570</ele>
        <time>2025-06-15T21:55:16.275Z</time>
      </trkpt>
      <trkpt lat="50.885444" lon="14.025688">
        <ele>381.752192</ele>
        <time>2025-06-15T21:55:17.119Z</time>
      </trkpt>
      <trkpt lat="50.885137" lon="14.026062">
        <ele>381.940181</ele>
        <time>2025-06-15T21:55:21.804Z</time>
      </trkpt>
      <trkpt lat="50.884934" lon="14.026426">
        <ele>382.088991</ele>
        <time>2025-06-15T21:55:25.553Z</time>
      </trkpt>
      <trkpt lat="50.884421" lon="14.027383">
        <ele>381.856120</ele>
        <time>2025-06-15T21:55:36.075Z</time>
      </trkpt>
      <trkpt lat="50.884166" lon="14.027712">
        <ele>381.757349</ele>
        <time>2025-06-15T21:55:41.305Z</time>
      </trkpt>
      <trkpt lat="50.883995" lon="14.027829">
        <ele>381.701399</ele>
        <time>2025-06-15T21:55:44.175Z</time>
      </trkpt>
      <trkpt lat="50.883465" lon="14.028076">
        <ele>381.384426</ele>
        <time>2025-06-15T21:55:51.002Z</time>
      </trkpt>
      <trkpt lat="50.883316" lon="14.028208">
        <ele>380.860867</ele>
        <time>2025-06-15T21:55:52.881Z</time>
      </trkpt>
      <trkpt lat="50.883215" lon="14.028352">
        <ele>380.444189</ele>
        <time>2025-06-15T21:55:54.329Z</time>
      </trkpt>
      <trkpt lat="50.882292" lon="14.029708">
        <ele>376.584058</ele>
        <time>2025-06-15T21:56:07.209Z</time>
      </trkpt>
      <trkpt lat="50.882019" lon="14.030166">
        <ele>375.446022</ele>
        <time>2025-06-15T21:56:10.985Z</time>
      </trkpt>
      <trkpt lat="50.881795" lon="14.030539">
        <ele>374.570325</ele>
        <time>2025-06-15T21:56:14.047Z</time>
      </trkpt>
      <trkpt lat="50.881730" lon="14.030538">
        <ele>374.395122</ele>
        <time>2025-06-15T21:56:14.680Z</time>
      </trkpt>
      <trkpt lat="50.881555" lon="14.030533">
        <ele>373.923367</ele>
        <time>2025-06-15T21:56:16.392Z</time>
      </trkpt>
      <trkpt lat="50.881340" lon="14.030030">
        <ele>372.890181</ele>
        <time>2025-06-15T21:56:20.317Z</time>
      </trkpt>
      <trkpt lat="50.881235" lon="14.029782">
        <ele>372.382289</ele>
        <time>2025-06-15T21:56:22.413Z</time>
      </trkpt>
      <trkpt lat="50.881202" lon="14.029706">
        <ele>372.225398</ele>
        <time>2025-06-15T21:56:23.087Z</time>
      </trkpt>
      <trkpt lat="50.881079" lon="14.029749">
        <ele>371.885906</ele>
        <time>2025-06-15T21:56:25.724Z</time>
      </trkpt>
      <trkpt lat="50.880567" lon="14.029815">
        <ele>372.113923</ele>
        <time>2025-06-15T21:56:37.168Z</time>
      </trkpt>
      <trkpt lat="50.880284" lon="14.029699">
        <ele>373.178821</ele>
        <time>2025-06-15T21:56:45.898Z</time>
      </trkpt>
      <trkpt lat="50.879935" lon="14.029459">
        <ele>374.564759</ele>
        <time>2025-06-15T21:56:59.916Z</time>
      </trkpt>
      <trkpt lat="50.879814" lon="14.029433">
        <ele>375.009599</ele>
        <time>2025-06-15T21:57:04.630Z</time>
      </trkpt>
      <trkpt lat="50.879606" lon="14.029392">
        <ele>375.773187</ele>
        <time>2025-06-15T21:57:12.653Z</time>
      </trkpt>
      <trkpt lat="50.878922" lon="14.029145">
        <ele>378.535733</ele>
        <time>2025-06-15T21:57:39.172Z</time>
      </trkpt>
      <trkpt lat="50.878500" lon="14.028706">
        <ele>381.020189</ele>
        <time>2025-06-15T21:57:57.412Z</time>
      </trkpt>
      <trkpt lat="50.877936" lon="14.028344">
        <ele>384.015084</ele>
        <time>2025-06-15T21:58:19.811Z</time>
      </trkpt>
      <trkpt lat="50.877816" lon="14.028323">
        <ele>384.609289</ele>
        <time>2025-06-15T21:58:24.166Z</time>
      </trkpt>
      <trkpt lat="50.875306" lon="14.029007">
        <ele>397.800944</ele>
        <time>2025-06-15T22:00:00.087Z</time>
      </trkpt>
      <trkpt lat="50.873377" lon="14.029744">
        <ele>407.892967</ele>
        <time>2025-06-15T22:01:18.419Z</time>
      </trkpt>
      <trkpt lat="50.872821" lon="14.029917">
        <ele>410.013435</ele>
        <time>2025-06-15T22:01:39.098Z</time>
      </trkpt>
      <trkpt lat="50.872571" lon="14.030117">
        <ele>411.061480</ele>
        <time>2025-06-15T22:01:48.224Z</time>
      </trkpt>
      <trkpt lat="50.872540" lon="14.030070">
        <ele>411.222038</ele>
        <time>2025-06-15T22:01:49.533Z</time>
      </trkpt>
      <trkpt lat="50.871924" lon="14.029136">
        <ele>411.813298</ele>
        <time>2025-06-15T22:02:10.395Z</time>
      </trkpt>
      <trkpt lat="50.871581" lon="14.028540">
        <ele>410.929409</ele>
        <time>2025-06-15T22:02:20.120Z</time>
      </trkpt>
      <trkpt lat="50.871478" lon="14.028238">
        <ele>410.553241</ele>
        <time>2025-06-15T22:02:24.144Z</time>
      </trkpt>
      <trkpt lat="50.871378" lon="14.027829">
        <ele>410.072598</ele>
        <time>2025-06-15T22:02:29.235Z</time>
      </trkpt>
      <trkpt lat="50.871342" lon="14.026341">
        <ele>407.254443</ele>
        <time>2025-06-15T22:02:46.513Z</time>
      </trkpt>
      <trkpt lat="50.871310" lon="14.026223">
        <ele>406.958098</ele>
        <time>2025-06-15T22:02:47.981Z</time>
      </trkpt>
      <trkpt lat="50.871157" lon="14.026033">
        <ele>406.247364</ele>
        <time>2025-06-15T22:02:51.513Z</time>
      </trkpt>
      <trkpt lat="50.871032" lon="14.025878">
        <ele>405.667024</ele>
        <time>2025-06-15T22:02:54.380Z</time>
      </trkpt>
      <trkpt lat="50.870450" lon="14.025501">
        <ele>403.368113</ele>
        <time>2025-06-15T22:03:05.708Z</time>
      </trkpt>
      <trkpt lat="50.869916" lon="14.025296">
        <ele>401.096846</ele>
        <time>2025-06-15T22:03:15.496Z</time>
      </trkpt>
      <trkpt lat="50.869556" lon="14.024956">
        <ele>399.309837</ele>
        <time>2025-06-15T22:03:22.872Z</time>
      </trkpt>
      <trkpt lat="50.869262" lon="14.024535">
        <ele>397.620167</ele>
        <time>2025-06-15T22:03:29.873Z</time>
      </trkpt>
      <trkpt lat="50.869096" lon="14.024227">
        <ele>396.530236</ele>
        <time>2025-06-15T22:03:34.415Z</time>
      </trkpt>
      <trkpt lat="50.868194" lon="14.021928">
        <ele>388.850380</ele>
        <time>2025-06-15T22:04:04.456Z</time>
      </trkpt>
      <trkpt lat="50.868024" lon="14.021556">
        <ele>387.533332</ele>
        <time>2025-06-15T22:04:09.483Z</time>
      </trkpt>
      <trkpt lat="50.867791" lon="14.020468">
        <ele>384.877280</ele>
        <time>2025-06-15T22:04:22.126Z</time>
      </trkpt>
      <trkpt lat="50.867709" lon="14.020228">
        <ele>384.269618</ele>
        <time>2025-06-15T22:04:25.185Z</time>
      </trkpt>
      <trkpt lat="50.867568" lon="14.019982">
        <ele>383.529702</ele>
        <time>2025-06-15T22:04:28.961Z</time>
      </trkpt>
      <trkpt lat="50.867373" lon="14.019446">
        <ele>382.152160</ele>
        <time>2025-06-15T22:04:36.110Z</time>
      </trkpt>
      <trkpt lat="50.866492" lon="14.017725">
        <ele>380.300961</ele>
        <time>2025-06-15T22:05:04.175Z</time>
      </trkpt>
      <trkpt lat="50.866394" lon="14.017463">
        <ele>380.214768</ele>
        <time>2025-06-15T22:05:08.544Z</time>
      </trkpt>
      <trkpt lat="50.866202" lon="14.016563">
        <ele>379.945901</ele>
        <time>2025-06-15T22:05:23.513Z</time>
      </trkpt>
      <trkpt lat="50.866132" lon="14.016323">
        <ele>380.128278</ele>
        <time>2025-06-15T22:05:28.050Z</time>
      </trkpt>
      <trkpt lat="50.865973" lon="14.016078">
        <ele>380.382940</ele>
        <time>2025-06-15T22:05:34.305Z</time>
      </trkpt>
      <trkpt lat="50.865340" lon="14.015442">
        <ele>381.243575</ele>
        <time>2025-06-15T22:05:55.126Z</time>
      </trkpt>
      <trkpt lat="50.865152" lon="14.015144">
        <ele>381.548919</ele>
        <time>2025-06-15T22:06:02.030Z</time>
      </trkpt>
      <trkpt lat="50.865123" lon="14.015097">
        <ele>381.596552</ele>
        <time>2025-06-15T22:06:03.081Z</time>
      </trkpt>
      <trkpt lat="50.865177" lon="14.014692">
        <ele>381.896529</ele>
        <time>2025-06-15T22:06:07.064Z</time>
      </trkpt>
      <trkpt lat="50.865211" lon="14.014063">
        <ele>381.569559</ele>
        <time>2025-06-15T22:06:12.342Z</time>
      </trkpt>
      <trkpt lat="50.865364" lon="14.012239">
        <ele>379.875299</ele>
        <time>2025-06-15T22:06:25.442Z</time>
      </trkpt>
      <trkpt lat="50.865550" lon="14.010605">
        <ele>378.821746</ele>
        <time>2025-06-15T22:06:36.451Z</time>
      </trkpt>
      <trkpt lat="50.865571" lon="14.010218">
        <ele>378.627846</ele>
        <time>2025-06-15T22:06:39.273Z</time>
      </trkpt>
      <trkpt lat="50.865570" lon="14.009546">
        <ele>378.292388</ele>
        <time>2025-06-15T22:06:44.749Z</time>
      </trkpt>
      <trkpt lat="50.865594" lon="14.009382">
        <ele>378.208349</ele>
        <time>2025-06-15T22:06:46.305Z</time>
      </trkpt>
      <trkpt lat="50.865557" lon="14.009404">
        <ele>378.177091</ele>
        <time>2025-06-15T22:06:47.355Z</time>
      </trkpt>
      <trkpt lat="50.865496" lon="14.009438">
        <ele>378.125946</ele>
        <time>2025-06-15T22:06:48.993Z</time>
      </trkpt>
      <trkpt lat="50.865050" lon="14.009693">
        <ele>378.468443</ele>
        <time>2025-06-15T22:07:02.221Z</time>
      </trkpt>
      <trkpt lat="50.864523" lon="14.010084">
        <ele>379.573520</ele>
        <time>2025-06-15T22:07:20.539Z</time>
      </trkpt>
      <trkpt lat="50.864316" lon="14.010224">
        <ele>380.000935</ele>
        <time>2025-06-15T22:07:27.991Z</time>
      </trkpt>
      <trkpt lat="50.862264" lon="14.010688">
        <ele>381.720539</ele>
        <time>2025-06-15T22:08:20.063Z</time>
      </trkpt>
      <trkpt lat="50.861481" lon="14.011226">
        <ele>381.582000</ele>
        <time>2025-06-15T22:08:37.110Z</time>
      </trkpt>
      <trkpt lat="50.861024" lon="14.011638">
        <ele>381.251344</ele>
        <time>2025-06-15T22:08:47.394Z</time>
      </trkpt>
      <trkpt lat="50.860945" lon="14.011678">
        <ele>381.199189</ele>
        <time>2025-06-15T22:08:49.067Z</time>
      </trkpt>
      <trkpt lat="50.860819" lon="14.011647">
        <ele>381.119005</ele>
        <time>2025-06-15T22:08:51.668Z</time>
      </trkpt>
      <trkpt lat="50.860354" lon="14.011338">
        <ele>380.801908</ele>
        <time>2025-06-15T22:09:02.689Z</time>
      </trkpt>
      <trkpt lat="50.860113" lon="14.011246">
        <ele>380.993136</ele>
        <time>2025-06-15T22:09:09.036Z</time>
      </trkpt>
      <trkpt lat="50.859479" lon="14.010990">
        <ele>383.037868</ele>
        <time>2025-06-15T22:09:29.377Z</time>
      </trkpt>
      <trkpt lat="50.859142" lon="14.010825">
        <ele>384.140217</ele>
        <time>2025-06-15T22:09:41.389Z</time>
      </trkpt>
      <trkpt lat="50.859004" lon="14.010758">
        <ele>384.591296</ele>
        <time>2025-06-15T22:09:46.520Z</time>
      </trkpt>
      <trkpt lat="50.858877" lon="14.010658">
        <ele>385.034520</ele>
        <time>2025-06-15T22:09:51.601Z</time>
      </trkpt>
      <trkpt lat="50.855979" lon="14.010451">
        <ele>395.438038</ele>
        <time>2025-06-15T22:11:28.672Z</time>
      </trkpt>
      <trkpt lat="50.855842" lon="14.010476">
        <ele>395.904238</ele>
        <time>2025-06-15T22:11:33.386Z</time>
      </trkpt>
      <trkpt lat="50.854629" lon="14.010942">
        <ele>399.831037</ele>
        <time>2025-06-15T22:12:13.103Z</time>
      </trkpt>
      <trkpt lat="50.854354" lon="14.011076">
        <ele>400.499334</ele>
        <time>2025-06-15T22:12:21.258Z</time>
      </trkpt>
      <trkpt lat="50.854313" lon="14.011118">
        <ele>400.612746</ele>
        <time>2025-06-15T22:12:22.571Z</time>
      </trkpt>
      <trkpt lat="50.854224" lon="14.011211">
        <ele>400.860400</ele>
        <time>2025-06-15T22:12:25.685Z</time>
      </trkpt>
      <trkpt lat="50.854280" lon="14.011769">
        <ele>401.688896</ele>
        <time>2025-06-15T22:12:35.757Z</time>
      </trkpt>
      <trkpt lat="50.854280" lon="14.012069">
        <ele>402.128800</ele>
        <time>2025-06-15T22:12:41.047Z</time>
      </trkpt>
      <trkpt lat="50.854275" lon="14.012202">
        <ele>402.324170</ele>
        <time>2025-06-15T22:12:43.428Z</time>
      </trkpt>
      <trkpt lat="50.854196" lon="14.012445">
        <ele>402.724966</ele>
        <time>2025-06-15T22:12:48.143Z</time>
      </trkpt>
      <trkpt lat="50.853784" lon="14.012823">
        <ele>403.951822</ele>
        <time>2025-06-15T22:13:01.497Z</time>
      </trkpt>
      <trkpt lat="50.851433" lon="14.015312">
        <ele>412.071420</ele>
        <time>2025-06-15T22:14:31.162Z</time>
      </trkpt>
      <trkpt lat="50.850627" lon="14.016097">
        <ele>414.197544</ele>
        <time>2025-06-15T22:14:58.700Z</time>
      </trkpt>
      <trkpt lat="50.848050" lon="14.021641">
        <ele>419.268587</ele>
        <time>2025-06-15T22:16:52.126Z</time>
      </trkpt>
      <trkpt lat="50.846987" lon="14.023987">
        <ele>420.193496</ele>
        <time>2025-06-15T22:17:30.141Z</time>
      </trkpt>
      <trkpt lat="50.846935" lon="14.024103">
        <ele>420.241484</ele>
        <time>2025-06-15T22:17:32.328Z</time>
      </trkpt>
      <trkpt lat="50.846659" lon="14.023871">
        <ele>420.408416</ele>
        <time>2025-06-15T22:17:38.147Z</time>
      </trkpt>
      <trkpt lat="50.846168" lon="14.023606">
        <ele>421.755788</ele>
        <time>2025-06-15T22:17:50.729Z</time>
      </trkpt>
      <trkpt lat="50.845886" lon="14.023387">
        <ele>423.155007</ele>
        <time>2025-06-15T22:17:59.397Z</time>
      </trkpt>
      <trkpt lat="50.845601" lon="14.022844">
        <ele>425.141236</ele>
        <time>2025-06-15T22:18:12.713Z</time>
      </trkpt>
      <trkpt lat="50.844236" lon="14.019994">
        <ele>434.812676</ele>
        <time>2025-06-15T22:19:13.702Z</time>
      </trkpt>
      <trkpt lat="50.844018" lon="14.019555">
        <ele>436.268513</ele>
        <time>2025-06-15T22:19:21.628Z</time>
      </trkpt>
      <trkpt lat="50.843937" lon="14.019535">
        <ele>436.572299</ele>
        <time>2025-06-15T22:19:24.135Z</time>
      </trkpt>
      <trkpt lat="50.842677" lon="14.019225">
        <ele>441.297468</ele>
        <time>2025-06-15T22:20:04.316Z</time>
      </trkpt>
      <trkpt lat="50.842675" lon="14.019347">
        <ele>441.583039</ele>
        <time>2025-06-15T22:20:06.262Z</time>
      </trkpt>
      <trkpt lat="50.842593" lon="14.019353">
        <ele>441.887229</ele>
        <time>2025-06-15T22:20:09.161Z</time>
      </trkpt>
      <trkpt lat="50.842371" lon="14.019370">
        <ele>442.710852</ele>
        <time>2025-06-15T22:20:17.162Z</time>
      </trkpt>
      <trkpt lat="50.840676" lon="14.019929">
        <ele>451.984360</ele>
        <time>2025-06-15T22:21:26.267Z</time>
      </trkpt>
      <trkpt lat="50.837044" lon="14.021540">
        <ele>467.641341</ele>
        <time>2025-06-15T22:23:36.939Z</time>
      </trkpt>
      <trkpt lat="50.835556" lon="14.021757">
        <ele>471.918536</ele>
        <time>2025-06-15T22:24:22.602Z</time>
      </trkpt>
      <trkpt lat="50.835455" lon="14.021771">
        <ele>472.208738</ele>
        <time>2025-06-15T22:24:25.550Z</time>
      </trkpt>
      <trkpt lat="50.833590" lon="14.022023">
        <ele>476.182204</ele>
        <time>2025-06-15T22:25:18.553Z</time>
      </trkpt>
      <trkpt lat="50.833308" lon="14.022099">
        <ele>476.797630</ele>
        <time>2025-06-15T22:25:26.534Z</time>
      </trkpt>
      <trkpt lat="50.831573" lon="14.023957">
        <ele>481.823384</ele>
        <time>2025-06-15T22:26:26.932Z</time>
      </trkpt>
      <trkpt lat="50.829071" lon="14.026602">
        <ele>491.373269</ele>
        <time>2025-06-15T22:28:05.164Z</time>
      </trkpt>
      <trkpt lat="50.829047" lon="14.026646">
        <ele>491.492504</ele>
        <time>2025-06-15T22:28:06.329Z</time>
      </trkpt>
      <trkpt lat="50.829071" lon="14.026602">
        <ele>491.569221</ele>
        <time>2025-06-15T22:28:07.358Z</time>
      </trkpt>
      <trkpt lat="50.824779" lon="14.029046">
        <ele>499.298304</ele>
        <time>2025-06-15T22:30:13.035Z</time>
      </trkpt>
      <trkpt lat="50.824589" lon="14.029108">
        <ele>499.505965</ele>
        <time>2025-06-15T22:30:17.768Z</time>
      </trkpt>
      <trkpt lat="50.820533" lon="14.030440">
        <ele>500.523854</ele>
        <time>2025-06-15T22:31:49.710Z</time>
      </trkpt>
      <trkpt lat="50.820023" lon="14.030559">
        <ele>501.313229</ele>
        <time>2025-06-15T22:32:03.386Z</time>
      </trkpt>
      <trkpt lat="50.819552" lon="14.030795">
        <ele>502.162853</ele>
        <time>2025-06-15T22:32:18.442Z</time>
      </trkpt>
      <trkpt lat="50.818699" lon="14.031058">
        <ele>503.618130</ele>
        <time>2025-06-15T22:32:43.564Z</time>
      </trkpt>
      <trkpt lat="50.818662" lon="14.031069">
        <ele>503.585156</ele>
        <time>2025-06-15T22:32:44.560Z</time>
      </trkpt>
      <trkpt lat="50.818373" lon="14.031555">
        <ele>503.215834</ele>
        <time>2025-06-15T22:32:54.897Z</time>
      </trkpt>
      <trkpt lat="50.817299" lon="14.033289">
        <ele>502.123841</ele>
        <time>2025-06-15T22:33:24.903Z</time>
      </trkpt>
      <trkpt lat="50.817081" lon="14.033536">
        <ele>502.210491</ele>
        <time>2025-06-15T22:33:30.357Z</time>
      </trkpt>
      <trkpt lat="50.814063" lon="14.034604">
        <ele>505.509395</ele>
        <time>2025-06-15T22:34:49.996Z</time>
      </trkpt>
      <trkpt lat="50.814012" lon="14.034622">
        <ele>505.661766</ele>
        <time>2025-06-15T22:34:51.643Z</time>
      </trkpt>
      <trkpt lat="50.812052" lon="14.033082">
        <ele>515.069088</ele>
        <time>2025-06-15T22:35:51.773Z</time>
      </trkpt>
      <trkpt lat="50.811797" lon="14.032759">
        <ele>516.510671</ele>
        <time>2025-06-15T22:36:01.223Z</time>
      </trkpt>
      <trkpt lat="50.811634" lon="14.032362">
        <ele>517.831061</ele>
        <time>2025-06-15T22:36:09.536Z</time>
      </trkpt>
      <trkpt lat="50.811286" lon="14.031110">
        <ele>521.787008</ele>
        <time>2025-06-15T22:36:32.825Z</time>
      </trkpt>
      <trkpt lat="50.810996" lon="14.030621">
        <ele>524.219690</ele>
        <time>2025-06-15T22:36:44.755Z</time>
      </trkpt>
      <trkpt lat="50.810719" lon="14.030370">
        <ele>526.052072</ele>
        <time>2025-06-15T22:36:54.609Z</time>
      </trkpt>
      <trkpt lat="50.810205" lon="14.030209">
        <ele>529.060024</ele>
        <time>2025-06-15T22:37:12.604Z</time>
      </trkpt>
      <trkpt lat="50.809582" lon="14.030325">
        <ele>532.492819</ele>
        <time>2025-06-15T22:37:35.390Z</time>
      </trkpt>
      <trkpt lat="50.809274" lon="14.030283">
        <ele>534.010041</ele>
        <time>2025-06-15T22:37:46.241Z</time>
      </trkpt>
      <trkpt lat="50.808933" lon="14.030026">
        <ele>535.863724</ele>
        <time>2025-06-15T22:37:58.604Z</time>
      </trkpt>
      <trkpt lat="50.807542" lon="14.028848">
        <ele>541.396623</ele>
        <time>2025-06-15T22:38:37.875Z</time>
      </trkpt>
      <trkpt lat="50.807394" lon="14.028644">
        <ele>541.710509</ele>
        <time>2025-06-15T22:38:41.563Z</time>
      </trkpt>
      <trkpt lat="50.806317" lon="14.026285">
        <ele>543.848094</ele>
        <time>2025-06-15T22:39:10.892Z</time>
      </trkpt>
      <trkpt lat="50.806195" lon="14.026183">
        <ele>543.946201</ele>
        <time>2025-06-15T22:39:14.321Z</time>
      </trkpt>
      <trkpt lat="50.806007" lon="14.026131">
        <ele>544.081899</ele>
        <time>2025-06-15T22:39:19.204Z</time>
      </trkpt>
      <trkpt lat="50.805134" lon="14.026119">
        <ele>544.001293</ele>
        <time>2025-06-15T22:39:41.775Z</time>
      </trkpt>
      <trkpt lat="50.805035" lon="14.026072">
        <ele>543.839345</ele>
        <time>2025-06-15T22:39:44.298Z</time>
      </trkpt>
      <trkpt lat="50.804858" lon="14.025896">
        <ele>543.511804</ele>
        <time>2025-06-15T22:39:49.236Z</time>
      </trkpt>
      <trkpt lat="50.804763" lon="14.025666">
        <ele>543.239732</ele>
        <time>2025-06-15T22:39:53.080Z</time>
      </trkpt>
      <trkpt lat="50.804768" lon="14.025631">
        <ele>543.204201</ele>
        <time>2025-06-15T22:39:53.563Z</time>
      </trkpt>
      <trkpt lat="50.805022" lon="14.024220">
        <ele>541.751473</ele>
        <time>2025-06-15T22:40:11.450Z</time>
      </trkpt>
      <trkpt lat="50.805336" lon="14.023168">
        <ele>536.169127</ele>
        <time>2025-06-15T22:40:23.500Z</time>
      </trkpt>
      <trkpt lat="50.805371" lon="14.022822">
        <ele>534.380272</ele>
        <time>2025-06-15T22:40:26.985Z</time>
      </trkpt>
      <trkpt lat="50.805205" lon="14.021716">
        <ele>528.576946</ele>
        <time>2025-06-15T22:40:38.067Z</time>
      </trkpt>
      <trkpt lat="50.805167" lon="14.019970">
        <ele>519.946244</ele>
        <time>2025-06-15T22:40:55.304Z</time>
      </trkpt>
      <trkpt lat="50.805127" lon="14.019724">
        <ele>518.699446</ele>
        <time>2025-06-15T22:40:57.930Z</time>
      </trkpt>
      <trkpt lat="50.805086" lon="14.019559">
        <ele>517.829201</ele>
        <time>2025-06-15T22:40:59.771Z</time>
      </trkpt>
      <trkpt lat="50.804799" lon="14.018867">
        <ele>513.766429</ele>
        <time>2025-06-15T22:41:08.562Z</time>
      </trkpt>
      <trkpt lat="50.804301" lon="14.018242">
        <ele>508.917760</ele>
        <time>2025-06-15T22:41:19.553Z</time>
      </trkpt>
      <trkpt lat="50.803963" lon="14.018019">
        <ele>506.131305</ele>
        <time>2025-06-15T22:41:23.061Z</time>
      </trkpt>
      <trkpt lat="50.803765" lon="14.018059">
        <ele>504.612489</ele>
        <time>2025-06-15T22:41:24.846Z</time>
      </trkpt>
      <trkpt lat="50.803721" lon="14.017908">
        <ele>503.812902</ele>
        <time>2025-06-15T22:41:26.521Z</time>
      </trkpt>
      <trkpt lat="50.803767" lon="14.017800">
        <ele>503.186620</ele>
        <time>2025-06-15T22:41:27.846Z</time>
      </trkpt>
      <trkpt lat="50.803891" lon="14.017603">
        <ele>501.849591</ele>
        <time>2025-06-15T22:41:29.364Z</time>
      </trkpt>
      <trkpt lat="50.804080" lon="14.016668">
        <ele>495.674825</ele>
        <time>2025-06-15T22:41:34.594Z</time>
      </trkpt>
      <trkpt lat="50.804081" lon="14.016359">
        <ele>493.269654</ele>
        <time>2025-06-15T22:41:36.198Z</time>
      </trkpt>
      <trkpt lat="50.804008" lon="14.016137">
        <ele>491.321774</ele>
        <time>2025-06-15T22:41:37.492Z</time>
      </trkpt>
      <trkpt lat="50.803966" lon="14.015871">
        <ele>489.187684</ele>
        <time>2025-06-15T22:41:38.900Z</time>
      </trkpt>
      <trkpt lat="50.803973" lon="14.015802">
        <ele>488.643737</ele>
        <time>2025-06-15T22:41:39.262Z</time>
      </trkpt>
      <trkpt lat="50.804057" lon="14.015596">
        <ele>486.735511</ele>
        <time>2025-06-15T22:41:40.521Z</time>
      </trkpt>
      <trkpt lat="50.804069" lon="14.015415">
        <ele>485.318943</ele>
        <time>2025-06-15T22:41:41.459Z</time>
      </trkpt>
      <trkpt lat="50.804006" lon="14.014082">
        <ele>475.796620</ele>
        <time>2025-06-15T22:41:48.430Z</time>
      </trkpt>
      <trkpt lat="50.804049" lon="14.013837">
        <ele>474.541205</ele>
        <time>2025-06-15T22:41:49.794Z</time>
      </trkpt>
      <trkpt lat="50.804150" lon="14.013415">
        <ele>472.313266</ele>
        <time>2025-06-15T22:41:52.225Z</time>
      </trkpt>
      <trkpt lat="50.804253" lon="14.013227">
        <ele>471.084819</ele>
        <time>2025-06-15T22:41:53.580Z</time>
      </trkpt>
      <trkpt lat="50.804527" lon="14.012862">
        <ele>468.286644</ele>
        <time>2025-06-15T22:41:56.757Z</time>
      </trkpt>
      <trkpt lat="50.804688" lon="14.012754">
        <ele>466.920481</ele>
        <time>2025-06-15T22:41:58.382Z</time>
      </trkpt>
      <trkpt lat="50.804545" lon="14.012148">
        <ele>463.726754</ele>
        <time>2025-06-15T22:42:02.561Z</time>
      </trkpt>
      <trkpt lat="50.804525" lon="14.011879">
        <ele>463.035412</ele>
        <time>2025-06-15T22:42:04.392Z</time>
      </trkpt>
      <trkpt lat="50.804633" lon="14.011389">
        <ele>462.341986</ele>
        <time>2025-06-15T22:42:07.870Z</time>
      </trkpt>
      <trkpt lat="50.804625" lon="14.011006">
        <ele>461.829936</ele>
        <time>2025-06-15T22:42:10.460Z</time>
      </trkpt>
      <trkpt lat="50.804661" lon="14.010643">
        <ele>461.338953</ele>
        <time>2025-06-15T22:42:12.990Z</time>
      </trkpt>
      <trkpt lat="50.804837" lon="14.009991">
        <ele>460.391593</ele>
        <time>2025-06-15T22:42:18.373Z</time>
      </trkpt>
      <trkpt lat="50.804940" lon="14.009806">
        <ele>460.062146</ele>
        <time>2025-06-15T22:42:20.316Z</time>
      </trkpt>
      <trkpt lat="50.805120" lon="14.009573">
        <ele>459.570437</ele>
        <time>2025-06-15T22:42:23.148Z</time>
      </trkpt>
      <trkpt lat="50.805195" lon="14.009411">
        <ele>459.244714</ele>
        <time>2025-06-15T22:42:24.606Z</time>
      </trkpt>
      <trkpt lat="50.805305" lon="14.008773">
        <ele>458.062732</ele>
        <time>2025-06-15T22:42:29.163Z</time>
      </trkpt>
      <trkpt lat="50.805461" lon="14.008216">
        <ele>456.973816</ele>
        <time>2025-06-15T22:42:36.357Z</time>
      </trkpt>
      <trkpt lat="50.805755" lon="14.007837">
        <ele>455.901326</ele>
        <time>2025-06-15T22:42:43.313Z</time>
      </trkpt>
      <trkpt lat="50.805875" lon="14.007532">
        <ele>455.259188</ele>
        <time>2025-06-15T22:42:47.495Z</time>
      </trkpt>
      <trkpt lat="50.806182" lon="14.007124">
        <ele>454.089746</ele>
        <time>2025-06-15T22:42:54.734Z</time>
      </trkpt>
      <trkpt lat="50.806481" lon="14.006887">
        <ele>453.014403</ele>
        <time>2025-06-15T22:43:00.691Z</time>
      </trkpt>
      <trkpt lat="50.806629" lon="14.006675">
        <ele>452.372469</ele>
        <time>2025-06-15T22:43:04.287Z</time>
      </trkpt>
      <trkpt lat="50.806773" lon="14.006468">
        <ele>451.746889</ele>
        <time>2025-06-15T22:43:07.842Z</time>
      </trkpt>
      <trkpt lat="50.806962" lon="14.006089">
        <ele>450.765821</ele>
        <time>2025-06-15T22:43:13.489Z</time>
      </trkpt>
      <trkpt lat="50.807268" lon="14.005281">
        <ele>448.851654</ele>
        <time>2025-06-15T22:43:24.713Z</time>
      </trkpt>
      <trkpt lat="50.807623" lon="14.004783">
        <ele>447.752272</ele>
        <time>2025-06-15T22:43:33.704Z</time>
      </trkpt>
      <trkpt lat="50.807899" lon="14.004502">
        <ele>447.049581</ele>
        <time>2025-06-15T22:43:39.917Z</time>
      </trkpt>
      <trkpt lat="50.808399" lon="14.003594">
        <ele>445.420039</ele>
        <time>2025-06-15T22:43:54.466Z</time>
      </trkpt>
      <trkpt lat="50.808479" lon="14.003226">
        <ele>444.893493</ele>
        <time>2025-06-15T22:43:59.300Z</time>
      </trkpt>
      <trkpt lat="50.808690" lon="14.002826">
        <ele>445.387175</ele>
        <time>2025-06-15T22:44:06.120Z</time>
      </trkpt>
      <trkpt lat="50.808996" lon="14.001928">
        <ele>446.952109</ele>
        <time>2025-06-15T22:44:22.111Z</time>
      </trkpt>
      <trkpt lat="50.809169" lon="14.000974">
        <ele>448.474489</ele>
        <time>2025-06-15T22:44:43.334Z</time>
      </trkpt>
      <trkpt lat="50.809192" lon="14.000636">
        <ele>448.995935</ele>
        <time>2025-06-15T22:44:51.755Z</time>
      </trkpt>
      <trkpt lat="50.809677" lon="13.998764">
        <ele>457.949776</ele>
        <time>2025-06-15T22:45:48.434Z</time>
      </trkpt>
      <trkpt lat="50.809756" lon="13.998258">
        <ele>460.317207</ele>
        <time>2025-06-15T22:46:03.535Z</time>
      </trkpt>
      <trkpt lat="50.809664" lon="13.996894">
        <ele>466.464768</ele>
        <time>2025-06-15T22:46:42.942Z</time>
      </trkpt>
      <trkpt lat="50.809606" lon="13.996160">
        <ele>469.762656</ele>
        <time>2025-06-15T22:47:03.524Z</time>
      </trkpt>
      <trkpt lat="50.809430" lon="13.995737">
        <ele>472.020633</ele>
        <time>2025-06-15T22:47:17.205Z</time>
      </trkpt>
      <trkpt lat="50.809099" lon="13.994661">
        <ele>476.853245</ele>
        <time>2025-06-15T22:47:47.975Z</time>
      </trkpt>
      <trkpt lat="50.808810" lon="13.994185">
        <ele>479.231621</ele>
        <time>2025-06-15T22:48:04.206Z</time>
      </trkpt>
      <trkpt lat="50.808636" lon="13.993822">
        <ele>480.873236</ele>
        <time>2025-06-15T22:48:15.544Z</time>
      </trkpt>
      <trkpt lat="50.808516" lon="13.993280">
        <ele>482.942483</ele>
        <time>2025-06-15T22:48:29.748Z</time>
      </trkpt>
      <trkpt lat="50.808425" lon="13.992729">
        <ele>484.993512</ele>
        <time>2025-06-15T22:48:43.615Z</time>
      </trkpt>
      <trkpt lat="50.808407" lon="13.992175">
        <ele>486.483459</ele>
        <time>2025-06-15T22:48:56.985Z</time>
      </trkpt>
      <trkpt lat="50.808403" lon="13.991675">
        <ele>487.826510</ele>
        <time>2025-06-15T22:49:08.856Z</time>
      </trkpt>
      <trkpt lat="50.808364" lon="13.991382">
        <ele>488.630744</ele>
        <time>2025-06-15T22:49:15.741Z</time>
      </trkpt>
      <trkpt lat="50.808071" lon="13.990036">
        <ele>492.454453</ele>
        <time>2025-06-15T22:49:45.633Z</time>
      </trkpt>
      <trkpt lat="50.808067" lon="13.989811">
        <ele>492.838237</ele>
        <time>2025-06-15T22:49:50.053Z</time>
      </trkpt>
      <trkpt lat="50.808033" lon="13.989709">
        <ele>492.986433</ele>
        <time>2025-06-15T22:49:52.307Z</time>
      </trkpt>
      <trkpt lat="50.807969" lon="13.989518">
        <ele>493.264256</ele>
        <time>2025-06-15T22:49:56.516Z</time>
      </trkpt>
      <trkpt lat="50.807790" lon="13.989235">
        <ele>493.778816</ele>
        <time>2025-06-15T22:50:04.167Z</time>
      </trkpt>
      <trkpt lat="50.807737" lon="13.988763">
        <ele>494.394880</ele>
        <time>2025-06-15T22:50:13.038Z</time>
      </trkpt>
      <trkpt lat="50.807411" lon="13.987732">
        <ele>495.876420</ele>
        <time>2025-06-15T22:50:32.533Z</time>
      </trkpt>
      <trkpt lat="50.807273" lon="13.987520">
        <ele>496.267550</ele>
        <time>2025-06-15T22:50:37.450Z</time>
      </trkpt>
      <trkpt lat="50.807064" lon="13.987019">
        <ele>496.404489</ele>
        <time>2025-06-15T22:50:46.845Z</time>
      </trkpt>
      <trkpt lat="50.806888" lon="13.986783">
        <ele>496.474363</ele>
        <time>2025-06-15T22:50:52.281Z</time>
      </trkpt>
      <trkpt lat="50.806685" lon="13.986558">
        <ele>496.549431</ele>
        <time>2025-06-15T22:50:57.859Z</time>
      </trkpt>
      <trkpt lat="50.806345" lon="13.986284">
        <ele>496.664999</ele>
        <time>2025-06-15T22:51:06.169Z</time>
      </trkpt>
      <trkpt lat="50.806200" lon="13.986059">
        <ele>496.726510</ele>
        <time>2025-06-15T22:51:10.539Z</time>
      </trkpt>
      <trkpt lat="50.805844" lon="13.985651">
        <ele>496.925252</ele>
        <time>2025-06-15T22:51:20.267Z</time>
      </trkpt>
      <trkpt lat="50.805443" lon="13.985362">
        <ele>497.467502</ele>
        <time>2025-06-15T22:51:30.739Z</time>
      </trkpt>
      <trkpt lat="50.805312" lon="13.985090">
        <ele>497.733463</ele>
        <time>2025-06-15T22:51:36.037Z</time>
      </trkpt>
      <trkpt lat="50.805271" lon="13.985161">
        <ele>497.808260</ele>
        <time>2025-06-15T22:51:37.621Z</time>
      </trkpt>
      <trkpt lat="50.805258" lon="13.985185">
        <ele>497.832843</ele>
        <time>2025-06-15T22:51:38.138Z</time>
      </trkpt>
      <trkpt lat="50.805164" lon="13.985261">
        <ele>497.962746</ele>
        <time>2025-06-15T22:51:40.824Z</time>
      </trkpt>
      <trkpt lat="50.804917" lon="13.985405">
        <ele>498.286682</ele>
        <time>2025-06-15T22:51:47.803Z</time>
      </trkpt>
      <trkpt lat="50.804452" lon="13.985610">
        <ele>498.880714</ele>
        <time>2025-06-15T22:52:01.326Z</time>
      </trkpt>
      <trkpt lat="50.803699" lon="13.986243">
        <ele>500.789340</ele>
        <time>2025-06-15T22:52:26.693Z</time>
      </trkpt>
      <trkpt lat="50.803579" lon="13.986315">
        <ele>501.101787</ele>
        <time>2025-06-15T22:52:30.655Z</time>
      </trkpt>
      <trkpt lat="50.803291" lon="13.986389">
        <ele>501.812129</ele>
        <time>2025-06-15T22:52:39.648Z</time>
      </trkpt>
      <trkpt lat="50.803182" lon="13.986551">
        <ele>502.176201</ele>
        <time>2025-06-15T22:52:44.184Z</time>
      </trkpt>
      <trkpt lat="50.802994" lon="13.986541">
        <ele>502.634160</ele>
        <time>2025-06-15T22:52:49.864Z</time>
      </trkpt>
      <trkpt lat="50.802547" lon="13.986518">
        <ele>503.579681</ele>
        <time>2025-06-15T22:53:02.867Z</time>
      </trkpt>
      <trkpt lat="50.802255" lon="13.986588">
        <ele>503.946280</ele>
        <time>2025-06-15T22:53:11.081Z</time>
      </trkpt>
      <trkpt lat="50.801926" lon="13.986824">
        <ele>504.394679</ele>
        <time>2025-06-15T22:53:20.983Z</time>
      </trkpt>
      <trkpt lat="50.801580" lon="13.987237">
        <ele>504.932678</ele>
        <time>2025-06-15T22:53:31.990Z</time>
      </trkpt>
      <trkpt lat="50.801424" lon="13.987350">
        <ele>505.145650</ele>
        <time>2025-06-15T22:53:36.034Z</time>
      </trkpt>
      <trkpt lat="50.800960" lon="13.987301">
        <ele>505.760903</ele>
        <time>2025-06-15T22:53:46.731Z</time>
      </trkpt>
      <trkpt lat="50.800380" lon="13.987344">
        <ele>506.941053</ele>
        <time>2025-06-15T22:54:00.142Z</time>
      </trkpt>
      <trkpt lat="50.799427" lon="13.987489">
        <ele>508.886972</ele>
        <time>2025-06-15T22:54:27.277Z</time>
      </trkpt>
      <trkpt lat="50.799132" lon="13.987355">
        <ele>509.998841</ele>
        <time>2025-06-15T22:54:38.049Z</time>
      </trkpt>
      <trkpt lat="50.798820" lon="13.987071">
        <ele>512.592627</ele>
        <time>2025-06-15T22:54:52.149Z</time>
      </trkpt>
      <trkpt lat="50.798373" lon="13.986545">
        <ele>516.606910</ele>
        <time>2025-06-15T22:55:16.943Z</time>
      </trkpt>
      <trkpt lat="50.797759" lon="13.985437">
        <ele>523.315183</ele>
        <time>2025-06-15T22:56:02.766Z</time>
      </trkpt>
      <trkpt lat="50.797546" lon="13.985217">
        <ele>525.142706</ele>
        <time>2025-06-15T22:56:15.557Z</time>
      </trkpt>
      <trkpt lat="50.796751" lon="13.984863">
        <ele>531.076263</ele>
        <time>2025-06-15T22:56:54.123Z</time>
      </trkpt>
      <trkpt lat="50.796556" lon="13.984729">
        <ele>532.603680</ele>
        <time>2025-06-15T22:57:03.099Z</time>
      </trkpt>
      <trkpt lat="50.796515" lon="13.984539">
        <ele>533.515391</ele>
        <time>2025-06-15T22:57:08.287Z</time>
      </trkpt>
      <trkpt lat="50.796544" lon="13.980582">
        <ele>539.415909</ele>
        <time>2025-06-15T22:58:27.864Z</time>
      </trkpt>
      <trkpt lat="50.796498" lon="13.980443">
        <ele>539.054133</ele>
        <time>2025-06-15T22:58:29.880Z</time>
      </trkpt>
      <trkpt lat="50.796411" lon="13.980314">
        <ele>538.619163</ele>
        <time>2025-06-15T22:58:32.191Z</time>
      </trkpt>
      <trkpt lat="50.796308" lon="13.980255">
        <ele>538.219554</ele>
        <time>2025-06-15T22:58:34.256Z</time>
      </trkpt>
      <trkpt lat="50.795749" lon="13.980113">
        <ele>536.154230</ele>
        <time>2025-06-15T22:58:43.910Z</time>
      </trkpt>
      <trkpt lat="50.795750" lon="13.980095">
        <ele>536.112565</ele>
        <time>2025-06-15T22:58:44.094Z</time>
      </trkpt>
      <trkpt lat="50.795816" lon="13.978815">
        <ele>532.005572</ele>
        <time>2025-06-15T22:58:56.691Z</time>
      </trkpt>
      <trkpt lat="50.795783" lon="13.978418">
        <ele>530.332005</ele>
        <time>2025-06-15T22:59:00.561Z</time>
      </trkpt>
      <trkpt lat="50.795672" lon="13.978072">
        <ele>528.710282</ele>
        <time>2025-06-15T22:59:04.371Z</time>
      </trkpt>
      <trkpt lat="50.795118" lon="13.977468">
        <ele>524.261450</ele>
        <time>2025-06-15T22:59:15.683Z</time>
      </trkpt>
      <trkpt lat="50.795049" lon="13.977184">
        <ele>522.989776</ele>
        <time>2025-06-15T22:59:19.324Z</time>
      </trkpt>
      <trkpt lat="50.794988" lon="13.977214">
        <ele>522.708746</ele>
        <time>2025-06-15T22:59:20.066Z</time>
      </trkpt>
      <trkpt lat="50.794935" lon="13.977239">
        <ele>522.856419</ele>
        <time>2025-06-15T22:59:20.707Z</time>
      </trkpt>
      <trkpt lat="50.794841" lon="13.977290">
        <ele>523.121761</ele>
        <time>2025-06-15T22:59:21.972Z</time>
      </trkpt>
      <trkpt lat="50.794533" lon="13.977443">
        <ele>523.983750</ele>
        <time>2025-06-15T22:59:27.223Z</time>
      </trkpt>
      <trkpt lat="50.794216" lon="13.977540">
        <ele>524.845869</ele>
        <time>2025-06-15T22:59:34.464Z</time>
      </trkpt>
      <trkpt lat="50.793870" lon="13.977594">
        <ele>525.774218</ele>
        <time>2025-06-15T22:59:44.274Z</time>
      </trkpt>
      <trkpt lat="50.793742" lon="13.977576">
        <ele>526.117342</ele>
        <time>2025-06-15T22:59:47.980Z</time>
      </trkpt>
      <trkpt lat="50.793559" lon="13.977468">
        <ele>526.638870</ele>
        <time>2025-06-15T22:59:53.441Z</time>
      </trkpt>
      <trkpt lat="50.792991" lon="13.977059">
        <ele>528.585620</ele>
        <time>2025-06-15T23:00:10.903Z</time>
      </trkpt>
      <trkpt lat="50.792742" lon="13.976770">
        <ele>529.687295</ele>
        <time>2025-06-15T23:00:19.377Z</time>
      </trkpt>
      <trkpt lat="50.792311" lon="13.976258">
        <ele>531.610025</ele>
        <time>2025-06-15T23:00:33.065Z</time>
      </trkpt>
      <trkpt lat="50.791643" lon="13.975715">
        <ele>534.077881</ele>
        <time>2025-06-15T23:00:47.873Z</time>
      </trkpt>
      <trkpt lat="50.791187" lon="13.975549">
        <ele>534.870247</ele>
        <time>2025-06-15T23:00:56.196Z</time>
      </trkpt>
      <trkpt lat="50.790943" lon="13.975498">
        <ele>535.287024</ele>
        <time>2025-06-15T23:01:00.592Z</time>
      </trkpt>
      <trkpt lat="50.790726" lon="13.975534">
        <ele>535.656503</ele>
        <time>2025-06-15T23:01:04.601Z</time>
      </trkpt>
      <trkpt lat="50.790493" lon="13.975644">
        <ele>536.068258</ele>
        <time>2025-06-15T23:01:09.078Z</time>
      </trkpt>
      <trkpt lat="50.790141" lon="13.975758">
        <ele>536.676694</ele>
        <time>2025-06-15T23:01:15.425Z</time>
      </trkpt>
      <trkpt lat="50.789673" lon="13.975690">
        <ele>537.639999</ele>
        <time>2025-06-15T23:01:24.198Z</time>
      </trkpt>
      <trkpt lat="50.789537" lon="13.975713">
        <ele>537.943468</ele>
        <time>2025-06-15T23:01:26.882Z</time>
      </trkpt>
      <trkpt lat="50.789310" lon="13.975836">
        <ele>538.475853</ele>
        <time>2025-06-15T23:01:31.482Z</time>
      </trkpt>
      <trkpt lat="50.788986" lon="13.976062">
        <ele>539.261516</ele>
        <time>2025-06-15T23:01:38.428Z</time>
      </trkpt>
      <trkpt lat="50.788606" lon="13.976437">
        <ele>540.255261</ele>
        <time>2025-06-15T23:01:47.219Z</time>
      </trkpt>
      <trkpt lat="50.788289" lon="13.976845">
        <ele>541.359847</ele>
        <time>2025-06-15T23:01:56.144Z</time>
      </trkpt>
      <trkpt lat="50.788257" lon="13.976888">
        <ele>541.530273</ele>
        <time>2025-06-15T23:01:57.129Z</time>
      </trkpt>
      <trkpt lat="50.788001" lon="13.977235">
        <ele>542.898685</ele>
        <time>2025-06-15T23:02:05.103Z</time>
      </trkpt>
      <trkpt lat="50.787787" lon="13.977507">
        <ele>544.012978</ele>
        <time>2025-06-15T23:02:12.002Z</time>
      </trkpt>
      <trkpt lat="50.787341" lon="13.977957">
        <ele>546.160201</ele>
        <time>2025-06-15T23:02:26.525Z</time>
      </trkpt>
      <trkpt lat="50.787229" lon="13.978059">
        <ele>546.684770</ele>
        <time>2025-06-15T23:02:30.132Z</time>
      </trkpt>
      <trkpt lat="50.787139" lon="13.978141">
        <ele>547.106344</ele>
        <time>2025-06-15T23:02:32.983Z</time>
      </trkpt>
      <trkpt lat="50.786948" lon="13.978243">
        <ele>547.924597</ele>
        <time>2025-06-15T23:02:38.748Z</time>
      </trkpt>
      <trkpt lat="50.786653" lon="13.978364">
        <ele>549.271667</ele>
        <time>2025-06-15T23:02:47.024Z</time>
      </trkpt>
      <trkpt lat="50.786113" lon="13.978673">
        <ele>551.876198</ele>
        <time>2025-06-15T23:03:01.567Z</time>
      </trkpt>
      <trkpt lat="50.785855" lon="13.978715">
        <ele>553.052548</ele>
        <time>2025-06-15T23:03:08.735Z</time>
      </trkpt>
      <trkpt lat="50.785502" lon="13.978705">
        <ele>554.653848</ele>
        <time>2025-06-15T23:03:18.031Z</time>
      </trkpt>
      <trkpt lat="50.785458" lon="13.978587">
        <ele>555.046678</ele>
        <time>2025-06-15T23:03:20.332Z</time>
      </trkpt>
      <trkpt lat="50.785426" lon="13.978502">
        <ele>555.330354</ele>
        <time>2025-06-15T23:03:21.990Z</time>
      </trkpt>
      <trkpt lat="50.784792" lon="13.977790">
        <ele>559.150541</ele>
        <time>2025-06-15T23:03:43.857Z</time>
      </trkpt>
      <trkpt lat="50.784321" lon="13.977111">
        <ele>562.383796</ele>
        <time>2025-06-15T23:04:03.012Z</time>
      </trkpt>
      <trkpt lat="50.783986" lon="13.976816">
        <ele>564.329080</ele>
        <time>2025-06-15T23:04:14.234Z</time>
      </trkpt>
      <trkpt lat="50.783614" lon="13.976601">
        <ele>566.181200</ele>
        <time>2025-06-15T23:04:25.345Z</time>
      </trkpt>
      <trkpt lat="50.782737" lon="13.975949">
        <ele>570.167353</ele>
        <time>2025-06-15T23:04:50.319Z</time>
      </trkpt>
      <trkpt lat="50.781015" lon="13.975159">
        <ele>577.192633</ele>
        <time>2025-06-15T23:05:33.763Z</time>
      </trkpt>
      <trkpt lat="50.780037" lon="13.974955">
        <ele>580.999915</ele>
        <time>2025-06-15T23:05:58.853Z</time>
      </trkpt>
      <trkpt lat="50.779056" lon="13.975181">
        <ele>584.945644</ele>
        <time>2025-06-15T23:06:24.820Z</time>
      </trkpt>
      <trkpt lat="50.778548" lon="13.975542">
        <ele>587.100929</ele>
        <time>2025-06-15T23:06:38.513Z</time>
      </trkpt>
      <trkpt lat="50.777958" lon="13.975773">
        <ele>588.943398</ele>
        <time>2025-06-15T23:06:52.315Z</time>
      </trkpt>
      <trkpt lat="50.777275" lon="13.975802">
        <ele>591.014531</ele>
        <time>2025-06-15T23:07:07.065Z</time>
      </trkpt>
      <trkpt lat="50.776502" lon="13.975456">
        <ele>593.588570</ele>
        <time>2025-06-15T23:07:24.503Z</time>
      </trkpt>
      <trkpt lat="50.776266" lon="13.975435">
        <ele>594.396099</ele>
        <time>2025-06-15T23:07:29.881Z</time>
      </trkpt>
      <trkpt lat="50.775963" lon="13.975574">
        <ele>595.473921</ele>
        <time>2025-06-15T23:07:37.368Z</time>
      </trkpt>
      <trkpt lat="50.775721" lon="13.975737">
        <ele>596.372540</ele>
        <time>2025-06-15T23:07:43.752Z</time>
      </trkpt>
      <trkpt lat="50.775430" lon="13.975744">
        <ele>597.366806</ele>
        <time>2025-06-15T23:07:51.005Z</time>
      </trkpt>
      <trkpt lat="50.775121" lon="13.975679">
        <ele>598.431750</ele>
        <time>2025-06-15T23:07:58.822Z</time>
      </trkpt>
      <trkpt lat="50.774425" lon="13.975298">
        <ele>601.113530</ele>
        <time>2025-06-15T23:08:17.221Z</time>
      </trkpt>
      <trkpt lat="50.774085" lon="13.974982">
        <ele>602.552050</ele>
        <time>2025-06-15T23:08:26.825Z</time>
      </trkpt>
      <trkpt lat="50.773557" lon="13.974280">
        <ele>605.068593</ele>
        <time>2025-06-15T23:08:42.772Z</time>
      </trkpt>
      <trkpt lat="50.772254" lon="13.973170">
        <ele>610.793917</ele>
        <time>2025-06-15T23:09:18.630Z</time>
      </trkpt>
      <trkpt lat="50.772206" lon="13.973151">
        <ele>610.985326</ele>
        <time>2025-06-15T23:09:20.052Z</time>
      </trkpt>
      <trkpt lat="50.772144" lon="13.973126">
        <ele>611.232837</ele>
        <time>2025-06-15T23:09:21.859Z</time>
      </trkpt>
      <trkpt lat="50.771117" lon="13.973228">
        <ele>615.445534</ele>
        <time>2025-06-15T23:09:50.533Z</time>
      </trkpt>
      <trkpt lat="50.770807" lon="13.973297">
        <ele>616.744561</ele>
        <time>2025-06-15T23:09:59.030Z</time>
      </trkpt>
      <trkpt lat="50.770750" lon="13.973347">
        <ele>617.015041</ele>
        <time>2025-06-15T23:10:00.741Z</time>
      </trkpt>
      <trkpt lat="50.770699" lon="13.973392">
        <ele>617.257384</ele>
        <time>2025-06-15T23:10:02.273Z</time>
      </trkpt>
      <trkpt lat="50.770342" lon="13.973371">
        <ele>618.739781</ele>
        <time>2025-06-15T23:10:11.038Z</time>
      </trkpt>
      <trkpt lat="50.768815" lon="13.973387">
        <ele>623.003147</ele>
        <time>2025-06-15T23:10:43.538Z</time>
      </trkpt>
      <trkpt lat="50.768431" lon="13.973420">
        <ele>624.007373</ele>
        <time>2025-06-15T23:10:51.042Z</time>
      </trkpt>
      <trkpt lat="50.767864" lon="13.973566">
        <ele>625.911878</ele>
        <time>2025-06-15T23:11:02.627Z</time>
      </trkpt>
      <trkpt lat="50.767634" lon="13.973532">
        <ele>626.698939</ele>
        <time>2025-06-15T23:11:07.372Z</time>
      </trkpt>
      <trkpt lat="50.764750" lon="13.972698">
        <ele>638.715869</ele>
        <time>2025-06-15T23:12:23.204Z</time>
      </trkpt>
      <trkpt lat="50.763836" lon="13.972433">
        <ele>644.863181</ele>
        <time>2025-06-15T23:12:53.534Z</time>
      </trkpt>
      <trkpt lat="50.763598" lon="13.972411">
        <ele>646.440336</ele>
        <time>2025-06-15T23:13:02.131Z</time>
      </trkpt>
      <trkpt lat="50.763498" lon="13.972433">
        <ele>647.108251</ele>
        <time>2025-06-15T23:13:05.781Z</time>
      </trkpt>
      <trkpt lat="50.762961" lon="13.972623">
        <ele>650.768389</ele>
        <time>2025-06-15T23:13:25.724Z</time>
      </trkpt>
      <trkpt lat="50.762663" lon="13.972732">
        <ele>652.856287</ele>
        <time>2025-06-15T23:13:36.750Z</time>
      </trkpt>
      <trkpt lat="50.762150" lon="13.972926">
        <ele>656.456843</ele>
        <time>2025-06-15T23:13:55.020Z</time>
      </trkpt>
      <trkpt lat="50.761967" lon="13.973047">
        <ele>657.810864</ele>
        <time>2025-06-15T23:14:01.730Z</time>
      </trkpt>
      <trkpt lat="50.761676" lon="13.973351">
        <ele>660.191757</ele>
        <time>2025-06-15T23:14:13.210Z</time>
      </trkpt>
      <trkpt lat="50.761265" lon="13.973884">
        <ele>663.385946</ele>
        <time>2025-06-15T23:14:29.963Z</time>
      </trkpt>
      <trkpt lat="50.760584" lon="13.974581">
        <ele>667.224048</ele>
        <time>2025-06-15T23:14:54.506Z</time>
      </trkpt>
      <trkpt lat="50.760217" lon="13.974860">
        <ele>669.150661</ele>
        <time>2025-06-15T23:15:05.514Z</time>
      </trkpt>
      <trkpt lat="50.759811" lon="13.975026">
        <ele>670.954153</ele>
        <time>2025-06-15T23:15:15.132Z</time>
      </trkpt>
      <trkpt lat="50.759282" lon="13.975123">
        <ele>671.410787</ele>
        <time>2025-06-15T23:15:24.860Z</time>
      </trkpt>
      <trkpt lat="50.759217" lon="13.975135">
        <ele>671.466900</ele>
        <time>2025-06-15T23:15:25.905Z</time>
      </trkpt>
      <trkpt lat="50.759179" lon="13.974913">
        <ele>671.591645</ele>
        <time>2025-06-15T23:15:29.340Z</time>
      </trkpt>
      <trkpt lat="50.759143" lon="13.974358">
        <ele>671.894261</ele>
        <time>2025-06-15T23:15:37.138Z</time>
      </trkpt>
      <trkpt lat="50.758910" lon="13.971956">
        <ele>673.606356</ele>
        <time>2025-06-15T23:16:11.202Z</time>
      </trkpt>
      <trkpt lat="50.758949" lon="13.971372">
        <ele>674.090908</ele>
        <time>2025-06-15T23:16:21.536Z</time>
      </trkpt>
      <trkpt lat="50.758901" lon="13.971121">
        <ele>674.307272</ele>
        <time>2025-06-15T23:16:26.460Z</time>
      </trkpt>
      <trkpt lat="50.758814" lon="13.970859">
        <ele>674.551430</ele>
        <time>2025-06-15T23:16:32.184Z</time>
      </trkpt>
      <trkpt lat="50.758738" lon="13.970131">
        <ele>675.955730</ele>
        <time>2025-06-15T23:16:47.118Z</time>
      </trkpt>
      <trkpt lat="50.758765" lon="13.969516">
        <ele>677.595647</ele>
        <time>2025-06-15T23:16:59.961Z</time>
      </trkpt>
      <trkpt lat="50.758756" lon="13.968960">
        <ele>679.075164</ele>
        <time>2025-06-15T23:17:11.741Z</time>
      </trkpt>
      <trkpt lat="50.758803" lon="13.968433">
        <ele>680.490917</ele>
        <time>2025-06-15T23:17:23.553Z</time>
      </trkpt>
      <trkpt lat="50.758943" lon="13.967692">
        <ele>682.602645</ele>
        <time>2025-06-15T23:17:42.355Z</time>
      </trkpt>
      <trkpt lat="50.758946" lon="13.967486">
        <ele>683.315050</ele>
        <time>2025-06-15T23:17:47.600Z</time>
      </trkpt>
      <trkpt lat="50.758899" lon="13.966935">
        <ele>685.237299</ele>
        <time>2025-06-15T23:18:02.125Z</time>
      </trkpt>
      <trkpt lat="50.758817" lon="13.966598">
        <ele>686.485654</ele>
        <time>2025-06-15T23:18:11.857Z</time>
      </trkpt>
      <trkpt lat="50.758729" lon="13.966415">
        <ele>687.280407</ele>
        <time>2025-06-15T23:18:18.033Z</time>
      </trkpt>
      <trkpt lat="50.758523" lon="13.966151">
        <ele>688.729796</ele>
        <time>2025-06-15T23:18:29.078Z</time>
      </trkpt>
      <trkpt lat="50.758276" lon="13.965201">
        <ele>692.211118</ele>
        <time>2025-06-15T23:18:53.488Z</time>
      </trkpt>
      <trkpt lat="50.758201" lon="13.964764">
        <ele>692.481353</ele>
        <time>2025-06-15T23:19:02.515Z</time>
      </trkpt>
      <trkpt lat="50.758141" lon="13.963828">
        <ele>693.042832</ele>
        <time>2025-06-15T23:19:18.075Z</time>
      </trkpt>
      <trkpt lat="50.758125" lon="13.963895">
        <ele>693.085573</ele>
        <time>2025-06-15T23:19:19.188Z</time>
      </trkpt>
      <trkpt lat="50.758141" lon="13.963828">
        <ele>693.128313</ele>
        <time>2025-06-15T23:19:20.182Z</time>
      </trkpt>
      <trkpt lat="50.758540" lon="13.961745">
        <ele>692.378538</ele>
        <time>2025-06-15T23:19:49.006Z</time>
      </trkpt>
      <trkpt lat="50.758512" lon="13.961694">
        <ele>692.264152</ele>
        <time>2025-06-15T23:19:49.845Z</time>
      </trkpt>
      <trkpt lat="50.758110" lon="13.960942">
        <ele>690.596429</ele>
        <time>2025-06-15T23:20:01.565Z</time>
      </trkpt>
      <trkpt lat="50.757864" lon="13.960328">
        <ele>689.365322</ele>
        <time>2025-06-15T23:20:09.753Z</time>
      </trkpt>
      <trkpt lat="50.757804" lon="13.960085">
        <ele>688.800666</ele>
        <time>2025-06-15T23:20:12.620Z</time>
      </trkpt>
      <trkpt lat="50.757880" lon="13.959368">
        <ele>686.585862</ele>
        <time>2025-06-15T23:20:20.605Z</time>
      </trkpt>
      <trkpt lat="50.758104" lon="13.958676">
        <ele>684.217708</ele>
        <time>2025-06-15T23:20:29.081Z</time>
      </trkpt>
      <trkpt lat="50.758564" lon="13.957577">
        <ele>680.264093</ele>
        <time>2025-06-15T23:20:43.461Z</time>
      </trkpt>
      <trkpt lat="50.758925" lon="13.956626">
        <ele>677.857195</ele>
        <time>2025-06-15T23:20:55.953Z</time>
      </trkpt>
      <trkpt lat="50.759571" lon="13.955873">
        <ele>675.103688</ele>
        <time>2025-06-15T23:21:11.085Z</time>
      </trkpt>
      <trkpt lat="50.760101" lon="13.955692">
        <ele>673.068043</ele>
        <time>2025-06-15T23:21:21.478Z</time>
      </trkpt>
      <trkpt lat="50.760560" lon="13.955479">
        <ele>671.139330</ele>
        <time>2025-06-15T23:21:30.119Z</time>
      </trkpt>
      <trkpt lat="50.760556" lon="13.954966">
        <ele>669.830870</ele>
        <time>2025-06-15T23:21:35.810Z</time>
      </trkpt>
      <trkpt lat="50.760628" lon="13.954424">
        <ele>668.418397</ele>
        <time>2025-06-15T23:21:41.859Z</time>
      </trkpt>
      <trkpt lat="50.760554" lon="13.954033">
        <ele>667.377510</ele>
        <time>2025-06-15T23:21:46.258Z</time>
      </trkpt>
      <trkpt lat="50.760464" lon="13.953796">
        <ele>666.916211</ele>
        <time>2025-06-15T23:21:49.279Z</time>
      </trkpt>
      <trkpt lat="50.760340" lon="13.953627">
        <ele>666.758301</ele>
        <time>2025-06-15T23:21:52.144Z</time>
      </trkpt>
      <trkpt lat="50.760355" lon="13.953492">
        <ele>666.674675</ele>
        <time>2025-06-15T23:21:53.700Z</time>
      </trkpt>
      <trkpt lat="50.760400" lon="13.953425">
        <ele>666.615053</ele>
        <time>2025-06-15T23:21:54.812Z</time>
      </trkpt>
      <trkpt lat="50.760440" lon="13.953315">
        <ele>666.537642</ele>
        <time>2025-06-15T23:21:56.283Z</time>
      </trkpt>
      <trkpt lat="50.760385" lon="13.952678">
        <ele>666.145397</ele>
        <time>2025-06-15T23:22:03.941Z</time>
      </trkpt>
      <trkpt lat="50.760378" lon="13.952625">
        <ele>666.112364</ele>
        <time>2025-06-15T23:22:04.626Z</time>
      </trkpt>
      <trkpt lat="50.760360" lon="13.952502">
        <ele>666.035338</ele>
        <time>2025-06-15T23:22:06.251Z</time>
      </trkpt>
      <trkpt lat="50.760278" lon="13.951954">
        <ele>665.691769</ele>
        <time>2025-06-15T23:22:14.278Z</time>
      </trkpt>
      <trkpt lat="50.760215" lon="13.951797">
        <ele>665.578333</ele>
        <time>2025-06-15T23:22:17.428Z</time>
      </trkpt>
      <trkpt lat="50.760121" lon="13.951732">
        <ele>665.479376</ele>
        <time>2025-06-15T23:22:20.369Z</time>
      </trkpt>
      <trkpt lat="50.759871" lon="13.951826">
        <ele>665.395184</ele>
        <time>2025-06-15T23:22:28.373Z</time>
      </trkpt>
      <trkpt lat="50.759854" lon="13.951836">
        <ele>665.485667</ele>
        <time>2025-06-15T23:22:28.994Z</time>
      </trkpt>
      <trkpt lat="50.759718" lon="13.951949">
        <ele>666.252085</ele>
        <time>2025-06-15T23:22:34.338Z</time>
      </trkpt>
      <trkpt lat="50.759593" lon="13.952011">
        <ele>666.905603</ele>
        <time>2025-06-15T23:22:39.167Z</time>
      </trkpt>
      <trkpt lat="50.759502" lon="13.951925">
        <ele>667.434478</ele>
        <time>2025-06-15T23:22:43.199Z</time>
      </trkpt>
      <trkpt lat="50.758962" lon="13.950582">
        <ele>672.456025</ele>
        <time>2025-06-15T23:23:23.343Z</time>
      </trkpt>
      <trkpt lat="50.758869" lon="13.950269">
        <ele>673.547244</ele>
        <time>2025-06-15T23:23:32.362Z</time>
      </trkpt>
      <trkpt lat="50.756923" lon="13.950926">
        <ele>682.617055</ele>
        <time>2025-06-15T23:24:43.272Z</time>
      </trkpt>
      <trkpt lat="50.756421" lon="13.950996">
        <ele>684.605905</ele>
        <time>2025-06-15T23:25:00.712Z</time>
      </trkpt>
      <trkpt lat="50.755615" lon="13.950954">
        <ele>687.788533</ele>
        <time>2025-06-15T23:25:28.286Z</time>
      </trkpt>
      <trkpt lat="50.755311" lon="13.951350">
        <ele>689.343170</ele>
        <time>2025-06-15T23:25:41.284Z</time>
      </trkpt>
      <trkpt lat="50.755137" lon="13.952820">
        <ele>693.269565</ele>
        <time>2025-06-15T23:26:12.124Z</time>
      </trkpt>
      <trkpt lat="50.754621" lon="13.953997">
        <ele>697.067012</ele>
        <time>2025-06-15T23:26:44.390Z</time>
      </trkpt>
      <trkpt lat="50.754164" lon="13.954479">
        <ele>700.570396</ele>
        <time>2025-06-15T23:27:06.140Z</time>
      </trkpt>
      <trkpt lat="50.753098" lon="13.956602">
        <ele>711.939315</ele>
        <time>2025-06-15T23:28:19.853Z</time>
      </trkpt>
      <trkpt lat="50.752107" lon="13.956008">
        <ele>719.659119</ele>
        <time>2025-06-15T23:29:08.423Z</time>
      </trkpt>
      <trkpt lat="50.751651" lon="13.955778">
        <ele>722.388510</ele>
        <time>2025-06-15T23:29:29.141Z</time>
      </trkpt>
      <trkpt lat="50.751282" lon="13.955605">
        <ele>723.859961</ele>
        <time>2025-06-15T23:29:44.238Z</time>
      </trkpt>
      <trkpt lat="50.751307" lon="13.955137">
        <ele>724.995980</ele>
        <time>2025-06-15T23:29:52.110Z</time>
      </trkpt>
      <trkpt lat="50.751202" lon="13.955128">
        <ele>725.397988</ele>
        <time>2025-06-15T23:29:55.585Z</time>
      </trkpt>
      <trkpt lat="50.751005" lon="13.955025">
        <ele>726.191263</ele>
        <time>2025-06-15T23:30:02.043Z</time>
      </trkpt>
      <trkpt lat="50.750829" lon="13.954864">
        <ele>726.968685</ele>
        <time>2025-06-15T23:30:07.877Z</time>
      </trkpt>
      <trkpt lat="50.750719" lon="13.954764">
        <ele>727.453819</ele>
        <time>2025-06-15T23:30:11.310Z</time>
      </trkpt>
      <trkpt lat="50.750511" lon="13.954525">
        <ele>728.425378</ele>
        <time>2025-06-15T23:30:17.806Z</time>
      </trkpt>
      <trkpt lat="50.750422" lon="13.954301">
        <ele>728.188376</ele>
        <time>2025-06-15T23:30:21.810Z</time>
      </trkpt>
      <trkpt lat="50.750354" lon="13.953956">
        <ele>727.864597</ele>
        <time>2025-06-15T23:30:27.016Z</time>
      </trkpt>
      <trkpt lat="50.750318" lon="13.953532">
        <ele>727.481280</ele>
        <time>2025-06-15T23:30:32.818Z</time>
      </trkpt>
      <trkpt lat="50.750102" lon="13.953041">
        <ele>726.945439</ele>
        <time>2025-06-15T23:30:40.528Z</time>
      </trkpt>
      <trkpt lat="50.749986" lon="13.952872">
        <ele>726.722017</ele>
        <time>2025-06-15T23:30:43.632Z</time>
      </trkpt>
      <trkpt lat="50.749630" lon="13.952523">
        <ele>726.128748</ele>
        <time>2025-06-15T23:30:51.572Z</time>
      </trkpt>
      <trkpt lat="50.749167" lon="13.951914">
        <ele>723.520407</ele>
        <time>2025-06-15T23:31:02.375Z</time>
      </trkpt>
      <trkpt lat="50.748939" lon="13.950733">
        <ele>719.207258</ele>
        <time>2025-06-15T23:31:15.605Z</time>
      </trkpt>
      <trkpt lat="50.748673" lon="13.950067">
        <ele>716.456091</ele>
        <time>2025-06-15T23:31:23.802Z</time>
      </trkpt>
      <trkpt lat="50.748534" lon="13.949806">
        <ele>715.101776</ele>
        <time>2025-06-15T23:31:27.328Z</time>
      </trkpt>
      <trkpt lat="50.748451" lon="13.949565">
        <ele>713.916364</ele>
        <time>2025-06-15T23:31:30.152Z</time>
      </trkpt>
      <trkpt lat="50.748325" lon="13.948867">
        <ele>710.780531</ele>
        <time>2025-06-15T23:31:37.634Z</time>
      </trkpt>
      <trkpt lat="50.748192" lon="13.948346">
        <ele>708.353404</ele>
        <time>2025-06-15T23:31:43.436Z</time>
      </trkpt>
      <trkpt lat="50.748041" lon="13.947901">
        <ele>706.171884</ele>
        <time>2025-06-15T23:31:48.698Z</time>
      </trkpt>
      <trkpt lat="50.747953" lon="13.947541">
        <ele>704.504563</ele>
        <time>2025-06-15T23:31:52.743Z</time>
      </trkpt>
      <trkpt lat="50.747884" lon="13.946966">
        <ele>702.192102</ele>
        <time>2025-06-15T23:31:58.913Z</time>
      </trkpt>
      <trkpt lat="50.747876" lon="13.946590">
        <ele>700.773960</ele>
        <time>2025-06-15T23:32:02.916Z</time>
      </trkpt>
      <trkpt lat="50.747912" lon="13.945799">
        <ele>697.784566</ele>
        <time>2025-06-15T23:32:11.412Z</time>
      </trkpt>
      <trkpt lat="50.748029" lon="13.944411">
        <ele>692.511593</ele>
        <time>2025-06-15T23:32:26.349Z</time>
      </trkpt>
      <trkpt lat="50.747919" lon="13.943853">
        <ele>690.334703</ele>
        <time>2025-06-15T23:32:32.536Z</time>
      </trkpt>
      <trkpt lat="50.747956" lon="13.942943">
        <ele>686.938279</ele>
        <time>2025-06-15T23:32:42.187Z</time>
      </trkpt>
      <trkpt lat="50.747991" lon="13.942687">
        <ele>685.962764</ele>
        <time>2025-06-15T23:32:44.967Z</time>
      </trkpt>
      <trkpt lat="50.748088" lon="13.942377">
        <ele>684.674651</ele>
        <time>2025-06-15T23:32:48.651Z</time>
      </trkpt>
      <trkpt lat="50.748257" lon="13.942153">
        <ele>683.376273</ele>
        <time>2025-06-15T23:32:52.393Z</time>
      </trkpt>
      <trkpt lat="50.748336" lon="13.941956">
        <ele>682.507564</ele>
        <time>2025-06-15T23:32:54.894Z</time>
      </trkpt>
      <trkpt lat="50.748350" lon="13.941778">
        <ele>681.995704</ele>
        <time>2025-06-15T23:32:56.826Z</time>
      </trkpt>
      <trkpt lat="50.748450" lon="13.941002">
        <ele>679.919702</ele>
        <time>2025-06-15T23:33:05.388Z</time>
      </trkpt>
      <trkpt lat="50.748479" lon="13.940908">
        <ele>679.645555</ele>
        <time>2025-06-15T23:33:06.527Z</time>
      </trkpt>
      <trkpt lat="50.748548" lon="13.940501">
        <ele>678.540995</ele>
        <time>2025-06-15T23:33:11.183Z</time>
      </trkpt>
      <trkpt lat="50.748428" lon="13.939371">
        <ele>675.537336</ele>
        <time>2025-06-15T23:33:24.342Z</time>
      </trkpt>
      <trkpt lat="50.748277" lon="13.938334">
        <ele>675.025243</ele>
        <time>2025-06-15T23:33:37.572Z</time>
      </trkpt>
      <trkpt lat="50.748203" lon="13.937999">
        <ele>675.072561</ele>
        <time>2025-06-15T23:33:42.299Z</time>
      </trkpt>
      <trkpt lat="50.748117" lon="13.937785">
        <ele>675.106368</ele>
        <time>2025-06-15T23:33:45.895Z</time>
      </trkpt>
      <trkpt lat="50.748014" lon="13.937653">
        <ele>675.134316</ele>
        <time>2025-06-15T23:33:49.151Z</time>
      </trkpt>
      <trkpt lat="50.747892" lon="13.937596">
        <ele>675.161129</ele>
        <time>2025-06-15T23:33:52.382Z</time>
      </trkpt>
      <trkpt lat="50.747646" lon="13.937621">
        <ele>675.213083</ele>
        <time>2025-06-15T23:33:59.049Z</time>
      </trkpt>
      <trkpt lat="50.747290" lon="13.937564">
        <ele>675.288498</ele>
        <time>2025-06-15T23:34:09.742Z</time>
      </trkpt>
      <trkpt lat="50.746697" lon="13.937304">
        <ele>677.356004</ele>
        <time>2025-06-15T23:34:29.287Z</time>
      </trkpt>
      <trkpt lat="50.746444" lon="13.937087">
        <ele>678.363874</ele>
        <time>2025-06-15T23:34:38.931Z</time>
      </trkpt>
      <trkpt lat="50.746313" lon="13.937012">
        <ele>678.851711</ele>
        <time>2025-06-15T23:34:43.706Z</time>
      </trkpt>
      <trkpt lat="50.745765" lon="13.936948">
        <ele>680.775641</ele>
        <time>2025-06-15T23:35:02.593Z</time>
      </trkpt>
      <trkpt lat="50.745538" lon="13.936866">
        <ele>681.590929</ele>
        <time>2025-06-15T23:35:10.402Z</time>
      </trkpt>
      <trkpt lat="50.745125" lon="13.936584">
        <ele>683.626737</ele>
        <time>2025-06-15T23:35:24.851Z</time>
      </trkpt>
      <trkpt lat="50.744501" lon="13.936538">
        <ele>686.453705</ele>
        <time>2025-06-15T23:35:46.096Z</time>
      </trkpt>
      <trkpt lat="50.744115" lon="13.936360">
        <ele>688.273389</ele>
        <time>2025-06-15T23:36:00.880Z</time>
      </trkpt>
      <trkpt lat="50.743269" lon="13.935711">
        <ele>693.787381</ele>
        <time>2025-06-15T23:36:39.659Z</time>
      </trkpt>
      <trkpt lat="50.743037" lon="13.935383">
        <ele>695.829645</ele>
        <time>2025-06-15T23:36:53.258Z</time>
      </trkpt>
      <trkpt lat="50.742643" lon="13.934969">
        <ele>698.933761</ele>
        <time>2025-06-15T23:37:13.663Z</time>
      </trkpt>
      <trkpt lat="50.742348" lon="13.934641">
        <ele>701.300171</ele>
        <time>2025-06-15T23:37:28.915Z</time>
      </trkpt>
      <trkpt lat="50.741844" lon="13.933583">
        <ele>706.157978</ele>
        <time>2025-06-15T23:38:03.517Z</time>
      </trkpt>
      <trkpt lat="50.741705" lon="13.933030">
        <ele>708.328095</ele>
        <time>2025-06-15T23:38:18.897Z</time>
      </trkpt>
      <trkpt lat="50.741729" lon="13.932456">
        <ele>710.426095</ele>
        <time>2025-06-15T23:38:33.451Z</time>
      </trkpt>
      <trkpt lat="50.741790" lon="13.931909">
        <ele>711.756093</ele>
        <time>2025-06-15T23:38:46.801Z</time>
      </trkpt>
      <trkpt lat="50.741776" lon="13.931260">
        <ele>711.151835</ele>
        <time>2025-06-15T23:38:59.851Z</time>
      </trkpt>
      <trkpt lat="50.741637" lon="13.930439">
        <ele>710.361008</ele>
        <time>2025-06-15T23:39:11.413Z</time>
      </trkpt>
      <trkpt lat="50.741621" lon="13.930370">
        <ele>710.292627</ele>
        <time>2025-06-15T23:39:12.284Z</time>
      </trkpt>
      <trkpt lat="50.741637" lon="13.930439">
        <ele>710.224246</ele>
        <time>2025-06-15T23:39:13.123Z</time>
      </trkpt>
      <trkpt lat="50.741301" lon="13.929753">
        <ele>709.417040</ele>
        <time>2025-06-15T23:39:22.221Z</time>
      </trkpt>
      <trkpt lat="50.740935" lon="13.929377">
        <ele>708.655301</ele>
        <time>2025-06-15T23:39:29.257Z</time>
      </trkpt>
      <trkpt lat="50.740599" lon="13.929172">
        <ele>707.992809</ele>
        <time>2025-06-15T23:39:35.301Z</time>
      </trkpt>
      <trkpt lat="50.740516" lon="13.929051">
        <ele>707.785096</ele>
        <time>2025-06-15T23:39:37.338Z</time>
      </trkpt>
      <trkpt lat="50.740299" lon="13.928837">
        <ele>707.314603</ele>
        <time>2025-06-15T23:39:42.219Z</time>
      </trkpt>
      <trkpt lat="50.740135" lon="13.928481">
        <ele>706.802045</ele>
        <time>2025-06-15T23:39:48.662Z</time>
      </trkpt>
      <trkpt lat="50.739880" lon="13.927504">
        <ele>706.190044</ele>
        <time>2025-06-15T23:40:11.817Z</time>
      </trkpt>
      <trkpt lat="50.739695" lon="13.927109">
        <ele>706.567335</ele>
        <time>2025-06-15T23:40:23.820Z</time>
      </trkpt>
      <trkpt lat="50.739427" lon="13.926667">
        <ele>707.037315</ele>
        <time>2025-06-15T23:40:36.048Z</time>
      </trkpt>
      <trkpt lat="50.739199" lon="13.926414">
        <ele>707.375320</ele>
        <time>2025-06-15T23:40:42.568Z</time>
      </trkpt>
      <trkpt lat="50.738531" lon="13.925944">
        <ele>708.209178</ele>
        <time>2025-06-15T23:40:56.743Z</time>
      </trkpt>
      <trkpt lat="50.738400" lon="13.925584">
        <ele>708.403072</ele>
        <time>2025-06-15T23:41:01.714Z</time>
      </trkpt>
      <trkpt lat="50.738193" lon="13.925167">
        <ele>708.650527</ele>
        <time>2025-06-15T23:41:08.498Z</time>
      </trkpt>
      <trkpt lat="50.738146" lon="13.924985">
        <ele>708.742308</ele>
        <time>2025-06-15T23:41:11.224Z</time>
      </trkpt>
      <trkpt lat="50.738112" lon="13.924379">
        <ele>709.026370</ele>
        <time>2025-06-15T23:41:21.086Z</time>
      </trkpt>
      <trkpt lat="50.738003" lon="13.923478">
        <ele>709.458427</ele>
        <time>2025-06-15T23:41:39.722Z</time>
      </trkpt>
      <trkpt lat="50.737861" lon="13.922675">
        <ele>711.089336</ele>
        <time>2025-06-15T23:41:58.650Z</time>
      </trkpt>
      <trkpt lat="50.737649" lon="13.921785">
        <ele>712.949496</ele>
        <time>2025-06-15T23:42:21.025Z</time>
      </trkpt>
      <trkpt lat="50.737616" lon="13.921393">
        <ele>713.723043</ele>
        <time>2025-06-15T23:42:28.648Z</time>
      </trkpt>
      <trkpt lat="50.737649" lon="13.921140">
        <ele>714.228339</ele>
        <time>2025-06-15T23:42:33.188Z</time>
      </trkpt>
      <trkpt lat="50.737627" lon="13.920616">
        <ele>714.904703</ele>
        <time>2025-06-15T23:42:41.238Z</time>
      </trkpt>
      <trkpt lat="50.737566" lon="13.920363">
        <ele>714.668858</ele>
        <time>2025-06-15T23:42:44.873Z</time>
      </trkpt>
      <trkpt lat="50.737424" lon="13.919985">
        <ele>714.285935</ele>
        <time>2025-06-15T23:42:50.553Z</time>
      </trkpt>
      <trkpt lat="50.737124" lon="13.918870">
        <ele>713.230499</ele>
        <time>2025-06-15T23:43:04.891Z</time>
      </trkpt>
      <trkpt lat="50.736995" lon="13.918093">
        <ele>712.554742</ele>
        <time>2025-06-15T23:43:14.451Z</time>
      </trkpt>
      <trkpt lat="50.736750" lon="13.917109">
        <ele>715.119064</ele>
        <time>2025-06-15T23:43:31.629Z</time>
      </trkpt>
      <trkpt lat="50.736725" lon="13.916903">
        <ele>715.627737</ele>
        <time>2025-06-15T23:43:36.108Z</time>
      </trkpt>
      <trkpt lat="50.736716" lon="13.915987">
        <ele>717.849400</ele>
        <time>2025-06-15T23:43:58.835Z</time>
      </trkpt>
      <trkpt lat="50.736693" lon="13.915775">
        <ele>718.371021</ele>
        <time>2025-06-15T23:44:04.766Z</time>
      </trkpt>
      <trkpt lat="50.736700" lon="13.915261">
        <ele>719.730238</ele>
        <time>2025-06-15T23:44:19.573Z</time>
      </trkpt>
      <trkpt lat="50.736636" lon="13.914297">
        <ele>723.481694</ele>
        <time>2025-06-15T23:44:47.839Z</time>
      </trkpt>
      <trkpt lat="50.736568" lon="13.914163">
        <ele>724.146447</ele>
        <time>2025-06-15T23:44:52.718Z</time>
      </trkpt>
      <trkpt lat="50.736365" lon="13.913931">
        <ele>725.678559</ele>
        <time>2025-06-15T23:45:03.518Z</time>
      </trkpt>
      <trkpt lat="50.736254" lon="13.913709">
        <ele>726.773560</ele>
        <time>2025-06-15T23:45:10.930Z</time>
      </trkpt>
      <trkpt lat="50.736106" lon="13.913608">
        <ele>727.759442</ele>
        <time>2025-06-15T23:45:17.219Z</time>
      </trkpt>
      <trkpt lat="50.735871" lon="13.913567">
        <ele>729.205283</ele>
        <time>2025-06-15T23:45:25.735Z</time>
      </trkpt>
      <trkpt lat="50.735606" lon="13.913375">
        <ele>730.693283</ele>
        <time>2025-06-15T23:45:35.246Z</time>
      </trkpt>
      <trkpt lat="50.735279" lon="13.913193">
        <ele>731.696466</ele>
        <time>2025-06-15T23:45:45.528Z</time>
      </trkpt>
      <trkpt lat="50.735242" lon="13.913173">
        <ele>731.809620</ele>
        <time>2025-06-15T23:45:46.650Z</time>
      </trkpt>
      <trkpt lat="50.734749" lon="13.912998">
        <ele>733.271704</ele>
        <time>2025-06-15T23:46:00.781Z</time>
      </trkpt>
      <trkpt lat="50.734598" lon="13.912879">
        <ele>733.759967</ele>
        <time>2025-06-15T23:46:05.612Z</time>
      </trkpt>
      <trkpt lat="50.734541" lon="13.912726">
        <ele>734.085106</ele>
        <time>2025-06-15T23:46:08.882Z</time>
      </trkpt>
      <trkpt lat="50.734512" lon="13.912562">
        <ele>734.396954</ele>
        <time>2025-06-15T23:46:12.101Z</time>
      </trkpt>
      <trkpt lat="50.734629" lon="13.911765">
        <ele>736.018960</ele>
        <time>2025-06-15T23:46:28.481Z</time>
      </trkpt>
      <trkpt lat="50.734864" lon="13.910959">
        <ele>738.410188</ele>
        <time>2025-06-15T23:46:48.652Z</time>
      </trkpt>
      <trkpt lat="50.734914" lon="13.910490">
        <ele>739.691759</ele>
        <time>2025-06-15T23:46:59.438Z</time>
      </trkpt>
      <trkpt lat="50.734991" lon="13.910089">
        <ele>740.820929</ele>
        <time>2025-06-15T23:47:09.032Z</time>
      </trkpt>
      <trkpt lat="50.734936" lon="13.909826">
        <ele>741.567292</ele>
        <time>2025-06-15T23:47:15.462Z</time>
      </trkpt>
      <trkpt lat="50.734767" lon="13.909359">
        <ele>743.016850</ele>
        <time>2025-06-15T23:47:27.792Z</time>
      </trkpt>
      <trkpt lat="50.734704" lon="13.909287">
        <ele>743.332615</ele>
        <time>2025-06-15T23:47:30.512Z</time>
      </trkpt>
      <trkpt lat="50.734654" lon="13.909145">
        <ele>743.653611</ele>
        <time>2025-06-15T23:47:34.133Z</time>
      </trkpt>
      <trkpt lat="50.734656" lon="13.908988">
        <ele>743.963813</ele>
        <time>2025-06-15T23:47:37.631Z</time>
      </trkpt>
      <trkpt lat="50.734868" lon="13.908088">
        <ele>745.860818</ele>
        <time>2025-06-15T23:47:57.975Z</time>
      </trkpt>
      <trkpt lat="50.734875" lon="13.907997">
        <ele>746.041903</ele>
        <time>2025-06-15T23:47:59.771Z</time>
      </trkpt>
      <trkpt lat="50.735036" lon="13.907156">
        <ele>747.777546</ele>
        <time>2025-06-15T23:48:16.689Z</time>
      </trkpt>
      <trkpt lat="50.735141" lon="13.906786">
        <ele>748.578551</ele>
        <time>2025-06-15T23:48:24.177Z</time>
      </trkpt>
      <trkpt lat="50.735344" lon="13.906255">
        <ele>749.099271</ele>
        <time>2025-06-15T23:48:34.916Z</time>
      </trkpt>
      <trkpt lat="50.735408" lon="13.905955">
        <ele>749.234690</ele>
        <time>2025-06-15T23:48:40.153Z</time>
      </trkpt>
      <trkpt lat="50.735533" lon="13.905684">
        <ele>749.378129</ele>
        <time>2025-06-15T23:48:45.620Z</time>
      </trkpt>
      <trkpt lat="50.735393" lon="13.905450">
        <ele>749.515866</ele>
        <time>2025-06-15T23:48:48.978Z</time>
      </trkpt>
      <trkpt lat="50.734469" lon="13.903994">
        <ele>749.652248</ele>
        <time>2025-06-15T23:49:06.162Z</time>
      </trkpt>
      <trkpt lat="50.734387" lon="13.903847">
        <ele>749.511046</ele>
        <time>2025-06-15T23:49:07.583Z</time>
      </trkpt>
      <trkpt lat="50.734193" lon="13.903562">
        <ele>749.209435</ele>
        <time>2025-06-15T23:49:10.549Z</time>
      </trkpt>
      <trkpt lat="50.734045" lon="13.903398">
        <ele>749.003615</ele>
        <time>2025-06-15T23:49:12.593Z</time>
      </trkpt>
      <trkpt lat="50.733625" lon="13.903016">
        <ele>748.451841</ele>
        <time>2025-06-15T23:49:18.079Z</time>
      </trkpt>
      <trkpt lat="50.733410" lon="13.902579">
        <ele>748.049507</ele>
        <time>2025-06-15T23:49:22.061Z</time>
      </trkpt>
      <trkpt lat="50.733266" lon="13.902423">
        <ele>747.814936</ele>
        <time>2025-06-15T23:49:24.133Z</time>
      </trkpt>
      <trkpt lat="50.732896" lon="13.902258">
        <ele>747.298427</ele>
        <time>2025-06-15T23:49:28.732Z</time>
      </trkpt>
      <trkpt lat="50.732715" lon="13.902142">
        <ele>747.036013</ele>
        <time>2025-06-15T23:49:31.085Z</time>
      </trkpt>
      <trkpt lat="50.732223" lon="13.901568">
        <ele>746.214338</ele>
        <time>2025-06-15T23:49:38.455Z</time>
      </trkpt>
      <trkpt lat="50.731814" lon="13.901224">
        <ele>745.544265</ele>
        <time>2025-06-15T23:49:43.640Z</time>
      </trkpt>
      <trkpt lat="50.731185" lon="13.900430">
        <ele>743.657855</ele>
        <time>2025-06-15T23:49:52.187Z</time>
      </trkpt>
      <trkpt lat="50.730941" lon="13.900019">
        <ele>742.822172</ele>
        <time>2025-06-15T23:49:55.917Z</time>
      </trkpt>
      <trkpt lat="50.730551" lon="13.899230">
        <ele>741.482505</ele>
        <time>2025-06-15T23:50:02.578Z</time>
      </trkpt>
      <trkpt lat="50.730331" lon="13.898849">
        <ele>741.783817</ele>
        <time>2025-06-15T23:50:06.273Z</time>
      </trkpt>
      <trkpt lat="50.730274" lon="13.898754">
        <ele>741.860295</ele>
        <time>2025-06-15T23:50:07.280Z</time>
      </trkpt>
      <trkpt lat="50.730245" lon="13.898707">
        <ele>741.898643</ele>
        <time>2025-06-15T23:50:07.789Z</time>
      </trkpt>
      <trkpt lat="50.730170" lon="13.898558">
        <ele>742.009868</ele>
        <time>2025-06-15T23:50:09.342Z</time>
      </trkpt>
      <trkpt lat="50.730069" lon="13.898284">
        <ele>742.195123</ele>
        <time>2025-06-15T23:50:12.186Z</time>
      </trkpt>
      <trkpt lat="50.729954" lon="13.897811">
        <ele>742.491165</ele>
        <time>2025-06-15T23:50:17.712Z</time>
      </trkpt>
      <trkpt lat="50.729867" lon="13.897578">
        <ele>742.649219</ele>
        <time>2025-06-15T23:50:21.086Z</time>
      </trkpt>
      <trkpt lat="50.729227" lon="13.896633">
        <ele>744.351272</ele>
        <time>2025-06-15T23:50:42.602Z</time>
      </trkpt>
      <trkpt lat="50.728097" lon="13.894713">
        <ele>748.863906</ele>
        <time>2025-06-15T23:51:21.841Z</time>
      </trkpt>
      <trkpt lat="50.727917" lon="13.894095">
        <ele>748.752242</ele>
        <time>2025-06-15T23:51:28.272Z</time>
      </trkpt>
      <trkpt lat="50.727782" lon="13.893306">
        <ele>748.618086</ele>
        <time>2025-06-15T23:51:34.464Z</time>
      </trkpt>
      <trkpt lat="50.727713" lon="13.892786">
        <ele>748.530876</ele>
        <time>2025-06-15T23:51:38.124Z</time>
      </trkpt>
      <trkpt lat="50.727562" lon="13.891934">
        <ele>748.331766</ele>
        <time>2025-06-15T23:51:44.077Z</time>
      </trkpt>
      <trkpt lat="50.727290" lon="13.890831">
        <ele>747.999352</ele>
        <time>2025-06-15T23:51:52.509Z</time>
      </trkpt>
      <trkpt lat="50.727181" lon="13.890556">
        <ele>747.908238</ele>
        <time>2025-06-15T23:51:55.150Z</time>
      </trkpt>
      <trkpt lat="50.726694" lon="13.889928">
        <ele>747.980741</ele>
        <time>2025-06-15T23:52:06.270Z</time>
      </trkpt>
      <trkpt lat="50.726249" lon="13.889247">
        <ele>750.531106</ele>
        <time>2025-06-15T23:52:21.250Z</time>
      </trkpt>
      <trkpt lat="50.725859" lon="13.888830">
        <ele>752.469657</ele>
        <time>2025-06-15T23:52:34.648Z</time>
      </trkpt>
      <trkpt lat="50.725694" lon="13.888588">
        <ele>753.396465</ele>
        <time>2025-06-15T23:52:41.383Z</time>
      </trkpt>
      <trkpt lat="50.725498" lon="13.888137">
        <ele>754.821975</ele>
        <time>2025-06-15T23:52:51.823Z</time>
      </trkpt>
      <trkpt lat="50.725006" lon="13.886660">
        <ele>757.529055</ele>
        <time>2025-06-15T23:53:19.128Z</time>
      </trkpt>
      <trkpt lat="50.724620" lon="13.885655">
        <ele>759.366543</ele>
        <time>2025-06-15T23:53:31.481Z</time>
      </trkpt>
      <trkpt lat="50.724202" lon="13.884406">
        <ele>757.106585</ele>
        <time>2025-06-15T23:53:41.176Z</time>
      </trkpt>
      <trkpt lat="50.723460" lon="13.882541">
        <ele>753.612388</ele>
        <time>2025-06-15T23:53:54.835Z</time>
      </trkpt>
      <trkpt lat="50.723258" lon="13.882132">
        <ele>753.055878</ele>
        <time>2025-06-15T23:53:58.334Z</time>
      </trkpt>
      <trkpt lat="50.722786" lon="13.881425">
        <ele>751.953578</ele>
        <time>2025-06-15T23:54:05.930Z</time>
      </trkpt>
      <trkpt lat="50.722304" lon="13.880823">
        <ele>752.002011</ele>
        <time>2025-06-15T23:54:14.555Z</time>
      </trkpt>
      <trkpt lat="50.722282" lon="13.880607">
        <ele>752.431301</ele>
        <time>2025-06-15T23:54:17.282Z</time>
      </trkpt>
      <trkpt lat="50.722291" lon="13.880550">
        <ele>752.546573</ele>
        <time>2025-06-15T23:54:18.034Z</time>
      </trkpt>
      <trkpt lat="50.722411" lon="13.879752">
        <ele>754.155988</ele>
        <time>2025-06-15T23:54:30.067Z</time>
      </trkpt>
      <trkpt lat="50.722144" lon="13.879461">
        <ele>755.161425</ele>
        <time>2025-06-15T23:54:41.177Z</time>
      </trkpt>
      <trkpt lat="50.721916" lon="13.879336">
        <ele>755.909462</ele>
        <time>2025-06-15T23:54:49.422Z</time>
      </trkpt>
      <trkpt lat="50.721320" lon="13.879102">
        <ele>757.736615</ele>
        <time>2025-06-15T23:55:12.845Z</time>
      </trkpt>
      <trkpt lat="50.720308" lon="13.878821">
        <ele>760.662888</ele>
        <time>2025-06-15T23:55:47.855Z</time>
      </trkpt>
      <trkpt lat="50.719650" lon="13.878529">
        <ele>761.468527</ele>
        <time>2025-06-15T23:56:03.631Z</time>
      </trkpt>
      <trkpt lat="50.716988" lon="13.877334">
        <ele>754.495398</ele>
        <time>2025-06-15T23:56:54.659Z</time>
      </trkpt>
      <trkpt lat="50.716503" lon="13.877034">
        <ele>753.126055</ele>
        <time>2025-06-15T23:57:04.752Z</time>
      </trkpt>
      <trkpt lat="50.716020" lon="13.876386">
        <ele>752.590171</ele>
        <time>2025-06-15T23:57:17.881Z</time>
      </trkpt>
      <trkpt lat="50.715532" lon="13.875925">
        <ele>752.284094</ele>
        <time>2025-06-15T23:57:30.473Z</time>
      </trkpt>
      <trkpt lat="50.715411" lon="13.875774">
        <ele>752.201086</ele>
        <time>2025-06-15T23:57:33.944Z</time>
      </trkpt>
      <trkpt lat="50.715215" lon="13.875542">
        <ele>752.069244</ele>
        <time>2025-06-15T23:57:39.418Z</time>
      </trkpt>
      <trkpt lat="50.714876" lon="13.874818">
        <ele>751.391737</ele>
        <time>2025-06-15T23:57:51.887Z</time>
      </trkpt>
      <trkpt lat="50.714633" lon="13.873910">
        <ele>750.229224</ele>
        <time>2025-06-15T23:58:04.676Z</time>
      </trkpt>
      <trkpt lat="50.714594" lon="13.873763">
        <ele>750.041265</ele>
        <time>2025-06-15T23:58:06.663Z</time>
      </trkpt>
      <trkpt lat="50.714181" lon="13.872796">
        <ele>748.665710</ele>
        <time>2025-06-15T23:58:20.598Z</time>
      </trkpt>
      <trkpt lat="50.712850" lon="13.870067">
        <ele>739.691790</ele>
        <time>2025-06-15T23:58:59.298Z</time>
      </trkpt>
      <trkpt lat="50.712741" lon="13.869870">
        <ele>738.928746</ele>
        <time>2025-06-15T23:59:02.163Z</time>
      </trkpt>
      <trkpt lat="50.712559" lon="13.869641">
        <ele>737.856865</ele>
        <time>2025-06-15T23:59:06.169Z</time>
      </trkpt>
      <trkpt lat="50.712453" lon="13.869417">
        <ele>737.041232</ele>
        <time>2025-06-15T23:59:09.216Z</time>
      </trkpt>
      <trkpt lat="50.711619" lon="13.867373">
        <ele>731.914699</ele>
        <time>2025-06-15T23:59:36.228Z</time>
      </trkpt>
      <trkpt lat="50.711366" lon="13.866920">
        <ele>731.320548</ele>
        <time>2025-06-15T23:59:43.575Z</time>
      </trkpt>
      <trkpt lat="50.710936" lon="13.866013">
        <ele>730.206021</ele>
        <time>2025-06-15T23:59:59.771Z</time>
      </trkpt>
      <trkpt lat="50.710680" lon="13.865564">
        <ele>732.133838</ele>
        <time>2025-06-16T00:00:11.980Z</time>
      </trkpt>
      <trkpt lat="50.710448" lon="13.865386">
        <ele>733.717530</ele>
        <time>2025-06-16T00:00:21.499Z</time>
      </trkpt>
      <trkpt lat="50.710358" lon="13.865257">
        <ele>734.463804</ele>
        <time>2025-06-16T00:00:26.258Z</time>
      </trkpt>
      <trkpt lat="50.710227" lon="13.864928">
        <ele>735.974845</ele>
        <time>2025-06-16T00:00:36.472Z</time>
      </trkpt>
      <trkpt lat="50.709926" lon="13.864308">
        <ele>739.012385</ele>
        <time>2025-06-16T00:00:59.102Z</time>
      </trkpt>
      <trkpt lat="50.709704" lon="13.864051">
        <ele>740.702488</ele>
        <time>2025-06-16T00:01:12.573Z</time>
      </trkpt>
      <trkpt lat="50.709503" lon="13.863687">
        <ele>743.420009</ele>
        <time>2025-06-16T00:01:27.983Z</time>
      </trkpt>
      <trkpt lat="50.708720" lon="13.861850">
        <ele>757.136696</ele>
        <time>2025-06-16T00:02:40.558Z</time>
      </trkpt>
      <trkpt lat="50.708484" lon="13.861236">
        <ele>762.005680</ele>
        <time>2025-06-16T00:03:05.150Z</time>
      </trkpt>
      <trkpt lat="50.708421" lon="13.861012">
        <ele>763.749376</ele>
        <time>2025-06-16T00:03:13.814Z</time>
      </trkpt>
      <trkpt lat="50.708342" lon="13.860579">
        <ele>766.955163</ele>
        <time>2025-06-16T00:03:30.051Z</time>
      </trkpt>
      <trkpt lat="50.708041" lon="13.859798">
        <ele>773.459538</ele>
        <time>2025-06-16T00:04:03.614Z</time>
      </trkpt>
      <trkpt lat="50.707995" lon="13.859487">
        <ele>775.731648</ele>
        <time>2025-06-16T00:04:15.469Z</time>
      </trkpt>
      <trkpt lat="50.707880" lon="13.859105">
        <ele>778.740787</ele>
        <time>2025-06-16T00:04:31.165Z</time>
      </trkpt>
      <trkpt lat="50.707350" lon="13.858127">
        <ele>784.719674</ele>
        <time>2025-06-16T00:05:13.995Z</time>
      </trkpt>
      <trkpt lat="50.707081" lon="13.857428">
        <ele>788.468233</ele>
        <time>2025-06-16T00:05:37.162Z</time>
      </trkpt>
      <trkpt lat="50.707082" lon="13.857904">
        <ele>790.649717</ele>
        <time>2025-06-16T00:05:45.063Z</time>
      </trkpt>
      <trkpt lat="50.707081" lon="13.857428">
        <ele>791.628691</ele>
        <time>2025-06-16T00:05:51.037Z</time>
      </trkpt>
      <trkpt lat="50.707018" lon="13.857084">
        <ele>790.947873</ele>
        <time>2025-06-16T00:05:54.028Z</time>
      </trkpt>
      <trkpt lat="50.706926" lon="13.856808">
        <ele>790.354886</ele>
        <time>2025-06-16T00:05:56.253Z</time>
      </trkpt>
      <trkpt lat="50.706921" lon="13.856749">
        <ele>790.241714</ele>
        <time>2025-06-16T00:05:56.669Z</time>
      </trkpt>
      <trkpt lat="50.706866" lon="13.856368">
        <ele>789.498767</ele>
        <time>2025-06-16T00:05:59.333Z</time>
      </trkpt>
      <trkpt lat="50.706927" lon="13.855977">
        <ele>788.733163</ele>
        <time>2025-06-16T00:06:02.149Z</time>
      </trkpt>
      <trkpt lat="50.706910" lon="13.855525">
        <ele>787.872297</ele>
        <time>2025-06-16T00:06:04.903Z</time>
      </trkpt>
      <trkpt lat="50.706950" lon="13.855333">
        <ele>787.488017</ele>
        <time>2025-06-16T00:06:06.051Z</time>
      </trkpt>
      <trkpt lat="50.707257" lon="13.855126">
        <ele>786.322535</ele>
        <time>2025-06-16T00:06:08.994Z</time>
      </trkpt>
      <trkpt lat="50.707322" lon="13.855047">
        <ele>785.655774</ele>
        <time>2025-06-16T00:06:09.706Z</time>
      </trkpt>
      <trkpt lat="50.707370" lon="13.854890">
        <ele>784.758305</ele>
        <time>2025-06-16T00:06:10.670Z</time>
      </trkpt>
      <trkpt lat="50.707372" lon="13.854794">
        <ele>784.263844</ele>
        <time>2025-06-16T00:06:11.194Z</time>
      </trkpt>
      <trkpt lat="50.707346" lon="13.854699">
        <ele>783.731083</ele>
        <time>2025-06-16T00:06:11.766Z</time>
      </trkpt>
      <trkpt lat="50.707085" lon="13.854304">
        <ele>780.792366</ele>
        <time>2025-06-16T00:06:14.870Z</time>
      </trkpt>
      <trkpt lat="50.706984" lon="13.854104">
        <ele>779.475517</ele>
        <time>2025-06-16T00:06:16.267Z</time>
      </trkpt>
      <trkpt lat="50.706742" lon="13.853180">
        <ele>774.328125</ele>
        <time>2025-06-16T00:06:21.705Z</time>
      </trkpt>
      <trkpt lat="50.706539" lon="13.852698">
        <ele>771.808921</ele>
        <time>2025-06-16T00:06:25.007Z</time>
      </trkpt>
      <trkpt lat="50.706253" lon="13.852204">
        <ele>770.955548</ele>
        <time>2025-06-16T00:06:29.175Z</time>
      </trkpt>
      <trkpt lat="50.706213" lon="13.851902">
        <ele>770.562167</ele>
        <time>2025-06-16T00:06:31.249Z</time>
      </trkpt>
      <trkpt lat="50.706215" lon="13.851831">
        <ele>770.471553</ele>
        <time>2025-06-16T00:06:31.752Z</time>
      </trkpt>
      <trkpt lat="50.706197" lon="13.851655">
        <ele>770.244246</ele>
        <time>2025-06-16T00:06:33.032Z</time>
      </trkpt>
      <trkpt lat="50.706185" lon="13.851541">
        <ele>770.096902</ele>
        <time>2025-06-16T00:06:33.900Z</time>
      </trkpt>
      <trkpt lat="50.706168" lon="13.851385">
        <ele>769.895079</ele>
        <time>2025-06-16T00:06:35.117Z</time>
      </trkpt>
      <trkpt lat="50.706160" lon="13.851221">
        <ele>769.685360</ele>
        <time>2025-06-16T00:06:36.415Z</time>
      </trkpt>
      <trkpt lat="50.706166" lon="13.850738">
        <ele>769.069417</ele>
        <time>2025-06-16T00:06:40.690Z</time>
      </trkpt>
      <trkpt lat="50.706124" lon="13.850204">
        <ele>768.383336</ele>
        <time>2025-06-16T00:06:46.268Z</time>
      </trkpt>
      <trkpt lat="50.706136" lon="13.849880">
        <ele>768.479224</ele>
        <time>2025-06-16T00:06:49.738Z</time>
      </trkpt>
      <trkpt lat="50.706133" lon="13.848682">
        <ele>769.056467</ele>
        <time>2025-06-16T00:07:01.704Z</time>
      </trkpt>
      <trkpt lat="50.706168" lon="13.848442">
        <ele>769.175134</ele>
        <time>2025-06-16T00:07:04.112Z</time>
      </trkpt>
      <trkpt lat="50.706292" lon="13.847921">
        <ele>769.443313</ele>
        <time>2025-06-16T00:07:09.558Z</time>
      </trkpt>
      <trkpt lat="50.706420" lon="13.847203">
        <ele>769.842621</ele>
        <time>2025-06-16T00:07:16.771Z</time>
      </trkpt>
      <trkpt lat="50.706444" lon="13.846953">
        <ele>770.015736</ele>
        <time>2025-06-16T00:07:19.238Z</time>
      </trkpt>
      <trkpt lat="50.706324" lon="13.845553">
        <ele>770.982969</ele>
        <time>2025-06-16T00:07:33.111Z</time>
      </trkpt>
      <trkpt lat="50.706313" lon="13.845100">
        <ele>771.293339</ele>
        <time>2025-06-16T00:07:38.106Z</time>
      </trkpt>
      <trkpt lat="50.706365" lon="13.843924">
        <ele>772.184422</ele>
        <time>2025-06-16T00:07:52.638Z</time>
      </trkpt>
      <trkpt lat="50.706301" lon="13.843552">
        <ele>772.497808</ele>
        <time>2025-06-16T00:07:57.445Z</time>
      </trkpt>
      <trkpt lat="50.706210" lon="13.843373">
        <ele>772.684418</ele>
        <time>2025-06-16T00:08:00.204Z</time>
      </trkpt>
      <trkpt lat="50.706235" lon="13.843331">
        <ele>772.731278</ele>
        <time>2025-06-16T00:08:01.203Z</time>
      </trkpt>
      <trkpt lat="50.706320" lon="13.843189">
        <ele>772.890128</ele>
        <time>2025-06-16T00:08:04.575Z</time>
      </trkpt>
      <trkpt lat="50.706740" lon="13.842592">
        <ele>773.615560</ele>
        <time>2025-06-16T00:08:19.005Z</time>
      </trkpt>
      <trkpt lat="50.706776" lon="13.842516">
        <ele>773.692716</ele>
        <time>2025-06-16T00:08:20.474Z</time>
      </trkpt>
      <trkpt lat="50.706831" lon="13.842372">
        <ele>773.829426</ele>
        <time>2025-06-16T00:08:22.980Z</time>
      </trkpt>
      <trkpt lat="50.707081" lon="13.841725">
        <ele>773.981816</ele>
        <time>2025-06-16T00:08:33.501Z</time>
      </trkpt>
      <trkpt lat="50.707126" lon="13.841521">
        <ele>773.989248</ele>
        <time>2025-06-16T00:08:36.419Z</time>
      </trkpt>
      <trkpt lat="50.707222" lon="13.840751">
        <ele>774.016249</ele>
        <time>2025-06-16T00:08:47.069Z</time>
      </trkpt>
      <trkpt lat="50.707336" lon="13.840167">
        <ele>774.037275</ele>
        <time>2025-06-16T00:08:55.608Z</time>
      </trkpt>
      <trkpt lat="50.707405" lon="13.839958">
        <ele>774.045384</ele>
        <time>2025-06-16T00:08:59.030Z</time>
      </trkpt>
      <trkpt lat="50.707778" lon="13.839261">
        <ele>774.574996</ele>
        <time>2025-06-16T00:09:12.931Z</time>
      </trkpt>
      <trkpt lat="50.707969" lon="13.838844">
        <ele>775.089943</ele>
        <time>2025-06-16T00:09:21.222Z</time>
      </trkpt>
      <trkpt lat="50.708239" lon="13.838440">
        <ele>775.677652</ele>
        <time>2025-06-16T00:09:31.141Z</time>
      </trkpt>
      <trkpt lat="50.708333" lon="13.838226">
        <ele>775.938245</ele>
        <time>2025-06-16T00:09:35.686Z</time>
      </trkpt>
      <trkpt lat="50.708436" lon="13.837891">
        <ele>776.310859</ele>
        <time>2025-06-16T00:09:42.327Z</time>
      </trkpt>
      <trkpt lat="50.708629" lon="13.837401">
        <ele>776.888241</ele>
        <time>2025-06-16T00:09:53.000Z</time>
      </trkpt>
      <trkpt lat="50.708944" lon="13.836133">
        <ele>779.987487</ele>
        <time>2025-06-16T00:10:20.767Z</time>
      </trkpt>
      <trkpt lat="50.709341" lon="13.835205">
        <ele>782.549140</ele>
        <time>2025-06-16T00:10:45.622Z</time>
      </trkpt>
      <trkpt lat="50.709676" lon="13.834781">
        <ele>783.915711</ele>
        <time>2025-06-16T00:11:00.578Z</time>
      </trkpt>
      <trkpt lat="50.710028" lon="13.834481">
        <ele>784.981543</ele>
        <time>2025-06-16T00:11:13.826Z</time>
      </trkpt>
      <trkpt lat="50.710254" lon="13.834074">
        <ele>785.894934</ele>
        <time>2025-06-16T00:11:24.470Z</time>
      </trkpt>
      <trkpt lat="50.710655" lon="13.833667">
        <ele>787.165112</ele>
        <time>2025-06-16T00:11:38.033Z</time>
      </trkpt>
      <trkpt lat="50.710938" lon="13.833246">
        <ele>788.198152</ele>
        <time>2025-06-16T00:11:48.131Z</time>
      </trkpt>
      <trkpt lat="50.711153" lon="13.832824">
        <ele>788.858503</ele>
        <time>2025-06-16T00:11:56.819Z</time>
      </trkpt>
      <trkpt lat="50.711672" lon="13.832087">
        <ele>790.202335</ele>
        <time>2025-06-16T00:12:15.157Z</time>
      </trkpt>
      <trkpt lat="50.712094" lon="13.831289">
        <ele>791.469885</ele>
        <time>2025-06-16T00:12:34.640Z</time>
      </trkpt>
      <trkpt lat="50.712210" lon="13.831137">
        <ele>791.855571</ele>
        <time>2025-06-16T00:12:39.271Z</time>
      </trkpt>
      <trkpt lat="50.712938" lon="13.830374">
        <ele>795.044411</ele>
        <time>2025-06-16T00:13:07.813Z</time>
      </trkpt>
      <trkpt lat="50.713056" lon="13.830195">
        <ele>795.641563</ele>
        <time>2025-06-16T00:13:13.457Z</time>
      </trkpt>
      <trkpt lat="50.713119" lon="13.830033">
        <ele>796.080913</ele>
        <time>2025-06-16T00:13:17.607Z</time>
      </trkpt>
      <trkpt lat="50.713259" lon="13.829772">
        <ele>796.871410</ele>
        <time>2025-06-16T00:13:25.132Z</time>
      </trkpt>
      <trkpt lat="50.713498" lon="13.829510">
        <ele>797.933229</ele>
        <time>2025-06-16T00:13:35.200Z</time>
      </trkpt>
      <trkpt lat="50.713826" lon="13.829289">
        <ele>799.281578</ele>
        <time>2025-06-16T00:13:47.514Z</time>
      </trkpt>
      <trkpt lat="50.713972" lon="13.829056">
        <ele>800.074028</ele>
        <time>2025-06-16T00:13:54.788Z</time>
      </trkpt>
      <trkpt lat="50.714195" lon="13.828782">
        <ele>801.152735</ele>
        <time>2025-06-16T00:14:04.855Z</time>
      </trkpt>
      <trkpt lat="50.714768" lon="13.827662">
        <ele>804.633604</ele>
        <time>2025-06-16T00:14:35.480Z</time>
      </trkpt>
      <trkpt lat="50.714968" lon="13.827147">
        <ele>805.552052</ele>
        <time>2025-06-16T00:14:47.473Z</time>
      </trkpt>
      <trkpt lat="50.715147" lon="13.826830">
        <ele>806.027320</ele>
        <time>2025-06-16T00:14:55.622Z</time>
      </trkpt>
      <trkpt lat="50.715640" lon="13.826220">
        <ele>807.134076</ele>
        <time>2025-06-16T00:15:13.182Z</time>
      </trkpt>
      <trkpt lat="50.715733" lon="13.825935">
        <ele>807.492830</ele>
        <time>2025-06-16T00:15:18.442Z</time>
      </trkpt>
      <trkpt lat="50.715851" lon="13.825672">
        <ele>807.853501</ele>
        <time>2025-06-16T00:15:23.581Z</time>
      </trkpt>
      <trkpt lat="50.716194" lon="13.825091">
        <ele>807.924436</ele>
        <time>2025-06-16T00:15:35.121Z</time>
      </trkpt>
      <trkpt lat="50.716790" lon="13.824289">
        <ele>806.944628</ele>
        <time>2025-06-16T00:15:51.208Z</time>
      </trkpt>
      <trkpt lat="50.717315" lon="13.823245">
        <ele>805.685232</ele>
        <time>2025-06-16T00:16:07.604Z</time>
      </trkpt>
      <trkpt lat="50.717515" lon="13.822949">
        <ele>804.782485</ele>
        <time>2025-06-16T00:16:12.778Z</time>
      </trkpt>
      <trkpt lat="50.718096" lon="13.822362">
        <ele>802.510838</ele>
        <time>2025-06-16T00:16:25.512Z</time>
      </trkpt>
      <trkpt lat="50.719009" lon="13.821201">
        <ele>798.349192</ele>
        <time>2025-06-16T00:16:46.551Z</time>
      </trkpt>
      <trkpt lat="50.719127" lon="13.820795">
        <ele>797.222645</ele>
        <time>2025-06-16T00:16:51.551Z</time>
      </trkpt>
      <trkpt lat="50.719214" lon="13.820380">
        <ele>796.120251</ele>
        <time>2025-06-16T00:16:56.436Z</time>
      </trkpt>
      <trkpt lat="50.719225" lon="13.819704">
        <ele>794.415002</ele>
        <time>2025-06-16T00:17:04.025Z</time>
      </trkpt>
      <trkpt lat="50.719472" lon="13.819216">
        <ele>792.880940</ele>
        <time>2025-06-16T00:17:11.145Z</time>
      </trkpt>
      <trkpt lat="50.719519" lon="13.818938">
        <ele>792.508718</ele>
        <time>2025-06-16T00:17:14.459Z</time>
      </trkpt>
      <trkpt lat="50.719739" lon="13.818431">
        <ele>791.713608</ele>
        <time>2025-06-16T00:17:21.644Z</time>
      </trkpt>
      <trkpt lat="50.719775" lon="13.818294">
        <ele>791.521727</ele>
        <time>2025-06-16T00:17:23.426Z</time>
      </trkpt>
      <trkpt lat="50.719798" lon="13.818046">
        <ele>791.197493</ele>
        <time>2025-06-16T00:17:26.435Z</time>
      </trkpt>
      <trkpt lat="50.719849" lon="13.817543">
        <ele>790.538526</ele>
        <time>2025-06-16T00:17:32.773Z</time>
      </trkpt>
      <trkpt lat="50.719931" lon="13.817293">
        <ele>790.174306</ele>
        <time>2025-06-16T00:17:36.385Z</time>
      </trkpt>
      <trkpt lat="50.719918" lon="13.817012">
        <ele>789.809839</ele>
        <time>2025-06-16T00:17:40.106Z</time>
      </trkpt>
      <trkpt lat="50.719830" lon="13.816514">
        <ele>789.285046</ele>
        <time>2025-06-16T00:17:47.133Z</time>
      </trkpt>
      <trkpt lat="50.719795" lon="13.815836">
        <ele>789.572556</ele>
        <time>2025-06-16T00:17:56.776Z</time>
      </trkpt>
      <trkpt lat="50.719812" lon="13.815642">
        <ele>789.655333</ele>
        <time>2025-06-16T00:17:59.820Z</time>
      </trkpt>
      <trkpt lat="50.720096" lon="13.814427">
        <ele>790.202738</ele>
        <time>2025-06-16T00:18:22.526Z</time>
      </trkpt>
      <trkpt lat="50.719821" lon="13.813821">
        <ele>790.097396</ele>
        <time>2025-06-16T00:18:34.253Z</time>
      </trkpt>
      <trkpt lat="50.719425" lon="13.813165">
        <ele>788.095893</ele>
        <time>2025-06-16T00:18:45.968Z</time>
      </trkpt>
      <trkpt lat="50.719291" lon="13.813134">
        <ele>787.623539</ele>
        <time>2025-06-16T00:18:48.524Z</time>
      </trkpt>
      <trkpt lat="50.718158" lon="13.813153">
        <ele>783.379516</ele>
        <time>2025-06-16T00:19:07.696Z</time>
      </trkpt>
      <trkpt lat="50.717684" lon="13.813019">
        <ele>780.729244</ele>
        <time>2025-06-16T00:19:15.626Z</time>
      </trkpt>
      <trkpt lat="50.716960" lon="13.812740">
        <ele>776.627583</ele>
        <time>2025-06-16T00:19:28.226Z</time>
      </trkpt>
      <trkpt lat="50.715939" lon="13.812406">
        <ele>772.896046</ele>
        <time>2025-06-16T00:19:46.766Z</time>
      </trkpt>
      <trkpt lat="50.715783" lon="13.812312">
        <ele>772.521395</ele>
        <time>2025-06-16T00:19:49.926Z</time>
      </trkpt>
      <trkpt lat="50.715686" lon="13.812282">
        <ele>772.299608</ele>
        <time>2025-06-16T00:19:51.813Z</time>
      </trkpt>
      <trkpt lat="50.715570" lon="13.812247">
        <ele>772.034615</ele>
        <time>2025-06-16T00:19:54.094Z</time>
      </trkpt>
      <trkpt lat="50.715766" lon="13.812106">
        <ele>771.551347</ele>
        <time>2025-06-16T00:19:56.518Z</time>
      </trkpt>
      <trkpt lat="50.715974" lon="13.811907">
        <ele>771.005673</ele>
        <time>2025-06-16T00:19:59.337Z</time>
      </trkpt>
      <trkpt lat="50.716152" lon="13.811663">
        <ele>770.476812</ele>
        <time>2025-06-16T00:20:02.249Z</time>
      </trkpt>
      <trkpt lat="50.716778" lon="13.809506">
        <ele>772.403103</ele>
        <time>2025-06-16T00:20:26.111Z</time>
      </trkpt>
      <trkpt lat="50.716977" lon="13.808959">
        <ele>773.020852</ele>
        <time>2025-06-16T00:20:35.555Z</time>
      </trkpt>
      <trkpt lat="50.717068" lon="13.808591">
        <ele>774.187404</ele>
        <time>2025-06-16T00:20:42.351Z</time>
      </trkpt>
      <trkpt lat="50.717510" lon="13.808325">
        <ele>776.403009</ele>
        <time>2025-06-16T00:21:00.747Z</time>
      </trkpt>
      <trkpt lat="50.717613" lon="13.808193">
        <ele>777.024323</ele>
        <time>2025-06-16T00:21:06.036Z</time>
      </trkpt>
      <trkpt lat="50.717716" lon="13.807916">
        <ele>777.977032</ele>
        <time>2025-06-16T00:21:14.205Z</time>
      </trkpt>
      <trkpt lat="50.718009" lon="13.807518">
        <ele>779.787251</ele>
        <time>2025-06-16T00:21:29.127Z</time>
      </trkpt>
      <trkpt lat="50.718093" lon="13.807259">
        <ele>780.650285</ele>
        <time>2025-06-16T00:21:35.715Z</time>
      </trkpt>
      <trkpt lat="50.718128" lon="13.806556">
        <ele>782.498917</ele>
        <time>2025-06-16T00:21:50.355Z</time>
      </trkpt>
      <trkpt lat="50.718097" lon="13.805739">
        <ele>784.470669</ele>
        <time>2025-06-16T00:22:06.199Z</time>
      </trkpt>
      <trkpt lat="50.718094" lon="13.804920">
        <ele>786.443741</ele>
        <time>2025-06-16T00:22:22.443Z</time>
      </trkpt>
      <trkpt lat="50.718130" lon="13.804522">
        <ele>787.412291</ele>
        <time>2025-06-16T00:22:30.982Z</time>
      </trkpt>
      <trkpt lat="50.718211" lon="13.804180">
        <ele>788.291955</ele>
        <time>2025-06-16T00:22:39.261Z</time>
      </trkpt>
      <trkpt lat="50.718352" lon="13.803776">
        <ele>790.500926</ele>
        <time>2025-06-16T00:22:50.567Z</time>
      </trkpt>
      <trkpt lat="50.718400" lon="13.802902">
        <ele>794.702459</ele>
        <time>2025-06-16T00:23:15.024Z</time>
      </trkpt>
      <trkpt lat="50.718437" lon="13.802615">
        <ele>796.105181</ele>
        <time>2025-06-16T00:23:23.899Z</time>
      </trkpt>
      <trkpt lat="50.718500" lon="13.802392">
        <ele>797.274684</ele>
        <time>2025-06-16T00:23:31.502Z</time>
      </trkpt>
      <trkpt lat="50.718698" lon="13.801879">
        <ele>800.152098</ele>
        <time>2025-06-16T00:23:50.389Z</time>
      </trkpt>
      <trkpt lat="50.719164" lon="13.801308">
        <ele>805.132200</ele>
        <time>2025-06-16T00:24:19.610Z</time>
      </trkpt>
      <trkpt lat="50.719281" lon="13.801039">
        <ele>806.993772</ele>
        <time>2025-06-16T00:24:29.774Z</time>
      </trkpt>
      <trkpt lat="50.719328" lon="13.800862">
        <ele>808.088585</ele>
        <time>2025-06-16T00:24:35.684Z</time>
      </trkpt>
      <trkpt lat="50.719337" lon="13.800527">
        <ele>810.001148</ele>
        <time>2025-06-16T00:24:46.083Z</time>
      </trkpt>
      <trkpt lat="50.719197" lon="13.800008">
        <ele>813.219035</ele>
        <time>2025-06-16T00:25:03.474Z</time>
      </trkpt>
      <trkpt lat="50.719191" lon="13.799874">
        <ele>813.985284</ele>
        <time>2025-06-16T00:25:07.626Z</time>
      </trkpt>
      <trkpt lat="50.719215" lon="13.799744">
        <ele>814.757689</ele>
        <time>2025-06-16T00:25:11.786Z</time>
      </trkpt>
      <trkpt lat="50.719351" lon="13.799484">
        <ele>816.681414</ele>
        <time>2025-06-16T00:25:22.156Z</time>
      </trkpt>
      <trkpt lat="50.719446" lon="13.799389">
        <ele>817.694421</ele>
        <time>2025-06-16T00:25:27.677Z</time>
      </trkpt>
      <trkpt lat="50.719746" lon="13.799242">
        <ele>820.987661</ele>
        <time>2025-06-16T00:25:43.366Z</time>
      </trkpt>
      <trkpt lat="50.719802" lon="13.799151">
        <ele>821.850019</ele>
        <time>2025-06-16T00:25:47.503Z</time>
      </trkpt>
      <trkpt lat="50.720020" lon="13.798206">
        <ele>828.684598</ele>
        <time>2025-06-16T00:26:21.484Z</time>
      </trkpt>
      <trkpt lat="50.720045" lon="13.798011">
        <ele>830.036577</ele>
        <time>2025-06-16T00:26:28.552Z</time>
      </trkpt>
      <trkpt lat="50.720035" lon="13.797267">
        <ele>835.093418</ele>
        <time>2025-06-16T00:26:55.662Z</time>
      </trkpt>
      <trkpt lat="50.720048" lon="13.796964">
        <ele>837.157116</ele>
        <time>2025-06-16T00:27:06.921Z</time>
      </trkpt>
      <trkpt lat="50.720090" lon="13.796783">
        <ele>838.563403</ele>
        <time>2025-06-16T00:27:14.125Z</time>
      </trkpt>
      <trkpt lat="50.720161" lon="13.796654">
        <ele>839.830561</ele>
        <time>2025-06-16T00:27:20.542Z</time>
      </trkpt>
      <trkpt lat="50.720538" lon="13.796241">
        <ele>845.202782</ele>
        <time>2025-06-16T00:27:47.978Z</time>
      </trkpt>
      <trkpt lat="50.720638" lon="13.796088">
        <ele>846.832975</ele>
        <time>2025-06-16T00:27:56.428Z</time>
      </trkpt>
      <trkpt lat="50.720852" lon="13.795602">
        <ele>851.221499</ele>
        <time>2025-06-16T00:28:19.167Z</time>
      </trkpt>
      <trkpt lat="50.721200" lon="13.795297">
        <ele>855.881587</ele>
        <time>2025-06-16T00:28:42.334Z</time>
      </trkpt>
      <trkpt lat="50.721373" lon="13.794951">
        <ele>858.754643</ele>
        <time>2025-06-16T00:28:57.254Z</time>
      </trkpt>
      <trkpt lat="50.721452" lon="13.794568">
        <ele>860.007991</ele>
        <time>2025-06-16T00:29:09.787Z</time>
      </trkpt>
      <trkpt lat="50.721542" lon="13.794275">
        <ele>861.021290</ele>
        <time>2025-06-16T00:29:19.090Z</time>
      </trkpt>
      <trkpt lat="50.721555" lon="13.794066">
        <ele>861.674717</ele>
        <time>2025-06-16T00:29:23.694Z</time>
      </trkpt>
      <trkpt lat="50.721536" lon="13.793839">
        <ele>862.387165</ele>
        <time>2025-06-16T00:29:28.358Z</time>
      </trkpt>
      <trkpt lat="50.721382" lon="13.792733">
        <ele>865.910697</ele>
        <time>2025-06-16T00:29:45.983Z</time>
      </trkpt>
      <trkpt lat="50.721228" lon="13.792340">
        <ele>867.302051</ele>
        <time>2025-06-16T00:29:50.869Z</time>
      </trkpt>
      <trkpt lat="50.721158" lon="13.791964">
        <ele>867.105953</ele>
        <time>2025-06-16T00:29:54.510Z</time>
      </trkpt>
      <trkpt lat="50.721164" lon="13.791028">
        <ele>866.637601</ele>
        <time>2025-06-16T00:30:02.562Z</time>
      </trkpt>
      <trkpt lat="50.721140" lon="13.790787">
        <ele>866.515534</ele>
        <time>2025-06-16T00:30:04.550Z</time>
      </trkpt>
      <trkpt lat="50.721014" lon="13.790150">
        <ele>866.181616</ele>
        <time>2025-06-16T00:30:09.919Z</time>
      </trkpt>
      <trkpt lat="50.721115" lon="13.789152">
        <ele>865.820074</ele>
        <time>2025-06-16T00:30:18.122Z</time>
      </trkpt>
      <trkpt lat="50.721178" lon="13.788414">
        <ele>865.701917</ele>
        <time>2025-06-16T00:30:24.419Z</time>
      </trkpt>
      <trkpt lat="50.721262" lon="13.788001">
        <ele>865.633088</ele>
        <time>2025-06-16T00:30:28.367Z</time>
      </trkpt>
      <trkpt lat="50.721344" lon="13.787596">
        <ele>865.565621</ele>
        <time>2025-06-16T00:30:32.515Z</time>
      </trkpt>
      <trkpt lat="50.721438" lon="13.787305">
        <ele>865.513785</ele>
        <time>2025-06-16T00:30:35.954Z</time>
      </trkpt>
      <trkpt lat="50.721527" lon="13.787096">
        <ele>865.473820</ele>
        <time>2025-06-16T00:30:38.804Z</time>
      </trkpt>
      <trkpt lat="50.721767" lon="13.786720">
        <ele>865.438842</ele>
        <time>2025-06-16T00:30:44.991Z</time>
      </trkpt>
      <trkpt lat="50.721865" lon="13.786523">
        <ele>865.441046</ele>
        <time>2025-06-16T00:30:47.853Z</time>
      </trkpt>
      <trkpt lat="50.722119" lon="13.786149">
        <ele>865.445871</ele>
        <time>2025-06-16T00:30:53.945Z</time>
      </trkpt>
      <trkpt lat="50.722301" lon="13.785819">
        <ele>865.449720</ele>
        <time>2025-06-16T00:30:58.560Z</time>
      </trkpt>
      <trkpt lat="50.722483" lon="13.785078">
        <ele>865.456711</ele>
        <time>2025-06-16T00:31:05.774Z</time>
      </trkpt>
      <trkpt lat="50.722652" lon="13.784121">
        <ele>864.872960</ele>
        <time>2025-06-16T00:31:13.876Z</time>
      </trkpt>
      <trkpt lat="50.723050" lon="13.781059">
        <ele>861.896669</ele>
        <time>2025-06-16T00:31:38.111Z</time>
      </trkpt>
      <trkpt lat="50.723069" lon="13.781009">
        <ele>861.889837</ele>
        <time>2025-06-16T00:31:38.579Z</time>
      </trkpt>
      <trkpt lat="50.723233" lon="13.780870">
        <ele>861.855396</ele>
        <time>2025-06-16T00:31:41.032Z</time>
      </trkpt>
      <trkpt lat="50.723642" lon="13.780610">
        <ele>861.773811</ele>
        <time>2025-06-16T00:31:47.287Z</time>
      </trkpt>
      <trkpt lat="50.723889" lon="13.780206">
        <ele>861.708015</ele>
        <time>2025-06-16T00:31:53.002Z</time>
      </trkpt>
      <trkpt lat="50.724171" lon="13.779991">
        <ele>861.677043</ele>
        <time>2025-06-16T00:31:58.548Z</time>
      </trkpt>
      <trkpt lat="50.724240" lon="13.779895">
        <ele>861.792606</ele>
        <time>2025-06-16T00:32:00.114Z</time>
      </trkpt>
      <trkpt lat="50.724270" lon="13.779795">
        <ele>861.880652</ele>
        <time>2025-06-16T00:32:01.317Z</time>
      </trkpt>
      <trkpt lat="50.724281" lon="13.779604">
        <ele>862.033246</ele>
        <time>2025-06-16T00:32:03.364Z</time>
      </trkpt>
      <trkpt lat="50.724294" lon="13.778940">
        <ele>862.561802</ele>
        <time>2025-06-16T00:32:10.225Z</time>
      </trkpt>
      <trkpt lat="50.724152" lon="13.777927">
        <ele>863.387307</ele>
        <time>2025-06-16T00:32:21.051Z</time>
      </trkpt>
      <trkpt lat="50.724061" lon="13.777071">
        <ele>864.027940</ele>
        <time>2025-06-16T00:32:31.147Z</time>
      </trkpt>
      <trkpt lat="50.724008" lon="13.776693">
        <ele>864.242002</ele>
        <time>2025-06-16T00:32:35.918Z</time>
      </trkpt>
      <trkpt lat="50.723956" lon="13.776421">
        <ele>864.399099</ele>
        <time>2025-06-16T00:32:39.430Z</time>
      </trkpt>
      <trkpt lat="50.723757" lon="13.774905">
        <ele>865.255130</ele>
        <time>2025-06-16T00:32:56.034Z</time>
      </trkpt>
      <trkpt lat="50.723720" lon="13.774297">
        <ele>865.246592</ele>
        <time>2025-06-16T00:33:00.848Z</time>
      </trkpt>
      <trkpt lat="50.723752" lon="13.773950">
        <ele>864.817857</ele>
        <time>2025-06-16T00:33:03.370Z</time>
      </trkpt>
      <trkpt lat="50.724007" lon="13.772234">
        <ele>862.662783</ele>
        <time>2025-06-16T00:33:24.470Z</time>
      </trkpt>
      <trkpt lat="50.723910" lon="13.771621">
        <ele>861.913950</ele>
        <time>2025-06-16T00:33:32.166Z</time>
      </trkpt>
      <trkpt lat="50.723804" lon="13.770397">
        <ele>860.699317</ele>
        <time>2025-06-16T00:33:47.897Z</time>
      </trkpt>
      <trkpt lat="50.723761" lon="13.769955">
        <ele>860.259644</ele>
        <time>2025-06-16T00:33:53.717Z</time>
      </trkpt>
      <trkpt lat="50.723722" lon="13.769820">
        <ele>860.113746</ele>
        <time>2025-06-16T00:33:55.687Z</time>
      </trkpt>
      <trkpt lat="50.723679" lon="13.769905">
        <ele>860.006769</ele>
        <time>2025-06-16T00:33:56.490Z</time>
      </trkpt>
      <trkpt lat="50.723722" lon="13.769820">
        <ele>859.899792</ele>
        <time>2025-06-16T00:33:57.321Z</time>
      </trkpt>
      <trkpt lat="50.724182" lon="13.768722">
        <ele>858.252201</ele>
        <time>2025-06-16T00:34:06.759Z</time>
      </trkpt>
      <trkpt lat="50.724218" lon="13.768686">
        <ele>858.147889</ele>
        <time>2025-06-16T00:34:07.231Z</time>
      </trkpt>
      <trkpt lat="50.724243" lon="13.768628">
        <ele>858.039138</ele>
        <time>2025-06-16T00:34:07.720Z</time>
      </trkpt>
      <trkpt lat="50.724424" lon="13.768149">
        <ele>857.174562</ele>
        <time>2025-06-16T00:34:11.505Z</time>
      </trkpt>
      <trkpt lat="50.724549" lon="13.767667">
        <ele>856.367279</ele>
        <time>2025-06-16T00:34:15.017Z</time>
      </trkpt>
      <trkpt lat="50.724665" lon="13.767004">
        <ele>855.301208</ele>
        <time>2025-06-16T00:34:19.588Z</time>
      </trkpt>
      <trkpt lat="50.724785" lon="13.766109">
        <ele>852.771583</ele>
        <time>2025-06-16T00:34:25.543Z</time>
      </trkpt>
      <trkpt lat="50.724829" lon="13.765523">
        <ele>850.764899</ele>
        <time>2025-06-16T00:34:29.160Z</time>
      </trkpt>
      <trkpt lat="50.724846" lon="13.765291">
        <ele>849.970708</ele>
        <time>2025-06-16T00:34:30.561Z</time>
      </trkpt>
      <trkpt lat="50.724888" lon="13.765099">
        <ele>849.279924</ele>
        <time>2025-06-16T00:34:31.759Z</time>
      </trkpt>
      <trkpt lat="50.724665" lon="13.764919">
        <ele>847.934708</ele>
        <time>2025-06-16T00:34:34.077Z</time>
      </trkpt>
      <trkpt lat="50.724412" lon="13.764561">
        <ele>846.110137</ele>
        <time>2025-06-16T00:34:37.162Z</time>
      </trkpt>
      <trkpt lat="50.724115" lon="13.763932">
        <ele>842.378450</ele>
        <time>2025-06-16T00:34:41.578Z</time>
      </trkpt>
      <trkpt lat="50.723675" lon="13.762809">
        <ele>835.096133</ele>
        <time>2025-06-16T00:34:48.764Z</time>
      </trkpt>
      <trkpt lat="50.723382" lon="13.761922">
        <ele>829.579342</ele>
        <time>2025-06-16T00:34:54.226Z</time>
      </trkpt>
      <trkpt lat="50.723299" lon="13.761561">
        <ele>828.025875</ele>
        <time>2025-06-16T00:34:56.338Z</time>
      </trkpt>
      <trkpt lat="50.723267" lon="13.761222">
        <ele>826.662752</ele>
        <time>2025-06-16T00:34:58.236Z</time>
      </trkpt>
      <trkpt lat="50.723267" lon="13.761021">
        <ele>825.863366</ele>
        <time>2025-06-16T00:34:59.357Z</time>
      </trkpt>
      <trkpt lat="50.723293" lon="13.760842">
        <ele>825.132977</ele>
        <time>2025-06-16T00:35:00.385Z</time>
      </trkpt>
      <trkpt lat="50.723445" lon="13.760345">
        <ele>822.937820</ele>
        <time>2025-06-16T00:35:03.533Z</time>
      </trkpt>
      <trkpt lat="50.724176" lon="13.758694">
        <ele>816.293380</ele>
        <time>2025-06-16T00:35:16.178Z</time>
      </trkpt>
      <trkpt lat="50.724454" lon="13.757874">
        <ele>814.145924</ele>
        <time>2025-06-16T00:35:22.255Z</time>
      </trkpt>
      <trkpt lat="50.724504" lon="13.757455">
        <ele>813.161575</ele>
        <time>2025-06-16T00:35:24.978Z</time>
      </trkpt>
      <trkpt lat="50.724469" lon="13.757251">
        <ele>812.673626</ele>
        <time>2025-06-16T00:35:26.311Z</time>
      </trkpt>
      <trkpt lat="50.724421" lon="13.757141">
        <ele>812.365192</ele>
        <time>2025-06-16T00:35:27.141Z</time>
      </trkpt>
      <trkpt lat="50.724355" lon="13.757068">
        <ele>812.071365</ele>
        <time>2025-06-16T00:35:27.942Z</time>
      </trkpt>
      <trkpt lat="50.724273" lon="13.756994">
        <ele>811.726966</ele>
        <time>2025-06-16T00:35:28.868Z</time>
      </trkpt>
      <trkpt lat="50.724175" lon="13.756975">
        <ele>811.513516</ele>
        <time>2025-06-16T00:35:29.827Z</time>
      </trkpt>
      <trkpt lat="50.724073" lon="13.757014">
        <ele>811.346286</ele>
        <time>2025-06-16T00:35:30.861Z</time>
      </trkpt>
      <trkpt lat="50.723926" lon="13.757149">
        <ele>811.075330</ele>
        <time>2025-06-16T00:35:32.549Z</time>
      </trkpt>
      <trkpt lat="50.723439" lon="13.758117">
        <ele>809.828019</ele>
        <time>2025-06-16T00:35:40.455Z</time>
      </trkpt>
      <trkpt lat="50.723398" lon="13.758051">
        <ele>809.734738</ele>
        <time>2025-06-16T00:35:41.632Z</time>
      </trkpt>
      <trkpt lat="50.723286" lon="13.757925">
        <ele>809.515629</ele>
        <time>2025-06-16T00:35:44.454Z</time>
      </trkpt>
      <trkpt lat="50.723051" lon="13.757808">
        <ele>809.122996</ele>
        <time>2025-06-16T00:35:49.879Z</time>
      </trkpt>
      <trkpt lat="50.722783" lon="13.757810">
        <ele>809.034620</ele>
        <time>2025-06-16T00:35:56.866Z</time>
      </trkpt>
      <trkpt lat="50.721594" lon="13.757731">
        <ele>816.984390</ele>
        <time>2025-06-16T00:36:45.945Z</time>
      </trkpt>
      <trkpt lat="50.721469" lon="13.757377">
        <ele>818.698637</ele>
        <time>2025-06-16T00:36:59.136Z</time>
      </trkpt>
      <trkpt lat="50.718827" lon="13.751681">
        <ele>856.511663</ele>
        <time>2025-06-16T00:40:54.277Z</time>
      </trkpt>
      <trkpt lat="50.715086" lon="13.743616">
        <ele>853.597545</ele>
        <time>2025-06-16T00:43:02.277Z</time>
      </trkpt>
      <trkpt lat="50.712502" lon="13.738053">
        <ele>843.557880</ele>
        <time>2025-06-16T00:44:25.260Z</time>
      </trkpt>
      <trkpt lat="50.711331" lon="13.735544">
        <ele>842.222312</ele>
        <time>2025-06-16T00:45:07.137Z</time>
      </trkpt>
      <trkpt lat="50.708907" lon="13.730326">
        <ele>841.355401</ele>
        <time>2025-06-16T00:46:44.948Z</time>
      </trkpt>
      <trkpt lat="50.707687" lon="13.727702">
        <ele>833.246547</ele>
        <time>2025-06-16T00:47:20.370Z</time>
      </trkpt>
      <trkpt lat="50.707393" lon="13.727562">
        <ele>831.705558</ele>
        <time>2025-06-16T00:47:23.269Z</time>
      </trkpt>
      <trkpt lat="50.706906" lon="13.727082">
        <ele>829.360574</ele>
        <time>2025-06-16T00:47:28.836Z</time>
      </trkpt>
      <trkpt lat="50.706397" lon="13.726434">
        <ele>826.794488</ele>
        <time>2025-06-16T00:47:35.372Z</time>
      </trkpt>
      <trkpt lat="50.706008" lon="13.725867">
        <ele>824.716755</ele>
        <time>2025-06-16T00:47:40.718Z</time>
      </trkpt>
      <trkpt lat="50.705424" lon="13.724666">
        <ele>821.366393</ele>
        <time>2025-06-16T00:47:50.482Z</time>
      </trkpt>
      <trkpt lat="50.704942" lon="13.723563">
        <ele>818.456195</ele>
        <time>2025-06-16T00:47:59.033Z</time>
      </trkpt>
      <trkpt lat="50.704862" lon="13.723350">
        <ele>817.943654</ele>
        <time>2025-06-16T00:48:00.625Z</time>
      </trkpt>
      <trkpt lat="50.704591" lon="13.722253">
        <ele>815.851653</ele>
        <time>2025-06-16T00:48:08.283Z</time>
      </trkpt>
      <trkpt lat="50.704452" lon="13.722043">
        <ele>815.311976</ele>
        <time>2025-06-16T00:48:10.292Z</time>
      </trkpt>
      <trkpt lat="50.704255" lon="13.721818">
        <ele>814.629911</ele>
        <time>2025-06-16T00:48:12.848Z</time>
      </trkpt>
      <trkpt lat="50.703845" lon="13.721485">
        <ele>813.336497</ele>
        <time>2025-06-16T00:48:17.853Z</time>
      </trkpt>
      <trkpt lat="50.703174" lon="13.721190">
        <ele>811.769449</ele>
        <time>2025-06-16T00:48:25.497Z</time>
      </trkpt>
      <trkpt lat="50.702960" lon="13.721044">
        <ele>811.270806</ele>
        <time>2025-06-16T00:48:28.065Z</time>
      </trkpt>
      <trkpt lat="50.702630" lon="13.720742">
        <ele>810.454952</ele>
        <time>2025-06-16T00:48:32.202Z</time>
      </trkpt>
      <trkpt lat="50.702499" lon="13.720577">
        <ele>810.096512</ele>
        <time>2025-06-16T00:48:34.004Z</time>
      </trkpt>
      <trkpt lat="50.702648" lon="13.720567">
        <ele>809.777517</ele>
        <time>2025-06-16T00:48:36.862Z</time>
      </trkpt>
      <trkpt lat="50.702499" lon="13.720577">
        <ele>809.458523</ele>
        <time>2025-06-16T00:48:39.722Z</time>
      </trkpt>
      <trkpt lat="50.702322" lon="13.720379">
        <ele>809.107948</ele>
        <time>2025-06-16T00:48:42.035Z</time>
      </trkpt>
      <trkpt lat="50.701717" lon="13.719883">
        <ele>808.624342</ele>
        <time>2025-06-16T00:48:49.692Z</time>
      </trkpt>
      <trkpt lat="50.701360" lon="13.719667">
        <ele>808.353122</ele>
        <time>2025-06-16T00:48:54.575Z</time>
      </trkpt>
      <trkpt lat="50.701025" lon="13.719565">
        <ele>808.111089</ele>
        <time>2025-06-16T00:48:59.639Z</time>
      </trkpt>
      <trkpt lat="50.700009" lon="13.719419">
        <ele>807.530792</ele>
        <time>2025-06-16T00:49:15.080Z</time>
      </trkpt>
      <trkpt lat="50.699430" lon="13.719352">
        <ele>807.236885</ele>
        <time>2025-06-16T00:49:22.056Z</time>
      </trkpt>
      <trkpt lat="50.699193" lon="13.719329">
        <ele>807.116676</ele>
        <time>2025-06-16T00:49:24.732Z</time>
      </trkpt>
      <trkpt lat="50.699068" lon="13.719278">
        <ele>807.051316</ele>
        <time>2025-06-16T00:49:26.200Z</time>
      </trkpt>
      <trkpt lat="50.698996" lon="13.719165">
        <ele>806.999920</ele>
        <time>2025-06-16T00:49:27.389Z</time>
      </trkpt>
      <trkpt lat="50.698855" lon="13.718723">
        <ele>806.977676</ele>
        <time>2025-06-16T00:49:30.957Z</time>
      </trkpt>
      <trkpt lat="50.698785" lon="13.717986">
        <ele>806.977676</ele>
        <time>2025-06-16T00:49:36.387Z</time>
      </trkpt>
      <trkpt lat="50.698773" lon="13.717881">
        <ele>806.977676</ele>
        <time>2025-06-16T00:49:37.196Z</time>
      </trkpt>
      <trkpt lat="50.698701" lon="13.717723">
        <ele>806.977676</ele>
        <time>2025-06-16T00:49:38.656Z</time>
      </trkpt>
      <trkpt lat="50.698753" lon="13.717615">
        <ele>806.977676</ele>
        <time>2025-06-16T00:49:40.095Z</time>
      </trkpt>
    </trkseg>
  </trk>
</gpx>